customer_tweet_id,customer_author_id,customer_created_at,customer_text,brand_tweet_id,brand_account,brand_created_at,brand_reply,brand_response_tweet_id
1000960,356973,Thu Oct 12 04:02:10 +0000 2017,@TwitterSupport @123765  As requested earlier Either delete that account or help me regaining access to my ID @34675,1000959,TwitterSupport,Thu Oct 12 04:17:09 +0000 2017,@356973 Thanks for getting in touch. Send us a message and we'll get started helping you out. https://t.co/5TkIRqD4sE,
1010638,359154,Sun Oct 22 20:39:55 +0000 2017,@TwitterSupport I need help with my account,1010637,TwitterSupport,Sun Oct 22 20:42:48 +0000 2017,@359154 Thanks for getting in touch. Send us a message and we'll get started helping you out. https://t.co/5TkIRqD4sE,
1010640,359155,Sun Oct 22 19:10:44 +0000 2017,@123765 @TwitterSupport need your help,1010639,TwitterSupport,Sun Oct 22 19:18:25 +0000 2017,"@359155 Hi there, we're here to help. Please send us a message and we can work on getting this sorted. https://t.co/5TkIRqD4sE",
1011513,359325,Sat Oct 14 12:19:41 +0000 2017,@TwitterSupport hi im new to twitter-but dont know if my tweets are getting thru-can you help?,1011512,TwitterSupport,Sat Oct 14 12:47:12 +0000 2017,"@359325 Hi there, we're here to help. Please send us a message and we can work on getting this sorted. https://t.co/5TkIRqD4sE",
1013646,359856,Thu Oct 12 10:50:36 +0000 2017,"@44443 
@TwitterSupport @784 
  He is using my personal info. 
https://t.co/Z53xf32Cse",1013644,TwitterSupport,Thu Oct 12 11:35:57 +0000 2017,@359856 We are here to help. Please send us a message and we'll get started looking into this for you. https://t.co/5TkIRqD4sE,1013645
1015472,360268,Sun Oct 22 17:33:51 +0000 2017,@TwitterSupport can you help me having problems logging in to another account ?,1015471,TwitterSupport,Sun Oct 22 17:40:05 +0000 2017,@360268 Thanks for getting in touch. Send us a message and we'll get started helping you out. https://t.co/5TkIRqD4sE,
1015474,360269,Sun Oct 22 17:15:19 +0000 2017,@TwitterSupport help,1015473,TwitterSupport,Sun Oct 22 17:16:12 +0000 2017,@360269 Thanks for getting in touch. Send us a message and we'll get started helping you out. https://t.co/5TkIRqD4sE,
1015476,360270,Sun Oct 22 17:09:22 +0000 2017,@TwitterSupport I’m being harassed https://t.co/gjxo1xCx4E,1015475,TwitterSupport,Sun Oct 22 17:10:39 +0000 2017,@360270 Thanks for getting in touch. Send us a message and we'll get started helping you out. https://t.co/5TkIRqD4sE,
1021523,361747,Sun Oct 22 22:52:19 +0000 2017,@TwitterSupport this account is doxxing and harassing https://t.co/Ff85N1JDuF,1021522,TwitterSupport,Sun Oct 22 22:56:21 +0000 2017,@361747 We are here to help. Please send us a message and we'll get started looking into this for you. https://t.co/5TkIRqD4sE,
1021525,361748,Sun Oct 22 22:27:39 +0000 2017,".@TwitterSupport Sir, this man👉@39937👈has been Target abusing women, sending Rape threats to them. Take a look at his timelines and stop him.",1021524,TwitterSupport,Sun Oct 22 22:31:05 +0000 2017,"@361748 Hi there, we're here to help. Please send us a message and we can work on getting this sorted. https://t.co/5TkIRqD4sE",
1021527,361749,Sun Oct 22 21:06:57 +0000 2017,@TwitterSupport I need help with something!,1021526,TwitterSupport,Sun Oct 22 21:07:50 +0000 2017,@361749 Thanks for getting in touch. Send us a message and we'll get started helping you out. https://t.co/5TkIRqD4sE,
1021529,361750,Sun Oct 22 20:50:36 +0000 2017,@TwitterSupport I need help,1021528,TwitterSupport,Sun Oct 22 21:05:42 +0000 2017,@361750 Thanks for getting in touch. Send us a message and we'll get started helping you out. https://t.co/5TkIRqD4sE,
1022465,361939,Sat Oct 14 16:12:56 +0000 2017,@361940 @TwitterSupport @12 Ban this racist.,1022464,TwitterSupport,Sat Oct 14 16:21:33 +0000 2017,"@361939 Hi, please send us a message and we'll look into this with you. https://t.co/5TkIRqD4sE",
1022469,361942,Sat Oct 14 15:20:22 +0000 2017,@TwitterSupport suspend @44843 he is a bully and a liar,1022468,TwitterSupport,Sat Oct 14 15:31:21 +0000 2017,@361942 Thanks for letting us know about this. Please send us a message and we can begin working on this issue. https://t.co/5TkIRqD4sE,
1023022,362079,Thu Oct 12 16:09:11 +0000 2017,"@TwitterSupport Hi, How can I reset my password?",1023021,TwitterSupport,Thu Oct 12 16:10:46 +0000 2017,"@362079 Hi, please send us a message and we'll look into this with you. https://t.co/5TkIRqD4sE",
1023024,362080,Thu Oct 12 14:37:58 +0000 2017,@TwitterSupport HI i am not able to login to my twitter account from my mobile whereas i am able to do the same from my desktop.,1023023,TwitterSupport,Thu Oct 12 14:51:30 +0000 2017,"@362080 Thanks for reaching out, we are happy to help. Please send us a message and we can get started. https://t.co/5TkIRqD4sE",
1023775,362261,Tue Oct 24 23:38:23 +0000 2017,@TwitterSupport Twitter Help,1023774,TwitterSupport,Tue Oct 24 23:39:55 +0000 2017,@362261 Thanks for getting in touch. Send us a message and we'll get started helping you out. https://t.co/eXwzpNPj8C,
1023777,362262,Tue Oct 24 23:13:17 +0000 2017,@TwitterSupport I’m being bullied https://t.co/vwWlF2nrhY,1023776,TwitterSupport,Tue Oct 24 23:15:19 +0000 2017,"@362262 Hi there, we're here to help. Please send us a message and we can work on getting this sorted. https://t.co/eXwzpNPj8C",
1023779,119334,Tue Oct 24 23:08:54 +0000 2017,@362263 Bot/troll. Reported to @TwitterSupport . Blocked .,1023778,TwitterSupport,Tue Oct 24 23:12:05 +0000 2017,"@119334 Hi there, we're here to help. Please send us a message and we can work on getting this sorted. https://t.co/eXwzpNPj8C",
1023782,362264,Tue Oct 24 22:38:46 +0000 2017,@twittersupport I'm being bullied please help!!!!,1023781,TwitterSupport,Tue Oct 24 22:46:31 +0000 2017,@362264 We are here to help. Please send us a message and we'll get started looking into this for you. https://t.co/eXwzpNPj8C,
1028008,363277,Mon Oct 23 00:07:40 +0000 2017,@363278 @363279 @44643 @TwitterSupport please suspend this persons account they're bullying me thank you.,1028007,TwitterSupport,Mon Oct 23 00:08:49 +0000 2017,@363277 Thanks for getting in touch. Send us a message and we'll get started helping you out. https://t.co/5TkIRqD4sE,
1028018,363280,Sun Oct 22 23:29:21 +0000 2017,@363281 @12 Pls @TwitterSupport @12 we are reporting this account @363282 for threatening people with hatred https://t.co/XnzYnzwAUX,1028017,TwitterSupport,Sun Oct 22 23:36:23 +0000 2017,@363280 We are here to help. Please send us a message and we'll get started looking into this for you. https://t.co/5TkIRqD4sE,
1030562,363832,Sun Oct 22 16:30:27 +0000 2017,@TwitterSupport I tweeted yesterday as well @TwitterSupport I would appreciate some help!,1030561,TwitterSupport,Mon Oct 23 03:45:08 +0000 2017,@363832 Thanks for letting us know about this. Please send us a message and we can begin working on this issue. https://t.co/5TkIRqD4sE,
1034173,364657,Mon Oct 23 05:44:36 +0000 2017,"@TwitterSupport please help me , I'm logged out of my other account @45284",1034172,TwitterSupport,Mon Oct 23 06:05:44 +0000 2017,@364657 Thanks for getting in touch. Send us a message and we'll get started helping you out. https://t.co/5TkIRqD4sE,
1034175,364658,Mon Oct 23 04:23:57 +0000 2017,@TwitterSupport I need help !!,1034174,TwitterSupport,Mon Oct 23 05:14:03 +0000 2017,@364658 Thanks for getting in touch. Send us a message and we'll get started helping you out. https://t.co/5TkIRqD4sE,
1034958,364823,Sat Oct 14 18:01:08 +0000 2017,"@TwitterSupport @123765 This person has been harassing me online 2two days now!His ID's R garthbrooks
       @48733",1034957,TwitterSupport,Sat Oct 14 18:01:52 +0000 2017,@364823 Thanks for getting in touch. Send us a message and we'll get started helping you out. https://t.co/5TkIRqD4sE,
1034960,364824,Sat Oct 14 17:34:18 +0000 2017,Everyone block and report and try get  @72704 suspended for harassment and bullying and hate speech.  @TwitterSupport help please https://t.co/6X7R2BSOEU,1034959,TwitterSupport,Sat Oct 14 17:36:36 +0000 2017,"@364824 Hi, please send us a message and we'll look into this with you. https://t.co/5TkIRqD4sE",
1034968,364825,Sat Oct 14 17:26:17 +0000 2017,i lost access to my previous account @45326 but someone seems to still be tweeting from it. please delete this account @TwitterSupport,1034967,TwitterSupport,Sat Oct 14 17:34:13 +0000 2017,"@364825 Hi, thanks for getting in touch. Please send us a message and we'll get started working through this. https://t.co/5TkIRqD4sE",
1034970,364826,Sat Oct 14 16:45:07 +0000 2017,@TwitterSupport this is literally the most annoying thing please help my poor soul,1034969,TwitterSupport,Sat Oct 14 16:46:17 +0000 2017,@364826 Thanks for getting in touch. Send us a message and we'll get started helping you out. https://t.co/5TkIRqD4sE,
1038463,365680,Mon Oct 23 02:04:40 +0000 2017,@TwitterSupport PLEASE HELP ME https://t.co/UPKIQLhJJc,1038462,TwitterSupport,Mon Oct 23 02:35:30 +0000 2017,@365680 Thanks for getting in touch. Send us a message and we'll get started helping you out. https://t.co/5TkIRqD4sE,
1038465,365681,Mon Oct 23 01:09:09 +0000 2017,@123765 @TwitterSupport I LOST ACCESS TO MY MAIN ACCOUNT! @45440 PLEASE HELP!,1038464,TwitterSupport,Mon Oct 23 02:10:07 +0000 2017,@365681 Thanks for getting in touch. Send us a message and we'll get started helping you out. https://t.co/5TkIRqD4sE,
1041062,366235,Thu Oct 12 20:12:52 +0000 2017,@366236 @36156 @TwitterSupport i am being bullied pls help😔😔😔😔😔😔😔😔😔😔😔😔😔,1041061,TwitterSupport,Thu Oct 12 20:14:09 +0000 2017,@366235 Thanks for getting in touch. Send us a message and we'll get started helping you out. https://t.co/5TkIRqD4sE,
1049722,368095,Mon Oct 23 06:34:13 +0000 2017,@TwitterSupport HELP,1049721,TwitterSupport,Mon Oct 23 06:56:44 +0000 2017,"@368095 Hi, please send us a message and we'll look into this with you. https://t.co/5TkIRqD4sE",
1049724,368096,Mon Oct 23 06:03:03 +0000 2017,@TwitterSupport i need help! My account @45269 got locked and I can't reset my password because I already forgot my email's password.,1049723,TwitterSupport,Mon Oct 23 06:25:41 +0000 2017,@368096 Thanks for getting in touch. Send us a message and we'll get started helping you out. https://t.co/5TkIRqD4sE,
1051862,368584,Sat Oct 14 19:23:03 +0000 2017,@TwitterSupport please look into this thread. Can you please help? https://t.co/zOgQI8GFT7,1051860,TwitterSupport,Sat Oct 14 19:27:09 +0000 2017,@368584 Thanks for letting us know about this. Please send us a message and we can begin working on this issue. https://t.co/5TkIRqD4sE,1051861
1051864,328686,Sat Oct 14 18:59:44 +0000 2017,@368585 @368586 this man is a liar and stalker @TwitterSupport @12,1051863,TwitterSupport,Sat Oct 14 19:13:15 +0000 2017,@328686 Thanks for getting in touch. Send us a message and we'll get started helping you out. https://t.co/5TkIRqD4sE,
1051913,368591,Sat Oct 14 18:56:02 +0000 2017,@TwitterSupport @10621 kindly take proper action against such threats.. https://t.co/nT43aJ7KZr,1051912,TwitterSupport,Sat Oct 14 18:56:58 +0000 2017,@368591 Thanks for getting in touch. Send us a message and we'll get started helping you out. https://t.co/5TkIRqD4sE,
1051915,368592,Sat Oct 14 18:47:01 +0000 2017,@368593 @18344 @TwitterSupport This profile harassed me earlier this week.  I asked him what it was like growing up in Russia.,1051914,TwitterSupport,Sat Oct 14 18:51:00 +0000 2017,"@368592 Hi there, we're here to help. Please send us a message and we can work on getting this sorted. https://t.co/5TkIRqD4sE",
1054296,369107,Fri Oct 13 03:02:57 +0000 2017,See this @TwitterSupport help me pls,1054295,TwitterSupport,Fri Oct 13 03:21:18 +0000 2017,@369107 Thanks for getting in touch. Send us a message and we'll get started helping you out. https://t.co/5TkIRqD4sE,
1064817,371397,Sat Oct 14 22:08:48 +0000 2017,@371398 @TwitterSupport Nah. SUPPORT HELP,1064816,TwitterSupport,Sat Oct 14 22:11:14 +0000 2017,@371397 Thanks for getting in touch. Send us a message and we'll get started helping you out. https://t.co/5TkIRqD4sE,
1064837,371402,Sat Oct 14 22:02:22 +0000 2017,@TwitterSupport I’m being sexually harassed https://t.co/SdTJYfTp7c,1064836,TwitterSupport,Sat Oct 14 22:06:04 +0000 2017,@371402 We are here to help. Please send us a message and we'll get started looking into this for you. https://t.co/5TkIRqD4sE,
1064839,371403,Sat Oct 14 21:41:54 +0000 2017,@371404 @123765 @TwitterSupport please suspend her we don’t condone this verbal abuse,1064838,TwitterSupport,Sat Oct 14 21:42:48 +0000 2017,@371403 Thanks for getting in touch. Send us a message and we'll get started helping you out. https://t.co/5TkIRqD4sE,
1064847,371407,Sat Oct 14 20:50:34 +0000 2017,@794 @12 account JamesFourM is personally threatening people and associated w/a number of banned accounts. Please delete,1064846,TwitterSupport,Sat Oct 14 20:55:10 +0000 2017,"@371407 Hi, please send us a message and we'll look into this with you. https://t.co/5TkIRqD4sE",
1064849,371408,Sat Oct 14 20:42:24 +0000 2017,@371409 @TwitterSupport please delete this account it is harassing me and everything I believe in.,1064848,TwitterSupport,Sat Oct 14 20:47:23 +0000 2017,"@371408 Hi, please send us a message and we'll look into this with you. https://t.co/5TkIRqD4sE",
1070875,372699,Mon Oct 23 15:15:59 +0000 2017,"@TwitterSupport Hi, I need help with recovering a password for a work account that I do not have the recovery details for. Thanks",1070874,TwitterSupport,Mon Oct 23 15:21:10 +0000 2017,@372699 Thanks for getting in touch. Send us a message and we'll get started helping you out. https://t.co/5TkIRqD4sE,
1077442,374192,Mon Oct 30 12:32:21 +0000 2017,Help @TwitterSupport,1077441,TwitterSupport,Mon Oct 30 12:34:23 +0000 2017,"@374192 Hi there, we're here to help. Please send us a message and we can work on getting this sorted. https://t.co/eXwzpNPj8C",
107829,139964,Thu Nov 23 16:14:19 +0000 2017,@139965 @139966 @6297 twitter he’s bullying me @twittersupport,107828,TwitterSupport,Thu Nov 23 16:18:44 +0000 2017,@139964 Thanks for getting in touch. Send us a message and we'll get started helping you out. https://t.co/eXwzpNPj8C,
107834,139967,Thu Nov 23 17:05:51 +0000 2017,@139968 @139969 @TwitterSupport im getting threats,107833,TwitterSupport,Thu Nov 23 17:11:52 +0000 2017,"@139967 Hi, thanks for getting in touch. Please send us a message and we'll get started working through this. https://t.co/eXwzpNPj8C",
107840,139970,Thu Nov 23 16:51:00 +0000 2017,@TwitterSupport I need help from twitter support,107839,TwitterSupport,Thu Nov 23 17:09:43 +0000 2017,@139970 We are here to help. Please send us a message and we'll get started looking into this for you. https://t.co/eXwzpNPj8C,
107843,264834,Wed Nov 22 10:57:03 +0000 2017,@TwitterSupport Need help please,609276,TwitterSupport,Wed Nov 22 11:28:40 +0000 2017,@264834 We are here to help. Please send us a message and we'll get started looking into this for you. https://t.co/eXwzpNPj8C,
107845,289206,Tue Oct 10 19:02:05 +0000 2017,@TwitterSupport I need help with my account,707787,TwitterSupport,Tue Oct 10 19:12:35 +0000 2017,@289206 We are here to help. Please send us a message and we'll get started looking into this for you. https://t.co/5TkIRqD4sE,
107849,293186,Wed Oct 11 02:19:16 +0000 2017,@TwitterSupport Hi I need help,723242,TwitterSupport,Wed Oct 11 02:30:47 +0000 2017,@293186 Thanks for getting in touch. Send us a message and we'll get started helping you out. https://t.co/5TkIRqD4sE,
107867,329148,Fri Oct 20 17:13:55 +0000 2017,@TwitterSupport I need help from a real person.,880821,TwitterSupport,Fri Oct 20 17:30:21 +0000 2017,"@329148 Hi there, we're here to help. Please send us a message and we can work on getting this sorted. https://t.co/5TkIRqD4sE",880822
107881,303269,Wed Oct 11 20:46:56 +0000 2017,@TwitterSupport Yeah it's only for things that you could already find in the Help Center. Where can I go to get actual help?,766844,TwitterSupport,Wed Oct 11 20:53:10 +0000 2017,@303269 Thanks for getting in touch. Send us a message and we'll get started helping you out. https://t.co/5TkIRqD4sE,
107883,371405,Sat Oct 14 21:02:33 +0000 2017,@TwitterSupport Please help,1064843,TwitterSupport,Sat Oct 14 21:05:38 +0000 2017,@371405 We are here to help. Please send us a message and we'll get started looking into this for you. https://t.co/5TkIRqD4sE,
107888,400839,Wed Oct 25 00:47:32 +0000 2017,@TwitterSupport Please help me,1195113,TwitterSupport,Wed Oct 25 00:53:09 +0000 2017,"@400839 Hi there, we're here to help. Please send us a message and we can work on getting this sorted. https://t.co/eXwzpNPj8C",
107893,429169,Fri Oct 27 10:14:10 +0000 2017,@TwitterSupport need some help,1324940,TwitterSupport,Fri Oct 27 10:40:49 +0000 2017,"@429169 Hi there, we're here to help. Please send us a message and we can work on getting this sorted. https://t.co/eXwzpNPj8C","1324941,1324942"
107918,348073,Sat Oct 21 23:50:36 +0000 2017,"@TwitterSupport Yes, help.  I think this account: @75618 Willie Bradford is someone impersonating a U.S. Army General and should be blocked/deleted.",961042,TwitterSupport,Sun Oct 22 00:16:54 +0000 2017,@348073 Thanks for getting in touch. Send us a message and we'll get started helping you out. https://t.co/5TkIRqUFRe,
107925,317518,Sun Nov 12 20:12:16 +0000 2017,@TwitterSupport I need help,829408,TwitterSupport,Sun Nov 12 20:17:24 +0000 2017,@317518 We are here to help. Please send us a message and we'll get started looking into this for you. https://t.co/eXwzpNPj8C,
107926,376931,Sat Nov 11 16:35:28 +0000 2017,@TwitterSupport I need help.,1089091,TwitterSupport,Sat Nov 11 16:39:04 +0000 2017,@376931 We are here to help. Please send us a message and we'll get started looking into this for you. https://t.co/eXwzpNPj8C,
107928,317508,Mon Nov 13 06:01:55 +0000 2017,@TwitterSupport are you guys able to help me?,829387,TwitterSupport,Mon Nov 13 07:14:33 +0000 2017,@317508 Thanks for getting in touch. Send us a message and we'll get started helping you out. https://t.co/eXwzpNPj8C,
107930,684391,Mon Nov 13 21:59:24 +0000 2017,@TwitterSupport I need help,2372071,TwitterSupport,Mon Nov 13 22:03:05 +0000 2017,"@684391 Hi there, we're here to help. Please send us a message and we can work on getting this sorted. https://t.co/eXwzpNPj8C",
107931,690995,Tue Nov 14 12:05:43 +0000 2017,@TwitterSupport I need help,2401709,TwitterSupport,Tue Nov 14 12:26:58 +0000 2017,"@690995 Hi, please send us a message and we'll look into this with you. https://t.co/eXwzpNPj8C",
107932,697173,Tue Nov 14 18:58:16 +0000 2017,@TwitterSupport Please help me with this.And what should I do.,2428149,TwitterSupport,Tue Nov 14 19:31:10 +0000 2017,"@697173 Hi, thanks for getting in touch. Please send us a message and we'll get started working through this. https://t.co/eXwzpNPj8C",
107934,713947,Wed Nov 15 16:49:03 +0000 2017,@TwitterSupport I need help.,2503272,TwitterSupport,Wed Nov 15 16:50:28 +0000 2017,@713947 We are here to help. Please send us a message and we'll get started looking into this for you. https://t.co/eXwzpNPj8C,
107935,739390,Fri Nov 17 12:03:07 +0000 2017,@TwitterSupport I need help.,2615768,TwitterSupport,Fri Nov 17 12:20:49 +0000 2017,"@739390 Hi, please send us a message and we'll look into this with you. https://t.co/eXwzpNPj8C",
107936,746204,Tue Oct 31 02:54:25 +0000 2017,@TwitterSupport Please help me support team,2644715,TwitterSupport,Tue Oct 31 03:25:44 +0000 2017,@746204 We are here to help. Please send us a message and we'll get started looking into this for you. https://t.co/eXwzpNPj8C,
107937,750267,Sat Nov 18 23:24:20 +0000 2017,"@TwitterSupport Hi, need help",2662015,TwitterSupport,Sat Nov 18 23:25:09 +0000 2017,"@750267 Hi there, we're here to help. Please send us a message and we can work on getting this sorted. https://t.co/eXwzpNPj8C",
107939,766345,Mon Nov 20 16:06:42 +0000 2017,@TwitterSupport I NEED HELP from TWITTER SUPPORT,2734204,TwitterSupport,Mon Nov 20 16:07:13 +0000 2017,@766345 Thanks for getting in touch. Send us a message and we'll get started helping you out. https://t.co/eXwzpNPj8C,
107940,779440,Tue Nov 21 17:44:02 +0000 2017,@TwitterSupport Hi! I need help!,2792918,TwitterSupport,Tue Nov 21 17:57:33 +0000 2017,"@779440 Hi, please send us a message and we'll look into this with you. https://t.co/eXwzpNPj8C",
107941,780526,Sun Nov 26 21:51:49 +0000 2017,@TwitterSupport I need help,2797396,TwitterSupport,Sun Nov 26 22:13:34 +0000 2017,"@780526 Hi there, we're here to help. Please send us a message and we can work on getting this sorted. https://t.co/eXwzpNPj8C",
107942,781681,Tue Nov 21 22:42:01 +0000 2017,@TwitterSupport I need help,2802160,TwitterSupport,Tue Nov 21 22:51:42 +0000 2017,"@781681 Hi there, we're here to help. Please send us a message and we can work on getting this sorted. https://t.co/eXwzpNPj8C",
107945,139971,Thu Nov 23 15:02:21 +0000 2017,.@123765 @TwitterSupport @129570  I am reporting the below account as it is promoting violence and possible personal injury and death. https://t.co/RqojwUYjpF,107944,TwitterSupport,Thu Nov 23 15:05:37 +0000 2017,@139971 We are here to help. Please send us a message and we'll get started looking into this for you. https://t.co/eXwzpNxIh4,
1081276,375062,Mon Oct 23 19:54:39 +0000 2017,@TwitterSupport this person won't stop harassing me and I'd like for her account to be suspended immediately. thank you. https://t.co/Cx4Ldi4ogb,1081275,TwitterSupport,Mon Oct 23 19:57:28 +0000 2017,@375062 Thanks for getting in touch. Send us a message and we'll get started helping you out. https://t.co/5TkIRqUFRe,
1081278,375063,Mon Oct 23 19:18:58 +0000 2017,@TwitterSupport help https://t.co/L2tnAH8DH8,1081277,TwitterSupport,Mon Oct 23 19:21:39 +0000 2017,@375063 Thanks for getting in touch. Send us a message and we'll get started helping you out. https://t.co/5TkIRqD4sE,
1081280,156816,Mon Oct 23 18:34:28 +0000 2017,help @TwitterSupport,1081279,TwitterSupport,Mon Oct 23 18:36:56 +0000 2017,@156816 Thanks for getting in touch. Send us a message and we'll get started helping you out. https://t.co/5TkIRqD4sE,
1081282,152722,Mon Oct 23 18:30:38 +0000 2017,@375064 @375065 @10283 @TwitterSupport this man is bullying me off how i spell and i wont tolerate it. suspend,1081281,TwitterSupport,Mon Oct 23 18:31:19 +0000 2017,"@152722 Hi, thanks for getting in touch. Please send us a message and we'll get started working through this. https://t.co/5TkIRqD4sE",
1082847,375424,Sun Oct 15 01:37:33 +0000 2017,@TwitterSupport I'm in desperate need for you help!,1082846,TwitterSupport,Sun Oct 15 01:42:38 +0000 2017,"@375424 Hi there, we're here to help. Please send us a message and we can work on getting this sorted. https://t.co/5TkIRqD4sE",
1082849,375425,Sun Oct 15 01:24:07 +0000 2017,@375426 I FEEL THREATENED @TwitterSupport HELP,1082848,TwitterSupport,Sun Oct 15 01:41:23 +0000 2017,@375425 We are here to help. Please send us a message and we'll get started looking into this for you. https://t.co/5TkIRqD4sE,
1082856,375427,Sun Oct 15 01:02:51 +0000 2017,@12 @TwitterSupport help me please https://t.co/llQA03lm8d,1082855,TwitterSupport,Sun Oct 15 01:36:12 +0000 2017,"@375427 Hi there, we're here to help. Please send us a message and we can work on getting this sorted. https://t.co/5TkIRqD4sE",
1084722,118211,Mon Oct 23 17:01:05 +0000 2017,Dear @123765 @TwitterSupport what is the direct steps i need to take if i have forgotten my twitter Email username?,1084721,TwitterSupport,Mon Oct 23 17:01:56 +0000 2017,"@118211 Hi, thanks for getting in touch. Please send us a message and we'll get started working through this. https://t.co/5TkIRqD4sE",
1089027,230980,Sun Nov 12 18:32:37 +0000 2017,"#HeyTwitter ...
They are threatening @230980.
Sie bedrohen uns.
@TwitterSupport @3338 https://t.co/CPmfaHemCU",1089026,TwitterSupport,Sun Nov 12 18:35:23 +0000 2017,"@230980 Hi, please send us a message and we'll look into this with you. https://t.co/eXwzpNPj8C",
1089054,376914,Sun Nov 12 17:36:00 +0000 2017,@TwitterSupport HELP ME https://t.co/bCXlq1TtbR,1089053,TwitterSupport,Sun Nov 12 17:39:29 +0000 2017,@376914 Thanks for letting us know about this! Please send us a message and we'll get started on helping you out. https://t.co/eXwzpNPj8C,
1089063,376918,Sun Nov 12 13:42:43 +0000 2017,"@TwitterSupport yo, little help?!",1089062,TwitterSupport,Sun Nov 12 14:06:35 +0000 2017,"@376918 Thanks for reaching out, we are happy to help. Please send us a message and we can get started. https://t.co/eXwzpNPj8C",
1089066,376919,Sun Nov 12 10:55:42 +0000 2017,@TwitterSupport Pleaseeeeeee help me!!!!!,1089065,TwitterSupport,Sun Nov 12 11:38:18 +0000 2017,"@376919 Hi there, we're here to help. Please send us a message and we can work on getting this sorted. https://t.co/eXwzpNPj8C",
1089068,376920,Sun Nov 12 06:27:43 +0000 2017,@TwitterSupport help me,1089067,TwitterSupport,Sun Nov 12 07:16:26 +0000 2017,@376920 Thanks for getting in touch. Send us a message and we'll get started helping you out. https://t.co/eXwzpNPj8C,
1089070,376921,Sun Nov 12 05:47:49 +0000 2017,@TwitterSupport this user just bullied me due to my sexual orientation https://t.co/5mSzOSqhU2,1089069,TwitterSupport,Sun Nov 12 05:54:42 +0000 2017,@376921 Thanks for getting in touch. Send us a message and we'll get started helping you out. https://t.co/eXwzpNPj8C,
1089072,376922,Sun Nov 12 03:34:39 +0000 2017,@TwitterSupport I need help with an issue,1089071,TwitterSupport,Sun Nov 12 03:43:34 +0000 2017,@376922 Thanks for getting in touch. Send us a message and we'll get started helping you out. https://t.co/eXwzpNPj8C,
1089074,376923,Sun Nov 12 02:28:15 +0000 2017,@12 @TwitterSupport @123765 please help https://t.co/JR5iAKipcD,1089073,TwitterSupport,Sun Nov 12 02:55:05 +0000 2017,"@47137 Hi there, we're here to help. Please send us a message and we can work on getting this sorted. https://t.co/eXwzpNPj8C",
1089076,376924,Sun Nov 12 02:21:35 +0000 2017,i’m so lost not being on my main account can @TwitterSupport please please please help / sort this out!,1089075,TwitterSupport,Sun Nov 12 02:48:06 +0000 2017,"@376924 Hi there, we're here to help. Please send us a message and we can work on getting this sorted. https://t.co/eXwzpNPj8C",
1089078,376925,Sat Nov 11 20:06:00 +0000 2017,@376926 @TwitterSupport help me,1089077,TwitterSupport,Sat Nov 11 20:20:49 +0000 2017,"@376925 Thanks for reaching out, we are happy to help. Please send us a message and we can get started. https://t.co/eXwzpNPj8C",
1089082,376927,Sat Nov 11 19:35:43 +0000 2017,@TwitterSupport can you take down @91654 for harassing @91655 his profile was made just to harass Tim.,1089081,TwitterSupport,Sat Nov 11 19:51:48 +0000 2017,"@376927 Hi there, we're here to help. Please send us a message and we can work on getting this sorted. https://t.co/eXwzpNPj8C",
1089088,376930,Sat Nov 11 19:40:32 +0000 2017,@TwitterSupport can you take down @91654 for harassing @91655 his profile was made just to harass Tim.,1089087,TwitterSupport,Sat Nov 11 19:44:10 +0000 2017,"@376930 Hi, please send us a message and we'll look into this with you. https://t.co/eXwzpNPj8C",
1089090,317519,Sat Nov 11 18:08:46 +0000 2017,I Need your help IMMEDIATELY @TwitterSupport bullying is occurring. Let's end this before it gets out of control https://t.co/vOWRx7DdeM,1089089,TwitterSupport,Sat Nov 11 18:11:05 +0000 2017,"@317519 Hi, please send us a message and we'll look into this with you. https://t.co/eXwzpNPj8C",
1089093,376932,Sat Nov 11 16:21:50 +0000 2017,@129570 Please review @91658 account. He was harassed and took his own life. @TwitterSupport Please take the offenders off-line.,1089092,TwitterSupport,Sat Nov 11 16:26:00 +0000 2017,@376932 Thanks for getting in touch. Send us a message and we'll get started helping you out. https://t.co/eXwzpNPj8C,
1089095,376933,Sat Nov 11 16:19:11 +0000 2017,@376934 It’s a violation on twitter to post personal information @129570 @TwitterSupport,1089094,TwitterSupport,Sat Nov 11 16:23:30 +0000 2017,@376933 Thanks for getting in touch. Send us a message and we'll get started helping you out. https://t.co/eXwzpNPj8C,
1089100,376937,Sat Nov 11 15:52:33 +0000 2017,@TwitterSupport hi I need your help so much,1089099,TwitterSupport,Sat Nov 11 16:00:40 +0000 2017,"@376937 Hi, please send us a message and we'll look into this with you. https://t.co/eXwzpNPj8C",
1089102,376938,Sat Nov 11 14:28:31 +0000 2017,Hey @TwitterSupport I need your help on an brand impersonation issue.,1089101,TwitterSupport,Sat Nov 11 15:11:31 +0000 2017,"@376938 Hi there, we're here to help. Please send us a message and we can work on getting this sorted. https://t.co/eXwzpNPj8C",
1091096,377436,Mon Oct 23 22:07:28 +0000 2017,@TwitterSupport Can you help,1091095,TwitterSupport,Mon Oct 23 22:09:57 +0000 2017,@377436 Thanks for getting in touch. Send us a message and we'll get started helping you out. https://t.co/eXwzpNPj8C,
1091098,377437,Mon Oct 23 22:01:28 +0000 2017,@TwitterSupport i need help,1091097,TwitterSupport,Mon Oct 23 22:02:35 +0000 2017,"@377437 Hi there, we're here to help. Please send us a message and we can work on getting this sorted. https://t.co/eXwzpNPj8C",
1091100,377438,Mon Oct 23 21:53:36 +0000 2017,"hi @123765 @TwitterSupport user @47210 is bullying me and i cant block her because she has other accounts, can you please suspend her?",1091099,TwitterSupport,Mon Oct 23 21:54:25 +0000 2017,@377438 Thanks for getting in touch. Send us a message and we'll get started helping you out. https://t.co/eXwzpNPj8C,
1091102,377439,Mon Oct 23 21:47:55 +0000 2017,@TwitterSupport i am constantly being harrassed by this user. 🐱 https://t.co/CSguFRQ1uv,1091101,TwitterSupport,Mon Oct 23 21:51:28 +0000 2017,@377439 Thanks for getting in touch. Send us a message and we'll get started helping you out. https://t.co/eXwzpNPj8C,
1091265,377475,Sun Oct 15 03:33:51 +0000 2017,@377476 @1540 Hello @794 I'm being abused by this horrifying intimidating person plz help https://t.co/wDRBe9HllT,1091264,TwitterSupport,Sun Oct 15 03:36:14 +0000 2017,"@377475 Hi, please send us a message and we'll look into this with you. https://t.co/5TkIRqD4sE",
1091269,189016,Sun Oct 15 02:50:30 +0000 2017,@TwitterSupport Can you pls hep me?,1091268,TwitterSupport,Sun Oct 15 03:07:41 +0000 2017,@189016 We are here to help. Please send us a message and we'll get started looking into this for you. https://t.co/5TkIRqD4sE,
1096756,378803,Mon Oct 23 21:20:22 +0000 2017,@TwitterSupport please help!,1096753,TwitterSupport,Mon Oct 23 21:21:25 +0000 2017,@378803 Thanks for getting in touch. Send us a message and we'll get started helping you out. https://t.co/eXwzpNPj8C,"1096754,1096755"
1096760,378805,Mon Oct 23 20:53:20 +0000 2017,@TwitterSupport can u help me ?,1096759,TwitterSupport,Mon Oct 23 20:54:31 +0000 2017,@378805 Thanks for getting in touch. Send us a message and we'll get started helping you out. https://t.co/5TkIRqD4sE,
1096762,378806,Mon Oct 23 20:47:38 +0000 2017,@378807 Is this how Christian Patriots harass people on Twitter? @TwitterSupport,1096761,TwitterSupport,Mon Oct 23 20:51:33 +0000 2017,@378806 Thanks for letting us know. Please send us a message and we'll work on getting this resolved for you. https://t.co/5TkIRqD4sE,
1096773,378809,Mon Oct 23 20:04:56 +0000 2017,New account made to insult women: @47381 @TwitterSupport,1096772,TwitterSupport,Mon Oct 23 20:34:58 +0000 2017,@378809 Thanks for getting in touch. Send us a message and we'll get started helping you out. https://t.co/5TkIRqD4sE,
1097197,378906,Fri Oct 13 20:06:59 +0000 2017,"Hey @TwitterSupport I'm feeling kind of blue today, can you help me out with some support?",1097196,TwitterSupport,Fri Oct 13 20:12:08 +0000 2017,@378906 Thanks for getting in touch. Send us a message and we'll get started helping you out. https://t.co/5TkIRqD4sE,
1106443,381128,Mon Apr 27 05:46:56 +0000 2015,@794 I am having trouble viewing content. I keep getting a content is not available message on half the videos I try to watch.,1106438,TwitterSupport,Mon Apr 27 18:44:07 +0000 2015,"@381128 Would you mind sharing your screenshot with the issue? Also, please let me know your device name and OS version. Thanks.","1106439,1106440,1106441,1106442"
1109102,381747,Tue Oct 24 00:08:23 +0000 2017,"@381753 @381754 Doxxing is against Twitter's ToS.

@TwitterSupport",1109100,TwitterSupport,Tue Oct 24 00:10:36 +0000 2017,@381747 Thanks for letting us know about this! Please send us a message and we'll get started on helping you out. https://t.co/eXwzpNPj8C,1109101
1113628,382832,Tue Oct 24 01:47:03 +0000 2017,@TwitterSupport I would really appreciate some help now,1113627,TwitterSupport,Tue Oct 24 02:02:37 +0000 2017,@382832 Thanks for letting us know about this. Please send us a message and we can begin working on this issue. https://t.co/eXwzpNPj8C,
1113630,382833,Tue Oct 24 01:34:18 +0000 2017,@TwitterSupport help,1113629,TwitterSupport,Tue Oct 24 01:59:08 +0000 2017,"@382833 Hi there, we're here to help. Please send us a message and we can work on getting this sorted. https://t.co/eXwzpNPj8C",
1113632,382834,Tue Oct 24 01:23:54 +0000 2017,@TwitterSupport pls help,1113631,TwitterSupport,Tue Oct 24 01:56:49 +0000 2017,@382834 Thanks for getting in touch. Send us a message and we'll get started helping you out. https://t.co/eXwzpNPj8C,
1113635,382835,Tue Oct 24 01:13:31 +0000 2017,My old Twitter from 3 years ago I lost the email I want it deleted it so bad @123765 @TwitterSupport  can you please delete my account https://t.co/YFjHlVlFaT,1113634,TwitterSupport,Tue Oct 24 01:55:32 +0000 2017,"@382835 Hi, thanks for getting in touch. Please send us a message and we'll get started working through this. https://t.co/eXwzpNPj8C",
1113637,382836,Tue Oct 24 00:57:53 +0000 2017,@TwitterSupport Please help,1113636,TwitterSupport,Tue Oct 24 01:52:11 +0000 2017,@382836 Thanks for getting in touch. Send us a message and we'll get started helping you out. https://t.co/eXwzpNPj8C,
1113639,382837,Tue Oct 24 00:47:54 +0000 2017,Bro omg please leave me alone @TwitterSupport get him please I’m being harassed I’m literally shaking https://t.co/sH2cPlt5vK,1113638,TwitterSupport,Tue Oct 24 01:38:28 +0000 2017,"@382837 Hi there, we're here to help. Please send us a message and we can work on getting this sorted. https://t.co/eXwzpNPj8C",
1117613,383702,Tue Oct 24 03:40:13 +0000 2017,@TwitterSupport there are too many fake accounts being made either impersonating or fan accounts of my artist @383703 can you help?,1117612,TwitterSupport,Tue Oct 24 03:50:07 +0000 2017,@383702 Thanks for getting in touch. Send us a message and we'll get started helping you out. https://t.co/eXwzpNPj8C,
1141176,316108,Sun Oct 15 14:10:33 +0000 2017,@388621 @TwitterSupport help,1141175,TwitterSupport,Sun Oct 15 14:30:34 +0000 2017,@316108 Thanks for getting in touch. Send us a message and we'll get started helping you out. https://t.co/5TkIRqD4sE,
1144941,389471,Tue Oct 24 12:25:45 +0000 2017,@TwitterSupport @TwitterSupport Please help 😫,1144940,TwitterSupport,Tue Oct 24 12:32:05 +0000 2017,"@389471 Hi there, we're here to help. Please send us a message and we can work on getting this sorted. https://t.co/eXwzpNPj8C",
1150515,390736,Sat Oct 14 23:57:53 +0000 2017,Abuse @TwitterSupport https://t.co/2KTN1jxXwa,1150514,TwitterSupport,Sun Oct 15 00:05:06 +0000 2017,@390736 Thanks for getting in touch. Send us a message and we'll get started helping you out. https://t.co/5TkIRqD4sE,
11509,118209,Wed Nov 01 00:39:42 +0000 2017,@TwitterSupport I’ve gotten locked out of my personal account and I want to get back into it I need help,11508,TwitterSupport,Wed Nov 01 00:56:39 +0000 2017,@118209 We are here to help. Please send us a message and we'll get started looking into this for you. https://t.co/eXwzpNPj8C,
11511,118210,Wed Nov 01 00:52:00 +0000 2017,@TwitterSupport need your help guys,11510,TwitterSupport,Wed Nov 01 00:54:51 +0000 2017,@118210 Thanks for getting in touch. Send us a message and we'll get started helping you out. https://t.co/eXwzpNPj8C,
11513,118211,Tue Oct 31 23:36:11 +0000 2017,@TwitterSupport help me!!!!! ASAP Pleaseeee,11512,TwitterSupport,Tue Oct 31 23:46:24 +0000 2017,"@118211 Hi, please send us a message and we'll look into this with you. https://t.co/eXwzpNPj8C",
11515,118212,Tue Oct 31 23:26:24 +0000 2017,@118213 Hi @TwitterSupport please can u delete this account I am being harassed x,11514,TwitterSupport,Tue Oct 31 23:30:43 +0000 2017,"@118212 Hi, thanks for getting in touch. Please send us a message and we'll get started working through this. https://t.co/eXwzpNPj8C",
11524,118214,Tue Oct 31 23:11:58 +0000 2017,@794 This person has violated my personal privacy by publishing a home address.  She has two accounts @795&amp; @789,11523,TwitterSupport,Tue Oct 31 23:26:24 +0000 2017,@118214 We are here to help. Please send us a message and we'll get started looking into this for you. https://t.co/eXwzpNPj8C,
1154936,391697,Sun Oct 15 17:53:00 +0000 2017,@TwitterSupport i need help accessing my account ?,1154933,TwitterSupport,Sun Oct 15 17:54:33 +0000 2017,"@391697 Hi there, we're here to help. Please send us a message and we can work on getting this sorted. https://t.co/5TkIRqD4sE","1154934,1154935"
1154938,391698,Sun Oct 15 17:30:25 +0000 2017,@TwitterSupport So i want to report her thanks for the help,1154937,TwitterSupport,Sun Oct 15 17:34:14 +0000 2017,@391698 Thanks for getting in touch. Send us a message and we'll get started helping you out. https://t.co/5TkIRqD4sE,
1154941,391699,Sun Oct 15 16:41:04 +0000 2017,@TwitterSupport Any help? @TwitterSupport,1154940,TwitterSupport,Sun Oct 15 16:42:09 +0000 2017,@391699 Thanks for getting in touch. Send us a message and we'll get started helping you out. https://t.co/5TkIRqUFRe,
1154945,391700,Sun Oct 15 16:28:15 +0000 2017,@391701 @49452 @TwitterSupport Oh nooo! @TwitterSupport help!,1154944,TwitterSupport,Sun Oct 15 16:31:46 +0000 2017,@391700 Thanks for getting in touch. Send us a message and we'll get started helping you out. https://t.co/5TkIRqD4sE,
1160369,392998,Tue Oct 24 15:48:14 +0000 2017,@TwitterSupport Someone created a Twitter account to impersonate the company I work for. How can we get it removed?,1160368,TwitterSupport,Tue Oct 24 15:51:29 +0000 2017,@392998 Thanks for getting in touch. Send us a message and we'll get started helping you out. https://t.co/eXwzpNPj8C,
1166488,394387,Sun Oct 15 19:01:54 +0000 2017,❗️@129570 @TwitterSupport @12 Please suspend user 👉@/xm0d3 👈 Suspended three times for using reporting bots and making THREATS https://t.co/AUVTiymdEj,1166487,TwitterSupport,Sun Oct 15 19:14:00 +0000 2017,"@394387 Hi, please send us a message and we'll look into this with you. https://t.co/5TkIRqD4sE",
1166490,394388,Sun Oct 15 19:01:15 +0000 2017,this post RIGHT HERE look!! @twittersupport help!! https://t.co/9LcqHBXUF9,1166489,TwitterSupport,Sun Oct 15 19:11:51 +0000 2017,@394388 We are here to help. Please send us a message and we'll get started looking into this for you. https://t.co/5TkIRqD4sE,
1166543,394399,Sun Oct 15 18:37:50 +0000 2017,@394400 @394401 @TwitterSupport @48126 He needs a bit of help.,1166542,TwitterSupport,Sun Oct 15 18:41:49 +0000 2017,@394399 We are here to help. Please send us a message and we'll get started looking into this for you. https://t.co/5TkIRqD4sE,
1166553,394402,Sun Oct 15 18:24:13 +0000 2017,@TwitterSupport help,1166552,TwitterSupport,Sun Oct 15 18:26:22 +0000 2017,"@394402 Hi there, we're here to help. Please send us a message and we can work on getting this sorted. https://t.co/5TkIRqD4sE",
1166565,394405,Sun Oct 15 18:17:16 +0000 2017,@394406 @TwitterSupport i’m being bullied,1166564,TwitterSupport,Sun Oct 15 18:19:41 +0000 2017,"@394405 Hi, please send us a message and we'll look into this with you. https://t.co/5TkIRqD4sE",
1167420,360619,Tue Oct 24 18:17:04 +0000 2017,Kidnap? K. Hey @123765 @TwitterSupport @12 I got a troll who suggested kidnapping https://t.co/Zgg7TZgYuO,1167419,TwitterSupport,Tue Oct 24 18:19:29 +0000 2017,"@360619 Hi there, we're here to help. Please send us a message and we can work on getting this sorted. https://t.co/eXwzpNPj8C",
1167422,394583,Tue Oct 24 18:15:36 +0000 2017,@TwitterSupport please suspend @394584 he’s harassing me 😓,1167421,TwitterSupport,Tue Oct 24 18:17:20 +0000 2017,"@394583 Thanks for reaching out, we are happy to help. Please send us a message and we can get started. https://t.co/eXwzpNPj8C",
1167425,382832,Tue Oct 24 18:11:20 +0000 2017,@TwitterSupport help me please,1167424,TwitterSupport,Tue Oct 24 18:13:00 +0000 2017,"@382832 Hi there, we're here to help. Please send us a message and we can work on getting this sorted. https://t.co/eXwzpNPj8C",
1167430,394585,Tue Oct 24 17:15:14 +0000 2017,Hello @123765  this &gt;&gt; @49739 is a parody impersonating me. Suspend it.  Cc @TwitterSupport,1167429,TwitterSupport,Tue Oct 24 17:23:37 +0000 2017,"@394585 Hi, thanks for getting in touch. Please send us a message and we'll get started working through this. https://t.co/eXwzpNPj8C",
1167433,394584,Tue Oct 24 16:44:56 +0000 2017,@TwitterSupport please suspend @65913 he’s harassing me,1167432,TwitterSupport,Tue Oct 24 16:47:37 +0000 2017,"@394584 Hi there, we're here to help. Please send us a message and we can work on getting this sorted. https://t.co/eXwzpNPj8C",
1174712,396300,Tue Oct 24 20:15:09 +0000 2017,@twittersupport Look! Racism and sexism. Your thoughts? @12 https://t.co/NEnIT5IqRN,1174711,TwitterSupport,Tue Oct 24 20:22:07 +0000 2017,@396300 We are here to help. Please send us a message and we'll get started looking into this for you. https://t.co/eXwzpNPj8C,
1174714,396301,Tue Oct 24 20:19:23 +0000 2017,"@TwitterSupport I need ur help, I cant log in my main account 😐😐😐",1174713,TwitterSupport,Tue Oct 24 20:21:37 +0000 2017,"@396301 Hi, thanks for getting in touch. Please send us a message and we'll get started working through this. https://t.co/eXwzpNPj8C",
1174716,396302,Tue Oct 24 19:59:15 +0000 2017,@14520 I've seen your threats you made against another user and it's unacceptable. I'll be asking @TwitterSupport @123765 to fix.,1174715,TwitterSupport,Tue Oct 24 20:07:50 +0000 2017,"@396302 Hi there, we're here to help. Please send us a message and we can work on getting this sorted. https://t.co/eXwzpNPj8C",
1174718,396303,Tue Oct 24 19:44:58 +0000 2017,@TwitterSupport new account so I can contact u about my old one which is connected to old email address which I can no longer access! Help,1174717,TwitterSupport,Tue Oct 24 19:54:57 +0000 2017,@396303 Thanks for getting in touch. Send us a message and we'll get started helping you out. https://t.co/eXwzpNPj8C,
1174722,396305,Tue Oct 24 19:10:35 +0000 2017,@TwitterSupport Hi. Any insight on how to address this issue?,1174721,TwitterSupport,Tue Oct 24 19:26:00 +0000 2017,@396305 Thanks for getting in touch. Send us a message and we'll get started helping you out. https://t.co/eXwzpNPj8C,
1180037,397517,Sun Oct 15 20:28:54 +0000 2017,"@123765 @TwitterSupport Hope you'll reconsider request &amp; find these tweets meet criteria for ""abusive"". At the very least, offensive. https://t.co/6t3aoHWhxj",1180036,TwitterSupport,Sun Oct 15 20:38:53 +0000 2017,"@397517 Hi, thanks for getting in touch. Please send us a message and we'll get started working through this. https://t.co/5TkIRqD4sE",
1183259,398243,Sun Oct 15 18:20:47 +0000 2017,@398244 @398245 @398246 Hello @TwitterSupport I'm being cyber bullied please help,1183258,TwitterSupport,Sun Oct 15 18:26:09 +0000 2017,@398243 We are here to help. Please send us a message and we'll get started looking into this for you. https://t.co/5TkIRqD4sE,
1190750,399871,Wed Oct 25 06:19:57 +0000 2017,Hey @TwitterSupport @12 this guy  -&gt;@399872 is harrasing me on both Twitter and Facebook for saying I experienced racist abuse.,1190749,TwitterSupport,Wed Oct 25 06:24:08 +0000 2017,@399871 Thanks for getting in touch. Send us a message and we'll get started helping you out. https://t.co/eXwzpNPj8C,
1191757,400104,Sun Oct 15 21:30:48 +0000 2017,@12 @TwitterSupport @123765  You just announced new rules. This is a hate post meant to incite violence and is offensive. Please suspend this posted https://t.co/YoPBEakLDP,1191756,TwitterSupport,Sun Oct 15 21:35:55 +0000 2017,"@400104 Hi, please send us a message and we'll look into this with you. https://t.co/5TkIRqD4sE",
1198260,401533,Wed Oct 25 02:59:54 +0000 2017,@TwitterSupport help plzzzz,1198259,TwitterSupport,Wed Oct 25 03:32:16 +0000 2017,@401533 Thanks for letting us know about this. Please send us a message and we can begin working on this issue. https://t.co/eXwzpNPj8C,
1200222,401999,Sat Dec 02 20:10:09 +0000 2017,@25777 Hello @TwitterSupport please ban this man he is constantly bullying me,1200221,TwitterSupport,Sat Dec 02 20:12:02 +0000 2017,@401999 We are here to help. Please send us a message and we'll get started looking into this for you. https://t.co/eXwzpNPj8C,
1200547,402084,Wed Oct 25 03:39:53 +0000 2017,@TwitterSupport HELP,1200546,TwitterSupport,Wed Oct 25 03:55:20 +0000 2017,"@402084 Hi there, we're here to help. Please send us a message and we can work on getting this sorted. https://t.co/eXwzpNPj8C",
1209023,403845,Wed Oct 25 09:47:45 +0000 2017,"@TwitterSupport 
Urgent help required 🙏",1209022,TwitterSupport,Wed Oct 25 09:57:42 +0000 2017,"@403845 Hi there, we're here to help. Please send us a message and we can work on getting this sorted. https://t.co/eXwzpNPj8C",
121015,142931,Thu Nov 23 21:50:22 +0000 2017,@142932 @TwitterSupport @TwitterSupport she’s threatening me!,121014,TwitterSupport,Thu Nov 23 22:11:01 +0000 2017,@142931 Thanks for letting us know about this. Please send us a message and we can begin working on this issue. https://t.co/eXwzpNPj8C,
121016,142932,Thu Nov 23 21:47:11 +0000 2017,@142931 @TwitterSupport she’s sending me death threats !,121017,TwitterSupport,Thu Nov 23 21:49:51 +0000 2017,@142932 Thanks for getting in touch. Send us a message and we'll get started helping you out. https://t.co/eXwzpNPj8C,
121020,142933,Thu Nov 23 21:29:39 +0000 2017,@142934 @TwitterSupport this user is harassing me!,121019,TwitterSupport,Thu Nov 23 21:35:49 +0000 2017,@142933 Thanks for getting in touch. Send us a message and we'll get started helping you out. https://t.co/eXwzpNPj8C,
121028,142935,Thu Nov 23 20:54:28 +0000 2017,"@TwitterSupport 

Abusive man alert. -&gt;&gt; https://t.co/YaiUijhmzd",121027,TwitterSupport,Thu Nov 23 20:55:23 +0000 2017,@142935 Thanks for letting us know about this. Please send us a message and we can begin working on this issue. https://t.co/eXwzpNPj8C,
121030,142936,Thu Nov 23 19:38:41 +0000 2017,Another threat to @6842 by a violent Islamist! @TwitterSupport @12 please ban him https://t.co/gAxjsMnAeq,121029,TwitterSupport,Thu Nov 23 19:40:04 +0000 2017,@142936 Thanks for letting us know about this. Please send us a message and we can begin working on this issue. https://t.co/eXwzpNPj8C,
1212202,404517,Wed Oct 25 11:57:46 +0000 2017,@404518 @TwitterSupport I need help,1212201,TwitterSupport,Wed Oct 25 12:06:03 +0000 2017,@404517 We are here to help. Please send us a message and we'll get started looking into this for you. https://t.co/eXwzpNPj8C,
1212480,404583,Sun Oct 15 23:09:41 +0000 2017,Hey @404584 you are a big bully!!!!!!!!!! @TwitterSupport  i'm being bullied 😭,1212479,TwitterSupport,Sun Oct 15 23:12:35 +0000 2017,@404583 We are here to help. Please send us a message and we'll get started looking into this for you. https://t.co/5TkIRqD4sE,
1212483,404585,Sun Oct 15 21:32:17 +0000 2017,"Plz take a look @ this account. Threatening 2 kill apostates
@TwitterSupport @129570 
https://t.co/aoL8XJIqR8
https://t.co/mu3mryKRo1 https://t.co/0eDOaHiZFp",1212482,TwitterSupport,Sun Oct 15 21:39:28 +0000 2017,@404585 We are here to help. Please send us a message and we'll get started looking into this for you. https://t.co/5TkIRqD4sE,
1212495,404586,Sun Oct 15 21:27:45 +0000 2017,@404587 @TwitterSupport Report him for targeted harassment or impersonation.,1212494,TwitterSupport,Sun Oct 15 21:32:54 +0000 2017,"@404586 Hi, please send us a message and we'll look into this with you. https://t.co/5TkIRqD4sE",
1217424,405678,Wed Oct 25 12:49:36 +0000 2017,.@TwitterSupport please help me im sobbing. she threatened to bomb my house. i didn’t do anything. please help. i am terrified https://t.co/lmwY6bzEng,1217423,TwitterSupport,Wed Oct 25 12:57:34 +0000 2017,"@405678 Hi there, we're here to help. Please send us a message and we can work on getting this sorted. https://t.co/eXwzpNPj8C",
1223930,407116,Wed Nov 01 16:11:25 +0000 2017,@TwitterSupport help,1223929,TwitterSupport,Wed Nov 01 16:18:41 +0000 2017,@407116 We are here to help. Please send us a message and we'll get started looking into this for you. https://t.co/eXwzpNPj8C,
1223932,407117,Wed Nov 01 15:41:41 +0000 2017,@twittersupport help,1223931,TwitterSupport,Wed Nov 01 15:46:29 +0000 2017,"@407117 Hi there, we're here to help. Please send us a message and we can work on getting this sorted. https://t.co/eXwzpNPj8C",
1223934,407118,Wed Nov 01 15:25:22 +0000 2017,@TwitterSupport Any help/solution on this yet??,1223933,TwitterSupport,Wed Nov 01 15:33:10 +0000 2017,"@407118 Hi there, we're here to help. Please send us a message and we can work on getting this sorted. https://t.co/eXwzpNPj8C",
1223937,407119,Wed Nov 01 14:30:16 +0000 2017,"@123765 @TwitterSupport @123765 
I neeed help. Can I get an email or phone number to call you or contact you ??? In need of serious help",1223936,TwitterSupport,Wed Nov 01 15:31:28 +0000 2017,"@407119 Hi, please send us a message and we'll look into this with you. https://t.co/eXwzpNPj8C",
1225107,407416,Wed Oct 25 15:25:25 +0000 2017,@TwitterSupport help pls!!,1225106,TwitterSupport,Wed Oct 25 15:31:25 +0000 2017,@407416 We are here to help. Please send us a message and we'll get started looking into this for you. https://t.co/eXwzpNPj8C,
1225109,407417,Wed Oct 25 14:28:52 +0000 2017,@TwitterSupport I need your HELP...,1225108,TwitterSupport,Wed Oct 25 14:37:39 +0000 2017,"@407417 Hi, please send us a message and we'll look into this with you. https://t.co/eXwzpNPj8C",
1228618,200430,Wed Oct 25 20:03:17 +0000 2017,"@TwitterSupport 
Hi, need help!",1228616,TwitterSupport,Wed Oct 25 20:09:47 +0000 2017,@200430 Thanks for getting in touch. Send us a message and we'll get started helping you out. https://t.co/eXwzpNPj8C,1228617
1228649,408243,Mon Oct 16 00:42:38 +0000 2017,Hey friends. Sorry to report. There's an account @18346 pretending to be me. Do not accept his requests. Dear @TwitterSupport help?!?,1228648,TwitterSupport,Mon Oct 16 00:47:57 +0000 2017,@408243 Thanks for letting us know about this. Please send us a message and we can begin working on this issue. https://t.co/5TkIRqD4sE,
1234658,409593,Wed Oct 25 17:42:28 +0000 2017,@409594 @52159 @TwitterSupport she’s harassing me and @52159 😓,1234657,TwitterSupport,Wed Oct 25 17:45:45 +0000 2017,"@409593 Hi, thanks for getting in touch. Please send us a message and we'll get started working through this. https://t.co/eXwzpNPj8C",
1237526,410289,Thu Oct 26 00:35:58 +0000 2017,"@TwitterSupport I need you now more than ever, I got a new phone and cannot remember my password. This is my livelihood we are talking about",1237525,TwitterSupport,Thu Oct 26 00:41:37 +0000 2017,@410289 We are here to help. Please send us a message and we'll get started looking into this for you. https://t.co/eXwzpNPj8C,
1241065,411101,Wed Oct 25 21:17:20 +0000 2017,@411102 @TwitterSupport this man is harrassing me,1241064,TwitterSupport,Wed Oct 25 21:20:17 +0000 2017,"@411101 Hi there, we're here to help. Please send us a message and we can work on getting this sorted. https://t.co/eXwzpNPj8C",
1241068,411103,Wed Oct 25 21:09:46 +0000 2017,I'd like to report bullying again @TwitterSupport https://t.co/8ZBFZx3JGQ,1241067,TwitterSupport,Wed Oct 25 21:12:30 +0000 2017,@411103 We are here to help. Please send us a message and we'll get started looking into this for you. https://t.co/eXwzpNPj8C,
1241070,411104,Wed Oct 25 20:39:58 +0000 2017,".@123765 @TwitterSupport PLEASE HELP
Intent to harass stated clearly here👇 https://t.co/i4B1Dci5xC",1241069,TwitterSupport,Wed Oct 25 20:49:11 +0000 2017,@411104 Thanks for getting in touch. Send us a message and we'll get started helping you out. https://t.co/eXwzpNPj8C,
1243392,411696,Mon Oct 16 01:17:51 +0000 2017,@TwitterSupport can you help me get my @52490 back?,1243391,TwitterSupport,Mon Oct 16 02:05:17 +0000 2017,@411696 Thanks for getting in touch. Send us a message and we'll get started helping you out. https://t.co/5TkIRqD4sE,
1243394,411697,Mon Oct 16 01:17:32 +0000 2017,Help I’m being bullied @TwitterSupport,1243393,TwitterSupport,Mon Oct 16 01:55:52 +0000 2017,@411697 Thanks for getting in touch. Send us a message and we'll get started helping you out. https://t.co/5TkIRqD4sE,
1245359,412155,Wed Oct 25 23:43:26 +0000 2017,Omg I'm so offended and scared! He's bullying me @TwitterSupport https://t.co/TdskGzagrC,1245358,TwitterSupport,Wed Oct 25 23:46:21 +0000 2017,@412155 We are here to help. Please send us a message and we'll get started looking into this for you. https://t.co/eXwzpNPj8C,
1245361,412156,Wed Oct 25 23:16:40 +0000 2017,@TwitterSupport HELP! I’m trying to reset my password on another account and it won’t let me!,1245360,TwitterSupport,Wed Oct 25 23:20:05 +0000 2017,@412156 Thanks for getting in touch. Send us a message and we'll get started helping you out. https://t.co/eXwzpNPj8C,
1253378,414014,Mon Oct 16 03:39:35 +0000 2017,@414015 hello @TwitterSupport she's threatening to kill me get her suspended!!!,1253377,TwitterSupport,Mon Oct 16 04:13:42 +0000 2017,@414014 Thanks for getting in touch. Send us a message and we'll get started helping you out. https://t.co/5TkIRqD4sE,
1253382,414016,Mon Oct 16 02:34:47 +0000 2017,@TwitterSupport help me,1253381,TwitterSupport,Mon Oct 16 02:47:25 +0000 2017,@414016 Thanks for getting in touch. Send us a message and we'll get started helping you out. https://t.co/5TkIRqD4sE,
1253583,282519,Thu Oct 26 04:17:00 +0000 2017,@414062 Wow @TwitterSupport look at this targeted harassment halp,1253582,TwitterSupport,Thu Oct 26 04:25:11 +0000 2017,@282519 We are here to help. Please send us a message and we'll get started looking into this for you. https://t.co/eXwzpNPj8C,
1260411,415304,Thu Oct 26 08:32:03 +0000 2017,"@TwitterSupport @TwitterSupport @123765 
Pls help",1260410,TwitterSupport,Thu Oct 26 08:38:14 +0000 2017,"@415304 Hi there, we're here to help. Please send us a message and we can work on getting this sorted. https://t.co/eXwzpNPj8C",
1274927,418436,Thu Oct 26 14:25:08 +0000 2017,Need some help gaining access to a business account @TwitterSupport,1274926,TwitterSupport,Thu Oct 26 14:32:35 +0000 2017,@418436 Thanks for getting in touch. Send us a message and we'll get started helping you out. https://t.co/eXwzpNPj8C,
1278507,419194,Sat Nov 25 08:26:02 +0000 2017,@53976 is bullying me help me @TwitterSupport,1278506,TwitterSupport,Sat Nov 25 08:34:54 +0000 2017,"@419194 Hi there, we're here to help. Please send us a message and we can work on getting this sorted. https://t.co/eXwzpNPj8C",
1278511,419196,Sat Nov 25 08:00:38 +0000 2017,@TwitterSupport Please investigate this account. This tweet is calling fascist followers to identify the woman in the pic to doxx with the clear purpose of intimidating and perhaps threatening or engaging in criminal activity. https://t.co/sg2Qh3E75u,1278510,TwitterSupport,Sat Nov 25 08:06:33 +0000 2017,@419196 Thanks for getting in touch. Send us a message and we'll get started helping you out. https://t.co/eXwzpNPj8C,
1282921,420129,Thu Oct 26 17:12:20 +0000 2017,@420130 @TwitterSupport I’m feeling attacked &amp; bullied by this user. Plz help me,1282920,TwitterSupport,Thu Oct 26 17:13:13 +0000 2017,"@420129 Hi there, we're here to help. Please send us a message and we can work on getting this sorted. https://t.co/eXwzpNPj8C",
1282924,420131,Thu Oct 26 16:06:25 +0000 2017,@420132 @TwitterSupport @420133 Seriously @twittersupport please do something. What they're doing is harassing and downright disgusting.,1282923,TwitterSupport,Thu Oct 26 16:08:42 +0000 2017,"@420131 Hi there, we're here to help. Please send us a message and we can work on getting this sorted. https://t.co/eXwzpNPj8C",
1282927,420134,Thu Oct 26 15:51:34 +0000 2017,@123765 @TwitterSupport this accounts entire existence is to Dox someone please remove https://t.co/TmwHZ9mPYp,1282926,TwitterSupport,Thu Oct 26 15:54:13 +0000 2017,@420134 Thanks for getting in touch. Send us a message and we'll get started helping you out. https://t.co/eXwzpNPj8C,
1282929,420135,Thu Oct 26 15:46:38 +0000 2017,@TwitterSupport i'm being harassed https://t.co/NSfZKPT1cm,1282928,TwitterSupport,Thu Oct 26 15:49:03 +0000 2017,@420135 Thanks for getting in touch. Send us a message and we'll get started helping you out. https://t.co/eXwzpNPj8C,
1282931,420136,Thu Oct 26 15:36:29 +0000 2017,@TwitterSupport @123765 I'm locked out of my main account and i can't log in please help,1282930,TwitterSupport,Thu Oct 26 15:43:06 +0000 2017,"@420136 Hi, thanks for getting in touch. Please send us a message and we'll get started working through this. https://t.co/eXwzpNPj8C",
1289620,421596,Thu Oct 26 19:13:38 +0000 2017,@TwitterSupport I NEED HELP HELLO??,1289619,TwitterSupport,Thu Oct 26 19:17:55 +0000 2017,@421596 We are here to help. Please send us a message and we'll get started looking into this for you. https://t.co/eXwzpNPj8C,
1289626,394387,Thu Oct 26 17:51:23 +0000 2017,❗️@129570 @TwitterSupport @146 @12 Plz SUSPEND 👉@/gonzowonky👈 Harassment account of a user you just suspended for THREATS❗️,1289625,TwitterSupport,Thu Oct 26 18:06:11 +0000 2017,"@394387 Hi there, we're here to help. Please send us a message and we can work on getting this sorted. https://t.co/eXwzpNPj8C",
1297425,423191,Thu Oct 26 20:04:19 +0000 2017,"@423192 @TwitterSupport @TwitterSupport @129570 @12 
Doxxing &amp; threats-",1297424,TwitterSupport,Thu Oct 26 20:24:40 +0000 2017,@423191 Thanks for getting in touch. Send us a message and we'll get started helping you out. https://t.co/eXwzpNPj8C,
1297825,423298,Mon Oct 16 07:11:01 +0000 2017,"Hey, @123765 @TwitterSupport! Can you please let me know which email or password I used to create this account -@51161 I want it back, man",1297824,TwitterSupport,Mon Oct 16 07:23:52 +0000 2017,"@423298 Hi, please send us a message and we'll look into this with you. https://t.co/5TkIRqD4sE",
1297828,423299,Mon Oct 16 06:06:08 +0000 2017,@TwitterSupport Can you guys help me with an issue please?,1297826,TwitterSupport,Mon Oct 16 06:41:19 +0000 2017,"@423299 Hi there, we're here to help. Please send us a message and we can work on getting this sorted. https://t.co/5TkIRqD4sE",1297827
1297831,TwitterSupport,Fri May 19 12:43:41 +0000 2017,Some users are currently experiencing problems accessing Twitter &amp; Tweeting. We are aware of the issue and are working towards a resolution.,1297829,TwitterSupport,Fri May 19 22:07:34 +0000 2017,We're happy to let you know that the issue is now resolved. We apologize for any inconvenience!,"1297828,1297830"
1297833,320047,Mon Oct 16 04:50:05 +0000 2017,@TwitterSupport @12 @123765 @156 @129570 or anyone who works at Twitter that can help me please.,1297832,TwitterSupport,Mon Oct 16 05:06:20 +0000 2017,"@320047 Hi there, we're here to help. Please send us a message and we can work on getting this sorted. https://t.co/5TkIRqD4sE",
1302710,424428,Thu Oct 26 23:51:43 +0000 2017,Hello @TwitterSupport I’m being bullied,1302709,TwitterSupport,Thu Oct 26 23:58:05 +0000 2017,@424428 Thanks for getting in touch. Send us a message and we'll get started helping you out. https://t.co/eXwzpNPj8C,
1302712,317519,Thu Oct 26 23:43:21 +0000 2017,@424429 @296259 Cyber bullying is occurring @TwitterSupport I am a victim. Thanks for your swift response,1302711,TwitterSupport,Thu Oct 26 23:46:15 +0000 2017,@317519 Thanks for letting us know about this. Please send us a message and we can begin working on this issue. https://t.co/eXwzpNPj8C,
1302717,161009,Thu Oct 26 23:27:15 +0000 2017,@424430 @TwitterSupport Help,1302716,TwitterSupport,Thu Oct 26 23:30:01 +0000 2017,@161009 Thanks for getting in touch. Send us a message and we'll get started helping you out. https://t.co/eXwzpNPj8C,
1306717,425361,Fri Oct 27 02:14:04 +0000 2017,@TwitterSupport @129570 this account continues to harrass people. https://t.co/us7IUTIQin,1306716,TwitterSupport,Fri Oct 27 02:46:29 +0000 2017,@425361 Thanks for getting in touch. Send us a message and we'll get started helping you out. https://t.co/eXwzpNPj8C,
1306719,425362,Fri Oct 27 00:50:17 +0000 2017,@twittersupport The account @425363 is posting anti-Semitic tweets and harassing people because of their religion. https://t.co/C6Rc4wNcfr,1306718,TwitterSupport,Fri Oct 27 00:53:20 +0000 2017,"@425362 Hi there, we're here to help. Please send us a message and we can work on getting this sorted. https://t.co/eXwzpNPj8C",
1309974,426133,Fri Oct 27 04:10:28 +0000 2017,"@TwitterSupport 
need help with my political account @54806. My original email was deactivated by the provider. Don’t know p/w. Help!",1309973,TwitterSupport,Fri Oct 27 04:30:24 +0000 2017,"@426133 Hi there, we're here to help. Please send us a message and we can work on getting this sorted. https://t.co/eXwzpNPj8C",
132327,145855,Fri Nov 24 06:06:33 +0000 2017,@145856 @TwitterSupport  help,132326,TwitterSupport,Fri Nov 24 06:18:31 +0000 2017,"@145855 Hi there, we're here to help. Please send us a message and we can work on getting this sorted. https://t.co/eXwzpNPj8C",
132331,145857,Fri Nov 24 05:02:32 +0000 2017,@123765 @TwitterSupport please help,132330,TwitterSupport,Fri Nov 24 05:08:44 +0000 2017,@145857 Thanks for getting in touch. Send us a message and we'll get started helping you out. https://t.co/eXwzpNPj8C,
1330164,430340,Sun Nov 05 10:12:03 +0000 2017,@123765 @TwitterSupport Would like to report the handle @66166 for his racist comments on Philippines.,1330163,TwitterSupport,Sun Nov 05 10:51:06 +0000 2017,"@430340 Thanks for reaching out, we are happy to help. Please send us a message and we can get started. https://t.co/eXwzpNPj8C",
1341488,432907,Fri Oct 27 13:00:06 +0000 2017,@TwitterSupport I can't reset my account @55824 password Please do needful My new account @432907,1341486,TwitterSupport,Fri Oct 27 13:53:08 +0000 2017,@432907 Thanks for letting us know about this! Please send us a message and we'll get started on helping you out. https://t.co/eXwzpNPj8C,1341487
1352755,262953,Fri Oct 27 17:37:46 +0000 2017,@TwitterSupport I’m a white woman and I’m being sent death threats https://t.co/75MF1eIoio,1352754,TwitterSupport,Fri Oct 27 17:45:07 +0000 2017,@262953 Thanks for getting in touch. Send us a message and we'll get started helping you out. https://t.co/eXwzpNPj8C,
1364637,296259,Fri Oct 27 19:35:13 +0000 2017,"Hey @TwitterSupport, this cyber bullying and I am a victim. Thanks for your cooperation with this matter. https://t.co/vHUUo0O3GZ",1364636,TwitterSupport,Fri Oct 27 19:43:36 +0000 2017,"@296259 Hi there, we're here to help. Please send us a message and we can work on getting this sorted. https://t.co/eXwzpNPj8C",
1364639,437728,Fri Oct 27 18:49:50 +0000 2017,@129570 @TwitterSupport you can look at my thread. I have never attempted to contact this person yet he is harassing me https://t.co/cnwlpunQeP,1364638,TwitterSupport,Fri Oct 27 18:54:49 +0000 2017,@437728 Thanks for letting us know about this. Please send us a message and we can begin working on this issue. https://t.co/eXwzpNPj8C,
1369150,438696,Mon Oct 16 13:24:24 +0000 2017,"@TwitterSupport Hi, a week ago we requested assistance with username transfer, but haven't heard back since. Could you please help? Thanks!",1369149,TwitterSupport,Mon Oct 16 13:55:53 +0000 2017,@438696 Thanks for getting in touch. Send us a message and we'll get started helping you out. https://t.co/5TkIRqD4sE,
1396623,317519,Sat Oct 28 13:44:16 +0000 2017,@TwitterSupport this account is participating in cyber bullying https://t.co/sbeBQIRhpd,1396622,TwitterSupport,Sat Oct 28 13:47:58 +0000 2017,@317519 Thanks for getting in touch. Send us a message and we'll get started helping you out. https://t.co/eXwzpNPj8C,
1397621,445018,Mon Oct 16 16:09:44 +0000 2017,@123765 yo @TwitterSupport is there a way to flag threatening / troubling behavior like this? what to do when blocking is so easily circumvented?,1397620,TwitterSupport,Mon Oct 16 16:19:18 +0000 2017,"@445018 Hi, please send us a message and we'll look into this with you. https://t.co/5TkIRqD4sE",
1405238,446690,Sat Oct 28 16:34:19 +0000 2017,@TwitterSupport I need to quickly gain access to an account with old login information. Can you help?,1405236,TwitterSupport,Sat Oct 28 16:49:21 +0000 2017,"@446690 Hi there, we're here to help. Please send us a message and we can work on getting this sorted. https://t.co/eXwzpNPj8C",1405237
1405240,446692,Sat Oct 28 15:59:25 +0000 2017,"@446693 @TwitterSupport   This user has been blocked by many . she harasses and abuses people. I have asked her to NOT TWITT, MESSAGE or contact me.",1405239,TwitterSupport,Sat Oct 28 16:39:44 +0000 2017,@446692 Thanks for getting in touch. Send us a message and we'll get started helping you out. https://t.co/eXwzpNPj8C,
1414434,448700,Wed Nov 01 23:47:03 +0000 2017,@58951 @58952 @TwitterSupport @TwitterSupport this person is harassing me can you please help me,1414433,TwitterSupport,Thu Nov 02 00:01:04 +0000 2017,@448700 We are here to help. Please send us a message and we'll get started looking into this for you. https://t.co/eXwzpNPj8C,
141772,147984,Fri Nov 24 09:44:54 +0000 2017,@8280 @TwitterSupport i’m being bullied by this user,141771,TwitterSupport,Fri Nov 24 10:43:32 +0000 2017,@147984 Thanks for getting in touch. Send us a message and we'll get started helping you out. https://t.co/eXwzpNxIh4,
141775,147985,Fri Nov 24 09:17:14 +0000 2017,@TwitterSupport i need help,141774,TwitterSupport,Fri Nov 24 10:38:49 +0000 2017,"@147985 Hi there, we're here to help. Please send us a message and we can work on getting this sorted. https://t.co/eXwzpNPj8C",
1417968,449582,Wed Nov 01 21:20:46 +0000 2017,help @TwitterSupport,1417967,TwitterSupport,Wed Nov 01 21:21:57 +0000 2017,@449582 We are here to help. Please send us a message and we'll get started looking into this for you. https://t.co/eXwzpNPj8C,
1417971,449583,Wed Nov 01 20:59:57 +0000 2017,i just want my account @48784 back 😭😭 @TwitterSupport CAN U ACTUALLY HELP ME??????,1417970,TwitterSupport,Wed Nov 01 21:13:24 +0000 2017,"@449583 Hi there, we're here to help. Please send us a message and we can work on getting this sorted. https://t.co/eXwzpNPj8C",
1422312,450544,Thu Nov 02 08:03:10 +0000 2017,@TwitterSupport HELP,1422311,TwitterSupport,Thu Nov 02 08:30:58 +0000 2017,@59284 Thanks for getting in touch. Send us a message and we'll get started helping you out. https://t.co/eXwzpNPj8C,
1422317,450545,Thu Nov 02 07:16:11 +0000 2017,@450546 @TwitterSupport Hi @TwitterSupport can you help please,1422316,TwitterSupport,Thu Nov 02 07:19:17 +0000 2017,@450545 Thanks for getting in touch. Send us a message and we'll get started helping you out. https://t.co/eXwzpNPj8C,
1422320,450547,Thu Nov 02 07:10:36 +0000 2017,.@TwitterSupport HELP ME,1422319,TwitterSupport,Thu Nov 02 07:12:35 +0000 2017,@450547 Thanks for getting in touch. Send us a message and we'll get started helping you out. https://t.co/eXwzpNPj8C,
1425603,451195,Thu Nov 02 03:38:15 +0000 2017,@TwitterSupport hi i need help,1425602,TwitterSupport,Thu Nov 02 03:55:19 +0000 2017,"@451195 Hi, thanks for getting in touch. Please send us a message and we'll get started working through this. https://t.co/eXwzpNPj8C",
1425605,451196,Thu Nov 02 03:16:53 +0000 2017,He’s harassing me @TwitterSupport https://t.co/CDSzCxGyk5,1425604,TwitterSupport,Thu Nov 02 03:25:19 +0000 2017,@451196 Thanks for letting us know about this. Please send us a message and we can begin working on this issue. https://t.co/eXwzpNPj8C,
1428557,451821,Mon Oct 16 18:06:34 +0000 2017,".@TwitterSupport, help, I'm offended. https://t.co/x5ruG6oYOD",1428556,TwitterSupport,Mon Oct 16 18:09:35 +0000 2017,@451821 We are here to help. Please send us a message and we'll get started looking into this for you. https://t.co/5TkIRqD4sE,
1428591,451828,Mon Oct 16 17:53:52 +0000 2017,@TwitterSupport how do I change my password,1428590,TwitterSupport,Mon Oct 16 18:03:34 +0000 2017,@451828 Thanks for getting in touch. Send us a message and we'll get started helping you out. https://t.co/5TkIRqD4sE,
1428597,451831,Mon Oct 16 17:51:27 +0000 2017,Help me @TwitterSupport !!!!,1428596,TwitterSupport,Mon Oct 16 17:53:15 +0000 2017,@451831 Thanks for getting in touch. Send us a message and we'll get started helping you out. https://t.co/5TkIRqD4sE,
1428600,451832,Mon Oct 16 17:11:29 +0000 2017,@451833 I hope you get it fixed.  Hey @TwitterSupport ~~ Can you help?,1428599,TwitterSupport,Mon Oct 16 17:13:04 +0000 2017,@451832 Thanks for getting in touch. Send us a message and we'll get started helping you out. https://t.co/5TkIRqD4sE,
1428608,451834,Mon Oct 16 16:42:28 +0000 2017,"@451844 @234591 @TwitterSupport @12 

Twitter, you need to take a look at this",1428603,TwitterSupport,Mon Oct 16 16:44:37 +0000 2017,@451834 Thanks for getting in touch. Send us a message and we'll get started helping you out. https://t.co/5TkIRqD4sE,"1428604,1428605,1428606,1428607"
1428620,451845,Mon Oct 16 16:28:43 +0000 2017,"@TwitterSupport is it possible to delete an account if I don't know, and you can't reset, the password?",1428619,TwitterSupport,Mon Oct 16 16:37:34 +0000 2017,"@451845 Hi there, we're here to help. Please send us a message and we can work on getting this sorted. https://t.co/5TkIRqD4sE",
1429762,452058,Thu Nov 02 06:19:24 +0000 2017,@TwitterSupport @123765 ‼️HELP‼️,1429761,TwitterSupport,Thu Nov 02 06:39:39 +0000 2017,@452058 Thanks for getting in touch. Send us a message and we'll get started helping you out. https://t.co/eXwzpNPj8C,
1429768,452060,Thu Nov 02 05:40:16 +0000 2017,"@twittersupport I want to delete my old twitter account, but I don't have access to that email! Can you please help me?",1429767,TwitterSupport,Thu Nov 02 06:06:02 +0000 2017,@452060 Thanks for letting us know about this. Please send us a message and we can begin working on this issue. https://t.co/eXwzpNPj8C,
1429770,452061,Thu Nov 02 05:12:41 +0000 2017,@TwitterSupport CAN YOU PLEASE HELP,1429769,TwitterSupport,Thu Nov 02 05:29:08 +0000 2017,"@452061 Hi there, we're here to help. Please send us a message and we can work on getting this sorted. https://t.co/eXwzpNPj8C",
1429785,452063,Thu Nov 02 03:52:07 +0000 2017,@TwitterSupport please help why is this happening,1429784,TwitterSupport,Thu Nov 02 04:35:43 +0000 2017,@452063 Thanks for getting in touch. Send us a message and we'll get started helping you out. https://t.co/eXwzpNPj8C,
1432104,452540,Thu Nov 02 11:02:00 +0000 2017,@TwitterSupport help please,1432103,TwitterSupport,Thu Nov 02 11:40:18 +0000 2017,"@452540 Hi there, we're here to help. Please send us a message and we can work on getting this sorted. https://t.co/eXwzpNPj8C",
1439401,454045,Thu Nov 02 08:55:55 +0000 2017,Hey @TwitterSupport Someone is threatening me. He just said I'm gonna die next! I'm reporting him. Thanks https://t.co/VXlabVIFMF,1439400,TwitterSupport,Thu Nov 02 09:35:35 +0000 2017,@454045 Thanks for getting in touch. Send us a message and we'll get started helping you out. https://t.co/eXwzpNPj8C,
1444225,455130,Thu Nov 02 15:23:45 +0000 2017,help @TwitterSupport,1444224,TwitterSupport,Thu Nov 02 15:27:01 +0000 2017,"@455130 Hi there, we're here to help. Please send us a message and we can work on getting this sorted. https://t.co/eXwzpNPj8C",
1444228,455131,Thu Nov 02 14:56:12 +0000 2017,@TwitterSupport help me here please,1444227,TwitterSupport,Thu Nov 02 15:01:21 +0000 2017,"@455131 Hi there, we're here to help. Please send us a message and we can work on getting this sorted. https://t.co/eXwzpNPj8C",
1444231,455132,Thu Nov 02 14:05:33 +0000 2017,@TwitterSupport pls help me,1444230,TwitterSupport,Thu Nov 02 14:45:38 +0000 2017,"@455132 Hi there, we're here to help. Please send us a message and we can work on getting this sorted. https://t.co/eXwzpNPj8C",
1452360,457053,Thu Nov 02 15:56:06 +0000 2017,@60230 @TwitterSupport help us out please,1452359,TwitterSupport,Thu Nov 02 15:57:39 +0000 2017,"@457053 Hi there, we're here to help. Please send us a message and we can work on getting this sorted. https://t.co/eXwzpNPj8C",
1452363,457054,Thu Nov 02 15:45:09 +0000 2017,"@TwitterSupport Help, please",1452362,TwitterSupport,Thu Nov 02 15:50:49 +0000 2017,"@457054 Hi there, we're here to help. Please send us a message and we can work on getting this sorted. https://t.co/eXwzpNPj8C",
1452366,457055,Thu Nov 02 15:49:04 +0000 2017,"@TwitterSupport 
help",1452365,TwitterSupport,Thu Nov 02 15:50:17 +0000 2017,"@457055 Hi there, we're here to help. Please send us a message and we can work on getting this sorted. https://t.co/eXwzpNPj8C",
1452368,457056,Thu Nov 02 15:39:57 +0000 2017,@TwitterSupport @TwitterSupport can you help please?!,1452367,TwitterSupport,Thu Nov 02 15:49:11 +0000 2017,"@457056 Hi there, we're here to help. Please send us a message and we can work on getting this sorted. https://t.co/eXwzpNPj8C",
1452371,457057,Thu Nov 02 15:29:56 +0000 2017,Help @TwitterSupport,1452370,TwitterSupport,Thu Nov 02 15:42:27 +0000 2017,"@457057 Hi there, we're here to help. Please send us a message and we can work on getting this sorted. https://t.co/eXwzpNPj8C",
1452373,457058,Thu Nov 02 15:32:31 +0000 2017,@TwitterSupport need help!,1452372,TwitterSupport,Thu Nov 02 15:37:37 +0000 2017,@457058 We are here to help. Please send us a message and we'll get started looking into this for you. https://t.co/eXwzpNxIh4,
1453061,451828,Mon Oct 16 19:40:59 +0000 2017,@TwitterSupport I don't remember  my password,1453060,TwitterSupport,Mon Oct 16 19:44:15 +0000 2017,"@451828 Hi there, we're here to help. Please send us a message and we can work on getting this sorted. https://t.co/5TkIRqD4sE",
1453063,451828,Mon Oct 16 19:26:43 +0000 2017,@TwitterSupport I forgot my password.  And I also need to deactivate  a couple accounts  but don't have a computer,1453062,TwitterSupport,Mon Oct 16 19:38:17 +0000 2017,"@451828 Hi there, we're here to help. Please send us a message and we can work on getting this sorted. https://t.co/5TkIRqD4sE",1453061
1453073,253316,Mon Oct 16 19:25:44 +0000 2017,@TwitterSupport Hey! I need some help. :),1453072,TwitterSupport,Mon Oct 16 19:27:35 +0000 2017,@253316 Thanks for getting in touch. Send us a message and we'll get started helping you out. https://t.co/5TkIRqD4sE,
1453077,457212,Mon Oct 16 18:56:19 +0000 2017,@457213 Troll☝️☝️☝️☝️☝️@TwitterSupport,1453076,TwitterSupport,Mon Oct 16 19:02:40 +0000 2017,@457212 Thanks for letting us know about this. Please send us a message and we can begin working on this issue. https://t.co/5TkIRqD4sE,
1453077,457212,Mon Oct 16 18:56:19 +0000 2017,@457213 Troll☝️☝️☝️☝️☝️@TwitterSupport,1453078,TwitterSupport,Mon Oct 16 19:00:52 +0000 2017,@457212 Thanks for getting in touch. Send us a message and we'll get started helping you out. https://t.co/5TkIRqD4sE,
1456238,458005,Thu Nov 02 19:32:04 +0000 2017,"Report @60583 for harassment, violent threats, and hate against a group of people. @TwitterSupport",1456237,TwitterSupport,Thu Nov 02 19:48:01 +0000 2017,"@458005 Hi there, we're here to help. Please send us a message and we can work on getting this sorted. https://t.co/eXwzpNPj8C",
1456240,458006,Thu Nov 02 18:14:10 +0000 2017,"@TwitterSupport 
this account shared my personal address in ggl map and they won't delete it pls help @60347",1456239,TwitterSupport,Thu Nov 02 18:23:15 +0000 2017,@458006 We are here to help. Please send us a message and we'll get started looking into this for you. https://t.co/eXwzpNPj8C,
1466777,460448,Fri Oct 20 20:29:34 +0000 2017,"@TwitterSupport so if I can't remember the password to an old account &amp; can't access the email linked to it, I can't get it deactivated?",1466776,TwitterSupport,Fri Oct 20 20:31:06 +0000 2017,"@460448 Hi there, we're here to help. Please send us a message and we can work on getting this sorted. https://t.co/5TkIRqD4sE",
1469030,196597,Thu Nov 02 23:14:33 +0000 2017,@TwitterSupport I’m being harassed https://t.co/wyEIslFTO7,1469029,TwitterSupport,Thu Nov 02 23:28:30 +0000 2017,"@196597 Hi there, we're here to help. Please send us a message and we can work on getting this sorted. https://t.co/eXwzpNPj8C",
1469032,460988,Thu Nov 02 23:01:00 +0000 2017,@460989 @60724 @12 @TwitterSupport @123765 He twitted threats to a journalist,1469031,TwitterSupport,Thu Nov 02 23:10:11 +0000 2017,@460988 Thanks for letting us know about this. Please send us a message and we can begin working on this issue. https://t.co/eXwzpNPj8C,
1469056,460990,Thu Nov 02 22:37:09 +0000 2017,help me get back my personal account @123765 @TwitterSupport,1469055,TwitterSupport,Thu Nov 02 22:47:24 +0000 2017,@460990 We are here to help. Please send us a message and we'll get started looking into this for you. https://t.co/eXwzpNPj8C,
1469058,460991,Thu Nov 02 22:30:53 +0000 2017,@TwitterSupport help me 🙄,1469057,TwitterSupport,Thu Nov 02 22:45:50 +0000 2017,"@460991 Hi there, we're here to help. Please send us a message and we can work on getting this sorted. https://t.co/eXwzpNPj8C",
1475823,462619,Thu Nov 02 21:58:40 +0000 2017,i’m getting harassed @TwitterSupport https://t.co/rXKQ8Ds9oF,1475822,TwitterSupport,Thu Nov 02 22:06:02 +0000 2017,"@462619 Hi, thanks for getting in touch. Please send us a message and we'll get started working through this. https://t.co/eXwzpNPj8C",
1475825,462620,Thu Nov 02 21:12:33 +0000 2017,@TwitterSupport how do I recover an account I’ve lost my password for and have no access to my old email or phone number?,1475824,TwitterSupport,Thu Nov 02 21:18:14 +0000 2017,"@462620 Hi there, we're here to help. Please send us a message and we can work on getting this sorted. https://t.co/eXwzpNPj8C",
1475827,462621,Thu Nov 02 20:13:09 +0000 2017,"hello @TwitterSupport this account is harrassing me, do something about it. https://t.co/qYKSma22Or",1475826,TwitterSupport,Thu Nov 02 20:17:51 +0000 2017,@462621 We are here to help. Please send us a message and we'll get started looking into this for you. https://t.co/eXwzpNPj8C,
1479744,463605,Mon Oct 16 20:59:01 +0000 2017,Twitter user @/Draconis is threatening to murder people. Report him to @123765/@TwitterSupport. Report him to the FBI. Take this seriously. https://t.co/0WFmN5C3ZF,1479743,TwitterSupport,Mon Oct 16 21:06:30 +0000 2017,@463605 Thanks for getting in touch. Send us a message and we'll get started helping you out. https://t.co/5TkIRqD4sE,
1479747,361748,Mon Oct 16 20:47:02 +0000 2017,".@TwitterSupport Sir, look into this, you've suspended @50526 for being abusive and she's back with this another account @463606 which itself violates twitter TOS. Please suspend this account to prevent further violations. @129570  @132114",1479746,TwitterSupport,Mon Oct 16 20:48:02 +0000 2017,@361748 Thanks for getting in touch. Send us a message and we'll get started helping you out. https://t.co/5TkIRqD4sE,
1479750,463607,Mon Oct 16 20:33:02 +0000 2017,@463608 @TwitterSupport this account has been harassing me for 48 hours,1479749,TwitterSupport,Mon Oct 16 20:37:02 +0000 2017,"@463607 Thanks for reaching out, we are happy to help. Please send us a message and we can get started. https://t.co/5TkIRqD4sE",
1479768,463612,Mon Oct 16 20:32:21 +0000 2017,"@451821 @123765 @61114 @1169 @TwitterSupport Help, this offends me.",1479767,TwitterSupport,Mon Oct 16 20:36:19 +0000 2017,"@463612 Hi, thanks for getting in touch. Please send us a message and we'll get started working through this. https://t.co/5TkIRqD4sE",
1479771,463613,Mon Oct 16 20:01:37 +0000 2017,@463614 @61105 @TwitterSupport yes plz send help,1479770,TwitterSupport,Mon Oct 16 20:06:04 +0000 2017,@463613 Thanks for getting in touch. Send us a message and we'll get started helping you out. https://t.co/5TkIRqD4sE,
1481380,463966,Fri Nov 03 06:51:40 +0000 2017,@TwitterSupport help me,1481379,TwitterSupport,Fri Nov 03 07:13:19 +0000 2017,@463966 Thanks for getting in touch. Send us a message and we'll get started helping you out. https://t.co/eXwzpNPj8C,
1482307,464177,Fri Nov 03 00:14:22 +0000 2017,@TwitterSupport I need help because I am @60720 and can’t change my password to get my account back,1482306,TwitterSupport,Fri Nov 03 01:02:09 +0000 2017,"@464177 Hi, please send us a message and we'll look into this with you. https://t.co/eXwzpNPj8C",
1486175,465140,Fri Nov 03 03:34:24 +0000 2017,@TwitterSupport hi i need help,1486173,TwitterSupport,Fri Nov 03 03:46:07 +0000 2017,@465140 Thanks for getting in touch. Send us a message and we'll get started helping you out. https://t.co/eXwzpNPj8C,1486174
1486177,298520,Fri Nov 03 02:18:18 +0000 2017,@123765 @TwitterSupport i’m being bullie d https://t.co/0m0wd4kxAg,1486176,TwitterSupport,Fri Nov 03 02:30:14 +0000 2017,"@298520 Hi, please send us a message and we'll look into this with you. https://t.co/eXwzpNxIh4",
1486179,465142,Fri Nov 03 02:19:54 +0000 2017,Help @TwitterSupport https://t.co/41K0Rbk7bi,1486178,TwitterSupport,Fri Nov 03 02:26:24 +0000 2017,"@465142 Hi, thanks for getting in touch. Please send us a message and we'll get started working through this. https://t.co/eXwzpNPj8C",
1497205,467624,Mon Oct 16 21:58:36 +0000 2017,@TwitterSupport help https://t.co/y6TNtGBm0k,1497204,TwitterSupport,Mon Oct 16 22:01:50 +0000 2017,@467624 Thanks for letting us know about this. Please send us a message and we can begin working on this issue. https://t.co/5TkIRqD4sE,
1515216,395663,Fri Nov 03 16:28:58 +0000 2017,@TwitterSupport help me,1515215,TwitterSupport,Fri Nov 03 16:42:44 +0000 2017,@395663 Thanks for getting in touch. Send us a message and we'll get started helping you out. https://t.co/eXwzpNPj8C,
1515218,471544,Fri Nov 03 16:12:25 +0000 2017,@TwitterSupport help me !!,1515217,TwitterSupport,Fri Nov 03 16:17:54 +0000 2017,@471544 We are here to help. Please send us a message and we'll get started looking into this for you. https://t.co/eXwzpNPj8C,
1515722,471674,Mon Oct 16 23:56:28 +0000 2017,Excuse me @TwitterSupport @132114 user @471675 is threatening my life and needs to be removed immediately. He has lost his damn mind!,1515721,TwitterSupport,Tue Oct 17 00:06:58 +0000 2017,"@471674 Hi, please send us a message and we'll look into this with you. https://t.co/5TkIRqD4sE",
1515724,318169,Mon Oct 16 23:20:36 +0000 2017,@471676 I'm being harassed @TwitterSupport,1515723,TwitterSupport,Mon Oct 16 23:29:24 +0000 2017,@318169 Thanks for letting us know about this. Please send us a message and we can begin working on this issue. https://t.co/5TkIRqD4sE,
1515730,471677,Mon Oct 16 22:45:43 +0000 2017,@471678 @TwitterSupport help,1515729,TwitterSupport,Mon Oct 16 22:48:34 +0000 2017,"@471677 Hi, thanks for getting in touch. Please send us a message and we'll get started working through this. https://t.co/5TkIRqD4sE",
15241,119334,Wed Nov 01 01:22:50 +0000 2017,@119335 @TwitterSupport Threatening violence. Please respond.,15240,TwitterSupport,Wed Nov 01 01:35:35 +0000 2017,@119334 Thanks for getting in touch. Send us a message and we'll get started helping you out. https://t.co/eXwzpNPj8C,
1532839,475424,Tue Oct 17 00:46:42 +0000 2017,@475425 @176244 @TwitterSupport *abuse,1532838,TwitterSupport,Tue Oct 17 00:47:51 +0000 2017,@475424 Thanks for getting in touch. Send us a message and we'll get started helping you out. https://t.co/5TkIRqD4sE,
1532845,475426,Tue Oct 17 00:35:15 +0000 2017,@TwitterSupport pls send help i literally cannot log into my other twitter account,1532844,TwitterSupport,Tue Oct 17 00:40:59 +0000 2017,@475426 Thanks for getting in touch. Send us a message and we'll get started helping you out. https://t.co/5TkIRqD4sE,
1532849,475428,Tue Oct 17 00:30:26 +0000 2017,@63176 @TwitterSupport help me out,1532848,TwitterSupport,Tue Oct 17 00:32:23 +0000 2017,@475428 Thanks for getting in touch. Send us a message and we'll get started helping you out. https://t.co/5TkIRqD4sE,
1532852,204341,Tue Oct 17 00:26:37 +0000 2017,@TwitterSupport this man is harassing me https://t.co/IC780hgdVy,1532851,TwitterSupport,Tue Oct 17 00:27:09 +0000 2017,@204341 Thanks for getting in touch. Send us a message and we'll get started helping you out. https://t.co/5TkIRqD4sE,
1532878,475436,Fri Nov 03 19:11:28 +0000 2017,@475437 @TwitterSupport officer please help my friend,1532877,TwitterSupport,Fri Nov 03 19:13:26 +0000 2017,@475436 Thanks for getting in touch. Send us a message and we'll get started helping you out. https://t.co/eXwzpNPj8C,
1532882,475438,Fri Nov 03 19:09:09 +0000 2017,"@TwitterSupport 
Help me please😭😭😭😭😭😭😭😭😭😭😭😭😭😭😭😭😭😭😭😭😭😭😭😭😭😭😭😭😭😭😭😭😭😭😭😭😭

👇👇👇👇👇👇👇👇👇👇👇 https://t.co/ktZCFeUKpS",1532881,TwitterSupport,Fri Nov 03 19:13:04 +0000 2017,@475438 Thanks for letting us know about this. Please send us a message and we can begin working on this issue. https://t.co/eXwzpNPj8C,
1539181,477102,Sat Nov 04 00:55:55 +0000 2017,Hello @TwitterSupport this acct @477103 is threatening me https://t.co/YEH4pLK8Q4,1539180,TwitterSupport,Sat Nov 04 01:15:53 +0000 2017,@477102 Thanks for letting us know. Please send us a message and we'll work on getting this resolved for you. https://t.co/eXwzpNPj8C,
1539183,477104,Sat Nov 04 00:51:15 +0000 2017,@237689 @TwitterSupport help,1539182,TwitterSupport,Sat Nov 04 01:04:32 +0000 2017,"@477104 Hi, thanks for getting in touch. Please send us a message and we'll get started working through this. https://t.co/eXwzpNPj8C",
1543224,478089,Fri Nov 03 22:00:28 +0000 2017,"@478090 @TwitterSupport Please, they are bullying me again. Hope you do something because this is getting out of my hands.",1543223,TwitterSupport,Fri Nov 03 22:04:20 +0000 2017,@478089 We are here to help. Please send us a message and we'll get started looking into this for you. https://t.co/eXwzpNPj8C,
1543227,356539,Fri Nov 03 21:17:28 +0000 2017,@200283 @123765 @TwitterSupport it’s really freaking me out send help ❗️,1543226,TwitterSupport,Fri Nov 03 21:21:02 +0000 2017,"@356539 Hi there, we're here to help. Please send us a message and we can work on getting this sorted. https://t.co/eXwzpNPj8C",
1545940,478757,Sat Nov 04 04:28:31 +0000 2017,@TwitterSupport i can’t unlock my other account please help,1545939,TwitterSupport,Sat Nov 04 05:17:07 +0000 2017,@478757 We are here to help. Please send us a message and we'll get started looking into this for you. https://t.co/eXwzpNPj8C,
1546934,479000,Sat Dec 02 01:24:15 +0000 2017,@TwitterSupport I wish you would help me,1546933,TwitterSupport,Sat Dec 02 01:29:43 +0000 2017,@479000 Thanks for getting in touch. Send us a message and we'll get started helping you out. https://t.co/eXwzpNPj8C,
154824,151496,Fri Nov 24 16:53:20 +0000 2017,I was literally beaten up in a violent hate crime please help @TwitterSupport,154823,TwitterSupport,Fri Nov 24 16:55:37 +0000 2017,@151496 Thanks for getting in touch. Send us a message and we'll get started helping you out. https://t.co/eXwzpNPj8C,
154826,151497,Fri Nov 24 16:35:16 +0000 2017,@TwitterSupport please suspend @9053 she is maintaining twitter boyfriends and provoking them to harass other heroine fans !!,154825,TwitterSupport,Fri Nov 24 16:37:29 +0000 2017,@151497 Thanks for letting us know about this. Please send us a message and we can begin working on this issue. https://t.co/eXwzpNPj8C,
154828,151498,Fri Nov 24 14:21:27 +0000 2017,"@TwitterSupport 
Help please?",154827,TwitterSupport,Fri Nov 24 14:57:16 +0000 2017,"@151498 Hi, thanks for getting in touch. Please send us a message and we'll get started working through this. https://t.co/eXwzpNPj8C",
154831,151499,Fri Nov 24 13:19:22 +0000 2017,@151500 @151501 @TwitterSupport plz help @151500,154830,TwitterSupport,Fri Nov 24 14:54:16 +0000 2017,"@151499 Hi there, we're here to help. Please send us a message and we can work on getting this sorted. https://t.co/eXwzpNPj8C",
1552138,480263,Sat Nov 04 03:08:11 +0000 2017,Dear @TwitterSupport @123765  how to deactivate my another account which I’m not using it . Pls help,1552137,TwitterSupport,Sat Nov 04 03:56:48 +0000 2017,"@480263 Hi, please send us a message and we'll look into this with you. https://t.co/eXwzpNPj8C",
1560466,482151,Tue Oct 17 04:03:08 +0000 2017,@TwitterSupport I have an URGENT issue please contact me,1560465,TwitterSupport,Tue Oct 17 04:15:30 +0000 2017,@482151 We are here to help. Please send us a message and we'll get started looking into this for you. https://t.co/5TkIRqD4sE,
1560468,482152,Tue Oct 17 03:00:16 +0000 2017,@123765 @TwitterSupport what does someone have to do if they forgot their password and entered their email wrong?,1560467,TwitterSupport,Tue Oct 17 03:16:44 +0000 2017,"@482152 Hi, please send us a message and we'll look into this with you. https://t.co/5TkIRqD4sE",
1583605,487360,Sat Nov 04 17:57:15 +0000 2017,@484690 Yes you are @794 help me,1583604,TwitterSupport,Sat Nov 04 18:11:47 +0000 2017,"@487360 Hi there, we're here to help. Please send us a message and we can work on getting this sorted. https://t.co/eXwzpNPj8C",
1584430,306229,Sat Oct 28 21:15:33 +0000 2017,"Hello @TwitterSupport , I’d love to report an account for abusive content. https://t.co/Vn2Zm1zOWt",1584429,TwitterSupport,Sat Oct 28 21:20:56 +0000 2017,"@306229 Hi, thanks for getting in touch. Please send us a message and we'll get started working through this. https://t.co/eXwzpNPj8C",
1584432,160874,Sat Oct 28 20:54:18 +0000 2017,"@twittersupport this acct using multiple Twitter Accts to stalk and harass @487553 , @72769 are the other accts https://t.co/1rxMZFmtvE",1584431,TwitterSupport,Sat Oct 28 21:18:45 +0000 2017,@160874 We are here to help. Please send us a message and we'll get started looking into this for you. https://t.co/eXwzpNPj8C,
1584434,487554,Sat Oct 28 20:35:41 +0000 2017,@TwitterSupport I need your help!,1584433,TwitterSupport,Sat Oct 28 20:40:46 +0000 2017,"@487554 Hi there, we're here to help. Please send us a message and we can work on getting this sorted. https://t.co/eXwzpNPj8C",
1584436,487555,Sat Oct 28 18:48:31 +0000 2017,I need y'all help @TwitterSupport,1584435,TwitterSupport,Sat Oct 28 18:48:59 +0000 2017,@487555 We are here to help. Please send us a message and we'll get started looking into this for you. https://t.co/eXwzpNPj8C,
1586678,488125,Sat Nov 04 17:15:53 +0000 2017,@TwitterSupport HELP https://t.co/lrNlB75X5p,1586677,TwitterSupport,Sat Nov 04 17:21:25 +0000 2017,@488125 We are here to help. Please send us a message and we'll get started looking into this for you. https://t.co/eXwzpNPj8C,
1586680,488126,Sat Nov 04 16:02:33 +0000 2017,@488127 help us @TwitterSupport,1586679,TwitterSupport,Sat Nov 04 16:16:30 +0000 2017,"@488126 Thanks for reaching out, we are happy to help. Please send us a message and we can get started. https://t.co/eXwzpNPj8C",
1586686,488128,Sat Nov 04 15:38:07 +0000 2017,@64859 @TwitterSupport I’m being harassed https://t.co/GSzEnvxq6B,1586685,TwitterSupport,Sat Nov 04 16:01:19 +0000 2017,"@488128 Thanks for reaching out, we are happy to help. Please send us a message and we can get started. https://t.co/eXwzpNPj8C",
1586689,488129,Sat Dec 02 23:37:41 +0000 2017,@TwitterSupport help,1586688,TwitterSupport,Sat Dec 02 23:47:37 +0000 2017,@488129 Thanks for getting in touch. Send us a message and we'll get started helping you out. https://t.co/eXwzpNPj8C,
1588013,488412,Sat Nov 04 22:39:17 +0000 2017,@TwitterSupport plz help,1588012,TwitterSupport,Sat Nov 04 22:45:00 +0000 2017,"@488412 Thanks for reaching out, we are happy to help. Please send us a message and we can get started. https://t.co/eXwzpNPj8C",
1588018,488413,Sat Nov 04 22:15:11 +0000 2017,@488414 @12 @TwitterSupport found troll get rid of it.,1588017,TwitterSupport,Sat Nov 04 22:23:00 +0000 2017,@488413 Thanks for getting in touch. Send us a message and we'll get started helping you out. https://t.co/eXwzpNPj8C,
1588021,488415,Sat Nov 04 21:34:18 +0000 2017,@TwitterSupport pls help me! My other account has been locked so I went to log into my email to change my password but it won’t let me!,1588020,TwitterSupport,Sat Nov 04 22:20:54 +0000 2017,@488415 Thanks for getting in touch. Send us a message and we'll get started helping you out. https://t.co/eXwzpNPj8C,
1592770,489550,Sat Nov 04 23:58:58 +0000 2017,@TwitterSupport @TwitterSupport help,1592769,TwitterSupport,Sun Nov 05 00:37:27 +0000 2017,@489550 Thanks for getting in touch. Send us a message and we'll get started helping you out. https://t.co/eXwzpNPj8C,
1592774,489551,Sat Nov 04 23:07:01 +0000 2017,@123765 @TwitterSupport @129570 help,1592773,TwitterSupport,Sat Nov 04 23:26:54 +0000 2017,"@489551 Hi there, we're here to help. Please send us a message and we can work on getting this sorted. https://t.co/eXwzpNPj8C",
1592776,489552,Sat Nov 04 23:02:10 +0000 2017,@TwitterSupport i need help with something,1592775,TwitterSupport,Sat Nov 04 23:24:23 +0000 2017,"@489552 Thanks for reaching out, we are happy to help. Please send us a message and we can get started. https://t.co/eXwzpNPj8C",
1592786,489554,Tue Oct 24 00:21:33 +0000 2017,"@47783 .@TwitterSupport 

2 lewd, sexually abusive tweets to report from .@47783

↘️SUSPEND THIS ACCT↘️ https://t.co/VcC1aupXKX",1592785,TwitterSupport,Tue Oct 24 00:22:39 +0000 2017,"@489554 Hi, thanks for getting in touch. Please send us a message and we'll get started working through this. https://t.co/eXwzpNPj8C",
1602128,491787,Sun Nov 05 04:34:42 +0000 2017,@491788 hey @TwitterSupport i'm being bullied,1602127,TwitterSupport,Sun Nov 05 05:01:41 +0000 2017,@491787 Thanks for getting in touch. Send us a message and we'll get started helping you out. https://t.co/eXwzpNPj8C,
1602132,491789,Sun Nov 05 03:37:45 +0000 2017,"Dear @TwitterSupport ,this guy @491790 , is abusing, racially and genderwise. Please block this id. https://t.co/LfMucZbxAt",1602131,TwitterSupport,Sun Nov 05 04:02:41 +0000 2017,"@491789 Thanks for reaching out, we are happy to help. Please send us a message and we can get started. https://t.co/eXwzpNPj8C",
1602136,491791,Sun Nov 05 03:09:07 +0000 2017,@TwitterSupport hello. I am trying to get into one of my accounts but I forgot the password. Can you help me,1602135,TwitterSupport,Sun Nov 05 03:46:51 +0000 2017,"@491791 Thanks for reaching out, we are happy to help. Please send us a message and we can get started. https://t.co/eXwzpNPj8C",
1604482,492246,Sun Nov 05 07:37:43 +0000 2017,@492247 omg @TwitterSupport help this persons harassing me,1604481,TwitterSupport,Sun Nov 05 08:22:13 +0000 2017,@492246 Thanks for getting in touch. Send us a message and we'll get started helping you out. https://t.co/eXwzpNPj8C,
1609869,494233,Sun Nov 05 09:16:34 +0000 2017,@TwitterSupport Any help?,1609868,TwitterSupport,Sun Nov 05 10:25:40 +0000 2017,"@494233 Hi there, we're here to help. Please send us a message and we can work on getting this sorted. https://t.co/eXwzpNPj8C",
1609872,494234,Sun Nov 05 09:30:06 +0000 2017,@TwitterSupport help me,1609871,TwitterSupport,Sun Nov 05 09:40:00 +0000 2017,"@494234 Hi there, we're here to help. Please send us a message and we can work on getting this sorted. https://t.co/eXwzpNPj8C",
1609874,494235,Sun Nov 05 08:30:21 +0000 2017,@TwitterSupport Please help,1609873,TwitterSupport,Sun Nov 05 09:14:10 +0000 2017,@494235 Thanks for letting us know about this. Please send us a message and we can begin working on this issue. https://t.co/eXwzpNPj8C,
1614486,495227,Sun Nov 26 02:26:43 +0000 2017,@TwitterSupport this account @65810 is impersonating me.,1614485,TwitterSupport,Sun Nov 26 03:10:06 +0000 2017,@495227 Thanks for getting in touch. Send us a message and we'll get started helping you out. https://t.co/eXwzpNPj8C,
1614488,495228,Sun Nov 26 01:20:32 +0000 2017,@123765 @TwitterSupport he's threatening and harassing me https://t.co/2jSnfL6scd,1614487,TwitterSupport,Sun Nov 26 01:58:31 +0000 2017,@495228 Thanks for getting in touch. Send us a message and we'll get started helping you out. https://t.co/eXwzpNPj8C,
1614490,188714,Sat Nov 25 23:09:38 +0000 2017,@495229 @TwitterSupport please deactivate this account he’s bullying me,1614489,TwitterSupport,Sat Nov 25 23:50:45 +0000 2017,@188714 Thanks for getting in touch. Send us a message and we'll get started helping you out. https://t.co/eXwzpNPj8C,
1614495,495230,Sat Nov 25 23:04:29 +0000 2017,@495231 @TwitterSupport help me,1614494,TwitterSupport,Sat Nov 25 23:34:18 +0000 2017,"@495230 Hi there, we're here to help. Please send us a message and we can work on getting this sorted. https://t.co/eXwzpNPj8C",
1614500,495232,Sat Nov 25 22:42:16 +0000 2017,@TwitterSupport hey can u help me,1614499,TwitterSupport,Sat Nov 25 22:43:23 +0000 2017,@495232 Thanks for getting in touch. Send us a message and we'll get started helping you out. https://t.co/eXwzpNPj8C,
1621821,496941,Tue Oct 17 11:00:19 +0000 2017,@TwitterSupport @65996 Please help me 🙏,1621820,TwitterSupport,Tue Oct 17 11:05:36 +0000 2017,"@496941 Hi there, we're here to help. Please send us a message and we can work on getting this sorted. https://t.co/5TkIRqD4sE",
1629717,498833,Tue Oct 24 18:41:30 +0000 2017,"@498834 .@498834 falsely claims to be the person in its profile pic, &amp; harasses women by posting pics &amp; calling them sluts. @TwitterSupport?",1629716,TwitterSupport,Tue Oct 24 18:55:32 +0000 2017,@498833 Thanks for letting us know about this. Please send us a message and we can begin working on this issue. https://t.co/eXwzpNPj8C,
1637706,500846,Sun Nov 05 21:02:25 +0000 2017,"@500847 @500848 @TwitterSupport please help, this lady is harassing me!",1637705,TwitterSupport,Sun Nov 05 21:06:53 +0000 2017,@500846 Thanks for letting us know about this. Please send us a message and we can begin working on this issue. https://t.co/eXwzpNPj8C,
1637711,500849,Sun Nov 05 19:59:49 +0000 2017,@TwitterSupport someone who has blocked me has hash tagged my name into an abusive tweet - what do I do about this? How can I report him,1637710,TwitterSupport,Sun Nov 05 20:05:05 +0000 2017,"@500849 Hi there, we're here to help. Please send us a message and we can work on getting this sorted. https://t.co/eXwzpNPj8C",
1637713,500850,Sun Nov 05 19:32:28 +0000 2017,@TwitterSupport help,1637712,TwitterSupport,Sun Nov 05 19:48:32 +0000 2017,@500850 We are here to help. Please send us a message and we'll get started looking into this for you. https://t.co/eXwzpNPj8C,
1641441,501805,Fri Dec 01 06:28:13 +0000 2017,@501806 @123765 @TwitterSupport I'm getting verbally abused and I don't like this,1641440,TwitterSupport,Fri Dec 01 07:12:26 +0000 2017,@501805 Thanks for getting in touch. Send us a message and we'll get started helping you out. https://t.co/eXwzpNPj8C,
1641457,501811,Fri Dec 01 06:26:32 +0000 2017,@TwitterSupport @TwitterSupport @TwitterSupport @TwitterSupport @TwitterSupport HELP,1641456,TwitterSupport,Fri Dec 01 07:11:21 +0000 2017,@501811 We are here to help. Please send us a message and we'll get started looking into this for you. https://t.co/eXwzpNPj8C,
1679685,160870,Tue Oct 17 15:47:21 +0000 2017,i’m being bullied by @67808 pls help me @TwitterSupport,1679684,TwitterSupport,Tue Oct 17 15:48:27 +0000 2017,@160870 Thanks for getting in touch. Send us a message and we'll get started helping you out. https://t.co/5TkIRqD4sE,
168740,TwitterSupport,Fri Nov 24 21:00:08 +0000 2017,This happened for less than a week for people who had enabled Tweeting with location in their settings – but may not have intended to tag a city in these specific Tweets. The issue did not occur for people who had location Tweeting turned off in their settings.,168736,TwitterSupport,Fri Nov 24 21:00:26 +0000 2017,"We've removed the locations from potentially affected Tweets &amp; are directly emailing those who may have been impacted, if an email address has been provided to us. We take these types of issues seriously. We’re sorry this occurred &amp; will continue our work to make Twitter better.","168737,168738,168739"
168744,TwitterSupport,Fri Nov 24 20:59:53 +0000 2017,"We’ve discovered an issue for a small percentage of people who recently had location sharing on, Tweeted from https://t.co/fuPJa3nVky, and tapped to add an emoji or GIF. In certain instances, a city-level location was also included in the Tweet.",168740,TwitterSupport,Fri Nov 24 21:00:08 +0000 2017,This happened for less than a week for people who had enabled Tweeting with location in their settings – but may not have intended to tag a city in these specific Tweets. The issue did not occur for people who had location Tweeting turned off in their settings.,"168736,168743"
1709633,518009,Tue Oct 17 17:04:41 +0000 2017,@TwitterSupport CAN I GET AN ACTUAL PERSON TO HELP ME,1709632,TwitterSupport,Tue Oct 17 17:06:41 +0000 2017,"@518009 Hi there, we're here to help. Please send us a message and we can work on getting this sorted. https://t.co/5TkIRqD4sE",
1709635,478089,Tue Oct 17 16:34:19 +0000 2017,@TwitterSupport please help me because I’m being atacked. Thanks. https://t.co/xrBw9sPIpT,1709634,TwitterSupport,Tue Oct 17 16:39:04 +0000 2017,"@478089 Hi, thanks for getting in touch. Please send us a message and we'll get started working through this. https://t.co/5TkIRqD4sE",
1734327,523727,Tue Oct 17 18:20:41 +0000 2017,"@TwitterSupport Being impersonated - someone from Newnan, Georgia using my pics on dating/adult sites (I'm in Canada) HELP! Verify please? https://t.co/fresTydBJb",1734326,TwitterSupport,Tue Oct 17 18:25:47 +0000 2017,"@69470 Hi there, we're here to help. Please send us a message and we can work on getting this sorted. https://t.co/5TkIRqD4sE",
1750506,527530,Tue Oct 17 20:29:42 +0000 2017,"@TwitterSupport @123765 I've blocked this stalker 100 times! Please help, he's at it again. https://t.co/YCGSeomLD3",1750504,TwitterSupport,Tue Oct 17 20:39:23 +0000 2017,@527530 We are here to help. Please send us a message and we'll get started looking into this for you. https://t.co/5TkIRqD4sE,1750505
1750512,527531,Tue Oct 17 19:47:19 +0000 2017,Can someone from @TwitterSupport contact me please?,1750511,TwitterSupport,Tue Oct 17 19:51:38 +0000 2017,@527531 Thanks for getting in touch. Send us a message and we'll get started helping you out. https://t.co/5TkIRqD4sE,
1775360,480193,Wed Nov 08 04:58:42 +0000 2017,@533497 @TwitterSupport Change password ASAP,1775359,TwitterSupport,Wed Nov 08 05:17:03 +0000 2017,@480193 Thanks for getting in touch. Send us a message and we'll get started helping you out. https://t.co/eXwzpNPj8C,
1775671,533589,Tue Oct 10 22:20:20 +0000 2017,@TwitterSupport hi I'm being harassed https://t.co/ogwtXAVsbY,1775670,TwitterSupport,Tue Oct 10 22:24:22 +0000 2017,@533589 We'd be happy to look into this for you. Please send us a message and we can get started working through this. https://t.co/5TkIRqD4sE,
1781105,535128,Wed Oct 11 20:17:14 +0000 2017,"@TwitterSupport Hi, I am trying to get the account with my business name. It hasnt been active for years. Its impersonating",1781104,TwitterSupport,Wed Oct 11 21:56:31 +0000 2017,"@535128 Hi, thanks for getting in touch. Please send us a message and we'll get started working through this. https://t.co/5TkIRqD4sE",
1782657,535576,Tue Oct 17 22:08:19 +0000 2017,Help she's exposing my nudes @TwitterSupport https://t.co/otZsDkB67h,1782656,TwitterSupport,Tue Oct 17 22:10:40 +0000 2017,"@535576 Hi, please send us a message and we'll look into this with you. https://t.co/5TkIRqD4sE",
1782661,535578,Tue Oct 17 21:38:02 +0000 2017,"@129570 @TwitterSupport @12 @487 @146 

🛑
These accoun are offensive and insulting and target others
1
https://t.co/OsDCAg6Blj",1782660,TwitterSupport,Tue Oct 17 21:44:13 +0000 2017,"@535578 Hi, please send us a message and we'll look into this with you. https://t.co/5TkIRqD4sE",
1790928,537968,Thu Oct 12 20:48:31 +0000 2017,"So 6 Gorillian👇&amp; his back up account of blatant Jew hate, holocaust denial &amp; racism is allowed by @123765 @TwitterSupport @12 @146 😡😡 https://t.co/2rZOkNNEkJ",1790927,TwitterSupport,Thu Oct 12 20:50:22 +0000 2017,@537968 We'd be happy to look into this for you. Please send us a message and we can get started working through this. https://t.co/5TkIRqD4sE,
1797922,540233,Wed Oct 18 00:36:00 +0000 2017,"Dear @TwitterSupport, this counts as a violation of your policies, correct? Just checking. https://t.co/esJGpNEKOY",1797921,TwitterSupport,Wed Oct 18 00:37:13 +0000 2017,@540233 Thanks for getting in touch. Send us a message and we'll get started helping you out. https://t.co/5TkIRqD4sE,
1812353,544478,Sun Oct 15 04:30:45 +0000 2017,@544479 @12 @TwitterSupport @123765 im being bullied,1812352,TwitterSupport,Sun Oct 15 04:36:58 +0000 2017,@544478 Thanks for letting us know about this! Please send us a message and we'll get started on helping you out. https://t.co/5TkIRqD4sE,
1815676,545426,Wed Oct 18 02:32:49 +0000 2017,"@TwitterSupport Hi, can you help to recover an old Twitter account?",1815675,TwitterSupport,Wed Oct 18 02:50:02 +0000 2017,@545426 We are here to help. Please send us a message and we'll get started looking into this for you. https://t.co/5TkIRqD4sE,
1815678,545427,Wed Oct 18 02:36:52 +0000 2017,@545428 @TwitterSupport   @7618   HELP&gt;........HELP,1815677,TwitterSupport,Wed Oct 18 02:49:22 +0000 2017,"@545427 Hi there, we're here to help. Please send us a message and we can work on getting this sorted. https://t.co/5TkIRqD4sE",
1815682,162002,Wed Oct 18 02:06:39 +0000 2017,Help @TwitterSupport ??,1815680,TwitterSupport,Wed Oct 18 02:29:45 +0000 2017,"@162002 Hi there, we're here to help. Please send us a message and we can work on getting this sorted. https://t.co/5TkIRqD4sE",1815681
1815685,402084,Wed Oct 18 02:05:20 +0000 2017,@twittersupport help!,1815684,TwitterSupport,Wed Oct 18 02:29:24 +0000 2017,@402084 We are here to help. Please send us a message and we'll get started looking into this for you. https://t.co/5TkIRqD4sE,
1815691,545432,Wed Oct 18 01:21:53 +0000 2017,@545433 @TwitterSupport a little help here,1815690,TwitterSupport,Wed Oct 18 01:29:12 +0000 2017,"@545432 Hi there, we're here to help. Please send us a message and we can work on getting this sorted. https://t.co/5TkIRqD4sE",
1826381,548203,Sun Oct 29 12:10:12 +0000 2017,@58952 @TwitterSupport please help me this account threatened to kill me,1826380,TwitterSupport,Sun Oct 29 12:20:18 +0000 2017,"@548203 Thanks for reaching out, we are happy to help. Please send us a message and we can get started. https://t.co/eXwzpNPj8C",
1826384,548204,Sun Oct 29 11:26:10 +0000 2017,"@TwitterSupport there’s an old man harassing me on twitter, I’m only 12 years old please help me I’m scared",1826383,TwitterSupport,Sun Oct 29 11:38:38 +0000 2017,@548204 Thanks for getting in touch. Send us a message and we'll get started helping you out. https://t.co/eXwzpNPj8C,
1827066,204690,Wed Oct 18 03:29:30 +0000 2017,@196597 @TwitterSupport help.,1827065,TwitterSupport,Wed Oct 18 03:44:52 +0000 2017,"@204690 Hi there, we're here to help. Please send us a message and we can work on getting this sorted. https://t.co/5TkIRqD4sE",
1827069,548377,Wed Oct 18 03:24:34 +0000 2017,Hey @TwitterSupport  how do I change my e mail contact please?,1827068,TwitterSupport,Wed Oct 18 03:38:20 +0000 2017,@548377 We are here to help. Please send us a message and we'll get started looking into this for you. https://t.co/5TkIRqD4sE,
183919,159264,Mon Oct 02 02:41:46 +0000 2017,@TwitterSupport help,183918,TwitterSupport,Mon Oct 02 02:56:02 +0000 2017,@159264 Thanks for getting in touch. Send us a message and we'll get started helping you out. https://t.co/5TkIRqD4sE,
1839770,551371,Sun Oct 29 18:48:25 +0000 2017,"@129570 @TwitterSupport 
These accounts exist purely to harass people including me as well as several of my followers.
Please suspend https://t.co/rZ44084pma",1839769,TwitterSupport,Sun Oct 29 18:57:12 +0000 2017,"@551371 Hi, please send us a message and we'll look into this with you. https://t.co/eXwzpNPj8C",
1839772,475595,Sun Oct 29 18:39:28 +0000 2017,@TwitterSupport could you help me?,1839771,TwitterSupport,Sun Oct 29 18:41:02 +0000 2017,@475595 Thanks for getting in touch. Send us a message and we'll get started helping you out. https://t.co/eXwzpNPj8C,
1840007,551439,Wed Oct 18 04:53:27 +0000 2017,"@TwitterSupport please help me out here, you guys won't respond to my attempts to contact you otherwise",1840006,TwitterSupport,Wed Oct 18 05:01:25 +0000 2017,"@551439 Hi, please send us a message and we'll look into this with you. https://t.co/5TkIRqUFRe",
1860548,556168,Thu Oct 19 15:44:14 +0000 2017,Is this a threat? @12 @TwitterSupport https://t.co/z6fyhoJ5It,1860547,TwitterSupport,Thu Oct 19 15:47:11 +0000 2017,@556168 We'd be happy to look into this for you. Please send us a message and we can get started working through this. https://t.co/5TkIRqD4sE,
1866541,411103,Fri Oct 20 16:50:54 +0000 2017,I'd like to report an act of bullying @TwitterSupport https://t.co/vXXwAKcqYb,1866540,TwitterSupport,Fri Oct 20 16:52:41 +0000 2017,@411103 Thanks for letting us know about this. Please send us a message and we can begin working on this issue. https://t.co/5TkIRqD4sE,
1870381,558609,Thu Oct 19 22:21:56 +0000 2017,@TwitterSupport I have an old account called @75448 and forgot my password. I also do not use the email associated with the account. What do I do?????,1870380,TwitterSupport,Thu Oct 19 22:23:59 +0000 2017,"@558609 Hi, thanks for getting in touch. Please send us a message and we'll get started working through this. https://t.co/5TkIRqD4sE",
1871755,166538,Fri Oct 20 00:04:03 +0000 2017,"Hey @TwitterSupport , can you help me w something?",1871754,TwitterSupport,Fri Oct 20 00:12:58 +0000 2017,"@166538 Hi, thanks for getting in touch. Please send us a message and we'll get started working through this. https://t.co/5TkIRqD4sE",
1874848,559710,Sat Oct 21 23:29:44 +0000 2017,"I'm a child sex abuse survivor.  Didn't come on @38435 for abuse, intimidation or threats aimed at me.  Sort it out!!!!!!! @TwitterSupport",1874847,TwitterSupport,Sat Oct 21 23:39:03 +0000 2017,@559710 Thanks for letting us know about this. Please send us a message and we can begin working on this issue. https://t.co/5TkIRqD4sE,
1890793,436005,Sun Oct 22 18:00:16 +0000 2017,@123765 @TwitterSupport This is targeted abuse and mocking someone’s death. This account needs to be suspended. https://t.co/8mV9gLYViX,1890792,TwitterSupport,Sun Oct 22 18:18:11 +0000 2017,@436005 Thanks for letting us know about this. Please send us a message and we can begin working on this issue. https://t.co/5TkIRqD4sE,
1899671,566151,Mon Oct 23 20:23:01 +0000 2017,"@566152 @566153 @566154 @TwitterSupport He will say he didn't mean physically ""attack"" but he damn sure meant it as a threat.",1899670,TwitterSupport,Mon Oct 23 20:39:52 +0000 2017,@566151 We'd be happy to look into this for you. Please send us a message and we can get started working through this. https://t.co/5TkIRqD4sE,
1900565,566379,Mon Oct 23 22:23:33 +0000 2017,"@TwitterSupport 
This person won't stop sending me threats. Please, take some form of action. https://t.co/CfwfEjXbfY",1900564,TwitterSupport,Mon Oct 23 22:26:28 +0000 2017,"@566379 Hi, thanks for getting in touch. Please send us a message and we'll get started working through this. https://t.co/eXwzpNPj8C",
1900596,566388,Mon Oct 23 22:19:13 +0000 2017,@TwitterSupport Just messaging you to let you know I still can't access one of my accounts.,1900595,TwitterSupport,Mon Oct 23 22:20:35 +0000 2017,"@566388 Hi, thanks for getting in touch. Please send us a message and we'll get started working through this. https://t.co/eXwzpNPj8C",
190134,160582,Mon Oct 02 01:55:38 +0000 2017,@TwitterSupport I'm being bullied what should I do?,190133,TwitterSupport,Mon Oct 02 02:01:16 +0000 2017,@160582 Thanks for getting in touch. Send us a message and we'll get started helping you out. https://t.co/5TkIRqD4sE,
190136,160583,Mon Oct 02 01:07:49 +0000 2017,Yep I'm 15. @TwitterSupport this guys trying to harass me &amp; im 15 https://t.co/qhsRvJCwCl,190135,TwitterSupport,Mon Oct 02 01:43:06 +0000 2017,@160583 Thanks for getting in touch. Send us a message and we'll get started helping you out. https://t.co/5TkIRqD4sE,
1905937,567928,Sun Nov 26 07:13:00 +0000 2017,@567929 @TwitterSupport @12 I'm being harassed please stop this man,1905936,TwitterSupport,Sun Nov 26 07:43:32 +0000 2017,"@567928 Hi there, we're here to help. Please send us a message and we can work on getting this sorted. https://t.co/eXwzpNPj8C",
1905942,567930,Sun Nov 26 05:12:44 +0000 2017,"@567931 @TwitterSupport, shayla is harassing me with inappropriate language.",1905941,TwitterSupport,Sun Nov 26 05:29:42 +0000 2017,"@567930 Hi, thanks for getting in touch. Please send us a message and we'll get started working through this. https://t.co/eXwzpNPj8C",
1908713,265744,Tue Oct 24 18:18:31 +0000 2017,@784 @129570 @TwitterSupport Pls take action against this man for using abusive language &amp; maintaining fake profile. Thanks https://t.co/0OVNaShys0,1908712,TwitterSupport,Tue Oct 24 18:20:03 +0000 2017,@265744 We'd be happy to look into this for you. Please send us a message and we can get started working through this. https://t.co/eXwzpNPj8C,
190981,119334,Wed Oct 04 21:41:40 +0000 2017,@160844 @12342 Threatening violence. @twittersupport @12 Reported and blocked.,190980,TwitterSupport,Wed Oct 04 21:49:59 +0000 2017,"@119334 Hi, please send us a message and we'll look into this with you. https://t.co/5TkIRqD4sE",
190984,160845,Wed Oct 04 20:18:36 +0000 2017,"PLEASE REPORT THIS USER/ABUSER/Anarchist to @123765 @TwitterSupport @12 
ASK that this account person
be permanently REMOVED 
🙏🇺🇸🇺🇸🇺🇸🇺🇸🇺🇸 https://t.co/tNCmY69YcY",190983,TwitterSupport,Wed Oct 04 20:30:22 +0000 2017,"@160845 Hi, please send us a message and we'll look into this with you. https://t.co/5TkIRqD4sE",
190993,160847,Wed Oct 04 19:37:59 +0000 2017,@160848 @12385 @TwitterSupport pls help a fella out @123765,190991,TwitterSupport,Wed Oct 04 19:43:08 +0000 2017,"@160847 Thanks for reaching out, we are happy to help. Please send us a message and we can get started. https://t.co/5TkIRqD4sE",190992
190996,160849,Wed Oct 04 18:39:22 +0000 2017,@12 @123765 @TwitterSupport @12169 @12170 help?,190995,TwitterSupport,Wed Oct 04 19:07:07 +0000 2017,@160849 Thanks for letting us know about this. Please send us a message and we can begin working on this issue. https://t.co/5TkIRqD4sE,
191000,160850,Wed Oct 04 18:57:14 +0000 2017,"@123765 @TwitterSupport 
Need help!! 
Please help in logging in this account @12347",190999,TwitterSupport,Wed Oct 04 19:03:07 +0000 2017,"@160850 Hi there, we're here to help. Please send us a message and we can work on getting this sorted. https://t.co/5TkIRqD4sE",
191002,160851,Wed Oct 04 18:56:42 +0000 2017,@TwitterSupport @12589 @123765 could you help pls????,191001,TwitterSupport,Wed Oct 04 18:59:12 +0000 2017,@160851 Thanks for getting in touch. Send us a message and we'll get started helping you out. https://t.co/5TkIRqD4sE,
191006,160852,Wed Oct 04 18:37:51 +0000 2017,@TwitterSupport pls help https://t.co/FwUwlxyeN3,191005,TwitterSupport,Wed Oct 04 18:48:07 +0000 2017,@160852 We are here to help. Please send us a message and we'll get started looking into this for you. https://t.co/5TkIRqD4sE,
191008,160853,Wed Oct 04 17:53:05 +0000 2017,"@TwitterSupport I can't log in to my account, and I have written to support so many times but still no solution,
Username: @12303",191007,TwitterSupport,Wed Oct 04 18:00:17 +0000 2017,@160853 We are here to help. Please send us a message and we'll get started looking into this for you. https://t.co/5TkIRqD4sE,
191010,160854,Wed Oct 04 17:36:24 +0000 2017,@TwitterSupport I’m being bullied https://t.co/ibaEOZrfeg,191009,TwitterSupport,Wed Oct 04 17:38:56 +0000 2017,@160854 Thanks for letting us know about this. Please send us a message and we can begin working on this issue. https://t.co/5TkIRqD4sE,
191012,160855,Wed Oct 04 17:29:02 +0000 2017,Hey @TwitterSupport i need Help,191011,TwitterSupport,Wed Oct 04 17:33:26 +0000 2017,"@160855 Hi there, we're here to help. Please send us a message and we can work on getting this sorted. https://t.co/5TkIRqD4sE",
191015,160856,Wed Oct 04 17:04:27 +0000 2017,"@@TwitterSupport
Unable to reset password on regular account, bad link, Using new account to ask  for help. Regular acct- @160857.",191013,TwitterSupport,Wed Oct 04 17:05:31 +0000 2017,"@160856 Thanks for reaching out, we are happy to help. Please send us a message and we can get started. https://t.co/5TkIRqD4sE",191014
191018,160858,Wed Oct 04 16:20:08 +0000 2017,@TwitterSupport Hi! I'm trying to do a password reset but the email address tied to this account has been shutdown (domain closed). Help!,191017,TwitterSupport,Wed Oct 04 16:22:31 +0000 2017,"@160858 Hi, thanks for getting in touch. Please send us a message and we'll get started working through this. https://t.co/5TkIRqD4sE",
191020,160859,Wed Oct 04 13:12:59 +0000 2017,@TwitterSupport i need help,191019,TwitterSupport,Wed Oct 04 14:15:59 +0000 2017,"@160859 Thanks for reaching out, we are happy to help. Please send us a message and we can get started. https://t.co/5TkIRqD4sE",
191022,160860,Wed Oct 04 13:12:51 +0000 2017,"@TwitterSupport hi, I need your help.",191021,TwitterSupport,Wed Oct 04 14:14:24 +0000 2017,"@160860 Hi, thanks for getting in touch. Please send us a message and we'll get started working through this. https://t.co/5TkIRqD4sE",
191024,160861,Wed Oct 04 11:43:44 +0000 2017,@TwitterSupport help,191023,TwitterSupport,Wed Oct 04 12:36:37 +0000 2017,@160861 Thanks for getting in touch. Send us a message and we'll get started helping you out. https://t.co/5TkIRqD4sE,
191026,160862,Wed Oct 04 11:26:30 +0000 2017,@12121 account was created by Ex team members of our company. please remove this account. @784 @TwitterSupport,191025,TwitterSupport,Wed Oct 04 12:16:40 +0000 2017,@160862 Thanks for getting in touch. Send us a message and we'll get started helping you out. https://t.co/5TkIRqD4sE,
191028,160863,Wed Oct 04 09:58:48 +0000 2017,"@TwitterSupport hi, I need help",191027,TwitterSupport,Wed Oct 04 10:44:35 +0000 2017,"@160863 Hi, please send us a message and we'll look into this with you. https://t.co/5TkIRqD4sE",
191031,160864,Wed Oct 04 08:56:11 +0000 2017,@TwitterSupport I need help logging into my old twitter account. I no longer have access to the registered email. @12287 - help me,191029,TwitterSupport,Wed Oct 04 09:35:55 +0000 2017,"@160864 Hi, thanks for getting in touch. Please send us a message and we'll get started working through this. https://t.co/5TkIRqD4sE",191030
191035,160865,Wed Oct 04 08:41:57 +0000 2017,"@TwitterSupport I cant get back my account ,I know the username and password but I can't answer the security question ( email ) I forgot it",191034,TwitterSupport,Wed Oct 04 08:59:20 +0000 2017,"@160865 Hi, please send us a message and we'll look into this with you. https://t.co/5TkIRqD4sE",
191037,160866,Wed Oct 04 05:31:52 +0000 2017,@TwitterSupport Ive been locked out of a previous account with the wrong phone number my email is available i need help,191036,TwitterSupport,Wed Oct 04 06:06:36 +0000 2017,@160866 Thanks for getting in touch. Send us a message and we'll get started helping you out. https://t.co/5TkIRqD4sE,
191039,160867,Wed Oct 04 04:04:39 +0000 2017,.@TwitterSupport this seems unnecessarily violent. https://t.co/IjksuoFfAl,191038,TwitterSupport,Wed Oct 04 05:07:23 +0000 2017,"@160867 Hi, please send us a message and we'll look into this with you. https://t.co/5TkIRqD4sE",
191041,160868,Wed Oct 04 00:48:58 +0000 2017,@160869 Please stop. @TwitterSupport can you tell this guy to stop Tweeting at me and retweeting me to get his followers to harass me?,191040,TwitterSupport,Wed Oct 04 00:54:14 +0000 2017,"@160868 Hi, please send us a message and we'll look into this with you. https://t.co/5TkIRqD4sE",
191054,160870,Wed Oct 04 00:13:10 +0000 2017,@TwitterSupport help me https://t.co/8gHfcgvHqg,191053,TwitterSupport,Wed Oct 04 00:14:35 +0000 2017,"@160870 Hi there, we're here to help. Please send us a message and we can work on getting this sorted. https://t.co/5TkIRqD4sE",
191056,160871,Wed Oct 04 00:10:16 +0000 2017,@TwitterSupport @160872 I’d also like to make a report on @12212 and @12213 harassing me,191055,TwitterSupport,Wed Oct 04 00:11:21 +0000 2017,@160871 Thanks for getting in touch. Send us a message and we'll get started helping you out. https://t.co/5TkIRqD4sE,
191060,160873,Tue Oct 03 23:59:44 +0000 2017,@TwitterSupport hello i need you help about my account please help me,191059,TwitterSupport,Wed Oct 04 00:01:05 +0000 2017,@10615 We are here to help. Please send us a message and we'll get started looking into this for you. https://t.co/5TkIRqD4sE,
191062,160874,Tue Oct 03 21:09:54 +0000 2017,@TwitterSupport - another tweet from this user suggesting violent action against elected officials or threats of harm https://t.co/GwbDY5yrH3,191061,TwitterSupport,Tue Oct 03 21:18:47 +0000 2017,"@160874 Hi there, we're here to help. Please send us a message and we can work on getting this sorted. https://t.co/5TkIRqD4sE",
191064,160875,Tue Oct 03 21:09:15 +0000 2017,"Hi  @TwitterSupport, company email was deleted and we lost access to our account. Nothing is working. Help! See @12120",191063,TwitterSupport,Tue Oct 03 21:18:09 +0000 2017,@160875 We are here to help. Please send us a message and we'll get started looking into this for you. https://t.co/5TkIRqD4sE,
191066,160876,Tue Oct 03 19:56:41 +0000 2017,@160877 You need to be reported to Twitter and your account closed.  @TwitterSupport  please review this tweet from@rieni_otten we are reporting,191065,TwitterSupport,Tue Oct 03 20:10:53 +0000 2017,"@160876 Hi, please send us a message and we'll look into this with you. https://t.co/5TkIRqD4sE",
191069,160878,Tue Oct 03 19:44:54 +0000 2017,"@160879 @TwitterSupport ""Clare"" is threatening a charity event in Las Vegas. This type of account should not exist on Twitter. Thank you.",191068,TwitterSupport,Tue Oct 03 20:01:17 +0000 2017,@160878 Thanks for letting us know about this. Please send us a message and we can begin working on this issue. https://t.co/5TkIRqD4sE,
191074,160881,Tue Oct 03 19:20:14 +0000 2017,@123765 @TwitterSupport help me,191073,TwitterSupport,Tue Oct 03 19:21:34 +0000 2017,@160881 Thanks for getting in touch. Send us a message and we'll get started helping you out. https://t.co/5TkIRqD4sE,
191077,160882,Tue Oct 03 18:14:24 +0000 2017,"You are encouraging hatred by abusing. 03 Oct, 17 11:44 pm. Report Tweet.   #AbuseFreeIndia #Swachhagraha @TwitterSupport @160883 https://t.co/7btbRr7yvd",191076,TwitterSupport,Tue Oct 03 18:21:40 +0000 2017,"@10617 Hi, please send us a message and we'll look into this with you. https://t.co/5TkIRqD4sE",
191079,160884,Tue Oct 03 18:00:14 +0000 2017,"@TwitterSupport Take a look at this racist account. Plenty of tweets on there about Jews. 

@12266 https://t.co/Nj9C8v9wTB",191078,TwitterSupport,Tue Oct 03 18:00:56 +0000 2017,"@160884 Hi, thanks for getting in touch. Please send us a message and we'll get started working through this. https://t.co/5TkIRqD4sE",
1910795,569220,Tue Oct 24 20:35:42 +0000 2017,@569221 @TwitterSupport @TwitterSupport hi can you suspend @569221  they are harassing me,1910794,TwitterSupport,Tue Oct 24 20:36:39 +0000 2017,"@569220 Hi, thanks for getting in touch. Please send us a message and we'll get started working through this. https://t.co/eXwzpNPj8C",
191081,160885,Tue Oct 03 17:14:00 +0000 2017,this girl is bullying me @TwitterSupport https://t.co/eYQJTA3OzA,191080,TwitterSupport,Tue Oct 03 17:15:13 +0000 2017,@160885 Thanks for letting us know. Please send us a message and we'll work on getting this resolved for you. https://t.co/5TkIRqD4sE,
191085,160887,Tue Oct 03 14:01:36 +0000 2017,"@TwitterSupport plz look in2 @6276 acct he was suspended before &amp; is back at spreading hate/propaganda
Inciting violence at Vegas",191084,TwitterSupport,Tue Oct 03 14:36:51 +0000 2017,@160887 Thanks for letting us know about this. Please send us a message and we can begin working on this issue. https://t.co/5TkIRqD4sE,
191087,160888,Tue Oct 03 12:26:16 +0000 2017,@TwitterSupport I mistakenly added a new account to my phone number and want to only use this one. Help!,191086,TwitterSupport,Tue Oct 03 13:16:18 +0000 2017,@160888 Thanks for getting in touch. Send us a message and we'll get started helping you out. https://t.co/5TkIRqD4sE,
191089,160873,Tue Oct 03 08:39:42 +0000 2017,@TwitterSupport I need your help its very important. Please help me :(,191088,TwitterSupport,Tue Oct 03 09:12:15 +0000 2017,@10615 Thanks for getting in touch. Send us a message and we'll get started helping you out. https://t.co/5TkIRqD4sE,
191091,160889,Tue Oct 03 07:42:05 +0000 2017,I need ur help urgently @TwitterSupport,191090,TwitterSupport,Tue Oct 03 08:27:48 +0000 2017,"@160889 Hi there, we're here to help. Please send us a message and we can work on getting this sorted. https://t.co/5TkIRqD4sE",
191124,160904,Tue Oct 03 07:07:19 +0000 2017,@TwitterSupport please help,191123,TwitterSupport,Tue Oct 03 08:07:45 +0000 2017,"@160904 Hi there, we're here to help. Please send us a message and we can work on getting this sorted. https://t.co/5TkIRqD4sE",
191126,160905,Tue Oct 03 05:20:55 +0000 2017,@TwitterSupport How can I get twitter help?,191125,TwitterSupport,Tue Oct 03 05:49:56 +0000 2017,@160905 We are here to help. Please send us a message and we'll get started looking into this for you. https://t.co/5TkIRqD4sE,
191128,160906,Tue Oct 03 05:13:37 +0000 2017,Help Me @TwitterSupport https://t.co/RlUdC0ZS1P,191127,TwitterSupport,Tue Oct 03 05:47:47 +0000 2017,"@160906 Hi there, we're here to help. Please send us a message and we can work on getting this sorted. https://t.co/5TkIRqD4sE",
191130,160882,Tue Oct 03 04:18:55 +0000 2017,"@160883 @TwitterSupport look at this handle !
Don't know who is oprating. But he is harassing me .",191129,TwitterSupport,Tue Oct 03 04:59:11 +0000 2017,@10617 Thanks for getting in touch. Send us a message and we'll get started helping you out. https://t.co/5TkIRqD4sE,
191133,160907,Tue Oct 03 02:42:55 +0000 2017,@TwitterSupport @784 @TwitterSupport plzzz help me😰,191132,TwitterSupport,Tue Oct 03 02:56:22 +0000 2017,"@160907 Hi there, we're here to help. Please send us a message and we can work on getting this sorted. https://t.co/5TkIRqD4sE",
191136,160908,Tue Oct 03 01:35:51 +0000 2017,hi @TwitterSupport marissa is being mean to me and would unstan me bplease help,191135,TwitterSupport,Tue Oct 03 02:23:12 +0000 2017,@160908 Thanks for getting in touch. Send us a message and we'll get started helping you out. https://t.co/5TkIRqD4sE,
191138,160909,Tue Oct 03 01:18:10 +0000 2017,@TwitterSupport Im rongomez@rongomezre w/new email/pass. I wnt 2 remove my old rongomez@rongomez1 but dn't have old email/password How pls?,191137,TwitterSupport,Tue Oct 03 01:38:48 +0000 2017,"@160909 Hi, please send us a message and we'll look into this with you. https://t.co/5TkIRqD4sE",
191215,160873,Mon Oct 02 23:53:07 +0000 2017,@TwitterSupport I need your help please,191214,TwitterSupport,Mon Oct 02 23:53:49 +0000 2017,@10615 Thanks for getting in touch. Send us a message and we'll get started helping you out. https://t.co/5TkIRqD4sE,
191217,160926,Mon Oct 02 23:37:17 +0000 2017,. @TwitterSupport @123765 this account @160927 has threatened Trump supporters.  I want to report abusive tweet by @160927 https://t.co/jrppQ8E0Yg,191216,TwitterSupport,Mon Oct 02 23:40:27 +0000 2017,@160926 Thanks for getting in touch. Send us a message and we'll get started helping you out. https://t.co/5TkIRqD4sE,
191219,160928,Mon Oct 02 23:33:03 +0000 2017,@123765  @TwitterSupport Please review this hateful tweet. Clear violation of TOS. https://t.co/oUe5qJplUt,191218,TwitterSupport,Mon Oct 02 23:39:19 +0000 2017,@160928 Thanks for getting in touch. Send us a message and we'll get started helping you out. https://t.co/5TkIRqD4sE,
191221,160929,Mon Oct 02 23:20:53 +0000 2017,"@160927 
@123765 
@TwitterSupport 

Reporting threatening behavior. https://t.co/zsHMmI9jbY",191220,TwitterSupport,Mon Oct 02 23:24:30 +0000 2017,@160929 Thanks for getting in touch. Send us a message and we'll get started helping you out. https://t.co/5TkIRqD4sE,
191223,160930,Mon Oct 02 23:18:20 +0000 2017,@123765 @TwitterSupport @160931 #SuspendHer she is threatening people on @123765 https://t.co/bdMG8iA1HA,191222,TwitterSupport,Mon Oct 02 23:22:51 +0000 2017,@160930 Thanks for getting in touch. Send us a message and we'll get started helping you out. https://t.co/5TkIRqD4sE,
191225,160932,Mon Oct 02 23:13:43 +0000 2017,@160933 im being cyber bullied @TwitterSupport please suspend this account for their harsh words,191224,TwitterSupport,Mon Oct 02 23:17:11 +0000 2017,"@160932 Hi, please send us a message and we'll look into this with you. https://t.co/5TkIRqD4sE",
191230,160934,Mon Oct 02 23:12:34 +0000 2017,@160927 @123765  @TwitterSupport  plz review this as a violation of Twitter standards -,191229,TwitterSupport,Mon Oct 02 23:13:31 +0000 2017,@160934 Thanks for getting in touch. Send us a message and we'll get started helping you out. https://t.co/5TkIRqD4sE,
191233,160935,Mon Oct 02 22:55:13 +0000 2017,#LiberalismIsAMentalDisorder hopefully @TwitterSupport will shutdown these accounts calling for violence against ppl #report https://t.co/4IkZ4aVdu8,191232,TwitterSupport,Mon Oct 02 22:59:07 +0000 2017,@160935 Thanks for letting us know about this. Please send us a message and we can begin working on this issue. https://t.co/5TkIRqD4sE,
191235,160873,Mon Oct 02 22:47:58 +0000 2017,@TwitterSupport I need your help i followed all instructions to retrieve my old account again. Please help me,191234,TwitterSupport,Mon Oct 02 22:50:21 +0000 2017,"@10615 Hi there, we're here to help. Please send us a message and we can work on getting this sorted. https://t.co/5TkIRqD4sE",
191237,160936,Mon Oct 02 22:37:15 +0000 2017,Hi @12 @TwitterSupport - can you please take care of this? It's extremely inappropriate. Help make the world a better place for once. https://t.co/8LgZWAGOLC,191236,TwitterSupport,Mon Oct 02 22:40:05 +0000 2017,@10619 We are here to help. Please send us a message and we'll get started looking into this for you. https://t.co/5TkIRqD4sE,
191239,160873,Mon Oct 02 22:24:35 +0000 2017,@TwitterSupport I need your assistance. please help me.,191238,TwitterSupport,Mon Oct 02 22:28:26 +0000 2017,@10615 Thanks for getting in touch. Send us a message and we'll get started helping you out. https://t.co/5TkIRqD4sE,
191241,160937,Mon Oct 02 22:09:47 +0000 2017,@TwitterSupport my original account @12340 needs the password reset but i dont have access to the email address connected please help!,191240,TwitterSupport,Mon Oct 02 22:11:03 +0000 2017,@160937 Thanks for letting us know. Please send us a message and we'll work on getting this resolved for you. https://t.co/5TkIRqD4sE,
191243,160938,Mon Oct 02 22:00:01 +0000 2017,@TwitterSupport Your automation help does not work. Just wanna delete an account.,191242,TwitterSupport,Mon Oct 02 22:08:48 +0000 2017,"@160938 Hi, thanks for getting in touch. Please send us a message and we'll get started working through this. https://t.co/5TkIRqD4sE",
191245,160939,Mon Oct 02 21:16:36 +0000 2017,@160940 @TwitterSupport help i’m being harassed,191244,TwitterSupport,Mon Oct 02 21:27:51 +0000 2017,@160939 Thanks for getting in touch. Send us a message and we'll get started helping you out. https://t.co/5TkIRqD4sE,
191261,119334,Mon Oct 02 20:58:24 +0000 2017,@160941 Troll/bot 👆👆👆@TwitterSupport,191260,TwitterSupport,Mon Oct 02 21:06:56 +0000 2017,@119334 Thanks for getting in touch. Send us a message and we'll get started helping you out. https://t.co/5TkIRqD4sE,
191264,160944,Mon Oct 02 20:48:38 +0000 2017,@TwitterSupport This guys threatening to have me arrested and stabbed in prison are you going to do anything about that? https://t.co/Kafy3uh7RY,191263,TwitterSupport,Mon Oct 02 20:52:10 +0000 2017,"@160944 Hi, please send us a message and we'll look into this with you. https://t.co/5TkIRqD4sE",
1912641,569717,Thu Oct 26 18:56:27 +0000 2017,@TwitterSupport i have an account under iamrenaefrancis and i cant get into the account using my correct pASsword please help,1912640,TwitterSupport,Thu Oct 26 19:01:13 +0000 2017,@569717 Thanks for letting us know about this. Please send us a message and we can begin working on this issue. https://t.co/eXwzpNPj8C,
191266,160945,Mon Oct 02 20:34:06 +0000 2017,@160946 @TwitterSupport Pls help her https://t.co/7OUaY57fmw,191265,TwitterSupport,Mon Oct 02 20:35:51 +0000 2017,"@160945 Hi there, we're here to help. Please send us a message and we can work on getting this sorted. https://t.co/5TkIRqD4sE",
191269,160947,Mon Oct 02 20:31:40 +0000 2017,@TwitterSupport im feeling harassed https://t.co/F42WW0MWRL,191268,TwitterSupport,Mon Oct 02 20:33:21 +0000 2017,@160947 Thanks for letting us know about this. Please send us a message and we can begin working on this issue. https://t.co/5TkIRqD4sE,
191271,160948,Mon Oct 02 19:58:48 +0000 2017,@TwitterSupport @142484 I tweeted you three hours ago can someone help me?,191270,TwitterSupport,Mon Oct 02 20:09:07 +0000 2017,@160948 Thanks for getting in touch. Send us a message and we'll get started helping you out. https://t.co/5TkIRqD4sE,
191273,142484,Mon Oct 02 19:51:40 +0000 2017,@TwitterSupport i hope you can help?,191272,TwitterSupport,Mon Oct 02 19:57:03 +0000 2017,@142484 Thanks for getting in touch. Send us a message and we'll get started helping you out. https://t.co/5TkIRqD4sE,191271
191279,160950,Mon Oct 02 19:47:06 +0000 2017,@160951 @160952 @160953 @TwitterSupport @Twittersupport  also review @160952 who appears to be a disinformation troll or bot as well.,191278,TwitterSupport,Mon Oct 02 19:53:38 +0000 2017,@160950 Thanks for getting in touch. Send us a message and we'll get started helping you out. https://t.co/5TkIRqD4sE,
191284,160954,Mon Oct 02 19:27:17 +0000 2017,"@TwitterSupport   @30098 is a troll bot account, most likely run by a Putin troll farm, and is trying to inflame race war.",191283,TwitterSupport,Mon Oct 02 19:33:04 +0000 2017,"@160954 Hi, please send us a message and we'll look into this with you. https://t.co/5TkIRqD4sE",
191286,160955,Mon Oct 02 19:26:06 +0000 2017,@160956 @TwitterSupport @123765 @160957 ITry to find the tweet an other account.,191285,TwitterSupport,Mon Oct 02 19:32:17 +0000 2017,@160955 We are here to help. Please send us a message and we'll get started looking into this for you. https://t.co/5TkIRqD4sE,
191290,160955,Mon Oct 02 18:51:55 +0000 2017,@TwitterSupport @123765 @160957 Twitter can't say it didn't have known this:  https://t.co/zQcA93xYhc,191291,TwitterSupport,Mon Oct 02 18:55:03 +0000 2017,"@160955 Hi, please send us a message and we'll look into this with you. https://t.co/5TkIRqD4sE",
191293,119334,Mon Oct 02 19:23:16 +0000 2017,@160958 Troll/bot 👆👆👆@TwitterSupport,191292,TwitterSupport,Mon Oct 02 19:30:50 +0000 2017,"@119334 Hi, please send us a message and we'll look into this with you. https://t.co/5TkIRqD4sE",
191297,160961,Mon Oct 02 19:01:44 +0000 2017,@160962 Damn. @TwitterSupport please help her 😔,191296,TwitterSupport,Mon Oct 02 19:02:29 +0000 2017,@160961 Thanks for getting in touch. Send us a message and we'll get started helping you out. https://t.co/5TkIRqD4sE,
191419,160994,Mon Oct 02 18:31:33 +0000 2017,@TwitterSupport i have a question,191418,TwitterSupport,Mon Oct 02 18:32:11 +0000 2017,@160994 Thanks for getting in touch. Send us a message and we'll get started helping you out. https://t.co/5TkIRqD4sE,
191442,161004,Mon Oct 02 18:21:00 +0000 2017,"@TwitterSupport Um excuse me 
I need help 
It's not major
But it needs 2 be done",191441,TwitterSupport,Mon Oct 02 18:24:26 +0000 2017,@161004 Thanks for getting in touch. Send us a message and we'll get started helping you out. https://t.co/5TkIRqD4sE,
191444,179690,Thu Oct 05 23:46:06 +0000 2017,@TwitterSupport Please help me !,267217,TwitterSupport,Thu Oct 05 23:49:57 +0000 2017,@179690 We are here to help. Please send us a message and we'll get started looking into this for you. https://t.co/5TkIRqD4sE,"267218,267219"
191449,204165,Sun Jul 09 12:37:02 +0000 2017,@TwitterSupport Still can't help me access my other account that you stopped me using even though it's linked on website and Facebook.,372149,TwitterSupport,Sun Jul 09 12:45:19 +0000 2017,"@204165 Hi, please send us a message and we'll look into this with you. https://t.co/HsCgf6qbX1",372150
191458,161005,Mon Oct 02 18:04:54 +0000 2017,@161006 @12 @TwitterSupport @123765 please help he’s harassing me 😤😫,191457,TwitterSupport,Mon Oct 02 18:07:36 +0000 2017,"@161005 Hi there, we're here to help. Please send us a message and we can work on getting this sorted. https://t.co/5TkIRqD4sE",
191468,161007,Mon Oct 02 17:31:34 +0000 2017,@TwitterSupport please help 🙏🏼,191467,TwitterSupport,Mon Oct 02 17:39:18 +0000 2017,@161007 Thanks for getting in touch. Send us a message and we'll get started helping you out. https://t.co/5TkIRqD4sE,
191470,161008,Mon Oct 02 16:46:01 +0000 2017,"@TwitterSupport I have tried to file a report about a user using one of our brands, but i am confused by your online form, and need help",191469,TwitterSupport,Mon Oct 02 16:52:08 +0000 2017,@161008 Thanks for getting in touch. Send us a message and we'll get started helping you out. https://t.co/5TkIRqD4sE,
191472,161009,Mon Oct 02 16:38:36 +0000 2017,@161010 @TwitterSupport @152 Need help,191471,TwitterSupport,Mon Oct 02 16:41:04 +0000 2017,@161009 Thanks for getting in touch. Send us a message and we'll get started helping you out. https://t.co/5TkIRqD4sE,
1926171,573262,Tue Oct 31 19:57:28 +0000 2017,@TwitterSupport @129570 PLEASE STOP THE VIOLENT HATE SPEACH!!  #justSAYNO2hate https://t.co/O5SjMSZV11,1926170,TwitterSupport,Tue Oct 31 20:11:15 +0000 2017,"@573262 Hi there, we're here to help. Please send us a message and we can work on getting this sorted. https://t.co/eXwzpNPj8C",
1927369,573594,Sun Oct 29 01:17:04 +0000 2017,Hey @TwitterSupport @129570 @12 - this is Roger Stone’s other other account that also needs to be suspended permanently. https://t.co/dBuQPmNlDp,1927368,TwitterSupport,Sun Oct 29 01:21:27 +0000 2017,@573594 Thanks for getting in touch. Send us a message and we'll get started helping you out. https://t.co/eXwzpNPj8C,
1927371,573595,Sat Oct 28 22:44:49 +0000 2017,@573596 @12 @123765 @TwitterSupport this man is harassing me and I’m scared. I’m only 13 years old pls help me,1927370,TwitterSupport,Sat Oct 28 22:46:25 +0000 2017,@573595 We are here to help. Please send us a message and we'll get started looking into this for you. https://t.co/eXwzpNPj8C,
1927383,573599,Sat Oct 28 22:35:15 +0000 2017,Please help me @TwitterSupport,1927382,TwitterSupport,Sat Oct 28 22:43:39 +0000 2017,"@573599 Thanks for reaching out, we are happy to help. Please send us a message and we can get started. https://t.co/eXwzpNPj8C",
1929460,574159,Thu Oct 26 19:57:36 +0000 2017,"@TwitterSupport  this account is threatening muslims with death.. 
anyone following me please report this coward https://t.co/NVg0xsqV1K",1929459,TwitterSupport,Thu Oct 26 20:05:57 +0000 2017,@574159 Thanks for letting us know about this. Please send us a message and we can begin working on this issue. https://t.co/eXwzpNPj8C,
1935949,575941,Wed Oct 18 15:41:30 +0000 2017,@TwitterSupport i lost access to my old twitter but its still connected to my FB can i use that to regain access?,1935948,TwitterSupport,Wed Oct 18 15:43:51 +0000 2017,"@575941 Hi, thanks for getting in touch. Please send us a message and we'll get started working through this. https://t.co/5TkIRqD4sE",
1935956,575944,Wed Oct 18 14:10:34 +0000 2017,@TwitterSupport Still hoping to get some help on this...,1935955,TwitterSupport,Wed Oct 18 14:25:16 +0000 2017,"@575944 Thanks for reaching out, we are happy to help. Please send us a message and we can get started. https://t.co/5TkIRqD4sE",
1936084,576012,Fri Oct 27 18:23:23 +0000 2017,@TwitterSupport I’m a public figure and I’m being impersonated. Can you help me?,1936083,TwitterSupport,Fri Oct 27 18:29:32 +0000 2017,@576012 Thanks for letting us know about this! Please send us a message and we'll get started on helping you out. https://t.co/eXwzpNPj8C,
1941304,577319,Sun Oct 29 20:31:48 +0000 2017,"@twittersupport, Mr. @96495 harassing and threatening your users. Care to address?!",1941303,TwitterSupport,Sun Oct 29 20:35:30 +0000 2017,@577319 Thanks for letting us know. Please send us a message and we'll work on getting this resolved for you. https://t.co/eXwzpNPj8C,
196211,162169,Mon Oct 02 07:14:28 +0000 2017,The same person @TwitterSupport @123765 can they please help me this drama goes so long now and bullying should not be here,196210,TwitterSupport,Mon Oct 02 07:58:02 +0000 2017,@162169 We are here to help. Please send us a message and we'll get started looking into this for you. https://t.co/5TkIRqD4sE,
196213,162171,Mon Oct 02 05:35:50 +0000 2017,"@TwitterSupport I have twice reset my password, but my account is being accessed by some spam account that adds 100+ random followers.",196212,TwitterSupport,Mon Oct 02 05:54:20 +0000 2017,"@162170 Hi there, we're here to help. Please send us a message and we can work on getting this sorted. https://t.co/5TkIRqD4sE",
196215,162172,Mon Oct 02 04:57:29 +0000 2017,@162173 @TwitterSupport she’s bullying me,196214,TwitterSupport,Mon Oct 02 05:30:14 +0000 2017,@162172 Thanks for getting in touch. Send us a message and we'll get started helping you out. https://t.co/5TkIRqD4sE,
1971188,583875,Sat Nov 25 20:44:42 +0000 2017,@583876 @TwitterSupport I feel harassed :((,1971187,TwitterSupport,Sat Nov 25 20:58:11 +0000 2017,@583875 Thanks for getting in touch. Send us a message and we'll get started helping you out. https://t.co/eXwzpNPj8C,
1971191,583877,Sat Nov 25 20:18:04 +0000 2017,@TwitterSupport Please deactivate this account @76875 as they are threatening @583878 saying they going to kill her. Please get rid of this account @TwitterSupport,1971190,TwitterSupport,Sat Nov 25 20:25:25 +0000 2017,@583877 We are here to help. Please send us a message and we'll get started looking into this for you. https://t.co/eXwzpNPj8C,
1971939,187613,Sat Nov 25 20:17:25 +0000 2017,I'm getting bullied bc of this tweet. Help @TwitterSupport https://t.co/re8CkHlHRT,1971938,TwitterSupport,Sat Nov 25 20:24:55 +0000 2017,@187613 We are here to help. Please send us a message and we'll get started looking into this for you. https://t.co/eXwzpNPj8C,
1971941,584098,Sat Nov 25 19:16:53 +0000 2017,@TwitterSupport HELP HELP HELP,1971940,TwitterSupport,Sat Nov 25 20:05:10 +0000 2017,@584098 We'd be happy to look into this for you. Please send us a message and we can get started working through this. https://t.co/eXwzpNPj8C,
1975787,585103,Wed Oct 18 17:39:50 +0000 2017,"@TwitterSupport How do you report Russian troll accounts? @79481 is a FAKE ACCOUNT, has stolen photo from someone, and is targeting.",1975786,TwitterSupport,Wed Oct 18 17:42:18 +0000 2017,@585103 Thanks for getting in touch. Send us a message and we'll get started helping you out. https://t.co/5TkIRqD4sE,
1975790,585104,Wed Oct 18 16:07:44 +0000 2017,@TwitterSupport  hey I have a question that needs an answer,1975789,TwitterSupport,Wed Oct 18 16:11:53 +0000 2017,"@585104 Thanks for reaching out, we are happy to help. Please send us a message and we can get started. https://t.co/5TkIRqD4sE",
1979619,586051,Tue Oct 31 19:23:59 +0000 2017,@TwitterSupport Help got locked out of my account,1979618,TwitterSupport,Tue Oct 31 19:26:16 +0000 2017,@586051 We'd be happy to look into this for you. Please send us a message and we can get started working through this. https://t.co/eXwzpNPj8C,
1979647,631481,Wed Nov 08 17:55:56 +0000 2017,@TwitterSupport Except I haven't hear from anyone! Please help us!,2148482,TwitterSupport,Wed Nov 08 18:21:38 +0000 2017,@631481 Thanks for getting in touch. Send us a message and we'll get started helping you out. https://t.co/eXwzpNPj8C,
1979648,635138,Thu Nov 09 07:27:00 +0000 2017,@TwitterSupport Help,2163290,TwitterSupport,Thu Nov 09 07:32:04 +0000 2017,@635138 Thanks for getting in touch. Send us a message and we'll get started helping you out. https://t.co/eXwzpNPj8C,
1979711,586066,Tue Oct 31 20:15:50 +0000 2017,.@TwitterSupport hi please suspend this acc they’ve been harassing me all day https://t.co/MeKmRQmkFa,1979710,TwitterSupport,Tue Oct 31 20:18:10 +0000 2017,@586066 Thanks for letting us know about this! Please send us a message and we'll get started on helping you out. https://t.co/eXwzpNPj8C,
1986405,588012,Thu Nov 02 09:44:28 +0000 2017,"@TwitterSupport hi would like to ask help in getting my account back (@79828) i forgot the password. Please, your help is highly appreciated",1986404,TwitterSupport,Thu Nov 02 09:49:13 +0000 2017,@588012 Thanks for letting us know about this. Please send us a message and we can begin working on this issue. https://t.co/eXwzpNPj8C,
1999755,591290,Thu Nov 02 21:54:03 +0000 2017,"@129570 @TwitterSupport 

Please ban the fake account Sp0rtsTalkJ0e. Here he is pretending to be someone else and being racist. https://t.co/APb1P2sXIw",1999754,TwitterSupport,Thu Nov 02 22:06:26 +0000 2017,"@591290 Hi, thanks for getting in touch. Please send us a message and we'll get started working through this. https://t.co/eXwzpNPj8C",
2007577,593648,Wed Oct 18 19:20:58 +0000 2017,@593649 @TwitterSupport @593650 @593651 @593652 Same plz. #Help,2007576,TwitterSupport,Wed Oct 18 19:40:23 +0000 2017,@593648 Thanks for getting in touch. Send us a message and we'll get started helping you out. https://t.co/5TkIRqD4sE,
2007581,459244,Wed Oct 18 19:14:50 +0000 2017,"@593653 @TwitterSupport She threw all kinds of insults, but I can't remember exactly what. Her page was filled with filth too.",2007580,TwitterSupport,Wed Oct 18 19:38:01 +0000 2017,@459244 Thanks for letting us know about this. Please send us a message and we can begin working on this issue. https://t.co/5TkIRqD4sE,
2007585,593654,Wed Oct 18 18:27:01 +0000 2017,Ok now stupid is threatening to shank me @TwitterSupport https://t.co/2lIHlCjZY5,2007584,TwitterSupport,Wed Oct 18 18:34:28 +0000 2017,@593654 We are here to help. Please send us a message and we'll get started looking into this for you. https://t.co/5TkIRqD4sE,
2007587,593655,Wed Oct 18 18:26:28 +0000 2017,"Still harassing people with the new acct. @TwitterSupport, you need to deal with this individual! https://t.co/gcoRozQLNN",2007586,TwitterSupport,Wed Oct 18 18:33:33 +0000 2017,"@593655 Hi there, we're here to help. Please send us a message and we can work on getting this sorted. https://t.co/5TkIRqD4sE",
2036045,601946,Wed Oct 18 21:42:35 +0000 2017,"@81846 @TwitterSupport This account exists to harass, threaten &amp; abuse. It operates using copyrighted material. BBC/ragdoll aware",2036044,TwitterSupport,Wed Oct 18 21:43:36 +0000 2017,@601946 Thanks for getting in touch. Send us a message and we'll get started helping you out. https://t.co/5TkIRqD4sE,
20408,120457,Wed Nov 01 05:59:13 +0000 2017,@TwitterSupport need help as someone created our company profile on Twitter and left job but we are not able to retrieve login information,20407,TwitterSupport,Wed Nov 01 06:58:38 +0000 2017,"@120457 Hi there, we're here to help. Please send us a message and we can work on getting this sorted. https://t.co/eXwzpNPj8C",
20410,120458,Wed Nov 01 05:23:21 +0000 2017,@TwitterSupport I need help ASAP,20409,TwitterSupport,Wed Nov 01 05:41:39 +0000 2017,@120458 We are here to help. Please send us a message and we'll get started looking into this for you. https://t.co/eXwzpNPj8C,
2042935,604121,Wed Oct 04 02:12:10 +0000 2017,@TwitterSupport Can we log on to an account without email or password? school acct @12386 - need to use!,2042934,TwitterSupport,Wed Oct 04 03:09:30 +0000 2017,@604121 Thanks for letting us know about this! Please send us a message and we'll get started on helping you out. https://t.co/5TkIRqD4sE,
2042939,604123,Mon Oct 02 20:38:48 +0000 2017,@12330 abusive bot 👆🏼@TwitterSupport,2042938,TwitterSupport,Mon Oct 02 20:45:04 +0000 2017,@604123 Thanks for letting us know about this. Please send us a message and we can begin working on this issue. https://t.co/5TkIRqD4sE,
2042948,604127,Tue Oct 03 16:38:43 +0000 2017,@TwitterSupport Can You please help me with an issue?,2042947,TwitterSupport,Tue Oct 03 16:41:46 +0000 2017,@604127 Thanks for letting us know about this! Please send us a message and we'll get started on helping you out. https://t.co/5TkIRqD4sE,
2042956,604130,Tue Oct 03 00:04:32 +0000 2017,@TwitterSupport Why hasn't cryingcassie been banned for these violent comments? https://t.co/x79Nj1XLRH,2042955,TwitterSupport,Tue Oct 03 00:05:54 +0000 2017,@604130 We'd be happy to look into this for you. Please send us a message and we can get started working through this. https://t.co/5TkIRqD4sE,
2042976,604136,Tue Oct 03 00:08:45 +0000 2017,@TwitterSupport This sounds like a threat https://t.co/uDamfzJiNS,2042975,TwitterSupport,Tue Oct 03 00:14:15 +0000 2017,@604136 Thanks for letting us know about this! Please send us a message and we'll get started on helping you out. https://t.co/5TkIRqUFRe,
2043038,604155,Wed Oct 04 15:47:33 +0000 2017,@TwitterSupport i've been trying to get in touch with a human being on your end with no luck. I have a client who cannot remember the login and password for their account nor can anyone in the company. Message me please!,2043037,TwitterSupport,Wed Oct 04 15:54:57 +0000 2017,"@604155 Hi, thanks for getting in touch. Please send us a message and we'll get started working through this. https://t.co/5TkIRqD4sE",
2043045,198252,Mon Oct 02 17:16:05 +0000 2017,It would be great if @TwitterSupport could do something about the racists. I can’t respond to him the way I’d like w/o getting suspended.😑 https://t.co/y98WZSGTEd,2043044,TwitterSupport,Mon Oct 02 17:18:26 +0000 2017,@198252 Thanks for letting us know about this. Please send us a message and we can begin working on this issue. https://t.co/5TkIRqD4sE,
2044864,604717,Mon Oct 02 15:24:53 +0000 2017,@TwitterSupport @123765 Help me out,2044863,TwitterSupport,Mon Oct 02 15:30:21 +0000 2017,@604717 Thanks for letting us know about this. Please send us a message and we can begin working on this issue. https://t.co/5TkIRqD4sE,
204643,164454,Mon Oct 02 16:21:37 +0000 2017,@TwitterSupport  @123765 Open carry mag is harassing mothers whose children were killed at Sandyhook. Please put a lid on this guy! https://t.co/HOoVnQMqVx,204642,TwitterSupport,Mon Oct 02 16:22:49 +0000 2017,"@164454 Thanks for reaching out, we are happy to help. Please send us a message and we can get started. https://t.co/5TkIRqD4sE",
2052937,607134,Fri Oct 06 00:10:43 +0000 2017,"I have a problem in my account, I need your help?!
@TwitterSupport",2052935,TwitterSupport,Fri Oct 06 00:11:47 +0000 2017,@607134 We'd be happy to look into this for you. Please send us a message and we can get started working through this. https://t.co/5TkIRqD4sE,2052936
2056812,608298,Wed Oct 18 23:53:32 +0000 2017,I really need help @TwitterSupport,2056811,TwitterSupport,Wed Oct 18 23:55:34 +0000 2017,@608298 We are here to help. Please send us a message and we'll get started looking into this for you. https://t.co/5TkIRqD4sE,
2056814,607964,Wed Oct 18 23:43:03 +0000 2017,I need help @TwitterSupport,2056813,TwitterSupport,Wed Oct 18 23:44:53 +0000 2017,"@607964 Hi there, we're here to help. Please send us a message and we can work on getting this sorted. https://t.co/5TkIRqD4sE",
2056818,608299,Wed Oct 18 22:57:48 +0000 2017,@608300 @TwitterSupport help?,2056817,TwitterSupport,Wed Oct 18 23:01:01 +0000 2017,@608299 Thanks for getting in touch. Send us a message and we'll get started helping you out. https://t.co/5TkIRqD4sE,
2056822,608301,Wed Oct 18 22:16:46 +0000 2017,@82671 @123765 @TwitterSupport @129570 This person is threatening violence.,2056821,TwitterSupport,Wed Oct 18 22:20:53 +0000 2017,@608301 Thanks for getting in touch. Send us a message and we'll get started helping you out. https://t.co/5TkIRqD4sE,
2063021,610130,Fri Oct 06 15:47:14 +0000 2017,Hey @TwitterSupport why is it ok for people to threaten to beat me up as long as they delete? https://t.co/QM0AvWHowH,2063020,TwitterSupport,Fri Oct 06 15:51:09 +0000 2017,@610130 Thanks for letting us know. Please send us a message and we'll work on getting this resolved for you. https://t.co/5TkIRqD4sE,
2063388,610259,Fri Oct 06 16:12:04 +0000 2017,"@123765 @TwitterSupport @18540 Threatening to shoot people, too? 🤔 https://t.co/bMwDe9Abci",2063387,TwitterSupport,Fri Oct 06 16:16:27 +0000 2017,@610259 Thanks for letting us know about this! Please send us a message and we'll get started on helping you out. https://t.co/5TkIRqD4sE,
2077585,614449,Thu Oct 19 00:47:23 +0000 2017,"I closed account: @83510 and wanted to enter it but I forgot the email. Even when I know the password, I could not enter
@TwitterSupport",2077583,TwitterSupport,Thu Oct 19 01:00:06 +0000 2017,"@614449 Hi, please send us a message and we'll look into this with you. https://t.co/5TkIRqD4sE",2077584
2077588,614450,Thu Oct 19 00:27:01 +0000 2017,I would really love it if @TwitterSupport could take a look at my harassment problem. Thank you.,2077587,TwitterSupport,Thu Oct 19 00:32:49 +0000 2017,@614450 Thanks for getting in touch. Send us a message and we'll get started helping you out. https://t.co/5TkIRqD4sE,
2080839,615342,Mon Oct 09 21:47:41 +0000 2017,Help me report this person's abuse to @TwitterSupport https://t.co/di2wjKOOhz,2080838,TwitterSupport,Mon Oct 09 21:49:06 +0000 2017,@615342 Thanks for letting us know about this. Please send us a message and we can begin working on this issue. https://t.co/5TkIRqD4sE,
2083049,616045,Tue Oct 10 20:03:16 +0000 2017,@TwitterSupport say bruh i still need help,2083048,TwitterSupport,Tue Oct 10 20:11:17 +0000 2017,@616045 Thanks for letting us know about this! Please send us a message and we'll get started on helping you out. https://t.co/5TkIRqD4sE,
208874,165430,Mon Oct 02 11:13:35 +0000 2017,"@165431 @TwitterSupport @160957 @12, please suspend this account.",208873,TwitterSupport,Mon Oct 02 11:47:03 +0000 2017,"@165430 Thanks for reaching out, we are happy to help. Please send us a message and we can get started. https://t.co/5TkIRqD4sE",
2091340,345506,Wed Nov 08 04:23:17 +0000 2017,@618055 @618056 @TwitterSupport I’m being harassed,2091339,TwitterSupport,Wed Nov 08 04:47:21 +0000 2017,@345506 We are here to help. Please send us a message and we'll get started looking into this for you. https://t.co/eXwzpNPj8C,
2091350,618057,Wed Nov 08 04:21:16 +0000 2017,@618058 @618059 @TwitterSupport help,2091349,TwitterSupport,Wed Nov 08 04:42:28 +0000 2017,"@618057 Hi, thanks for getting in touch. Please send us a message and we'll get started working through this. https://t.co/eXwzpNPj8C",
2091361,618060,Wed Nov 08 04:16:20 +0000 2017,@TwitterSupport help,2091360,TwitterSupport,Wed Nov 08 04:40:42 +0000 2017,"@618060 Thanks for reaching out, we are happy to help. Please send us a message and we can get started. https://t.co/eXwzpNPj8C",
2091364,TwitterSupport,Wed Nov 08 03:29:01 +0000 2017,"7 / We have shipped changes to the English version of this list so that the terms related to sexuality will no longer return an error message in search results. In the coming days, we will be working to ensure these changes are reflected in all languages on the service.",2091362,TwitterSupport,Wed Nov 08 03:29:18 +0000 2017,"8 / Additionally, we’re conducting a full technical review of search to prevent this issue from happening again. Thank you for your patience as we work to fix this mistake.",2091363
2091365,TwitterSupport,Tue Nov 07 04:44:22 +0000 2017,"6 / We have audited the list and removed terms that should not have been included. We are making changes during the next 24 hours to correct this mistake. Once we are confident it is completely resolved, we’ll share an update here.",2091364,TwitterSupport,Wed Nov 08 03:29:01 +0000 2017,"7 / We have shipped changes to the English version of this list so that the terms related to sexuality will no longer return an error message in search results. In the coming days, we will be working to ensure these changes are reflected in all languages on the service.",2091362
2091371,TwitterSupport,Tue Nov 07 04:44:14 +0000 2017,"5 / When all Tweets containing certain terms were incorrectly collapsed on the photos, video and news search tabs, the search results in those tabs returned an error message indicating that no content was available.",2091365,TwitterSupport,Tue Nov 07 04:44:22 +0000 2017,"6 / We have audited the list and removed terms that should not have been included. We are making changes during the next 24 hours to correct this mistake. Once we are confident it is completely resolved, we’ll share an update here.","2091366,2091367,2091368,2091369,2091370,2091364"
2091372,TwitterSupport,Tue Nov 07 04:43:51 +0000 2017,"4 / Our implementation of this list in search allowed Tweets to be categorized based solely on text, w/out taking other signals into account. Also, the list was out of date, had not been maintained and incorrectly included terms that are primarily used in non-sensitive contexts.",2091371,TwitterSupport,Tue Nov 07 04:44:14 +0000 2017,"5 / When all Tweets containing certain terms were incorrectly collapsed on the photos, video and news search tabs, the search results in those tabs returned an error message indicating that no content was available.",2091365
2091374,TwitterSupport,Tue Nov 07 04:43:39 +0000 2017,"3 / One of the signals we use to identify sensitive media is a list of terms that frequently appear alongside adult content. Many of these words on the list are not inherently explicit, which is why they must be used alongside other signals to determine if content is sensitive.",2091372,TwitterSupport,Tue Nov 07 04:43:51 +0000 2017,"4 / Our implementation of this list in search allowed Tweets to be categorized based solely on text, w/out taking other signals into account. Also, the list was out of date, had not been maintained and incorrectly included terms that are primarily used in non-sensitive contexts.","2091373,2091371"
2091375,TwitterSupport,Tue Nov 07 04:43:16 +0000 2017,"2 / As outlined in our media policy, media that may be considered sensitive is collapsed in places such as search results, meaning that images and videos would be presented as a link, not automatically populated. https://t.co/4KYjAPrnM5",2091374,TwitterSupport,Tue Nov 07 04:43:39 +0000 2017,"3 / One of the signals we use to identify sensitive media is a list of terms that frequently appear alongside adult content. Many of these words on the list are not inherently explicit, which is why they must be used alongside other signals to determine if content is sensitive.",2091372
2091376,TwitterSupport,Tue Nov 07 04:43:06 +0000 2017,"1 / Late last week, we discovered a technical issue that affected search results: searches for certain words related to sexuality did not populate complete results. We apologize for anyone negatively impacted by this bug. It is not consistent with our values as a company.",2091375,TwitterSupport,Tue Nov 07 04:43:16 +0000 2017,"2 / As outlined in our media policy, media that may be considered sensitive is collapsed in places such as search results, meaning that images and videos would be presented as a link, not automatically populated. https://t.co/4KYjAPrnM5",2091374
2091388,TwitterSupport,Sun Nov 05 21:44:56 +0000 2017,We’ve identified an error with search results for certain terms. We apologize for this. We’re working quickly to resolve &amp; will update soon.,2091376,TwitterSupport,Tue Nov 07 04:43:06 +0000 2017,"1 / Late last week, we discovered a technical issue that affected search results: searches for certain words related to sexuality did not populate complete results. We apologize for anyone negatively impacted by this bug. It is not consistent with our values as a company.","2091377,2091378,2091379,2091380,2091381,2091382,2091383,2091384,2091385,2091386,2091387,2091375"
2091409,618062,Wed Nov 08 03:03:42 +0000 2017,@123765  @TwitterSupport help,2091408,TwitterSupport,Wed Nov 08 03:29:11 +0000 2017,@618062 Thanks for getting in touch. Send us a message and we'll get started helping you out. https://t.co/eXwzpNPj8C,
2091414,618063,Wed Nov 08 02:24:57 +0000 2017,@618064 @TwitterSupport help,2091413,TwitterSupport,Wed Nov 08 02:39:30 +0000 2017,@618063 Thanks for getting in touch. Send us a message and we'll get started helping you out. https://t.co/eXwzpNPj8C,
2091417,618065,Wed Nov 08 01:49:11 +0000 2017,Hello @twittersupport I'd like to report @19916 for abuse. You know what to do.,2091416,TwitterSupport,Wed Nov 08 02:33:54 +0000 2017,"@618065 Hi, please send us a message and we'll look into this with you. https://t.co/eXwzpNPj8C",
2091419,618066,Wed Nov 08 02:19:46 +0000 2017,@TwitterSupport i am a woman of color and I need help,2091418,TwitterSupport,Wed Nov 08 02:21:25 +0000 2017,@618066 Thanks for letting us know about this. Please send us a message and we can begin working on this issue. https://t.co/eXwzpNPj8C,
2091421,618067,Wed Nov 08 01:34:14 +0000 2017,@TwitterSupport I need help,2091420,TwitterSupport,Wed Nov 08 02:13:03 +0000 2017,"@618067 Hi there, we're here to help. Please send us a message and we can work on getting this sorted. https://t.co/eXwzpNPj8C",
2091423,174266,Wed Nov 08 02:04:35 +0000 2017,@TwitterSupport I’m being bullied https://t.co/Y2Mg17eohB,2091422,TwitterSupport,Wed Nov 08 02:08:25 +0000 2017,"@174266 Hi there, we're here to help. Please send us a message and we can work on getting this sorted. https://t.co/eXwzpNxIh4",
2091425,618068,Wed Nov 08 01:59:00 +0000 2017,"@TwitterSupport hi im being bullied, the bully is @70685",2091424,TwitterSupport,Wed Nov 08 02:05:55 +0000 2017,"@618068 Thanks for reaching out, we are happy to help. Please send us a message and we can get started. https://t.co/eXwzpNPj8C",
2091427,618069,Wed Nov 08 01:15:17 +0000 2017,"@12 @TwitterSupport @123765 My twitter account is being impersonated again, it has been impersonated multiple times. My real accounts keep getting taken down is there anything your team can do to deal with this issue as it's negatively effecting my brand.🙁",2091426,TwitterSupport,Wed Nov 08 01:59:46 +0000 2017,@83837 Thanks for getting in touch. Send us a message and we'll get started helping you out. https://t.co/eXwzpNPj8C,
2091429,618070,Wed Nov 08 00:53:24 +0000 2017,@618071 @TwitterSupport pls help,2091428,TwitterSupport,Wed Nov 08 01:43:19 +0000 2017,@618070 We are here to help. Please send us a message and we'll get started looking into this for you. https://t.co/eXwzpNPj8C,
2091436,332791,Wed Nov 08 00:44:35 +0000 2017,@TwitterSupport hey @618072 bully’s me too https://t.co/1FSeVJX19a,2091435,TwitterSupport,Wed Nov 08 01:23:21 +0000 2017,"@332791 Hi, please send us a message and we'll look into this with you. https://t.co/eXwzpNPj8C",
2091438,618073,Wed Nov 08 00:34:04 +0000 2017,@618074 @TwitterSupport i have an account that's harassing me,2091437,TwitterSupport,Wed Nov 08 01:14:54 +0000 2017,@618073 Thanks for getting in touch. Send us a message and we'll get started helping you out. https://t.co/eXwzpNPj8C,
2091441,618075,Wed Nov 08 00:05:27 +0000 2017,@618076 @TwitterSupport sos pls help,2091440,TwitterSupport,Wed Nov 08 00:41:47 +0000 2017,"@618075 Hi there, we're here to help. Please send us a message and we can work on getting this sorted. https://t.co/eXwzpNPj8C",
2091444,618077,Wed Nov 08 00:02:15 +0000 2017,@618072 @TwitterSupport he’s bullying me,2091443,TwitterSupport,Wed Nov 08 00:41:00 +0000 2017,"@618077 Hi, please send us a message and we'll look into this with you. https://t.co/eXwzpNPj8C",
2091447,618078,Wed Nov 08 00:13:17 +0000 2017,@TwitterSupport help me please,2091446,TwitterSupport,Wed Nov 08 00:14:02 +0000 2017,"@618078 Hi there, we're here to help. Please send us a message and we can work on getting this sorted. https://t.co/eXwzpNPj8C",
2091449,618079,Tue Nov 07 23:27:45 +0000 2017,@TwitterSupport hey i need help,2091448,TwitterSupport,Wed Nov 08 00:06:44 +0000 2017,"@618079 Hi, thanks for getting in touch. Please send us a message and we'll get started working through this. https://t.co/eXwzpNxIh4",
2091451,618080,Tue Nov 07 23:44:35 +0000 2017,"@82021 @TwitterSupport @TwitterSupport please delete this account, he has harassed me multiple times (check his timeline) and has used language which is not apportiate for children of young ages. I hope you take this seriously.",2091450,TwitterSupport,Wed Nov 08 00:05:45 +0000 2017,"@618080 Hi, thanks for getting in touch. Please send us a message and we'll get started working through this. https://t.co/eXwzpNPj8C",
2091454,618081,Tue Nov 07 23:22:50 +0000 2017,please help @TwitterSupport,2091453,TwitterSupport,Tue Nov 07 23:56:57 +0000 2017,@618081 Thanks for getting in touch. Send us a message and we'll get started helping you out. https://t.co/eXwzpNPj8C,
2091457,618082,Tue Nov 07 23:36:20 +0000 2017,Hi @12 @TwitterSupport @292644 @123765 I am getting followed by a lot of spam bots can you please help block thanks! https://t.co/b2Y0ktZs9n,2091456,TwitterSupport,Tue Nov 07 23:55:46 +0000 2017,"@618082 Hi there, we're here to help. Please send us a message and we can work on getting this sorted. https://t.co/eXwzpNPj8C",
2091459,618083,Tue Nov 07 23:12:21 +0000 2017,"@618084 I feel ya girl, soul crushing @TwitterSupport COME ON LADS HELP US OUT😭😭",2091458,TwitterSupport,Tue Nov 07 23:41:25 +0000 2017,@618083 Thanks for getting in touch. Send us a message and we'll get started helping you out. https://t.co/eXwzpNPj8C,
2091463,618085,Tue Nov 07 23:00:38 +0000 2017,@TwitterSupport HELP https://t.co/pkRbvN6SaJ,2091462,TwitterSupport,Tue Nov 07 23:33:31 +0000 2017,@618085 Thanks for getting in touch. Send us a message and we'll get started helping you out. https://t.co/eXwzpNPj8C,
2091465,618086,Tue Nov 07 22:59:33 +0000 2017,@TwitterSupport help,2091464,TwitterSupport,Tue Nov 07 23:31:27 +0000 2017,@618086 Thanks for getting in touch. Send us a message and we'll get started helping you out. https://t.co/eXwzpNPj8C,
2091467,618087,Tue Nov 07 22:52:39 +0000 2017,@TwitterSupport help,2091466,TwitterSupport,Tue Nov 07 23:29:43 +0000 2017,@618087 Thanks for getting in touch. Send us a message and we'll get started helping you out. https://t.co/eXwzpNPj8C,
2091469,216670,Tue Nov 07 22:52:12 +0000 2017,@TwitterSupport Hello please can you respond??,2091468,TwitterSupport,Tue Nov 07 23:25:29 +0000 2017,@216670 Thanks for getting in touch. Send us a message and we'll get started helping you out. https://t.co/eXwzpNPj8C,
2091473,618088,Tue Nov 07 22:51:00 +0000 2017,@618089 @70561 @TwitterSupport @123765 this is abusive language,2091472,TwitterSupport,Tue Nov 07 23:23:29 +0000 2017,@618088 Thanks for getting in touch. Send us a message and we'll get started helping you out. https://t.co/eXwzpNPj8C,
2091476,618090,Tue Nov 07 22:46:36 +0000 2017,@509185 Help him please @TwitterSupport,2091475,TwitterSupport,Tue Nov 07 23:18:29 +0000 2017,@618090 Thanks for getting in touch. Send us a message and we'll get started helping you out. https://t.co/eXwzpNPj8C,
2091479,618091,Tue Nov 07 22:44:18 +0000 2017,@618092 @TwitterSupport And @twittersupport we disabled are being harassed with it.,2091478,TwitterSupport,Tue Nov 07 23:09:30 +0000 2017,@618091 Thanks for getting in touch. Send us a message and we'll get started helping you out. https://t.co/eXwzpNPj8C,
2091483,618093,Tue Nov 07 22:17:08 +0000 2017,@TwitterSupport THIS IS URGENT,2091482,TwitterSupport,Tue Nov 07 22:45:50 +0000 2017,@618093 Thanks for getting in touch. Send us a message and we'll get started helping you out. https://t.co/eXwzpNPj8C,
2091486,618094,Tue Nov 07 22:30:56 +0000 2017,@TwitterSupport hello I have evidence of twitter user @618095 calling me a “local” this is a violation of twitters rules she is being racist https://t.co/vKUFpRcRiw,2091485,TwitterSupport,Tue Nov 07 22:38:18 +0000 2017,"@618094 Hi, thanks for getting in touch. Please send us a message and we'll get started working through this. https://t.co/eXwzpNPj8C",
2091488,618096,Tue Nov 07 22:12:21 +0000 2017,@TwitterSupport help,2091487,TwitterSupport,Tue Nov 07 22:36:10 +0000 2017,@618096 Thanks for getting in touch. Send us a message and we'll get started helping you out. https://t.co/eXwzpNPj8C,
2091490,531849,Tue Nov 07 22:12:01 +0000 2017,@TwitterSupport hey help me,2091489,TwitterSupport,Tue Nov 07 22:34:57 +0000 2017,@531849 Thanks for getting in touch. Send us a message and we'll get started helping you out. https://t.co/eXwzpNPj8C,
2091492,529835,Tue Nov 07 22:11:16 +0000 2017,"/. Hey @TwitterSupport. Concerned user here, and I need help ASAP.",2091491,TwitterSupport,Tue Nov 07 22:34:14 +0000 2017,@529835 Thanks for getting in touch. Send us a message and we'll get started helping you out. https://t.co/eXwzpNPj8C,
2091494,618097,Tue Nov 07 21:54:54 +0000 2017,@TwitterSupport I have a question...,2091493,TwitterSupport,Tue Nov 07 22:23:03 +0000 2017,@618097 Thanks for getting in touch. Send us a message and we'll get started helping you out. https://t.co/eXwzpNPj8C,
2091496,618098,Tue Nov 07 21:48:34 +0000 2017,"@TwitterSupport i am being harassed by the user @82005, please suspend him, i feel threatened and attacked, he hates me for being gay😭 https://t.co/kaaj1IgA1y",2091495,TwitterSupport,Tue Nov 07 22:16:23 +0000 2017,@618098 Thanks for getting in touch. Send us a message and we'll get started helping you out. https://t.co/eXwzpNPj8C,
2091498,618099,Tue Nov 07 22:07:23 +0000 2017,@TwitterSupport @123765 help,2091497,TwitterSupport,Tue Nov 07 22:12:08 +0000 2017,"@618099 Thanks for reaching out, we are happy to help. Please send us a message and we can get started. https://t.co/eXwzpNPj8C",
2091501,618100,Tue Nov 07 21:44:24 +0000 2017,@TwitterSupport help,2091500,TwitterSupport,Tue Nov 07 22:09:27 +0000 2017,@618100 Thanks for getting in touch. Send us a message and we'll get started helping you out. https://t.co/eXwzpNPj8C,
2091503,618101,Tue Nov 07 21:40:57 +0000 2017,@TwitterSupport I need help please help?,2091502,TwitterSupport,Tue Nov 07 22:00:23 +0000 2017,@618101 Thanks for getting in touch. Send us a message and we'll get started helping you out. https://t.co/eXwzpNPj8C,
2091505,618102,Tue Nov 07 21:40:09 +0000 2017,@TwitterSupport i need help.we are,2091504,TwitterSupport,Tue Nov 07 21:59:12 +0000 2017,@618102 Thanks for getting in touch. Send us a message and we'll get started helping you out. https://t.co/eXwzpNPj8C,
2091507,618103,Tue Nov 07 21:36:10 +0000 2017,@TwitterSupport i forgot the password to my old twitter and need it,2091506,TwitterSupport,Tue Nov 07 21:53:06 +0000 2017,@83839 Thanks for getting in touch. Send us a message and we'll get started helping you out. https://t.co/eXwzpNPj8C,
2091509,618104,Tue Nov 07 21:20:05 +0000 2017,@TwitterSupport I need help,2091508,TwitterSupport,Tue Nov 07 21:26:16 +0000 2017,"@618104 Hi there, we're here to help. Please send us a message and we can work on getting this sorted. https://t.co/eXwzpNPj8C",
2091511,618105,Tue Nov 07 20:54:40 +0000 2017,@618106 @618107 cyber bullies @TwitterSupport,2091510,TwitterSupport,Tue Nov 07 21:00:55 +0000 2017,"@618105 Hi, please send us a message and we'll look into this with you. https://t.co/eXwzpNPj8C",
2091526,618108,Tue Nov 07 20:44:29 +0000 2017,@618109 @TwitterSupport I’m being bullied,2091524,TwitterSupport,Tue Nov 07 20:47:33 +0000 2017,"@618108 Hi, please send us a message and we'll look into this with you. https://t.co/eXwzpNPj8C",2091525
2091544,618110,Tue Nov 07 20:33:13 +0000 2017,.@TwitterSupport i am being stalked &amp; harassed by an account that continues to create multiple accounts to get around my blocks. any ideas?,2091543,TwitterSupport,Tue Nov 07 20:37:55 +0000 2017,@618110 Thanks for letting us know. Please send us a message and we'll work on getting this resolved for you. https://t.co/eXwzpNPj8C,
2091546,618111,Tue Nov 07 20:27:50 +0000 2017,"@TwitterSupport Hi. I cannot login to my account @70344 anymore and I have tried to reset my password, but it doesn’t work!",2091545,TwitterSupport,Tue Nov 07 20:36:34 +0000 2017,@618111 Thanks for letting us know about this. Please send us a message and we can begin working on this issue. https://t.co/eXwzpNPj8C,
2091548,618112,Tue Nov 07 18:45:39 +0000 2017,@618113 @TwitterSupport This user is bullying me,2091547,TwitterSupport,Tue Nov 07 19:04:16 +0000 2017,@618112 Thanks for getting in touch. Send us a message and we'll get started helping you out. https://t.co/eXwzpNPj8C,
2091555,618114,Tue Nov 07 11:32:19 +0000 2017,"Help Me Please. 
@123765 @TwitterSupport",2091554,TwitterSupport,Tue Nov 07 18:57:22 +0000 2017,"@618114 Hi there, we're here to help. Please send us a message and we can work on getting this sorted. https://t.co/eXwzpNPj8C",
2091559,618116,Tue Nov 07 18:39:08 +0000 2017,@TwitterSupport &amp; @12 this is a troll account please investigate @70346,2091558,TwitterSupport,Tue Nov 07 18:56:55 +0000 2017,@618116 Thanks for letting us know about this. Please send us a message and we can begin working on this issue. https://t.co/eXwzpNPj8C,
2091561,618117,Tue Nov 07 18:37:57 +0000 2017,@235867 @123765 @TwitterSupport this person is harassing me. Can you please get rid of their account? Thanks babe,2091560,TwitterSupport,Tue Nov 07 18:52:54 +0000 2017,@618117 Thanks for getting in touch. Send us a message and we'll get started helping you out. https://t.co/eXwzpNPj8C,
2091567,394387,Tue Nov 07 17:38:05 +0000 2017,❗️@129570 @146 @TwitterSupport @12 Plz suspend this user trolling others with disgusting slurs❗️ #OpDomesticTerrorism 👇👇👇 https://t.co/pxQI9RLNjP,2091566,TwitterSupport,Tue Nov 07 17:48:43 +0000 2017,"@394387 Hi, please send us a message and we'll look into this with you. https://t.co/eXwzpNPj8C",
2091569,618118,Tue Nov 07 17:14:28 +0000 2017,@TwitterSupport Reset password,2091568,TwitterSupport,Tue Nov 07 17:17:45 +0000 2017,@618118 We'd be happy to look into this for you. Please send us a message and we can get started working through this. https://t.co/eXwzpNPj8C,
2091572,618119,Tue Nov 07 15:43:42 +0000 2017,@TwitterSupport please help,2091571,TwitterSupport,Tue Nov 07 15:47:35 +0000 2017,"@618119 Thanks for reaching out, we are happy to help. Please send us a message and we can get started. https://t.co/eXwzpNPj8C",
2091574,618120,Tue Nov 07 05:01:27 +0000 2017,Help @TwitterSupport,2091573,TwitterSupport,Tue Nov 07 05:38:54 +0000 2017,"@618120 Hi there, we're here to help. Please send us a message and we can work on getting this sorted. https://t.co/eXwzpNPj8C",
2091606,618141,Tue Nov 07 02:33:09 +0000 2017,Please help ASAP! @123765 @TwitterSupport https://t.co/Ib5uNEdY66,2091605,TwitterSupport,Tue Nov 07 02:41:29 +0000 2017,@618141 Thanks for getting in touch. Send us a message and we'll get started helping you out. https://t.co/eXwzpNPj8C,
2091609,264414,Tue Nov 07 01:12:01 +0000 2017,@TwitterSupport people are bullying me help https://t.co/OXCPV8hG8T,2091607,TwitterSupport,Tue Nov 07 01:17:01 +0000 2017,@264414 Thanks for getting in touch. Send us a message and we'll get started helping you out. https://t.co/eXwzpNPj8C,2091608
2091619,618146,Tue Nov 07 00:25:38 +0000 2017,@TwitterSupport plz help,2091618,TwitterSupport,Tue Nov 07 00:30:04 +0000 2017,@618146 Thanks for getting in touch. Send us a message and we'll get started helping you out. https://t.co/eXwzpNPj8C,
2091621,618147,Mon Nov 06 22:32:50 +0000 2017,@618148 @TwitterSupport Help this mans friend..,2091620,TwitterSupport,Mon Nov 06 22:45:14 +0000 2017,@618147 We are here to help. Please send us a message and we'll get started looking into this for you. https://t.co/eXwzpNPj8C,
2091624,618149,Mon Nov 06 21:44:26 +0000 2017,@618150 @TwitterSupport help,2091623,TwitterSupport,Mon Nov 06 21:51:08 +0000 2017,@618149 Thanks for getting in touch. Send us a message and we'll get started helping you out. https://t.co/eXwzpNPj8C,
2091628,618151,Mon Nov 06 19:41:45 +0000 2017,". @TwitterSupport @129570 @568078 @65603 

@81376 is exposing personal info about a user please suspend account https://t.co/oUwoaglDvo",2091627,TwitterSupport,Mon Nov 06 19:45:16 +0000 2017,"@618151 Hi, thanks for getting in touch. Please send us a message and we'll get started working through this. https://t.co/eXwzpNPj8C",
2091630,618152,Mon Nov 06 19:38:55 +0000 2017,@618153 Ummm @123765 @TwitterSupport @599581 helP,2091629,TwitterSupport,Mon Nov 06 19:42:08 +0000 2017,"@618152 Hi, thanks for getting in touch. Please send us a message and we'll get started working through this. https://t.co/eXwzpNPj8C",
2091634,618154,Mon Nov 06 18:08:17 +0000 2017,@TwitterSupport can you help with my account,2091633,TwitterSupport,Mon Nov 06 18:36:58 +0000 2017,@618154 Thanks for getting in touch. Send us a message and we'll get started helping you out. https://t.co/eXwzpNPj8C,
2091636,618155,Mon Nov 06 17:41:35 +0000 2017,@618156 @618157 @TwitterSupport @123765 This account advocates violence and is trolling to get accounts suspended https://t.co/gfCvL9NWdZ,2091635,TwitterSupport,Mon Nov 06 17:49:11 +0000 2017,@618155 We are here to help. Please send us a message and we'll get started looking into this for you. https://t.co/eXwzpNPj8C,
2091640,618158,Mon Nov 06 15:44:48 +0000 2017,@67868 is impersonating me @TwitterSupport,2091639,TwitterSupport,Mon Nov 06 16:28:50 +0000 2017,@618158 Thanks for getting in touch. Send us a message and we'll get started helping you out. https://t.co/eXwzpNPj8C,
2091642,618159,Mon Nov 06 15:06:19 +0000 2017,@618160 @123765 @TwitterSupport help,2091641,TwitterSupport,Mon Nov 06 15:16:22 +0000 2017,"@618159 Hi there, we're here to help. Please send us a message and we can work on getting this sorted. https://t.co/eXwzpNPj8C",
2091646,618161,Mon Nov 06 14:37:46 +0000 2017,"@618162 @618163 She is continuing her abusive behavior toward me from her new acct @67485. She has my name on her bio! 😡

@TwitterSupport https://t.co/us3Elj91dx",2091645,TwitterSupport,Mon Nov 06 14:47:25 +0000 2017,@618161 Thanks for getting in touch. Send us a message and we'll get started helping you out. https://t.co/eXwzpNPj8C,
2091650,618164,Mon Nov 06 12:42:57 +0000 2017,I need some help with my account @TwitterSupport @123765,2091649,TwitterSupport,Mon Nov 06 12:50:48 +0000 2017,"@618164 Hi there, we're here to help. Please send us a message and we can work on getting this sorted. https://t.co/eXwzpNPj8C",
2091652,618165,Mon Nov 06 04:46:08 +0000 2017,@TwitterSupport help.,2091651,TwitterSupport,Mon Nov 06 05:20:16 +0000 2017,@618165 We are here to help. Please send us a message and we'll get started looking into this for you. https://t.co/eXwzpNPj8C,
2091654,618166,Mon Nov 06 04:30:33 +0000 2017,@618167 @618168 @618169 @123765 @TwitterSupport @TwitterSupport HELP!!!!! she keeps coming after us i’m so afraid!,2091653,TwitterSupport,Mon Nov 06 05:01:19 +0000 2017,@618166 Thanks for getting in touch. Send us a message and we'll get started helping you out. https://t.co/eXwzpNPj8C,
2091670,618170,Mon Nov 06 01:35:06 +0000 2017,@TwitterSupport see I'm getting bullied https://t.co/yAphR0vSGe,2091669,TwitterSupport,Mon Nov 06 02:12:30 +0000 2017,@618170 Thanks for getting in touch. Send us a message and we'll get started helping you out. https://t.co/eXwzpNPj8C,
2091672,170424,Mon Nov 06 01:32:06 +0000 2017,Hello @TwitterSupport @12 I’m being harassed https://t.co/e89QwPDqau,2091671,TwitterSupport,Mon Nov 06 02:11:36 +0000 2017,@170424 Thanks for getting in touch. Send us a message and we'll get started helping you out. https://t.co/eXwzpNPj8C,
2091674,618171,Sun Nov 05 23:51:46 +0000 2017,@TwitterSupport Please help me,2091673,TwitterSupport,Sun Nov 05 23:55:12 +0000 2017,@618171 Thanks for letting us know about this! Please send us a message and we'll get started on helping you out. https://t.co/eXwzpNPj8C,
2091676,618172,Sun Nov 05 23:45:26 +0000 2017,Hello @TwitterSupport I’d like to report an account for abuse https://t.co/44lJaGLyVD,2091675,TwitterSupport,Sun Nov 05 23:50:19 +0000 2017,@618172 We are here to help. Please send us a message and we'll get started looking into this for you. https://t.co/eXwzpNPj8C,
2091678,618173,Sun Nov 05 23:33:59 +0000 2017,@TwitterSupport this is harrassment  please review and delete this account https://t.co/Jl8ao3KZjK,2091677,TwitterSupport,Sun Nov 05 23:42:00 +0000 2017,"@618173 Hi, please send us a message and we'll look into this with you. https://t.co/eXwzpNPj8C",
2091680,618174,Sun Nov 05 23:24:24 +0000 2017,@TwitterSupport Help,2091679,TwitterSupport,Sun Nov 05 23:36:05 +0000 2017,"@618174 Hi there, we're here to help. Please send us a message and we can work on getting this sorted. https://t.co/eXwzpNPj8C",
2091683,618175,Sun Nov 05 23:08:25 +0000 2017,@618176 @132114 @TwitterSupport @129570 HELP,2091682,TwitterSupport,Sun Nov 05 23:10:48 +0000 2017,"@618175 Hi there, we're here to help. Please send us a message and we can work on getting this sorted. https://t.co/eXwzpNPj8C",
2091692,618177,Sun Nov 05 22:15:00 +0000 2017,@618178 Hey @123765 @TwitterSupport he is threading violence to me!,2091691,TwitterSupport,Sun Nov 05 22:20:25 +0000 2017,@618177 Thanks for getting in touch. Send us a message and we'll get started helping you out. https://t.co/eXwzpNPj8C,
2091703,618179,Sun Nov 05 22:00:08 +0000 2017,@618180 Help @794,2091702,TwitterSupport,Sun Nov 05 22:08:32 +0000 2017,"@618179 Thanks for reaching out, we are happy to help. Please send us a message and we can get started. https://t.co/eXwzpNxIh4",
2125768,414014,Thu Oct 19 05:13:58 +0000 2017,hello @TwitterSupport i'd like to report an account for targeted harrassment... https://t.co/oqFB5BHDp7,2125767,TwitterSupport,Thu Oct 19 05:27:28 +0000 2017,@414014 Thanks for getting in touch. Send us a message and we'll get started helping you out. https://t.co/5TkIRqD4sE,
2142695,196597,Sat Nov 04 21:52:53 +0000 2017,@TwitterSupport I’m being harassed https://t.co/cLOAwjux2C,2142694,TwitterSupport,Sat Nov 04 22:09:11 +0000 2017,"@196597 Hi there, we're here to help. Please send us a message and we can work on getting this sorted. https://t.co/eXwzpNPj8C",
2142697,630000,Sat Nov 04 21:45:44 +0000 2017,@TwitterSupport help,2142696,TwitterSupport,Sat Nov 04 22:03:00 +0000 2017,"@630000 Hi there, we're here to help. Please send us a message and we can work on getting this sorted. https://t.co/eXwzpNPj8C",
2148464,631477,Wed Nov 08 16:12:29 +0000 2017,@TwitterSupport please help,2148463,TwitterSupport,Wed Nov 08 16:14:00 +0000 2017,@631477 We are here to help. Please send us a message and we'll get started looking into this for you. https://t.co/eXwzpNPj8C,
2148466,631478,Wed Nov 08 22:39:45 +0000 2017,@631479 @12 .@TwitterSupport please help me,2148465,TwitterSupport,Wed Nov 08 23:22:47 +0000 2017,"@631478 Hi, thanks for getting in touch. Please send us a message and we'll get started working through this. https://t.co/eXwzpNPj8C",
2148474,520714,Wed Nov 08 22:52:28 +0000 2017,I reported this racist tweet to @TwitterSupport but @85187 might want to also check in with this woman who claims to represent them https://t.co/My8UEAsVWW,2148473,TwitterSupport,Wed Nov 08 23:19:57 +0000 2017,"@520714 Hi, thanks for getting in touch. Please send us a message and we'll get started working through this. https://t.co/eXwzpNPj8C",
2148476,296262,Wed Nov 08 22:27:39 +0000 2017,"Please calm down.
@TwitterSupport help me. https://t.co/jfVroz3rYR",2148475,TwitterSupport,Wed Nov 08 22:37:14 +0000 2017,@296262 Thanks for getting in touch. Send us a message and we'll get started helping you out. https://t.co/eXwzpNPj8C,
2148478,631480,Wed Nov 08 20:29:35 +0000 2017,@TwitterSupport @TwitterSupport he doxxed my relatives and has many alts to harrass my acct. he spams my password daily https://t.co/YzXcODhwlT,2148477,TwitterSupport,Wed Nov 08 21:44:08 +0000 2017,"@631480 Hi there, we're here to help. Please send us a message and we can work on getting this sorted. https://t.co/eXwzpNPj8C",
2148481,156468,Wed Nov 08 18:21:21 +0000 2017,Ummm @TwitterSupport I got a new phone and since seem to have lost access to my second account... help?!,2148480,TwitterSupport,Wed Nov 08 18:45:57 +0000 2017,@156468 Thanks for getting in touch. Send us a message and we'll get started helping you out. https://t.co/eXwzpNPj8C,
2148484,631482,Wed Nov 08 17:44:20 +0000 2017,@631483 @631484 HELP @TwitterSupport,2148483,TwitterSupport,Wed Nov 08 17:50:23 +0000 2017,@631482 Thanks for getting in touch. Send us a message and we'll get started helping you out. https://t.co/eXwzpNPj8C,
2148501,631485,Wed Nov 08 16:05:33 +0000 2017,@TwitterSupport Please help me!,2148500,TwitterSupport,Wed Nov 08 16:10:38 +0000 2017,"@631485 Hi there, we're here to help. Please send us a message and we can work on getting this sorted. https://t.co/eXwzpNPj8C",
2148503,188303,Wed Nov 08 15:52:53 +0000 2017,@TwitterSupport help,2148502,TwitterSupport,Wed Nov 08 16:08:02 +0000 2017,"@188303 Hi there, we're here to help. Please send us a message and we can work on getting this sorted. https://t.co/eXwzpNPj8C",
2148505,631486,Wed Nov 08 14:00:22 +0000 2017,@631487 @TwitterSupport help pls,2148504,TwitterSupport,Wed Nov 08 14:15:10 +0000 2017,"@631486 Hi, thanks for getting in touch. Please send us a message and we'll get started working through this. https://t.co/eXwzpNPj8C",
2148508,631488,Wed Nov 08 11:53:59 +0000 2017,@TwitterSupport help asap please,2148507,TwitterSupport,Wed Nov 08 11:58:13 +0000 2017,"@631488 Hi there, we're here to help. Please send us a message and we can work on getting this sorted. https://t.co/eXwzpNPj8C",
2156663,633586,Thu Nov 09 02:15:46 +0000 2017,@85538 @TwitterSupport help,2156662,TwitterSupport,Thu Nov 09 02:47:35 +0000 2017,@633586 Thanks for getting in touch. Send us a message and we'll get started helping you out. https://t.co/eXwzpNPj8C,
2156666,633587,Thu Nov 09 01:24:08 +0000 2017,"@TwitterSupport I’m having issues with something, can you guys help?",2156665,TwitterSupport,Thu Nov 09 02:06:32 +0000 2017,@__tm____ Thanks for getting in touch. Send us a message and we'll get started helping you out. https://t.co/eXwzpNPj8C,
2156668,633588,Thu Nov 09 01:10:28 +0000 2017,"@TwitterSupport I have an old account that I want to use again, amd deactivate tbis account. The email I had for it I no longer use and dont remember the old password.. help?",2156667,TwitterSupport,Thu Nov 09 01:42:07 +0000 2017,"@633588 Hi, please send us a message and we'll look into this with you. https://t.co/eXwzpNPj8C",
2156670,633589,Thu Nov 09 01:04:38 +0000 2017,"@TwitterSupport 

Could you help me with a problem please?",2156669,TwitterSupport,Thu Nov 09 01:37:04 +0000 2017,"@633589 Hi there, we're here to help. Please send us a message and we can work on getting this sorted. https://t.co/eXwzpNPj8C",
2156672,633590,Thu Nov 09 01:03:48 +0000 2017,help me get my other account unlocked please @TwitterSupport,2156671,TwitterSupport,Thu Nov 09 01:36:02 +0000 2017,@633590 Thanks for getting in touch. Send us a message and we'll get started helping you out. https://t.co/eXwzpNPj8C,
2156674,633591,Thu Nov 09 00:24:32 +0000 2017,"This women is abusing and harressing me on Twitter because I'm Muslim....
@TwitterSupport https://t.co/vHMwJCI58t",2156673,TwitterSupport,Thu Nov 09 00:36:36 +0000 2017,"@633591 Hi, thanks for getting in touch. Please send us a message and we'll get started working through this. https://t.co/eXwzpNPj8C",
2157001,TwitterSupport,Fri Jul 18 22:23:17 +0000 2014,"Over the next few weeks, we're rolling out an update that makes deleting DMs more consistent across web and mobile. http://t.co/VNtDXzwuvp",2156999,TwitterSupport,Fri Jul 18 22:23:49 +0000 2014,We're also making an update to the Twitter iPhone and Android apps that will allow you to access your entire DM history.,2157000
2159946,296259,Thu Nov 09 04:58:10 +0000 2017,"Hey @TwitterSupport, there is cyber bullying occurring and I am a victim! Let’s do something about this please! https://t.co/gHgfpfo3xM",2159945,TwitterSupport,Thu Nov 09 05:32:55 +0000 2017,"@296259 Hi, please send us a message and we'll look into this with you. https://t.co/eXwzpNPj8C",
2159948,634389,Thu Nov 09 03:20:02 +0000 2017,@634390 @TwitterSupport im being threatened and harassed,2159947,TwitterSupport,Thu Nov 09 04:01:04 +0000 2017,@634389 Thanks for getting in touch. Send us a message and we'll get started helping you out. https://t.co/eXwzpNPj8C,
2179108,638625,Thu Nov 09 14:46:57 +0000 2017,"@TwitterSupport @123765 @105761 is threatening to kill me 
https://t.co/t5zBxFotYA https://t.co/xLDGGfEZgX",2179107,TwitterSupport,Thu Nov 09 15:45:38 +0000 2017,@638625 Thanks for getting in touch. Send us a message and we'll get started helping you out. https://t.co/eXwzpNPj8C,
2187104,640483,Thu Nov 09 18:29:08 +0000 2017,"@TwitterSupport this user is continually verbally abusing other users. Even the user name is offensive 

https://t.co/4Xj0qRHwrN",2187103,TwitterSupport,Thu Nov 09 19:37:16 +0000 2017,@640483 Thanks for getting in touch. Send us a message and we'll get started helping you out. https://t.co/eXwzpNPj8C,
2187106,640484,Thu Nov 09 19:02:56 +0000 2017,@640485 @TwitterSupport please do something and read her tweets she's harassing lots of people.,2187105,TwitterSupport,Thu Nov 09 19:33:48 +0000 2017,@640484 Thanks for letting us know about this. Please send us a message and we can begin working on this issue. https://t.co/eXwzpNPj8C,
2187109,306799,Thu Nov 09 19:14:17 +0000 2017,@262226 @640486 @TwitterSupport help him!!!,2187108,TwitterSupport,Thu Nov 09 19:25:32 +0000 2017,@306799 Thanks for letting us know about this. Please send us a message and we can begin working on this issue. https://t.co/eXwzpNPj8C,
2187112,640487,Thu Nov 09 18:28:11 +0000 2017,@TwitterSupport I’m trying to recover my twitter account that I️ no longer have access to the email with,2187111,TwitterSupport,Thu Nov 09 19:24:17 +0000 2017,@640487 We are here to help. Please send us a message and we'll get started looking into this for you. https://t.co/eXwzpNPj8C,
2187114,640488,Thu Nov 09 19:18:05 +0000 2017,@142935 @TwitterSupport @TwitterSupport This persons feelings were hurt. Can you help her? Smh.,2187113,TwitterSupport,Thu Nov 09 19:23:46 +0000 2017,@640488 Thanks for letting us know about this. Please send us a message and we can begin working on this issue. https://t.co/eXwzpNPj8C,
2187118,640489,Thu Nov 09 18:21:29 +0000 2017,@640490 @TwitterSupport @35963 He’s harmed not only me but is a threat to the entire black community,2187117,TwitterSupport,Thu Nov 09 18:30:28 +0000 2017,"@640489 Hi, thanks for getting in touch. Please send us a message and we'll get started working through this. https://t.co/eXwzpNPj8C",
2187122,640491,Thu Nov 09 17:34:38 +0000 2017,@86598 @TwitterSupport Help me also,2187121,TwitterSupport,Thu Nov 09 17:59:43 +0000 2017,"@640491 Hi, thanks for getting in touch. Please send us a message and we'll get started working through this. https://t.co/eXwzpNPj8C",
2187125,640492,Thu Nov 09 17:34:18 +0000 2017,"@123765 @TwitterSupport @12  This acct, @105981 has been harassing @105982.  You need to stop this vile troll account now https://t.co/EutHl4yTea",2187124,TwitterSupport,Thu Nov 09 17:58:52 +0000 2017,"@640492 Hi there, we're here to help. Please send us a message and we can work on getting this sorted. https://t.co/eXwzpNPj8C",
2187127,640493,Thu Nov 09 17:26:54 +0000 2017,@TwitterSupport I need help with my account please,2187126,TwitterSupport,Thu Nov 09 17:36:46 +0000 2017,"@640493 Hi, thanks for getting in touch. Please send us a message and we'll get started working through this. https://t.co/eXwzpNPj8C",
2187164,640503,Sun Dec 03 11:08:47 +0000 2017,I need help @123765 @TwitterSupport,2187163,TwitterSupport,Sun Dec 03 11:21:59 +0000 2017,"@640503 Thanks for reaching out, we are happy to help. Please send us a message and we can get started. https://t.co/eXwzpNxIh4",
2187267,640527,Sun Dec 03 09:47:57 +0000 2017,@TwitterSupport @27092 @TwitterSupport pls help me,2187266,TwitterSupport,Sun Dec 03 10:15:12 +0000 2017,"@640527 Thanks for reaching out, we are happy to help. Please send us a message and we can get started. https://t.co/eXwzpNxIh4",
2195563,642393,Fri Nov 10 00:07:06 +0000 2017,@TwitterSupport HELP ME,2195562,TwitterSupport,Fri Nov 10 01:00:10 +0000 2017,@642393 Thanks for getting in touch. Send us a message and we'll get started helping you out. https://t.co/eXwzpNPj8C,
2195566,642394,Thu Nov 09 23:30:19 +0000 2017,@642395 @TwitterSupport help!,2195565,TwitterSupport,Fri Nov 10 00:23:15 +0000 2017,@642394 Thanks for getting in touch. Send us a message and we'll get started helping you out. https://t.co/eXwzpNPj8C,
2195569,642396,Thu Nov 09 23:22:42 +0000 2017,@631478 @TwitterSupport this man is harassing me,2195568,TwitterSupport,Fri Nov 10 00:18:14 +0000 2017,@642396 Thanks for getting in touch. Send us a message and we'll get started helping you out. https://t.co/eXwzpNPj8C,
2195573,642397,Thu Nov 09 23:18:04 +0000 2017,@TwitterSupport help https://t.co/Dq0SPMjFKK,2195572,TwitterSupport,Thu Nov 09 23:21:31 +0000 2017,@642397 Thanks for getting in touch. Send us a message and we'll get started helping you out. https://t.co/eXwzpNPj8C,
219855,168418,Thu Oct 05 01:11:10 +0000 2017,@TwitterSupport help message,219854,TwitterSupport,Thu Oct 05 01:44:24 +0000 2017,@168418 Thanks for getting in touch. Send us a message and we'll get started helping you out. https://t.co/5TkIRqD4sE,
2199120,643211,Sun Oct 29 04:14:44 +0000 2017,@TwitterSupport HELP ME,2199119,TwitterSupport,Sun Oct 29 04:36:45 +0000 2017,@643211 Thanks for getting in touch. Send us a message and we'll get started helping you out. https://t.co/eXwzpNPj8C,
2199122,643212,Sun Oct 29 03:37:42 +0000 2017,"@TwitterSupport how to close this account?
i dunno who using my email address to register this account???",2199121,TwitterSupport,Sun Oct 29 04:20:50 +0000 2017,@643212 Thanks for getting in touch. Send us a message and we'll get started helping you out. https://t.co/eXwzpNPj8C,
2199147,643213,Sun Oct 29 02:29:25 +0000 2017,".@twittersupport
help",2199146,TwitterSupport,Sun Oct 29 03:01:46 +0000 2017,@643213 Thanks for getting in touch. Send us a message and we'll get started helping you out. https://t.co/eXwzpNPj8C,
2199149,643214,Sun Oct 29 01:45:28 +0000 2017,Alright @TwitterSupport  I'm needing some help.. PM please.,2199148,TwitterSupport,Sun Oct 29 01:59:41 +0000 2017,@643214 Thanks for getting in touch. Send us a message and we'll get started helping you out. https://t.co/eXwzpNPj8C,
2200108,295587,Thu Nov 09 20:50:36 +0000 2017,@86970 @TwitterSupport can you help?,2200107,TwitterSupport,Thu Nov 09 21:12:53 +0000 2017,@295587 Thanks for getting in touch. Send us a message and we'll get started helping you out. https://t.co/eXwzpNPj8C,
2200111,643458,Thu Nov 09 20:25:54 +0000 2017,@TwitterSupport i know you're busy but could you please help?? https://t.co/quk4vl1CXu,2200110,TwitterSupport,Thu Nov 09 20:35:48 +0000 2017,@643458 Thanks for getting in touch. Send us a message and we'll get started helping you out. https://t.co/eXwzpNPj8C,
2202594,644067,Sun Nov 26 13:42:05 +0000 2017,@TwitterSupport please help me,2202593,TwitterSupport,Sun Nov 26 14:06:10 +0000 2017,@644067 Thanks for letting us know about this! Please send us a message and we'll get started on helping you out. https://t.co/eXwzpNPj8C,
2202597,644068,Sun Nov 26 10:47:53 +0000 2017,@TwitterSupport why can't I log into my other account @644069,2202596,TwitterSupport,Sun Nov 26 11:39:01 +0000 2017,@644068 Thanks for getting in touch. Send us a message and we'll get started helping you out. https://t.co/eXwzpNPj8C,
2208860,491723,Fri Nov 10 03:35:08 +0000 2017,@TwitterSupport hey could u help me with something,2208859,TwitterSupport,Fri Nov 10 03:37:04 +0000 2017,@491723 Thanks for letting us know about this. Please send us a message and we can begin working on this issue. https://t.co/eXwzpNPj8C,
2208862,645711,Fri Nov 10 01:53:17 +0000 2017,@TwitterSupport help me https://t.co/N4kUrTDNWv,2208861,TwitterSupport,Fri Nov 10 03:29:37 +0000 2017,@645711 Thanks for getting in touch. Send us a message and we'll get started helping you out. https://t.co/eXwzpNPj8C,
2208864,645712,Fri Nov 10 03:06:16 +0000 2017,@TwitterSupport i need help please respond this is important,2208863,TwitterSupport,Fri Nov 10 03:13:30 +0000 2017,@645712 Thanks for getting in touch. Send us a message and we'll get started helping you out. https://t.co/eXwzpNxIh4,
2208866,645713,Fri Nov 10 01:24:23 +0000 2017,@TwitterSupport I am a white man in trouble I'm being attacked by two black women in the gc please help!,2208865,TwitterSupport,Fri Nov 10 02:37:11 +0000 2017,@645713 Thanks for getting in touch. Send us a message and we'll get started helping you out. https://t.co/eXwzpNPj8C,
2208868,645714,Fri Nov 10 02:31:38 +0000 2017,@TwitterSupport help,2208867,TwitterSupport,Fri Nov 10 02:36:27 +0000 2017,@645714 Thanks for getting in touch. Send us a message and we'll get started helping you out. https://t.co/eXwzpNPj8C,
2208873,645716,Fri Nov 10 02:17:53 +0000 2017,HELP ME PLS @TwitterSupport,2208872,TwitterSupport,Fri Nov 10 02:28:40 +0000 2017,@645716 Thanks for getting in touch. Send us a message and we'll get started helping you out. https://t.co/eXwzpNPj8C,
2214321,647061,Fri Nov 10 05:32:26 +0000 2017,@TwitterSupport I am trying to log on to my original account but  it asks me to verify my email and i don't have any acces to that email again. Help me so i can using my account again please😭,2214320,TwitterSupport,Fri Nov 10 06:04:07 +0000 2017,@647061 Thanks for getting in touch. Send us a message and we'll get started helping you out. https://t.co/eXwzpNPj8C,
2214323,647062,Fri Nov 10 04:09:44 +0000 2017,@TwitterSupport I am trying to log on to my original account but when it asks me to verify my email it says its incorrect. HELP,2214322,TwitterSupport,Fri Nov 10 04:43:01 +0000 2017,"@647062 Hi there, we're here to help. Please send us a message and we can work on getting this sorted. https://t.co/eXwzpNPj8C",
2222650,295589,Fri Nov 10 14:33:03 +0000 2017,"Seriously, @TwitterSupport, please help.",2222649,TwitterSupport,Fri Nov 10 14:35:10 +0000 2017,@295589 Thanks for getting in touch. Send us a message and we'll get started helping you out. https://t.co/eXwzpNPj8C,
2227638,650225,Fri Nov 10 10:10:21 +0000 2017,@650226 @87899 @TwitterSupport HELP !,2227637,TwitterSupport,Fri Nov 10 10:13:27 +0000 2017,@650225 Thanks for getting in touch. Send us a message and we'll get started helping you out. https://t.co/eXwzpNPj8C,
2231309,651097,Fri Nov 10 17:33:49 +0000 2017,@173178 Hey @TwitterSupport @12 -👆targeted harassment of a sexual abuse survivor here,2231308,TwitterSupport,Fri Nov 10 17:35:04 +0000 2017,"@651097 Hi, thanks for getting in touch. Please send us a message and we'll get started working through this. https://t.co/eXwzpNPj8C",
2231312,402084,Fri Nov 10 17:08:10 +0000 2017,HELP ME @TwitterSupport,2231311,TwitterSupport,Fri Nov 10 17:12:41 +0000 2017,@402084 Thanks for getting in touch. Send us a message and we'll get started helping you out. https://t.co/eXwzpNPj8C,
2231314,651098,Fri Nov 10 16:43:02 +0000 2017,"@129570 @TwitterSupport 
This person is modifying pictures of people 2 make issues that may get violent
Pls take action
@651099 @107084 https://t.co/ME77uJHomr",2231313,TwitterSupport,Fri Nov 10 17:05:30 +0000 2017,"@651098 Hi there, we're here to help. Please send us a message and we can work on getting this sorted. https://t.co/eXwzpNPj8C",
2231316,651100,Fri Nov 10 16:31:58 +0000 2017,@651101 @TwitterSupport @123765 this account is bullying me. Help please,2231315,TwitterSupport,Fri Nov 10 16:36:32 +0000 2017,"@651100 Hi there, we're here to help. Please send us a message and we can work on getting this sorted. https://t.co/eXwzpNPj8C",
2237401,652444,Thu Oct 19 15:38:34 +0000 2017,"@434922 @88150 @88150 is nothing but a troll going out an creating havoc on Twitter.  

@TwitterSupport",2237400,TwitterSupport,Thu Oct 19 15:47:56 +0000 2017,"@652444 Hi, please send us a message and we'll look into this with you. https://t.co/5TkIRqD4sE",
2237404,652445,Thu Oct 19 14:21:06 +0000 2017,@TwitterSupport  id like to report an abusive profile,2237403,TwitterSupport,Thu Oct 19 15:05:48 +0000 2017,"@652445 Hi, please send us a message and we'll look into this with you. https://t.co/5TkIRqD4sE",
2242978,404908,Fri Nov 10 22:55:48 +0000 2017,"to be a woman on your platform, @TwitterSupport, is to subject oneself to hateful &amp; violent speech. https://t.co/49EbIpELP5",2242977,TwitterSupport,Fri Nov 10 23:00:31 +0000 2017,@404908 Thanks for getting in touch. Send us a message and we'll get started helping you out. https://t.co/eXwzpNPj8C,
2242980,653899,Fri Nov 10 22:26:15 +0000 2017,@653900 @TwitterSupport Send help,2242979,TwitterSupport,Fri Nov 10 22:43:17 +0000 2017,@653899 Thanks for getting in touch. Send us a message and we'll get started helping you out. https://t.co/eXwzpNPj8C,
2242985,653901,Fri Nov 10 22:16:01 +0000 2017,@653902 @TwitterSupport im being bullied,2242984,TwitterSupport,Fri Nov 10 22:34:01 +0000 2017,"@653901 Hi there, we're here to help. Please send us a message and we can work on getting this sorted. https://t.co/eXwzpNPj8C",
2242991,653903,Fri Nov 10 21:43:19 +0000 2017,@TwitterSupport hey i no longer have access to the email linked to one of my accounts is there a way to get that account back,2242990,TwitterSupport,Fri Nov 10 21:44:16 +0000 2017,"@653903 Hi, thanks for getting in touch. Please send us a message and we'll get started working through this. https://t.co/eXwzpNPj8C",
2242993,653904,Fri Nov 10 21:16:41 +0000 2017,@TwitterSupport this account looks like a Russian bot.  It appears to be originated in Latvia.  Its a gross abuse and you need to stop it https://t.co/z8UVsjwLoH,2242992,TwitterSupport,Fri Nov 10 21:35:38 +0000 2017,"@653904 Hi there, we're here to help. Please send us a message and we can work on getting this sorted. https://t.co/eXwzpNPj8C",
2242995,653905,Fri Nov 10 20:53:56 +0000 2017,@653906 @164905 @TwitterSupport Troll,2242994,TwitterSupport,Fri Nov 10 20:57:34 +0000 2017,@653905 Thanks for getting in touch. Send us a message and we'll get started helping you out. https://t.co/eXwzpNPj8C,
2247422,394387,Fri Nov 10 19:53:37 +0000 2017,@129570 @146 @TwitterSupport @12 Plz review this account. TOS X3 👇👇👇 https://t.co/GhGoTXHhxz,2247421,TwitterSupport,Fri Nov 10 19:59:33 +0000 2017,"@394387 Hi, please send us a message and we'll look into this with you. https://t.co/eXwzpNPj8C",
2247424,654930,Fri Nov 10 19:25:34 +0000 2017,Hey @TwitterSupport I need your help,2247423,TwitterSupport,Fri Nov 10 19:28:23 +0000 2017,@654930 We are here to help. Please send us a message and we'll get started looking into this for you. https://t.co/eXwzpNPj8C,
2247426,654931,Fri Nov 10 18:55:30 +0000 2017,@654932 @TwitterSupport this is now a threat I do not feel safe anymore,2247425,TwitterSupport,Fri Nov 10 19:00:14 +0000 2017,"@654931 Hi, thanks for getting in touch. Please send us a message and we'll get started working through this. https://t.co/eXwzpNPj8C",
2247434,400104,Fri Nov 10 18:35:38 +0000 2017,@12 @123765 @TwitterSupport Please check this thread of @423192 as she has repeatedly been targeted in mass in an effort to shut her work #resist down. Please read carefully as a suicide  has occurred as the result of doxing and harassment. Time to live up to ur word. https://t.co/08wFPqhDj8,2247433,TwitterSupport,Fri Nov 10 18:49:48 +0000 2017,@400104 We are here to help. Please send us a message and we'll get started looking into this for you. https://t.co/eXwzpNPj8C,
2247436,586607,Fri Nov 10 18:07:23 +0000 2017,@88464 @TwitterSupport  here is the abuse I reported,2247435,TwitterSupport,Fri Nov 10 18:13:15 +0000 2017,"@586607 Hi, thanks for getting in touch. Please send us a message and we'll get started working through this. https://t.co/eXwzpNPj8C",
2247439,654933,Fri Nov 10 17:46:59 +0000 2017,@TwitterSupport @784 abusive tweets https://t.co/ZltwfRRMH0,2247438,TwitterSupport,Fri Nov 10 17:56:09 +0000 2017,@654933 Thanks for getting in touch. Send us a message and we'll get started helping you out. https://t.co/eXwzpNPj8C,
224881,169727,Thu Oct 05 04:41:39 +0000 2017,@169728 @TwitterSupport  I’d like to report an impersonation,224880,TwitterSupport,Thu Oct 05 04:46:32 +0000 2017,@169727 Thanks for getting in touch. Send us a message and we'll get started helping you out. https://t.co/5TkIRqD4sE,
224885,169729,Thu Oct 05 03:55:43 +0000 2017,@169730 @TwitterSupport help I’m a white woman victim of cyber bullying,224884,TwitterSupport,Thu Oct 05 04:23:16 +0000 2017,@169729 Thanks for getting in touch. Send us a message and we'll get started helping you out. https://t.co/5TkIRqD4sE,
2270534,660659,Sat Nov 11 11:10:38 +0000 2017,"@660660 Suspend this account, too much abuse
@TwitterSupport @123765",2270533,TwitterSupport,Sat Nov 11 11:21:37 +0000 2017,@660659 We are here to help. Please send us a message and we'll get started looking into this for you. https://t.co/eXwzpNPj8C,
2270537,190653,Sat Nov 11 10:38:30 +0000 2017,"@660659 Suspend this account,severe abuse @TwitterSupport @123765",2270536,TwitterSupport,Sat Nov 11 10:46:11 +0000 2017,@190653 Thanks for letting us know. Please send us a message and we'll work on getting this resolved for you. https://t.co/eXwzpNPj8C,
2287475,664609,Thu Oct 19 17:26:31 +0000 2017,"@664610 @12 @TwitterSupport @129570 @12 @507 @TwitterSupport review this, now.",2287474,TwitterSupport,Thu Oct 19 17:34:12 +0000 2017,@664609 Thanks for getting in touch. Send us a message and we'll get started helping you out. https://t.co/5TkIRqD4sE,
229701,170747,Thu Oct 05 05:19:26 +0000 2017,Please @TwitterSupport 👇🏻👇🏻 it’s threatening to kill us.. please investigate this id asap https://t.co/pvLReApeeR,229700,TwitterSupport,Thu Oct 05 06:09:55 +0000 2017,"@170747 Thanks for reaching out, we are happy to help. Please send us a message and we can get started. https://t.co/5TkIRqD4sE",
2314805,671194,Thu Oct 19 22:05:05 +0000 2017,This person appears to be threatening me @12  @TwitterSupport. Is this an authorized account activity? https://t.co/2u5qAV5W99,2314804,TwitterSupport,Thu Oct 19 22:05:49 +0000 2017,@671194 Thanks for getting in touch. Send us a message and we'll get started helping you out. https://t.co/5TkIRqD4sE,
2324850,673461,Sun Nov 05 18:26:49 +0000 2017,@673462 @66264 @123765 @TwitterSupport Can you help with this please!,2324849,TwitterSupport,Sun Nov 05 18:36:10 +0000 2017,"@673461 Hi there, we're here to help. Please send us a message and we can work on getting this sorted. https://t.co/eXwzpNPj8C",
2324853,307116,Sun Nov 05 18:00:57 +0000 2017,@560340 @TwitterSupport i'm being bullied,2324852,TwitterSupport,Sun Nov 05 18:07:42 +0000 2017,@307116 We are here to help. Please send us a message and we'll get started looking into this for you. https://t.co/eXwzpNPj8C,
2324862,471674,Sun Nov 05 17:47:49 +0000 2017,@TwitterSupport I’d like to report user @66256  bullying me PLEASE HELP HE IS LOSING HIS MIND,2324861,TwitterSupport,Sun Nov 05 17:51:29 +0000 2017,@471674 Thanks for getting in touch. Send us a message and we'll get started helping you out. https://t.co/eXwzpNPj8C,
2324866,673464,Sun Nov 05 15:58:19 +0000 2017,@TwitterSupport this is cyber bullying https://t.co/CkJIFsws7c,2324865,TwitterSupport,Sun Nov 05 16:01:29 +0000 2017,@673464 Thanks for letting us know about this. Please send us a message and we can begin working on this issue. https://t.co/eXwzpNPj8C,
2324868,673465,Sun Nov 05 15:29:26 +0000 2017,Hi @TwitterSupport can you help me with an issue,2324867,TwitterSupport,Sun Nov 05 15:40:30 +0000 2017,@673465 Thanks for getting in touch. Send us a message and we'll get started helping you out. https://t.co/eXwzpNPj8C,
232571,171359,Thu Oct 05 08:57:30 +0000 2017,"@TwitterSupport Require help in changing my username, and deactivating my old account",232570,TwitterSupport,Thu Oct 05 09:33:56 +0000 2017,@171359 Thanks for getting in touch. Send us a message and we'll get started helping you out. https://t.co/5TkIRqD4sE,
2334978,162172,Fri Oct 20 01:46:22 +0000 2017,@TwitterSupport @59361 is bullying me 😔😔😔,2334977,TwitterSupport,Fri Oct 20 02:13:44 +0000 2017,@162172 Thanks for getting in touch. Send us a message and we'll get started helping you out. https://t.co/5TkIRqD4sE,
2337528,676297,Fri Oct 20 03:50:50 +0000 2017,@TwitterSupport I need help,2337527,TwitterSupport,Fri Oct 20 03:56:49 +0000 2017,@676297 Thanks for getting in touch. Send us a message and we'll get started helping you out. https://t.co/5TkIRqD4sE,
2337530,676298,Fri Oct 20 02:13:43 +0000 2017,@TwitterSupport how do I regain access of an account of mine without access to the email it's sending to?,2337529,TwitterSupport,Fri Oct 20 02:18:40 +0000 2017,@676298 Thanks for getting in touch. Send us a message and we'll get started helping you out. https://t.co/5TkIRqD4sE,
2362411,682123,Mon Nov 13 20:35:34 +0000 2017,@541521 @682124 @TwitterSupport help us out bruh,2362410,TwitterSupport,Mon Nov 13 21:11:30 +0000 2017,@682123 Thanks for getting in touch. Send us a message and we'll get started helping you out. https://t.co/eXwzpNPj8C,
2362415,682125,Mon Nov 13 18:48:43 +0000 2017,@682126 @123765 @TwitterSupport Seems like a troll account. Please take down.,2362414,TwitterSupport,Mon Nov 13 18:51:45 +0000 2017,@682125 Thanks for letting us know about this. Please send us a message and we can begin working on this issue. https://t.co/eXwzpNPj8C,
2362418,682127,Mon Nov 13 18:38:40 +0000 2017,@682128 @TwitterSupport I’m being harassed,2362417,TwitterSupport,Mon Nov 13 18:39:52 +0000 2017,@682127 Thanks for getting in touch. Send us a message and we'll get started helping you out. https://t.co/eXwzpNPj8C,
2362425,682129,Mon Nov 13 17:07:40 +0000 2017,@TwitterSupport I'm being bullied https://t.co/oaoJ5guYHV,2362424,TwitterSupport,Mon Nov 13 18:28:29 +0000 2017,"@682129 Thanks for reaching out, we are happy to help. Please send us a message and we can get started. https://t.co/eXwzpNPj8C",
2362427,682130,Mon Nov 13 16:54:52 +0000 2017,"@682131 This account should be flagged and removed off @123765 @TwitterSupport 
 
This is a clear threat!!",2362426,TwitterSupport,Mon Nov 13 18:25:15 +0000 2017,"@682130 Hi there, we're here to help. Please send us a message and we can work on getting this sorted. https://t.co/eXwzpNPj8C",
2372070,684390,Mon Nov 13 22:44:14 +0000 2017,Help me @TwitterSupport,2372069,TwitterSupport,Mon Nov 13 22:53:00 +0000 2017,@684390 Thanks for letting us know about this! Please send us a message and we'll get started on helping you out. https://t.co/eXwzpNPj8C,
2372073,684392,Mon Nov 13 21:50:07 +0000 2017,@12 sir &amp; @TwitterSupport Need your help.,2372072,TwitterSupport,Mon Nov 13 21:57:34 +0000 2017,"@684392 Hi, please send us a message and we'll look into this with you. https://t.co/eXwzpNPj8C",
2378489,685938,Tue Nov 14 01:15:05 +0000 2017,@685939 @TwitterSupport this unknown account @685939 has been harassing me please take care of this...,2378488,TwitterSupport,Tue Nov 14 01:36:09 +0000 2017,"@685938 Hi, please send us a message and we'll look into this with you. https://t.co/eXwzpNPj8C",
2378492,685940,Tue Nov 14 00:57:35 +0000 2017,@92679 @TwitterSupport We currently have 2 active accounts. We need help merging or deleting an account. Thanks!,2378491,TwitterSupport,Tue Nov 14 01:33:07 +0000 2017,@685940 Thanks for getting in touch. Send us a message and we'll get started helping you out. https://t.co/eXwzpNPj8C,
2386844,687819,Fri Oct 20 10:33:48 +0000 2017,"@687820 @12 @TwitterSupport @64548 @64549 He has actively targeted and harassed female Marvel staff and marginalized comic book pros. That's not a ""good person"", Justin.",2386843,TwitterSupport,Fri Oct 20 10:40:22 +0000 2017,@687819 Thanks for getting in touch. Send us a message and we'll get started helping you out. https://t.co/5TkIRqD4sE,
2386859,687821,Fri Oct 20 08:10:23 +0000 2017,@TwitterSupport he’s threatening me https://t.co/MxNTEWyX2t,2386858,TwitterSupport,Fri Oct 20 08:30:50 +0000 2017,@687821 Thanks for getting in touch. Send us a message and we'll get started helping you out. https://t.co/5TkIRqD4sE,
2387394,687957,Tue Nov 14 06:31:27 +0000 2017,@TwitterSupport I need help please,2387393,TwitterSupport,Tue Nov 14 06:39:22 +0000 2017,@687957 Thanks for getting in touch. Send us a message and we'll get started helping you out. https://t.co/eXwzpNPj8C,
2387396,687958,Tue Nov 14 06:15:51 +0000 2017,@TwitterSupport can y'all help me🙄,2387395,TwitterSupport,Tue Nov 14 06:20:22 +0000 2017,@__morgssss__ Thanks for getting in touch. Send us a message and we'll get started helping you out. https://t.co/eXwzpNPj8C,
2387398,687959,Tue Nov 14 04:59:33 +0000 2017,@TwitterSupport i need help,2387397,TwitterSupport,Tue Nov 14 05:08:21 +0000 2017,@687959 Thanks for getting in touch. Send us a message and we'll get started helping you out. https://t.co/eXwzpNPj8C,
2392293,166492,Tue Nov 14 09:33:19 +0000 2017,@TwitterSupport Need some help,2392292,TwitterSupport,Tue Nov 14 09:59:55 +0000 2017,@166492 We are here to help. Please send us a message and we'll get started looking into this for you. https://t.co/eXwzpNPj8C,
2392295,241640,Tue Nov 14 07:12:57 +0000 2017,@TwitterSupport help me,2392294,TwitterSupport,Tue Nov 14 08:05:07 +0000 2017,@241640 Thanks for getting in touch. Send us a message and we'll get started helping you out. https://t.co/eXwzpNPj8C,
2401703,147984,Tue Nov 14 12:57:37 +0000 2017,@690994 @TwitterSupport @TwitterSupport hi i’m being bullied,2401702,TwitterSupport,Tue Nov 14 13:05:46 +0000 2017,"@147984 Hi, thanks for getting in touch. Please send us a message and we'll get started working through this. https://t.co/eXwzpNPj8C",
2401708,160874,Tue Nov 14 12:46:18 +0000 2017,"Directing profane, insulting remarks at ppl of faith, HATE SPEECH @TwitterSupport https://t.co/WkCv37B5mJ",2401707,TwitterSupport,Tue Nov 14 13:01:31 +0000 2017,@160874 Thanks for getting in touch. Send us a message and we'll get started helping you out. https://t.co/eXwzpNPj8C,
2401762,691009,Fri Oct 20 12:25:53 +0000 2017,@691010 @37268 @37269 Hi @TwitterSupport please can you block this user for abusive content,2401761,TwitterSupport,Fri Oct 20 12:43:19 +0000 2017,@691009 Thanks for getting in touch. Send us a message and we'll get started helping you out. https://t.co/5TkIRqD4sE,
240258,173062,Fri Nov 24 22:41:06 +0000 2017,"@TwitterSupport @12498 the first time he/it posted a photo impersonating me was in July, he deleted that post after I️ reported it but is still stealing my profile photo as of right now",240257,TwitterSupport,Fri Nov 24 23:10:39 +0000 2017,@173062 Thanks for letting us know about this. Please send us a message and we can begin working on this issue. https://t.co/eXwzpNPj8C,
240278,173067,Fri Nov 24 22:28:33 +0000 2017,i miss my Twitter 😂 @12497  can @TwitterSupport  help me !!! @123765  I️ need to get back into my original Twitter,240277,TwitterSupport,Fri Nov 24 23:06:35 +0000 2017,"@173067 Hi, please send us a message and we'll look into this with you. https://t.co/eXwzpNPj8C",
2412343,693512,Tue Nov 14 16:52:56 +0000 2017,@TwitterSupport please help,2412342,TwitterSupport,Tue Nov 14 16:54:06 +0000 2017,@693512 Thanks for getting in touch. Send us a message and we'll get started helping you out. https://t.co/eXwzpNPj8C,
2412346,693513,Tue Nov 14 14:19:44 +0000 2017,hello @twittersupport this user @94178 keeps harrassing me please suspend asap,2412345,TwitterSupport,Tue Nov 14 14:57:24 +0000 2017,@693513 Thanks for getting in touch. Send us a message and we'll get started helping you out. https://t.co/eXwzpNPj8C,
2412348,693514,Tue Nov 14 13:58:16 +0000 2017,@693515 @693516 @TwitterSupport Im getting bullied.,2412347,TwitterSupport,Tue Nov 14 14:08:22 +0000 2017,@693514 Thanks for letting us know. Please send us a message and we'll work on getting this resolved for you. https://t.co/eXwzpNxIh4,
2417302,694671,Sun Oct 29 10:10:21 +0000 2017,@TwitterSupport  Help me with an account please,2417301,TwitterSupport,Sun Oct 29 10:19:30 +0000 2017,@694671 Thanks for getting in touch. Send us a message and we'll get started helping you out. https://t.co/eXwzpNPj8C,
242207,173523,Thu Oct 05 13:14:01 +0000 2017,@173524 @TwitterSupport Hi @TwitterSupport - please help!,242206,TwitterSupport,Thu Oct 05 13:38:36 +0000 2017,"@173523 Hi, thanks for getting in touch. Please send us a message and we'll get started working through this. https://t.co/5TkIRqD4sE",
242224,173530,Thu Oct 05 14:00:41 +0000 2017,@TwitterSupport this was a threat please do something https://t.co/S2lvUMTbhA,242223,TwitterSupport,Thu Oct 05 14:12:03 +0000 2017,"@173530 Hi, thanks for getting in touch. Please send us a message and we'll get started working through this. https://t.co/5TkIRqD4sE",
242226,173531,Thu Oct 05 13:06:53 +0000 2017,@TwitterSupport Can u help in resolving My issue on my account ???,242225,TwitterSupport,Thu Oct 05 13:37:53 +0000 2017,"@173531 Hi, please send us a message and we'll look into this with you. https://t.co/5TkIRqD4sE",
2428148,697172,Tue Nov 14 19:29:58 +0000 2017,@TwitterSupport I need help.,2428147,TwitterSupport,Tue Nov 14 19:40:21 +0000 2017,@697172 We'd be happy to look into this for you. Please send us a message and we can get started working through this. https://t.co/eXwzpNPj8C,
2434837,698660,Mon Oct 30 18:15:22 +0000 2017,Help me. @TwitterSupport,2434836,TwitterSupport,Mon Oct 30 18:18:30 +0000 2017,@698660 Thanks for getting in touch. Send us a message and we'll get started helping you out. https://t.co/eXwzpNPj8C,
2434839,394387,Mon Oct 30 17:46:41 +0000 2017,@129570 @TwitterSupport @146 @12 Please review the account of cyberstalker 👉@/huricanexlucid👈 TL full of nothing but harassment,2434838,TwitterSupport,Mon Oct 30 17:51:38 +0000 2017,@394387 Thanks for getting in touch. Send us a message and we'll get started helping you out. https://t.co/eXwzpNPj8C,
2442407,700389,Tue Nov 14 20:30:45 +0000 2017,"@700390 @129570 @TwitterSupport @123765 please take notice of this account, consistently promoting the extreme violence",2442406,TwitterSupport,Tue Nov 14 20:51:43 +0000 2017,@700389 We are here to help. Please send us a message and we'll get started looking into this for you. https://t.co/eXwzpNPj8C,
2450503,702284,Sun Oct 29 14:36:53 +0000 2017,@702285 @95478 @TwitterSupport please suspend this man im being harassed by him once again,2450502,TwitterSupport,Sun Oct 29 14:45:56 +0000 2017,"@702284 Hi there, we're here to help. Please send us a message and we can work on getting this sorted. https://t.co/eXwzpNPj8C",
2450509,702287,Sun Oct 29 17:33:47 +0000 2017,@TwitterSupport Help,2450511,TwitterSupport,Sun Oct 29 17:34:26 +0000 2017,@702287 We are here to help. Please send us a message and we'll get started looking into this for you. https://t.co/eXwzpNPj8C,2450512
2450510,702287,Sun Oct 29 16:38:17 +0000 2017,@TwitterSupport HELP,2450508,TwitterSupport,Sun Oct 29 16:41:40 +0000 2017,@702287 Thanks for getting in touch. Send us a message and we'll get started helping you out. https://t.co/eXwzpNPj8C,2450509
2450513,702287,Sun Oct 29 17:39:59 +0000 2017,@TwitterSupport Help,2450514,TwitterSupport,Sun Oct 29 17:54:35 +0000 2017,@702287 We are here to help. Please send us a message and we'll get started looking into this for you. https://t.co/eXwzpNPj8C,
2450516,702288,Sun Oct 29 16:20:57 +0000 2017,@TwitterSupport HELP!,2450515,TwitterSupport,Sun Oct 29 16:23:32 +0000 2017,@702288 Thanks for getting in touch. Send us a message and we'll get started helping you out. https://t.co/eXwzpNPj8C,
2455760,703482,Wed Nov 15 03:49:30 +0000 2017,@TwitterSupport need help,2455759,TwitterSupport,Wed Nov 15 04:00:59 +0000 2017,"@703482 Hi there, we're here to help. Please send us a message and we can work on getting this sorted. https://t.co/eXwzpNPj8C",
2455762,171023,Wed Nov 15 03:15:26 +0000 2017,@703483 @95609 ⚠️ Help @TwitterSupport ⤴️⤴️,2455761,TwitterSupport,Wed Nov 15 03:27:41 +0000 2017,"@171023 Hi, thanks for getting in touch. Please send us a message and we'll get started working through this. https://t.co/eXwzpNPj8C",
2462129,236893,Wed Nov 15 08:01:17 +0000 2017,@TwitterSupport Hi how do I recover a twitter account i no longer have access to the email or telephone number linked to the account?,2462128,TwitterSupport,Wed Nov 15 08:03:02 +0000 2017,@236893 Thanks for getting in touch. Send us a message and we'll get started helping you out. https://t.co/eXwzpNxIh4,
2462131,704877,Wed Nov 15 07:37:56 +0000 2017,@704878 @123765 @129570 @TwitterSupport @784 It's seriously case @123765 help...,2462130,TwitterSupport,Wed Nov 15 07:45:03 +0000 2017,@704877 Thanks for getting in touch. Send us a message and we'll get started helping you out. https://t.co/eXwzpNxIh4,
2462134,704879,Wed Nov 15 06:38:39 +0000 2017,@TwitterSupport @95822 They are impersonating and causing harm @TwitterSupport,2462133,TwitterSupport,Wed Nov 15 06:44:23 +0000 2017,@704879 Thanks for getting in touch. Send us a message and we'll get started helping you out. https://t.co/eXwzpNxIh4,
2462137,704880,Wed Nov 15 06:20:19 +0000 2017,@TwitterSupport i am a white woman in need of protection from a harasser!,2462136,TwitterSupport,Wed Nov 15 06:24:20 +0000 2017,@704880 Thanks for getting in touch. Send us a message and we'll get started helping you out. https://t.co/eXwzpNxIh4,
2462139,704881,Wed Nov 15 05:19:55 +0000 2017,@TwitterSupport I️ need help,2462138,TwitterSupport,Wed Nov 15 05:37:49 +0000 2017,@704881 Thanks for getting in touch. Send us a message and we'll get started helping you out. https://t.co/eXwzpNxIh4,
2465611,705582,Sun Oct 29 19:27:01 +0000 2017,@TwitterSupport he’s cyber bullying me suspend his account @95949,2465610,TwitterSupport,Sun Oct 29 19:30:42 +0000 2017,@705582 Thanks for getting in touch. Send us a message and we'll get started helping you out. https://t.co/eXwzpNPj8C,
2465613,705583,Sun Oct 29 17:28:13 +0000 2017,@TwitterSupport IM BEING HARRASSED BY THIS PERSON THAT IS SAYING IM A BOT. @95948,2465612,TwitterSupport,Sun Oct 29 17:31:12 +0000 2017,@705583 Thanks for getting in touch. Send us a message and we'll get started helping you out. https://t.co/eXwzpNPj8C,
2465615,705584,Sun Oct 29 16:54:32 +0000 2017,@705585 this is bullying :((( @TwitterSupport do ur thing,2465614,TwitterSupport,Sun Oct 29 16:57:27 +0000 2017,@705584 Thanks for getting in touch. Send us a message and we'll get started helping you out. https://t.co/eXwzpNPj8C,
2472327,707023,Wed Nov 15 11:20:23 +0000 2017,"@TwitterSupport hi, i need you help",2472325,TwitterSupport,Wed Nov 15 11:43:44 +0000 2017,@707023 We are here to help. Please send us a message and we'll get started looking into this for you. https://t.co/eXwzpNPj8C,2472326
2481713,709087,Sun Oct 29 21:55:22 +0000 2017,@TwitterSupport this account is harassing me https://t.co/2fUj0ASWaN,2481712,TwitterSupport,Sun Oct 29 21:59:18 +0000 2017,@709087 We are here to help. Please send us a message and we'll get started looking into this for you. https://t.co/eXwzpNPj8C,
2481715,573595,Sun Oct 29 20:08:42 +0000 2017,@709088 @129570 @TwitterSupport this boy is scaring me because I’m 13 and he keeps messaging me and threatens that he will steal my cat. Pls help,2481714,TwitterSupport,Sun Oct 29 20:19:45 +0000 2017,@573595 Thanks for getting in touch. Send us a message and we'll get started helping you out. https://t.co/eXwzpNPj8C,
2486938,710335,Wed Nov 15 15:49:42 +0000 2017,@TwitterSupport can you help?,2486936,TwitterSupport,Wed Nov 15 15:56:51 +0000 2017,@710335 We are here to help. Please send us a message and we'll get started looking into this for you. https://t.co/eXwzpNPj8C,2486937
2486941,710337,Wed Nov 15 15:08:20 +0000 2017,@710338 @TwitterSupport Help,2486940,TwitterSupport,Wed Nov 15 15:28:17 +0000 2017,"@710337 Hi, please send us a message and we'll look into this with you. https://t.co/eXwzpNPj8C",
249026,175170,Thu Oct 05 16:02:14 +0000 2017,@TwitterSupport hey twitter bot can i talk to a real person for a bit. need a hand old buddy.,249025,TwitterSupport,Thu Oct 05 16:14:47 +0000 2017,"@175170 Hi, thanks for getting in touch. Please send us a message and we'll get started working through this. https://t.co/5TkIRqD4sE",
2496026,712353,Mon Oct 30 00:38:36 +0000 2017,@78443 @712354 @TwitterSupport He has blocked me but is tweeting out link to my account telling everyone to report me for violating Twitter's TOS. He is harassing everyone,2496025,TwitterSupport,Mon Oct 30 00:45:05 +0000 2017,"@712353 Hi, please send us a message and we'll look into this with you. https://t.co/eXwzpNPj8C",
2496029,712355,Sun Oct 29 23:45:30 +0000 2017,@123765 @TwitterSupport Please remove this fake account impersonating me. The fake account is @96868,2496028,TwitterSupport,Sun Oct 29 23:53:32 +0000 2017,@712355 We are here to help. Please send us a message and we'll get started looking into this for you. https://t.co/eXwzpNPj8C,
2496031,712356,Sun Oct 29 23:44:54 +0000 2017,@208582 @96865 @96866 @TwitterSupport help us,2496030,TwitterSupport,Sun Oct 29 23:50:55 +0000 2017,"@712356 Thanks for reaching out, we are happy to help. Please send us a message and we can get started. https://t.co/eXwzpNPj8C",
2503261,713942,Wed Nov 15 18:49:25 +0000 2017,I'm scared for my safety. Please suspend this harmful account @TwitterSupport ==&gt; https://t.co/coTwZUV2o7,2503260,TwitterSupport,Wed Nov 15 19:19:04 +0000 2017,@713942 Thanks for getting in touch. Send us a message and we'll get started helping you out. https://t.co/eXwzpNPj8C,
2503263,713943,Wed Nov 15 18:24:46 +0000 2017,"@TwitterSupport &amp; @784
I would like to report this user for abusing,
The user is engaged in abusing and threatening from his account.The is provoking other users by abusing them through his account.
Kindly take strict action against user for violation of twitter. https://t.co/4G2F5QJrXf",2503262,TwitterSupport,Wed Nov 15 18:29:59 +0000 2017,@713943 Thanks for getting in touch. Send us a message and we'll get started helping you out. https://t.co/eXwzpNPj8C,
2503265,713944,Wed Nov 15 17:54:43 +0000 2017,@713945 @TwitterSupport she is bullying me,2503264,TwitterSupport,Wed Nov 15 18:00:25 +0000 2017,@713944 We are here to help. Please send us a message and we'll get started looking into this for you. https://t.co/eXwzpNPj8C,
2503271,713946,Wed Nov 15 17:37:48 +0000 2017,Help me @12 @TwitterSupport  I'm being viciously attacked https://t.co/YSoBXYLgp7,2503270,TwitterSupport,Wed Nov 15 17:38:42 +0000 2017,@713946 We are here to help. Please send us a message and we'll get started looking into this for you. https://t.co/eXwzpNPj8C,
2503425,395999,Sun Nov 26 19:34:46 +0000 2017,@713990 i’m being attacked. help. @TwitterSupport,2503423,TwitterSupport,Sun Nov 26 19:37:57 +0000 2017,@395999 We are here to help. Please send us a message and we'll get started looking into this for you. https://t.co/eXwzpNPj8C,2503424
2512539,716066,Mon Oct 30 05:12:19 +0000 2017,@TwitterSupport I'm being bullied https://t.co/jUtUUx3BUc,2512538,TwitterSupport,Mon Oct 30 05:15:40 +0000 2017,@716066 Thanks for getting in touch. Send us a message and we'll get started helping you out. https://t.co/eXwzpNPj8C,
2512541,154163,Mon Oct 30 04:26:43 +0000 2017,@TwitterSupport help !!!,2512540,TwitterSupport,Mon Oct 30 04:35:16 +0000 2017,@154163 Thanks for getting in touch. Send us a message and we'll get started helping you out. https://t.co/eXwzpNPj8C,
2512544,716067,Mon Oct 30 04:20:39 +0000 2017,@716068 @TwitterSupport   help,2512543,TwitterSupport,Mon Oct 30 04:25:40 +0000 2017,@716067 Thanks for getting in touch. Send us a message and we'll get started helping you out. https://t.co/eXwzpNPj8C,
2515044,444555,Mon Oct 30 07:10:40 +0000 2017,Hello @TwitterSupport I’m being targeted by @97655 help.,2515043,TwitterSupport,Mon Oct 30 08:36:13 +0000 2017,@444555 Thanks for getting in touch. Send us a message and we'll get started helping you out. https://t.co/eXwzpNPj8C,
2515046,716503,Mon Oct 30 06:52:39 +0000 2017,@TwitterSupport @AppleSupport please help me,2515045,TwitterSupport,Mon Oct 30 07:34:47 +0000 2017,"@716503 Hi there, we're here to help. Please send us a message and we can work on getting this sorted. https://t.co/eXwzpNPj8C",
2515048,461865,Mon Oct 30 06:33:10 +0000 2017,@TwitterSupport help me https://t.co/x4iFgAhVxi,2515047,TwitterSupport,Mon Oct 30 07:28:25 +0000 2017,@461865 Thanks for getting in touch. Send us a message and we'll get started helping you out. https://t.co/eXwzpNPj8C,
2515622,716635,Sat Dec 02 12:50:24 +0000 2017,#Twittersafety @TwitterSupport Please remove this Racist account. Thank you https://t.co/SQdyIefoa2,2515621,TwitterSupport,Sat Dec 02 13:01:49 +0000 2017,"@716635 Hi, thanks for getting in touch. Please send us a message and we'll get started working through this. https://t.co/eXwzpNPj8C",
2515624,230980,Sat Dec 02 12:20:03 +0000 2017,"#ISTANBULTHEMES @230980
F A K E.  F R A U D.  F A K E.
WATCHOUT!  Someone is trying to impersonate us.
#FAKE @24555 #FAKE
#TheRealIstanbulThemes is
@230980 
#JustfortheRecord @TwitterSupport https://t.co/3P5Je4qK0Z",2515623,TwitterSupport,Sat Dec 02 12:28:37 +0000 2017,@230980 Thanks for getting in touch. Send us a message and we'll get started helping you out. https://t.co/eXwzpNPj8C,
2518953,496647,Thu Nov 16 00:30:17 +0000 2017,@TwitterSupport this is abuse https://t.co/biYGgJTBXe,2518952,TwitterSupport,Thu Nov 16 00:41:39 +0000 2017,@496647 Thanks for getting in touch. Send us a message and we'll get started helping you out. https://t.co/eXwzpNPj8C,
2518955,717524,Wed Nov 15 23:38:11 +0000 2017,@TwitterSupport Is this something you can help me with?,2518954,TwitterSupport,Thu Nov 16 00:32:07 +0000 2017,"@717524 Hi, please send us a message and we'll look into this with you. https://t.co/eXwzpNPj8C",
2518958,717525,Wed Nov 15 23:49:51 +0000 2017,@717526 @TwitterSupport plz help,2518957,TwitterSupport,Wed Nov 15 23:53:10 +0000 2017,@717525 We are here to help. Please send us a message and we'll get started looking into this for you. https://t.co/eXwzpNPj8C,
2518961,717527,Wed Nov 15 23:04:56 +0000 2017,@583875 @717528 @76408 @TwitterSupport he's been harassing me for a while #haterspressed,2518960,TwitterSupport,Wed Nov 15 23:42:13 +0000 2017,@717527 Thanks for getting in touch. Send us a message and we'll get started helping you out. https://t.co/eXwzpNPj8C,
2518990,TwitterSupport,Wed Nov 15 22:31:22 +0000 2017,"4 / We're working on a new authentication and verification program. In the meantime, we are not accepting any public submissions for verification and have introduced new guidelines for the program. https://t.co/j6P0HGXIVq",2518975,TwitterSupport,Wed Nov 15 22:31:39 +0000 2017,5 / We are conducting an initial review of verified accounts and will remove verification from accounts whose behavior does not fall within these new guidelines. We will continue to review and take action as we work towards a new program we are proud of.,"2518976,2518977,2518978,2518979,2518980,2518981,2518982,2518983,2518984,2518985,2518986,2518987,2518988,2518989"
2519011,717559,Fri Nov 17 18:00:39 +0000 2017,"@TwitterSupport Hi I sent a bunch of messages explaining an abusive situation involving people who might not have twitter accounts or otherwise haven’t revealed themselves to me online, emergency, LGBT harassment, stalkers, suppressive, hostile, sexual harassment, EVERYDAY, please twitter, help. https://t.co/pkpWcg5n6k",2519098,TwitterSupport,Fri Nov 17 18:06:46 +0000 2017,"@717559 Hi, thanks for getting in touch. Please send us a message and we'll get started working through this. https://t.co/eXwzpNPj8C",
2519012,TwitterSupport,Wed Nov 15 22:31:10 +0000 2017,3 / This perception became worse when we opened up verification for public submissions and verified people who we in no way endorse.,2518990,TwitterSupport,Wed Nov 15 22:31:22 +0000 2017,"4 / We're working on a new authentication and verification program. In the meantime, we are not accepting any public submissions for verification and have introduced new guidelines for the program. https://t.co/j6P0HGXIVq","2519007,2518975,2519008,2519009,2519010,2519011"
2519015,TwitterSupport,Wed Nov 15 22:30:58 +0000 2017,2 / Verification has long been perceived as an endorsement. We gave verified accounts visual prominence on the service which deepened this perception. We should have addressed this earlier but did not prioritize the work as we should have.,2519012,TwitterSupport,Wed Nov 15 22:31:10 +0000 2017,3 / This perception became worse when we opened up verification for public submissions and verified people who we in no way endorse.,"2518990,2519013,2519014"
2519017,TwitterSupport,Wed Nov 15 22:30:45 +0000 2017,1 / UPDATE on our verification program and the actions we're taking.,2519015,TwitterSupport,Wed Nov 15 22:30:58 +0000 2017,2 / Verification has long been perceived as an endorsement. We gave verified accounts visual prominence on the service which deepened this perception. We should have addressed this earlier but did not prioritize the work as we should have.,"2519012,2519016"
2519025,TwitterSupport,Thu Nov 09 16:03:49 +0000 2017,Verification was meant to authenticate identity &amp; voice but it is interpreted as an endorsement or an indicator of importance. We recognize that we have created this confusion and need to resolve it. We have paused all general verifications while we work and will report back soon,2519017,TwitterSupport,Wed Nov 15 22:30:45 +0000 2017,1 / UPDATE on our verification program and the actions we're taking.,"2519015,2519018,2519019,2519020,2519021,2519022,2519023,2519024"
2519102,717563,Wed Nov 15 22:11:59 +0000 2017,"@TwitterSupport I would like to report abuse by multiple clone accounts. Even if blocked, another clone appears. Please suspend those accounts. https://t.co/vvBwpVLD3h",2519101,TwitterSupport,Wed Nov 15 22:31:04 +0000 2017,@717563 Thanks for getting in touch. Send us a message and we'll get started helping you out. https://t.co/eXwzpNPj8C,
2519110,717575,Wed Nov 15 20:34:09 +0000 2017,@TwitterSupport can I get some help please?,2519109,TwitterSupport,Wed Nov 15 20:47:04 +0000 2017,"@717575 Hi there, we're here to help. Please send us a message and we can work on getting this sorted. https://t.co/eXwzpNPj8C",
2519112,717576,Wed Nov 15 20:14:29 +0000 2017,"@97824 DELETE YOUR SPAM TWEETS FROM MY ACCOUNT. I AM REPORTING YOUR ABUSE &amp; HARASSMENT, YOU HAVE BULLIED ME ONLINE FOR TOO LONG. I AM TIRED OF YOU STALKING ME ONLINE EVERY DAY @TwitterSupport #stalking #bullying #spam #spammer",2519111,TwitterSupport,Wed Nov 15 20:42:22 +0000 2017,"@717576 Hi there, we're here to help. Please send us a message and we can work on getting this sorted. https://t.co/eXwzpNPj8C",
2527966,719781,Thu Nov 16 03:51:14 +0000 2017,@469994 @123765 @TwitterSupport help!,2527965,TwitterSupport,Thu Nov 16 03:59:24 +0000 2017,@719781 Thanks for getting in touch. Send us a message and we'll get started helping you out. https://t.co/eXwzpNPj8C,
2527969,664820,Thu Nov 16 03:37:06 +0000 2017,@719782 @719783 @360868 @TwitterSupport this person @719782 is harassing me,2527968,TwitterSupport,Thu Nov 16 03:51:31 +0000 2017,@664820 Thanks for getting in touch. Send us a message and we'll get started helping you out. https://t.co/eXwzpNPj8C,
2527974,719784,Thu Nov 16 02:12:26 +0000 2017,@719785 @12 @TwitterSupport @123765 @129570 HELP HELP ME HELP,2527973,TwitterSupport,Thu Nov 16 02:18:34 +0000 2017,@719784 Thanks for getting in touch. Send us a message and we'll get started helping you out. https://t.co/eXwzpNPj8C,
2527984,719786,Thu Nov 16 00:07:33 +0000 2017,Can I get some help please? @TwitterSupport @123765,2527983,TwitterSupport,Thu Nov 16 01:05:18 +0000 2017,@719786 Thanks for getting in touch. Send us a message and we'll get started helping you out. https://t.co/eXwzpNPj8C,
2537822,610428,Thu Nov 16 08:21:44 +0000 2017,@TwitterSupport do u guys respond at all? need help,2537821,TwitterSupport,Thu Nov 16 08:29:04 +0000 2017,@610428 Thanks for letting us know. Please send us a message and we'll work on getting this resolved for you. https://t.co/eXwzpNPj8C,
2537824,721832,Thu Nov 16 06:21:21 +0000 2017,@TwitterSupport can I please get my account unlocked? I just forgot my password and you guys locked it and haven’t even responded to my emails or tweets. 😭😔,2537823,TwitterSupport,Thu Nov 16 06:29:01 +0000 2017,@721832 Thanks for getting in touch. Send us a message and we'll get started helping you out. https://t.co/eXwzpNPj8C,
2543381,723055,Thu Nov 16 10:34:07 +0000 2017,@TwitterSupport please help ?,2543380,TwitterSupport,Thu Nov 16 11:09:35 +0000 2017,"@723055 Hi there, we're here to help. Please send us a message and we can work on getting this sorted. https://t.co/eXwzpNPj8C",
2543389,723058,Thu Nov 16 08:52:24 +0000 2017,@TwitterSupport I need your help.,2543388,TwitterSupport,Thu Nov 16 10:19:10 +0000 2017,"@723058 Hi there, we're here to help. Please send us a message and we can work on getting this sorted. https://t.co/eXwzpNPj8C",
2550221,724541,Mon Oct 30 12:58:16 +0000 2017,"@TwitterSupport need some help, please",2550220,TwitterSupport,Mon Oct 30 13:03:10 +0000 2017,"@724541 Hi there, we're here to help. Please send us a message and we can work on getting this sorted. https://t.co/eXwzpNPj8C",
255430,176742,Thu Oct 05 18:30:33 +0000 2017,"@TwitterSupport yo dude, help me and my friend @13208 out",255429,TwitterSupport,Thu Oct 05 18:33:18 +0000 2017,"@176742 Hi there, we're here to help. Please send us a message and we can work on getting this sorted. https://t.co/5TkIRqD4sE",
255432,176743,Thu Oct 05 18:26:23 +0000 2017,.@twittersupport Help. Someone has tried to impersonate my account. What do I do?? The duplicate address is jht4x44 which if Not me.,255431,TwitterSupport,Thu Oct 05 18:27:10 +0000 2017,@176743 Thanks for getting in touch. Send us a message and we'll get started helping you out. https://t.co/5TkIRqD4sE,
255434,176744,Thu Oct 05 18:03:57 +0000 2017,@TwitterSupport  and @123765 This Man Won't leave Alone HELP ME!!! https://t.co/JdtpFHg8N2,255433,TwitterSupport,Thu Oct 05 18:05:27 +0000 2017,@176744 We are here to help. Please send us a message and we'll get started looking into this for you. https://t.co/5TkIRqD4sE,
2558367,726292,Thu Nov 16 16:08:00 +0000 2017,@TwitterSupport trying to get onto my account @99180 help,2558366,TwitterSupport,Thu Nov 16 16:16:16 +0000 2017,@726292 Thanks for getting in touch. Send us a message and we'll get started helping you out. https://t.co/eXwzpNPj8C,
2558369,726293,Thu Nov 16 15:28:30 +0000 2017,@TwitterSupport help!,2558368,TwitterSupport,Thu Nov 16 16:00:34 +0000 2017,@726293 Thanks for getting in touch. Send us a message and we'll get started helping you out. https://t.co/eXwzpNPj8C,
2570059,728889,Mon Oct 30 16:20:42 +0000 2017,"@123765 @TwitterSupport @129570 he is harassing me and calling me racial slurs. I am shaking, I am scared. Please help me. Help me.. https://t.co/1QONUBwXYJ",2570058,TwitterSupport,Mon Oct 30 16:27:39 +0000 2017,@728889 Thanks for getting in touch. Send us a message and we'll get started helping you out. https://t.co/eXwzpNPj8C,
2570062,728890,Mon Oct 30 16:15:51 +0000 2017,"@728891 @TwitterSupport this person is harassing me please suspend their account, I know you would if it was a muslim.",2570061,TwitterSupport,Mon Oct 30 16:17:47 +0000 2017,@728890 Thanks for getting in touch. Send us a message and we'll get started helping you out. https://t.co/eXwzpNPj8C,
2575101,730226,Thu Nov 16 19:23:42 +0000 2017,I have a twitter account @99751 and can't even log in because i forget my old email address that connected to that account @TwitterSupport please help,2575100,TwitterSupport,Thu Nov 16 19:30:23 +0000 2017,"@730226 Hi there, we're here to help. Please send us a message and we can work on getting this sorted. https://t.co/eXwzpNPj8C",
2575103,730227,Thu Nov 16 19:03:15 +0000 2017,@99533 JUST BLOCKED ME @TwitterSupport HE'S A BULLY,2575102,TwitterSupport,Thu Nov 16 19:29:56 +0000 2017,@730227 Thanks for getting in touch. Send us a message and we'll get started helping you out. https://t.co/eXwzpNPj8C,
2575105,730228,Thu Nov 16 19:10:28 +0000 2017,PLEASE DEACTIVATE THIS ACCOUNT THIS IS ABUSIVE @TwitterSupport https://t.co/EbdSiHobKt,2575104,TwitterSupport,Thu Nov 16 19:19:20 +0000 2017,@730228 Thanks for getting in touch. Send us a message and we'll get started helping you out. https://t.co/eXwzpNPj8C,
2575107,730229,Thu Nov 16 18:22:20 +0000 2017,"@730230 @TwitterSupport Troll, please remove",2575106,TwitterSupport,Thu Nov 16 19:18:02 +0000 2017,@730229 Thanks for getting in touch. Send us a message and we'll get started helping you out. https://t.co/eXwzpNPj8C,
257635,177278,Thu Oct 05 19:23:32 +0000 2017,"@177279 I'm getting really tired of this abuse, @TwitterSupport @129570.",257634,TwitterSupport,Thu Oct 05 19:25:14 +0000 2017,@177278 Thanks for getting in touch. Send us a message and we'll get started helping you out. https://t.co/5TkIRqD4sE,
2586981,733012,Thu Nov 16 22:49:21 +0000 2017,@TwitterSupport help,2586980,TwitterSupport,Thu Nov 16 22:51:31 +0000 2017,@733012 We are here to help. Please send us a message and we'll get started looking into this for you. https://t.co/eXwzpNPj8C,
2586983,733013,Thu Nov 16 20:55:27 +0000 2017,"@123765 @12 @TwitterSupport @129570 

I am reporting this post to you as offensive and dangerous! Please permanently ban this threatening woman from Twitter. https://t.co/df1cLMurfa",2586982,TwitterSupport,Thu Nov 16 21:11:32 +0000 2017,@733013 Thanks for getting in touch. Send us a message and we'll get started helping you out. https://t.co/eXwzpNPj8C,
2598484,735674,Fri Nov 17 02:58:26 +0000 2017,"@TwitterSupport i need help, my dudes",2598483,TwitterSupport,Fri Nov 17 03:39:31 +0000 2017,@735674 We are here to help. Please send us a message and we'll get started looking into this for you. https://t.co/eXwzpNPj8C,
2598486,735675,Fri Nov 17 02:10:22 +0000 2017,@TwitterSupport  she’s threatening me https://t.co/QQRvOew8Po,2598485,TwitterSupport,Fri Nov 17 02:52:48 +0000 2017,"@735675 Hi, please send us a message and we'll look into this with you. https://t.co/eXwzpNPj8C",
260254,177928,Thu Oct 05 19:44:32 +0000 2017,@177929 @TwitterSupport please help I am being ATTACKED,260253,TwitterSupport,Thu Oct 05 19:47:21 +0000 2017,@177928 We are here to help. Please send us a message and we'll get started looking into this for you. https://t.co/5TkIRqD4sE,
2604841,737031,Fri Nov 17 06:07:47 +0000 2017,I'm being harassed @TwitterSupport https://t.co/tGsVLNFPcK,2604840,TwitterSupport,Fri Nov 17 06:44:37 +0000 2017,@737031 Thanks for getting in touch. Send us a message and we'll get started helping you out. https://t.co/eXwzpNPj8C,
2604843,737032,Fri Nov 17 05:01:50 +0000 2017,"@737033 Omg I feel targeted 
Help! @TwitterSupport https://t.co/BMRKx3v9vF",2604842,TwitterSupport,Fri Nov 17 05:29:41 +0000 2017,@737032 Thanks for getting in touch. Send us a message and we'll get started helping you out. https://t.co/eXwzpNPj8C,
2606115,737325,Mon Oct 30 20:33:35 +0000 2017,I am experiencing targeted abuse. Help @TwitterSupport,2606114,TwitterSupport,Mon Oct 30 20:37:30 +0000 2017,@737325 Thanks for getting in touch. Send us a message and we'll get started helping you out. https://t.co/eXwzpNPj8C,
2606117,737326,Mon Oct 30 19:58:24 +0000 2017,@299589 @TwitterSupport Help me please I'm getting harassed he threatened to rape kill and murder my whole family and now he's asking where I live,2606116,TwitterSupport,Mon Oct 30 20:11:37 +0000 2017,@737326 Thanks for getting in touch. Send us a message and we'll get started helping you out. https://t.co/eXwzpNPj8C,
2606123,737327,Mon Oct 30 19:12:27 +0000 2017,Hey @TwitterSupport @737329 keeps harassing me care to do something? https://t.co/nKkGyslxLe,2606121,TwitterSupport,Mon Oct 30 19:16:46 +0000 2017,"@737327 Hi, please send us a message and we'll look into this with you. https://t.co/eXwzpNPj8C",2606122
2606128,444555,Mon Oct 30 19:03:50 +0000 2017,Hello hi @TwitterSupport this is racist and it’s making me want to cry. Suspend him. https://t.co/f7fwZqJo9v,2606127,TwitterSupport,Mon Oct 30 19:07:02 +0000 2017,"@444555 Hi, thanks for getting in touch. Please send us a message and we'll get started working through this. https://t.co/eXwzpNPj8C",
262102,178429,Thu Oct 05 21:19:47 +0000 2017,@TwitterSupport  please help I am being ATTACKED,262101,TwitterSupport,Thu Oct 05 21:21:02 +0000 2017,@178429 Thanks for getting in touch. Send us a message and we'll get started helping you out. https://t.co/5TkIRqD4sE,
2624476,741377,Mon Oct 30 21:22:21 +0000 2017,@TwitterSupport i need help getting access back to my business account https://t.co/8ACQ2oRsYW,2624475,TwitterSupport,Mon Oct 30 21:26:49 +0000 2017,"@741377 Hi, thanks for getting in touch. Please send us a message and we'll get started working through this. https://t.co/eXwzpNPj8C",
2627273,742074,Mon Oct 30 23:05:35 +0000 2017,@TwitterSupport @742075 started. Don’t even know how that happened. So my old acct is restricted. I can’t log back in  and you haven’t sent me answer for over 2 hrs,2627272,TwitterSupport,Mon Oct 30 23:08:42 +0000 2017,"@742074 Hi, thanks for getting in touch. Please send us a message and we'll get started working through this. https://t.co/eXwzpNPj8C",
2627277,633591,Mon Oct 30 22:42:30 +0000 2017,This guy keeps threatening to kill me.. @TwitterSupport https://t.co/l2dgg7kFXz,2627276,TwitterSupport,Mon Oct 30 22:45:12 +0000 2017,"@633591 Hi, thanks for getting in touch. Please send us a message and we'll get started working through this. https://t.co/eXwzpNPj8C",
2631320,743018,Fri Nov 17 17:53:03 +0000 2017,@743019 @743020 I’m being harassed @TwitterSupport,2631319,TwitterSupport,Fri Nov 17 17:54:16 +0000 2017,@743018 Thanks for letting us know about this. Please send us a message and we can begin working on this issue. https://t.co/eXwzpNPj8C,
2631333,743021,Fri Nov 17 17:04:48 +0000 2017,@TwitterSupport hi Twitter. I need help with someone bullying me online. They deleted the tweets but have screenshots.,2631332,TwitterSupport,Fri Nov 17 17:20:25 +0000 2017,@743021 We'd be happy to look into this for you. Please send us a message and we can get started working through this. https://t.co/eXwzpNPj8C,
2631335,743022,Fri Nov 17 16:59:20 +0000 2017,"@101648 @TwitterSupport, this account is a clone account harassing @743023. Please delete.  Thank you.",2631334,TwitterSupport,Fri Nov 17 17:19:15 +0000 2017,@743022 We are here to help. Please send us a message and we'll get started looking into this for you. https://t.co/eXwzpNPj8C,
2631337,435784,Fri Nov 17 15:59:55 +0000 2017,@TwitterSupport I need help,2631336,TwitterSupport,Fri Nov 17 16:19:58 +0000 2017,@435784 We are here to help. Please send us a message and we'll get started looking into this for you. https://t.co/eXwzpNPj8C,
2631339,743024,Fri Nov 17 14:34:24 +0000 2017,@TwitterSupport yo i need some help,2631338,TwitterSupport,Fri Nov 17 15:02:00 +0000 2017,@743024 Thanks for letting us know about this. Please send us a message and we can begin working on this issue. https://t.co/eXwzpNPj8C,
2644717,746205,Tue Oct 31 02:46:02 +0000 2017,@746206 @TwitterSupport twittersupport help ME,2644716,TwitterSupport,Tue Oct 31 03:24:53 +0000 2017,"@746205 Hi there, we're here to help. Please send us a message and we can work on getting this sorted. https://t.co/eXwzpNPj8C",
2644721,746207,Tue Oct 31 02:41:38 +0000 2017,"@12 @TwitterSupport @469994 @123765 Excuse me @12, I didn't want to disturb you, I feel confused and discouraged I don't know what is wrong. I appreciate if you could help me",2644720,TwitterSupport,Tue Oct 31 03:24:15 +0000 2017,@746207 We are here to help. Please send us a message and we'll get started looking into this for you. https://t.co/eXwzpNPj8C,
2644725,746208,Tue Oct 31 02:29:07 +0000 2017,@746209 @746210 @746211 @838 @794 @12 She refuses to delete Tweet with my personal information on it. Please do something immediately. I want this Tweet deleted,2644724,TwitterSupport,Tue Oct 31 03:13:56 +0000 2017,@746208 Thanks for getting in touch. Send us a message and we'll get started helping you out. https://t.co/eXwzpNPj8C,
2647086,206400,Fri Nov 17 22:15:34 +0000 2017,@TwitterSupport  Last 2 posts are harasssing me. He has become well known for this obscene behavior. I implore you to suspend him NOW. Ty https://t.co/y5YGh148cy,2647085,TwitterSupport,Fri Nov 17 22:18:24 +0000 2017,"@206400 Hi there, we're here to help. Please send us a message and we can work on getting this sorted. https://t.co/eXwzpNPj8C",
2647088,746832,Fri Nov 17 20:14:00 +0000 2017,Hey @123765 @TwitterSupport HELP!,2647087,TwitterSupport,Fri Nov 17 20:15:45 +0000 2017,@746832 We are here to help. Please send us a message and we'll get started looking into this for you. https://t.co/eXwzpNPj8C,
2647090,746833,Fri Nov 17 19:58:51 +0000 2017,@TwitterSupport this account is abusive. Please address. https://t.co/zD2yfsw4uC,2647089,TwitterSupport,Fri Nov 17 19:59:35 +0000 2017,@746833 Thanks for getting in touch. Send us a message and we'll get started helping you out. https://t.co/eXwzpNPj8C,
2647092,746834,Fri Nov 17 19:30:21 +0000 2017,@746835 Maybe @TwitterSupport  can help,2647091,TwitterSupport,Fri Nov 17 19:42:27 +0000 2017,"@746834 Hi, thanks for getting in touch. Please send us a message and we'll get started working through this. https://t.co/eXwzpNPj8C",
2647095,746836,Fri Nov 17 18:54:01 +0000 2017,@TwitterSupport please come and ban this racist @102200 https://t.co/ImXECy4G7c,2647094,TwitterSupport,Fri Nov 17 18:57:36 +0000 2017,@746836 Thanks for letting us know about this. Please send us a message and we can begin working on this issue. https://t.co/eXwzpNPj8C,
2662008,750263,Sun Nov 19 08:10:56 +0000 2017,Hi @TwitterSupport I need your help please 😭🙏🏻,2662007,TwitterSupport,Sun Nov 19 08:35:39 +0000 2017,@750263 Thanks for getting in touch. Send us a message and we'll get started helping you out. https://t.co/eXwzpNPj8C,
2662010,750264,Sun Nov 19 06:18:58 +0000 2017,@TwitterSupport help,2662009,TwitterSupport,Sun Nov 19 06:51:40 +0000 2017,@750264 Thanks for getting in touch. Send us a message and we'll get started helping you out. https://t.co/eXwzpNPj8C,
2662012,750265,Sun Nov 19 03:22:06 +0000 2017,"hi @TwitterSupport, i need ur help 🙏",2662011,TwitterSupport,Sun Nov 19 03:47:59 +0000 2017,@750265 Thanks for getting in touch. Send us a message and we'll get started helping you out. https://t.co/eXwzpNPj8C,
2662014,750266,Sun Nov 19 02:58:00 +0000 2017,"I cannot access my account @102764 since I got a new phone, so I created this one until @TwitterSupport responds to my repeated inquiries.",2662013,TwitterSupport,Sun Nov 19 03:22:14 +0000 2017,@750266 Thanks for letting us know about this. Please send us a message and we can begin working on this issue. https://t.co/eXwzpNPj8C,
2662017,750268,Sat Nov 18 21:54:14 +0000 2017,@TwitterSupport HELP,2662016,TwitterSupport,Sat Nov 18 21:56:34 +0000 2017,@750268 Thanks for getting in touch. Send us a message and we'll get started helping you out. https://t.co/eXwzpNPj8C,
2662020,750269,Sat Nov 18 20:54:48 +0000 2017,@568078 @123765 @TwitterSupport kindly suspend this abusive twitter handle... https://t.co/J4fdLZkVTS,2662019,TwitterSupport,Sat Nov 18 21:00:22 +0000 2017,@750269 Thanks for letting us know about this. Please send us a message and we can begin working on this issue. https://t.co/eXwzpNPj8C,
2662022,750270,Sat Nov 18 20:51:45 +0000 2017,@TwitterSupport I need someone to contact em regarding an account please,2662021,TwitterSupport,Sat Nov 18 20:52:15 +0000 2017,@750270 Thanks for getting in touch. Send us a message and we'll get started helping you out. https://t.co/eXwzpNPj8C,
2662024,750271,Sat Nov 18 20:30:22 +0000 2017,@TwitterSupport @129570 abusive account. Please close. https://t.co/NjbG3Rj3W2,2662023,TwitterSupport,Sat Nov 18 20:32:12 +0000 2017,@750271 Thanks for letting us know about this! Please send us a message and we'll get started on helping you out. https://t.co/eXwzpNPj8C,
2662026,750272,Sat Nov 18 20:08:57 +0000 2017,@750273 omg @TwitterSupport this girl is bullying me and promoting suicide and she makes me cry please deactivate her,2662025,TwitterSupport,Sat Nov 18 20:13:04 +0000 2017,"@750272 Hi, thanks for getting in touch. Please send us a message and we'll get started working through this. https://t.co/eXwzpNPj8C",
2662035,750274,Sat Nov 18 17:30:38 +0000 2017,@TwitterSupport Please contact me as I'm facing online harassment and extortion on your site.,2662034,TwitterSupport,Sat Nov 18 17:34:25 +0000 2017,"@750274 Hi there, we're here to help. Please send us a message and we can work on getting this sorted. https://t.co/eXwzpNPj8C",
2662037,750275,Sat Nov 18 17:24:42 +0000 2017,@TwitterSupport come get them this is bullying 🤧 https://t.co/aY4bJPVd4U,2662036,TwitterSupport,Sat Nov 18 17:27:01 +0000 2017,@750275 Thanks for letting us know about this. Please send us a message and we can begin working on this issue. https://t.co/eXwzpNPj8C,
2662039,750276,Sat Nov 18 06:56:31 +0000 2017,"@123765 @TwitterSupport 
He is abusing our religion please suspend his account https://t.co/PYxu9XIHsX",2662038,TwitterSupport,Sat Nov 18 08:15:18 +0000 2017,@750276 Thanks for letting us know about this! Please send us a message and we'll get started on helping you out. https://t.co/eXwzpNPj8C,
2662041,629914,Sat Nov 18 05:32:50 +0000 2017,@750277 @TwitterSupport this account is harassing me,2662040,TwitterSupport,Sat Nov 18 06:06:24 +0000 2017,"@629914 Hi, thanks for getting in touch. Please send us a message and we'll get started working through this. https://t.co/eXwzpNPj8C",
2662044,750278,Sat Nov 18 04:12:12 +0000 2017,This fellow is abusing and targeting Muslim community @TwitterSupport please take action https://t.co/Fxv9qXVDLC,2662043,TwitterSupport,Sat Nov 18 04:28:36 +0000 2017,@750278 Thanks for letting us know about this! Please send us a message and we'll get started on helping you out. https://t.co/eXwzpNPj8C,
2662046,171023,Sat Nov 18 02:17:05 +0000 2017,@102773 #Racisme #Antisemitisme help @TwitterSupport ⬆️,2662045,TwitterSupport,Sat Nov 18 02:50:02 +0000 2017,@171023 Thanks for letting us know about this! Please send us a message and we'll get started on helping you out. https://t.co/eXwzpNPj8C,
2662049,171023,Sat Nov 18 01:51:05 +0000 2017,@750279 Help @152 @TwitterSupport 🚫 ⬆️,2662048,TwitterSupport,Sat Nov 18 02:07:28 +0000 2017,"@171023 Hi, thanks for getting in touch. Please send us a message and we'll get started working through this. https://t.co/eXwzpNPj8C",
2662686,750429,Tue Oct 31 04:29:37 +0000 2017,@750430 omg @12 @TwitterSupport i feel so attacked right now please help,2662685,TwitterSupport,Tue Oct 31 05:18:53 +0000 2017,"@750429 Hi, please send us a message and we'll look into this with you. https://t.co/eXwzpNPj8C",
2671107,752185,Tue Oct 31 08:48:46 +0000 2017,Maybe @123765 @TwitterSupport @129570 : can you help out here??,2671106,TwitterSupport,Tue Oct 31 09:20:24 +0000 2017,"@752185 Hi there, we're here to help. Please send us a message and we can work on getting this sorted. https://t.co/eXwzpNPj8C",
267221,179691,Thu Oct 05 23:45:59 +0000 2017,“You look like a crackhead” this man is bullying me @TwitterSupport https://t.co/OL5polNyXu,267220,TwitterSupport,Thu Oct 05 23:48:29 +0000 2017,"@179691 Hi, please send us a message and we'll look into this with you. https://t.co/5TkIRqD4sE",
2672929,752527,Tue Oct 31 09:55:38 +0000 2017,@752528 @103201 @TwitterSupport @123765 @TwitterSupport HELP PLEASE,2672928,TwitterSupport,Tue Oct 31 10:02:03 +0000 2017,@752527 Thanks for getting in touch. Send us a message and we'll get started helping you out. https://t.co/eXwzpNPj8C,
2684219,302235,Tue Oct 31 15:52:35 +0000 2017,@TwitterSupport yo can an actual human being help me out with something? I need help please,2684218,TwitterSupport,Tue Oct 31 15:59:52 +0000 2017,"@302235 Hi there, we're here to help. Please send us a message and we can work on getting this sorted. https://t.co/eXwzpNPj8C",
2687119,755614,Wed Nov 08 03:02:05 +0000 2017,@TwitterSupport  help yo girl out,2687118,TwitterSupport,Wed Nov 08 03:26:48 +0000 2017,"@755614 Hi, thanks for getting in touch. Please send us a message and we'll get started working through this. https://t.co/eXwzpNPj8C",
2692639,756873,Sun Nov 19 16:22:19 +0000 2017,"Hey @TwitterSupport;
@1861 has leaked @48803's personal details and he is now getting death threats. Please suspend @1861",2692638,TwitterSupport,Sun Nov 19 16:26:16 +0000 2017,@756873 Thanks for letting us know about this. Please send us a message and we can begin working on this issue. https://t.co/eXwzpNPj8C,
2703081,759246,Sun Nov 19 18:49:40 +0000 2017,@TwitterSupport @10621 @784 please see the below tweet! He is harassing women and forcing them to sucide ! Please suspend his account https://t.co/wGkk6kLO9Z,2703080,TwitterSupport,Sun Nov 19 18:50:45 +0000 2017,@759246 We are here to help. Please send us a message and we'll get started looking into this for you. https://t.co/eXwzpNPj8C,
2703083,759247,Sun Nov 19 18:25:08 +0000 2017,um hello @TwitterSupport i’d like to report some accounts for bullying and harassment https://t.co/sftuq1pfTb,2703082,TwitterSupport,Sun Nov 19 18:27:25 +0000 2017,@759247 Thanks for letting us know about this. Please send us a message and we can begin working on this issue. https://t.co/eXwzpNPj8C,
2703085,759248,Sun Nov 19 18:19:55 +0000 2017,hi @TwitterSupport @129570 im being bullied https://t.co/5dRvq7JZr3,2703084,TwitterSupport,Sun Nov 19 18:22:39 +0000 2017,@759248 Thanks for getting in touch. Send us a message and we'll get started helping you out. https://t.co/eXwzpNPj8C,
2703087,759249,Sun Nov 19 17:30:43 +0000 2017,@TwitterSupport HELLLO I️ NEED HELP,2703086,TwitterSupport,Sun Nov 19 17:53:04 +0000 2017,@759249 We are here to help. Please send us a message and we'll get started looking into this for you. https://t.co/eXwzpNPj8C,
2710782,761134,Mon Nov 20 01:20:22 +0000 2017,@TwitterSupport I need your help again plz!!,2710781,TwitterSupport,Mon Nov 20 01:28:23 +0000 2017,@761134 Thanks for getting in touch. Send us a message and we'll get started helping you out. https://t.co/eXwzpNPj8C,
2710784,761135,Mon Nov 20 01:07:00 +0000 2017,"@761136 @TwitterSupport I’m being verbally abused, please help.",2710783,TwitterSupport,Mon Nov 20 01:12:24 +0000 2017,@761135 Thanks for getting in touch. Send us a message and we'll get started helping you out. https://t.co/eXwzpNPj8C,
2710789,761137,Sun Nov 19 23:59:11 +0000 2017,@761138 @TwitterSupport she keeps threatening me like this please do something,2710788,TwitterSupport,Mon Nov 20 00:04:05 +0000 2017,@761137 Thanks for getting in touch. Send us a message and we'll get started helping you out. https://t.co/eXwzpNPj8C,
2710794,761138,Mon Nov 20 00:01:03 +0000 2017,@TwitterSupport this person keeps bullying me https://t.co/wCz5z38uiO,2710793,TwitterSupport,Mon Nov 20 00:03:18 +0000 2017,@761138 Thanks for getting in touch. Send us a message and we'll get started helping you out. https://t.co/eXwzpNPj8C,
2710796,761139,Sun Nov 19 22:27:46 +0000 2017,@761140 @TwitterSupport she keeps threatening me like this please do something,2710795,TwitterSupport,Sun Nov 19 22:28:32 +0000 2017,@761139 Thanks for letting us know about this. Please send us a message and we can begin working on this issue. https://t.co/eXwzpNxIh4,
2710799,761141,Sun Nov 19 22:17:31 +0000 2017,@177279 @761142 @761143 We're reporting it.  It gets its jollies from sexually harassing people.  @TwitterSupport  Block it and be well.,2710798,TwitterSupport,Sun Nov 19 22:24:49 +0000 2017,"@761141 Hi there, we're here to help. Please send us a message and we can work on getting this sorted. https://t.co/eXwzpNxIh4",
2717285,762686,Mon Nov 20 06:08:01 +0000 2017,@TwitterSupport i lost access to my email i need to reset the password of my other acc (@104592),2717283,TwitterSupport,Mon Nov 20 06:12:33 +0000 2017,@762686 Thanks for getting in touch. Send us a message and we'll get started helping you out. https://t.co/eXwzpNPj8C,2717284
2717286,762686,Mon Nov 20 06:20:53 +0000 2017,"@TwitterSupport please help me, i really need to get my account back.",2717287,TwitterSupport,Mon Nov 20 07:06:32 +0000 2017,@762686 Thanks for letting us know about this. Please send us a message and we can begin working on this issue. https://t.co/eXwzpNPj8C,
2717289,762687,Mon Nov 20 04:50:09 +0000 2017,@762688 @104593 @TwitterSupport help me out,2717288,TwitterSupport,Mon Nov 20 05:02:23 +0000 2017,@762687 Thanks for letting us know about this. Please send us a message and we can begin working on this issue. https://t.co/eXwzpNPj8C,
2717292,762689,Mon Nov 20 04:35:03 +0000 2017,@TwitterSupport I got locked out of @104594 pls help,2717291,TwitterSupport,Mon Nov 20 05:01:06 +0000 2017,@762689 Thanks for getting in touch. Send us a message and we'll get started helping you out. https://t.co/eXwzpNPj8C,
2717294,682128,Mon Nov 20 04:40:09 +0000 2017,@TwitterSupport hi i am being harassed by this user. pls help me and make him stop https://t.co/LKMAfweEcH,2717293,TwitterSupport,Mon Nov 20 04:59:58 +0000 2017,@682128 Thanks for getting in touch. Send us a message and we'll get started helping you out. https://t.co/eXwzpNPj8C,
2717296,762690,Mon Nov 20 02:22:21 +0000 2017,@TwitterSupport help☹️ https://t.co/D1DJpHiHLS,2717295,TwitterSupport,Mon Nov 20 02:30:00 +0000 2017,@762690 Thanks for getting in touch. Send us a message and we'll get started helping you out. https://t.co/eXwzpNPj8C,
2723321,763949,Mon Nov 20 06:46:58 +0000 2017,@TwitterSupport this account threatened to kill me pls help https://t.co/O3TGV5b56F,2723320,TwitterSupport,Mon Nov 20 07:07:39 +0000 2017,"@763949 Hi, thanks for getting in touch. Please send us a message and we'll get started working through this. https://t.co/eXwzpNPj8C",
2730675,765548,Mon Nov 20 12:31:26 +0000 2017,@TwitterSupport Please help me. I’m only 10 and this man by the name of @105126 keeps attacking me. I need help! He said he was gonna chop my legs off! I’m so scared!,2730674,TwitterSupport,Mon Nov 20 13:52:31 +0000 2017,@765548 We are here to help. Please send us a message and we'll get started looking into this for you. https://t.co/eXwzpNPj8C,
2730677,765549,Mon Nov 20 10:47:45 +0000 2017,@765550 @765551 @TwitterSupport Help im being harassed,2730676,TwitterSupport,Mon Nov 20 11:31:31 +0000 2017,@765549 Thanks for getting in touch. Send us a message and we'll get started helping you out. https://t.co/eXwzpNPj8C,
273107,181226,Fri Oct 06 03:42:00 +0000 2017,@TwitterSupport this man is a registered sex-offender and is harassing me. Plz help. https://t.co/EHMZTC8JA7,273105,TwitterSupport,Fri Oct 06 03:55:03 +0000 2017,@181226 Thanks for letting us know about this. Please send us a message and we can begin working on this issue. https://t.co/5TkIRqD4sE,273106
2734176,766333,Mon Nov 20 17:39:30 +0000 2017,"@TwitterSupport 

Please suspend @105272 !!!
This account is targeting and harassing people and won’t stop.",2734175,TwitterSupport,Mon Nov 20 17:42:06 +0000 2017,@766333 Thanks for letting us know about this. Please send us a message and we can begin working on this issue. https://t.co/eXwzpNPj8C,
2734185,766337,Mon Nov 20 19:23:58 +0000 2017,@TwitterSupport I need some help please,2734184,TwitterSupport,Mon Nov 20 19:25:21 +0000 2017,@766337 Thanks for getting in touch. Send us a message and we'll get started helping you out. https://t.co/eXwzpNPj8C,
2734187,766338,Mon Nov 20 19:09:26 +0000 2017,@766339 @TwitterSupport he’s so racist,2734186,TwitterSupport,Mon Nov 20 19:13:34 +0000 2017,@766338 Thanks for getting in touch. Send us a message and we'll get started helping you out. https://t.co/eXwzpNPj8C,
2734191,766340,Mon Nov 20 18:10:01 +0000 2017,@TwitterSupport Can we help me?,2734190,TwitterSupport,Mon Nov 20 18:13:31 +0000 2017,@105256 Thanks for getting in touch. Send us a message and we'll get started helping you out. https://t.co/eXwzpNPj8C,
2734193,766341,Mon Nov 20 18:03:13 +0000 2017,@TwitterSupport I wish to report targeted trolling. https://t.co/k6x6lAQtmh,2734192,TwitterSupport,Mon Nov 20 18:05:17 +0000 2017,@766341 Thanks for letting us know about this. Please send us a message and we can begin working on this issue. https://t.co/eXwzpNPj8C,
2734195,766342,Mon Nov 20 17:50:59 +0000 2017,@766343 @TwitterSupport help https://t.co/dEwLlEeNdn,2734194,TwitterSupport,Mon Nov 20 17:55:19 +0000 2017,@766342 Thanks for getting in touch. Send us a message and we'll get started helping you out. https://t.co/eXwzpNPj8C,
2734199,766344,Mon Nov 20 16:24:58 +0000 2017,"@129622 @105270 @105122 @TwitterSupport Report for abusive language,  then block.",2734198,TwitterSupport,Mon Nov 20 16:31:12 +0000 2017,"@766344 Hi there, we're here to help. Please send us a message and we can work on getting this sorted. https://t.co/eXwzpNPj8C",
2749868,769893,Mon Nov 20 22:40:57 +0000 2017,@TwitterSupport @769894 is bullying me help,2749867,TwitterSupport,Mon Nov 20 23:09:52 +0000 2017,@769893 Thanks for getting in touch. Send us a message and we'll get started helping you out. https://t.co/eXwzpNPj8C,
2749870,537603,Mon Nov 20 22:31:11 +0000 2017,@769895 I’m being harassed @TwitterSupport,2749869,TwitterSupport,Mon Nov 20 22:40:53 +0000 2017,"@537603 Hi there, we're here to help. Please send us a message and we can work on getting this sorted. https://t.co/eXwzpNPj8C",
2749879,769896,Mon Nov 20 21:21:04 +0000 2017,@769897 @TwitterSupport @123765 @4009 help hiiim,2749878,TwitterSupport,Mon Nov 20 21:22:16 +0000 2017,@769896 Thanks for getting in touch. Send us a message and we'll get started helping you out. https://t.co/eXwzpNPj8C,
2758912,772013,Mon Nov 20 23:41:11 +0000 2017,@772014 @TwitterSupport im being harassed please help,2758911,TwitterSupport,Tue Nov 21 00:27:23 +0000 2017,@772013 Thanks for letting us know about this. Please send us a message and we can begin working on this issue. https://t.co/eXwzpNPj8C,
2764353,196597,Tue Nov 21 07:32:22 +0000 2017,@773230 @TwitterSupport I’m being harassed,2764352,TwitterSupport,Tue Nov 21 08:41:28 +0000 2017,"@196597 Hi there, we're here to help. Please send us a message and we can work on getting this sorted. https://t.co/eXwzpNPj8C",
2764357,279899,Tue Nov 21 05:22:10 +0000 2017,@TwitterSupport I’m being bullied by an unemployed man on this app and it’s not @279898 SMH,2764356,TwitterSupport,Tue Nov 21 06:06:01 +0000 2017,@279899 Thanks for getting in touch. Send us a message and we'll get started helping you out. https://t.co/eXwzpNPj8C,
2764359,282519,Tue Nov 21 04:19:54 +0000 2017,@279899 @TwitterSupport help me,2764358,TwitterSupport,Tue Nov 21 04:33:56 +0000 2017,"@282519 Hi there, we're here to help. Please send us a message and we can work on getting this sorted. https://t.co/eXwzpNPj8C",
2764362,773231,Tue Nov 21 04:08:24 +0000 2017,"@TwitterSupport 
Hie may you please help me on how to delete or remove a twitter account ...",2764361,TwitterSupport,Tue Nov 21 04:27:08 +0000 2017,@773231 Thanks for getting in touch. Send us a message and we'll get started helping you out. https://t.co/eXwzpNPj8C,
2776262,775736,Tue Oct 31 17:13:52 +0000 2017,@TwitterSupport Help Me,2776261,TwitterSupport,Tue Oct 31 17:20:42 +0000 2017,"@775736 Thanks for reaching out, we are happy to help. Please send us a message and we can get started. https://t.co/eXwzpNPj8C",
2776265,775737,Tue Oct 31 17:04:05 +0000 2017,@775738 @6275 @TwitterSupport @107037 @107038 Help the man out.,2776264,TwitterSupport,Tue Oct 31 17:16:08 +0000 2017,@775737 We are here to help. Please send us a message and we'll get started looking into this for you. https://t.co/eXwzpNPj8C,
2781694,776853,Tue Nov 21 16:45:48 +0000 2017,@TwitterSupport @123765 Help me please,2781693,TwitterSupport,Tue Nov 21 16:52:47 +0000 2017,@776853 Thanks for getting in touch. Send us a message and we'll get started helping you out. https://t.co/eXwzpNPj8C,
2792897,779432,Tue Nov 21 20:38:11 +0000 2017,@779433 @TwitterSupport Stop bullying me dude 😣,2792896,TwitterSupport,Tue Nov 21 20:51:29 +0000 2017,@779432 We are here to help. Please send us a message and we'll get started looking into this for you. https://t.co/eXwzpNPj8C,
2792901,779432,Tue Nov 21 20:22:12 +0000 2017,Help @TwitterSupport https://t.co/Xv6VM9ty4Q,2792900,TwitterSupport,Tue Nov 21 20:30:56 +0000 2017,"@779432 Thanks for reaching out, we are happy to help. Please send us a message and we can get started. https://t.co/eXwzpNPj8C",2792899
2792903,779434,Tue Nov 21 20:11:44 +0000 2017,I’m being harassed @TwitterSupport https://t.co/c9H4nyczsz,2792902,TwitterSupport,Tue Nov 21 20:16:04 +0000 2017,@779434 Thanks for letting us know about this. Please send us a message and we can begin working on this issue. https://t.co/eXwzpNPj8C,
2792905,779435,Tue Nov 21 19:05:35 +0000 2017,I report @107266 for stalking and targeted harassment. Please suspend this account @123765 @TwitterSupport,2792904,TwitterSupport,Tue Nov 21 19:25:08 +0000 2017,@779435 Thanks for letting us know. Please send us a message and we'll work on getting this resolved for you. https://t.co/eXwzpNPj8C,
2792907,779436,Tue Nov 21 19:02:24 +0000 2017,@779437 @TwitterSupport i am being bULLIED https://t.co/hDZIb4E2rF,2792906,TwitterSupport,Tue Nov 21 19:22:40 +0000 2017,@779436 Thanks for letting us know. Please send us a message and we'll work on getting this resolved for you. https://t.co/eXwzpNPj8C,
2792914,779438,Tue Nov 21 18:47:32 +0000 2017,@139971 @123765 @129570 @TwitterSupport Oh and I'm going to report you for being abusive,2792913,TwitterSupport,Tue Nov 21 19:00:19 +0000 2017,@779438 Thanks for letting us know about this. Please send us a message and we can begin working on this issue. https://t.co/eXwzpNPj8C,
2792917,779439,Tue Nov 21 18:44:04 +0000 2017,@TwitterSupport Are you guys really not going to help me?😧,2792916,TwitterSupport,Tue Nov 21 18:49:57 +0000 2017,@779439 We are here to help. Please send us a message and we'll get started looking into this for you. https://t.co/eXwzpNPj8C,
2792920,779441,Tue Nov 21 17:40:17 +0000 2017,@TwitterSupport can you ban this account for abuse? thx https://t.co/2Ot7K5oUIy,2792919,TwitterSupport,Tue Nov 21 17:55:00 +0000 2017,@779441 Thanks for letting us know. Please send us a message and we'll work on getting this resolved for you. https://t.co/eXwzpNPj8C,
2797398,780527,Sun Nov 26 20:12:33 +0000 2017,"@97139 @TwitterSupport here is kristie distributing links to dox info on bearing, this is as targeted harassment as it gets, please review https://t.co/zrzeQ3aS5A",2797397,TwitterSupport,Sun Nov 26 20:22:52 +0000 2017,@780527 We are here to help. Please send us a message and we'll get started looking into this for you. https://t.co/eXwzpNPj8C,
2797400,780528,Sun Nov 26 19:48:42 +0000 2017,I need help. @TwitterSupport,2797399,TwitterSupport,Sun Nov 26 19:52:25 +0000 2017,@780528 We are here to help. Please send us a message and we'll get started looking into this for you. https://t.co/eXwzpNPj8C,
2802162,781682,Tue Nov 21 21:09:50 +0000 2017,@781683 You’re a troll... report to @TwitterSupport,2802161,TwitterSupport,Tue Nov 21 22:02:38 +0000 2017,"@781682 Hi, please send us a message and we'll look into this with you. https://t.co/eXwzpNPj8C",
2808918,402084,Wed Nov 22 04:45:29 +0000 2017,HELP ME @TwitterSupport,2808917,TwitterSupport,Wed Nov 22 05:01:35 +0000 2017,"@402084 Hi, thanks for getting in touch. Please send us a message and we'll get started working through this. https://t.co/eXwzpNPj8C",
2808920,783383,Wed Nov 22 04:35:03 +0000 2017,@TwitterSupport this guy is harassing me🗣 https://t.co/Srqu0oyVA4,2808919,TwitterSupport,Wed Nov 22 04:50:27 +0000 2017,@783383 Thanks for getting in touch. Send us a message and we'll get started helping you out. https://t.co/eXwzpNPj8C,
2808922,783384,Wed Nov 22 03:46:53 +0000 2017,help Twitter i am being harassed @123765 @TwitterSupport https://t.co/9tOZ3Ex3m8,2808921,TwitterSupport,Wed Nov 22 04:01:09 +0000 2017,"@783384 Hi there, we're here to help. Please send us a message and we can work on getting this sorted. https://t.co/eXwzpNPj8C",
2808924,783385,Wed Nov 22 01:52:46 +0000 2017,@783386 @TwitterSupport HI I AM BEING BULLIED,2808923,TwitterSupport,Wed Nov 22 02:00:14 +0000 2017,@783385 Thanks for letting us know. Please send us a message and we'll work on getting this resolved for you. https://t.co/eXwzpNPj8C,
2808927,783387,Wed Nov 22 01:11:43 +0000 2017,@TwitterSupport i need help!!!,2808926,TwitterSupport,Wed Nov 22 01:57:37 +0000 2017,"@783387 Hi there, we're here to help. Please send us a message and we can work on getting this sorted. https://t.co/eXwzpNPj8C",
2808929,783388,Wed Nov 22 01:10:46 +0000 2017,@TwitterSupport I’m being harassed. https://t.co/uae3Ntgl9p,2808928,TwitterSupport,Wed Nov 22 01:57:12 +0000 2017,"@783388 Hi, please send us a message and we'll look into this with you. https://t.co/eXwzpNPj8C",
2808931,783389,Wed Nov 22 00:55:39 +0000 2017,@TwitterSupport I’m being harassed. https://t.co/R8x3ugMLNP,2808930,TwitterSupport,Wed Nov 22 01:38:55 +0000 2017,@783389 Thanks for getting in touch. Send us a message and we'll get started helping you out. https://t.co/eXwzpNPj8C,
2828286,203267,Mon Nov 27 08:42:52 +0000 2017,@TwitterSupport will somebody please reply to me?,2828285,TwitterSupport,Mon Nov 27 09:05:01 +0000 2017,"@203267 Hi there, we're here to help. Please send us a message and we can work on getting this sorted. https://t.co/eXwzpNPj8C",
2828288,787704,Mon Nov 27 07:42:42 +0000 2017,"Utterly disgusting, it's irrelevant of who she is picking on a someone over their looks is bullying. 
@TwitterSupport @108526 https://t.co/bejqUvAmtv",2828287,TwitterSupport,Mon Nov 27 08:04:41 +0000 2017,@787704 We'd be happy to look into this for you. Please send us a message and we can get started working through this. https://t.co/eXwzpNPj8C,
2841530,790663,Mon Nov 27 15:55:31 +0000 2017,@TwitterSupport I need lost password.,2841529,TwitterSupport,Mon Nov 27 16:21:01 +0000 2017,@790663 We are here to help. Please send us a message and we'll get started looking into this for you. https://t.co/eXwzpNPj8C,
2841532,790664,Mon Nov 27 15:46:01 +0000 2017,@123765 @TwitterSupport this email I signed up with Twitter isn’t working !!! I forget my password and now I can’t enter my email and twitter either I need your help please my account  is @108953 https://t.co/QRloMhBOXf,2841531,TwitterSupport,Mon Nov 27 16:18:21 +0000 2017,"@790664 Hi there, we're here to help. Please send us a message and we can work on getting this sorted. https://t.co/eXwzpNPj8C",
2841534,790665,Mon Nov 27 14:19:54 +0000 2017,@TwitterSupport i actually need help,2841533,TwitterSupport,Mon Nov 27 14:42:47 +0000 2017,"@790665 Hi there, we're here to help. Please send us a message and we can work on getting this sorted. https://t.co/eXwzpNPj8C",
2841537,790666,Mon Nov 27 14:12:53 +0000 2017,@TwitterSupport Help me,2841536,TwitterSupport,Mon Nov 27 14:42:03 +0000 2017,"@790666 Hi there, we're here to help. Please send us a message and we can work on getting this sorted. https://t.co/eXwzpNPj8C",
2841539,790667,Mon Nov 27 13:59:16 +0000 2017,@TwitterSupport I NEED TO RECOVER MY OLD ACCOUNT PLEASE HELP,2841538,TwitterSupport,Mon Nov 27 14:10:37 +0000 2017,"@790667 Hi there, we're here to help. Please send us a message and we can work on getting this sorted. https://t.co/eXwzpNPj8C",
2861006,794830,Mon Nov 27 21:22:51 +0000 2017,@TwitterSupport help please,2861005,TwitterSupport,Mon Nov 27 21:32:51 +0000 2017,@794830 Thanks for getting in touch. Send us a message and we'll get started helping you out. https://t.co/eXwzpNPj8C,
2861008,794831,Mon Nov 27 21:12:05 +0000 2017,@TwitterSupport help please,2861007,TwitterSupport,Mon Nov 27 21:16:22 +0000 2017,"@794831 Hi, thanks for getting in touch. Please send us a message and we'll get started working through this. https://t.co/eXwzpNPj8C",
2861010,794832,Mon Nov 27 21:02:11 +0000 2017,@741375 @TwitterSupport help,2861009,TwitterSupport,Mon Nov 27 21:07:21 +0000 2017,@794832 Thanks for getting in touch. Send us a message and we'll get started helping you out. https://t.co/eXwzpNPj8C,
2861013,472172,Mon Nov 27 21:05:43 +0000 2017,@TwitterSupport can you help me pls,2861012,TwitterSupport,Mon Nov 27 21:06:42 +0000 2017,"@472172 Hi there, we're here to help. Please send us a message and we can work on getting this sorted. https://t.co/eXwzpNPj8C",
2861015,794833,Mon Nov 27 20:42:58 +0000 2017,@794834 Stop threatening me ...  i dont feel safe @TwitterSupport @123765,2861014,TwitterSupport,Mon Nov 27 21:04:25 +0000 2017,@794833 Thanks for letting us know about this. Please send us a message and we can begin working on this issue. https://t.co/eXwzpNPj8C,
2861021,794835,Mon Nov 27 19:24:57 +0000 2017,@109645 @123765 @TwitterSupport @160957 @TwitterSupport @123765 please help,2861020,TwitterSupport,Mon Nov 27 19:31:58 +0000 2017,"@794835 Hi there, we're here to help. Please send us a message and we can work on getting this sorted. https://t.co/eXwzpNPj8C",
2861024,794836,Mon Nov 27 18:42:27 +0000 2017,"Dear @TwitterSupport ! I am still unable to log in to my @109644 page.  I still get the ""404 page not found"" error. Can you help me!? THANK YOU!",2861023,TwitterSupport,Mon Nov 27 19:06:25 +0000 2017,"@794836 Hi, thanks for getting in touch. Please send us a message and we'll get started working through this. https://t.co/eXwzpNPj8C",
2861026,794837,Mon Nov 27 17:38:04 +0000 2017,@TwitterSupport - Can you help me? My account is locked.,2861025,TwitterSupport,Mon Nov 27 17:45:02 +0000 2017,@794837 Thanks for getting in touch. Send us a message and we'll get started helping you out. https://t.co/eXwzpNPj8C,
2861028,794838,Mon Nov 27 17:14:22 +0000 2017,@TwitterSupport how to instantly delete an account?,2861027,TwitterSupport,Mon Nov 27 17:17:10 +0000 2017,@794838 Thanks for getting in touch. Send us a message and we'll get started helping you out. https://t.co/eXwzpNPj8C,
287273,184459,Fri Oct 06 13:38:26 +0000 2017,"Dear @TwitterSupport  @14483 is a bully and constantly harassing me, I don't feel safe sharing this platform with such an individual😞",287272,TwitterSupport,Fri Oct 06 13:44:28 +0000 2017,@184459 Thanks for letting us know about this. Please send us a message and we can begin working on this issue. https://t.co/5TkIRqD4sE,
287275,173523,Fri Oct 06 13:14:10 +0000 2017,@184460 @TwitterSupport @14512 HI @TwitterSupport - can you help with this?,287274,TwitterSupport,Fri Oct 06 13:40:49 +0000 2017,@173523 Thanks for getting in touch. Send us a message and we'll get started helping you out. https://t.co/5TkIRqD4sE,
2873213,268394,Tue Nov 28 03:09:25 +0000 2017,"Does this sound like a threat ??
@TwitterSupport https://t.co/TP1hvLfQy7",2873211,TwitterSupport,Tue Nov 28 03:42:29 +0000 2017,@268394 We'd be happy to look into this for you. Please send us a message and we can get started working through this. https://t.co/eXwzpNPj8C,2873212
2873215,488025,Tue Nov 28 02:25:14 +0000 2017,@123765 this young child is telling me to commit self harm to myself . Remove his account please. This is cyber bullying. @TwitterSupport https://t.co/j3PirAkgUA,2873214,TwitterSupport,Tue Nov 28 02:28:55 +0000 2017,@488025 Thanks for getting in touch. Send us a message and we'll get started helping you out. https://t.co/eXwzpNPj8C,
2873217,797708,Tue Nov 28 02:18:22 +0000 2017,@TwitterSupport can I get some help please?,2873216,TwitterSupport,Tue Nov 28 02:26:58 +0000 2017,@797708 Thanks for getting in touch. Send us a message and we'll get started helping you out. https://t.co/eXwzpNPj8C,
2873219,488173,Mon Nov 27 22:48:30 +0000 2017,@TwitterSupport hi can you help me please ??? thanks,2873218,TwitterSupport,Mon Nov 27 22:49:06 +0000 2017,@488173 Thanks for getting in touch. Send us a message and we'll get started helping you out. https://t.co/eXwzpNPj8C,
2881192,799480,Tue Nov 28 04:54:37 +0000 2017,@799481 @799482 @TwitterSupport help,2881191,TwitterSupport,Tue Nov 28 05:05:37 +0000 2017,@799480 We are here to help. Please send us a message and we'll get started looking into this for you. https://t.co/eXwzpNPj8C,
2902674,803950,Tue Nov 28 18:18:10 +0000 2017,"Alllooooooo @TwitterSupport somebody there ??? CAN you see me ? 
⬇️His choice not mine so CAN you help me ? https://t.co/haRmInMsg1",2902673,TwitterSupport,Tue Nov 28 18:22:27 +0000 2017,"@803950 Hi there, we're here to help. Please send us a message and we can work on getting this sorted. https://t.co/eXwzpNPj8C",
2902677,803951,Tue Nov 28 17:29:43 +0000 2017,"@TwitterSupport this account is trying to intimidate people, this account has harassed people I have reported it myself in the past https://t.co/BVfhDzjmur",2902675,TwitterSupport,Tue Nov 28 17:39:08 +0000 2017,"@803951 Hi, thanks for getting in touch. Please send us a message and we'll get started working through this. https://t.co/eXwzpNPj8C",2902676
2918601,807827,Tue Nov 28 23:34:10 +0000 2017,@807828 @TwitterSupport help i is being bullied,2918600,TwitterSupport,Tue Nov 28 23:53:58 +0000 2017,@807827 We are here to help. Please send us a message and we'll get started looking into this for you. https://t.co/eXwzpNPj8C,
2918607,305791,Tue Nov 28 20:56:30 +0000 2017,"@TwitterSupport 
@111980 is a Russian IP based troll account.
It is being used to spread white nationalist memes and divisive propaganda.
Thanks.
Have a great day.",2918606,TwitterSupport,Tue Nov 28 21:53:13 +0000 2017,"@305791 Hi, thanks for getting in touch. Please send us a message and we'll get started working through this. https://t.co/eXwzpNPj8C",
2918609,807829,Tue Nov 28 21:13:53 +0000 2017,@12 @123765 @TwitterSupport This person is defaming people left and right and even issues threats. Can you ban him? https://t.co/NIFiZDvE85,2918608,TwitterSupport,Tue Nov 28 21:30:22 +0000 2017,"@807829 Hi, thanks for getting in touch. Please send us a message and we'll get started working through this. https://t.co/eXwzpNPj8C",
2918611,807830,Tue Nov 28 19:41:57 +0000 2017,@807831 @16370 @12 @TwitterSupport HELP! I AM BEING V I C T I M I Z E D RIGHT NOW,2918610,TwitterSupport,Tue Nov 28 19:58:53 +0000 2017,@807830 Thanks for getting in touch. Send us a message and we'll get started helping you out. https://t.co/eXwzpNPj8C,
2918615,807832,Tue Nov 28 19:41:50 +0000 2017,@111979 @TwitterSupport help,2918614,TwitterSupport,Tue Nov 28 19:58:15 +0000 2017,"@807832 Hi, thanks for getting in touch. Please send us a message and we'll get started working through this. https://t.co/eXwzpNPj8C",
2929436,810392,Wed Nov 29 04:25:06 +0000 2017,"@TwitterSupport Need your help, guys. Please respond.",2929435,TwitterSupport,Wed Nov 29 05:04:09 +0000 2017,"@810392 Hi there, we're here to help. Please send us a message and we can work on getting this sorted. https://t.co/eXwzpNxIh4",
2929438,618077,Wed Nov 29 03:17:07 +0000 2017,@TwitterSupport ! @112324 is bullying me,2929437,TwitterSupport,Wed Nov 29 03:26:18 +0000 2017,@618077 Thanks for getting in touch. Send us a message and we'll get started helping you out. https://t.co/eXwzpNxIh4,
2929440,797708,Wed Nov 29 02:39:48 +0000 2017,@TwitterSupport can I actually get some help??,2929439,TwitterSupport,Wed Nov 29 03:14:20 +0000 2017,@797708 We are here to help. Please send us a message and we'll get started looking into this for you. https://t.co/eXwzpNPj8C,
2929442,810393,Wed Nov 29 02:26:52 +0000 2017,@TwitterSupport help https://t.co/KtKIktGjLZ,2929441,TwitterSupport,Wed Nov 29 02:44:57 +0000 2017,@810393 Thanks for getting in touch. Send us a message and we'll get started helping you out. https://t.co/eXwzpNPj8C,
2929446,810395,Wed Nov 29 00:42:45 +0000 2017,@TwitterSupport Pls help,2929445,TwitterSupport,Wed Nov 29 00:49:06 +0000 2017,"@810395 Hi, thanks for getting in touch. Please send us a message and we'll get started working through this. https://t.co/eXwzpNPj8C",
2929449,629914,Wed Nov 29 00:43:54 +0000 2017,@810396 @TwitterSupport this account is Harassing me,2929448,TwitterSupport,Wed Nov 29 00:48:39 +0000 2017,"@629914 Hi, thanks for getting in touch. Please send us a message and we'll get started working through this. https://t.co/eXwzpNPj8C",
2951398,386482,Wed Nov 29 17:09:15 +0000 2017,. @TwitterSupport this user is issuing threats of violence and genocide against Indian Christians. https://t.co/qbDXjE9uwY,2951397,TwitterSupport,Wed Nov 29 17:17:36 +0000 2017,"@386482 Hi, please send us a message and we'll look into this with you. https://t.co/eXwzpNPj8C",
2951401,814985,Wed Nov 29 16:59:56 +0000 2017,@twittersupport can`t you help me?,2951400,TwitterSupport,Wed Nov 29 17:09:33 +0000 2017,@814985 We are here to help. Please send us a message and we'll get started looking into this for you. https://t.co/eXwzpNPj8C,
2951403,814986,Wed Nov 29 15:58:55 +0000 2017,@TwitterSupport Hi there - Our administrator has left our company and so we are unable to give that email address to have the password reset. As far as we are aware there is not another email address associated with the account. What is it we need to do in this instance please ?,2951402,TwitterSupport,Wed Nov 29 16:19:58 +0000 2017,"@814986 Thanks for reaching out, we are happy to help. Please send us a message and we can get started. https://t.co/eXwzpNPj8C",
2951405,814987,Wed Nov 29 14:53:25 +0000 2017,@TwitterSupport Help pls,2951404,TwitterSupport,Wed Nov 29 16:01:55 +0000 2017,"@814987 Hi there, we're here to help. Please send us a message and we can work on getting this sorted. https://t.co/eXwzpNPj8C",
2951408,814988,Wed Nov 29 14:31:51 +0000 2017,@814989 @TwitterSupport he is harassing me,2951407,TwitterSupport,Wed Nov 29 15:44:56 +0000 2017,@814988 Thanks for letting us know about this. Please send us a message and we can begin working on this issue. https://t.co/eXwzpNPj8C,
2960486,817054,Wed Nov 15 09:02:44 +0000 2017,@381946 @TwitterSupport HELP!,2960485,TwitterSupport,Wed Nov 15 09:04:33 +0000 2017,@817054 Thanks for getting in touch. Send us a message and we'll get started helping you out. https://t.co/eXwzpNPj8C,
296391,186590,Fri Oct 06 17:10:52 +0000 2017,@186591 @132114 @12 @TwitterSupport help,296390,TwitterSupport,Fri Oct 06 17:15:06 +0000 2017,"@186590 Hi there, we're here to help. Please send us a message and we can work on getting this sorted. https://t.co/5TkIRqD4sE",
2966983,479852,Wed Nov 29 22:38:20 +0000 2017,My cyber stalker @ ISSPOKELSE has made over 13 accounts to stalk and harrass me and my friends on social media . Please help @TwitterSupport https://t.co/uFM5ZJrQ7t,2966982,TwitterSupport,Wed Nov 29 23:03:42 +0000 2017,"@479852 Hi there, we're here to help. Please send us a message and we can work on getting this sorted. https://t.co/eXwzpNPj8C",
2966985,818496,Wed Nov 29 22:16:21 +0000 2017,@TwitterSupport @129570  Please help! I am fearing for my safety. @818497 is a deranged liberal! He   is the same type of person that snapped and shot up the church in Texas and the one the shot up the Congressional baseball game. https://t.co/wVDHyBbCpl,2966984,TwitterSupport,Wed Nov 29 22:42:16 +0000 2017,"@818496 Hi, thanks for getting in touch. Please send us a message and we'll get started working through this. https://t.co/eXwzpNPj8C",
2966987,352020,Wed Nov 29 20:45:46 +0000 2017,@818498 @TwitterSupport I'm being harassed for being mexican,2966986,TwitterSupport,Wed Nov 29 20:51:20 +0000 2017,"@352020 Hi, please send us a message and we'll look into this with you. https://t.co/eXwzpNPj8C",
2966994,818499,Wed Nov 29 20:32:37 +0000 2017,@TwitterSupport Help,2966993,TwitterSupport,Wed Nov 29 20:36:42 +0000 2017,@818499 We are here to help. Please send us a message and we'll get started looking into this for you. https://t.co/eXwzpNPj8C,
2966996,818500,Wed Nov 29 20:11:57 +0000 2017,this is bullying @TwitterSupport https://t.co/B8f3gHYopE,2966995,TwitterSupport,Wed Nov 29 20:25:50 +0000 2017,@818500 Thanks for letting us know about this. Please send us a message and we can begin working on this issue. https://t.co/eXwzpNPj8C,
2966998,818501,Wed Nov 29 19:32:58 +0000 2017,@123765 @TwitterSupport HELP!,2966997,TwitterSupport,Wed Nov 29 20:11:22 +0000 2017,@818501 Thanks for getting in touch. Send us a message and we'll get started helping you out. https://t.co/eXwzpNPj8C,
2967000,818502,Wed Nov 29 19:46:27 +0000 2017,"@TwitterSupport 
Reporting Hate Speech and Violence Here https://t.co/x5ATq1sBGb",2966999,TwitterSupport,Wed Nov 29 19:49:54 +0000 2017,@818502 Thanks for letting us know about this! Please send us a message and we'll get started on helping you out. https://t.co/eXwzpNPj8C,
2967002,818503,Wed Nov 29 19:05:20 +0000 2017,@TwitterSupport help,2967001,TwitterSupport,Wed Nov 29 19:45:45 +0000 2017,@818503 Thanks for getting in touch. Send us a message and we'll get started helping you out. https://t.co/eXwzpNPj8C,
2967004,818504,Wed Nov 29 18:22:37 +0000 2017,"Same person differen acc      
@113845 constantly harassing me   @TwitterSupport",2967003,TwitterSupport,Wed Nov 29 18:42:05 +0000 2017,"@818504 Hi there, we're here to help. Please send us a message and we can work on getting this sorted. https://t.co/eXwzpNPj8C",
2967006,818505,Wed Nov 29 18:01:27 +0000 2017,@818506 @381245 @TwitterSupport please help  @TwitterSupport,2967005,TwitterSupport,Wed Nov 29 18:14:57 +0000 2017,@818505 We are here to help. Please send us a message and we'll get started looking into this for you. https://t.co/eXwzpNPj8C,
2977623,761134,Fri Nov 17 03:41:52 +0000 2017,@TwitterSupport may I please have some help,2977622,TwitterSupport,Fri Nov 17 04:01:06 +0000 2017,"@761134 Hi there, we're here to help. Please send us a message and we can work on getting this sorted. https://t.co/eXwzpNPj8C",
2980226,253909,Sat Nov 18 17:20:15 +0000 2017,@TwitterSupport she's bullying me https://t.co/xWyJEfh5Ba,2980225,TwitterSupport,Sat Nov 18 17:22:04 +0000 2017,"@253909 Hi there, we're here to help. Please send us a message and we can work on getting this sorted. https://t.co/eXwzpNPj8C",
2980611,822077,Thu Nov 30 02:53:38 +0000 2017,Hi @TwitterSupport please could you take down the Twitter account @114866 as this is an imposter account pretending to be a prominent actor. The real actor is very upset about it and has asked me to get this either re-branded as a fan account or taken down completely. Thanks,2980610,TwitterSupport,Thu Nov 30 03:13:13 +0000 2017,@822077 Thanks for getting in touch. Send us a message and we'll get started helping you out. https://t.co/eXwzpNPj8C,
2980613,822078,Thu Nov 30 01:31:37 +0000 2017,I need my main acc back. Please @TwitterSupport I NEED HELP,2980612,TwitterSupport,Thu Nov 30 01:50:26 +0000 2017,@822078 Thanks for getting in touch. Send us a message and we'll get started helping you out. https://t.co/eXwzpNPj8C,
2980615,822079,Thu Nov 30 01:15:38 +0000 2017,@TwitterSupport Please Help,2980614,TwitterSupport,Thu Nov 30 01:42:46 +0000 2017,@822079 Thanks for getting in touch. Send us a message and we'll get started helping you out. https://t.co/eXwzpNPj8C,
2980617,822080,Wed Nov 29 23:17:01 +0000 2017,@TwitterSupport this man keeps harassing me https://t.co/cgAPTWRNb3,2980616,TwitterSupport,Wed Nov 29 23:28:46 +0000 2017,@822080 Thanks for letting us know about this. Please send us a message and we can begin working on this issue. https://t.co/eXwzpNPj8C,
2982240,822531,Mon Nov 20 05:47:12 +0000 2017,@822532 @822533 @TwitterSupport I’m being harassed,2982239,TwitterSupport,Mon Nov 20 06:01:56 +0000 2017,@822531 Thanks for getting in touch. Send us a message and we'll get started helping you out. https://t.co/eXwzpNPj8C,
298897,187240,Fri Oct 06 18:41:50 +0000 2017,@187242 @TwitterSupport @TwitterSupport please accept my report of bullying from jealousy,298895,TwitterSupport,Fri Oct 06 18:46:48 +0000 2017,"@187240 Hi there, we're here to help. Please send us a message and we can work on getting this sorted. https://t.co/5TkIRqD4sE",298896
301431,187901,Fri Oct 06 20:52:22 +0000 2017,@TwitterSupport this woman is enduring a campaign of racist and misogynist abuse because she has a mixed race daughter. Please do something https://t.co/DnZ6R53j0l,301430,TwitterSupport,Fri Oct 06 20:54:43 +0000 2017,@187901 Thanks for getting in touch. Send us a message and we'll get started helping you out. https://t.co/5TkIRqD4sE,
304502,188714,Sun Oct 08 04:10:47 +0000 2017,hey @TwitterSupport im being bullied and idk what to do,304501,TwitterSupport,Sun Oct 08 04:49:43 +0000 2017,@188714 Thanks for getting in touch. Send us a message and we'll get started helping you out. https://t.co/5TkIRqD4sE,
305704,189014,Sun Oct 08 20:17:56 +0000 2017,@189015 @TwitterSupport im a womab but she calls me baby boy it hurts me and i've got proves and shes racist @TwitterSupport,305703,TwitterSupport,Sun Oct 08 20:19:11 +0000 2017,@189014 Thanks for letting us know about this. Please send us a message and we can begin working on this issue. https://t.co/5TkIRqD4sE,
305707,189015,Sun Oct 08 20:14:35 +0000 2017,@189014 @TwitterSupport @TwitterSupport hey twitter im very sad and hurt by @189014,305708,TwitterSupport,Sun Oct 08 20:17:50 +0000 2017,@189015 We are here to help. Please send us a message and we'll get started looking into this for you. https://t.co/5TkIRqD4sE,
305711,189014,Sun Oct 08 20:11:59 +0000 2017,@189015 @TwitterSupport please suspend her i'm hurt,305712,TwitterSupport,Sun Oct 08 20:13:13 +0000 2017,"@189014 Hi, please send us a message and we'll look into this with you. https://t.co/5TkIRqD4sE",
305731,189016,Sun Oct 08 20:14:34 +0000 2017,Help me please! @TwitterSupport,305730,TwitterSupport,Sun Oct 08 20:16:58 +0000 2017,@189016 Thanks for getting in touch. Send us a message and we'll get started helping you out. https://t.co/5TkIRqD4sE,
306891,189276,Fri Oct 06 22:42:12 +0000 2017,"Im being harassed by @189278 he has been cyberbullying me and making my depression even worse, this is against TOS! @TwitterSupport",306889,TwitterSupport,Fri Oct 06 22:50:46 +0000 2017,@189276 We are here to help. Please send us a message and we'll get started looking into this for you. https://t.co/5TkIRqD4sE,306890
313410,190842,Sat Oct 07 04:55:12 +0000 2017,Hello @TwitterSupport. This account is sending me death threats. Please suspend them. https://t.co/3MflvpKEUE,313408,TwitterSupport,Sat Oct 07 05:01:28 +0000 2017,"@190842 Hi, please send us a message and we'll look into this with you. https://t.co/5TkIRqD4sE",313409
314711,TwitterSupport,Tue Apr 22 20:34:54 +0000 2014,Try pinning a Tweet to the top of your new web profile! Choose a Tweet to pin and click ... to see this menu on web: http://t.co/mMDgFUWlgc,314709,TwitterSupport,Tue Apr 22 20:41:43 +0000 2014,"To pin a Tweet, first opt in to the #newprofiles, then visit your profile page on the web. Read more: https://t.co/UM6JubwFue",314710
315697,191378,Sat Oct 07 05:54:54 +0000 2017,@TwitterSupport hey can I get some help,315696,TwitterSupport,Sat Oct 07 06:31:44 +0000 2017,"@191378 Hi there, we're here to help. Please send us a message and we can work on getting this sorted. https://t.co/5TkIRqD4sE",
317580,191796,Sat Oct 07 08:47:35 +0000 2017,@123765 @TwitterSupport...this guy is making threats to people. https://t.co/8C47nHAugc,317579,TwitterSupport,Sat Oct 07 08:49:19 +0000 2017,@191796 Thanks for getting in touch. Send us a message and we'll get started helping you out. https://t.co/5TkIRqD4sE,
318394,191965,Sat Oct 07 09:26:12 +0000 2017,@TwitterSupport  i need help 😭😭😭,318392,TwitterSupport,Sat Oct 07 09:28:21 +0000 2017,"@191965 Hi, please send us a message and we'll look into this with you. https://t.co/5TkIRqD4sE",318393
319683,192212,Sat Oct 07 10:37:27 +0000 2017,yO @TwitterSupport help me please,319681,TwitterSupport,Sat Oct 07 10:43:52 +0000 2017,@192212 Thanks for getting in touch. Send us a message and we'll get started helping you out. https://t.co/5TkIRqD4sE,319682
319685,192214,Sat Oct 07 10:17:52 +0000 2017,@TwitterSupport I got locked out of my main account please help,319684,TwitterSupport,Sat Oct 07 10:36:34 +0000 2017,@192214 We are here to help. Please send us a message and we'll get started looking into this for you. https://t.co/5TkIRqD4sE,
326247,193725,Sat Oct 07 15:55:22 +0000 2017,@193726 @123765 @TwitterSupport It got worse! This is downright stalking! https://t.co/L0gU6U8czc,326246,TwitterSupport,Sat Oct 07 16:00:15 +0000 2017,@193725 Thanks for getting in touch. Send us a message and we'll get started helping you out. https://t.co/5TkIRqD4sE,
330145,194599,Sat Oct 07 17:24:20 +0000 2017,@TwitterSupport HELP US https://t.co/CgQM8n35Hf,330144,TwitterSupport,Sat Oct 07 17:34:53 +0000 2017,@194599 Thanks for getting in touch. Send us a message and we'll get started helping you out. https://t.co/5TkIRqD4sE,
337682,196587,Sat Oct 07 21:32:09 +0000 2017,I’d like to report abuse @TwitterSupport https://t.co/EKBMzZIvMQ,337681,TwitterSupport,Sat Oct 07 21:35:54 +0000 2017,"@196587 Hi, please send us a message and we'll look into this with you. https://t.co/5TkIRqD4sE",
337701,196592,Sat Oct 07 21:58:33 +0000 2017,@TwitterSupport I cannot log into my account on my new phone and I even tried changing my password why can't I log in,337700,TwitterSupport,Sat Oct 07 22:02:40 +0000 2017,"@196592 Hi there, we're here to help. Please send us a message and we can work on getting this sorted. https://t.co/5TkIRqD4sE",
337703,196593,Sat Oct 07 21:42:06 +0000 2017,@196594 @196595 @15174 @TwitterSupport @10621 .@10621 Help Help this MAN is threatening me,337702,TwitterSupport,Sat Oct 07 21:51:17 +0000 2017,"@196593 Hi, please send us a message and we'll look into this with you. https://t.co/5TkIRqD4sE",
337706,196596,Sat Oct 07 21:40:10 +0000 2017,I am being cyber bullied @TwitterSupport https://t.co/WToAw9KEik,337705,TwitterSupport,Sat Oct 07 21:50:27 +0000 2017,@196596 We are here to help. Please send us a message and we'll get started looking into this for you. https://t.co/5TkIRqD4sE,
337708,196597,Sat Oct 07 21:39:14 +0000 2017,@196598 @TwitterSupport @TwitterSupport I’m being harassed,337707,TwitterSupport,Sat Oct 07 21:48:37 +0000 2017,"@196597 Hi, please send us a message and we'll look into this with you. https://t.co/5TkIRqD4sE",
337709,196598,Sat Oct 07 21:38:27 +0000 2017,Abuse @TwitterSupport https://t.co/8PP6zJ7bZj,337710,TwitterSupport,Sat Oct 07 21:42:28 +0000 2017,@196598 Thanks for getting in touch. Send us a message and we'll get started helping you out. https://t.co/5TkIRqD4sE,
337712,196599,Sat Oct 07 21:18:47 +0000 2017,"Nope! You threatened me in DM. I let @TwitterSupport know.
Then more threats in DM and tweets. https://t.co/Grb9hMzKfD",337711,TwitterSupport,Sat Oct 07 21:21:24 +0000 2017,"@196599 Hi, please send us a message and we'll look into this with you. https://t.co/5TkIRqD4sE",
337714,196600,Sat Oct 07 20:40:03 +0000 2017,.@TwitterSupport These abusers are harassing a woman for speaking her mind. You need to get this under control. https://t.co/jZLruq0mDr,337713,TwitterSupport,Sat Oct 07 20:55:38 +0000 2017,@196600 Thanks for getting in touch. Send us a message and we'll get started helping you out. https://t.co/5TkIRqD4sE,
339433,197050,Sat Oct 07 22:28:04 +0000 2017,This person is abusive @TwitterSupport https://t.co/OID5NwGgPV,339432,TwitterSupport,Sat Oct 07 22:29:35 +0000 2017,@197050 Thanks for letting us know about this. Please send us a message and we can begin working on this issue. https://t.co/5TkIRqD4sE,
339435,197051,Sat Oct 07 22:24:53 +0000 2017,@197052 @TwitterSupport Please address this abuse. Thank You.,339434,TwitterSupport,Sat Oct 07 22:27:54 +0000 2017,"@197051 Hi, please send us a message and we'll look into this with you. https://t.co/5TkIRqD4sE",
340802,197417,Sat Oct 07 23:45:41 +0000 2017,"Hey,,,,,,, @TwitterSupport ,,,, i am being cyber bullied,,,..,. https://t.co/URWXOKPmP9",340801,TwitterSupport,Sat Oct 07 23:46:54 +0000 2017,"@197417 Hi, please send us a message and we'll look into this with you. https://t.co/5TkIRqD4sE",
34444,123464,Wed Nov 01 12:40:08 +0000 2017,@TwitterSupport help,34443,TwitterSupport,Wed Nov 01 12:45:55 +0000 2017,@123464 Thanks for getting in touch. Send us a message and we'll get started helping you out. https://t.co/eXwzpNPj8C,
344840,198044,Sun Oct 08 00:57:28 +0000 2017,@TwitterSupport help me.,344839,TwitterSupport,Sun Oct 08 01:07:38 +0000 2017,"@198044 Hi there, we're here to help. Please send us a message and we can work on getting this sorted. https://t.co/5TkIRqD4sE",
344844,198045,Sun Oct 08 00:38:21 +0000 2017,@198046 @TwitterSupport To me this reeks of targeted harrassment.,344841,TwitterSupport,Sun Oct 08 00:46:32 +0000 2017,@198045 Thanks for letting us know about this. Please send us a message and we can begin working on this issue. https://t.co/5TkIRqD4sE,"344842,344843"
345637,198248,Sun Oct 08 02:09:32 +0000 2017,@198249 @12 @TwitterSupport I'm being bullied into submission,345636,TwitterSupport,Sun Oct 08 02:14:46 +0000 2017,"@198248 Hi, thanks for getting in touch. Please send us a message and we'll get started working through this. https://t.co/5TkIRqD4sE",
345643,198250,Sun Oct 08 01:59:28 +0000 2017,@198251 @198252 @198253 @TwitterSupport @123765 death threat alert. ☝🏼,345642,TwitterSupport,Sun Oct 08 02:09:59 +0000 2017,"@198250 Hi, please send us a message and we'll look into this with you. https://t.co/5TkIRqD4sE",
348739,199014,Sun Oct 08 06:13:32 +0000 2017,WOW @123765 @TwitterSupport i’m being cyber bullied because i am white. unacceptable. https://t.co/2LTCI7XpJO,348738,TwitterSupport,Sun Oct 08 06:51:54 +0000 2017,@199014 Thanks for getting in touch. Send us a message and we'll get started helping you out. https://t.co/5TkIRqD4sE,
348743,199015,Sun Oct 08 06:10:19 +0000 2017,@TwitterSupport  i need to report something very urgent. How can I do that ?,348742,TwitterSupport,Sun Oct 08 06:44:54 +0000 2017,@199015 Thanks for getting in touch. Send us a message and we'll get started helping you out. https://t.co/5TkIRqD4sE,
35075,123630,Sun Dec 03 17:32:14 +0000 2017,@TwitterSupport I need help with my account please,35074,TwitterSupport,Sun Dec 03 17:33:13 +0000 2017,@123630 Thanks for getting in touch. Send us a message and we'll get started helping you out. https://t.co/eXwzpNxIh4,
358686,200947,Sun Oct 08 13:58:27 +0000 2017,@200948 Im reporting you to twitter @TwitterSupport . this is revenge porn and its disgusting.,358685,TwitterSupport,Sun Oct 08 14:00:34 +0000 2017,"@200947 Hi, please send us a message and we'll look into this with you. https://t.co/5TkIRqD4sE",
360170,201306,Sun Oct 08 16:34:57 +0000 2017,@TwitterSupport  i cannot log into  my other account what should i do,360169,TwitterSupport,Sun Oct 08 16:39:51 +0000 2017,"@201306 Hi, thanks for getting in touch. Please send us a message and we'll get started working through this. https://t.co/5TkIRqD4sE",
361683,201659,Sun Oct 08 17:30:35 +0000 2017,"More liberal tolerance, threatening me and my family!

@TwitterSupport https://t.co/kEsf7Xoyf2",361682,TwitterSupport,Sun Oct 08 17:35:19 +0000 2017,"@_____MAGA______ Hi, please send us a message and we'll look into this with you. https://t.co/5TkIRqD4sE",
363289,202074,Sun Oct 08 18:37:14 +0000 2017,@TwitterSupport man there has to be more control over these offensive tweets. Racist sexiest tweets. I'm offended,363288,TwitterSupport,Sun Oct 08 18:42:15 +0000 2017,@202074 Thanks for letting us know about this. Please send us a message and we can begin working on this issue. https://t.co/5TkIRqD4sE,
363292,202075,Sun Oct 08 18:33:22 +0000 2017,"@202076 @123765 @TwitterSupport Dear @TwitterSupport, your attention is needed here so do help him as it's really important.",363290,TwitterSupport,Sun Oct 08 18:36:22 +0000 2017,@202075 Thanks for getting in touch. Send us a message and we'll get started helping you out. https://t.co/5TkIRqD4sE,363291
363295,202077,Sun Oct 08 18:26:35 +0000 2017,"@TwitterSupport Hi, I need to take control of a charity account where previous administrator has resigned. She has declined to help. Ideas?",363294,TwitterSupport,Sun Oct 08 18:30:21 +0000 2017,"@202077 Hi there, we're here to help. Please send us a message and we can work on getting this sorted. https://t.co/5TkIRqD4sE",
365170,202504,Sun Oct 08 19:23:42 +0000 2017,@TwitterSupport I need some help reporting @202505,365169,TwitterSupport,Sun Oct 08 19:24:36 +0000 2017,@202504 Thanks for getting in touch. Send us a message and we'll get started helping you out. https://t.co/5TkIRqD4sE,
365172,202506,Sun Oct 08 19:20:06 +0000 2017,Hey @TwitterSupport Just an FYI user @36194 is issuing death threats to NFL players. https://t.co/pPpgtjngxB,365171,TwitterSupport,Sun Oct 08 19:22:17 +0000 2017,"@202506 Hi, please send us a message and we'll look into this with you. https://t.co/5TkIRqD4sE",
365174,202507,Sun Oct 08 18:45:33 +0000 2017,@TwitterSupport help,365173,TwitterSupport,Sun Oct 08 18:56:04 +0000 2017,"@202507 Thanks for reaching out, we are happy to help. Please send us a message and we can get started. https://t.co/5TkIRqD4sE",
368674,182769,Sun Oct 08 21:15:18 +0000 2017,@TwitterSupport help,368673,TwitterSupport,Sun Oct 08 21:18:21 +0000 2017,@182769 Thanks for letting us know about this. Please send us a message and we can begin working on this issue. https://t.co/5TkIRqD4sE,
371397,203962,Sun Oct 08 22:16:46 +0000 2017,Democrat Bot account harassing Trump supporters. @TwitterSupport https://t.co/5vfd8hDV4v,371396,TwitterSupport,Sun Oct 08 22:25:42 +0000 2017,"@203962 Hi, please send us a message and we'll look into this with you. https://t.co/5TkIRqD4sE",
371400,203963,Sun Oct 08 22:06:30 +0000 2017,"@TwitterSupport I have an issue, but I don't know how to handle it. May I have assistance?",371398,TwitterSupport,Sun Oct 08 22:07:58 +0000 2017,@203963 Thanks for getting in touch. Send us a message and we'll get started helping you out. https://t.co/5TkIRqD4sE,371399
371402,203965,Sun Oct 08 22:03:21 +0000 2017,@TwitterSupport How do I report an acct made solely to harass a 15 yr old girl?I've used option to report tweets but the WHOLE acct is awful,371401,TwitterSupport,Sun Oct 08 22:05:05 +0000 2017,@203965 Thanks for getting in touch. Send us a message and we'll get started helping you out. https://t.co/5TkIRqD4sE,
372802,204340,Sun Oct 08 23:25:12 +0000 2017,@TwitterSupport please suspend her shes harassing me!! https://t.co/4L3OsSonjJ,372801,TwitterSupport,Sun Oct 08 23:28:47 +0000 2017,@204340 We are here to help. Please send us a message and we'll get started looking into this for you. https://t.co/5TkIRqD4sE,
372804,204341,Sun Oct 08 22:50:19 +0000 2017,hey @12 @TwitterSupport  please help https://t.co/vYg9L3lg4i,372803,TwitterSupport,Sun Oct 08 22:52:22 +0000 2017,"@204341 Thanks for reaching out, we are happy to help. Please send us a message and we can get started. https://t.co/5TkIRqD4sE",
372806,204342,Sun Oct 08 22:41:01 +0000 2017,need your help @TwitterSupport,372805,TwitterSupport,Sun Oct 08 22:45:38 +0000 2017,@204342 Thanks for getting in touch. Send us a message and we'll get started helping you out. https://t.co/5TkIRqD4sE,
374120,204690,Mon Oct 09 00:31:20 +0000 2017,@TwitterSupport HELP https://t.co/BYBLgeLwwp,374119,TwitterSupport,Mon Oct 09 00:44:34 +0000 2017,@204690 Thanks for getting in touch. Send us a message and we'll get started helping you out. https://t.co/5TkIRqD4sE,
376265,205255,Mon Oct 09 01:34:40 +0000 2017,@123765 @TwitterSupport ^^^ help pls,376264,TwitterSupport,Mon Oct 09 01:58:11 +0000 2017,@205255 Thanks for getting in touch. Send us a message and we'll get started helping you out. https://t.co/5TkIRqD4sE,
376268,205256,Mon Oct 09 01:20:04 +0000 2017,@205257 @205258 @TwitterSupport I'd like to report this tweet as abusive and/or harmful,376267,TwitterSupport,Mon Oct 09 01:52:02 +0000 2017,@205256 Thanks for getting in touch. Send us a message and we'll get started helping you out. https://t.co/5TkIRqD4sE,
376273,205259,Mon Oct 09 01:18:34 +0000 2017,@123765 @TwitterSupport I WOUDL REALLY APPRECIATE SOME HELP HERE!!!,376272,TwitterSupport,Mon Oct 09 01:50:52 +0000 2017,@205259 Thanks for getting in touch. Send us a message and we'll get started helping you out. https://t.co/5TkIRqD4sE,
377917,205678,Mon Oct 09 03:25:08 +0000 2017,@205679 @507 @12 @TwitterSupport He’s a racist. He’s a sexist. He’s directly targeting me and has targeted other and will KEEP DOING IT. Time for a ban. https://t.co/ODljBteN0b,377916,TwitterSupport,Mon Oct 09 03:57:45 +0000 2017,"@205678 Hi, thanks for getting in touch. Please send us a message and we'll get started working through this. https://t.co/5TkIRqD4sE",
381149,206400,Mon Oct 09 09:28:05 +0000 2017,@Twittersupport. The person has been banned from tt twice and has seeked me out to continuously BULLY ME. PLS HANDLE SITUATION https://t.co/oKRO8tVaPh,381144,TwitterSupport,Mon Oct 09 09:35:00 +0000 2017,@206400 Thanks for getting in touch. Send us a message and we'll get started helping you out. https://t.co/5TkIRqD4sE,"381145,381146,381147,381148"
381153,206405,Mon Oct 09 08:29:27 +0000 2017,@TwitterSupport I need help accessing a business account with an out of date phone number from a previous employee,381152,TwitterSupport,Mon Oct 09 08:47:19 +0000 2017,@206405 Thanks for getting in touch. Send us a message and we'll get started helping you out. https://t.co/5TkIRqD4sE,
394013,209343,Mon Oct 09 17:10:45 +0000 2017,@209344 @TwitterSupport being bullied and abused in my happy place,394012,TwitterSupport,Mon Oct 09 17:12:05 +0000 2017,@209343 Thanks for getting in touch. Send us a message and we'll get started helping you out. https://t.co/5TkIRqD4sE,
398976,210350,Fri Oct 20 07:10:05 +0000 2017,help me @TwitterSupport?,398975,TwitterSupport,Fri Oct 20 07:59:11 +0000 2017,"@210350 Hi, please send us a message and we'll look into this with you. https://t.co/5TkIRqD4sE",
398979,210351,Fri Oct 20 05:27:13 +0000 2017,@TwitterSupport help me,398978,TwitterSupport,Fri Oct 20 05:30:05 +0000 2017,@210351 We are here to help. Please send us a message and we'll get started looking into this for you. https://t.co/5TkIRqD4sE,
400727,210778,Mon Oct 09 20:10:27 +0000 2017,"@TwitterSupport The email on my locked account was deleted, so I need to somehow change my email so I can verify and change my password PLEASE HELP",400729,TwitterSupport,Mon Oct 09 20:17:22 +0000 2017,"@210778 Hi there, we're here to help. Please send us a message and we can work on getting this sorted. https://t.co/5TkIRqD4sE","400730,400731"
400728,210778,Mon Oct 09 18:52:08 +0000 2017,@TwitterSupport please help me,400724,TwitterSupport,Mon Oct 09 18:55:23 +0000 2017,@210778 Thanks for getting in touch. Send us a message and we'll get started helping you out. https://t.co/5TkIRqD4sE,"400725,400726,400727"
400733,160872,Mon Oct 09 18:33:13 +0000 2017,@210779 @TwitterSupport pls help he's being racist,400732,TwitterSupport,Mon Oct 09 18:43:49 +0000 2017,@160872 Thanks for getting in touch. Send us a message and we'll get started helping you out. https://t.co/5TkIRqD4sE,
402926,211332,Mon Oct 09 20:15:35 +0000 2017,"@twittersupport The email on my locked account is deleted, so I need to change my email then change my password to fix it. PLEASE HELP",402924,TwitterSupport,Mon Oct 09 20:22:36 +0000 2017,@211332 We are here to help. Please send us a message and we'll get started looking into this for you. https://t.co/5TkIRqD4sE,402925
402929,211333,Mon Oct 09 19:54:11 +0000 2017,"@TwitterSupport Hi, I can't access an account I created years ago (@38532) cause I don’t have access to the email related to it. Help?",402927,TwitterSupport,Mon Oct 09 19:56:27 +0000 2017,"@211333 Hi there, we're here to help. Please send us a message and we can work on getting this sorted. https://t.co/5TkIRqD4sE",402928
402931,211334,Mon Oct 09 19:40:40 +0000 2017,"@211335 @TwitterSupport this person is publicly bullying me, what steps can I take to prevent this?",402930,TwitterSupport,Mon Oct 09 19:42:01 +0000 2017,@211334 Thanks for getting in touch. Send us a message and we'll get started helping you out. https://t.co/5TkIRqD4sE,
404585,211758,Mon Oct 09 21:07:21 +0000 2017,@TwitterSupport a guy has abused me and you have taken no legal action on that what even,404584,TwitterSupport,Mon Oct 09 21:11:10 +0000 2017,"@211758 Hi, thanks for getting in touch. Please send us a message and we'll get started working through this. https://t.co/5TkIRqD4sE",
409204,200233,Mon Oct 09 22:29:57 +0000 2017,@TwitterSupport HELP,409202,TwitterSupport,Mon Oct 09 22:31:37 +0000 2017,"@200233 Hi there, we're here to help. Please send us a message and we can work on getting this sorted. https://t.co/5TkIRqD4sE",409203
410471,212909,Mon Oct 09 23:38:16 +0000 2017,@212910 @TwitterSupport look he’s bullying me,410470,TwitterSupport,Mon Oct 09 23:41:32 +0000 2017,@212909 Thanks for letting us know about this. Please send us a message and we can begin working on this issue. https://t.co/5TkIRqD4sE,
410477,212911,Mon Oct 09 23:33:30 +0000 2017,Help me to get back my account. 😭 @TwitterSupport @19276,410476,TwitterSupport,Mon Oct 09 23:35:50 +0000 2017,"@212911 Hi there, we're here to help. Please send us a message and we can work on getting this sorted. https://t.co/5TkIRqD4sE",
410480,212912,Mon Oct 09 23:28:26 +0000 2017,"@129570 @twittersupport please investigate this user for abusive attacks on others, thanks https://t.co/bRgqG7fyGO",410479,TwitterSupport,Mon Oct 09 23:32:19 +0000 2017,"@212912 Hi, please send us a message and we'll look into this with you. https://t.co/5TkIRqD4sE",
411861,213249,Tue Oct 10 00:22:50 +0000 2017,@213250 @TwitterSupport please help her out,411860,TwitterSupport,Tue Oct 10 00:24:33 +0000 2017,@213249 Thanks for getting in touch. Send us a message and we'll get started helping you out. https://t.co/5TkIRqD4sE,
413010,213577,Tue Oct 10 00:45:00 +0000 2017,@TwitterSupport how to return my twitter account? I do not have access to a recovery account https://t.co/nDIWYodvt8,413009,TwitterSupport,Tue Oct 10 00:50:18 +0000 2017,"@213577 Hi there, we're here to help. Please send us a message and we can work on getting this sorted. https://t.co/5TkIRqD4sE",
413825,213747,Tue Oct 17 02:07:46 +0000 2017,@213748 @213749 @213750 @TwitterSupport help,413824,TwitterSupport,Tue Oct 17 02:14:46 +0000 2017,"@213747 Hi there, we're here to help. Please send us a message and we can work on getting this sorted. https://t.co/5TkIRqD4sE",
416371,213250,Tue Oct 10 02:15:55 +0000 2017,@TwitterSupport help me out please,416370,TwitterSupport,Tue Oct 10 02:22:24 +0000 2017,@213250 We are here to help. Please send us a message and we'll get started looking into this for you. https://t.co/5TkIRqD4sE,
417238,214550,Tue Oct 10 03:05:27 +0000 2017,Can y’all tell him to please leave me alone I’m getting harassed @123765 @TwitterSupport https://t.co/yeljBODfHn,417236,TwitterSupport,Tue Oct 10 03:13:47 +0000 2017,"@214550 Hi, please send us a message and we'll look into this with you. https://t.co/5TkIRqD4sE",417237
422162,215566,Tue Oct 10 09:05:38 +0000 2017,cannot access my other account due to a forgotten password and email linked to the ccount has been closed. help! @TwitterSupport,422161,TwitterSupport,Tue Oct 10 09:17:48 +0000 2017,@215566 Thanks for getting in touch. Send us a message and we'll get started helping you out. https://t.co/5TkIRqD4sE,
422164,215567,Tue Oct 10 08:52:36 +0000 2017,@TwitterSupport ummm I don’t know if you can help with this but I lost the email to one of my accounts and I logged out of it 1/2,422163,TwitterSupport,Tue Oct 10 09:03:42 +0000 2017,"@215567 Hi, please send us a message and we'll look into this with you. https://t.co/5TkIRqD4sE",
426611,216468,Tue Oct 10 11:56:07 +0000 2017,@TwitterSupport We need help with taking down accounts as the persons running them have left our business with all log ins. Thank you,426610,TwitterSupport,Tue Oct 10 12:20:31 +0000 2017,@216468 We are here to help. Please send us a message and we'll get started looking into this for you. https://t.co/5TkIRqD4sE,
432713,217922,Tue Oct 10 14:49:01 +0000 2017,@20149 please help @twittersupport,432712,TwitterSupport,Tue Oct 10 14:51:44 +0000 2017,@217922 Thanks for letting us know. Please send us a message and we'll work on getting this resolved for you. https://t.co/5TkIRqD4sE,
436161,218601,Tue Oct 10 16:46:53 +0000 2017,@218602 Hello @TwitterSupport I’m getting abused please help,436160,TwitterSupport,Tue Oct 10 16:51:10 +0000 2017,@218601 Thanks for getting in touch. Send us a message and we'll get started helping you out. https://t.co/5TkIRqD4sE,
436166,218603,Tue Oct 10 16:07:03 +0000 2017,@TwitterSupport Can you help me out with something?,436165,TwitterSupport,Tue Oct 10 16:12:28 +0000 2017,@218603 Thanks for getting in touch. Send us a message and we'll get started helping you out. https://t.co/5TkIRqD4sE,
438475,219183,Tue Oct 10 17:36:18 +0000 2017,@TwitterSupport I need some help ... help me out,438474,TwitterSupport,Tue Oct 10 17:37:37 +0000 2017,"@219183 Thanks for reaching out, we are happy to help. Please send us a message and we can get started. https://t.co/5TkIRqD4sE",
438477,219184,Tue Oct 10 17:14:10 +0000 2017,@219185 @TwitterSupport this guy is bullying me because im white,438476,TwitterSupport,Tue Oct 10 17:20:33 +0000 2017,"@219184 Hi, please send us a message and we'll look into this with you. https://t.co/5TkIRqD4sE",
438481,219186,Tue Oct 10 16:51:41 +0000 2017,"@TwitterSupport he’s an adult and bullying me, a minor can you suspend him https://t.co/2VueGGNZom",438480,TwitterSupport,Tue Oct 10 17:06:44 +0000 2017,@219186 Thanks for letting us know about this. Please send us a message and we can begin working on this issue. https://t.co/5TkIRqD4sE,
442715,219944,Wed Nov 22 07:38:34 +0000 2017,"@20599  

Kindly your support as soon as possible..

Impersonation ..

@TwitterSupport",442714,TwitterSupport,Wed Nov 22 07:57:32 +0000 2017,"@219944 Hi, thanks for getting in touch. Please send us a message and we'll get started working through this. https://t.co/eXwzpNPj8C",
442717,219945,Wed Nov 22 05:52:55 +0000 2017,@142934 @219946 @142934 @TwitterSupport Please help i’m being harassed,442716,TwitterSupport,Wed Nov 22 05:57:11 +0000 2017,"@219945 Hi, please send us a message and we'll look into this with you. https://t.co/eXwzpNPj8C",
442720,219947,Wed Nov 22 05:48:50 +0000 2017,@219948 @TwitterSupport i’m being HARASSED,442719,TwitterSupport,Wed Nov 22 05:51:05 +0000 2017,@219947 We are here to help. Please send us a message and we'll get started looking into this for you. https://t.co/eXwzpNPj8C,
447732,221079,Thu Nov 30 20:02:00 +0000 2017,@TwitterSupport Help please...,447731,TwitterSupport,Thu Nov 30 20:14:06 +0000 2017,@221079 We are here to help. Please send us a message and we'll get started looking into this for you. https://t.co/eXwzpNPj8C,
447734,221080,Thu Nov 30 19:38:22 +0000 2017,@221081 @TwitterSupport Need help asap,447733,TwitterSupport,Thu Nov 30 19:39:54 +0000 2017,"@221080 Hi, thanks for getting in touch. Please send us a message and we'll get started working through this. https://t.co/eXwzpNPj8C",
447737,221082,Thu Nov 30 19:20:48 +0000 2017,Send help! @TwitterSupport,447736,TwitterSupport,Thu Nov 30 19:26:28 +0000 2017,@221082 We are here to help. Please send us a message and we'll get started looking into this for you. https://t.co/eXwzpNPj8C,
447739,221083,Thu Nov 30 18:46:58 +0000 2017,@TwitterSupport help,447738,TwitterSupport,Thu Nov 30 18:48:53 +0000 2017,@221083 Thanks for letting us know about this. Please send us a message and we can begin working on this issue. https://t.co/eXwzpNPj8C,
447741,221084,Thu Nov 30 18:32:20 +0000 2017,@TwitterSupport can't access my second account. @20794 please help,447740,TwitterSupport,Thu Nov 30 18:39:19 +0000 2017,"@221084 Hi, thanks for getting in touch. Please send us a message and we'll get started working through this. https://t.co/eXwzpNPj8C",
447743,221085,Thu Nov 30 17:47:28 +0000 2017,"@TwitterSupport we would like to access an account: @20792 that was set up by an employee years ago, but we don’t have access to. Can you please delete or help change email?",447742,TwitterSupport,Thu Nov 30 18:04:11 +0000 2017,"@221085 Hi, thanks for getting in touch. Please send us a message and we'll get started working through this. https://t.co/eXwzpNPj8C",
447745,221086,Thu Nov 30 17:22:03 +0000 2017,@221087 @TwitterSupport help,447744,TwitterSupport,Thu Nov 30 17:25:06 +0000 2017,@221086 We are here to help. Please send us a message and we'll get started looking into this for you. https://t.co/eXwzpNPj8C,
447748,221088,Thu Nov 30 17:12:17 +0000 2017,@TwitterSupport Im being bullied https://t.co/8B87C7pHZF,447747,TwitterSupport,Thu Nov 30 17:14:23 +0000 2017,@221088 Thanks for getting in touch. Send us a message and we'll get started helping you out. https://t.co/eXwzpNPj8C,
447750,221089,Thu Nov 30 14:58:51 +0000 2017,@123765 @twittersupport I NEED HELP,447749,TwitterSupport,Thu Nov 30 15:13:58 +0000 2017,"@221089 Hi there, we're here to help. Please send us a message and we can work on getting this sorted. https://t.co/eXwzpNPj8C",
459454,224152,Thu Nov 30 21:23:10 +0000 2017,@224153 @TwitterSupport @TwitterSupport I feel harassed by this user,459453,TwitterSupport,Thu Nov 30 21:25:32 +0000 2017,@224152 Thanks for getting in touch. Send us a message and we'll get started helping you out. https://t.co/eXwzpNPj8C,
459458,224154,Thu Nov 30 20:23:33 +0000 2017,"@TwitterSupport @784 
My mobile no 7058485450 was connected with my this another Twitter account.but my mobile no is changed and I forget my account password.please help me to re-login.
Thanks&amp;Regards 
@21252 https://t.co/55K3QU15k6",459457,TwitterSupport,Thu Nov 30 20:48:24 +0000 2017,@224154 Thanks for letting us know about this! Please send us a message and we'll get started on helping you out. https://t.co/eXwzpNPj8C,
468529,226560,Fri Dec 01 06:11:41 +0000 2017,@TwitterSupport I have a problem can I please get some help?,468528,TwitterSupport,Fri Dec 01 06:20:02 +0000 2017,@226560 Thanks for getting in touch. Send us a message and we'll get started helping you out. https://t.co/eXwzpNPj8C,
468531,226561,Fri Dec 01 05:49:22 +0000 2017,@TwitterSupport I need your help,468530,TwitterSupport,Fri Dec 01 05:59:58 +0000 2017,@226561 Thanks for getting in touch. Send us a message and we'll get started helping you out. https://t.co/eXwzpNPj8C,
468533,226562,Fri Dec 01 04:54:43 +0000 2017,@TwitterSupport I NEED YOUR HELP ASAP PLEASEEE,468532,TwitterSupport,Fri Dec 01 05:15:41 +0000 2017,@226562 We are here to help. Please send us a message and we'll get started looking into this for you. https://t.co/eXwzpNPj8C,
468535,200585,Fri Dec 01 03:17:20 +0000 2017,@21553 @TwitterSupport this fake account is harassing me.,468534,TwitterSupport,Fri Dec 01 03:24:56 +0000 2017,@200585 Thanks for getting in touch. Send us a message and we'll get started helping you out. https://t.co/eXwzpNPj8C,
468538,226563,Fri Dec 01 03:15:24 +0000 2017,@123765 @TwitterSupport this person is harassing me and using offensive language please HELP https://t.co/VzyMKTBiBc,468537,TwitterSupport,Fri Dec 01 03:24:09 +0000 2017,@226563 Thanks for getting in touch. Send us a message and we'll get started helping you out. https://t.co/eXwzpNPj8C,
468540,226564,Fri Dec 01 02:32:58 +0000 2017,@TwitterSupport yall help me out !!!,468539,TwitterSupport,Fri Dec 01 03:12:04 +0000 2017,@21539 Thanks for getting in touch. Send us a message and we'll get started helping you out. https://t.co/eXwzpNPj8C,
476465,160872,Fri Dec 01 08:28:30 +0000 2017,@228237 @TwitterSupport pls help,476464,TwitterSupport,Fri Dec 01 08:32:08 +0000 2017,"@160872 Hi there, we're here to help. Please send us a message and we can work on getting this sorted. https://t.co/eXwzpNPj8C",
487360,230980,Fri Dec 01 12:11:51 +0000 2017,"F A K E.  F R A U D.  F A K E.
WATCHOUT!  Someone is trying to impersonate us.
#FAKE @24555 #FAKE
#TheRealIstanbulThemes is
@230980 
#JustfortheRecord @TwitterSupport https://t.co/3P5Je4qK0Z",487359,TwitterSupport,Fri Dec 01 12:28:20 +0000 2017,@230980 Thanks for getting in touch. Send us a message and we'll get started helping you out. https://t.co/eXwzpNPj8C,
504116,235510,Fri Dec 01 20:15:51 +0000 2017,@235511 @235512 @235513 @TwitterSupport help,504115,TwitterSupport,Fri Dec 01 20:17:31 +0000 2017,@235510 Thanks for getting in touch. Send us a message and we'll get started helping you out. https://t.co/eXwzpNPj8C,
504126,235514,Fri Dec 01 19:53:42 +0000 2017,@123765 @TwitterSupport can someone PLEASE help me with the issue I’m having,504125,TwitterSupport,Fri Dec 01 19:58:28 +0000 2017,@235514 Thanks for getting in touch. Send us a message and we'll get started helping you out. https://t.co/eXwzpNPj8C,
504128,235515,Fri Dec 01 18:53:32 +0000 2017,"Harassment, bullying, physical violence the list is endless @TwitterSupport https://t.co/sBzmbLDEH7",504127,TwitterSupport,Fri Dec 01 18:57:44 +0000 2017,@235515 Thanks for letting us know about this! Please send us a message and we'll get started on helping you out. https://t.co/eXwzpNPj8C,
504130,235516,Fri Dec 01 17:40:44 +0000 2017,@TwitterSupport pls help,504129,TwitterSupport,Fri Dec 01 18:28:03 +0000 2017,@235516 We are here to help. Please send us a message and we'll get started looking into this for you. https://t.co/eXwzpNPj8C,
504133,235517,Fri Dec 01 17:40:36 +0000 2017,@TwitterSupport help,504132,TwitterSupport,Fri Dec 01 18:27:43 +0000 2017,@235517 We are here to help. Please send us a message and we'll get started looking into this for you. https://t.co/eXwzpNPj8C,
504135,235518,Fri Dec 01 17:09:37 +0000 2017,@TwitterSupport help me,504134,TwitterSupport,Fri Dec 01 17:10:16 +0000 2017,@235518 Thanks for getting in touch. Send us a message and we'll get started helping you out. https://t.co/eXwzpNPj8C,
504137,235510,Fri Dec 01 16:44:04 +0000 2017,@TwitterSupport help @TwitterSupport,504136,TwitterSupport,Fri Dec 01 16:46:28 +0000 2017,@235510 Thanks for getting in touch. Send us a message and we'll get started helping you out. https://t.co/eXwzpNPj8C,
516565,239065,Fri Dec 01 23:03:29 +0000 2017,Hello @TwitterSupport :( please help me get back my twitter account i do really want it back po pls :(,516564,TwitterSupport,Fri Dec 01 23:05:19 +0000 2017,@239065 We are here to help. Please send us a message and we'll get started looking into this for you. https://t.co/eXwzpNPj8C,
516567,177929,Fri Dec 01 21:04:40 +0000 2017,i am being targeted please help me @TwitterSupport delete this tweet or i am comitting suicide https://t.co/J7h0PqZ7fz,516566,TwitterSupport,Fri Dec 01 21:21:29 +0000 2017,@177929 Thanks for getting in touch. Send us a message and we'll get started helping you out. https://t.co/eXwzpNPj8C,
524814,241372,Sat Dec 02 04:11:39 +0000 2017,@TwitterSupport Help me in this please.,524813,TwitterSupport,Sat Dec 02 04:16:07 +0000 2017,@241372 Thanks for getting in touch. Send us a message and we'll get started helping you out. https://t.co/eXwzpNPj8C,
524817,241373,Sat Dec 02 03:55:24 +0000 2017,@TwitterSupport I NEED YOUR HELP PLEASE,524816,TwitterSupport,Sat Dec 02 04:05:34 +0000 2017,@241373 We are here to help. Please send us a message and we'll get started looking into this for you. https://t.co/eXwzpNPj8C,
524819,241374,Sat Dec 02 02:54:20 +0000 2017,@TwitterSupport please help 😪,524818,TwitterSupport,Sat Dec 02 03:15:49 +0000 2017,"@241374 Hi there, we're here to help. Please send us a message and we can work on getting this sorted. https://t.co/eXwzpNPj8C",
549970,248088,Sat Dec 02 18:03:38 +0000 2017,@TwitterSupport harassing someone with special needs. https://t.co/mgLOdud6D3,549969,TwitterSupport,Sat Dec 02 18:07:44 +0000 2017,@248088 Thanks for letting us know about this. Please send us a message and we can begin working on this issue. https://t.co/eXwzpNPj8C,
562357,251582,Sat Dec 02 22:47:07 +0000 2017,@TwitterSupport help,562356,TwitterSupport,Sat Dec 02 22:54:06 +0000 2017,@251582 We are here to help. Please send us a message and we'll get started looking into this for you. https://t.co/eXwzpNPj8C,
562359,251583,Sat Dec 02 22:39:33 +0000 2017,This account is abusive @12 @TwitterSupport https://t.co/5EVYLAoaWV,562358,TwitterSupport,Sat Dec 02 22:52:30 +0000 2017,@251583 Thanks for letting us know about this! Please send us a message and we'll get started on helping you out. https://t.co/eXwzpNPj8C,
562362,251584,Sat Dec 02 20:48:43 +0000 2017,@123765 @TwitterSupport HELP ME,562361,TwitterSupport,Sat Dec 02 20:54:24 +0000 2017,@251584 We are here to help. Please send us a message and we'll get started looking into this for you. https://t.co/eXwzpNPj8C,
562364,251585,Sat Dec 02 19:33:28 +0000 2017,I am being cyber bullied by this account right here @TwitterSupport https://t.co/y0Nw9O0vdd,562363,TwitterSupport,Sat Dec 02 19:35:00 +0000 2017,@251585 Thanks for getting in touch. Send us a message and we'll get started helping you out. https://t.co/eXwzpNPj8C,
562366,251586,Sat Dec 02 19:20:20 +0000 2017,@251587 please help @TwitterSupport,562365,TwitterSupport,Sat Dec 02 19:22:58 +0000 2017,@251586 Thanks for getting in touch. Send us a message and we'll get started helping you out. https://t.co/eXwzpNPj8C,
570395,253907,Sun Dec 03 02:12:06 +0000 2017,@TwitterSupport help,570394,TwitterSupport,Sun Dec 03 02:36:33 +0000 2017,"@253907 Hi there, we're here to help. Please send us a message and we can work on getting this sorted. https://t.co/eXwzpNPj8C",
570397,253908,Sun Dec 03 01:21:02 +0000 2017,@253909 @TwitterSupport @12 help. Pls.,570396,TwitterSupport,Sun Dec 03 01:37:51 +0000 2017,@253908 We are here to help. Please send us a message and we'll get started looking into this for you. https://t.co/eXwzpNPj8C,
570402,253910,Sat Dec 02 23:49:25 +0000 2017,"@TwitterSupport ... racist slurs, profanity https://t.co/QYWUtAN3X9",570401,TwitterSupport,Sat Dec 02 23:54:12 +0000 2017,@253910 Thanks for letting us know about this. Please send us a message and we can begin working on this issue. https://t.co/eXwzpNPj8C,
575617,226561,Sun Dec 03 07:25:56 +0000 2017,@TwitterSupport please help,575616,TwitterSupport,Sun Dec 03 07:44:03 +0000 2017,"@226561 Hi there, we're here to help. Please send us a message and we can work on getting this sorted. https://t.co/eXwzpNPj8C",
575619,255445,Sun Dec 03 07:04:46 +0000 2017,@TwitterSupport Please help. https://t.co/gPBiAkUEGx,575618,TwitterSupport,Sun Dec 03 07:24:59 +0000 2017,@255445 Thanks for letting us know about this. Please send us a message and we can begin working on this issue. https://t.co/eXwzpNPj8C,
575621,255446,Sun Dec 03 05:49:51 +0000 2017,HELP! @TwitterSupport https://t.co/jzg49QwsyO,575620,TwitterSupport,Sun Dec 03 06:37:55 +0000 2017,@255446 Thanks for getting in touch. Send us a message and we'll get started helping you out. https://t.co/eXwzpNPj8C,
591988,260098,Sun Dec 03 13:42:16 +0000 2017,Help @TwitterSupport,591987,TwitterSupport,Sun Dec 03 14:31:18 +0000 2017,@260098 Thanks for letting us know about this! Please send us a message and we'll get started on helping you out. https://t.co/eXwzpNxIh4,
59499,129568,Wed Nov 01 19:48:59 +0000 2017,@TwitterSupport  hii I need your help,59498,TwitterSupport,Wed Nov 01 19:53:45 +0000 2017,@129568 We are here to help. Please send us a message and we'll get started looking into this for you. https://t.co/eXwzpNPj8C,
59501,129569,Wed Nov 01 18:28:22 +0000 2017,@TwitterSupport @129570 please cancel this users account for threatening me with bodily injury. https://t.co/UlA0jQmmCN,59500,TwitterSupport,Wed Nov 01 18:34:20 +0000 2017,@129569 We are here to help. Please send us a message and we'll get started looking into this for you. https://t.co/eXwzpNPj8C,
602217,262950,Sun Dec 03 19:58:46 +0000 2017,@TwitterSupport I need help deleting an old account!,602216,TwitterSupport,Sun Dec 03 19:59:58 +0000 2017,@262950 Thanks for getting in touch. Send us a message and we'll get started helping you out. https://t.co/eXwzpNxIh4,
602219,262951,Sun Dec 03 19:53:22 +0000 2017,Help me out @TwitterSupport,602218,TwitterSupport,Sun Dec 03 19:55:11 +0000 2017,@262951 Thanks for getting in touch. Send us a message and we'll get started helping you out. https://t.co/eXwzpNxIh4,
602221,262952,Sun Dec 03 17:41:00 +0000 2017,@262953 @twittersupport hello? im a jewish woman and this biphobic user is harassing me. please delete her account.,602220,TwitterSupport,Sun Dec 03 17:42:03 +0000 2017,@262952 Thanks for getting in touch. Send us a message and we'll get started helping you out. https://t.co/eXwzpNxIh4,
607626,264414,Mon Oct 02 01:55:47 +0000 2017,gO AWAY @TwitterSupport MISTY IS HARRASSING ME https://t.co/pcF9sHWMSS,607625,TwitterSupport,Mon Oct 02 02:18:21 +0000 2017,@264414 Thanks for getting in touch. Send us a message and we'll get started helping you out. https://t.co/5TkIRqD4sE,
609275,264833,Wed Nov 22 10:58:25 +0000 2017,Hi @TwitterSupport I was harassed,609274,TwitterSupport,Wed Nov 22 11:29:21 +0000 2017,"@264833 Thanks for reaching out, we are happy to help. Please send us a message and we can get started. https://t.co/eXwzpNPj8C",
612784,265737,Wed Oct 04 17:06:51 +0000 2017,@TwitterSupport I have a question about abusive behavior and what to do about it. Someone is harassing me since months and I'd like help.,612783,TwitterSupport,Wed Oct 04 17:20:16 +0000 2017,"@265737 Hi there, we're here to help. Please send us a message and we can work on getting this sorted. https://t.co/5TkIRqD4sE",
612787,265738,Wed Oct 04 03:01:00 +0000 2017,@265740 @265741 @193574 @TwitterSupport how do I block a twitter account? I'm being bullied,612785,TwitterSupport,Wed Oct 04 03:32:20 +0000 2017,"@265738 Hi, please send us a message and we'll look into this with you. https://t.co/5TkIRqD4sE",612786
612798,265742,Tue Oct 03 19:41:28 +0000 2017,"@794 @82582 @34889
Please Suspend https://t.co/4kFkGK1G3U
Spewing Hate on White Trump supporters.
Thank you 👊💥
@82583 @265743 https://t.co/xV7qOQPuO9",612797,TwitterSupport,Tue Oct 03 19:58:38 +0000 2017,"@265742 Hi, please send us a message and we'll look into this with you. https://t.co/5TkIRqD4sE",
612800,265744,Tue Oct 03 16:08:59 +0000 2017,@123765 @TwitterSupport @784 Please take necessary action for using abusive language to keep twitter a better platform for all. 🙏 https://t.co/ytLL7wmuTI,612799,TwitterSupport,Tue Oct 03 16:20:02 +0000 2017,"@265744 Thanks for reaching out, we are happy to help. Please send us a message and we can get started. https://t.co/5TkIRqD4sE",
613052,265768,Tue Oct 03 01:54:54 +0000 2017,@TwitterSupport I need help because this is my second account and I got locked out of my main account and was wondering if I could get help on gaining that account back.,613051,TwitterSupport,Tue Oct 03 02:29:49 +0000 2017,"@265768 Hi there, we're here to help. Please send us a message and we can work on getting this sorted. https://t.co/5TkIRqD4sE",
613123,265792,Mon Oct 02 21:03:19 +0000 2017,@TwitterSupport Any help on this? I've been trying for about a week now. Thanks!,613122,TwitterSupport,Mon Oct 02 21:07:43 +0000 2017,@265792 Thanks for getting in touch. Send us a message and we'll get started helping you out. https://t.co/5TkIRqD4sE,
613332,265849,Mon Oct 02 17:33:35 +0000 2017,@265850 @TwitterSupport he called me a faggot omg help,613331,TwitterSupport,Mon Oct 02 17:41:40 +0000 2017,@265849 Thanks for getting in touch. Send us a message and we'll get started helping you out. https://t.co/5TkIRqD4sE,
613343,265851,Mon Oct 02 16:43:44 +0000 2017,hello @TwitterSupport i need your help,613342,TwitterSupport,Mon Oct 02 16:44:38 +0000 2017,"@265851 Hi there, we're here to help. Please send us a message and we can work on getting this sorted. https://t.co/5TkIRqD4sE",
633377,270119,Wed Nov 22 14:22:33 +0000 2017,"@270120 @TwitterSupport hey, I blocked this girl but she's still harassing me",633376,TwitterSupport,Wed Nov 22 14:41:13 +0000 2017,"@270119 Hi there, we're here to help. Please send us a message and we can work on getting this sorted. https://t.co/eXwzpNPj8C",
633380,270121,Wed Nov 22 13:14:02 +0000 2017,@270122 @TwitterSupport URGENT: Please help ASAP,633379,TwitterSupport,Wed Nov 22 13:29:43 +0000 2017,"@270121 Hi there, we're here to help. Please send us a message and we can work on getting this sorted. https://t.co/eXwzpNPj8C",
635131,248088,Sat Dec 02 17:27:35 +0000 2017,@TwitterSupport harassing a disabled person. https://t.co/kQgx0bxOXx,635130,TwitterSupport,Sat Dec 02 17:55:14 +0000 2017,@248088 We are here to help. Please send us a message and we'll get started looking into this for you. https://t.co/eXwzpNPj8C,
635135,235515,Sat Dec 02 17:23:27 +0000 2017,@TwitterSupport he's bullying me https://t.co/fkEaM93po9,635134,TwitterSupport,Sat Dec 02 17:52:15 +0000 2017,@235515 We are here to help. Please send us a message and we'll get started looking into this for you. https://t.co/eXwzpNPj8C,
638579,271449,Mon Oct 02 16:22:53 +0000 2017,"This account directs violence at journalists 
@12
@TwitterSupport https://t.co/tFIQzl7S60",638578,TwitterSupport,Mon Oct 02 16:23:40 +0000 2017,@271449 We are here to help. Please send us a message and we'll get started looking into this for you. https://t.co/5TkIRqD4sE,
641630,272283,Wed Nov 22 17:56:58 +0000 2017,@TwitterSupport I need some help,641629,TwitterSupport,Wed Nov 22 18:26:28 +0000 2017,@272283 We are here to help. Please send us a message and we'll get started looking into this for you. https://t.co/eXwzpNPj8C,
660094,TwitterSupport,Thu Aug 27 16:49:36 +0000 2015,Some Twitter users may be experiencing an issue with inaccurate follower counts. We are currently investigating this issue.,660086,TwitterSupport,Fri Aug 28 23:06:13 +0000 2015,The issue with inaccurate follower count is now resolved. Thanks for your patience!,"660087,660088,660089,660090,660091,660092,660093"
661160,277541,Wed Nov 22 23:18:21 +0000 2017,@277542 @TwitterSupport this person is racist,661159,TwitterSupport,Wed Nov 22 23:28:36 +0000 2017,@277541 We'd be happy to look into this for you. Please send us a message and we can get started working through this. https://t.co/eXwzpNPj8C,
661165,277543,Wed Nov 22 22:15:41 +0000 2017,@277544 @277545 @12 @TwitterSupport hepl,661164,TwitterSupport,Wed Nov 22 22:20:06 +0000 2017,@277543 We are here to help. Please send us a message and we'll get started looking into this for you. https://t.co/eXwzpNPj8C,
670335,279897,Thu Nov 23 04:38:19 +0000 2017,@TwitterSupport i need help!,670334,TwitterSupport,Thu Nov 23 04:48:09 +0000 2017,@279897 Thanks for getting in touch. Send us a message and we'll get started helping you out. https://t.co/eXwzpNPj8C,
670337,279898,Thu Nov 23 03:41:04 +0000 2017,"@279899 This minor is harassing me, @TwitterSupport",670336,TwitterSupport,Thu Nov 23 04:10:28 +0000 2017,@279898 Thanks for getting in touch. Send us a message and we'll get started helping you out. https://t.co/eXwzpNPj8C,
670342,279900,Thu Nov 23 02:53:09 +0000 2017,@TwitterSupport help i am in need of assistance,670341,TwitterSupport,Thu Nov 23 03:26:12 +0000 2017,@279900 Thanks for getting in touch. Send us a message and we'll get started helping you out. https://t.co/eXwzpNPj8C,
670344,279901,Thu Nov 23 03:18:48 +0000 2017,@TwitterSupport i need help please,670343,TwitterSupport,Thu Nov 23 03:22:46 +0000 2017,@279901 Thanks for getting in touch. Send us a message and we'll get started helping you out. https://t.co/eXwzpNPj8C,
670346,279902,Thu Nov 23 02:24:35 +0000 2017,@TwitterSupport hi i need some help,670345,TwitterSupport,Thu Nov 23 02:32:15 +0000 2017,@279902 Thanks for getting in touch. Send us a message and we'll get started helping you out. https://t.co/eXwzpNPj8C,
680993,282516,Sat Nov 25 04:20:53 +0000 2017,this man is threatening me! I’m uncomfortable @TwitterSupport https://t.co/WlFnxCzBJO,680992,TwitterSupport,Sat Nov 25 04:35:56 +0000 2017,@282516 Thanks for getting in touch. Send us a message and we'll get started helping you out. https://t.co/eXwzpNPj8C,
680995,282517,Sat Nov 25 03:52:03 +0000 2017,@282518 this man is telling me to kill my self pls help @TwitterSupport,680994,TwitterSupport,Sat Nov 25 04:32:26 +0000 2017,@282517 Thanks for getting in touch. Send us a message and we'll get started helping you out. https://t.co/eXwzpNPj8C,
681000,282519,Sat Nov 25 03:07:45 +0000 2017,@282520 @TwitterSupport help,680999,TwitterSupport,Sat Nov 25 03:32:07 +0000 2017,@282519 Thanks for getting in touch. Send us a message and we'll get started helping you out. https://t.co/eXwzpNPj8C,
684173,283297,Thu Oct 05 18:34:00 +0000 2017,@TwitterSupport Still need help with account recovering.,684172,TwitterSupport,Thu Oct 05 18:35:04 +0000 2017,@283297 We are here to help. Please send us a message and we'll get started looking into this for you. https://t.co/5TkIRqD4sE,
696329,286145,Thu Oct 05 22:41:22 +0000 2017,@TwitterSupport i want poncho blazin removed from twitter and i want it done now.he is harassing me.,696328,TwitterSupport,Thu Oct 05 22:42:56 +0000 2017,"@286145 Hi, thanks for getting in touch. Please send us a message and we'll get started working through this. https://t.co/5TkIRqD4sE",
697725,286464,Tue Oct 10 18:38:27 +0000 2017,@286466 @286467 @TwitterSupport racist shocking and vile,697723,TwitterSupport,Tue Oct 10 18:39:49 +0000 2017,"@286464 Hi there, we're here to help. Please send us a message and we can work on getting this sorted. https://t.co/5TkIRqD4sE",697724
697760,177917,Tue Oct 10 18:11:11 +0000 2017,"@TwitterSupport I need some help accessing an account that I forgot my password to. I need to speak to somebody, as the password reset won't",697759,TwitterSupport,Tue Oct 10 18:23:01 +0000 2017,"@177917 Hi, thanks for getting in touch. Please send us a message and we'll get started working through this. https://t.co/5TkIRqD4sE",
697762,176984,Tue Oct 10 18:00:47 +0000 2017,"@TwitterSupport for some reason last night, I was not able to log in with my password",697761,TwitterSupport,Tue Oct 10 18:04:11 +0000 2017,"@176984 Hi there, we're here to help. Please send us a message and we can work on getting this sorted. https://t.co/5TkIRqD4sE",
700981,287324,Fri Oct 06 00:25:27 +0000 2017,@TwitterSupport I’m being bullied,700980,TwitterSupport,Fri Oct 06 00:28:49 +0000 2017,@287324 We are here to help. Please send us a message and we'll get started looking into this for you. https://t.co/5TkIRqD4sE,
707786,198128,Tue Oct 10 19:16:23 +0000 2017,Attention @TwitterSupport please end this man's reign of violence https://t.co/Ct2nZ5Yp2M,707785,TwitterSupport,Tue Oct 10 19:27:20 +0000 2017,"@198128 Hi, please send us a message and we'll look into this with you. https://t.co/5TkIRqD4sE",
707789,289207,Tue Oct 10 18:57:19 +0000 2017,@TwitterSupport Hi i need help with a old account but i cannot submit a request as i don't have access to the email linked to the account,707788,TwitterSupport,Tue Oct 10 19:11:34 +0000 2017,"@289207 Hi there, we're here to help. Please send us a message and we can work on getting this sorted. https://t.co/5TkIRqD4sE",
718012,291931,Wed Oct 11 00:04:01 +0000 2017,@TwitterSupport I got a question,718011,TwitterSupport,Wed Oct 11 00:07:22 +0000 2017,@291931 Thanks for getting in touch. Send us a message and we'll get started helping you out. https://t.co/5TkIRqD4sE,
721225,292643,Wed Oct 11 00:58:16 +0000 2017,"@123765 @292644 @TwitterSupport 
Wow... 290 votes... y'all really support bullying don't ya? https://t.co/GAVWW2SF6G",721224,TwitterSupport,Wed Oct 11 01:15:21 +0000 2017,@292643 Thanks for letting us know. Please send us a message and we'll work on getting this resolved for you. https://t.co/5TkIRqD4sE,
721227,292645,Wed Oct 11 00:52:05 +0000 2017,@TwitterSupport can you please help me get into my old account it’s locked and I never get the emailed link when I ask for it,721226,TwitterSupport,Wed Oct 11 01:03:24 +0000 2017,"@292645 Hi, please send us a message and we'll look into this with you. https://t.co/5TkIRqD4sE",
723244,293187,Wed Oct 11 02:12:18 +0000 2017,Are you fucking threatening to kill and bury me!?? I'm reporting your ass to @123765 @TwitterSupport https://t.co/Jl7t7FLnV6,723243,TwitterSupport,Wed Oct 11 02:28:06 +0000 2017,@293187 Thanks for getting in touch. Send us a message and we'll get started helping you out. https://t.co/5TkIRqD4sE,
723882,293351,Fri Oct 06 15:00:54 +0000 2017,"@TwitterSupport: @14644 is impersonating me on @123765 and illegally using my name, website, telephone number &amp; images. #NASAdemos",723881,TwitterSupport,Fri Oct 06 15:22:56 +0000 2017,"@293351 Hi, please send us a message and we'll look into this with you. https://t.co/5TkIRqD4sE",
724528,293531,Wed Oct 11 03:44:45 +0000 2017,@TwitterSupport PLEASE SHUT THIS ACCOUNT DOWN IM BEING HARASSED https://t.co/C8SmDd8lgm,724526,TwitterSupport,Wed Oct 11 03:52:50 +0000 2017,@293531 Thanks for getting in touch. Send us a message and we'll get started helping you out. https://t.co/5TkIRqUFRe,724527
724530,293533,Wed Oct 11 02:48:41 +0000 2017,@211710 @TwitterSupport help??,724529,TwitterSupport,Wed Oct 11 03:49:18 +0000 2017,@293533 Thanks for getting in touch. Send us a message and we'll get started helping you out. https://t.co/5TkIRqUFRe,
726076,293928,Wed Oct 11 04:28:53 +0000 2017,@TwitterSupport help me https://t.co/KljZRsszZw,726075,TwitterSupport,Wed Oct 11 04:34:56 +0000 2017,"@293928 Hi there, we're here to help. Please send us a message and we can work on getting this sorted. https://t.co/5TkIRqUFRe",
726078,293929,Wed Oct 11 04:13:05 +0000 2017,@293930 @TwitterSupport pls delete her account I’m being bullied,726077,TwitterSupport,Wed Oct 11 04:15:58 +0000 2017,@293929 We are here to help. Please send us a message and we'll get started looking into this for you. https://t.co/5TkIRqUFRe,
726916,294125,Wed Oct 11 05:12:19 +0000 2017,@123765 @TwitterSupport she has been cyber bullying me for weeks and I’ve consider suicide twice. https://t.co/ULmtyWLtgu,726915,TwitterSupport,Wed Oct 11 05:19:25 +0000 2017,@294125 Thanks for getting in touch. Send us a message and we'll get started helping you out. https://t.co/5TkIRqUFRe,
727764,294338,Wed Oct 11 06:09:01 +0000 2017,@TwitterSupport someone needs to contact me about business acct - prev contact died and we need access - epwrc7,727763,TwitterSupport,Wed Oct 11 06:24:21 +0000 2017,"@294338 Hi, please send us a message and we'll look into this with you. https://t.co/5TkIRqD4sE",
736885,296259,Sun Nov 05 02:37:32 +0000 2017,"@296260 @296261 Hey @TwitterSupport, there’s some cyber bullying occurring and I am a victim! Thanks for your attention with this issue!",736884,TwitterSupport,Sun Nov 05 03:33:07 +0000 2017,"@296259 Hi, thanks for getting in touch. Please send us a message and we'll get started working through this. https://t.co/eXwzpNPj8C",
736888,296262,Sun Nov 05 02:24:41 +0000 2017,@TwitterSupport aye help me,736887,TwitterSupport,Sun Nov 05 03:25:31 +0000 2017,"@296262 Thanks for reaching out, we are happy to help. Please send us a message and we can get started. https://t.co/eXwzpNPj8C",
737000,296290,Wed Oct 11 11:20:07 +0000 2017,@TwitterSupport hi can you help me please,736999,TwitterSupport,Wed Oct 11 11:26:52 +0000 2017,"@296290 Hi there, we're here to help. Please send us a message and we can work on getting this sorted. https://t.co/5TkIRqD4sE",
744045,297910,Wed Oct 11 15:56:19 +0000 2017,@TwitterSupport can you please help me!,744044,TwitterSupport,Wed Oct 11 15:59:56 +0000 2017,"@297910 Hi there, we're here to help. Please send us a message and we can work on getting this sorted. https://t.co/5TkIRqD4sE",
744047,297911,Wed Oct 11 15:20:20 +0000 2017,@TwitterSupport sos help me,744046,TwitterSupport,Wed Oct 11 15:41:33 +0000 2017,"@297911 Hi there, we're here to help. Please send us a message and we can work on getting this sorted. https://t.co/5TkIRqD4sE",
744050,297912,Wed Oct 11 15:20:57 +0000 2017,@297913 Hello @TwitterSupport please suspend this account for bullying!!,744049,TwitterSupport,Wed Oct 11 15:40:03 +0000 2017,@297912 Thanks for letting us know. Please send us a message and we'll work on getting this resolved for you. https://t.co/5TkIRqD4sE,
746768,298520,Sat Oct 07 00:11:40 +0000 2017,@298521 @123765 @TwitterSupport i’m being harassed,746767,TwitterSupport,Sat Oct 07 00:14:37 +0000 2017,"@298520 Hi there, we're here to help. Please send us a message and we can work on getting this sorted. https://t.co/5TkIRqD4sE",
766835,303265,Wed Oct 11 21:19:20 +0000 2017,It's been OVER A MONTH and yet death threats and my home address is still live on @123765 What a joke @TwitterSupport is!!,766834,TwitterSupport,Wed Oct 11 21:23:02 +0000 2017,@303265 Thanks for getting in touch. Send us a message and we'll get started helping you out. https://t.co/5TkIRqD4sE,
766840,303267,Wed Oct 11 21:00:55 +0000 2017,@TwitterSupport I need help with a password to another account,766839,TwitterSupport,Wed Oct 11 21:06:27 +0000 2017,@303267 We are here to help. Please send us a message and we'll get started looking into this for you. https://t.co/5TkIRqD4sE,
766843,303268,Wed Oct 11 20:56:18 +0000 2017,@TwitterSupport Can someone please contact me?,766841,TwitterSupport,Wed Oct 11 21:04:47 +0000 2017,@303268 Thanks for getting in touch. Send us a message and we'll get started helping you out. https://t.co/5TkIRqD4sE,766842
771647,304303,Wed Oct 11 22:50:43 +0000 2017,please @123765 @TwitterSupport take this disrespectful and harassing user off this platform https://t.co/XwBnCZQkgv,771645,TwitterSupport,Wed Oct 11 23:07:23 +0000 2017,@304303 Thanks for getting in touch. Send us a message and we'll get started helping you out. https://t.co/5TkIRqD4sE,771646
777513,305618,Thu Oct 12 02:57:31 +0000 2017,"@TwitterSupport I set up an account for TheMarketHub using the same email address/password, but have lost access to manage @43772",777512,TwitterSupport,Thu Oct 12 03:06:03 +0000 2017,"@305618 Hi, please send us a message and we'll look into this with you. https://t.co/5TkIRqD4sE",
778098,305776,Thu Nov 30 22:43:15 +0000 2017,@TwitterSupport can you help me please,778097,TwitterSupport,Thu Nov 30 23:19:42 +0000 2017,@305776 We are here to help. Please send us a message and we'll get started looking into this for you. https://t.co/eXwzpNPj8C,
778132,305791,Thu Nov 30 23:15:05 +0000 2017,"@TwitterSupport 
@21248 is a troll account, using a Russian IP address to spread hate-speech, misinformation and white nationalist hate-speech.
Thank you for looking into this.
Have a wonderful day.",778131,TwitterSupport,Thu Nov 30 23:18:55 +0000 2017,@305791 We'd be happy to look into this for you. Please send us a message and we can get started working through this. https://t.co/eXwzpNPj8C,
778183,305801,Thu Nov 30 23:17:00 +0000 2017,@TwitterSupport  @305802 How do you allow this ? This account is nothing but racist  hate spreading propaganda targeting muslims This clearly violates @123765 TOS Do something.,778182,TwitterSupport,Thu Nov 30 23:18:15 +0000 2017,"@305801 Hi, thanks for getting in touch. Please send us a message and we'll get started working through this. https://t.co/eXwzpNPj8C",
778193,305806,Thu Nov 30 22:30:35 +0000 2017,@305807 @TwitterSupport i’d like to report bullying and abuse,778192,TwitterSupport,Thu Nov 30 23:17:42 +0000 2017,"@305806 Hi there, we're here to help. Please send us a message and we can work on getting this sorted. https://t.co/eXwzpNPj8C",
778231,305791,Thu Nov 30 22:58:11 +0000 2017,"@TwitterSupport 
@21249 is a troll bot account, working out of a Russian IP address.
It is only used for hate-speech re-tweets and white nationalist propaganda.
Thank you for looking onto this.
Have a great evening.",778230,TwitterSupport,Thu Nov 30 23:01:07 +0000 2017,"@305791 Hi, thanks for getting in touch. Please send us a message and we'll get started working through this. https://t.co/eXwzpNPj8C",
778243,305822,Thu Nov 30 21:57:29 +0000 2017,@305823 @TwitterSupport help,778242,TwitterSupport,Thu Nov 30 22:08:07 +0000 2017,@305822 We are here to help. Please send us a message and we'll get started looking into this for you. https://t.co/eXwzpNPj8C,
778269,305834,Thu Nov 30 21:24:25 +0000 2017,@305835 this xenophobia! please help me @TwitterSupport,778268,TwitterSupport,Thu Nov 30 21:26:51 +0000 2017,@305834 Thanks for getting in touch. Send us a message and we'll get started helping you out. https://t.co/eXwzpNPj8C,
779912,217922,Thu Oct 12 04:48:24 +0000 2017,@20149 please help @TwitterSupport,779911,TwitterSupport,Thu Oct 12 04:51:25 +0000 2017,@217922 We are here to help. Please send us a message and we'll get started looking into this for you. https://t.co/5TkIRqD4sE,
779915,306229,Thu Oct 12 04:35:47 +0000 2017,"Hello @TwitterSupport , I’d like to report an account, @43896 , for abuse.",779914,TwitterSupport,Thu Oct 12 04:39:22 +0000 2017,@306229 Thanks for getting in touch. Send us a message and we'll get started helping you out. https://t.co/5TkIRqD4sE,
780566,306372,Sat Oct 07 20:07:09 +0000 2017,"@306373 what is so wrong with us trans females having sex,  we get harassed by your supporters @12 @507 @TwitterSupport https://t.co/Ke80kyFT0v",780565,TwitterSupport,Sat Oct 07 20:08:40 +0000 2017,@306372 Thanks for letting us know about this. Please send us a message and we can begin working on this issue. https://t.co/5TkIRqD4sE,
780568,306374,Sat Oct 07 20:03:19 +0000 2017,@TwitterSupport bullying account https://t.co/1xZRqCpK1w,780567,TwitterSupport,Sat Oct 07 20:05:03 +0000 2017,@306374 We are here to help. Please send us a message and we'll get started looking into this for you. https://t.co/5TkIRqD4sE,
781864,306655,Thu Oct 12 05:52:51 +0000 2017,"Please @TwitterSupport, validate my email. I swear that isn't fake :P",781863,TwitterSupport,Thu Oct 12 06:14:12 +0000 2017,@306655 Thanks for getting in touch. Send us a message and we'll get started helping you out. https://t.co/5TkIRqD4sE,
783973,307116,Sat Oct 07 21:07:23 +0000 2017,@TwitterSupport help https://t.co/3xGJtLtrYH,783972,TwitterSupport,Sat Oct 07 21:11:30 +0000 2017,@307116 Thanks for getting in touch. Send us a message and we'll get started helping you out. https://t.co/5TkIRqD4sE,
785024,307330,Thu Oct 12 07:15:44 +0000 2017,@TwitterSupport help https://t.co/4xY598LrN2,785023,TwitterSupport,Thu Oct 12 07:26:14 +0000 2017,@307330 Thanks for getting in touch. Send us a message and we'll get started helping you out. https://t.co/5TkIRqD4sE,
793174,309129,Sun Oct 08 02:01:17 +0000 2017,@309130 @TwitterSupport i’m being harassed please suspend this acc,793173,TwitterSupport,Sun Oct 08 02:10:43 +0000 2017,"@309129 Hi, please send us a message and we'll look into this with you. https://t.co/5TkIRqD4sE",
795653,309713,Thu Oct 12 11:19:09 +0000 2017,@309714 Oh ok @TwitterSupport can you help us?,795652,TwitterSupport,Thu Oct 12 14:07:21 +0000 2017,"@309713 Hi, please send us a message and we'll look into this with you. https://t.co/5TkIRqD4sE",
795668,309715,Thu Oct 12 11:04:31 +0000 2017,i’m being bullied by this lesbian @TwitterSupport https://t.co/mlyJaFfrjM,795667,TwitterSupport,Thu Oct 12 13:56:01 +0000 2017,"@309715 Thanks for reaching out, we are happy to help. Please send us a message and we can get started. https://t.co/5TkIRqD4sE",
802221,311174,Thu Oct 12 15:12:09 +0000 2017,@TwitterSupport Please take a note on such abusive tweets 👇 https://t.co/voj5Iz0UJC,802220,TwitterSupport,Thu Oct 12 16:12:17 +0000 2017,"@311174 Hi, thanks for getting in touch. Please send us a message and we'll get started working through this. https://t.co/5TkIRqD4sE",
807168,312338,Thu Oct 12 17:53:24 +0000 2017,i need your help @TwitterSupport,807167,TwitterSupport,Thu Oct 12 17:58:57 +0000 2017,"@312338 Hi there, we're here to help. Please send us a message and we can work on getting this sorted. https://t.co/5TkIRqD4sE",
807170,312339,Thu Oct 12 17:41:50 +0000 2017,@312340 @312341 @312342 This is a FAKE account created to harass a woman. Reported to @794.,807169,TwitterSupport,Thu Oct 12 17:45:27 +0000 2017,@312339 Thanks for getting in touch. Send us a message and we'll get started helping you out. https://t.co/5TkIRqD4sE,
807181,177278,Thu Oct 12 17:36:59 +0000 2017,"She's threatening me again, @129570 @TwitterSupport. https://t.co/dOKvnk2EGP",807180,TwitterSupport,Thu Oct 12 17:44:19 +0000 2017,@177278 Thanks for getting in touch. Send us a message and we'll get started helping you out. https://t.co/5TkIRqD4sE,
813117,313756,Thu Oct 12 19:37:31 +0000 2017,You still have not removed this account which impersonates me @123765 @TwitterSupport @12 Please do so https://t.co/lKUhHWpzVO,813115,TwitterSupport,Thu Oct 12 19:47:43 +0000 2017,"@313756 Hi, thanks for getting in touch. Please send us a message and we'll get started working through this. https://t.co/5TkIRqD4sE",813116
813119,313758,Thu Oct 12 19:32:04 +0000 2017,@TwitterSupport @313759 please help!,813118,TwitterSupport,Thu Oct 12 19:35:22 +0000 2017,@313758 Thanks for getting in touch. Send us a message and we'll get started helping you out. https://t.co/5TkIRqD4sE,
813122,313760,Thu Oct 12 18:49:06 +0000 2017,"@123765 @TwitterSupport @129570 PLEASE GET RID OF RACISM ON TWITTER 
THANK YOU https://t.co/FPxojgF9qc",813121,TwitterSupport,Thu Oct 12 18:53:00 +0000 2017,@313760 Thanks for getting in touch. Send us a message and we'll get started helping you out. https://t.co/5TkIRqD4sE,
818409,314938,Sun Oct 08 17:53:11 +0000 2017,@TwitterSupport 2/. She could have blocked/muted me. I want to report her for harassment. She claimed threatening to get me suspended,818408,TwitterSupport,Sun Oct 08 18:01:31 +0000 2017,"@314938 Hi there, we're here to help. Please send us a message and we can work on getting this sorted. https://t.co/5TkIRqD4sE",
823249,316107,Sun Oct 08 20:14:18 +0000 2017,@TwitterSupport hey I am having a problem with another user. I need help.,823248,TwitterSupport,Sun Oct 08 20:16:20 +0000 2017,@316107 We are here to help. Please send us a message and we'll get started looking into this for you. https://t.co/5TkIRqD4sE,
823251,316108,Sun Oct 08 20:00:39 +0000 2017,@316109 @TwitterSupport please help me i got the confession of bullying,823250,TwitterSupport,Sun Oct 08 20:09:35 +0000 2017,@316108 Thanks for getting in touch. Send us a message and we'll get started helping you out. https://t.co/5TkIRqD4sE,
823520,177928,Thu Oct 12 23:00:27 +0000 2017,"@129570 @TwitterSupport please help me, this man is putting hate speech and threats on my timeline get him out of here https://t.co/8pTJ3KoFAF",823519,TwitterSupport,Thu Oct 12 23:11:06 +0000 2017,"@177928 Hi there, we're here to help. Please send us a message and we can work on getting this sorted. https://t.co/5TkIRqD4sE",
823522,177928,Thu Oct 12 22:48:54 +0000 2017,"@316171 @TwitterSupport @129570 abuse, harassment, please help",823521,TwitterSupport,Thu Oct 12 22:49:53 +0000 2017,@177928 Thanks for getting in touch. Send us a message and we'll get started helping you out. https://t.co/5TkIRqD4sE,
827014,316997,Fri Oct 13 01:08:55 +0000 2017,@TwitterSupport help us,827013,TwitterSupport,Fri Oct 13 01:17:13 +0000 2017,@316997 Thanks for getting in touch. Send us a message and we'll get started helping you out. https://t.co/5TkIRqD4sE,
827016,316998,Fri Oct 13 01:02:27 +0000 2017,@TwitterSupport Please help me out please,827015,TwitterSupport,Fri Oct 13 01:08:57 +0000 2017,@316998 Thanks for getting in touch. Send us a message and we'll get started helping you out. https://t.co/5TkIRqD4sE,
827018,316999,Fri Oct 13 00:31:56 +0000 2017,@TwitterSupport Help!,827017,TwitterSupport,Fri Oct 13 00:32:42 +0000 2017,@316999 Thanks for letting us know about this! Please send us a message and we'll get started on helping you out. https://t.co/5TkIRqUFRe,
829383,317506,Mon Nov 13 14:12:11 +0000 2017,@317507 @TwitterSupport tegan is bullying me help,829382,TwitterSupport,Mon Nov 13 14:48:42 +0000 2017,"@317506 Hi, please send us a message and we'll look into this with you. https://t.co/eXwzpNPj8C",
829389,317509,Mon Nov 13 02:44:46 +0000 2017,@TwitterSupport I need help with a thing.,829388,TwitterSupport,Mon Nov 13 02:55:22 +0000 2017,@317509 Thanks for getting in touch. Send us a message and we'll get started helping you out. https://t.co/eXwzpNPj8C,
829391,317510,Mon Nov 13 02:25:15 +0000 2017,@TwitterSupport help me,829390,TwitterSupport,Mon Nov 13 02:36:25 +0000 2017,@317510 Thanks for getting in touch. Send us a message and we'll get started helping you out. https://t.co/eXwzpNPj8C,
829394,317511,Mon Nov 13 02:10:20 +0000 2017,@TwitterSupport please help me,829393,TwitterSupport,Mon Nov 13 02:18:13 +0000 2017,@317511 Thanks for getting in touch. Send us a message and we'll get started helping you out. https://t.co/eXwzpNPj8C,
829397,317512,Sun Nov 12 22:57:45 +0000 2017,@TwitterSupport please help in this matter. Please. https://t.co/mUyzlRUYm8,829396,TwitterSupport,Sun Nov 12 23:03:33 +0000 2017,"@317512 Hi there, we're here to help. Please send us a message and we can work on getting this sorted. https://t.co/eXwzpNPj8C",
829399,317513,Sun Nov 12 22:52:34 +0000 2017,please let me reset my password so I can unlock my account @TwitterSupport,829398,TwitterSupport,Sun Nov 12 22:57:43 +0000 2017,@317513 We'd be happy to look into this for you. Please send us a message and we can get started working through this. https://t.co/eXwzpNPj8C,
829401,317514,Sun Nov 12 22:48:59 +0000 2017,@TwitterSupport I NEED SOMEONE TO CONTACT ME DIRECTLY SO I COULD GET THIS PROBLEM FIXED,829400,TwitterSupport,Sun Nov 12 22:50:01 +0000 2017,@317514 Thanks for getting in touch. Send us a message and we'll get started helping you out. https://t.co/eXwzpNPj8C,
829403,317515,Sun Nov 12 22:18:31 +0000 2017,Aye @TwitterSupport I feel abused by tamez https://t.co/Jx4dgi6c1b,829402,TwitterSupport,Sun Nov 12 22:30:38 +0000 2017,@317515 Thanks for letting us know about this. Please send us a message and we can begin working on this issue. https://t.co/eXwzpNPj8C,
829405,317516,Sun Nov 12 21:28:47 +0000 2017,@317517 @TwitterSupport I'm being bullied help,829404,TwitterSupport,Sun Nov 12 21:33:46 +0000 2017,@317516 Thanks for getting in touch. Send us a message and we'll get started helping you out. https://t.co/eXwzpNPj8C,
829410,317519,Sun Nov 12 19:40:30 +0000 2017,Good afternoon @TwitterSupport I urge you to suspend the account below for cyber bullying. https://t.co/3E26C31Qv1,829409,TwitterSupport,Sun Nov 12 19:44:51 +0000 2017,"@317519 Hi there, we're here to help. Please send us a message and we can work on getting this sorted. https://t.co/eXwzpNPj8C",
829417,317522,Sun Nov 12 19:32:47 +0000 2017,@TwitterSupport @317523 please delete hanuntr account he is abusing alot... please take action against him,829416,TwitterSupport,Sun Nov 12 19:34:54 +0000 2017,"@317522 Hi there, we're here to help. Please send us a message and we can work on getting this sorted. https://t.co/eXwzpNPj8C",
829419,317523,Sun Nov 12 17:33:57 +0000 2017,@91657 @TwitterSupport please suspend this account. Very abusive and demeaning towards a section of women,829418,TwitterSupport,Sun Nov 12 17:39:01 +0000 2017,@317523 Thanks for letting us know. Please send us a message and we'll work on getting this resolved for you. https://t.co/eXwzpNPj8C,829417
829422,317524,Sun Nov 12 18:40:56 +0000 2017,"@317525 @TwitterSupport please suspend this guy, he is abusing women and molesting online, the major reason to suspend him is he is Nandamuri fan,  please take an action on this account. @292644 @129570",829421,TwitterSupport,Sun Nov 12 18:53:50 +0000 2017,"@317524 Hi there, we're here to help. Please send us a message and we can work on getting this sorted. https://t.co/eXwzpNPj8C",
832061,318169,Fri Oct 13 04:45:18 +0000 2017,@318170 @318171 I'm being harassed @TwitterSupport,832059,TwitterSupport,Fri Oct 13 04:57:49 +0000 2017,@318169 Thanks for getting in touch. Send us a message and we'll get started helping you out. https://t.co/5TkIRqD4sE,832060
833881,318580,Fri Oct 13 05:45:37 +0000 2017,@318581 @12 @TwitterSupport @123765 @164650 Please help me jack.,833880,TwitterSupport,Fri Oct 13 06:24:43 +0000 2017,"@318580 Hi there, we're here to help. Please send us a message and we can work on getting this sorted. https://t.co/5TkIRqD4sE",
836403,319091,Fri Oct 13 08:23:29 +0000 2017,@TwitterSupport Can someone help me please? Thank you so much in advance! :),836402,TwitterSupport,Fri Oct 13 08:27:30 +0000 2017,@36905 Thanks for getting in touch. Send us a message and we'll get started helping you out. https://t.co/5TkIRqD4sE,
839312,319685,Fri Oct 13 09:13:24 +0000 2017,@TwitterSupport Help,839310,TwitterSupport,Fri Oct 13 09:50:48 +0000 2017,@319685 Thanks for getting in touch. Send us a message and we'll get started helping you out. https://t.co/5TkIRqD4sE,839311
849573,321871,Fri Oct 13 12:44:12 +0000 2017,"This ""person"" is harassing my friend again. Please report. 
""@37611""
@129570 @123765 @TwitterSupport",849572,TwitterSupport,Fri Oct 13 12:59:54 +0000 2017,@321871 Thanks for getting in touch. Send us a message and we'll get started helping you out. https://t.co/5TkIRqD4sE,
859794,196596,Mon Oct 09 16:18:31 +0000 2017,Hello I’m being BULLLIED @TwitterSupport https://t.co/bpVA0HgSsW,859793,TwitterSupport,Mon Oct 09 16:22:42 +0000 2017,@196596 Thanks for getting in touch. Send us a message and we'll get started helping you out. https://t.co/5TkIRqD4sE,
869745,326518,Fri Oct 20 16:00:19 +0000 2017,I'm being harassed online @TwitterSupport https://t.co/rP78TVlwNZ,869744,TwitterSupport,Fri Oct 20 16:02:51 +0000 2017,@326518 Thanks for getting in touch. Send us a message and we'll get started helping you out. https://t.co/5TkIRqD4sE,
871843,326988,Fri Oct 13 13:37:33 +0000 2017,@326989 @TwitterSupport this is bullying mr twitter support,871842,TwitterSupport,Fri Oct 13 14:01:33 +0000 2017,"@326988 Hi, thanks for getting in touch. Please send us a message and we'll get started working through this. https://t.co/5TkIRqD4sE",
878893,265849,Mon Oct 09 22:11:51 +0000 2017,@328657 ....help me @TwitterSupport,878892,TwitterSupport,Mon Oct 09 22:20:16 +0000 2017,"@265849 Thanks for reaching out, we are happy to help. Please send us a message and we can get started. https://t.co/5TkIRqD4sE",
880735,329122,Mon Oct 09 23:32:25 +0000 2017,"Help us get @19277 banned for targeted harassment! @TwitterSupport 
@123765 https://t.co/Ezgnp69VF1",880734,TwitterSupport,Mon Oct 09 23:34:48 +0000 2017,"@329122 Hi, please send us a message and we'll look into this with you. https://t.co/5TkIRqD4sE",
880812,177278,Fri Oct 20 18:36:16 +0000 2017,@206262 @329145 @203837 @TwitterSupport Woman-hating troll.,880811,TwitterSupport,Fri Oct 20 18:37:25 +0000 2017,@177278 Thanks for getting in touch. Send us a message and we'll get started helping you out. https://t.co/5TkIRqD4sE,
880815,329145,Fri Oct 20 18:33:16 +0000 2017,"@206262 @177278 @203837 Hmmm is that a threat? 🤔 @TwitterSupport 

https://t.co/z5qiocYQw0",880814,TwitterSupport,Fri Oct 20 18:34:23 +0000 2017,"@329145 Hi, thanks for getting in touch. Please send us a message and we'll get started working through this. https://t.co/5TkIRqD4sE",
880818,329146,Fri Oct 20 18:26:42 +0000 2017,"@123765 @TwitterSupport Stop this targeted harassment, hatespeech &amp; impersonation! @38434 is a fake account harassing real one. https://t.co/erHSgkCzYK",880817,TwitterSupport,Fri Oct 20 18:33:29 +0000 2017,@329146 We are here to help. Please send us a message and we'll get started looking into this for you. https://t.co/5TkIRqD4sE,
880820,329147,Fri Oct 20 18:03:26 +0000 2017,@TwitterSupport Can I email someone about a specific issue?,880819,TwitterSupport,Fri Oct 20 18:04:38 +0000 2017,"@329147 Hi, thanks for getting in touch. Please send us a message and we'll get started working through this. https://t.co/5TkIRqD4sE",
884828,330106,Fri Oct 20 22:06:13 +0000 2017,@TwitterSupport I am being subject to abuse delete this account https://t.co/OTtCMGSWUU,884827,TwitterSupport,Fri Oct 20 22:19:27 +0000 2017,@330106 We are here to help. Please send us a message and we'll get started looking into this for you. https://t.co/5TkIRqD4sE,
884830,330107,Fri Oct 20 21:42:18 +0000 2017,@123765 @TwitterSupport hi. Help me please,884829,TwitterSupport,Fri Oct 20 21:46:38 +0000 2017,"@330107 Hi there, we're here to help. Please send us a message and we can work on getting this sorted. https://t.co/5TkIRqD4sE",
884853,330116,Fri Oct 20 21:02:59 +0000 2017,"@TwitterSupport @75364 has violently threatened me, calling me a “wh*re”. i screenshotted the tweet in case she deletes it due to realising her bullying https://t.co/pHclhMqqWe",884852,TwitterSupport,Fri Oct 20 21:08:13 +0000 2017,"@330116 Hi, please send us a message and we'll look into this with you. https://t.co/5TkIRqD4sE",
890362,331380,Fri Oct 13 17:26:41 +0000 2017,"Oof, I have been triggered

@TwitterSupport help me, I am being bullied on your website https://t.co/L4lZuBLJQO",890361,TwitterSupport,Fri Oct 13 17:38:13 +0000 2017,@331380 Thanks for getting in touch. Send us a message and we'll get started helping you out. https://t.co/5TkIRqD4sE,
890366,331381,Fri Oct 13 17:08:56 +0000 2017,Please delete this user because verbal bullying and annoying af @123765 @TwitterSupport https://t.co/h1j9NgTvor,890365,TwitterSupport,Fri Oct 13 17:09:28 +0000 2017,@331381 Thanks for getting in touch. Send us a message and we'll get started helping you out. https://t.co/5TkIRqD4sE,
890369,331382,Fri Oct 13 16:40:12 +0000 2017,@TwitterSupport @331383 is a racist xenophobic child molestor ban him,890367,TwitterSupport,Fri Oct 13 16:43:24 +0000 2017,@331382 Thanks for getting in touch. Send us a message and we'll get started helping you out. https://t.co/5TkIRqD4sE,890368
894443,332373,Fri Dec 01 20:52:40 +0000 2017,@TwitterSupport I need your help,894442,TwitterSupport,Fri Dec 01 21:19:33 +0000 2017,@332373 Thanks for getting in touch. Send us a message and we'll get started helping you out. https://t.co/eXwzpNPj8C,
894585,235515,Fri Dec 01 21:16:12 +0000 2017,@TwitterSupport he continues to threaten me and invade my safe space https://t.co/wyjN240KZD,894584,TwitterSupport,Fri Dec 01 21:18:53 +0000 2017,@235515 Thanks for letting us know about this. Please send us a message and we can begin working on this issue. https://t.co/eXwzpNPj8C,
901803,334083,Tue Oct 10 10:55:02 +0000 2017,@TwitterSupport HELP ME PLEASE,901802,TwitterSupport,Tue Oct 10 11:07:33 +0000 2017,@334083 Thanks for getting in touch. Send us a message and we'll get started helping you out. https://t.co/5TkIRqD4sE,
90212,135572,Thu Nov 30 13:52:19 +0000 2017,@TwitterSupport I need HELP!,90211,TwitterSupport,Thu Nov 30 13:57:21 +0000 2017,"@135572 Hi, thanks for getting in touch. Please send us a message and we'll get started working through this. https://t.co/eXwzpNPj8C",
90214,135573,Thu Nov 30 11:46:44 +0000 2017,@123765 @135574 @TwitterSupport @123765 Help me : @135574,90213,TwitterSupport,Thu Nov 30 12:39:56 +0000 2017,"@135573 Hi there, we're here to help. Please send us a message and we can work on getting this sorted. https://t.co/eXwzpNPj8C",
904517,334737,Tue Oct 10 12:39:12 +0000 2017,Ok so I’m locked out of @334738 and can’t change the password cause I have no number linked. Thanks @TwitterSupport,904516,TwitterSupport,Tue Oct 10 13:12:36 +0000 2017,@334737 We are here to help. Please send us a message and we'll get started looking into this for you. https://t.co/5TkIRqD4sE,
906532,335242,Sat Oct 21 00:36:11 +0000 2017,@TwitterSupport I need to change my email but it's linked to my old account(that I want deleted),906531,TwitterSupport,Sat Oct 21 00:39:21 +0000 2017,@335242 Thanks for getting in touch. Send us a message and we'll get started helping you out. https://t.co/5TkIRqD4sE,
907836,335580,Tue Oct 10 14:37:57 +0000 2017,@TwitterSupport a little help here please,907835,TwitterSupport,Tue Oct 10 14:42:06 +0000 2017,"@335580 Hi there, we're here to help. Please send us a message and we can work on getting this sorted. https://t.co/5TkIRqD4sE",
910016,336161,Fri Oct 13 19:13:52 +0000 2017,@336162 @TwitterSupport this man is bullying a Latvian,910015,TwitterSupport,Fri Oct 13 19:18:33 +0000 2017,@336161 We are here to help. Please send us a message and we'll get started looking into this for you. https://t.co/5TkIRqD4sE,
910021,336163,Fri Oct 13 18:14:34 +0000 2017,@TwitterSupport I NEED YOUR HELP!!,910020,TwitterSupport,Fri Oct 13 18:24:20 +0000 2017,@336163 We are here to help. Please send us a message and we'll get started looking into this for you. https://t.co/5TkIRqD4sE,
910024,336164,Fri Oct 13 17:44:28 +0000 2017,@336165 @123765 @TwitterSupport I don't think they care about that enough. ForsakenPony still has a new account that continues to threaten me.,910022,TwitterSupport,Fri Oct 13 17:52:52 +0000 2017,@336164 Thanks for getting in touch. Send us a message and we'll get started helping you out. https://t.co/5TkIRqD4sE,910023
910030,336166,Fri Oct 13 17:47:06 +0000 2017,@123765 @794 @132114 this is bullying https://t.co/qBXJK1Goq1,910029,TwitterSupport,Fri Oct 13 17:52:23 +0000 2017,@336166 We are here to help. Please send us a message and we'll get started looking into this for you. https://t.co/5TkIRqD4sE,
912787,336758,Sat Oct 21 05:32:27 +0000 2017,"@TwitterSupport hey, I need help with something on here please?",912786,TwitterSupport,Sat Oct 21 05:46:28 +0000 2017,"@336758 Hi there, we're here to help. Please send us a message and we can work on getting this sorted. https://t.co/5TkIRqD4sE",
912789,336759,Sat Oct 21 04:33:36 +0000 2017,@336760 this is bullying @TwitterSupport do something,912788,TwitterSupport,Sat Oct 21 04:47:47 +0000 2017,"@336759 Hi, please send us a message and we'll look into this with you. https://t.co/5TkIRqD4sE",
921751,338815,Tue Oct 10 19:05:44 +0000 2017,@TwitterSupport @123765 please ban @238861 for her page that praises female supremacy and for her sexist posts against men.,921750,TwitterSupport,Tue Oct 10 19:18:46 +0000 2017,@338815 Thanks for letting us know about this. Please send us a message and we can begin working on this issue. https://t.co/5TkIRqD4sE,
926026,339724,Fri Oct 13 21:38:52 +0000 2017,im getting bullied pls suspend these accounts @TwitterSupport https://t.co/mcpf7PfkUm,926025,TwitterSupport,Fri Oct 13 21:41:44 +0000 2017,@339724 We are here to help. Please send us a message and we'll get started looking into this for you. https://t.co/5TkIRqD4sE,
926028,339725,Fri Oct 13 21:02:44 +0000 2017,@TwitterSupport THIS GIRL IS THREATENING TO BEAT ME !!!! TAKE HER AWAY https://t.co/n5hvYYsHsH,926027,TwitterSupport,Fri Oct 13 21:03:39 +0000 2017,@339725 Thanks for getting in touch. Send us a message and we'll get started helping you out. https://t.co/5TkIRqD4sE,
926039,339729,Fri Oct 13 20:37:05 +0000 2017,@123765 @TwitterSupport Help,926038,TwitterSupport,Fri Oct 13 20:37:50 +0000 2017,@339729 Thanks for getting in touch. Send us a message and we'll get started helping you out. https://t.co/5TkIRqD4sE,
927451,340057,Thu Nov 30 15:13:51 +0000 2017,@TwitterSupport help me,927450,TwitterSupport,Thu Nov 30 15:43:51 +0000 2017,"@340057 Hi, thanks for getting in touch. Please send us a message and we'll get started working through this. https://t.co/eXwzpNPj8C",
932595,341208,Tue Oct 10 23:08:04 +0000 2017,@341209 @41253 @TwitterSupport they’re threatening murder pls suspend their accounts,932594,TwitterSupport,Tue Oct 10 23:21:21 +0000 2017,"@341208 Hi, please send us a message and we'll look into this with you. https://t.co/5TkIRqD4sE",
944808,196587,Sat Oct 21 15:52:06 +0000 2017,I’d like to report abuse @TwitterSupport https://t.co/dlgMgvMiVb,944807,TwitterSupport,Sat Oct 21 16:02:17 +0000 2017,@196587 Thanks for getting in touch. Send us a message and we'll get started helping you out. https://t.co/5TkIRqD4sE,
944810,344035,Sat Oct 21 14:48:04 +0000 2017,@TwitterSupport @129570. Direct threat. Please remove https://t.co/2pcSnzwq9E,944809,TwitterSupport,Sat Oct 21 15:06:08 +0000 2017,@344035 Thanks for letting us know about this. Please send us a message and we can begin working on this issue. https://t.co/5TkIRqD4sE,
952457,345972,Sat Oct 21 19:21:32 +0000 2017,@TwitterSupport @345973 Excuse me sirs she bullies me all the time I don’t deserve this she’s a bully,952456,TwitterSupport,Sat Oct 21 19:28:20 +0000 2017,@345972 Thanks for getting in touch. Send us a message and we'll get started helping you out. https://t.co/5TkIRqD4sE,
952459,345973,Sat Oct 21 19:18:04 +0000 2017,@TwitterSupport harassment &amp; bullying https://t.co/hCC2j4j9gP,952458,TwitterSupport,Sat Oct 21 19:20:28 +0000 2017,@345973 Thanks for letting us know about this. Please send us a message and we can begin working on this issue. https://t.co/5TkIRqD4sE,952457
952461,123464,Sat Oct 21 19:18:18 +0000 2017,@TwitterSupport I need your help.,952460,TwitterSupport,Sat Oct 21 19:20:41 +0000 2017,@123464 Thanks for getting in touch. Send us a message and we'll get started helping you out. https://t.co/5TkIRqD4sE,
952463,345974,Sat Oct 21 18:25:05 +0000 2017,@345975 has been harassing me @TwitterSupport do something https://t.co/i9OzPzR1je,952462,TwitterSupport,Sat Oct 21 18:32:09 +0000 2017,@345974 Thanks for getting in touch. Send us a message and we'll get started helping you out. https://t.co/5TkIRqD4sE,
952465,345976,Sat Oct 21 18:22:31 +0000 2017,@TwitterSupport help???,952464,TwitterSupport,Sat Oct 21 18:31:25 +0000 2017,@345976 Thanks for getting in touch. Send us a message and we'll get started helping you out. https://t.co/5TkIRqD4sE,
952467,320827,Sat Oct 21 17:28:52 +0000 2017,@TwitterSupport  need your help 🙏,952466,TwitterSupport,Sat Oct 21 17:34:59 +0000 2017,@320827 Thanks for getting in touch. Send us a message and we'll get started helping you out. https://t.co/5TkIRqD4sE,
952469,345977,Sat Oct 21 17:04:26 +0000 2017,@TwitterSupport help I need help!,952468,TwitterSupport,Sat Oct 21 17:05:38 +0000 2017,@345977 Thanks for getting in touch. Send us a message and we'll get started helping you out. https://t.co/5TkIRqD4sE,
953169,346157,Sun Oct 15 00:01:22 +0000 2017,@346158 im being harassed @TwitterSupport,953168,TwitterSupport,Sun Oct 15 00:04:46 +0000 2017,"@346157 Hi, please send us a message and we'll look into this with you. https://t.co/5TkIRqD4sE",
953179,346159,Sat Oct 14 22:55:41 +0000 2017,Help @TwitterSupport,953178,TwitterSupport,Sat Oct 14 23:02:28 +0000 2017,@346159 We are here to help. Please send us a message and we'll get started looking into this for you. https://t.co/5TkIRqD4sE,
957015,347060,Sat Oct 14 01:34:56 +0000 2017,"@123765 @TwitterSupport @129570 (cont.) Please help, please tweet me back thank you",957014,TwitterSupport,Sat Oct 14 02:15:19 +0000 2017,@347060 Thanks for getting in touch. Send us a message and we'll get started helping you out. https://t.co/5TkIRqD4sE,
958354,347393,Wed Oct 11 13:13:02 +0000 2017,@TwitterSupport @123765 help,958353,TwitterSupport,Wed Oct 11 13:14:36 +0000 2017,"@347393 Hi there, we're here to help. Please send us a message and we can work on getting this sorted. https://t.co/5TkIRqD4sE",
961034,348069,Sun Oct 22 02:09:41 +0000 2017,@42429 @42430 @TwitterSupport Help,961033,TwitterSupport,Sun Oct 22 02:28:47 +0000 2017,"@348069 Hi there, we're here to help. Please send us a message and we can work on getting this sorted. https://t.co/5TkIRqD4sE",
961037,348070,Sun Oct 22 00:52:22 +0000 2017,@348071 @TwitterSupport help ???????,961036,TwitterSupport,Sun Oct 22 00:54:33 +0000 2017,@348070 Thanks for getting in touch. Send us a message and we'll get started helping you out. https://t.co/5TkIRqD4sE,
961040,348072,Sun Oct 22 00:35:31 +0000 2017,@123765 @TwitterSupport plzzzz help,961039,TwitterSupport,Sun Oct 22 00:37:31 +0000 2017,"@348072 Hi there, we're here to help. Please send us a message and we can work on getting this sorted. https://t.co/5TkIRqD4sE",
966205,349308,Sat Oct 21 22:50:58 +0000 2017,"@123765 
@TwitterSupport 
@129570 
plz I need some help to deactivate my account for some time what should I do.",966204,TwitterSupport,Sat Oct 21 22:53:58 +0000 2017,@349308 Thanks for getting in touch. Send us a message and we'll get started helping you out. https://t.co/5TkIRqD4sE,
966207,349309,Sat Oct 21 22:49:55 +0000 2017,@TwitterSupport help,966206,TwitterSupport,Sat Oct 21 22:53:17 +0000 2017,@349309 Thanks for getting in touch. Send us a message and we'll get started helping you out. https://t.co/5TkIRqD4sE,
966209,349308,Sat Oct 21 22:45:40 +0000 2017,"@TwitterSupport 
plz I need some help to deactivate my account for some time what should I do.",966208,TwitterSupport,Sat Oct 21 22:47:25 +0000 2017,@349308 Thanks for getting in touch. Send us a message and we'll get started helping you out. https://t.co/5TkIRqD4sE,
966211,349310,Sat Oct 21 21:37:00 +0000 2017,@TwitterSupport help its happening againnnnnnnn,966210,TwitterSupport,Sat Oct 21 21:38:18 +0000 2017,@349310 Thanks for getting in touch. Send us a message and we'll get started helping you out. https://t.co/5TkIRqD4sE,
966214,349311,Sat Oct 21 20:57:06 +0000 2017,@123765 @TwitterSupport Again homophobic hateful racist Admitting to Multiple Accounts. https://t.co/wHZDcu2lgP,966213,TwitterSupport,Sat Oct 21 20:59:27 +0000 2017,@349311 Thanks for letting us know about this. Please send us a message and we can begin working on this issue. https://t.co/5TkIRqD4sE,
966218,349313,Sat Oct 21 20:29:39 +0000 2017,I’m being harassed @TwitterSupport https://t.co/mgT8NEhUDw,966217,TwitterSupport,Sat Oct 21 20:30:46 +0000 2017,@349313 Thanks for getting in touch. Send us a message and we'll get started helping you out. https://t.co/5TkIRqD4sE,
966364,349343,Sat Oct 14 03:23:57 +0000 2017,@TwitterSupport Can you do something about @42664 and @42665  they are harassing me,966363,TwitterSupport,Sat Oct 14 03:39:26 +0000 2017,@349343 Thanks for getting in touch. Send us a message and we'll get started helping you out. https://t.co/5TkIRqD4sE,
968717,349959,Sat Oct 14 01:27:45 +0000 2017,@TwitterSupport help,968716,TwitterSupport,Sat Oct 14 02:12:34 +0000 2017,@349959 Thanks for getting in touch. Send us a message and we'll get started helping you out. https://t.co/5TkIRqD4sE,
978249,196894,Sun Oct 22 04:39:16 +0000 2017,@352014 @43093 @TwitterSupport help @43093.,978248,TwitterSupport,Sun Oct 22 05:08:55 +0000 2017,@196894 Thanks for letting us know about this. Please send us a message and we can begin working on this issue. https://t.co/5TkIRqD4sE,
978252,352015,Sun Oct 22 04:24:46 +0000 2017,"@352016 @352017 @TwitterSupport she has kept this up for almost 20 days now, I unblocked to see if she would reply again and she did. Please help me out!",978251,TwitterSupport,Sun Oct 22 04:33:30 +0000 2017,@352015 Thanks for letting us know about this. Please send us a message and we can begin working on this issue. https://t.co/5TkIRqD4sE,
978293,352018,Sun Oct 22 03:47:22 +0000 2017,@TwitterSupport hello please help me idk what to do https://t.co/zEjRX3U6IO,978292,TwitterSupport,Sun Oct 22 03:55:08 +0000 2017,@352018 Thanks for letting us know about this. Please send us a message and we can begin working on this issue. https://t.co/5TkIRqD4sE,
978295,117488,Sun Oct 22 03:16:42 +0000 2017,@TwitterSupport @43094  is spamming and trolling me. They are also adding me to lists. They are also engaging in taunting and insults,978294,TwitterSupport,Sun Oct 22 03:34:25 +0000 2017,@117488 Thanks for getting in touch. Send us a message and we'll get started helping you out. https://t.co/5TkIRqD4sE,
978297,352019,Sun Oct 22 02:50:35 +0000 2017,https://t.co/jAkMMiBmvx Can't login - my old email no longer exists. And I want to access MY account. @TwitterSupport,978296,TwitterSupport,Sun Oct 22 03:00:50 +0000 2017,@352019 Thanks for getting in touch. Send us a message and we'll get started helping you out. https://t.co/5TkIRqD4sE,
978299,352020,Sun Oct 22 02:25:32 +0000 2017,Pls help this user keeps stalking me  and harassing me I fear for my beautiful white children life's @TwitterSupport https://t.co/7YE44LN7jg,978298,TwitterSupport,Sun Oct 22 02:50:52 +0000 2017,"@352020 Hi, please send us a message and we'll look into this with you. https://t.co/5TkIRqD4sE",
986708,353825,Wed Oct 11 18:47:55 +0000 2017,"@353826 Have you reported him to @TwitterSupport? Or Facebook? Or authorities? If he is threatening you, you should. He could be a nut!",986707,TwitterSupport,Wed Oct 11 22:01:31 +0000 2017,"@353825 Hi, please send us a message and we'll look into this with you. https://t.co/5TkIRqD4sE",
990867,354717,Sun Oct 22 12:08:32 +0000 2017,I need help @TwitterSupport,990866,TwitterSupport,Sun Oct 22 12:18:09 +0000 2017,@354717 Thanks for letting us know. Please send us a message and we'll work on getting this resolved for you. https://t.co/5TkIRqD4sE,
990869,354718,Sun Oct 22 11:50:38 +0000 2017,@TwitterSupport  can you please help me?!!,990868,TwitterSupport,Sun Oct 22 11:54:32 +0000 2017,"@354718 Thanks for reaching out, we are happy to help. Please send us a message and we can get started. https://t.co/5TkIRqD4sE",
993891,355447,Thu Oct 12 01:24:33 +0000 2017,@TwitterSupport twitter user dylnmuse is bullying me https://t.co/WehbivxMHX,993889,TwitterSupport,Thu Oct 12 01:28:56 +0000 2017,@355447 Thanks for getting in touch. Send us a message and we'll get started helping you out. https://t.co/5TkIRqD4sE,993890
993893,355448,Thu Oct 12 01:13:16 +0000 2017,@355449 @123765 @TwitterSupport HELP US OUT TWITTER,993892,TwitterSupport,Thu Oct 12 01:25:29 +0000 2017,"@355448 Hi, please send us a message and we'll look into this with you. https://t.co/5TkIRqD4sE",
996100,355928,Sat Nov 25 15:53:09 +0000 2017,@TwitterSupport Help me,996099,TwitterSupport,Sat Nov 25 16:19:15 +0000 2017,"@355928 Hi there, we're here to help. Please send us a message and we can work on getting this sorted. https://t.co/eXwzpNPj8C",
999690,356707,Tue Oct 24 22:09:24 +0000 2017,@TwitterSupport I require help,999689,TwitterSupport,Tue Oct 24 22:12:55 +0000 2017,"@356707 Hi, thanks for getting in touch. Please send us a message and we'll get started working through this. https://t.co/eXwzpNPj8C",
