customer_tweet_id,customer_author_id,customer_created_at,customer_text,brand_tweet_id,brand_account,brand_created_at,brand_reply,brand_response_tweet_id
1006975,358288,Sun Oct 22 19:08:54 +0000 2017,@116584 what the heck is up with this?  Literally it was down the road and doubled distance to go out of my way for another order. https://t.co/ElOyKGsn6z,1006974,DoorDash_Help,Sun Oct 22 19:31:43 +0000 2017,"@358288 Oh no! I'm really sorry to hear about this, please DM us your email address and we'll reach out right away!",
1006977,358289,Sun Oct 22 18:18:00 +0000 2017,"Hey @DoorDash_Help I referred a friend and she used the credit immediately, but I never got $15?! What gives?!",1006976,DoorDash_Help,Sun Oct 22 18:21:35 +0000 2017,@358289 Thanks for this message. Sorry for the trouble.  Please DM us with your email address &amp; we'll reach out right away!,
1006977,358289,Sun Oct 22 18:18:00 +0000 2017,"Hey @DoorDash_Help I referred a friend and she used the credit immediately, but I never got $15?! What gives?!",1006978,DoorDash_Help,Mon Oct 23 01:49:50 +0000 2017,"@358289 Hi Jazzy, I was delighted that we could reach a resolution with your issue. Feel free to get in touch if there's anything else.",
1011441,359314,Sun Oct 22 20:43:01 +0000 2017,@DoorDash_Help @116584 Hi there I just was wondering what determines which restaurants are in my delivery area???,1011440,DoorDash_Help,Sun Oct 22 20:50:10 +0000 2017,"@359314 Hey Marc, we'd love to get this cleared up for you. Please DM us your email address and we'll let you know!",
1011446,359316,Sun Oct 22 19:22:57 +0000 2017,"@DoorDash_Help Yes hi, I used door dash yesterday and appear to have been charged twice for 1 order. Once for $31.88 and again for $38.20",1011445,DoorDash_Help,Sun Oct 22 19:56:09 +0000 2017,"@359316 Oh no! I'm really sorry to hear about this, please DM us your email address and we'll reach out right away!",
102009,138358,Thu Nov 30 16:48:45 +0000 2017,@116584 customer support + my missing lunch....HANGER,102008,DoorDash_Help,Thu Nov 30 16:57:20 +0000 2017,@138358  Hi B. We're sorry about this experience. Please send us a DM with your email address at @doordash_help.,
1021493,361739,Sun Oct 22 22:25:55 +0000 2017,@DoorDash_Help why can I only issue one complaint on your website? I waited almost an hour for my order &amp; it arrived incomplete and cold,1021492,DoorDash_Help,Sun Oct 22 22:38:26 +0000 2017,"@361739 Oh no! I'm really sorry to hear about this, please DM us your email address and we'll reach out right away!",
1021495,361740,Sun Oct 22 21:11:48 +0000 2017,@DoorDash_Help Ordered dinner 2 hours ahead of time and just got an email that it was cancelled bc of time limits. What does that even mean?,1021494,DoorDash_Help,Sun Oct 22 21:15:39 +0000 2017,@361740 Thanks for this message. Sorry for the trouble.  Please DM us with your email address &amp; we'll reach out right away!,
1023918,166680,Sat Oct 14 15:15:30 +0000 2017,"@DoorDash_Help You guys have to be fucking kidding me. 40 minutes late, and I got two of the same item when I ordered 2 different things https://t.co/Ts1snkV3ts",1023916,DoorDash_Help,Sat Oct 14 15:48:23 +0000 2017,"@166680 Hi, I am so sorry to hear this! Please DM us your email address and we can look into this for you.",1023917
1027427,363119,Mon Oct 23 00:02:27 +0000 2017,"Hi @116584 There’s currently no way to order a personal (non-gluten free) speciality pizza, e.g. #DaWorks from @45052 in your app🍕",1027426,DoorDash_Help,Mon Oct 23 00:30:35 +0000 2017,@363119 Solving this social post in triage as it does not meet the requirements for social response from Care.,
1027429,363120,Mon Oct 23 00:17:37 +0000 2017,My @116584 account was hacked and now it's been deactivated... guess I'll starve to death now.,1027428,DoorDash_Help,Mon Oct 23 00:26:08 +0000 2017,"@363120 Oh no! I'm really sorry to hear about this, please DM us your email address and we'll reach out right away!",
1027431,363121,Mon Oct 23 00:13:50 +0000 2017,@116584 How do I request customer service? I made an order and it was canceled with out me knowing?? And I was charged?? No communication,1027430,DoorDash_Help,Mon Oct 23 00:23:23 +0000 2017,@363121 Thanks for this message. Sorry for the trouble.  Please DM us with your email address &amp; we'll reach out right away!,
1027433,363122,Sun Oct 22 23:51:48 +0000 2017,Just tried @116584 for the first time. Epic fail. Driver forgot all of the dipping sauces and I had to drive to the restaurant to get them,1027432,DoorDash_Help,Mon Oct 23 00:04:52 +0000 2017,@363122 Thanks for this message. Sorry for the trouble.  Please DM us with your email address &amp; we'll reach out right away!,
1027435,363123,Sun Oct 22 23:58:04 +0000 2017,@116584 I've been #1 for 10min. Its been 30 &amp; yet no dasher has retrieved my order. Why pay 5.99 fee if I have to wait more then an hour. https://t.co/HVi8KOOyNq,1027434,DoorDash_Help,Mon Oct 23 00:04:36 +0000 2017,"@363123 Oh no! I'm really sorry to hear about this, please DM us your email address and we'll reach out right away!",
1027441,363125,Sun Oct 22 23:16:39 +0000 2017,"@DoorDash_Help I was charged 5 times,no delivery status and all I got was ""failed to verify payment""message.",1027440,DoorDash_Help,Sun Oct 22 23:22:57 +0000 2017,"@363125 Oh no, could you please send us a DM with your email address so we can get this resolved for you.",
1027444,363126,Sun Oct 22 23:11:29 +0000 2017,"@116584 quit ripping of drivers with the ""New Pay Model"". I just had a customer told me they tipped $10. The app show me only get $7 tip!!",1027442,DoorDash_Help,Sun Oct 22 23:20:48 +0000 2017,"@363126 Hi Thomas, thanks so much for getting in touch. Please DM us and we will investigate this further.",1027443
1027447,363128,Sun Oct 22 23:05:23 +0000 2017,@116584 used your service for the first time and disappointed. Restaurant had no way to contact me about a sold out item. 1/2,1027446,DoorDash_Help,Sun Oct 22 23:13:05 +0000 2017,"@363128 Hi Jessica, I'm sorry to hear about this. Can you DM us your email address and we will reach out right away?",
1028831,363438,Mon Oct 23 03:06:23 +0000 2017,"So, @116584 should be called Door Dawdle. My food’s in the parking lot of a different restaurant. #fb",1028830,DoorDash_Help,Mon Oct 23 03:34:54 +0000 2017,"@363438 Hi Tracy, I can't believe this has happened. Please DM us with your email and we'll do our best to help.",
1028844,363441,Mon Oct 23 03:10:59 +0000 2017,"@116584 @DoorDash_Help hey doordash, I ordered food tonight and there was a foreign object in it. Can I get an answer from your staff?",1028843,DoorDash_Help,Mon Oct 23 03:30:46 +0000 2017,@363441 We are so sorry to hear about this experience. Please DM us with your email address and we will reach out right away.,
1028846,363442,Mon Oct 23 02:42:36 +0000 2017,@116584 I don't get what's going on with my order,1028845,DoorDash_Help,Mon Oct 23 02:44:35 +0000 2017,"@363442 Hi Gw, Please DM us your concerns and we will surely look into this for you. Thanks DoorDash",
1028848,363443,Mon Oct 23 01:47:30 +0000 2017,@116584 i want my money back https://t.co/a1qwh0ytfp,1028847,DoorDash_Help,Mon Oct 23 02:17:12 +0000 2017,@363443 Thanks for this message. Sorry for the trouble.  Please DM us with your email address &amp; we'll reach out right away!,
1032204,364243,Mon Oct 23 05:01:34 +0000 2017,@DoorDash_Help Thank you for cancelling our dinner order after we waited an hour and told us so by sending a discrete email. Trash service.,1032203,DoorDash_Help,Mon Oct 23 05:13:01 +0000 2017,"@364243 Hi Sean, So sorry to hear about your order. Please DM us your information and we will reach out right away. Thanks DoorDash",
1032206,364244,Mon Oct 23 04:10:30 +0000 2017,"@126257 ordered delivery thru @116584. 1 burger ordered gf, there was no label to distinguish. Couldn't eat due to allergy. Label GF!!",1032205,DoorDash_Help,Mon Oct 23 04:22:51 +0000 2017,"@364244 Hi Jessica, thanks for getting in touch. Please DM us with your email and we'll do our best to help make things right.",
1032208,190796,Mon Oct 23 03:48:32 +0000 2017,My @116584 meal was such a let down. All soggy and nasty. 😭,1032207,DoorDash_Help,Mon Oct 23 03:52:24 +0000 2017,@190796 Thanks for this message. Sorry for the trouble.  Please DM us with your email address &amp; we'll reach out right away!,
1037499,365434,Mon Oct 23 01:28:45 +0000 2017,So an hour later after @116584 said they already delivered still no food. Worst service ever. These guys suck. Please go out of business!,1037496,DoorDash_Help,Mon Oct 23 01:37:18 +0000 2017,"@365434 Hi Adam, I'm so sorry your delivery went wrong tonight. If you DM me your email address I'll get right to work fixing this.","1037497,1037498"
1037501,365435,Mon Oct 23 01:05:45 +0000 2017,@116584 so my dasher brought me the wrong order... said he will go back to the food place to fix it... he’s still MIA,1037500,DoorDash_Help,Mon Oct 23 01:10:11 +0000 2017,"@365435 Hey Erik, sorry to hear this. Can you DM us your email address and we will look in to this?",
1039862,181702,Thu Oct 12 18:09:30 +0000 2017,"@DoorDash_Help  Actually, not working in Edge either.",1039860,DoorDash_Help,Thu Oct 12 18:20:17 +0000 2017,@181702 Thanks for this message. Sorry for the trouble.  Please DM us with your email address &amp; we'll reach out right away!,1039861
1048868,367888,Sat Oct 14 19:06:16 +0000 2017,@DoorDash_Help @116584  just spent 30 mins online putting a huge order n now the payment link won't work? R u having technical issues?,1048867,DoorDash_Help,Sat Oct 14 19:43:06 +0000 2017,@367888 Thanks for this message. Sorry for the trouble caused.  Please DM us with your email address &amp; we'll reach out right away!,
1048880,367891,Sat Oct 14 17:33:12 +0000 2017,@DoorDash_Help The order arrived a half hour late and cold. 😠,1048878,DoorDash_Help,Sat Oct 14 19:12:06 +0000 2017,"@367891 I do apologize about this, could you please send us a DM with your email address so we can get this resolved for you.",1048879
1055228,369332,Fri Oct 13 02:27:59 +0000 2017,Anytime I get a free meal/free delivery notification from @116584 I open the app and it's never there. Fooled again tonight 😒,1055227,DoorDash_Help,Fri Oct 13 02:37:35 +0000 2017,@369332 Thanks for getting in touch. Please DM us with your email and we'll happily look into this for you.,
1055230,369333,Fri Oct 13 01:27:19 +0000 2017,"@DoorDash_Help hi, I just dm'd you guys. Help please :)",1055229,DoorDash_Help,Fri Oct 13 01:37:56 +0000 2017,"@369333 Thanks for contacting us &amp; we'd love to help. Please DM us with your email &amp; more info about this order, we'll reach out asap.",
1060402,370365,Sat Oct 14 20:16:20 +0000 2017,@DoorDash_Help can't schedule a time on the app? Tried on multiple accounts.,1060401,DoorDash_Help,Sat Oct 14 20:19:09 +0000 2017,@370365 Oh so sorry to hear that. Try to uninstall the app and reinstall it again.,
10614,117940,Wed Nov 01 00:22:10 +0000 2017,When all you want is a good burger and @116584 and @697 let you down... is this a trick or where is my treat? #HappyHalloween,10613,DoorDash_Help,Wed Nov 01 00:27:35 +0000 2017,@117940 Hey Katlyn. So sorry about this. Please DM us your info and we will reach out to you right away! Thanks DoorDash,
10616,117941,Tue Oct 31 23:05:01 +0000 2017,@116584 Your customer support is awful. I’ve been waiting over two hours for my food.,10615,DoorDash_Help,Tue Oct 31 23:17:01 +0000 2017,@117941 Thanks for this message. Sorry for the trouble.  Please DM us with your email address &amp; we'll reach out right away!,
10618,117942,Wed Nov 01 00:01:42 +0000 2017,@DoorDash_Help DM'd,10620,DoorDash_Help,Wed Nov 01 00:32:39 +0000 2017,"@117942 Oh no! I'm really sorry to hear about this, I have went ahead and credited the cost of the item back to your DoorDash account.",
10619,117942,Tue Oct 31 21:16:29 +0000 2017,"@DoorDash_Help Just DM'd you guys, had an awful lunch experience.",10617,DoorDash_Help,Tue Oct 31 23:11:12 +0000 2017,@117942 Thanks for this message. Sorry for the trouble.  Please DM us with your email address &amp; we'll reach out right away!,10618
1077103,374118,Fri Oct 13 15:04:04 +0000 2017,"@DoorDash_Help $5 off my first delivery coupon, didn't work when i used it. Kinda bummed. Can you review? No exp. date — Order #54557783 https://t.co/3R8KS2T41C",1077102,DoorDash_Help,Fri Oct 13 15:07:21 +0000 2017,@374118 Please DM us with your email address and we can help!,
1079101,374552,Sun Oct 15 00:47:12 +0000 2017,"Hey @116584 I don't want your credits for the order that restaurant cancelled on me, I want a FULL REFUND. Terrible 1st time experience",1079100,DoorDash_Help,Sun Oct 15 00:51:31 +0000 2017,"@374552 I do apologize about this, could you please send us a DM with your email address so we can get this resolved for you.",
1079103,374553,Sun Oct 15 00:25:04 +0000 2017,Breaking up w @116584 charging account 5 times after telling me wasn't going through. Spent 1hr calling my bank to dispute. still hungry,1079102,DoorDash_Help,Sun Oct 15 00:29:19 +0000 2017,"@374553 Hey there, can you DM us your email address &amp; we will reach out right away?",
1079105,205348,Sun Oct 15 00:04:09 +0000 2017,@116584 what is up with your app? I'm trying to schedule a dash for tomorrow in Walnut Creek and it will not let you why??,1079104,DoorDash_Help,Sun Oct 15 00:13:44 +0000 2017,@205348 Thanks for this message. Sorry for the trouble.  Please DM us with your email address &amp; we'll reach out right away!,
1088160,376669,Sun Oct 15 01:49:18 +0000 2017,@DoorDash_Help I never got my credit for paying with Apple pay. How does that work?,1088158,DoorDash_Help,Sun Oct 15 02:03:49 +0000 2017,@376669 Thanks for this message. Sorry for the trouble caused.  Please DM us with your email address &amp; we'll reach out right away!,1088159
1088162,376670,Sun Oct 15 01:14:12 +0000 2017,@376671 @DoorDash_Help It’s my dads card 😭😭😭,1088161,DoorDash_Help,Sun Oct 15 02:02:37 +0000 2017,@376670 Thanks for this message. Sorry for the trouble caused.  Please DM us with your email address &amp; we'll reach out right away!,
1088176,376674,Sun Oct 15 01:00:11 +0000 2017,Seriously fired up @116584 told me order was on its way 45 min ago Now they're telling me it will b another 45 min @DoorDash_Help Booo! 😡,1088175,DoorDash_Help,Sun Oct 15 01:59:36 +0000 2017,"@376674 Thanks for reaching out about this, Could you please DM us with your email address so we can get this issue resolved.",
1088178,376675,Sun Oct 15 01:00:45 +0000 2017,@116584 i just ordered a ton of boneless wings w/ sauce from buffalo wild wings and someone else's nasty bone-in no sauce wings came #mad,1088177,DoorDash_Help,Sun Oct 15 01:56:48 +0000 2017,@376675 Thanks for this message. Sorry for the trouble.  Please DM us with your email address &amp; we'll reach out right away!,
1094918,378364,Sun Oct 15 03:42:39 +0000 2017,When you wait an hour for fuckass @116584 only for them to mess up your order and give you meat! I fucking hate them 2 times already 😩!!!,1094917,DoorDash_Help,Sun Oct 15 03:52:04 +0000 2017,"@378364 Hi Angelica, Please DM us, We would love to get this resolved for you! Thanks DoorDash",
1094921,378365,Sun Oct 15 03:35:46 +0000 2017,"@DoorDash_Help been waiting for sms confirmation text to come through for like 10 minutes now, anyway someone can help me out?",1094919,DoorDash_Help,Sun Oct 15 03:38:22 +0000 2017,"@378365 Thanks for getting in touch, could you please send us a DM with your email address so we can get this resolved for you.",1094920
1094923,126412,Sun Oct 15 03:23:38 +0000 2017,Why do I ever use @116584!?! This is maybe the tenth experience IN A ROW that was unacceptable. So hunnnnnngryyyyyy.,1094922,DoorDash_Help,Sun Oct 15 03:27:09 +0000 2017,"@126412 Hi Ic, Please DM us and let us know how we can help. Thanks DoorDash",
1095044,378401,Mon Oct 23 19:39:21 +0000 2017,@DoorDash_Help referal just completed his order and it got delivered. I still do not have the credit in my account,1095043,DoorDash_Help,Mon Oct 23 20:32:39 +0000 2017,"@378401 Thanks for reaching out, Could you please DM us with your email address and we will look into this for you.",
1095064,378406,Mon Oct 23 19:11:07 +0000 2017,@116584 @DoorDash_Help hello? Is this thing on?,1095061,DoorDash_Help,Mon Oct 23 20:30:43 +0000 2017,"@378406 Thanks for reaching out about this , Could you please DM us with your email address so we can resolve this for you.","1095062,1095063"
1095066,378407,Mon Oct 23 18:04:55 +0000 2017,"@116584 Part of my order is missing, can I get a partial refund?",1095065,DoorDash_Help,Mon Oct 23 20:22:20 +0000 2017,"@378407 Thanks for this message, Could you please DM us with your email address and we will take care of this for you right away.",
1095068,378408,Mon Oct 23 17:35:19 +0000 2017,"other than that I paid @116584 like $20 and my food will be stone cold when it gets here, if it ever does at this rate.",1095067,DoorDash_Help,Mon Oct 23 20:18:51 +0000 2017,"@378408 Thanks for reaching out about this, Could you please DM us with your email address so we can get this resolved for you.",
1095070,251926,Mon Oct 23 18:17:29 +0000 2017,@DoorDash_Help @116584  is TERRIBLE. DONT USE THIS SERVICE,1095069,DoorDash_Help,Mon Oct 23 20:18:11 +0000 2017,"@251926 Hi Tatyana, sorry to hear this. Can you DM us with your email address and we will check this out?",
1095073,378409,Mon Oct 23 17:18:09 +0000 2017,@116584 @DoorDash_Help,1095071,DoorDash_Help,Mon Oct 23 20:13:42 +0000 2017,"@378409 Thanks for reaching out, Could you please DM us with your email address so we can get this resolved for you.",1095072
1095076,378410,Mon Oct 23 17:21:28 +0000 2017,@DoorDash_Help tried to leave feedbak on FAQ but already had about driver.My pizza arrived luke warm at best. on a ~$50 tab i expected more,1095075,DoorDash_Help,Mon Oct 23 20:03:35 +0000 2017,"@378410 Hey John, thanks for your message. Can you DM us your email address and we will reach out right away?",
1095078,378411,Mon Oct 23 17:08:03 +0000 2017,"@116584 thanks an hour to get my jack the box, and then the driver ""can't find my house"" and he leaves with my breakfast! No food here!",1095077,DoorDash_Help,Mon Oct 23 19:59:20 +0000 2017,"@378411 Thanks for reaching out, Could you please DM us with your email address so we can look into this.",
1106384,381110,Mon Oct 23 22:35:24 +0000 2017,@DoorDash_Help I am visiting my daughter and used referral code but it is not doing anything,1106383,DoorDash_Help,Mon Oct 23 23:06:29 +0000 2017,@381110 Thanks for getting in touch and we would absolutely love to help with this. Please DM us and we will reach out right away.,
110854,140654,Thu Nov 23 18:35:12 +0000 2017,"@116584 @DoorDash_Help why when I sign into my account, I can no longer search by restaurant type? As soon as I put in the address, I can no longer search! It's also the guy sitting beside me who's frustrated. You guys have really dropped the ball on this one!",110852,DoorDash_Help,Thu Nov 23 18:38:47 +0000 2017,"@140654 Hi!. Please send us a DM with your email address at @doordash_help, and we will take a closer look right away.",110853
1111964,382435,Tue Oct 24 01:26:24 +0000 2017,"@116584 I watched on GPS as my driver browsed through TJMaxx for 10mins after pickup before delivering my food lukewarm, 10mins late. https://t.co/msqNqg2K0O",1111962,DoorDash_Help,Tue Oct 24 01:38:43 +0000 2017,"@382435 Thanks for reaching out , Could you please DM us with your email address so we can get this investigated for you.",1111963
1111967,382436,Tue Oct 24 01:06:09 +0000 2017,@116584 hey guys I sent my buddy a link to get a free delivery. I never got the credits for it. Can you help out?,1111965,DoorDash_Help,Tue Oct 24 01:34:22 +0000 2017,"@382436 Thanks for reaching out, We would love to help out, Please DM us with your email address and we will take care of this.",1111966
1112487,382550,Sat Oct 14 04:01:25 +0000 2017,@116584 She just called back to tell me she can't clock out until i cancel my order.,1112486,DoorDash_Help,Sat Oct 14 04:22:52 +0000 2017,"@382550 We feel awful that you're having this experience, please DM us with your email and we'll be delighted to help.",
1115701,383264,Tue Oct 24 02:30:37 +0000 2017,Hey @116584 - we never signed up for you and we have repeatedly said we weren’t interested in partnering - please take us off your site.,1115698,DoorDash_Help,Tue Oct 24 02:51:31 +0000 2017,"@383264 Thanks for reaching out, Please DM us so we can get this resolved for you.","1115699,1115700"
1115703,383267,Tue Oct 24 02:56:56 +0000 2017,"@116584 lol Um, hey guys? I think things are a little backwards... Can we switch this somehow so I can order my food tomorrow please? https://t.co/kbZ77Tzh6X",1115702,DoorDash_Help,Tue Oct 24 03:11:14 +0000 2017,"@383267 Thanks for reaching out, Could you please DM us with your email address so we can get this resolved for you.",
1115705,383268,Tue Oct 24 02:50:55 +0000 2017,Oficially never using @116584 again. Not only did the driver spill my soup in the bag (ruining all food);they want to give me $3 in credit,1115704,DoorDash_Help,Tue Oct 24 03:06:36 +0000 2017,"@383268 Thanks for reaching out , Could you please DM us with your email address so we can get this resolved for you.",
1115708,383269,Tue Oct 24 02:34:15 +0000 2017,Any other #yeg restaurants been added to @116584 witjout your approval? #notcool #somanyissues  #yegfood,1115706,DoorDash_Help,Tue Oct 24 03:04:16 +0000 2017,"@383269 Thanks for reaching out, Could you please DM us and we will take care of this for you.",1115707
1115710,383271,Tue Oct 24 02:24:09 +0000 2017,@116584 my promo code isn't working!  How do I contact someone?!?,1115709,DoorDash_Help,Tue Oct 24 02:47:54 +0000 2017,"@383271 Thank you for reaching out, Could you please DM us with your email address so we can resolve this for you.",
1115713,383272,Tue Oct 24 02:21:31 +0000 2017,@DoorDash_Help i ordered almost an hour and a half ago and my dasher just decided not to deliver it and ended my delivery 🙃,1115711,DoorDash_Help,Tue Oct 24 02:43:42 +0000 2017,"@383272 Thanks for reaching out, Could you please DM us with your email address so we can get this resolved.",1115712
1115716,383273,Tue Oct 24 02:16:19 +0000 2017,@116584 my food is over 30 minutes late,1115714,DoorDash_Help,Tue Oct 24 02:38:58 +0000 2017,"@383273 Thanks for getting in touch, Could you please DM us with your email address so we can resolve this for you.",1115715
1115718,383274,Tue Oct 24 01:59:34 +0000 2017,@116584 of course my account was already charged for this. @383275 sent a burrito when we ordered chicken bite. Fix this or refund! https://t.co/ftJ3tnxD4I,1115717,DoorDash_Help,Tue Oct 24 02:36:51 +0000 2017,"@383274 Thanks for reaching out, Could you please DM us with your email address so we can get this resolved for you.",
1119006,176178,Tue Oct 24 04:03:46 +0000 2017,@116584  Trying to use the code you sent me. Cannot log in with that email. Password recovery email not arriving. What am I to do?,1119005,DoorDash_Help,Tue Oct 24 04:24:13 +0000 2017,@176178 Thanks for reaching out about this could you please Dm us with your email address so we can get this resolved for you.,
1119008,384015,Tue Oct 24 03:48:30 +0000 2017,"@116584 Order didn't go thru, said it couldn't process my payment. My bank statement says I was charged twice. Please help.",1119007,DoorDash_Help,Tue Oct 24 04:20:23 +0000 2017,"@384015 Thanks for reaching out about this, We would love to help. Please DM us with your email address so we can investigate this.",
1148775,390337,Sat Oct 14 22:58:33 +0000 2017,@DoorDash_Help I keep getting shown this when I search a restaurant wtf. I deleted the app &amp; downloaded it again &amp; it’s still doing it wtf! https://t.co/UqDkcKrRzN,1148774,DoorDash_Help,Sat Oct 14 23:13:47 +0000 2017,"@390337 Hey there, can you DM us your email address &amp; we will look in to this?",
1151873,391071,Sun Oct 15 00:45:13 +0000 2017,@116584 How can you honestly charge a service fee when your company is incapable of delivering food on time. #theworstever,1151871,DoorDash_Help,Sun Oct 15 00:57:35 +0000 2017,@391071 Thanks for contacting us here &amp; we'd love to make this right. Please DM us with your email &amp; we'll reach out right away.,1151872
1157073,188747,Sun Oct 15 04:07:32 +0000 2017,Really annoyed at @116584 just wanted some chowder delivered but declined all my cards even though all have plenty. 😬😬,1157072,DoorDash_Help,Sun Oct 15 04:13:51 +0000 2017,"@188747 Thanks for reaching out about this, Could you please DM us with your email address so we can take care of this for you.",
1160723,135858,Sat Nov 25 18:44:32 +0000 2017,Really want to love @116584 but their customer service has room for improvement.,1160722,DoorDash_Help,Sat Nov 25 18:52:19 +0000 2017,"@135858 Hi there!, Thank you for your feedback. Please send us a DM with your email address at @doordash_help, so we can learn more.",
1160725,393086,Sat Nov 25 18:23:30 +0000 2017,"@116584 my card was charged but the app shows nothing was ordered, help I'm Literally dying of starvation.",1160724,DoorDash_Help,Sat Nov 25 18:30:27 +0000 2017,"@393086 Hi Kyle. Please send us a DM with your email address at @doordash_help, and we will take a closer look right away.",
1160727,393087,Sat Nov 25 17:03:52 +0000 2017,@116584 i want to cancel my account but you guys don't have that option on your app or your website. how do i delete it?,1160726,DoorDash_Help,Sat Nov 25 17:10:19 +0000 2017,"@393087 Hi there!. Please send us a DM with your email address at @doordash_help, and we will take a closer look right away.",
1160729,166695,Sat Nov 25 16:41:55 +0000 2017,@DoorDash_Help I’m still waiting for a response on some I send you guys like 3 weeks ago,1160728,DoorDash_Help,Sat Nov 25 16:51:37 +0000 2017,@166695  Hi! We're sorry for the late response. Please send us a DM with your email address at @doordash_help and we'll follow up!,
116556,141967,Thu Nov 23 20:01:06 +0000 2017,@DoorDash_Help how do I know if a restaraunt is open today ? Shows open on DoorDash but I try to call them to confirm and no answer,116555,DoorDash_Help,Thu Nov 23 20:19:06 +0000 2017,"@141967 Hi. Please send us a DM with your email address at @doordash_help, So we can verify what restaurants are open near you.",
1172360,395757,Sun Oct 15 12:19:49 +0000 2017,Deleting @116584 from my phone. Too many late night orders not being delivered and it’s not even that it’s how they handle it.,1172359,DoorDash_Help,Sun Oct 15 14:31:05 +0000 2017,@395757 Hey! If there's anything we can help with just DM us with your email address and we'll reach out :),
1175139,396413,Sun Oct 15 20:27:22 +0000 2017,@116584 is trash dont waste time or money,1175138,DoorDash_Help,Sun Oct 15 20:34:15 +0000 2017,"@396413 Hi there, thanks for reaching out. Can you DM us your email address and we will look in to this?",
1175148,396415,Sun Oct 15 20:12:21 +0000 2017,Was happy since we were gonna get Bao Down for lunch then got sad real quick when I found out the @116584 cancelled :(,1175147,DoorDash_Help,Sun Oct 15 20:18:42 +0000 2017,"@396415 Hi Audie, so sorry to hear this! Send us a DM with your email address and we will check this out?",
1175150,396416,Sun Oct 15 19:58:08 +0000 2017,@116584 I don’t think I’ll be using or recommending you guys again.,1175149,DoorDash_Help,Sun Oct 15 20:09:14 +0000 2017,"@396416 Hey David, sorry to hear about this. Can you send us a DM with your email address &amp; we will reach out right away?",
1175152,396417,Sun Oct 15 19:15:51 +0000 2017,"@116584 your ios app is ext buggy (selects incorrect item, deleting item errors out); web app works fine, but i'd prefer to order on phone",1175151,DoorDash_Help,Sun Oct 15 20:06:01 +0000 2017,"@396417 Thanks for reaching out, Could you please DM us with your email address and we will get that resolved for you.",
1175175,396426,Sun Oct 15 17:22:25 +0000 2017,"@116584 second order in a row, an hour late. Three strikes and you’re out, y’all. Geez. https://t.co/WHmxSx7L3m",1175174,DoorDash_Help,Sun Oct 15 19:28:26 +0000 2017,"@396426 I do apologize about this, could you please send us a DM with your email address so we can get this resolved.",
1175181,396428,Sun Oct 15 16:51:02 +0000 2017,@116584 went to try your app with the first free delivery. Order was cancelled and now I lost my free trial?,1175180,DoorDash_Help,Sun Oct 15 19:21:23 +0000 2017,"@396428 Oh no, could you please send us a DM with your email address so we can get this resolved for you.",
1175372,396477,Tue Oct 24 20:17:57 +0000 2017,"@116584 I referred my girlfriend and she placed an order, but I never got the credit. Any way you can help?",1175371,DoorDash_Help,Tue Oct 24 20:23:40 +0000 2017,@396477 Thanks for this message. Sorry for the trouble.  Please DM us with your email address &amp; we'll reach out right away!,
1175374,396478,Tue Oct 24 20:17:34 +0000 2017,@DoorDash_Help my driver left his credit card in my delivery bag. I’m not sure how to get it back to him.,1175373,DoorDash_Help,Tue Oct 24 20:20:57 +0000 2017,@396478 Thanks for this message. Sorry for the trouble.  Please DM us with your email address &amp; we'll reach out right away!,
1175376,396479,Tue Oct 24 17:31:31 +0000 2017,"@DoorDash_Help I got an order confirmation email, but it's not me! Anything I should do? Or just let it be...",1175375,DoorDash_Help,Tue Oct 24 20:10:01 +0000 2017,@396479 Thanks for this message. Sorry for the trouble.  Please DM us with your email address &amp; we'll reach out right away!,
1175378,396480,Tue Oct 24 18:28:20 +0000 2017,@DoorDash_Help Can you check if your Lost Password emails are going out?  I'm hungry :),1175377,DoorDash_Help,Tue Oct 24 19:36:36 +0000 2017,@396480 Thanks for this message. Sorry for the trouble.  Please DM us with your email address &amp; we'll reach out right away!,
1175380,396481,Tue Oct 24 17:38:18 +0000 2017,@116584 Im getting an outside delivery range notice 4 a rest. I order from all the time even tho it appears in the options. Pls advise.,1175379,DoorDash_Help,Tue Oct 24 19:34:48 +0000 2017,"@396481 Thanks for letting us know, please DM us with your email address and we'll investigate this further.",
1175382,396482,Tue Oct 24 17:47:09 +0000 2017,@DoorDash_Help why am I being charged 2 different prices on the same order? I ordered the same yesterday with no additional fee!!,1175381,DoorDash_Help,Tue Oct 24 19:34:03 +0000 2017,@396482 Thanks for getting in touch and we would love to help. Please DM us with your email address &amp; we'll reach out right away.,
1176177,396680,Tue Oct 24 18:59:02 +0000 2017,"@116584 help I am trying to order from Grimaldi’s in El Segundo and the menu says limited , with no option to order actual pizza.",1176175,DoorDash_Help,Tue Oct 24 23:56:02 +0000 2017,@396680 Thanks so much and we are so sorry about the trouble. Please DM us with your email address and we will reach out right away.,1176176
1176181,396681,Tue Oct 24 17:56:17 +0000 2017,@116584 help! https://t.co/tkYKCBgHRL,1176178,DoorDash_Help,Tue Oct 24 23:46:45 +0000 2017,"@396681 Hi Lisa, thanks for getting in touch. If you still require assistance, please DM us with your email &amp; we'll reach out right away","1176179,1176180"
1176183,396682,Tue Oct 24 23:27:31 +0000 2017,@116584 My dasher just called me and said that someone else took my order at the restaurant. What do I do now?,1176182,DoorDash_Help,Tue Oct 24 23:41:00 +0000 2017,@396682 Thanks for this message. Sorry for the trouble.  Please DM us with your email address &amp; we'll reach out right away!,
1182393,398060,Tue Oct 24 02:41:13 +0000 2017,@116584 @11342 Ummmm well that's nice and all but my order is just flat out wrong #notimpressed https://t.co/PiMO1RRfUF,1182392,DoorDash_Help,Tue Oct 24 22:21:54 +0000 2017,@398060 Thanks for this message. Sorry for the trouble.  Please DM us with your email address &amp; we'll reach out right away!,
1182396,241611,Mon Oct 23 23:14:56 +0000 2017,@390322 @116584 We're sorry to hear this happened. Please DM us so that we can look into this.,1182395,DoorDash_Help,Tue Oct 24 22:01:45 +0000 2017,"@241611 @390322 We are sorry about this experience. Do you still require assistance? If so, please DM us with your email address.",
1182399,398061,Mon Oct 23 11:33:41 +0000 2017,@116584 At that point I just gave my boyfriend his number cause he wouldn’t stop harassing me for a date,1182398,DoorDash_Help,Tue Oct 24 21:44:39 +0000 2017,"@398061 We're sorry about this experience, it is completely unacceptable. Please DM us with your email &amp; we'll reach out right away.",
1182402,398062,Mon Oct 23 07:24:51 +0000 2017,@398063 @116584 @DoorDash_Help Tell nations its problems😂😂 my milkshake gone be melted,1182401,DoorDash_Help,Tue Oct 24 21:36:58 +0000 2017,@398062 Thanks for contacting DoorDash. Please DM us with your email address if you require assistance &amp; we'll reach out right away.,
1182406,398064,Tue Oct 24 21:01:29 +0000 2017,"@DoorDash_Help First time I ordered with you, horrible experience and service. You cancelled my order and I haven't gotten my money back.",1182405,DoorDash_Help,Tue Oct 24 21:10:28 +0000 2017,"@398064 We are so sorry about this Sofia. Please DM us with your email address, we will investigate this and make this right.",
1182408,398064,Tue Oct 24 20:59:13 +0000 2017,"@116584 First time I ordered on your app, horrible experience, horrible service. Cancelled my order and haven't gotten my money back.",1182407,DoorDash_Help,Tue Oct 24 21:08:51 +0000 2017,@398064 Thanks for this message. Sorry for the trouble.  Please DM us with your email address &amp; we'll reach out right away!,
1188481,399480,Wed Oct 25 04:59:49 +0000 2017,This nigga @116584 farreal stole my food bruh,1188478,DoorDash_Help,Wed Oct 25 05:02:34 +0000 2017,@399480 Thanks for this message. Sorry for the trouble.  Please DM us with your email address &amp; we'll reach out right away!,"1188479,1188480"
1190322,399769,Sun Oct 15 21:56:44 +0000 2017,🛑 #DoorDash app failed but still managed to put 2 charges on my card and restaurant has no orders pending for me. @DoorDash_Help,1190320,DoorDash_Help,Sun Oct 15 22:05:13 +0000 2017,"@399769 Thanks for reaching out about this, Could you please DM us with your email address so we can get this resolved for you.",1190321
1196261,401072,Wed Oct 25 02:21:34 +0000 2017,Did u know? @116584 can pick up 4 orders/deliveries while your @315055 pizza is in the car cold and soggy? https://t.co/dEdcovvwIj,1196258,DoorDash_Help,Wed Oct 25 02:26:24 +0000 2017,"@401072 Hi Lisa, I am very sorry about the trouble caused but if you could DM us your email address we will be more than happy to help!","1196259,1196260"
1196266,401073,Wed Oct 25 01:48:12 +0000 2017,"@116584 y’all really be having too many glitches and lost me $50....where the food at cuz, y’all keep playin so I’m done with this app",1196263,DoorDash_Help,Wed Oct 25 01:54:33 +0000 2017,@401073 Thanks for this message. Sorry for the trouble.  Please DM us with your email address &amp; we'll reach out right away!,"1196264,1196265"
1196269,401074,Wed Oct 25 01:41:51 +0000 2017,"@401075 @116584 freaking driver just handed it to me like this and ran off w/o comment, I open my pizza to find this, right as he drove off",1196267,DoorDash_Help,Wed Oct 25 01:47:19 +0000 2017,@401074 Im very sorry about the trouble caused but if you could DM us the email address on your account we will be more than happy to help,1196268
1196274,401076,Wed Oct 25 00:40:23 +0000 2017,@116584 I was texted a credit for an order that got cancelled but I don't see it...,1196272,DoorDash_Help,Wed Oct 25 00:47:38 +0000 2017,"@401076 Hey Joshua, I'm very sorry about the trouble caused but if you could DM us your email address we would love to help out!",1196273
1199376,401798,Wed Oct 25 04:18:57 +0000 2017,2 hours no food no refund nothing @116584 @DoorDash_Help  the most unreliable delivery service out #disappointed,1199374,DoorDash_Help,Wed Oct 25 04:22:30 +0000 2017,@401798 Thanks for this message. Sorry for the trouble.  Please DM us with your email address &amp; we'll reach out right away!,1199375
1199380,401799,Wed Oct 25 03:18:12 +0000 2017,"lol @116584 just refunded me 0.99 of a $17 order wtf - also, yes im still at the studio rn bc im scared to go home to #Dodgers traffic",1199377,DoorDash_Help,Wed Oct 25 03:29:47 +0000 2017,@401799 Thanks for this message. Sorry for the trouble.  Please DM us with your email address &amp; we'll reach out right away!,"1199378,1199379"
1199383,401800,Wed Oct 25 03:07:23 +0000 2017,@116584 told me delivery by 8:06. According to app. Driver still hasn't even picked up my order 💁🏽‍♂️,1199381,DoorDash_Help,Wed Oct 25 03:16:14 +0000 2017,@401800 Thanks for this message. Sorry for the trouble.  Please DM us with your email address &amp; we'll reach out right away!,1199382
1199386,401801,Wed Oct 25 03:02:04 +0000 2017,@17315 delivered by @116584 &amp; neither company wants to do anything about the undercooked chicken I received customer service my ass! https://t.co/1hl7tzxXCp,1199384,DoorDash_Help,Wed Oct 25 03:10:45 +0000 2017,@401801 Thanks for this message. Sorry for the trouble.  Please DM us with your email address &amp; we'll reach out right away!,1199385
1199390,401802,Wed Oct 25 02:42:26 +0000 2017,@116584 Not the first time either. Not the first time dasher has passed our house and not stopped.,1199387,DoorDash_Help,Wed Oct 25 02:56:10 +0000 2017,@401802 Thanks for this message. Sorry for the trouble.  Please DM us with your email address &amp; we'll reach out right away!,"1199388,1199389"
1199394,183975,Wed Oct 25 02:38:06 +0000 2017,"No @116584, we don't want to wait another 90 mins for an order we placed an hour ago... WTH!?!?",1199392,DoorDash_Help,Wed Oct 25 02:54:40 +0000 2017,"@183975 Hi Jason, we are so sorry about this experience. Please DM us with your email and we will make this right as soon as possible.",1199393
1210163,166680,Mon Oct 23 23:38:37 +0000 2017,@DoorDash_Help Why is Moe's unavailable at my delivery address? :( I've ordered it before...,1210160,DoorDash_Help,Wed Oct 25 09:51:29 +0000 2017,@166680 Thanks for the great question! Stores change their delivery radius' with us so just check in the future for it coming back!,"1210161,1210162"
1221632,151320,Sun Oct 15 23:53:28 +0000 2017,@116584 I didn’t order a loaded baked potato I ordered potato soup. I had my son check it.,1221629,DoorDash_Help,Mon Oct 16 00:12:54 +0000 2017,"@151320 Hi Sheila, So sorry your order was wrong. Please DM us your number and email address and we will reach out to you. Thank you","1221630,1221631"
1232090,408973,Wed Oct 25 18:40:53 +0000 2017,@116584 messed up my order &amp; now I have no way of letting them know,1232088,DoorDash_Help,Wed Oct 25 19:23:09 +0000 2017,"@408973 Thanks for reaching out, Could you please DM us with your email address so we can get this resolved.",1232089
1232093,408974,Wed Oct 25 16:58:51 +0000 2017,@DoorDash_Help Can I get some help? I just got my order and it’s neither complete nor correct. Restaurant told me to take it up with you.,1232091,DoorDash_Help,Wed Oct 25 19:19:53 +0000 2017,@408974 Thanks for reaching out  Could you please DM us with your email address so we can get this issue resolved for you.,1232092
1236783,116583,Wed Oct 25 15:29:03 +0000 2017,.@DoorDash_Help Is there another file share other than File Dropper?  For some reason I keep getting an error https://t.co/FRF8AWsd4f,1236781,DoorDash_Help,Wed Oct 25 17:35:16 +0000 2017,@116583  Hi William!! Can you please DM us who you were trying to send this to and we can help from there? Thanks!! :),1236782
1237520,410288,Mon Oct 16 01:10:13 +0000 2017,@DoorDash_Help Also the fact that I can only review the restaurant and the dasher is bad (and misleading). DD itself is never accountable for problems.,1237519,DoorDash_Help,Mon Oct 16 01:54:26 +0000 2017,@410288 Thanks for this message. Sorry for the trouble.  Please DM us with your email address &amp; we'll reach out right away!,
1237528,166642,Mon Oct 16 01:29:39 +0000 2017,@DoorDash_Help my customer ratings went down and I know for sure I have 13 100% surveys my customer rating was 4.77 I had an emergency flat,1237527,DoorDash_Help,Mon Oct 16 01:34:45 +0000 2017,@166642 Thanks for this message. Sorry for the trouble.  Please DM us with your email address &amp; we'll reach out right away!,
1237530,410290,Mon Oct 16 01:24:04 +0000 2017,@116584 and food always missing I really don’t think they give a rats ass about retaining customers 2/2,1237529,DoorDash_Help,Mon Oct 16 01:28:17 +0000 2017,@410290 Thanks for this message. Sorry for the trouble.  Please DM us with your email address &amp; we'll reach out right away!,
1237535,410291,Mon Oct 16 00:50:11 +0000 2017,@116584  You have some real shitty drivers that cant be bothered to actually deliver your food!!!,1237531,DoorDash_Help,Mon Oct 16 00:53:14 +0000 2017,@410291 Thanks for this message. Sorry for the trouble.  Please DM us with your email address &amp; we'll reach out right away!,"1237532,1237533,1237534"
1244309,411923,Wed Oct 25 23:10:21 +0000 2017,"@116584 i am trying to place an order on your website but nothing gets added to the cart when i click ""add to cart"". Help!",1244307,DoorDash_Help,Wed Oct 25 23:12:37 +0000 2017,"@411923 Oh no! I'm really sorry to hear about this, please DM us your email address and we'll reach out right away!",1244308
1244311,158961,Wed Oct 25 22:48:51 +0000 2017,@DoorDash_Help I’d like to know why the $15 credit I was given wasn’t applied to my order.,1244310,DoorDash_Help,Wed Oct 25 22:53:49 +0000 2017,"@158961 Oh no! I'm really sorry to hear about this, please DM us your email address and we'll reach out right away!",
1244316,411924,Wed Oct 25 22:20:44 +0000 2017,Really frustrated with @116584 and @116788. Called multiple times to let you know restaurant is not open yet. Still receiving orders.,1244312,DoorDash_Help,Wed Oct 25 22:34:37 +0000 2017,@411924 Thanks so much for reaching and we are sorry for the trouble. Please DM us with more info and we fix this asap.,"1244313,1244314,1244315"
1244320,411925,Wed Oct 25 04:28:10 +0000 2017,@401800 @116584 wtf,1244317,DoorDash_Help,Wed Oct 25 21:45:53 +0000 2017,@411925 Hi Sniffard. Please DM us your information and we will reach out to you to get this sorted. Sorry for the inconvenience. DoorDash,"1244318,1244319"
1244328,411926,Wed Oct 25 21:10:34 +0000 2017,Trying to order food and they charged my card but didn't put the order through 🙃 I just wanna eat before stream @DoorDash_Help 😭,1244325,DoorDash_Help,Wed Oct 25 21:44:01 +0000 2017,"@411926 Oh no! I'm really sorry to hear about this, please DM us your email address and we'll reach out right away!","1244326,1244327"
1244332,333277,Wed Oct 25 00:24:26 +0000 2017,"@116584 Did you guys make it so you can't sort by type of cuisine anymore, or is this some kind of browser error? https://t.co/Vua4pJVfK4",1244330,DoorDash_Help,Wed Oct 25 21:20:27 +0000 2017,"@333277 Thanks for reaching out, Could you please DM us with your email address, so we can look into this.",1244331
124648,143914,Fri Nov 24 00:33:29 +0000 2017,@DoorDash_Help the app paused for no reason and it's not letting me log back on I'm going to lose all my hours,124647,DoorDash_Help,Fri Nov 24 00:38:08 +0000 2017,"@143914 Hi Please send us a DM with your email address at @doordash_help, and we will take a closer look right away.",
1248697,412973,Thu Oct 26 01:01:46 +0000 2017,"Hey @116584, trying to order a pizza from #grimaldis in El Segundo and your site is saying I can't. What's up?",1248695,DoorDash_Help,Thu Oct 26 01:20:26 +0000 2017,"@412973 Thanks for reaching out, Could you please DM us with your email address so we can look into this for you.",1248696
1248701,412974,Wed Oct 25 23:42:56 +0000 2017,@116584 has once gain proven that they are completely incompetent 😂 and how none of their employees know how to read,1248698,DoorDash_Help,Wed Oct 25 23:48:23 +0000 2017,"@412974 Oh no! I'm really sorry to hear about this, please DM us your email address and we'll reach out right away!","1248699,1248700"
1250943,413486,Thu Oct 26 03:35:11 +0000 2017,@DoorDash_Help hey. your app changed my address to a wrong one and now my dasher says he's not delivering my $40+ order? what's up? help?,1250940,DoorDash_Help,Thu Oct 26 03:37:39 +0000 2017,"@413486 Oh no! I'm really sorry to hear about this, please DM us your email address and we'll reach out right away!","1250941,1250942"
1250947,413487,Thu Oct 26 03:07:39 +0000 2017,So does doordash give you your money back or something if they mess up your order 🙄 @116584,1250944,DoorDash_Help,Thu Oct 26 03:14:03 +0000 2017,@413487 Thanks for this message. Sorry for the trouble.  Please DM us with your email address &amp; we'll reach out right away!,"1250945,1250946"
1258095,414804,Mon Oct 16 03:59:28 +0000 2017,Hey @116584 thanks for the horrible pizza delivery! https://t.co/4gshtGjO5Y,1258094,DoorDash_Help,Mon Oct 16 04:05:17 +0000 2017,@414804 Thanks for this message. Sorry for the trouble.  Please DM us with your email address &amp; we'll reach out right away!,
1258433,414867,Mon Oct 16 03:05:05 +0000 2017,@116584 just got abused my one of your drivers who then demanded cash from me at 8pm in the dark. Will never order from you again.,1258432,DoorDash_Help,Mon Oct 16 03:16:09 +0000 2017,"@414867 Hi Seka, I'm so sorry that this has happened. Please send us a DM with your details as we will investigate this driver!",
1258435,414868,Mon Oct 16 02:51:24 +0000 2017,First time using @116584 which advertises 45 min delivery - 1.75hrs later I get my cold food. Huge disappointment.,1258434,DoorDash_Help,Mon Oct 16 02:53:29 +0000 2017,"@414868 Oh no, could you please send us a DM with your email address so we can get this resolved.",
1258503,414884,Thu Oct 26 07:41:31 +0000 2017,"@116584 Trying to become a dasher, but I can't finish sign up bc every time I try to submit background check info, I get error msg.",1258501,DoorDash_Help,Thu Oct 26 07:45:52 +0000 2017,@414884 Thanks for this message. Sorry for the trouble.  Please DM us with your email address &amp; we'll reach out right away!,1258502
1258506,414885,Thu Oct 26 06:17:45 +0000 2017,"@DoorDash_Help Just experienced horrible service. 🕰 to part ways with u. After 30x orders, obvious pattern of company &amp; systematically bad.",1258504,DoorDash_Help,Thu Oct 26 06:20:25 +0000 2017,@414885 Thanks for this message. Sorry for the trouble.  Please DM us with your email address &amp; we'll reach out right away!,1258505
1286290,420861,Thu Oct 26 00:50:36 +0000 2017,Hey @116584 it’s gotten to the point where I expect something to be wrong with my order.,1286288,DoorDash_Help,Thu Oct 26 18:38:20 +0000 2017,@420861 @116584 We are sorry you feel this way. Please DM us with your email so we can make this right.,1286289
1286293,420862,Thu Oct 26 00:34:14 +0000 2017,#DoorDash delivery lost a customer tonight. Apparently if they deliver by est time doesn’t matter if hot food is cold or frozen food is melted. Cust service sucked and never tried to make it right. #doordash #lostacustomer,1286291,DoorDash_Help,Thu Oct 26 18:05:19 +0000 2017,@420862 Can you dm us your email associated with your DoorDash account so that we can fix this for you.,1286292
1286298,420863,Thu Oct 26 17:56:43 +0000 2017,"Classic move by @116584, order food give customers an eta, but have driver pick up 3 orders at once and be over 40 min past delivery time.  Real smooth move #hack",1286295,DoorDash_Help,Thu Oct 26 18:02:47 +0000 2017,@420863 Hi Jared! We'd love to check out. Please DM us your e-mail address so we can locate your account and follow up with you.,"1286296,1286297"
1286301,259309,Thu Oct 26 16:28:25 +0000 2017,Hey @DoorDash_Help had great food with @126257 but my friends and I didn't get our sauces on the side as requested.. Lil dry :'( 😭😭,1286299,DoorDash_Help,Thu Oct 26 16:35:49 +0000 2017,"@259309 I do apologize, could you please send us a DM with your email address so we can get this resolved for you.",1286300
1292863,422341,Thu Oct 26 20:14:28 +0000 2017,"Bro... for my $37 order to be late from @116584 has my mad af It’s already been an hour wait, and now it’s 10mins late. And I tipped....😤",1292860,DoorDash_Help,Thu Oct 26 20:19:16 +0000 2017,"@422341 Hi, Sorry to hear about this if you can DM us your email address we can certainly look into this for you.","1292861,1292862"
1292869,422342,Thu Oct 26 19:24:49 +0000 2017,"@DoorDash_Help Per my credit card statement, I was double-billed for a delivery. How do we fix? Your site is useless for this purpose.",1292867,DoorDash_Help,Thu Oct 26 19:42:17 +0000 2017,"@422342 Oh no! I'm really sorry to hear about this, please DM us your email address and we'll reach out right away!",1292868
1292873,422343,Thu Oct 26 18:59:01 +0000 2017,@DoorDash_Help I referred a friend. I even helped with info/driving tips &amp; she forgot to mention my name at orientation.. anything I can do?,1292870,DoorDash_Help,Thu Oct 26 19:09:38 +0000 2017,"@422343 Hey Magarita, thank you for reaching out. Could you please DM us your email address and we will reach out right away!","1292871,1292872"
1305076,424962,Fri Oct 27 01:08:19 +0000 2017,???? @116584 https://t.co/0etTF0usY7,1305075,DoorDash_Help,Fri Oct 27 01:42:18 +0000 2017,"@424962 Thanks for reaching out, Could you please DM us with your email address so we can investigate this for you.",
1305078,424963,Thu Oct 26 23:50:15 +0000 2017,"@DoorDash_Help why does the app keep saying ""cart not available anymore""?",1305077,DoorDash_Help,Fri Oct 27 00:04:02 +0000 2017,@424963 Thanks for this message. Sorry for the trouble.  Please DM us with your email address &amp; we'll reach out right away!,
1305080,424964,Thu Oct 26 23:48:00 +0000 2017,@DoorDash_Help Filed support ticket for being double charged 48+ hours ago; never got a response (except survey) spam checked. Ref #18660085,1305079,DoorDash_Help,Thu Oct 26 23:51:51 +0000 2017,"@424964 Hi Andrew, thank you for reaching out, If you could please DM us you email address we would love to help out.",
1308975,425900,Fri Oct 27 04:02:30 +0000 2017,nvr arrived! They sent it again to come at 9:48 pm. That’s late. And I don’t trust @116584 now Is @116057 a get what you pay for sitch?,1308974,DoorDash_Help,Fri Oct 27 04:14:28 +0000 2017,"@425900 Hi, thanks for reaching out, If you could please DM us you email address we can certainly look into this for you!",
1308977,425901,Fri Oct 27 03:37:29 +0000 2017,Um @DoorDash_Help you’ve canceled BOTH of my orders tonight. AFTER I wait for an hour for the food each time. I AM FUCKING HUNGRY UHG.,1308976,DoorDash_Help,Fri Oct 27 03:42:07 +0000 2017,@425901 Thanks for this message. Sorry for the trouble.  Please DM us with your email address &amp; we'll reach out right away!,
1308980,425902,Fri Oct 27 03:35:44 +0000 2017,@425903 @116584 @54798 very ok with that outcome,1308979,DoorDash_Help,Fri Oct 27 03:39:40 +0000 2017,@425902 Thanks for this message. Sorry for the trouble.  Please DM us with your email address &amp; we'll reach out right away!,
1308986,425904,Fri Oct 27 02:50:24 +0000 2017,@116584 7 calls over the span of an hour to tell me the same thing  AND still no food? Girl BYE! - a hangry customer https://t.co/o3k6fyqr22,1308985,DoorDash_Help,Fri Oct 27 03:01:12 +0000 2017,"@425904 Oh no! I'm really sorry to hear about this, please DM us your email address and we'll reach out right away!",
1308988,425905,Fri Oct 27 02:41:59 +0000 2017,@DoorDash_Help this is the second time I refer a friend and still no account credit 🙄,1308987,DoorDash_Help,Fri Oct 27 02:55:43 +0000 2017,@425905 Thanks for this message. Sorry for the trouble.  Please DM us with your email address &amp; we'll reach out right away!,
1308990,425906,Fri Oct 27 02:42:37 +0000 2017,Neither @116057 @116584 delivery to my apartment. What gives?,1308989,DoorDash_Help,Fri Oct 27 02:51:38 +0000 2017,@425906 Thanks for this message. Sorry for the trouble.  Please DM us with your email address &amp; we'll reach out right away!,
1308992,425907,Fri Oct 27 02:24:57 +0000 2017,@116584 can suck it. Driver picked up food. Decided 2 far 2 drive. Now waiting on 2nd driver 4 food supposed to be here 30 min ago #hangry,1308991,DoorDash_Help,Fri Oct 27 02:28:29 +0000 2017,"@425907 Thanks for reaching out, Could you please DM us with your email address so we can make this right for you.",
1308994,425908,Fri Oct 27 02:18:20 +0000 2017,@116584 hey guys. Trying to place an order &amp; it won’t let me select a delivery time &amp; I can’t complete the order,1308993,DoorDash_Help,Fri Oct 27 02:25:39 +0000 2017,"@425908 Thanks for reaching out about this, We would love to help. Please DM us with your email address so we can get this resolved.",
1308997,425909,Fri Oct 27 02:16:00 +0000 2017,@116584 Im trying to get my Dasher account set up and getting a 404 error when I try to submit my W9 docusign. Any help?,1308995,DoorDash_Help,Fri Oct 27 02:19:27 +0000 2017,"@425909 Thanks for reaching out, We would love to help. Could you please DM us with your email address so we can look into this.",1308996
132336,145858,Fri Nov 24 07:09:29 +0000 2017,@116584 your app isn’t working !,132333,DoorDash_Help,Fri Nov 24 07:21:07 +0000 2017,@145858 Oh no I am so sorry to hear this. Please DM us at @doordash_help and we will reach out!,"132334,132335"
132338,145860,Fri Nov 24 07:07:42 +0000 2017,@DoorDash_Help why cant i log into my account? im hungry...,132337,DoorDash_Help,Fri Nov 24 07:19:11 +0000 2017,"@145860  Hi Fia, so sorry, the DoorDash system is currently undergoing essential maintenance but will be up and running real soon.",
1335035,171674,Fri Oct 27 12:10:41 +0000 2017,"In our area, @116584 will deliver Denny's. I'm curious to know if anyone has actually ordered in Denny's...",1335033,DoorDash_Help,Fri Oct 27 13:09:52 +0000 2017,"@171674 

Can you please let us know which area you are currently?",1335034
1342478,433110,Fri Oct 27 15:40:05 +0000 2017,@DoorDash_Help hey so why wasn't my ordered delivered when the dasher said it'd be and now they wont answer my calls,1342477,DoorDash_Help,Fri Oct 27 15:57:57 +0000 2017,"@433110 Oh no, could you please send us a DM with your email address so we can get this resolved for you.",
1342485,433112,Fri Oct 27 15:42:04 +0000 2017,"@DoorDash_Help @116584 pls call me ASAP? 404.402.6786 ur note says restaurant rejected my order, restaurant says they’re taking them",1342484,DoorDash_Help,Fri Oct 27 15:56:16 +0000 2017,"@433112 I do apologize about this, could you please send us a DM with your email address so we can get this resolved.",
1342489,433110,Fri Oct 27 15:39:14 +0000 2017,@116584 hey so why don't I have my food when the dasher said it was delivered and now they won't answer my calls,1342488,DoorDash_Help,Fri Oct 27 15:55:41 +0000 2017,@433110 Thanks for this message. Sorry for the trouble.  Please DM us with your email address &amp; we'll reach out right away!,
1347313,434190,Wed Oct 18 15:50:24 +0000 2017,"Another day, another @116584 order that’s ruined",1347312,DoorDash_Help,Wed Oct 18 15:55:42 +0000 2017,@434190 Thanks for this message. Sorry for the trouble.  Please DM us with your email address &amp; we'll reach out right away!,
1352751,435473,Fri Oct 27 16:55:26 +0000 2017,@116584 @30973 can we get some promo codes plz I have never tried and would love to https://t.co/mnFQQmZo1C,1352749,DoorDash_Help,Fri Oct 27 17:42:08 +0000 2017,"@435473 Hi Pablo, please DM us with your email and we'll be delighted to help",1352750
1357164,436419,Wed Oct 18 19:13:51 +0000 2017,@DoorDash_Help just tried to use a promo I was emailed today and it is not working..,1357162,DoorDash_Help,Wed Oct 18 19:39:18 +0000 2017,@436419 Hey! I would love to check this out for you! Can you please DM us your email address? Happy to help!,1357163
1363107,437390,Fri Oct 27 19:50:11 +0000 2017,Sooo my pizza from @116584 was freezing cold 😑,1363105,DoorDash_Help,Fri Oct 27 20:06:05 +0000 2017,"@437390  Hi! We'd be happy to check this out, please DM us your email address so we can locate your account and follow up with you.",1363106
1363110,437391,Fri Oct 27 19:49:17 +0000 2017,My boss ordered our whole team @56404 through @116584 and they messed up EVERY SINGLE ONE,1363108,DoorDash_Help,Fri Oct 27 19:54:15 +0000 2017,@437391 Thanks for this message. Sorry for the trouble.  Please DM us with your email address &amp; we'll reach out right away!,1363109
1363113,437392,Fri Oct 27 18:32:41 +0000 2017,@DoorDash_Help Why was my order just cancelled without any explanation 5 minutes before the delivery time?,1363111,DoorDash_Help,Fri Oct 27 19:34:46 +0000 2017,"@437392 Oh no! I'm really sorry to hear about this, please DM us your email address and we'll reach out right away!",1363112
1363115,437392,Fri Oct 27 18:32:08 +0000 2017,@116584 canceled my order last minute and sent me a confusing email that makes it seem like I canceled it!  We were expecting the delivery,1363114,DoorDash_Help,Fri Oct 27 19:26:33 +0000 2017,@437392 We'd love to clear this up! May we ask you to DM us your e-mail address so we can investigate this and follow up with you.,
1363118,437393,Fri Oct 27 17:35:03 +0000 2017,@116584 -where can I find a customer service phone number?,1363116,DoorDash_Help,Fri Oct 27 19:16:01 +0000 2017,@437393 Thanks for getting in touch. Please DM us with your email address &amp; we'll reach out right away!,1363117
1370114,438919,Fri Oct 27 23:08:34 +0000 2017,@DoorDash_Help Thanks for the free delivery promo code. Do you have once that actually works? Your delivery is too expensive in 1st place,1370112,DoorDash_Help,Fri Oct 27 23:13:15 +0000 2017,@438919 Thanks for this message. Sorry for the trouble.  Please DM us with your email address &amp; we'll reach out right away!,1370113
1370118,438920,Fri Oct 27 22:36:06 +0000 2017,"@DoorDash_Help trying to place order w/a promo code I got sent TODAY, keep getting message that it's expired. Email says works to Oct 31.",1370116,DoorDash_Help,Fri Oct 27 22:42:09 +0000 2017,"@438920 Hi Laura , We can definitely look into this for you! Can you DM us your email address and promo code your using.",1370117
1370120,438921,Fri Oct 27 21:52:28 +0000 2017,Strike 2 in a row @116584 time to delete you off my phone. Back to back salads ordered from @11342 and ZERO dressing!! SMH,1370119,DoorDash_Help,Fri Oct 27 22:05:39 +0000 2017,"@438921 Thanks for getting in touch, Can you DM us your email address so can look into this for you!",
1370122,438922,Fri Oct 27 21:07:05 +0000 2017,@DoorDash_Help I can’t choose a delivery time,1370121,DoorDash_Help,Fri Oct 27 21:23:27 +0000 2017,@438922 Thanks for this message. Sorry for the trouble.  Please DM us with your email address &amp; we'll reach out right away!,
1370125,438923,Fri Oct 27 20:18:34 +0000 2017,Hey @116584 can you have someone bring my order it’s been an hour 😭,1370123,DoorDash_Help,Fri Oct 27 21:00:37 +0000 2017,@438923 Hi thanks for getting in touch with us. Please DM your email and we can certainly look into this for you!,1370124
1370706,439065,Sat Nov 25 21:37:21 +0000 2017,"First attempt using @116584.  Put in address, pick restaurant from list, collect family orders, go to checkout, told that restaurant unavailable for my address.  Last attempt using door dash.",1370705,DoorDash_Help,Sat Nov 25 21:41:55 +0000 2017,"@439065 Hi Brian, We're sorry about this experience. Please send us a DM with your email address at @doordash_help. We can assist you",
1370708,439066,Sat Nov 25 19:47:58 +0000 2017,@DoorDash_Help I just received my order and it wasn’t in very good shape. Most of the soup was spilled during delivery https://t.co/69n0iOxLS2,1370707,DoorDash_Help,Sat Nov 25 20:51:45 +0000 2017,"@439066 Hi. Please send us a DM with your email address at @doordash_help, and we will take a closer look right away.",
1370711,439067,Sat Nov 25 20:24:57 +0000 2017,@DoorDash_Help I ordered food last night and it never came. Went to check my order history today and its non existent yet yall still took my money. I want my $27.72 back 😡,1370709,DoorDash_Help,Sat Nov 25 20:35:54 +0000 2017,"@439067 . Please send us a DM with your email address at @doordash_help, and we will take a closer look right away.",1370710
1370715,409483,Sat Nov 25 19:59:34 +0000 2017,"My favorite @116584 feature is how they turn $31.65 into $48.69 when you press the ""Checkout"" button. 😃",1370713,DoorDash_Help,Sat Nov 25 20:13:37 +0000 2017,@409483 Hi there!. We apologize for the frustration. Please send us a DM with your email address at @doordash_help.​ happy to help,1370714
1370719,439068,Sat Nov 25 19:00:29 +0000 2017,@116584 as long as you don't offer any other payment options than Apple Pay I will not use your services,1370716,DoorDash_Help,Sat Nov 25 19:09:15 +0000 2017,@439068 Hi! Please send us a direct message with your email address at @doordash_help so we can give you more info about payments.,"1370717,1370718"
1375680,440228,Fri Oct 27 23:20:26 +0000 2017,Ummmmm @116584 @DoorDash_Help https://t.co/oQImdLfuxi,1375679,DoorDash_Help,Fri Oct 27 23:42:40 +0000 2017,@440228 Hi Melanie! We'd like to check this out may I ask you to DM us your e-mail address so we can locate your account! Thanks.,
1379058,441062,Sat Oct 28 02:22:35 +0000 2017,@116584 or maybe publish a phone number we can call when you deliver the wrong food,1379057,DoorDash_Help,Sat Oct 28 04:15:25 +0000 2017,"@441062 Oh no! I'm really sorry to hear about this, please DM us your email address and we'll reach out right away!",
1379060,441063,Sat Oct 28 02:30:46 +0000 2017,"@DoorDash_Help Chats not working, apps not working. Says our order isn't even on the way.. its been stuck for an hr+. Can we get a refund? https://t.co/lLMqxRNdtR",1379059,DoorDash_Help,Sat Oct 28 04:14:20 +0000 2017,"@441063 Oh no! I'm really sorry to hear about this, please DM us your email address and we'll reach out right away!",
1379062,441064,Sat Oct 28 02:22:35 +0000 2017,@DoorDash_Help This is a joke. https://t.co/sMLn4UrkPr,1379061,DoorDash_Help,Sat Oct 28 04:09:28 +0000 2017,"@441064 Oh no! I'm really sorry to hear about this, please DM us your email address and we'll reach out right away!",
1379066,441065,Sat Oct 28 02:55:30 +0000 2017,@116584 @57221 Received food throwing it away cold late and leaking .@DoorDash_Help,1379065,DoorDash_Help,Sat Oct 28 04:04:58 +0000 2017,"@441065 Oh no! I'm really sorry to hear about this, please DM us your email address and we'll reach out right away!",
1379069,441066,Sat Oct 28 01:52:04 +0000 2017,@116584 sends an email for free delivery... App and website both error out repeatedly. Good prank I guess?,1379068,DoorDash_Help,Sat Oct 28 02:05:55 +0000 2017,@441066 Thanks for this message. Sorry for the trouble.  Please DM us with your email address &amp; we'll reach out right away!,
1379072,441067,Sat Oct 28 01:21:42 +0000 2017,@116584 would be great if i ever get my order! still waiting,1379070,DoorDash_Help,Sat Oct 28 02:04:39 +0000 2017,"@441067 Hey Rylan, so sorry to hear this! Can you DM us your email address and we will reach out right away?",1379071
1379076,426807,Sat Oct 28 01:50:33 +0000 2017,"@116584 My promo code isn't working, can you help me out?",1379075,DoorDash_Help,Sat Oct 28 02:02:36 +0000 2017,"@426807 Oh no! I'm really sorry to hear about this, please DM us your email address and we'll reach out right away!",
1379078,441069,Sat Oct 28 01:32:00 +0000 2017,"@116584 what's the typical ETA when your driver brings the wrong order then says he'll ""be back later""?",1379077,DoorDash_Help,Sat Oct 28 01:56:07 +0000 2017,@441069 Thanks for this message. Sorry for the trouble.  Please DM us with your email address &amp; we'll reach out right away!,
1379080,441070,Sat Oct 28 00:53:19 +0000 2017,@DoorDash_Help Been so disappointed with the last two orders. The 'help' section on the app does not satisfy the need to heard about issues.,1379079,DoorDash_Help,Sat Oct 28 01:51:33 +0000 2017,"@441070 Hey Alexeyeva, Please DM us and we will reach out to you right away. Your experience with us is important! Thanks DoorDash",
1381405,441524,Sat Oct 28 06:03:10 +0000 2017,@DoorDash_Help Done... no response.,1381407,DoorDash_Help,Sat Oct 28 06:30:37 +0000 2017,@441524 Thanks for this message. Sorry for the trouble.  Please DM us with your email address &amp; we'll reach out right away!,
1381406,441524,Sat Oct 28 05:31:34 +0000 2017,This is my second bad experience with @DoorDash_Help this week. 😔,1381404,DoorDash_Help,Sat Oct 28 05:37:20 +0000 2017,@441524 Sorry to hear about this! Can you DM us your email address and we will reach out right away?,1381405
1381410,441525,Sat Oct 28 04:51:39 +0000 2017,"@116584 what's wrong with you? NO DELIVERY. Order shows as ""delivered"" ... after 20 mins on hold, support says she'll call back. NOTHING!",1381408,DoorDash_Help,Sat Oct 28 04:59:42 +0000 2017,@441525 Thanks for this message. Sorry for the trouble.  Please DM us with your email address &amp; we'll reach out right away!,1381409
1381412,441526,Sat Oct 28 04:20:45 +0000 2017,does @116584 have like 5 people working for them? should not take over an hour to get my order.,1381411,DoorDash_Help,Sat Oct 28 04:57:11 +0000 2017,@441526 Thanks for this message. Sorry for the trouble.  Please DM us with your email address &amp; we'll reach out right away!,
1381415,441527,Sat Oct 28 04:38:34 +0000 2017,@441528 @116584 my was cold AND soggy. They just gave us about $4 for their terrible service. I'm amazed at the disrespectful amt,1381413,DoorDash_Help,Sat Oct 28 04:55:27 +0000 2017,@441527 Thanks for this message. Sorry for the trouble.  Please DM us with your email address &amp; we'll reach out right away!,1381414
1381419,441529,Sat Oct 28 03:32:41 +0000 2017,@116584 my order has taken an hour and 32 mins and I can literally see my dasher chillin at a Texaco for another 15 mins...???????,1381418,DoorDash_Help,Sat Oct 28 04:47:12 +0000 2017,"@441529 Oh no! I'm really sorry to hear about this, please DM us your email address and we'll reach out right away!",
1381421,441530,Sat Oct 28 03:39:09 +0000 2017,@116584 need someone to contact me customer support. Placed an order which never got delivered and response from support,1381420,DoorDash_Help,Sat Oct 28 04:46:16 +0000 2017,"@441530 Oh no! I'm really sorry to hear about this, please DM us your email address and we'll reach out right away!",
1381423,441531,Sat Oct 28 03:42:45 +0000 2017,@116584 it's 8:40 and your driver got lost in Berkeley coming from Solano Ave. #dobetter #stillhungry https://t.co/XNUTl6iRMN,1381422,DoorDash_Help,Sat Oct 28 04:46:07 +0000 2017,"@441531 Oh no! I'm really sorry to hear about this, please DM us your email address and we'll reach out right away!",
1381425,441532,Sat Oct 28 03:17:24 +0000 2017,@116584 @116584 also I’m #145 in line for chat - if it’s going to be hours I need to cancel this order,1381424,DoorDash_Help,Sat Oct 28 04:38:55 +0000 2017,"@441532 Oh no! I'm really sorry to hear about this, please DM us your email address and we'll reach out right away!",
1381428,441530,Sat Oct 28 03:31:24 +0000 2017,@DoorDash_Help what is up with your chat support?  Unable to connect re delivery that never arrived!!!,1381427,DoorDash_Help,Sat Oct 28 04:37:20 +0000 2017,"@441530 Oh no! I'm really sorry to hear about this, please DM us your email address and we'll reach out right away!",
1381430,441533,Sat Oct 28 03:26:59 +0000 2017,@116584 wtf you said my food was delivered and I never got anything.  Never Ever ever using you again 😡😡😡,1381429,DoorDash_Help,Sat Oct 28 04:34:52 +0000 2017,"@441533 Oh no! I'm really sorry to hear about this, please DM us your email address and we'll reach out right away!",
1381432,441534,Sat Oct 28 03:01:48 +0000 2017,Also apparently @116584 doesn’t have or hides their customer service email? I can’t seem to find it anywhere,1381431,DoorDash_Help,Sat Oct 28 04:27:44 +0000 2017,"@441534 Oh no! I'm really sorry to hear about this, please DM us your email address and we'll reach out right away!",
1381434,441535,Sat Oct 28 03:07:08 +0000 2017,"Want to spend $60 for cold pizza and wait an hour and a half for it to arrive? There's an app* for that!

* @116584",1381433,DoorDash_Help,Sat Oct 28 04:27:18 +0000 2017,"@441535 Oh no! I'm really sorry to hear about this, please DM us your email address and we'll reach out right away!",
1381436,441065,Sat Oct 28 02:37:50 +0000 2017,Yo .@DoorDash_Help probably the last time I use you? https://t.co/KfiYYnJwDO,1381435,DoorDash_Help,Sat Oct 28 04:22:44 +0000 2017,"@441065 Oh no! I'm really sorry to hear about this, please DM us your email address and we'll reach out right away!",
1381438,441536,Sat Oct 28 02:47:56 +0000 2017,@116584 your UI is so 2005. First you parse my address as West 4th Ave now your UI wont let me delete or mod the wrong address to E 4th?,1381437,DoorDash_Help,Sat Oct 28 04:22:14 +0000 2017,"@441536 Oh no! I'm really sorry to hear about this, please DM us your email address and we'll reach out right away!",
1381440,441537,Sat Oct 28 02:51:12 +0000 2017,If I wanted KFC I would have ordered it. Instead I @116584 65 wings from @277925 and received them with no sauce and the wrong receipt.,1381439,DoorDash_Help,Sat Oct 28 04:21:47 +0000 2017,"@441537 Oh no! I'm really sorry to hear about this, please DM us your email address and we'll reach out right away!",
1381442,441538,Sat Oct 28 02:30:44 +0000 2017,@116584 Lol and the CS rep killed the chat so now I get this. https://t.co/q9jsead9Ro,1381441,DoorDash_Help,Sat Oct 28 04:17:12 +0000 2017,"@441538 Oh no! I'm really sorry to hear about this, please DM us your email address and we'll reach out right away!",
13816,118897,Wed Nov 01 01:23:59 +0000 2017,@DoorDash_Help my dasher has been 5-8 minutes away for 40 minutes. what's going on? they won't respond. https://t.co/6Fjjh3jzMy,13814,DoorDash_Help,Wed Nov 01 01:27:23 +0000 2017,"@118897 Hi Becca, Please DM us and we will surely look into this for you right away. Thanks DoorDash",13815
13818,118899,Wed Nov 01 00:34:29 +0000 2017,@116584 will you be operating on thanksgiving?,13817,DoorDash_Help,Wed Nov 01 01:11:29 +0000 2017,"@118899 Hi Bryan, Thanks so much for contacting today. Please DM us and we will reach out to you right away. Thanks DoorDash",
13821,118900,Wed Nov 01 00:59:11 +0000 2017,@116584 just got this from my dasher...WTF? https://t.co/tXu2pJsRkG,13819,DoorDash_Help,Wed Nov 01 01:09:41 +0000 2017,@118900 Thanks for this message. Sorry for the trouble.  Please DM us with your email address &amp; we'll reach out right away!,13820
13825,118898,Wed Nov 01 00:43:06 +0000 2017,@DoorDash_Help wow so you guys just pick and choose who you want to respond to?,13822,DoorDash_Help,Wed Nov 01 00:48:33 +0000 2017,"@118898 Oh no! I'm really sorry to hear about this, please DM us your email address and we'll reach out right away!","13823,13824"
1389481,179387,Sat Oct 28 09:28:48 +0000 2017,@383275  @116584  Dont put guac on the chips for to go orders. Was going to save for  tomorrow but now my chips are soggy https://t.co/b6zSFSPoM1,1389480,DoorDash_Help,Sat Oct 28 09:48:06 +0000 2017,@179387 Thanks for this message. Sorry for the trouble.  Please DM us with your email address &amp; we'll reach out right away!,
1407993,118898,Wed Nov 01 19:07:27 +0000 2017,@DoorDash_Help why are you guys ignoring my inquiry?,1407991,DoorDash_Help,Wed Nov 01 21:43:24 +0000 2017,"@118898 Hey Lila, thanks for reaching out, we've followed up with an e-mail about this matter. Please check your email for an update!",1407992
1407996,447275,Wed Nov 01 21:19:45 +0000 2017,"@116584 plz add a ""tip after delivery"" option. I would like to tip the drivers accordingly based on service.",1407995,DoorDash_Help,Wed Nov 01 21:26:43 +0000 2017,@447275  Thanks for this message. Sorry for the trouble.  Please DM us with your email address &amp; we'll reach out right away!,
1407998,447276,Wed Nov 01 21:02:22 +0000 2017,"@DoorDash_Help When I try to create an account is says one already exists for my email. When I try to reset my password, I never get emailed",1407997,DoorDash_Help,Wed Nov 01 21:03:33 +0000 2017,@447276 Thanks for this message. Sorry for the trouble.  Please DM us with your email address &amp; we'll reach out right away!,
1408001,447277,Wed Nov 01 20:49:10 +0000 2017,"@116584 Waiting for 2 hours on a 40 minute delivery, a ""slashed"" tire that no one told us about and 4 separate people calling me. #HELP",1407999,DoorDash_Help,Wed Nov 01 20:55:03 +0000 2017,@447277 Thanks for this message. Sorry for the trouble.  Please DM us with your email address &amp; we'll reach out right away!,1408000
1415158,138083,Thu Nov 02 01:38:33 +0000 2017,"Hey @116584, someone hacked my account in Toronto and ordered $200 worth of sushi. I can’t find a phone # for you, can you help?",1415157,DoorDash_Help,Thu Nov 02 01:51:11 +0000 2017,@138083 Thanks for this message. Sorry for the trouble.  Please DM us with your email address &amp; we'll reach out right away!,
1415160,121491,Thu Nov 02 01:17:56 +0000 2017,@DoorDash_Help ordered during game 7 and didn't get a whole entree! I don't want a refund I want my food! Wtf?,1415159,DoorDash_Help,Thu Nov 02 01:34:13 +0000 2017,@121491 Thanks for this message. Sorry for the trouble.  Please DM us with your email address &amp; we'll reach out right away!,
1415162,121491,Thu Nov 02 01:17:16 +0000 2017,@116584 ordered during game 7 and didn't get an entire entree!!! I don't want a refund. I want my food!,1415161,DoorDash_Help,Thu Nov 02 01:34:13 +0000 2017,@121491 Thanks for this message. Sorry for the trouble.  Please DM us with your email address &amp; we'll reach out right away!,
1415164,448868,Thu Nov 02 01:00:59 +0000 2017,Hey @116584  your drivers keep taking half of my food ....am I getting refunded from feeding your drivers or is this a thing,1415163,DoorDash_Help,Thu Nov 02 01:13:23 +0000 2017,@448868 Thanks for this message. Sorry for the trouble.  Please DM us with your email address &amp; we'll reach out right away!,
1420004,129559,Wed Nov 01 20:59:58 +0000 2017,@450107 @116584 @115877 None of those apps are used in my area. So they don’t offer crap.,1420003,DoorDash_Help,Wed Nov 01 22:42:48 +0000 2017,"@129559 Oh no! I'm really sorry to hear about this, please DM us your email address and we'll reach out right away!",
1425313,451137,Thu Nov 02 03:57:34 +0000 2017,@DoorDash_Help I just ordered a $16 salad and it came without dressing 😐 I can’t eat this giant thing dry how do I get a full refund?,1425312,DoorDash_Help,Thu Nov 02 04:07:59 +0000 2017,@451137 Thanks for this message. Sorry for the trouble.  Please DM us with your email address &amp; we'll reach out right away!,
1425315,451138,Thu Nov 02 03:41:24 +0000 2017,Hey @116584 it’s been 30 mins since I was supposed to receive my food. I’ve been waiting since 9:51. I’m starving. I’m irate. Plz help. https://t.co/z9ic34IAml,1425314,DoorDash_Help,Thu Nov 02 03:50:55 +0000 2017,@451138 Thanks for this message. Sorry for the trouble.  Please DM us with your email address &amp; we'll reach out right away!,
1425317,451139,Thu Nov 02 02:49:55 +0000 2017,"@DoorDash_help Hey doordash, put in an order over 2 hrs ago, dasher is MIA. Got 30 hungry people....",1425316,DoorDash_Help,Thu Nov 02 02:54:57 +0000 2017,@451139 Thanks for this message. Sorry for the trouble.  Please DM us with your email address &amp; we'll reach out right away!,
1425319,166646,Thu Nov 02 02:32:17 +0000 2017,@DoorDash_Help the Order has already been done!!!!!!!! Can take this off so i can drop the food off https://t.co/vFMCT7a1V7,1425318,DoorDash_Help,Thu Nov 02 02:35:20 +0000 2017,@166646 Thanks for this message. Sorry for the trouble.  Please DM us with your email address &amp; we'll reach out right away!,
1425321,241563,Thu Nov 02 01:15:32 +0000 2017,Man - 2 failed deliveries in a row from @DoorDash_Help. https://t.co/xayXQ2HaUw,1425320,DoorDash_Help,Thu Nov 02 02:27:58 +0000 2017,@241563 Hey Matt. So sorry to hear about your orders. Please DM us your information and we will be in touch right away. Thanks DoorDash,
1425325,451140,Thu Nov 02 02:10:03 +0000 2017,@116584 can a brother get a free delivery promo code?,1425324,DoorDash_Help,Thu Nov 02 02:15:30 +0000 2017,"@451140 Hi Michael, at the moment we have no promos available. We do send promos to you email when available.",
1428520,451816,Thu Nov 02 05:03:57 +0000 2017,@DoorDash_Help I requested full refund on my $37 order when the dasher gave me the wrong food; only received a $2.99 credit? Please fix this,1428519,DoorDash_Help,Thu Nov 02 05:21:16 +0000 2017,"@451816 Oh no! I'm really sorry to hear about this, please DM us your email address and we'll reach out right away!",
1430562,194022,Thu Nov 02 06:01:21 +0000 2017,@DoorDash_Help Really? Or....,1430560,DoorDash_Help,Thu Nov 02 06:53:47 +0000 2017,@194022 Hi Beth. I've sent you an email as the reply I wanted to give you is too big for a Tweet.,1430561
1436760,453543,Sun Dec 03 00:19:46 +0000 2017,where is my food @DoorDash_Help???,1436759,DoorDash_Help,Sun Dec 03 00:27:11 +0000 2017,"@453543 Hey there, DM us your email address and we will reach out right away!",
1436794,255369,Sun Dec 03 00:09:39 +0000 2017,"@116584 @DoorDash_Help Terrible experience ordering food from you.  App charged my card, no order placed!  Had to Google search for support phone line.  Support agent LIED and refused to refund immediately or offer a credit.  Never using your service again. Can't trust you.",1436793,DoorDash_Help,Sun Dec 03 00:25:43 +0000 2017,"@255369 Hi Drew, sorry to hear this. Can you DM us your email address and we will reach out right away?",
1438331,453812,Sat Dec 02 23:37:51 +0000 2017,Ugh. Last two @116584 deliveries were way late and today's is missing part of the order. (A refund is a no-brainer but what is one person supposed to eat?) That's three strikes. #youreout,1438330,DoorDash_Help,Sun Dec 03 00:09:27 +0000 2017,"@453812 Hi Karen, Can you DM us your email address so we can look into this for you?",
1450564,456598,Sat Oct 28 20:37:12 +0000 2017,@DoorDash_Help i received an email offering me two free deliveries through 10/31 but when i enter the code it doesn't apply.,1450562,DoorDash_Help,Sat Oct 28 20:40:50 +0000 2017,"@456598 Hi Ellen, Could you DM us your email address and the promo code your are trying to us so we can look into this for you!",1450563
1450566,456599,Sat Oct 28 18:46:40 +0000 2017,"@116584  why is my app telling me ""my cart is not available anymore""?  After about 20 min waiting to order what I added to my cart",1450565,DoorDash_Help,Sat Oct 28 20:18:04 +0000 2017,"@456599 Hi Chris, we can check this from our end, please DM us your e-mail address so we can locate your account and follow up. Thank!",
1450568,456600,Sat Oct 28 20:00:03 +0000 2017,@116584 @DoorDash_Help I looked up the restaurant to check on my order and found that the restaurant is listed as permanently closed...,1450567,DoorDash_Help,Sat Oct 28 20:13:47 +0000 2017,"@456600 Hi ,We can certainly look into this for you! Could you DM your email address so we can look into this!",
1450570,456600,Sat Oct 28 19:59:01 +0000 2017,@116584 @DoorDash_Help just used the app to order food. As the delivery time approached I hadn’t received any updates.....,1450569,DoorDash_Help,Sat Oct 28 20:02:33 +0000 2017,@456600 Thanks for this message. Sorry for the trouble.  Please DM us with your email address &amp; we'll reach out right away!,
1450573,456601,Sat Oct 28 19:10:04 +0000 2017,@DoorDash_Help iOS app bug: Cannot view entire error message on promo code page. Hilarious given tons of blank space below. Word wrap! https://t.co/cQO0zGksbz,1450571,DoorDash_Help,Sat Oct 28 19:39:31 +0000 2017,@456601 Thanks for this tweet. Sorry for the trouble.  Please DM us with your email address &amp; we'll reach out right away!,1450572
1450575,456602,Sat Oct 28 19:01:04 +0000 2017,@116584 your promos never work,1450574,DoorDash_Help,Sat Oct 28 19:36:44 +0000 2017,@456602 Thanks for this message. Sorry for the trouble.  Please DM us with your email address &amp; we'll reach out ASAP!,
1450577,140011,Sat Oct 28 17:10:03 +0000 2017,@116584 And the place we ordered from is MAYBE 3 miles away,1450576,DoorDash_Help,Sat Oct 28 19:31:34 +0000 2017,"@140011 Oh no! I'm really sorry to hear about this, please DM us your email address and we'll reach out right away!",
1450580,456603,Sat Oct 28 17:22:09 +0000 2017,"@116584 waited an hour for my order, the ETA kept getting longer, then was told by the Dasher the restaurant doesn't take door dash.....",1450579,DoorDash_Help,Sat Oct 28 19:18:15 +0000 2017,"@456603 Hi! We'l love to get this checked out, please DM us your e-mail address so we can locate your account and follow up with you ASAP!",
1459649,458809,Thu Nov 02 18:49:28 +0000 2017,"uhh, hey @116584 i️ thought you were going to stop marking up menu prices? why is my sandwich $2 more than the restaurant menu?",1459647,DoorDash_Help,Thu Nov 02 20:39:29 +0000 2017,"@458809 We are so sorry about this experience. Please DM us with your email address and more info and we will reach out right away,.",1459648
1459652,458810,Thu Nov 02 19:00:09 +0000 2017,@116584 ... didn't get the food 3 hrs later after I called to figure out what happened. And now you won't even comp the meal? #bebetter,1459651,DoorDash_Help,Thu Nov 02 20:35:47 +0000 2017,@458810 Thanks for this message. Sorry for the trouble.  Please DM us with your email address &amp; we'll reach out right away!,
1459654,458811,Thu Nov 02 17:19:37 +0000 2017,@DoorDash_Help I have tried emailing and sending support tickets and calling and no one is helping me.,1459653,DoorDash_Help,Thu Nov 02 20:12:37 +0000 2017,@458811 Thanks for this message. Sorry for the trouble.  Please DM us with your email address &amp; we'll reach out right away!,
1459656,268178,Thu Nov 02 15:57:48 +0000 2017,Why won't you provide me a response ? @116584,1459655,DoorDash_Help,Thu Nov 02 20:05:20 +0000 2017,"@268178 Hi Jose, I'd be delighted to help you today. Can you tell me the nature of your query and also your DoorDash email address please?",
1459658,458812,Thu Nov 02 15:45:48 +0000 2017,@DoorDash_Help Driver came to our building last night &amp; spilled drinks for order. Instead of cleaning she just left the trash in the walkway,1459657,DoorDash_Help,Thu Nov 02 19:39:43 +0000 2017,@458812 Thanks for this message. Sorry for the trouble.  Please DM us with your email address &amp; we'll reach out right away!,
1463621,459718,Mon Oct 16 16:13:17 +0000 2017,@DoorDash_Help your driver lied and said they delivered my food.  Give me my money back!,1463620,DoorDash_Help,Mon Oct 16 19:52:41 +0000 2017,"@459718 Hi Melanie, sorry to hear this. Can you DM us your email address and we will reach out right away?",
1464099,459836,Thu Nov 02 15:15:51 +0000 2017,@DoorDash_Help hey need your help! I never got the $15 credit when a referral completes their first order. Thanks!#doordash #help @116584,1464098,DoorDash_Help,Thu Nov 02 17:56:20 +0000 2017,@459836 Thanks for this message. Sorry for the trouble.  Please DM us with your email address &amp; we'll reach out right away!,
1470682,461359,Thu Nov 02 23:50:26 +0000 2017,@116584 sucks my order never got delivered smh,1470681,DoorDash_Help,Thu Nov 02 23:53:51 +0000 2017,"@461359 Thanks for reaching out, Could you please DM us your email address so we can get this issue resolved for you.",
1470684,120027,Thu Nov 02 17:33:21 +0000 2017,@116584 We gonna get a higher per mileage pay cause of the tax increase in Cali? Gas prices are starting to be too much for the money we make,1470683,DoorDash_Help,Thu Nov 02 23:22:11 +0000 2017,"@120027 Thanks for reaching out, Could you please DM us with your Email address so we can help out.",
1470692,461361,Thu Nov 02 23:08:07 +0000 2017,@DoorDash_Help I spoke with your team a few times. Issue # 197 079 71 ... you would need to follow me to Direct Message any details.,1470691,DoorDash_Help,Thu Nov 02 23:17:07 +0000 2017,@461361 Thank you for the response Andrew. Could you DM us your email address and we will be able to have the matter resolved ASAP?,
1470694,461361,Thu Nov 02 22:43:43 +0000 2017,"so this was kinda strange:
Me: please remove my credit card from my friend's account. 
@DoorDash_Help: no",1470693,DoorDash_Help,Thu Nov 02 22:46:55 +0000 2017,"@461361 Hi Andrew, could you please provide the email address on your account and we will reach out right away.",1470692
1477479,463055,Thu Nov 02 21:10:28 +0000 2017,@116584 @DoorDash_Help @DoorDash_Help still very not ok that your website does not indicate when off hours for delivery drivers are,1477478,DoorDash_Help,Thu Nov 02 22:40:16 +0000 2017,"@463055 Thanks for reaching out Rose , Could you please DM us with your email address so we can help you with this.",
1477487,463056,Thu Nov 02 22:07:32 +0000 2017,"Hey @116584 my food says delivered, but I never got it. What are you gonna do to fix this?",1477486,DoorDash_Help,Thu Nov 02 22:24:40 +0000 2017,@463056 Thanks for reaching out and I apologize about the trouble caused. If you could DM us your email address we would love to help,
1477489,463057,Thu Nov 02 21:12:51 +0000 2017,@116584 Do you have a support phone number? I wrote an email from your support page but I haven't gotten a response.,1477488,DoorDash_Help,Thu Nov 02 21:20:37 +0000 2017,@463057 Thanks for this message. Please DM us with your email address &amp; we'll reach out right away!,
1477491,177658,Thu Nov 02 19:50:55 +0000 2017,.@116584 Our lunch was delivered incorrectly. My pasta w/ chicken was missing all the chicken. We ordered Large and got Small. Please fix.,1477490,DoorDash_Help,Thu Nov 02 21:07:17 +0000 2017,@177658 I am very apologetic about the trouble caused. Could you please DM us your email address and we will reach out right away.,
1478783,463395,Fri Nov 03 05:04:17 +0000 2017,"@116584 is there a reason you charge me $7 for delivery, but it’s acceptable to be 20+ minutes late from the expected delivery time?",1478782,DoorDash_Help,Fri Nov 03 05:07:05 +0000 2017,"@463395 Thanks for reaching out, Could you please DM us with your email address so we can get this resolved for you.",
1478785,203562,Fri Nov 03 04:20:10 +0000 2017,PSA: don't use @116584. My delivery was 2 hours late - at the fault of the driver - and my food was ruined and I cannot get a refund.,1478784,DoorDash_Help,Fri Nov 03 04:31:25 +0000 2017,@203562 Thanks for this message. Sorry for the trouble.  Please DM us with your email address &amp; we'll reach out right away!,
1481097,463898,Fri Nov 03 07:14:41 +0000 2017,@DoorDash_Help Hey! Only got 4/11 items we ordered. ARE YOU SERIOUS?,1481095,DoorDash_Help,Fri Nov 03 07:21:38 +0000 2017,@463898 Thanks for this message Melissa &amp; Sorry for the trouble.  Please DM us with your email address &amp; we'll reach out right away!,1481096
1483460,464479,Fri Nov 03 02:04:00 +0000 2017,@116584 trying to figure out how to get the credits credited to my account for a referral,1483458,DoorDash_Help,Fri Nov 03 02:34:24 +0000 2017,"@464479 Thanks for reaching out, Could you please DM us with your email address so we can look into this for you.",1483459
1483466,464481,Fri Nov 03 00:45:02 +0000 2017,@116584 Just had the the worst experience.,1483464,DoorDash_Help,Fri Nov 03 00:48:05 +0000 2017,"@464481 Thank you for reaching out, If you could DM us we would love to help out in any way possible.",1483465
1486589,465239,Fri Nov 03 04:23:06 +0000 2017,Hey @116584 I ordered some food and someone named Michael threw it in my face what kind of service is this?,1486586,DoorDash_Help,Fri Nov 03 04:25:27 +0000 2017,@465239 I am terribly sorry about the trouble caused. Could you please DM us your email address and we will reach out right away.,"1486587,1486588"
1486592,465240,Fri Nov 03 03:09:54 +0000 2017,@116584 @DoorDash_Help this is now the second time in a row I’ve ordered food from you guys and it’s ended up giving me food poisoning...,1486590,DoorDash_Help,Fri Nov 03 03:13:34 +0000 2017,@465240 I am very sorry about the trouble caused but if you could DM us your email address we would love to help,1486591
1487147,477741,Fri Nov 03 12:26:45 +0000 2017,@465386 @116057 This happened to me with @116584 the other day. I had ordered food for my son and myself but only got one meal and it wasn’t mine,1541837,DoorDash_Help,Fri Nov 03 21:41:37 +0000 2017,"@477741 Hi, we are sorry to hear about the mix up with your order. Please DM us with your email address and we will make this right.",
1490681,283561,Fri Nov 03 09:10:18 +0000 2017,@116584 Never using your app again.,1490680,DoorDash_Help,Fri Nov 03 09:18:37 +0000 2017,@283561 Thanks for this message. Sorry for the trouble.  Please DM us with your email address &amp; we'll reach out right away!,
1492179,466521,Mon Oct 16 18:34:29 +0000 2017,"Welp, I'm never using @116584 again. 

Don't even know why I tried something new. Over an HOUR since I placed an order and nothing",1492178,DoorDash_Help,Mon Oct 16 21:39:44 +0000 2017,"@466521 Hi Nicole, so sorry to hear this. Can you DM us your email address and we will look in to this?",
1492194,466526,Mon Oct 16 20:04:14 +0000 2017,@116584 FOR THE LOVE OF GOD GET YOUR F*****G CUSTOMER SUPPORT TOGETHER THEY TREAT YOUR DASHERS LIKE SHIT!,1492193,DoorDash_Help,Mon Oct 16 21:18:20 +0000 2017,"@466526 Hi there, sorry to hear this. Can you DM us &amp; we will look in to this?",
1492203,466529,Mon Oct 16 18:03:54 +0000 2017,Dear @DoorDash_Help - You've officially lost a customer.,1492200,DoorDash_Help,Mon Oct 16 20:04:25 +0000 2017,"@466529 Hey Ange, thanks for your message. Can you DM us your email address &amp; we will reach out right away?","1492201,1492202"
1501715,468566,Fri Nov 03 14:46:22 +0000 2017,@116584 IS TRASH,1501714,DoorDash_Help,Fri Nov 03 14:50:11 +0000 2017,@468566 Thanks for this message. Sorry for the trouble.  Please DM us with your email address &amp; we'll reach out right away!,
1508582,470152,Fri Nov 03 12:19:52 +0000 2017,@116584 hope you serve the 70068 zipcode area soon. Too many awful stories about #ubereats,1508581,DoorDash_Help,Fri Nov 03 12:40:28 +0000 2017,@470152 thank you for share your thoughts and experiences.  We will flag this correspondence for the appropriate team here at DoorDash.,
1516936,471935,Fri Nov 03 16:30:45 +0000 2017,@116584 @DoorDash_Help Having issues with the Dasher app!!! Supposed to be dashing NOW. I. NEED. HELP.,1516935,DoorDash_Help,Fri Nov 03 17:38:52 +0000 2017,@471935 thanks for getting in touch! Please DM your email address and we will promptly assist you!,
1516938,471936,Fri Nov 03 16:20:52 +0000 2017,"@116584 Two weeks in a row I have tried to order through DoorDash, and every single card in our office gets declined. We really want to use your service, but you're making it impossible.",1516937,DoorDash_Help,Fri Nov 03 17:18:37 +0000 2017,@471936 thanks for getting in touch! Please DM your email address and we will promptly assist you!,
1519533,304008,Mon Oct 16 22:07:36 +0000 2017,@116584 Make that 5 times. My reorder was still fucked up,1519532,DoorDash_Help,Mon Oct 16 22:44:52 +0000 2017,"@304008 Hi Jesse, thanks for this message. Can you please DM us your email address and we'll check this out?",
1536872,476501,Fri Nov 03 23:19:44 +0000 2017,"@116584 the inability to call is awful. Cold food, bad food, and incorrect food tonight 20 minutes late. Partial refund doesn’t cut it!",1536870,DoorDash_Help,Fri Nov 03 23:21:55 +0000 2017,@476501 I apologize about the trouble caused. Could you please provide the email address on your account so we may assist further?,1536871
1536874,476502,Fri Nov 03 23:10:52 +0000 2017,"@116584 WHY is it #HunanRestaurant in Concord CA is OPEN on Friday/Sat/Sun, but you will not allow us to order?? Hunan DOES NOT KNOW WHY.",1536873,DoorDash_Help,Fri Nov 03 23:14:25 +0000 2017,@476502 I apologize about any trouble caused. Could you please DM us the email address on your account so we may investigate further?,
1536876,476503,Fri Nov 03 22:43:20 +0000 2017,@DoorDash_Help hi i ordered and received food about two hours ago but now someone is delivering it again? my app seems to be stuck,1536875,DoorDash_Help,Fri Nov 03 22:47:16 +0000 2017,@476503 Thanks for reaching out and I apologize about any trouble. Could you please DM us your email address so we may assist further?,
1541836,477740,Fri Nov 03 22:06:42 +0000 2017,"@DoorDash_Help hi,had bad experience with your dasher.Driver was continuously rude and kept complaining 2 me how the directions were given",1541835,DoorDash_Help,Fri Nov 03 22:12:01 +0000 2017,"@477740 Thanks for reaching out about this, Could you please DM us with your email address so we can get this resolved for you.",
1541839,293521,Fri Nov 03 21:32:40 +0000 2017,"@63319 The last 2 times I ordered through @116584 you guys charged me for my cheese sauce, but neglected to give it to me! Not cool.",1541838,DoorDash_Help,Fri Nov 03 21:38:39 +0000 2017,"@293521 Thanks for reachng out, We would love to make this right.  Could you please DM us with your email address so we can resolve this.",
1541841,349171,Fri Nov 03 03:52:28 +0000 2017,"@458809 @116584 Anyway, @116584 is awful, @15213 forever and ever and always, amen.",1541840,DoorDash_Help,Fri Nov 03 21:21:41 +0000 2017,@349171 Thanks for this message. Sorry for the trouble.  Please DM us with your email address &amp; we'll reach out right away!,
1541846,477742,Thu Nov 02 22:50:22 +0000 2017,@116584 🆘,1541845,DoorDash_Help,Fri Nov 03 21:09:11 +0000 2017,"@477742 Hi Ashley, thanks for contacting DoorDash. Please DM us with your email address and we will look into this further.",
1546894,478992,Tue Oct 17 00:37:37 +0000 2017,"Don't EVER use @116584 as a food delivery service, as it's abysmal. Waiting for Chinese for 90 minutes from a place 3 miles away.",1546892,DoorDash_Help,Tue Oct 17 02:55:54 +0000 2017,"@478992 Oh no! I'm really sorry to hear about this, please DM us your email address and we'll reach out right away!",1546893
1546898,473806,Tue Oct 17 01:27:16 +0000 2017,@116584 No way to contact customer service except the app that keeps crashing. Too late to get a redelivery and it takes longer than other services,1546897,DoorDash_Help,Tue Oct 17 02:54:33 +0000 2017,"@473806 Oh no! I'm really sorry to hear about this, please DM us your email address and we'll reach out right away!",
1546902,478993,Mon Oct 16 23:11:23 +0000 2017,"On God @116584 is trash... I ordered through them 3 times, and 3 times they didn’t bring the main items. How do you only deliver sides?!?!",1546901,DoorDash_Help,Tue Oct 17 02:06:11 +0000 2017,"@478993 Oh no! I'm really sorry to hear about this, please DM us your email address and we'll reach out right away!",
1546904,478994,Tue Oct 17 01:17:38 +0000 2017,@116584 is a disgrace.,1546903,DoorDash_Help,Tue Oct 17 02:04:00 +0000 2017,"@478994 Hi there, can you DM us your email address and we will reach out right away?",
1546906,308702,Tue Oct 17 01:48:09 +0000 2017,@478995 @116584 If my food is cold I'm going to cry.,1546905,DoorDash_Help,Tue Oct 17 02:02:12 +0000 2017,"@308702 Hey Paige, sorry to see this. Can you DM us your email address and we will look in to this?",
1564825,483131,Tue Oct 17 04:07:41 +0000 2017,"Tonight @116584 exemplified the problem with delivery services - ok when it works, worst experience ever when it doesn't",1564824,DoorDash_Help,Tue Oct 17 04:40:41 +0000 2017,"@483131 Oh no! I'm really sorry to hear about this, please DM us your email address and we'll reach out right away!",
1564828,483132,Tue Oct 17 04:10:20 +0000 2017,@116584 canceled last 2orders.10min+. loyal customer for &gt;1yr. FK. dont accept if you cant deliver! @116057 @64170 standby,1564827,DoorDash_Help,Tue Oct 17 04:40:36 +0000 2017,@483132 We are so sorry about these recent experiences Tedd. Please DM us with your email address and we will make this right asap.,
1571178,138152,Mon Oct 23 15:41:31 +0000 2017,"Got this in the mail. Got the app. Searched my address, but it says “no nearby stores”. @116584 
False hope? 🤷🏼‍♂️ https://t.co/9d3QW6xdcf",1571177,DoorDash_Help,Mon Oct 23 16:00:05 +0000 2017,@138152 thanks for getting in touch! Please DM your email address and we will promptly assist you.,
1582303,290705,Tue Oct 17 05:12:06 +0000 2017,@116584 So.... why exactly do we pre-tip drivers? Aren't tips a reflection of service? Because mine is 20 miniutes late.,1582301,DoorDash_Help,Tue Oct 17 05:15:46 +0000 2017,"@290705 Hi Tim, thanks for reaching out to us. We'd to make this right, please DM us with your email &amp; we'll reach our right away.",1582302
1584424,487551,Sat Oct 28 22:09:42 +0000 2017,@116584 how can I rate a dasher ⭐️ ⭐️ ⭐️ ⭐️ ⭐️,1584423,DoorDash_Help,Sat Oct 28 22:13:28 +0000 2017,"@487551 This sounds like the dasher of our dreams La Via, Please DM us your email address and we will surely praise this dashing lord!",
1584426,218683,Sat Oct 28 21:14:19 +0000 2017,"Not sure how I can contact @116584 .. but I was delivered the wrong meal from DoorDash , the vendor said they credit me but didn’t ?....",1584425,DoorDash_Help,Sat Oct 28 21:27:15 +0000 2017,@218683 Thanks for this message. Sorry for the trouble.  Please DM us with your email address &amp; we'll reach out right away!,
1584428,487552,Sat Oct 28 20:40:07 +0000 2017,@DoorDash_Help why is it every time you send a promo to my email it doesn’t work?,1584427,DoorDash_Help,Sat Oct 28 20:53:28 +0000 2017,"@487552 Hi , Thanks for getting in touch, Would you be able to DM us your email address and Promo code so we can look into this for you.",
1604030,492208,Sun Nov 05 07:10:26 +0000 2017,First time using @116584 and Ive been waiting for well over an hour. Dude said sorry I have 3 other orders at the same time. Never again!!,1604029,DoorDash_Help,Sun Nov 05 07:26:47 +0000 2017,"@492208 Hey there, sorry to hear about this. Can you DM us your email address and we will look in to this?",
16392,119607,Wed Nov 01 02:55:39 +0000 2017,@116584 why is my driver taking route in the opposite direction from where I live? Restaurant is five minutes away tops https://t.co/vPQEk6wZOF,16389,DoorDash_Help,Wed Nov 01 02:57:44 +0000 2017,"@119607 Hi Colleen, Please DM us your information and we will investigate this for you right away. Thanks DoorDash","16390,16391"
16394,119609,Wed Nov 01 02:52:25 +0000 2017,Horrible customer service with doordash this evening. Horrible food delivery service company. Dont use them! @DoorDash_Help @116584,16393,DoorDash_Help,Wed Nov 01 02:56:34 +0000 2017,@119609 Hi Chad. So sorry about your experience. Please DM us your information and we will be in contact to resolve. Thanks DoorDash,
16396,119610,Wed Nov 01 02:37:47 +0000 2017,@DoorDash_Help Did the driver veer off the road?🤔 https://t.co/frmAvMk75E,16395,DoorDash_Help,Wed Nov 01 02:50:54 +0000 2017,"@119610 Hi Queen, So sorry about your order. Please DM us your information and we will be in touch right away to resolve. Thank you",
16398,119611,Wed Nov 01 02:28:31 +0000 2017,Apparently dinner isn't happening tonight. Surge pricing on @115877 and @116584's website is broken. :(,16397,DoorDash_Help,Wed Nov 01 02:45:05 +0000 2017,@119611 Thanks for this message. Sorry for the trouble.  Please DM us with your email address &amp; we'll reach out right away!,
16401,119612,Wed Nov 01 02:13:22 +0000 2017,Sad that I have to be done with @116584 - this order is already an hour late. 69-79 more minutes?! https://t.co/nFbo9OMXYW,16399,DoorDash_Help,Wed Nov 01 02:22:18 +0000 2017,"@119612 Hi Josie, Please DM us your info and we will investigate this for you right away. Thanks DoorDash",16400
1650825,504193,Wed Oct 25 07:38:29 +0000 2017,"@10414 
@116584 Does this look like 18.69 to you guys ? https://t.co/Pm4dHnPGOk",1650822,DoorDash_Help,Wed Oct 25 08:20:25 +0000 2017,@504193 Thanks for this message. Sorry for the trouble.  Please DM us with your email address &amp; we'll reach out right away!,"1650823,1650824"
1662208,506903,Mon Nov 06 08:18:48 +0000 2017,"@116584 please make sure all your dashers are double checking the food is correct. 
They forgot to bring me my potato wedges:(",1662207,DoorDash_Help,Mon Nov 06 09:09:13 +0000 2017,@506903 thanks for getting in touch! Please DM your email address and we will promptly assist you!,
1687184,512380,Mon Nov 06 17:48:51 +0000 2017,Why do people do @116584 if they have no intention of bringing it to your door?! WHAT AM I PAYING $7 DELIVERY FEE FOR?!,1687183,DoorDash_Help,Mon Nov 06 18:31:02 +0000 2017,@512380 thanks for getting in touch! Please DM your email address and we will promptly assist you!,
1688539,512727,Tue Oct 17 16:10:29 +0000 2017,@DoorDash_Help i refered someone last friday who made an order but i never got my credit :/,1688538,DoorDash_Help,Tue Oct 17 16:44:56 +0000 2017,"@512727 Hey Annisa, Please DM us your email address and your friends if possible and we will look into this for you.",
1688561,512735,Mon Oct 16 10:57:00 +0000 2017,@512736 @116584 took out 4 $1 unauthorized charges on my cash app after a bad experience literally as I entered my payment to nbk,1688560,DoorDash_Help,Tue Oct 17 15:49:53 +0000 2017,"@512735 Hey, So sorry to hear you had this issue, please DM us your email address and I will look into this and call you!",
1728543,261599,Tue Nov 07 10:30:02 +0000 2017,@116584 haven’t heard anything back post giving my Id __email__??,1728539,DoorDash_Help,Tue Nov 07 10:40:11 +0000 2017,@261599 I just tried to call you. Please reply with a time that would best suit to try again! :),"1728540,1728541,1728542"
172889,156441,Fri Nov 24 22:18:00 +0000 2017,@156442 @116584 Yeah we’re doing that now 😫 it’s just so disappointing when they’re obviously lying.. like I’ve been in the living room waiting lol AGHHHHH 😭😭😭😭,172887,DoorDash_Help,Fri Nov 24 22:26:26 +0000 2017,"@156441 Hi. Please send us a DM with your email address at @doordash_help, and we will take a closer look right away.",172888
172892,380814,Sat Nov 25 20:13:16 +0000 2017,@156441 @116584 This happened to me with @1165 in long beach when we ordered a sub AMD pizza but never got the pizza somehow and the pizza place said they made it. Like hello????,1370712,DoorDash_Help,Sat Nov 25 20:15:53 +0000 2017,"@380814 H. Please send us a DM with your email address at @doordash_help, and we will take a closer look right away.",
1732500,523345,Tue Nov 07 12:11:35 +0000 2017,Decided to try @116584 last night.1)driver was extremely rude 2)order never came and I didn’t even get a full refund,1732499,DoorDash_Help,Tue Nov 07 12:16:55 +0000 2017,@523345 thanks for getting in touch! Please DM your email address and we will promptly assist you!,
1734703,523835,Tue Oct 17 17:04:29 +0000 2017,"Never using @116584 @DoorDash_Help again. Food didn't come, site said it was delivered, support never told me what happened, they argued.",1734702,DoorDash_Help,Tue Oct 17 17:31:11 +0000 2017,"@523835 Hey Beatrice,I am sorry to hear this! Please DM me your email address and I will give pull up your account and give you a call.",
1734705,523836,Tue Oct 17 17:03:16 +0000 2017,"@DoorDash_Help I'm creating a large order and I selected ASAP, but want to change to scheduled without erasing my cart. Is this possible?",1734704,DoorDash_Help,Tue Oct 17 17:06:01 +0000 2017,"@523836 Hey Jesse, Please DM us your email address and we will reach out to you!",
1770087,532152,Sat Oct 28 22:18:03 +0000 2017,"@116584 soo I just placed an order and the site went down, but my card was still charged. 😡😡😡😡😡 something needs to be fixed!!!",1770086,DoorDash_Help,Sat Oct 28 22:42:37 +0000 2017,@532152 Thanks for this message. Sorry for the trouble.  Please DM us with your email address &amp; we'll reach out right away!,
1770089,350265,Sat Oct 28 22:36:03 +0000 2017,@DoorDash_Help recvd email with promo offer for free delivery. promo was applied to acct. recpt says Ive been charged delivery fee. #TwoFree,1770088,DoorDash_Help,Sat Oct 28 22:41:09 +0000 2017,"@350265 Oh no! I'm really sorry to hear about this, please DM us your email address and we'll reach out right away!",
1770095,532153,Sat Oct 28 22:28:17 +0000 2017,@116584 so over your service. Have not had one on time or correct delivery from you guys. Will stick to UberEATS and Foodora from now on.,1770094,DoorDash_Help,Sat Oct 28 22:30:30 +0000 2017,@532153 Thanks for this message. Sorry for the trouble.  Please DM us with your email address &amp; we'll reach out right away!,
1772538,532746,Wed Nov 08 01:38:47 +0000 2017,@DoorDash_Help @116584 anyone working tonight?,1772537,DoorDash_Help,Wed Nov 08 01:45:44 +0000 2017,"@532746 Oh no! I'm really sorry to hear about this, please DM us your email address and we'll reach out right away!",
177307,157746,Sat Nov 25 00:15:02 +0000 2017,@116584 you guys are horrid....you screwed me over mothers day and then charged me $300 for$75 worth of food today....horrible customer service #grubhub all the way,177306,DoorDash_Help,Sat Nov 25 00:18:00 +0000 2017,"@157746 Hi. Please send us a DM with your email address at @doordash_help, and we will take a closer look right away.",
1775218,533475,Fri Oct 27 18:01:41 +0000 2017,I love when my @116584 driver never picks up the food I ordered! Such a horrible experience. @doordash_help,1775216,DoorDash_Help,Fri Oct 27 19:15:54 +0000 2017,@533475 Hi! We'd very much like to get this checked out! Please DM us your e-mail address so we can follow up with you. Thanks.,1775217
1775774,533618,Tue Oct 17 22:39:28 +0000 2017,@116584 Aye fuck yall!!! I never got my food. Go the fuck out of business piece of shit ass service. I want my mothafuckin burger bitch !,1775773,DoorDash_Help,Tue Oct 17 22:42:59 +0000 2017,"@533618 I do apologize about this, could you please send us a DM with your email address so we can get this resolved for you.",
1775776,533619,Tue Oct 17 21:43:49 +0000 2017,"@116584 might need a better plan 4 items removed from order. By the time you told me, order was already on its way. Not awesome.",1775775,DoorDash_Help,Tue Oct 17 21:48:06 +0000 2017,@533619 Thanks for this message. Sorry for the trouble.  Please DM us with your email address &amp; we'll reach out right away!,
1775778,533620,Tue Oct 17 20:09:53 +0000 2017,Literally used @DoorDash_Help since they started here and it’s completely trash now. Can’t believe how bad this service I just got was smh,1775777,DoorDash_Help,Tue Oct 17 20:17:59 +0000 2017,"@533620 Oh no! I'm really sorry to hear about this, please DM us your email address and we'll reach out right away!",
1775780,533621,Tue Oct 17 20:02:19 +0000 2017,"@116584 I place my first order and it's already 35 minutes late, called my doordash guy and I git his VM. Shame on me 4 using DD over GMG",1775779,DoorDash_Help,Tue Oct 17 20:05:19 +0000 2017,@533621 I am so sorry about the trouble caused but if you could please DM us your email address we would love to help out!,
1775786,533623,Tue Oct 17 19:46:28 +0000 2017,"...when your @116584 delivery is now 15 mins late, and still not here 😡",1775785,DoorDash_Help,Tue Oct 17 19:55:42 +0000 2017,"@533623 Hi Julie, thanks so much for getting in touch. Please DM us with your email address and we will look into this further.",
1786644,536760,Sun Nov 26 04:29:12 +0000 2017,"@DoorDash_Help Hey, Earls is listed as .99 delivery but then is actually 3.99 in my cart. What's happening? https://t.co/MTeqSZWwzY",1786643,DoorDash_Help,Sun Nov 26 04:32:09 +0000 2017,"@536760 Hi. Please send us a DM with your email address at @doordash_help, and we will take a closer look right away.",
1786646,536761,Sun Nov 26 03:50:10 +0000 2017,"@116584 
What’s the code for the Apple Pay free delivery?!",1786645,DoorDash_Help,Sun Nov 26 03:59:53 +0000 2017,"@536761 Hi Eric, there is no promo code, just select the Apple Pay option as the payment method to get the discount!",
1789033,537408,Sat Oct 28 03:23:53 +0000 2017,@116584 - my order not here 2 hrs later. Am 158 in line to chat with ur agent,1789032,DoorDash_Help,Sat Oct 28 04:38:41 +0000 2017,"@537408 Oh no! I'm really sorry to hear about this, please DM us your email address and we'll reach out right away!",
1809506,543620,Wed Oct 18 01:36:21 +0000 2017,"WHY did I re-active my @116584 account?  They still suck.  Orders are never right and ""customer care"" team is clueless. #FooledMeTwice",1809505,DoorDash_Help,Wed Oct 18 01:58:03 +0000 2017,"@543620 Oh no! I'm really sorry to hear about this, please DM us your email address and we'll reach out right away!",
1809508,445857,Wed Oct 18 00:52:53 +0000 2017,@116584 @DoorDash_Help nothing happens after I enter my address. Looks like the new update broke the flow. 😔 https://t.co/aAyejNckeY,1809507,DoorDash_Help,Wed Oct 18 00:55:06 +0000 2017,"@445857 Oh no! We are so sorry about this experience. Please DM us with your email, we will reach out right away and make this right.",
1809519,543622,Tue Oct 17 19:36:58 +0000 2017,@116584 how long does it take for referral codes to show up. I've referred 2 people and haven't received confirmation. Please advise.,1809517,DoorDash_Help,Wed Oct 18 00:40:42 +0000 2017,"@543622 Hi Bryce, thanks for reaching out! Send us a DM and we will look in to this",1809518
1809529,434190,Tue Oct 17 23:42:51 +0000 2017,Going on 2 hours &amp; my @116584 order still isn’t here,1809527,DoorDash_Help,Tue Oct 17 23:45:49 +0000 2017,@434190 Thanks for this message. Sorry for the trouble.  Please DM us with your email address &amp; we'll reach out right away!,1809528
1809546,543631,Tue Oct 17 23:24:55 +0000 2017,@116584 please stop https://t.co/pZfxdAPvOQ,1809545,DoorDash_Help,Tue Oct 17 23:27:44 +0000 2017,"@543631 I do apologize, could you please send us a DM with your email address so we can get this rectified for you.",
1809554,122631,Tue Oct 17 23:09:33 +0000 2017,@DoorDash_Help @116584 four orders in a row! This time I asked to double check! U forget WHOLE items!Esp when you order 4 items #suck,1809553,DoorDash_Help,Tue Oct 17 23:15:16 +0000 2017,@122631 Oh no! Please DM us with your email address linked with your DoorDash account &amp; we'll reach out right away to make this right.,
1809562,249038,Tue Oct 17 22:58:02 +0000 2017,@DoorDash_Help I placed an order tonight that was cancelled and I was not notified.,1809561,DoorDash_Help,Tue Oct 17 23:01:27 +0000 2017,@249038 Thanks for this message. Sorry for the trouble.  Please DM us with your email address &amp; we'll reach out right away!,
18105,120025,Wed Nov 01 04:48:31 +0000 2017,Sorry @116584 @DoorDash_Help deleting account this is super ridiculous. #doordash,18104,DoorDash_Help,Wed Nov 01 04:50:33 +0000 2017,"@120025 Hi Dnamag, Please DM us your information and we will be in contact right away. Thanks DoorDash",
18107,120025,Wed Nov 01 06:15:16 +0000 2017,@DoorDash_Help .@doordash_help .@116584 No one has emailed me as promised. Worst experience then customer service is terrible. #doordash @120026,18109,DoorDash_Help,Wed Nov 01 09:21:32 +0000 2017,@120025 The email address you have provided is not the one associated to the doordash account. Please DM us with your email address,18110
18108,120025,Wed Nov 01 04:41:32 +0000 2017,@116584  @DoorDash_Help need your help we ordered food over an hour ago driver never came restaurant closed 👎🏼👎🏼👎🏼 #doordash #fail,18106,DoorDash_Help,Wed Nov 01 04:48:49 +0000 2017,@120025 Thanks for this message. Sorry for the trouble.  Please DM us with your email address &amp; we'll reach out right away!,18107
18110,120025,Wed Nov 01 17:03:04 +0000 2017,@DoorDash_Help I DM'd this morning. Still no email response to rectify that our food was never delivered last night. #doordash,18111,DoorDash_Help,Thu Nov 02 07:27:15 +0000 2017,@120025 Hi the email address you have provided is not linked to an account. Could you please DM us with the correct email address?,"18112,18113"
18115,120028,Wed Nov 01 04:29:14 +0000 2017,@116584 I need to cancel an order. Your dasher hasn’t even picked up my food and it’s been over an hour. Your online agent chat has a line,18114,DoorDash_Help,Wed Nov 01 04:32:03 +0000 2017,"@120028 Hi Kreme, So sorry to hear about your order. Please DM us your info and we will get this sorted for you. Thanks DoorDash",
18117,120029,Wed Nov 01 03:18:51 +0000 2017,First and last time using @116584. 50-60 min quote time on Tuesday night (!) Order showed up (cold) in 1hr 40min. Missing sides. Zero communication. #fail,18116,DoorDash_Help,Wed Nov 01 04:00:25 +0000 2017,"@120029 Oh no! I'm really sorry to hear about this, please DM us your email address and we'll reach out right away!",
1814147,184869,Tue Nov 07 21:09:39 +0000 2017,So @116584 cancels my 1 am order without telling me. I wake up like wait. The don’t inform me until 4 hours later. #refund no credit,1814145,DoorDash_Help,Tue Nov 07 21:15:36 +0000 2017,"@184869 Oh no! I'm really sorry to hear about this, please DM us your email address and we'll reach out right away!",1814146
1814149,544985,Tue Nov 07 17:30:07 +0000 2017,ay fuck @116584! y'all won't deliver to my house,1814148,DoorDash_Help,Tue Nov 07 18:34:50 +0000 2017,@544985 thanks for getting in touch! Please DM your email address and we will promptly assist you!,
1814151,544986,Tue Nov 07 03:50:17 +0000 2017,@116584 you are over 20 minutes late and there is no way to contact the driver or your company.  #DoorDashSucks,1814150,DoorDash_Help,Tue Nov 07 04:32:08 +0000 2017,@544986 Hi thanks for getting in touch! Can you DM us your email address so we can look into this for you!,
1814154,544987,Mon Nov 06 00:26:20 +0000 2017,My @116584 is 30 mins late and have been at the resturant for 50 min. I have a hungry man and baby here!,1814152,DoorDash_Help,Mon Nov 06 00:34:04 +0000 2017,@544987 We are so sorry to that your order is running late. Please DM us with your email address &amp; we'll reach out right away.,1814153
1814156,544988,Sun Nov 05 22:19:33 +0000 2017,"Northlake @544989 forgot my burger through @116584 &amp; the snotty manager insisted it was right bc ""she counted the order herself.""",1814155,DoorDash_Help,Sun Nov 05 22:22:54 +0000 2017,"@544988 Hey there, sorry to hear this! Can you DM us your email address and we will look in to this?",
182651,158952,Fri Nov 03 19:57:00 +0000 2017,@116584 @DoorDash_Help  It was closed after someone used my Credit Card to place an order for 99.89,182649,DoorDash_Help,Fri Nov 03 20:54:06 +0000 2017,"@158952 Hi ,Thanks for getting in touch! Can you please DM us your email address so we can look into this for you!",182650
182653,158953,Fri Nov 03 17:59:43 +0000 2017,@116584 found a bug guys needs fixing asap https://t.co/cXGjP5pmdH,182652,DoorDash_Help,Fri Nov 03 20:47:36 +0000 2017,"@158953 Hi Carlos, thanks for letting us know. Can I please ask you to DM your email address so we can look into this? Thanks :-)",
182655,158954,Fri Nov 03 20:01:23 +0000 2017,@116584 sucks!Waited over hour 4 food &amp; ur rep calls 2 say restaurant u suggested I order from was 2 far!I'll stay with @115877. #DELETE,182654,DoorDash_Help,Fri Nov 03 20:44:01 +0000 2017,@158954 Thanks for this message. Sorry for the trouble.  Please DM us with your email address &amp; we'll reach out right away!,
182657,158955,Fri Nov 03 18:50:26 +0000 2017,@116584 - your Agent Chat isn't loading - my dasher isn't responding to my calls and i have been waiting for my food for 1.5hrs.,182656,DoorDash_Help,Fri Nov 03 20:26:35 +0000 2017,"@158955 Hi ,Thanks for getting in touch! Can you please DM us your email address so we can look into this for you!",
182659,158956,Fri Nov 03 18:46:53 +0000 2017,I literally just ordered from there w/ @116584 only to have it cancelled cuz they don't take credit cards. WHY IS IT ON THE APP THEN? https://t.co/XC8febfAwI,182658,DoorDash_Help,Fri Nov 03 20:25:14 +0000 2017,"@158956 Hi ,Thanks for getting in touch! Can you please DM us your email address so we can look into this for you!",
182661,158957,Fri Nov 03 20:15:28 +0000 2017,@158958 @116584  https://t.co/EqyrcdVQva,182660,DoorDash_Help,Fri Nov 03 20:25:06 +0000 2017,@158957 Thanks for getting in touch and we're so sorry Alexis. Please DM us with your email address &amp; we'll make this right asap.,
182665,158959,Fri Nov 03 18:48:30 +0000 2017,"@116584 only delivered half my order, and now I can't get any kind of response from support. wish I could say this was the 1st time.",182664,DoorDash_Help,Fri Nov 03 20:19:59 +0000 2017,@158959 Thanks for this message. Sorry for the trouble.  Please DM us with your email address &amp; we'll reach out right away!,
182667,158960,Fri Nov 03 16:55:40 +0000 2017,@116584 Your free delivery code for McCalister's doesn't work!,182666,DoorDash_Help,Fri Nov 03 19:46:39 +0000 2017,@158960 thanks for getting in touch! Please DM your email address and we will assist you ASAP!,
182669,158961,Fri Nov 03 16:53:03 +0000 2017,@DoorDash_Help was this not a valid offer? https://t.co/rVtU1MILm3,182668,DoorDash_Help,Fri Nov 03 19:39:20 +0000 2017,@158961 thanks for getting in touch! Please DM your email address and we will contact you ASAP.,
182671,158962,Fri Nov 03 16:40:12 +0000 2017,@116584 I’m very upset. I ordered through you guys and restaurant never got it. I’ve been waiting for over an hour for my food!,182670,DoorDash_Help,Fri Nov 03 19:15:20 +0000 2017,@158962 thanks for getting in touch! Please DM your email address and we will contact you ASAP!,
1827224,548416,Wed Oct 18 01:48:35 +0000 2017,@116584 I will be trolling you until you start actually handling your customer service and refunds in public. Get off DM. Cowards.,1827222,DoorDash_Help,Wed Oct 18 02:32:16 +0000 2017,@548416 Hey! We use DM to safeguard your privacy; please send us your email address and we will be more than happy to assist!,1827223
1827226,548417,Wed Oct 18 02:27:01 +0000 2017,"@116584 ordered @11342. Shows up 20+ mins late, food cold, AND no cheesecake (2 pieces) customer service failure!! 1st and last time!",1827225,DoorDash_Help,Wed Oct 18 02:31:51 +0000 2017,"@548417 I do apologize about this, could you please send us a DM with your email address so we can get this resolved.",
1827228,548418,Wed Oct 18 01:57:53 +0000 2017,@116584 First you try to skimp my refund by $11 and now a passport isn't a valid govt ID. So you chg me $20 restock #shadyaf #badbusiness,1827227,DoorDash_Help,Wed Oct 18 02:02:08 +0000 2017,"@548418 Oh no! I'm really sorry to hear about this, please DM us your email address and we'll reach out right away!",
1827230,548419,Wed Oct 18 01:57:27 +0000 2017,note to self don't order from @116584 if you're starving unless you willing to wait over an hour for food. @117144 would be faster.,1827229,DoorDash_Help,Wed Oct 18 02:00:47 +0000 2017,"@548419 I do apologize about this, could you send us a DM with your email address so we can get this resolved.",
1827232,548420,Wed Oct 18 01:57:59 +0000 2017,@DoorDash_Help i DM’d you people,1827231,DoorDash_Help,Wed Oct 18 02:00:28 +0000 2017,"@548420 Oh no! I'm really sorry to hear about this, please DM us your email address and we'll reach out right away!",
1897329,565485,Sun Oct 29 00:02:58 +0000 2017,Waiting for my food for 30 minutes and then y’all cancel the order. Wyd @116584 ?,1897328,DoorDash_Help,Sun Oct 29 00:07:25 +0000 2017,"@565485 Hi Renee, I'm so sorry things have gone wrong. Can you please DM me your email address so I can investigate this matter?",
1897331,565486,Sat Oct 28 23:41:27 +0000 2017,@DoorDash_Help Trying to enter the code on your website to confirm my account but I've entered my phone # 3 times and still no text?,1897330,DoorDash_Help,Sun Oct 29 00:06:42 +0000 2017,@565486 Thanks for this message. Sorry for the trouble.  Please DM us with your email address &amp; we'll reach out right away!,
190138,160584,Fri Sep 29 23:43:57 +0000 2017,@116584 @McDonalds your driver forgot my 20 piece of chicken nuggets,190137,DoorDash_Help,Sat Sep 30 00:40:43 +0000 2017,"@160584 Hi Jesus, thanks for getting in touch. Please DM us with your email and we'll be delighted to assist you.",
1911348,191015,Sat Dec 02 03:18:27 +0000 2017,@116584 I need my order canceled and I need help,1911347,DoorDash_Help,Sat Dec 02 07:16:24 +0000 2017,@191015 Hi thanks for getting in touch can you DM us your email address so we can look further into this for you?,
1911520,569419,Sat Dec 02 06:02:48 +0000 2017,@116584 cold food against Terrible interface for ordering.,1911519,DoorDash_Help,Sat Dec 02 06:41:33 +0000 2017,@569419 Hi Lisa. So sorry to hear about your experience. Please DM us your information and we will surely get this sorted for you right away. Thanks DoorDash,
1911546,569426,Sat Dec 02 03:00:36 +0000 2017,@116584 @DoorDash_Help @544989 You’re going the wrong way. @116584 @DoorDash_Help https://t.co/VX7rnAts2u,1911545,DoorDash_Help,Sat Dec 02 06:27:58 +0000 2017,@569426 Hi thanks for getting in touch can you DM us your email address so we can look further into this for you!,
1911578,569433,Sat Dec 02 02:38:01 +0000 2017,"@doordash_help do you guys have a phone number to call? trying to apply coupon code to order and having trouble, would like this sorted out asap",1911577,DoorDash_Help,Sat Dec 02 06:24:02 +0000 2017,@569433 Hi Megan. Can you DM us your email address so we can reach out asap!,
193406,161467,Wed Oct 04 17:59:46 +0000 2017,"No hotspots in Dasher app for Kent, WA. It just shows a world map. No orders being received. What gives @116584 &amp; @DoorDash_Help?",193405,DoorDash_Help,Wed Oct 04 18:04:35 +0000 2017,@161467 Thanks for this message. Sorry for the trouble.  Please DM us with your email address &amp; we'll reach out right away!,
193424,161473,Sun Oct 01 19:00:51 +0000 2017,@116584 I want my money back and I mean right now!,193423,DoorDash_Help,Sun Oct 01 19:23:59 +0000 2017,"@161473 Hi Blacc, Please DM us and let us know the issue you are having and we will be in touch right away to help! DoorDash",
1936956,576250,Sun Nov 26 09:11:24 +0000 2017,@116584 hello... wondering how to get I touch with you all when an order is messed up. 2nd time it's happened &amp; I can never get in touch 😔,1936954,DoorDash_Help,Sun Nov 26 09:13:44 +0000 2017,@576250 thanks for getting in touch! Please DM your email address and we will promptly assist you!,1936955
1936958,576251,Sun Nov 26 07:34:51 +0000 2017,@116584 usually always satisfied with you guys but not tonight! Our order was wrong today and now we’re unable to order again. #help,1936957,DoorDash_Help,Sun Nov 26 07:57:11 +0000 2017,"@576251 Hey Tracey, sorry to hear this. Can you please DM us your email address &amp; we will check this out?",
1936961,576252,Sun Nov 26 06:46:30 +0000 2017,"@576253 @116584 ""Food was actually delivered before I ordered"" HAAAAAA I'M DEAD",1936959,DoorDash_Help,Sun Nov 26 06:55:26 +0000 2017,"@576252  Hi.  We really value your feedback. Please send us a DM with your email address at @doordash_help, so we can learn more.",1936960
1936966,576255,Sun Nov 26 06:48:16 +0000 2017,@DoorDash_Help Still waiting for the rep to complete my activations! Went to Starbucks she was out of bags and also not activated yet. Almost 8 hrs already,1936965,DoorDash_Help,Sun Nov 26 06:50:24 +0000 2017,"@576255 Hi. Please send us a DM with your email address at @doordash_help, and we will take a closer look right away.",
1972883,584336,Wed Oct 18 17:30:28 +0000 2017,"@116584 who can I call for support, I want to call about a recent order? They charged me twice",1972881,DoorDash_Help,Wed Oct 18 17:39:29 +0000 2017,@584336 Thanks for this message. Sorry for the trouble.  Please DM us with your email address &amp; we'll reach out right away!,1972882
1972886,555331,Wed Oct 18 17:29:18 +0000 2017,@116584 hello I’m tryn to her password reset and no email is coming but u sent me $10 off. R u blocking my blessing?!,1972884,DoorDash_Help,Wed Oct 18 17:38:04 +0000 2017,@555331 thanks for getting in touch! Please DM your email address and we will promptly resolve this for you!,1972885
1972889,584337,Wed Oct 18 17:03:03 +0000 2017,"@116584 Literally by the time it will get to me now it’ll be ice cold, soggy, and half way into my lunch break.",1972887,DoorDash_Help,Wed Oct 18 17:05:45 +0000 2017,@584337 thanks for getting in touch! Please DM your email address and we will promptly assist you!,1972888
1972897,584338,Wed Oct 18 16:24:11 +0000 2017,Ordered @ a different 🕰 hoping for better service but nope. Even help was no help. Deleted the app. @116584 @DoorDash_Help #ByeFelicia https://t.co/olZAOGHz4b,1972896,DoorDash_Help,Wed Oct 18 16:33:41 +0000 2017,@584338 thanks for getting in touch! Please reply with a time that would best suit to give you a call and I will promptly assist you!,
1972899,584339,Wed Oct 18 16:12:11 +0000 2017,"@116584 i told my coworker to sign up to get the $15 credit for new users, neither of us got any credit to our accounts, plz help",1972898,DoorDash_Help,Wed Oct 18 16:14:43 +0000 2017,@584339 Thanks for this message. Sorry for the trouble.  Please DM us with your email address &amp; we'll reach out right away!,
20012,120398,Wed Nov 01 05:25:59 +0000 2017,@120399 @116584 Im in Santa Clara lol,20011,DoorDash_Help,Wed Nov 01 06:07:57 +0000 2017,"@120398 Oh no! I'm really sorry to hear about this, please DM us your email address and we'll reach out right away!",
20019,120400,Wed Nov 01 05:17:08 +0000 2017,"@DoorDash_Help hello, I was talking to a rep and instead of crediting me back for a order that never came for erased $150 in credit I had",20018,DoorDash_Help,Wed Nov 01 05:19:18 +0000 2017,"@120400 Hi Ya, Can you please DM us your information and we will surely look into this for you. Thanks DoorDash",
2017712,596698,Wed Oct 18 18:54:35 +0000 2017,@DoorDash_Help I have a number of pay related issues (I'm a driver) and your support person gave me a useless phone. https://t.co/mGHLG0Y7Yt,2017711,DoorDash_Help,Wed Oct 18 19:45:06 +0000 2017,@596698 Hey! Thanks for reaching out to us! Can you please DM us your email address so we can check this out for you? Happy to help!,
2017719,596700,Wed Oct 18 18:27:33 +0000 2017,"@116584 please help, I received an email for a $10 promo and I'm trying to use it but it's not redeeming.",2017718,DoorDash_Help,Wed Oct 18 19:05:21 +0000 2017,@596700 Thanks for this message. Sorry for the trouble.  Please DM us with your email address &amp; we'll reach out right away!,
2017721,596701,Wed Oct 18 18:20:35 +0000 2017,Help @DoorDash_Help the promo code you emailed me doesn’t work 🙁,2017720,DoorDash_Help,Wed Oct 18 19:05:11 +0000 2017,@596701 Thanks for this message. Sorry for the trouble.  Please DM us with your email address &amp; we'll reach out right away!,
2017755,596704,Wed Oct 18 18:02:29 +0000 2017,@116584 Help please and thank you.,2017754,DoorDash_Help,Wed Oct 18 19:02:12 +0000 2017,"@596704 Thanks for reaching out about this, Could you please DM us with your email address so we can take care of this for you.",
2017858,596725,Wed Nov 08 06:04:07 +0000 2017,@DoorDash_Help my food wasn't delivered and it says it was,2017857,DoorDash_Help,Wed Nov 08 06:07:22 +0000 2017,"@596725 Hi Jensen, sorry to hear this. Can you DM us your email address and we will look in to this?",
2017860,596726,Wed Nov 08 02:11:51 +0000 2017,"@DoorDash_Help if I ask for no mushrooms because I have a food allergy, I better NOT be getting any in my food. Seems like someone couldn't follow that simple instruction tonight though.",2017859,DoorDash_Help,Wed Nov 08 02:39:24 +0000 2017,"@596726 Oh no! I'm really sorry to hear about this, please DM us your email address and we'll reach out right away!",
2017862,596727,Tue Nov 07 18:32:23 +0000 2017,@116584 please help- just want to be compensated for terrible experience.,2017861,DoorDash_Help,Tue Nov 07 20:06:40 +0000 2017,@596727 We're sorry about this experience. Please send us a DM ur with your email address &amp; we'll take a closer look right away.,
2017865,596728,Tue Nov 07 18:17:47 +0000 2017,@116584 @DoorDash_Help My dasher has JUST arrived at the restaurant to pick up the order.,2017863,DoorDash_Help,Tue Nov 07 18:35:58 +0000 2017,@596728 thanks for getting in touch! Please DM your email address and we will promptly assist you!,2017864
2017870,596729,Tue Nov 07 03:00:21 +0000 2017,"And yes, I use @116584 way too often because I'm always hungry and I'm lazy AF. #NoShame",2017868,DoorDash_Help,Tue Nov 07 03:37:37 +0000 2017,"@596729 Oh no! I'm really sorry to hear about this, please DM us your email address and we'll reach out right away!",2017869
2017872,596731,Tue Nov 07 02:29:49 +0000 2017,@116584  You have fooled me twice now and blamed the restaurant -- shame on YOU.,2017871,DoorDash_Help,Tue Nov 07 03:18:46 +0000 2017,@596731 Hi Caroline. So sorry to hear! Please send us a DM and we will be in contact right away. Thanks DoorDash,
2017874,596732,Mon Nov 06 22:03:37 +0000 2017,"@116584 Is there a way to contact customer service??? I can't find it on your site, and I'm really not happy!!",2017873,DoorDash_Help,Mon Nov 06 22:40:49 +0000 2017,"@596732 Hi Jenn, So sorry to hear. If you could DM us your info we will reach out to you right away. Thanks DoorDash",
2017876,596733,Mon Nov 06 02:56:02 +0000 2017,"It's been two hours since i placed my order with @116584, the driver's MIA, and @126257 closes in 4 minutes 😩 #sendhelp",2017875,DoorDash_Help,Mon Nov 06 03:04:56 +0000 2017,"@596733 Thanks for reaching out, Could you please DM us with your email address so we can investigate this.",
2017879,596734,Sun Nov 05 19:25:17 +0000 2017,@DoorDash_Help I was charged 2 times for an order that didn't go thru to the restaurant!,2017877,DoorDash_Help,Sun Nov 05 20:05:18 +0000 2017,@596734 Hi thanks for getting in touch! Can you DM us your email address so we can look into this for you!,2017878
2017881,457417,Sat Nov 04 00:53:17 +0000 2017,"Hey @DoorDash_Help. In what world does it make ANY sense to charge me a $2.00 “small order fee” because i was shy of the $10 minimum by $0.75?! Also, why didn’t you guys disclose that on my total before i authorized payment? This charge showed up AFTER i paid. WTF?!",2017880,DoorDash_Help,Sat Nov 04 01:13:52 +0000 2017,"@457417 Thanks for reaching out, Could you please DM us with your email address so we can look into this.",
203579,164174,Sat Sep 30 02:45:26 +0000 2017,"@DoorDash_Help nice job @116584 After an hour, dasher delivers to the wrong house and all they offer is a refund but still starving",203578,DoorDash_Help,Sat Sep 30 03:45:52 +0000 2017,@164174 Oh no! I'm really sorry to hear about this. Please DM us your email address and we'll reach out right away!,
203581,164175,Sat Sep 30 02:32:11 +0000 2017,"If you want freezing cold pizza, message me for a @116584 code 🙄",203580,DoorDash_Help,Sat Sep 30 03:24:52 +0000 2017,"@164175 Hi Alexandra, so sorry you had a poor delivery. Please DM your email address so I can put things right.",
203583,164176,Sat Sep 30 01:55:49 +0000 2017,"@116584 On top of my food being incorrect and cold, my card was charged three times for over $100 waiting 2-5 days for a refund is unfair",203582,DoorDash_Help,Sat Sep 30 02:08:08 +0000 2017,"@164176 Hi Amber, thanks for getting in touch. Please DM us with your email and we'll be delighted to help.",
204134,164316,Wed Oct 04 23:45:49 +0000 2017,@116584 I'm paying with Apple Pay but no promo code. What's up?,204132,DoorDash_Help,Wed Oct 04 23:49:37 +0000 2017,"@164316 Thanks for reaching out, Could you please DM us with your email address so we can look into this for you.",204133
204136,164317,Wed Oct 04 23:43:35 +0000 2017,Orders @116584 @ 5:06. Eta 6:13. At 6:45 customer service tells me it’ll be another 45 mins b4 delivery. The 2nd time in a month.1/2,204135,DoorDash_Help,Wed Oct 04 23:45:58 +0000 2017,@164317 Thanks for this message. Sorry for the trouble.  Please DM us with your email address &amp; we'll reach out right away!,
204598,164438,Wed Oct 04 20:13:15 +0000 2017,at what point am I going to get a response for why @116584 charged me 6 times for a meal I ate one time?,204597,DoorDash_Help,Wed Oct 04 20:16:01 +0000 2017,@164438 Thanks for this message. Sorry for the trouble caused.  Please DM us with your email address &amp; we'll reach out right away!,
204674,164466,Sat Sep 30 06:44:03 +0000 2017,@116584 #postmates,204673,DoorDash_Help,Sat Sep 30 09:04:31 +0000 2017,@164466 Thanks for this message. Sorry for the trouble.  Please DM us with your email address &amp; we'll reach out right away!,
204678,164467,Sat Sep 30 02:59:32 +0000 2017,@164468 @116584 @12332 @1165 Dude I'm so upset about it because it was such a sneaky change too,204677,DoorDash_Help,Sat Sep 30 04:38:52 +0000 2017,"@164467 Hi Joy, So sorry, Each restaurant on our site sets their own pricing, but if you DM your email address I think I can help.",
2051856,606809,Wed Oct 18 23:00:44 +0000 2017,@DoorDash_Help I NOW NAVE 290 DOLLARS WORTH OF IT COMING HELP ME,2051855,DoorDash_Help,Wed Oct 18 23:10:40 +0000 2017,@606809 Thanks for this message. Sorry for the trouble.  Please DM us with your email address &amp; we'll reach out right away!,
2051870,143914,Wed Oct 18 22:46:07 +0000 2017,@DoorDash_Help app not letting me log in can't see where I have to drop off the food,2051869,DoorDash_Help,Wed Oct 18 22:48:18 +0000 2017,@143914 If you could please DM us your email address we will reach out right away!,
2051874,606813,Wed Oct 18 19:34:11 +0000 2017,It’s still not here. I’m never using @116584 again 🙄 how does it take an hour for soup?,2051873,DoorDash_Help,Wed Oct 18 22:30:40 +0000 2017,"@606813 Oh no! I'm really sorry to hear about this, please DM us your email address and we'll reach out right away!",
2051882,606816,Wed Oct 18 22:10:29 +0000 2017,@116584 running a scam with promo codes that are NOT redeemable  @12236  I’m going to stick with @115877 @116788,2051880,DoorDash_Help,Wed Oct 18 22:14:50 +0000 2017,"@606816 Oh no! I'm really sorry to hear about this, please DM us your email address and we'll reach out right away!",2051881
2051884,326017,Wed Oct 18 21:11:56 +0000 2017,"thank u @116584: 
on-time ✔️ 
correct order ✔️ 
delivered to door ✔️
pleasant courier (bonus) ✔️",2051883,DoorDash_Help,Wed Oct 18 21:21:04 +0000 2017,@326017 Hey! We are always happy to deliver your favorites right to your doorstep for you! Enjoy and have a great week! :),
2075152,166561,Sun Oct 29 00:58:23 +0000 2017,@116584 I got a promo code in the email for 2 free deliveries and it isn't working. Your codes are always messed up.,2075149,DoorDash_Help,Sun Oct 29 01:35:26 +0000 2017,"@166561 Hi Hugh, Sorry for the inconvenience. Please DM us your information and we will get this sorted for you. Thanks DoorDash","2075150,2075151"
2078092,614609,Thu Oct 19 01:43:59 +0000 2017,@116584 went to a pickup and place was cash only. Had to pay out of pocket. Rep said I would be reimbursed. How do I submit receipt?,2078091,DoorDash_Help,Thu Oct 19 02:28:26 +0000 2017,@614609 Hey! If you could please DM us your email address we will reach out right away!,
2078099,168410,Thu Oct 19 00:30:13 +0000 2017,"@116584 Ugh!! once again over 1.5 hour delivery! Driver went to the wrong location, still no food, late nite for kiddos! Get it right DD!!",2078098,DoorDash_Help,Thu Oct 19 01:03:46 +0000 2017,"@168410 Oh no! I'm really sorry to hear about this, please DM us your email address and we'll reach out right away!",
2078111,614615,Wed Oct 18 23:58:19 +0000 2017,@116584 @DoorDash_Help placed order 1hr ago. Burger takes 20min. Dasher hasn't picked up food. I'm supposed to pay for this? 2hr delivery?,2078110,DoorDash_Help,Thu Oct 19 00:10:19 +0000 2017,@614615 Hey! If you could please DM us your email address we will reach out right away!,
208302,165264,Sat Sep 30 01:23:18 +0000 2017,"Start using @115877 instead of the abysmal @116584 food never delivered friday,they only offered $5,doesn't cover the fees they charge.",208300,DoorDash_Help,Sat Sep 30 01:25:40 +0000 2017,"@165264 Hi Robert, Sorry to hear about your order experience. Can you please DM your email address so we can look into this for you",208301
208305,165265,Sat Sep 30 00:26:19 +0000 2017,@116584 2.5 hours later. Where is my order? You show it was delivered an hour ago. #NotCool,208303,DoorDash_Help,Sat Sep 30 01:03:45 +0000 2017,"@165265 Hey Sheena, sorry to hear this. Can you DM us your email address &amp; we will reach out right away?",208304
2091727,618183,Wed Nov 08 04:06:59 +0000 2017,Love watching @116584 delivery drivers drive away with the food. Like I️ was literally standing outside and watched them drive away. Didn’t come to the door or anything.,2091726,DoorDash_Help,Wed Nov 08 04:10:37 +0000 2017,"@618183 Oh no! I'm really sorry to hear about this, please DM us your email address and we'll reach out right away!",
2091729,618184,Wed Nov 08 05:43:24 +0000 2017,@116584 has the rudest workers!!!,2091728,DoorDash_Help,Wed Nov 08 05:55:54 +0000 2017,"@618184 Hey, sorry to hear this! Can you DM us your email address and we will reach out right away?",
2091732,618185,Wed Nov 08 04:19:30 +0000 2017,@DoorDash_Help Part of my order never arrived and attempting to redeliver via support page never connects to the chat agent. Second time this has happened. Help!,2091730,DoorDash_Help,Wed Nov 08 04:22:19 +0000 2017,"@618185 Hey Bob, can you DM us your email address and we will reach out right away?",2091731
2091735,166680,Wed Nov 08 02:46:28 +0000 2017,@DoorDash_Help Sent.,2091733,DoorDash_Help,Wed Nov 08 03:44:16 +0000 2017,@166680 Apologies about the inconvenience. I have applied an additional refund of $8.85 to your card. Have a lovely day!,2091734
2091737,166680,Wed Nov 08 02:02:10 +0000 2017,"@DoorDash_Help BACK AT IT AGAIN WITH SOMETHING WRONG IN THE ORDER!
*Orders Chicken Burrito*
*Gets a Steak Burrito*
Those offshore service reps are killin it!",2091736,DoorDash_Help,Wed Nov 08 02:13:04 +0000 2017,@166680  We're sorry about this experience. Please send us a DM with your email address at @doordash_help.,2091735
2091739,618186,Wed Nov 08 03:10:53 +0000 2017,I’m just so annoyed at the moment like wth @116584 just did me dirty..🖕🏼😡,2091738,DoorDash_Help,Wed Nov 08 03:23:36 +0000 2017,"@618186 Hey there, I'm sorry to hear about this. Can you DM us your email address please and we will reach out right away?",
2091741,313055,Wed Nov 08 02:08:03 +0000 2017,@116584 been two hours and food still not here. And I can’t cancel order... what?,2091740,DoorDash_Help,Wed Nov 08 02:36:40 +0000 2017,"@313055 Thanks for reaching out, could you please DM us with your email address so we can look into this for you.",
2091743,10980,Wed Nov 08 02:07:42 +0000 2017,.@116584 big fail. We ordered lunch for our dev team - our order never arrived. No make good for our trouble.,2091742,DoorDash_Help,Wed Nov 08 02:36:26 +0000 2017,"@10980 Oh no! I'm really sorry to hear about this, please DM us your email address and we'll reach out right away!",
2091745,618187,Tue Nov 07 18:39:37 +0000 2017,The person who worked so hard to make this bonus works a 40 hr/week job &amp; was very tired by the end but needed that bonus. @116584 lied https://t.co/RklerztRfd,2091744,DoorDash_Help,Tue Nov 07 18:43:11 +0000 2017,@618187 thanks for getting in touch! Please DM your email address and we will promptly assist you!,
2091747,618188,Tue Nov 07 04:15:27 +0000 2017,@116584 when can I buy gift cards??? https://t.co/4f1YhQdSoM,2091746,DoorDash_Help,Tue Nov 07 05:16:15 +0000 2017,@618188  Hi thanks for getting in touch! We are currently still working on getting gift cards ready and hopefully will have them soon!,
2091749,618189,Tue Nov 07 03:03:16 +0000 2017,@116584 1st time ive used serv..will be the last. Ordered @ 5:19 &amp; it’s still not here. I’m sure I’ll be getting cold food for over $90,2091748,DoorDash_Help,Tue Nov 07 05:00:47 +0000 2017,"@618189 hi Lynn, So sorry to hear. Please DM us and we will reach out to you right away. Thanks DoorDash",
2091751,618190,Tue Nov 07 01:25:57 +0000 2017,"Hi @DoorDash_Help I'd like to give you feedback on your website, but the form won't let me submit! Why is my restaurant marked as unavailable when it's during delivery time (as shown on your website)",2091750,DoorDash_Help,Tue Nov 07 01:42:16 +0000 2017,@618190 Thanks for the message. I am sorry for the trouble. Please DM us your contact details and we will reach out!,
2091754,618191,Tue Nov 07 00:36:19 +0000 2017,"@DoorDash_Help had yet to set up their doordash account and no food was coming. But because on your website the status read ""order received""",2091752,DoorDash_Help,Tue Nov 07 00:39:27 +0000 2017,"@618191 Oh no! I'm really sorry to hear about this, please DM us your email address and we'll reach out right away!",2091753
2091757,618192,Mon Nov 06 20:07:33 +0000 2017,"Now I'm mad @116584 sucks ass, never EVER using you guys again.",2091755,DoorDash_Help,Mon Nov 06 20:25:55 +0000 2017,"@618192 Hi D, Is there anything here we can do to help. Please DM us your information and we will reach out to you right away.",2091756
2091759,618193,Mon Nov 06 18:58:30 +0000 2017,@116584 customers should be able to submit multiple reasons when selecting problems/requests via rate your order,2091758,DoorDash_Help,Mon Nov 06 19:29:32 +0000 2017,@618193 thanks for getting in touch! Please DM your email address and we will promptly assist you!,
2091761,618194,Mon Nov 06 17:51:04 +0000 2017,"If you do @116584 , just beware of deliveries NOT listed as Delivered even though u Did Them, I'm Done....I'll stick with @116057 🤔😔😔",2091760,DoorDash_Help,Mon Nov 06 18:34:37 +0000 2017,@618194 thanks for getting in touch! Please DM your email address and we will promptly assist you!,
2091763,618195,Mon Nov 06 06:13:38 +0000 2017,@116584 Got email notification saying my login was changed. Someone hacked my account. Can they place orders with just login credentials?,2091762,DoorDash_Help,Mon Nov 06 06:19:20 +0000 2017,@618195 Thnak you for reaching out. Could you please DM us the email address on your account so we may investigate further.,
2091766,618196,Mon Nov 06 04:06:30 +0000 2017,"@116584 @DoorDash_Help order has said ""in progress"" for the past hour+ with no changes",2091764,DoorDash_Help,Mon Nov 06 04:11:41 +0000 2017,"@618196 Thanks for reaching out about this, Could you please DM us with your email address so we can get this resolved.",2091765
2091770,618197,Mon Nov 06 03:16:52 +0000 2017,"@DoorDash_Help my order just got canceled after 45 minutes, and now the restaurant isn't answering the phone, but they are listed as open",2091768,DoorDash_Help,Mon Nov 06 03:21:47 +0000 2017,@618197 Sorry about the trouble Ronald. Could you please DM us the email address on your account and we will help out anyway we can.,2091769
2091772,618198,Mon Nov 06 02:59:57 +0000 2017,@DoorDash_Help my order was supposed to be delivered by 6:40. It is 7 now and it still hasn't been picked up let alone delivered,2091771,DoorDash_Help,Mon Nov 06 03:05:39 +0000 2017,@618198 I am very sorry about the delay with your order but if you could please DM us your email address we would love to help.,
2091775,618199,Mon Nov 06 01:10:08 +0000 2017,@618200 @116584 Nah I'm taking a picture of the food when it gets here to see how ice cold it is by now..probably all soggy also since i ordered wings,2091773,DoorDash_Help,Mon Nov 06 01:13:35 +0000 2017,"@618199 Thanks for reaching out, Could you please DM us with your email address so we can get this resolved for you.",2091774
2091779,618201,Sun Nov 05 22:57:45 +0000 2017,"@116584 @DoorDash_Help  
Food never arrived. DD should pay for the meal. Example of a biz that shouldn't be in operation. Incompetent.",2091778,DoorDash_Help,Sun Nov 05 23:11:04 +0000 2017,@618201 Hi thanks for getting in touch! Can you DM us your email address so we can look into this for you!,
2091782,166647,Sun Nov 05 22:35:09 +0000 2017,Hungry! @DoorDash_Help is already 10 mins past their delivery time and they haven't even picked up yet...,2091780,DoorDash_Help,Sun Nov 05 22:39:06 +0000 2017,"@166647 Hey there, can you DM us your email address and we will look in to this?",2091781
2091784,472736,Sun Nov 05 21:38:24 +0000 2017,@DoorDash_Help @116584 ordered food and the main thing I got is burnt to hell. Like unsure how this is even sent out https://t.co/pt9EpDyouG,2091783,DoorDash_Help,Sun Nov 05 21:42:04 +0000 2017,"@472736 Hey there, sorry to see this! Can you DM us your email address and we will reach out right away?",
2091786,618202,Sun Nov 05 19:24:42 +0000 2017,@7406 @116584 this is a fountain drink despenser in my drink... how does that even happen? https://t.co/ip8hAE7J2O,2091785,DoorDash_Help,Sun Nov 05 20:16:15 +0000 2017,@618202 We are so sorry about this. Please DM us with your email address and we will reach out right away.,
2091789,618203,Sun Nov 05 19:15:53 +0000 2017,@116584 I love you,2091787,DoorDash_Help,Sun Nov 05 19:22:42 +0000 2017,@618203 we love you too!,2091788
2091791,261599,Sun Nov 05 17:32:02 +0000 2017,"@DoorDash_Help ordered food for the 1st time with you, never arrived. Where is the food, refund:-( I get a $5 credit! Pl help.ref: 19994109",2091790,DoorDash_Help,Sun Nov 05 18:35:14 +0000 2017,"@261599 Hey! Thanks for this message! Please DM us your email address, so we may reach out right away!",
2091794,618204,Sun Nov 05 17:44:25 +0000 2017,"@116584
Ordered at 1203
Got a call at 1235 oven broke at restaurant
Now I don’t have time to eat
Wish you had been more on top of that
👎🏻",2091793,DoorDash_Help,Sun Nov 05 18:23:27 +0000 2017,@618204 thanks for getting in touch! Please DM your email address and we will promptly assist you!,
2091796,618205,Sun Nov 05 16:33:20 +0000 2017,@116584 what do you do when you’ve ordered food through your company and they never show up and keep your 20$ ?,2091795,DoorDash_Help,Sun Nov 05 16:47:22 +0000 2017,@618205 Hey! Thanks for this message; please DM your email address and we will reach out right away!,
2091798,618206,Sun Nov 05 10:45:10 +0000 2017,@12236 @116584 is that how you treat people with children that might depend omg reliable service?,2091797,DoorDash_Help,Sun Nov 05 11:06:18 +0000 2017,@618206 thanks for getting in touch! Please DM your email address and we will promptly assist you!,
2091801,618207,Sun Nov 05 03:43:17 +0000 2017,@116584 All I wanted to do was have a good night with my cousins &amp; have food delivered. App won't even let me cancel 🙄,2091799,DoorDash_Help,Sun Nov 05 03:55:07 +0000 2017,@618207 Thanks so much for contacting us. Please DM us with your email address and we can assist your further.,2091800
2091809,618208,Sun Nov 05 03:48:51 +0000 2017,"@DoorDash_Help I was charged twice, you were unable to place order, have only been refunded half of what was charged",2091807,DoorDash_Help,Sun Nov 05 03:55:06 +0000 2017,@618208 Thank you for contacting us regarding this issue. If you could DM us your email address we would love to help.,2091808
2091811,618208,Sun Nov 05 03:48:02 +0000 2017,@116584 i was charge two times even though you were unable to play my order. You ave only refunded half of what I was charged.,2091810,DoorDash_Help,Sun Nov 05 03:51:24 +0000 2017,"@618208 Hey Ayanna, sorry to hear this. Can you DM us your email address and we will check this out?",
2091813,618209,Sun Nov 05 03:37:34 +0000 2017,@DoorDash_Help why can I not get ahold of absolutely anyone in  customer service about the issues I'm having with your website!?!,2091812,DoorDash_Help,Sun Nov 05 03:39:20 +0000 2017,@618209 Thank you for reaching out Rob. If you DM us the email address on your account we will be happy to help.,
2091815,618210,Sun Nov 05 03:16:34 +0000 2017,I cheated on Postmates w/ @116584 and got burned. Smh. Order was wrong.,2091814,DoorDash_Help,Sun Nov 05 03:21:45 +0000 2017,@618210 Thanks for this message. Sorry for the trouble.  Please DM us with your email address &amp; we'll reach out right away!,
2091818,618211,Sun Nov 05 03:02:42 +0000 2017,@116584 I'm trying to cancel my order,2091816,DoorDash_Help,Sun Nov 05 03:10:56 +0000 2017,"@618211 Hi Courtney, thanks for getting in touch. Please DM us with your email address &amp; we can assist you with your request.",2091817
2091820,618212,Sun Nov 05 03:05:32 +0000 2017,"Don’t use @116584. Multiple failed attempts / huge delays, customer service actually replied with an “awwww”.",2091819,DoorDash_Help,Sun Nov 05 03:08:16 +0000 2017,"@618212 Thanks for reaching out, Could you please DM us with your email address so we can look into this for you.",
2091822,618213,Sun Nov 05 02:30:29 +0000 2017,"@116584 Super slow delivery times, no matter the day, no matter the time. If i wanted to wait 2 hrs I would have cooked. #NoMas",2091821,DoorDash_Help,Sun Nov 05 03:05:42 +0000 2017,"@618213 Thanks for reaching out, Could you please DM us with your email address so we can get this resolved for you.",
2091824,183975,Sun Nov 05 02:03:44 +0000 2017,@116584 if you know a restaurant isn't taking orders then why do you have them listed as available to order from? 🤔,2091823,DoorDash_Help,Sun Nov 05 02:33:04 +0000 2017,"@183975 Hi Jason, Thanks for getting in touch could you DM us your email address so we can look into this for you!",
2091827,618214,Sun Nov 05 02:08:37 +0000 2017,When you order Indian food via @116584 and they forget to pack your bread. https://t.co/dwmiDbKXNf,2091825,DoorDash_Help,Sun Nov 05 02:28:19 +0000 2017,@618214 Thanks for this message. Sorry for the trouble.  Please DM us with your email address &amp; we'll reach out right away!,2091826
2091829,618215,Sun Nov 05 01:53:39 +0000 2017,"@116584 canceled my order after 30m wait, saying ""the restaurant was unexpectedly closed"" - well I just called &amp; they're open 4 more hours",2091828,DoorDash_Help,Sun Nov 05 02:02:13 +0000 2017,@618215 Thanks for this message Rob. Sorry for the trouble.  Please DM us with your email address &amp; we'll reach out right away!,
2091831,618216,Sun Nov 05 00:54:43 +0000 2017,@DoorDash_Help my order arrived so late that the food was cold and the best you all can do to fix it is a $3.77 credit!? That's unacceptable,2091830,DoorDash_Help,Sun Nov 05 00:56:50 +0000 2017,"@618216 Hey Kat, sorry to hear this. Can you DM us your email address and we will reach out right away?",
2091833,618217,Sat Nov 04 23:30:22 +0000 2017,@DoorDash_Help hi do you have the contact info for Vancouver ?,2091832,DoorDash_Help,Sat Nov 04 23:35:02 +0000 2017,"@618217 Hey there, can you DM us and we will reach out right away!",
2091835,618218,Sat Nov 04 23:25:59 +0000 2017,@116584 my door  dash promo code isn't working,2091834,DoorDash_Help,Sat Nov 04 23:28:15 +0000 2017,@618218 I'm very sorry for the trouble caused. If you could DM us your email address we would love to help out.,
2091837,248012,Sat Nov 04 22:34:46 +0000 2017,"Wow that's the 2nd time in a month that @116584 failed: order, wait 40 mins, THEN get a call that the restaurant is closed?! WTF guys",2091836,DoorDash_Help,Sat Nov 04 22:37:20 +0000 2017,@248012 Hi Natalia! We'd love to see why this has happened! Please DM us your e-mail address so we can check this out and follow up!,
2091839,618219,Sat Nov 04 21:18:05 +0000 2017,Been sitting here for an hour - Not even one #doordash @116584 #korybaker #periscope https://t.co/G02VjvbnGO,2091838,DoorDash_Help,Sat Nov 04 21:21:06 +0000 2017,"@618219 Thanks for reaching out, Could you please DM us with your email address so we can look into this for you.",
2091841,618220,Sat Nov 04 17:03:29 +0000 2017,@DoorDash_Help i ordered my food over an hour ago and its been ready at the restaurant but your driver has yet to pick it up. I ORDERED MY FOOD AT 11 am. Do something.,2091840,DoorDash_Help,Sat Nov 04 20:50:54 +0000 2017,"@618220 Hi , Thanks for getting in touch could you DM us your email address so we can look into this for you!",
2091843,618221,Sat Nov 04 20:25:21 +0000 2017,@116584 you guys say I get 7 dollars when a friend I referred makes an order but I did that and didn’t get 7 dollars 😔 https://t.co/Og1RUmZzrk,2091842,DoorDash_Help,Sat Nov 04 20:30:20 +0000 2017,"@618221 Thanks for reaching out, Could you please DM us with your email address so we can get this resolved.",
2091845,618222,Sat Nov 04 18:49:57 +0000 2017,@116584 Do you ever have coupons for established customers?,2091844,DoorDash_Help,Sat Nov 04 19:17:24 +0000 2017,"@618222 we do offer promos from time to time, but this varies. However, if you were to refer a friend you both could get $7.00 :)",
2091847,448216,Sat Nov 04 17:42:56 +0000 2017,@116584 do drivers actually validate orders for accuracy prior to picking up for delivery?  Have had multiple orders that were incorrect,2091846,DoorDash_Help,Sat Nov 04 17:47:33 +0000 2017,@448216 thanks for getting in touch! Please DM your email address and we will promptly assist you.,
2091852,618224,Sat Nov 04 17:35:57 +0000 2017,@116584 Just got a completely wrong order. Where do I call for a refund?,2091850,DoorDash_Help,Sat Nov 04 17:44:08 +0000 2017,@618224 we just tried to call you! Please reply with a time that would best suit to try again! :),2091851
2091854,618225,Sat Nov 04 10:42:01 +0000 2017,"Try @116584 , it's much better. You’ll get $7 if you signup through my link https://t.co/sWJ1jVwcmi https://t.co/ZbBlYFXBEp",2091853,DoorDash_Help,Sat Nov 04 10:53:56 +0000 2017,@618225 our Referral Terms and Conditions that your first order is required to have a subtotal of $20.00 or more to be eligible.,
2091859,618226,Sat Nov 04 04:24:19 +0000 2017,".@116584 this company is way worst than ever. I've never had my deliveries less than $10 pr delivery. But they say we are making more, lie https://t.co/QraRKJXSBL",2091855,DoorDash_Help,Sat Nov 04 09:05:08 +0000 2017,@618226 thanks for getting in touch! Please reply with a time that would best suit to call you regarding this!,"2091856,2091857,2091858"
2091861,618227,Sat Nov 04 07:48:50 +0000 2017,"Waited a whole hour for my burrito just to be told my card didn’t go through but was somehow still charged on my card
Fuck @116584",2091860,DoorDash_Help,Sat Nov 04 07:54:58 +0000 2017,@618227 Thanks for this message Tony. Sorry for the trouble.  Please DM us with your email address &amp; we'll reach out right away!,
2091863,618228,Sat Nov 04 02:24:24 +0000 2017,@116584 food was about an hour late.  Imma need you to do better.  There is no way an hour late pizza is still hot...,2091862,DoorDash_Help,Sat Nov 04 03:34:21 +0000 2017,"@618228 Hi ,Thanks for getting in touch! Can you please DM us your email address so we can look into this for you!",
2091867,618229,Sat Nov 04 03:27:57 +0000 2017,@116584 is there a reason that I just waited two hours just for the support guy to tell me that you weren't going to deliver my order?,2091864,DoorDash_Help,Sat Nov 04 03:33:18 +0000 2017,"@618229 Thanks for reaching out, Could you please DM us with your email address so we can look into this.","2091865,2091866"
2091870,618230,Sat Nov 04 03:11:38 +0000 2017,"Y’all never use this, we didnt even know our food was sent w this but NEVER USE IT!! We out here starving to death!! @116584",2091868,DoorDash_Help,Sat Nov 04 03:22:04 +0000 2017,@618230 Thanks for this message. Sorry for the trouble.  Please DM us with your email address &amp; we'll reach out right away!,2091869
2091874,618232,Sat Nov 04 01:41:16 +0000 2017,And the worst customer service award goes to ....@116584. I’m sorry but after today@I will not be using you guys again.  @115877 it is.,2091872,DoorDash_Help,Sat Nov 04 01:45:39 +0000 2017,"@618232 We are so sorry about your recent experiences, Jay. Please DM us with your email address and we make this right.",2091873
2091876,618233,Sat Nov 04 00:48:30 +0000 2017,I'm so fucking done with @116584 they've cancelled my order multiple times &amp; this time there's a kid bawling her eyes out cause she hungry,2091875,DoorDash_Help,Sat Nov 04 01:43:51 +0000 2017,"@618233 Hi Honest, Really sorry to hear about this! Can you please DM us your email address so we can look into this for you",
2091878,618234,Sat Nov 04 00:11:59 +0000 2017,Thanks to the GPS tracker just watched my @116584 driver go 15-20 min out of the way to make a pick up. There go my dreams of warm food.,2091877,DoorDash_Help,Sat Nov 04 01:09:02 +0000 2017,"@618234 Hi Janette,Thanks for getting in touch! Can you please DM us your email address so we can look into this for you.",
2091880,272667,Wed Nov 08 04:58:47 +0000 2017,Ordered from @116584 at 7:38. It’s now 8:58. Ask me if I have my food. 😐,2091879,DoorDash_Help,Wed Nov 08 05:01:46 +0000 2017,@272667  We're sorry about this experience. Please send us a DM with your email address at @doordash_help.,
2091882,618235,Wed Nov 08 01:36:01 +0000 2017,.@116584 a charge was applied to my account but the order isn’t showing up. There’s no way to timely contact support and we’re hangry.,2091881,DoorDash_Help,Wed Nov 08 01:43:34 +0000 2017,@618235  We're sorry about the inconvenience this is causing. Please send us a DM with your email address at @doordash_help.,
2091884,618236,Wed Nov 08 01:35:50 +0000 2017,Ordered @91239 from @116584 and it was so cold and soggy ):,2091883,DoorDash_Help,Wed Nov 08 01:41:16 +0000 2017,@618236  We're sorry about this experience. Please send us a DM with your email address at @doordash_help.,
2091887,618237,Tue Nov 07 03:37:41 +0000 2017,lmao when the restaurant calls and offers to deliver because @116584 left my food sitting for an hour #bye I’m an @115877 girl now ✌🏼,2091885,DoorDash_Help,Tue Nov 07 03:43:40 +0000 2017,@618237  We're sorry about this experience. Please send us a DM with your email address at @doordash_help.,2091886
2091889,618238,Tue Nov 07 02:32:18 +0000 2017,"Wow, getting a refund from @116584 is like pulling teeth. How many emails do I have to send? 🙄",2091888,DoorDash_Help,Tue Nov 07 02:44:23 +0000 2017,@618238  We're sorry about the inconvenience this is causing. Please send us a DM with your email address at @doordash_help.,
2091891,618239,Tue Nov 07 02:14:36 +0000 2017,yo @116584 it says my food ws delivered but i never got it,2091890,DoorDash_Help,Tue Nov 07 02:41:48 +0000 2017,@618239  We're sorry about this experience. Please send us a DM with your email address at @doordash_help.,
2091893,618240,Mon Nov 06 21:40:36 +0000 2017,@DoorDash_Help I placed an order with door dash and now I noticed you guys are charging way more for each item than the listed me u price,2091892,DoorDash_Help,Mon Nov 06 21:44:20 +0000 2017,@618240  Hi Thanks for the message. We're sorry about this experience. Please send us a DM with your email address at @doordash_help.,
2091895,596734,Sun Nov 05 19:23:08 +0000 2017,@116584 I need someone to contact me now before I call my bank to report fraud on my card,2091894,DoorDash_Help,Sun Nov 05 20:08:06 +0000 2017,"@596734  Thanks for getting in touch. Please send us a direct message at @doordash_help, and we will take a closer look right away.",
2112720,623011,Thu Oct 19 03:40:18 +0000 2017,@116584 Messed up the order I placed tonight and still haven't had any response on this,2112718,DoorDash_Help,Thu Oct 19 04:26:49 +0000 2017,@623011 Hey! If you could please DM us your email address we will reach out right away!,2112719
2112722,437128,Thu Oct 19 03:09:44 +0000 2017,"@116584 Card, my card was charged three times @DoorDash_Help",2112721,DoorDash_Help,Thu Oct 19 03:29:41 +0000 2017,@437128 Thanks for this message. Sorry for the trouble.  Please DM us with your email address &amp; we'll reach out right away!,
2112726,612254,Thu Oct 19 02:32:38 +0000 2017,@116584 I submitted an order at 5:15 for delivery two hours later. Why on Earth is it running 30+ minutes late? #unreliable,2112724,DoorDash_Help,Thu Oct 19 02:46:03 +0000 2017,"@612254 Oh no! I'm really sorry to hear about this, please DM us your email address and we'll reach out right away!",2112725
2123597,625547,Thu Nov 30 17:40:13 +0000 2017,@116584 YOUR DOOR DASHER JUST STOLE MY FOOD AND SAID HE DELIVERED IT. I'M OUT $20. I'M MAD.,2123595,DoorDash_Help,Thu Nov 30 17:48:20 +0000 2017,@625547  Hi There. We're sorry about this experience. Please send us a DM with your email address at @doordash_help.,2123596
2131378,627269,Thu Nov 30 20:36:33 +0000 2017,@116584 signed up through a friend referral and both of us don’t see our credits. #help?,2131377,DoorDash_Help,Thu Nov 30 20:41:49 +0000 2017,"@627269  Hi, please send us a direct message with your and your friends email addresses, and we'll take a look for you.",
213280,166632,Wed Oct 04 22:48:00 +0000 2017,@118625 talk to your boys at @116584 . It's #NationalTacoDay I pay for sauce and get no sauce. Wrecked dinner,213279,DoorDash_Help,Wed Oct 04 23:00:34 +0000 2017,"@166632 Oh no! I'm really sorry to hear about this, please DM us your email address and we'll reach out right away!",
213282,166633,Wed Oct 04 20:04:33 +0000 2017,@116584 I have 16 $1 charges to my card from San Francisco’s?!?!,213281,DoorDash_Help,Wed Oct 04 20:15:26 +0000 2017,"@166633 Thanks for reaching out about this, We would love to help. Could you please DM us with your email address and we will fix this.",
213284,166634,Wed Oct 04 18:39:40 +0000 2017,@DoorDash_Help order was 23min late AND was missing 2 of 6 tacos. wait is 45-60 min for redelivery...and no credits/refund! what gives??,213283,DoorDash_Help,Wed Oct 04 18:53:02 +0000 2017,@166634 Thanks for this message. Sorry for the trouble.  Please DM us with your email address &amp; we'll reach out right away!,
213286,166635,Wed Oct 04 17:49:40 +0000 2017,"@116584 So my order was completely wrong. I'm on your website waiting to connect to an agent, does that take long?",213285,DoorDash_Help,Wed Oct 04 18:05:01 +0000 2017,@166635 Thanks for this message. Sorry for the trouble.  Please DM us with your email address &amp; we'll reach out right away!,
213288,166636,Wed Oct 04 04:48:45 +0000 2017,"@DoorDash_Help Can someone tell me why you banned my business account, told me it was a mistake and would fix it, and then never fixed it?",213287,DoorDash_Help,Wed Oct 04 04:51:59 +0000 2017,@166636 Thanks for this message. Sorry for the trouble.  Please DM us with your email address &amp; we'll reach out right away!,
213290,166637,Wed Oct 04 01:21:56 +0000 2017,My @116584 order was supposed to be here 15 minutes ago 😩,213289,DoorDash_Help,Wed Oct 04 01:28:50 +0000 2017,"@166637 Oh no! I'm really sorry to hear about this, please DM us your email address and we'll reach out right away!",
213292,166638,Wed Oct 04 01:20:41 +0000 2017,@116584 Yep 20 minutes late very cold yum dinner thanks door dash https://t.co/Zw5AW2I6hF,213291,DoorDash_Help,Wed Oct 04 01:24:56 +0000 2017,"@166638 Thanks for reaching out about this, Could you please DM us with your email address so that we can resolve this for you.",
213296,166639,Wed Oct 04 00:54:47 +0000 2017,@DoorDash_Help https://t.co/bmQrYoJYAb,213294,DoorDash_Help,Wed Oct 04 01:17:11 +0000 2017,"@166639 Oh no! I'm really sorry to hear about this, please DM us your email address and we'll reach out right away!",213295
213298,166640,Wed Oct 04 00:36:51 +0000 2017,@DoorDash_Help Hi! I had cancelled two orders from you guys due to the KFC running out of what I had ordered and you guys still charged me.,213297,DoorDash_Help,Wed Oct 04 00:59:13 +0000 2017,@166640 We were delighted that we could resolve your issue today. Feel free to drop us a line anytime and we'll be happy to assist.,
213298,166640,Wed Oct 04 00:36:51 +0000 2017,@DoorDash_Help Hi! I had cancelled two orders from you guys due to the KFC running out of what I had ordered and you guys still charged me.,213299,DoorDash_Help,Wed Oct 04 00:45:57 +0000 2017,@166640 Thanks for getting in touch. Please DM us with your email and we'll be delighted to look into this for you.,
213301,166641,Tue Oct 03 23:19:31 +0000 2017,Hey @116584 I missed a couple orders because I was out of service range and this sunk my stats /:,213300,DoorDash_Help,Tue Oct 03 23:23:37 +0000 2017,@166641 Thanks for this message. Sorry for the trouble.  Please DM us with your email address &amp; we'll reach out right away!,
213304,166642,Tue Oct 03 23:14:07 +0000 2017,@DoorDash_Help please contact me asap pay was off by 200 +,213302,DoorDash_Help,Tue Oct 03 23:18:27 +0000 2017,@166642 Thanks for this message. Sorry for the trouble.  Please DM us with your email address &amp; we'll reach out right away!,213303
213306,166643,Tue Oct 03 16:11:25 +0000 2017,"@DoorDash_Help I’m trying to place an order with Mad for Chicken , but the restaurant opening time is not correct. It’s slready opened.",213305,DoorDash_Help,Tue Oct 03 16:18:19 +0000 2017,@166643 thanks for getting in touch! Please DM your email address and we will promptly assist you!,
213308,166644,Tue Oct 03 22:58:44 +0000 2017,@116584 @DoorDash_Help just hung on me. I’m trying to place a group order but I keep a message that says delivery unavailable at that time,213307,DoorDash_Help,Tue Oct 03 23:08:07 +0000 2017,"@166644 Oh no! I'm really sorry to hear about this, please DM us your email address and we'll reach out right away!",
213310,166643,Tue Oct 03 16:12:39 +0000 2017,"@116584 I’m trying to place an order with Mad for Chicken , but the restaurant opening time is not correct. It’s slready opened.",213309,DoorDash_Help,Tue Oct 03 16:20:58 +0000 2017,@166643 Thanks for this message. Sorry for the trouble.  Please DM us with your email address &amp; we'll reach out right away!,
213312,166645,Tue Oct 03 12:06:49 +0000 2017,@116584 your email support staff sucks and is unreliable and super slow to responding.,213311,DoorDash_Help,Tue Oct 03 12:09:28 +0000 2017,@166645 Thanks for this message. Sorry for the trouble.  Please DM us with your email address &amp; we'll reach out right away!,
213314,166646,Tue Oct 03 11:44:26 +0000 2017,@DoorDash_Help I still have not been paid this is day 2,213313,DoorDash_Help,Tue Oct 03 11:46:39 +0000 2017,@166646 thanks for getting in touch! Please DM your email address and we will promptly assist you.,
213316,166647,Sat Sep 30 20:48:44 +0000 2017,"@DoorDash_Help I already spoke to customer service over the phone. Really disorganized, barely understandable. You'll lose a lot of business if this cont..",213315,DoorDash_Help,Tue Oct 03 11:35:01 +0000 2017,@166647 Thanks for this message. Sorry for the trouble.  Please DM us with your email address &amp; we'll reach out right away!,
213318,166647,Sat Sep 30 20:44:34 +0000 2017,Another @DoorDash_Help screw up. Ordered cancelled with no notice. Second order cancelled after over an hour. Useless.,213317,DoorDash_Help,Sat Sep 30 20:47:06 +0000 2017,@166647 Hey! Oh no! I would love to check this out for you! Please DM us with your email address &amp; we'll reach out right away!,213316
213321,166648,Tue Oct 03 05:27:34 +0000 2017,"@116584 frequency of incorrect deliveries increasing over a month, please investigate",213319,DoorDash_Help,Tue Oct 03 05:32:58 +0000 2017,"@166648 Hi Shaun, can you send us a DM with your email address &amp; we will reach out right away?",213320
213323,166649,Tue Oct 03 05:11:03 +0000 2017,Wtf @116584 I never get my order and when I try to contact support your app and website crash? I need my money back,213322,DoorDash_Help,Tue Oct 03 05:14:04 +0000 2017,"@166649 Oh no! I'm really sorry to hear about this, please DM us your email address and we'll reach out right away!",
213325,166650,Tue Oct 03 03:24:12 +0000 2017,"When @116584 will not send me an email to reset my password, I guess I’m not using them to order dinner. Email already exists if I try to sign up. Frustrating. I want @82601",213324,DoorDash_Help,Tue Oct 03 03:39:13 +0000 2017,@166650 Thanks for this message. Sorry for the trouble.  Please DM us with your email address &amp; we'll reach out right away!,
213327,166651,Mon Oct 02 03:31:29 +0000 2017,"@116584 Granted, you said your system screwed up and made my order late to begin with",213326,DoorDash_Help,Tue Oct 03 02:38:12 +0000 2017,"@166651 Oh no! I'm really sorry to hear about this, please DM us your email address and we'll reach out right away!",
213330,166652,Mon Oct 02 03:58:22 +0000 2017,@166653 @116584 I like them although I tend to get stupid drivers who think I live in the park next door,213329,DoorDash_Help,Tue Oct 03 02:36:27 +0000 2017,"@166652 Oh no! I'm really sorry to hear about this, please DM us your email address and we'll reach out right away!",
213334,166654,Mon Oct 02 17:36:56 +0000 2017,@166655 @116584 We need to cancel an order we just placed but your site is down.,213332,DoorDash_Help,Tue Oct 03 02:05:35 +0000 2017,"@166654 Oh no! I'm really sorry to hear about this, please DM us your email address and we'll reach out right away!",213333
213339,166656,Mon Oct 02 18:24:24 +0000 2017,@DoorDash_Help REALLY??  Cause I have spent more than THREE HOURS trying to do a group order with your REP on the phone and they still can't make it work,213336,DoorDash_Help,Tue Oct 03 01:52:05 +0000 2017,@166656 Oh no! I'm really sorry about this. Please DM us your email address and we'll reach out right away!,"213337,213338"
213342,166675,Sat Sep 30 17:18:52 +0000 2017,@DoorDash_Help I can't place orders through your website or app FYI,213407,DoorDash_Help,Sun Oct 01 22:47:20 +0000 2017,@166675 Hey Claudia! Oh no! I would love to check this out for you - pop us your email address in a DM! Happy to help!,
213343,172570,Tue Sep 26 08:58:57 +0000 2017,"@DoorDash_Help @116584 do you have #OnlineOrderingSystem
Hope we can serve you: https://t.co/lhCqI1OCvk",237587,DoorDash_Help,Thu Sep 28 23:04:06 +0000 2017,"@172570 Hey RestoLabs! Oh wow! We sure do, pop us a DM and we will only be happy to reach out to you!",237588
213345,370364,Sat Oct 14 03:17:47 +0000 2017,@DoorDash_Help There was an error with the dasher app.,1060400,DoorDash_Help,Sat Oct 14 21:10:01 +0000 2017,@370364 Thanks for this message. Sorry for the trouble caused.  Please DM us with your email address &amp; we'll reach out right away!,
213350,168409,Wed Oct 04 03:54:50 +0000 2017,@DoorDash_Help worst customer experience on planet! 5 calls w different info each time. promises on delivery times.never got any food! horrible company!,219830,DoorDash_Help,Thu Oct 05 02:20:54 +0000 2017,@168409 Thanks for this message. Sorry for the trouble.  Please DM us with your email address &amp; we'll reach out right away!,
213351,178435,Sat Sep 23 07:19:04 +0000 2017,"@DoorDash_Help @116584 How bout orders I wait 90 minutes for, told 2 min away, and then cancelled for no reason? Been on hold for 30 min. You guys epically suck.",262125,DoorDash_Help,Wed Sep 27 05:57:56 +0000 2017,"@178435 Hey Tom, sorry to hear this. Can you DM us your email address &amp; we will reach out right away?",262126
213352,199361,Sun Oct 08 03:10:21 +0000 2017,@DoorDash_Help My order is MIA as well. Why the hell is it so hard to find a person to talk to when you have problems? How do I get a refund?,350423,DoorDash_Help,Sun Oct 08 10:12:18 +0000 2017,@199361 Please DM us with your contact details/email address &amp; we'll reach out right away!,
213355,233752,Mon Nov 20 17:48:49 +0000 2017,@DoorDash_Help Your customer service is rough. You've got some bigs kinks to work out.,2434102,DoorDash_Help,Mon Nov 20 18:02:40 +0000 2017,"@233752 Hi Lisa. We really value your feedback. Please send us a DM with your email address at @doordash_help, so we can learn more",
213359,166658,Tue Oct 03 01:11:15 +0000 2017,@DoorDash_Help The details are on our twitter profile.  The Village Flatbread Co.  Please remove immediately.,213357,DoorDash_Help,Tue Oct 03 01:44:41 +0000 2017,"@166658 Hello, thanks for reaching out to us, I'm really sorry about this, I've went ahead and removed you with intimidate effect.",213358
213361,166658,Tue Oct 03 00:18:12 +0000 2017,@116584 @DoorDash_Help,213360,DoorDash_Help,Tue Oct 03 01:04:23 +0000 2017,"@166658 Hi, thanks for reaching out to us, if you could please DM us with details of your restaurant I'll be happy to assist.",213359
213364,166659,Mon Oct 02 22:41:08 +0000 2017,@116584 your service sucks and you’re pathetic.,213363,DoorDash_Help,Mon Oct 02 22:44:15 +0000 2017,@166659 Thanks for this message. Sorry for the trouble.  Please DM us with your email address &amp; we'll reach out right away!,
213367,166660,Mon Oct 02 20:10:56 +0000 2017,"@DoorDash_Help You treat your drivers like trash, you under pay, treat us like employees, and missing payments.  Very illegal.
#doorscam",213365,DoorDash_Help,Mon Oct 02 20:18:37 +0000 2017,"@166660 Hi Willie, thanks for reaching out. I'm really sorry to hear about this. Please DM us your email address and we'll reach out",213366
213369,166661,Mon Oct 02 18:24:54 +0000 2017,"@116584 When I reorder something, if I go to edit an item I get this https://t.co/aYDAakxrhU",213368,DoorDash_Help,Mon Oct 02 19:54:59 +0000 2017,"@166661 That's strange Jerry, can you DM us your email address and we will resolve this?",
213371,166662,Mon Oct 02 17:54:04 +0000 2017,@116584 my first dash tomorrow! https://t.co/nbppnQBSEe,213370,DoorDash_Help,Mon Oct 02 19:51:36 +0000 2017,"@166662 Hey Anthony, so happy to have you on board! Support are always here if you need any help during your first day!",
213373,166663,Mon Oct 02 17:34:40 +0000 2017,@DoorDash_Help please fix your web site!,213372,DoorDash_Help,Mon Oct 02 19:50:43 +0000 2017,"@166663 Hey, can you DM us your email address and we will look at your account to see whats going wrong?",
213375,166664,Mon Oct 02 19:13:04 +0000 2017,@DoorDash_Help y’all some thieves. smh. Never ordering from y’all again.,213374,DoorDash_Help,Mon Oct 02 19:42:10 +0000 2017,"@166664 Hey! We are terribly sorry to hear this, please DM us your email address and we will certainly get right on this for you",
213377,134157,Mon Oct 02 17:34:21 +0000 2017,@116584  can we order lunch or NAH? Your site is giving me a blank screen with an error.,213376,DoorDash_Help,Mon Oct 02 19:36:22 +0000 2017,"@134157 Hey Dulce, could you please DM us your email address and we will help get you some lunch today?",
213379,166665,Mon Oct 02 17:31:33 +0000 2017,@116584 But let there be a problem with the order and @116584 Pali Alto calls you directly looking for answers,213378,DoorDash_Help,Mon Oct 02 19:10:05 +0000 2017,"@166665 Hi Ace, We are about everyone here in support. Please DM us your issues and we will be in contact right away to help!",
213382,166666,Mon Oct 02 16:09:34 +0000 2017,"another busy day, and can't leave the office for lunch, and @116584 website isn't working... #Lame",213381,DoorDash_Help,Mon Oct 02 16:18:48 +0000 2017,"@166666 Hey Michelle, Please DM us your email address and I will reach out to help! Cant have you going hungry!!",
213384,43413,Mon Oct 02 13:39:50 +0000 2017,"PSA: @116584 cancels order, leaves you 25 bucks short (+starving) if you aren't at phone when they arrive. 😒#terriblecustomerservice",213383,DoorDash_Help,Mon Oct 02 13:43:21 +0000 2017,"@43413 Hi Sarah, I am sorry to hear this. Please DM us your email address and we will reach out and resolve this for you.",
213386,166667,Mon Oct 02 04:15:48 +0000 2017,Waited over 2 hours for @116584 only for them to tell me they lost the driver. Unacceptable and not using again.,213385,DoorDash_Help,Mon Oct 02 04:37:01 +0000 2017,"@166667 Hey Chelsea, sorry to hear this. Can you DM us your email address &amp; we will reach out right away?",
213388,166668,Mon Oct 02 03:25:14 +0000 2017,Shoutout to @116584 Korean bbq delivered at 930 on a Sunday https://t.co/yBGtQKlskN,213387,DoorDash_Help,Mon Oct 02 03:43:14 +0000 2017,@166668 Hey Damir! Oh wow! We are always happy to deliver your favorites right to your doorstep for you! Have a great week!,
213390,166669,Mon Oct 02 02:03:22 +0000 2017,@DoorDash_Help another delivery fail. Can't wait for our cold food to arrive... https://t.co/lZYKhDCFS1,213389,DoorDash_Help,Mon Oct 02 02:22:56 +0000 2017,"@166669 Hey Sarah, can you DM us with your email address &amp; we will look in to this?",
213406,166674,Sun Oct 01 23:45:14 +0000 2017,Very disappointed with @116584 tonight.  Est. Time when I ordered: 30 Min.  App now says 8:10 which will be 60.  #Baitandswitch,213405,DoorDash_Help,Sun Oct 01 23:53:22 +0000 2017,"@166674 Hey Michael, thanks for your message. Can you DM us your email address &amp; we will check this out?",
213410,166676,Sun Oct 01 21:00:21 +0000 2017,".@116584 NEVER ordering from you again, got food poisioning and just now recovering and you refuse to credit me, absolutely ridiculous.",213408,DoorDash_Help,Sun Oct 01 21:06:33 +0000 2017,"@166676 Hi Grant, So sorry to hear about your experience. Please DM us with your information and we will contact you right away.",213409
213412,166677,Sun Oct 01 19:52:14 +0000 2017,"@12236 @116584 I wasn't paid last week &amp; been getting the run around from your ""dasher help""..ridiculous. You treat dashers like trash.",213411,DoorDash_Help,Sun Oct 01 19:55:02 +0000 2017,"@166677 I do apologize, could you please send us a DM with your email address so we can get this resolved immediately.",
213414,166678,Sun Oct 01 19:38:11 +0000 2017,Hey @116584 a $19.99 credit for a $46 order ruined by your driver isn't going to make me use your service again. It's called REFUND,213413,DoorDash_Help,Sun Oct 01 19:44:41 +0000 2017,"@166678 Thanks for reaching out about this, Could you please DM us with your email address and we will take care of this for you.",
213417,166679,Sun Oct 01 19:07:44 +0000 2017,@116584 Silk Road in Walnut Creek is open and the app says it's closed??,213415,DoorDash_Help,Sun Oct 01 19:12:55 +0000 2017,"@166679 I do apologize about this, could you please send us a DM with your email address so we can get this resolved immediately for you.",213416
213419,166679,Sun Oct 01 19:08:25 +0000 2017,"@DoorDash_Help Silk Road in Walnut Creek is open and your app says closed. Need to place an order, can you adjust?",213418,DoorDash_Help,Sun Oct 01 19:10:29 +0000 2017,@166679 Thanks for this message. Sorry for the trouble.  Please DM us with your email address &amp; we'll reach out right away!,
213422,166680,Sun Oct 01 18:38:27 +0000 2017,"Once again @DoorDash_Help, I order something and I get something completely different. https://t.co/F5VR4AGVHh",213420,DoorDash_Help,Sun Oct 01 18:45:26 +0000 2017,"@166680 Thanks for reaching out about this, I would love to make this right. Could you Please DM us with your email address?",213421
213424,138993,Sun Oct 01 18:05:03 +0000 2017,Still waiting on a @116584 rep to refund me for an order I didn't receive last night 👀,213423,DoorDash_Help,Sun Oct 01 18:10:36 +0000 2017,"@138993 Thanks for reaching out about this, Could you please DM us with your email address so we can get that processed for you.",
213427,166681,Sun Oct 01 16:49:08 +0000 2017,"@DoorDash_Help 
I rcvd sms on Friday that my order was cancelled and would be refunded so how long does that take? No refund yet",213425,DoorDash_Help,Sun Oct 01 16:52:58 +0000 2017,"@166681 Hey! A refund takes 3-5 business days therefore, weekends are not counted i'm afraid. Do DM us with any further questions! :)",213426
213429,166682,Sun Oct 01 06:46:20 +0000 2017,@116584 hey it kind of sucks that you guys don't have a phone number I could call because now I'm out $31 from a mistaken delivery,213428,DoorDash_Help,Sun Oct 01 07:19:51 +0000 2017,"@166682 Hi Erica, Please DM us your email address and we can certainly reach out to you in order to resolve this!",
213431,166683,Sun Oct 01 04:06:02 +0000 2017,@DoorDash_Help an item from my order is missing and I tried to go through the support interface but the chat just hangs; doesn't connect.,213430,DoorDash_Help,Sun Oct 01 05:30:23 +0000 2017,@166683 Thanks for this message. Sorry for the trouble.  Please DM us with your email address &amp; we'll reach out right away!,
213433,166684,Sun Oct 01 04:36:54 +0000 2017,"@116584 app is crashing as soon as I hit the pay button, and the site isn’t working either.",213432,DoorDash_Help,Sun Oct 01 04:55:22 +0000 2017,@166684 Thanks for this message. Sorry for the trouble.  Please DM us with your email address &amp; we'll reach out right away!,
213436,166685,Sun Oct 01 04:25:24 +0000 2017,@116584 is by far the worst food delivery service around. I've used them 6 times and never once has a driver either not cancelled or fail,213434,DoorDash_Help,Sun Oct 01 04:52:20 +0000 2017,"@166685 Hi Steven, please DM us with your email if there's anyway that we can make things right.",213435
213438,166686,Sun Oct 01 03:58:17 +0000 2017,"Did @116584 go broke tonight or something? No food, no way to contact support. 

I expect this level of ignoring me from a date, but ...",213437,DoorDash_Help,Sun Oct 01 04:44:22 +0000 2017,@166686 I am very sorry about the trouble caused but if you could please DM us your email address we would love to help out!,
213441,166687,Sun Oct 01 03:52:47 +0000 2017,"1st @116584 expierence: Order got here 25 min late. Food was cold, missing drinks &amp; all the fries soggy. Guess I won’t be doing that again https://t.co/Pqs6nhn0fX",213440,DoorDash_Help,Sun Oct 01 04:21:56 +0000 2017,"@166687 Hi Matthew, sorry to hear about your experience. Please DM me with your email address so I can get this fixed for you.",
213444,166688,Sun Oct 01 03:00:25 +0000 2017,@116584 been trying to reach someone. Delivery never showed. Please help I am hungry!!!,213442,DoorDash_Help,Sun Oct 01 03:47:44 +0000 2017,@166688 Thanks for this message. Sorry for the trouble.  Please DM us with your email address &amp; we'll reach out right away!,213443
213446,166688,Sun Oct 01 03:27:30 +0000 2017,@DoorDash_Help my delivery never made it! Your customer service says they are working on it but I haven't heard back. Pls help-I'm HANGRY!!!,213445,DoorDash_Help,Sun Oct 01 03:37:45 +0000 2017,"@166688 Hi Jeff, so sorry about this, please DM me your email address so I can chase up the progress of your order and support.",
213448,166689,Sun Oct 01 03:11:24 +0000 2017,@116584 @DoorDash_Help can y’all help me out? Couldn’t finish the food.. https://t.co/7i4faQQMaY,213447,DoorDash_Help,Sun Oct 01 03:34:38 +0000 2017,@166689 Thanks for getting in touch Dwight. Please DM us with your email and we'll be absolutely delighted to help.,
213450,166690,Sun Oct 01 02:28:34 +0000 2017,"@DoorDash_Help @7406 so who is to blame for this pitiful, barely tossed meal and the missing fries that I ordered? https://t.co/bbdm11Czce",213449,DoorDash_Help,Sun Oct 01 03:09:15 +0000 2017,"@166690 Hey Andrew, sorry to see this. Can you DM us your email address &amp; we will look into this?",
213452,166691,Sun Oct 01 02:09:23 +0000 2017,@DoorDash_Help is there any way I can take back my tip. I recently ordered and it was wrong. And they proceeded to say they ordered right...,213451,DoorDash_Help,Sun Oct 01 02:56:00 +0000 2017,@166691 Thanks for this message. Sorry for the trouble.  Please DM us with your email address &amp; we'll reach out right away!,
213454,166692,Sun Oct 01 00:36:25 +0000 2017,Decided to give  @116584 another chance after my last order was canceled because homie didn’t show to pick it up. Regretting it already. https://t.co/remaMtrVMm,213453,DoorDash_Help,Sun Oct 01 01:10:47 +0000 2017,@166692 Thanks for this message. Sorry for the trouble.  Please DM us with your email address &amp; we'll reach out right away!,
213456,166693,Sun Oct 01 00:48:20 +0000 2017,1st time using @116584. 50 minutes into 58-minute wait: Driver called to say restaurant wasn’t taking orders. First impression #onechance,213455,DoorDash_Help,Sun Oct 01 01:01:08 +0000 2017,@166693 I am very sorry about the trouble caused but if you could DM us your email address we would love to help out!,
213459,166694,Sun Oct 01 00:17:41 +0000 2017,"@DoorDash_Help Why do I keep getting ""Something Went Wrong"" at checkout, but no explanation of what went wrong?!",213457,DoorDash_Help,Sun Oct 01 00:24:59 +0000 2017,"@166694 Hey Rob, send us a DM with your email address &amp; we will check this out!",213458
213462,166695,Sat Sep 30 22:40:15 +0000 2017,@DoorDash_Help I’m trying to add to add a sprite to my order but you app is Glitching,213460,DoorDash_Help,Sat Sep 30 22:53:27 +0000 2017,@166695 Thanks for this message. Sorry for the trouble.  Please DM us with your email address &amp; we'll reach out right away!,213461
213464,166696,Sat Sep 30 22:24:08 +0000 2017,"Hi @116584. For someone new, probably not a good look for your “dasher” to hang up on me because he can’t find me. Will never use again.",213463,DoorDash_Help,Sat Sep 30 22:27:00 +0000 2017,@166696 I am terribly sorry about the trouble caused but if you could DM us your email address we would love to help out!,
213467,166697,Sat Sep 30 21:08:38 +0000 2017,Love when @116584 messes up and then won't fix it and literally ruined a family meal and won't own up and make it right. Credits don't fix,213465,DoorDash_Help,Sat Sep 30 21:24:02 +0000 2017,@166697 Thanks for this message. Sorry for the trouble.  Please DM us with your email address &amp; we'll reach out right away!,213466
213469,166698,Sat Sep 30 21:12:48 +0000 2017,"@116584 Hi, do you have a rule against employees bringing pets with them? A guy came by &amp; let his dog walk in my house. We now have fleas!",213468,DoorDash_Help,Sat Sep 30 21:19:31 +0000 2017,@166698 I am very sorry about the trouble caused. If you could please DM us we would love to help out and answer any questions.,
213471,166699,Sat Sep 30 21:15:05 +0000 2017,@DoorDash_Help Deliverer forgot half my order. Tough to fix with no quick contact info. Had to contact restaurant to work it out. #notcool,213470,DoorDash_Help,Sat Sep 30 21:18:00 +0000 2017,@166699 I am very sorry about the trouble caused. If you could DM us your email address we would love to help.,
213473,166684,Sat Sep 30 20:58:21 +0000 2017,@DoorDash_Help @116584 dasher pulled up smoking a blunt. 🍕 smelled and tasted like weed since obviously wasn’t kept in a heater bag. Wtf?,213472,DoorDash_Help,Sat Sep 30 21:07:23 +0000 2017,"@166684 Hey Trevor, can you DM us with your email address &amp; we will look in to this?",
213476,166700,Sat Sep 30 19:58:02 +0000 2017,Every time!! Why?!!? People seriously shouldn’t be hired if they can’t do the given task 😒😒😒 @116584 https://t.co/Tq3hlO89xA,213474,DoorDash_Help,Sat Sep 30 20:27:44 +0000 2017,@166700 Thanks for this message. Sorry for the trouble.  Please DM us with your email address &amp; we'll reach out right away!,213475
213479,166701,Sat Sep 30 19:47:16 +0000 2017,"Hey @116584, sitting right next to each other w/ same delivery address. Why can't my man find as many burgers to order? 🤷‍♀️ https://t.co/BZFjC5YE7u",213477,DoorDash_Help,Sat Sep 30 19:51:49 +0000 2017,@166701 Hey! Oh no! I would love to check this out for you guys! Pop us your  email address in a DM &amp; we'll reach out right away!,213478
213481,166702,Sat Sep 30 17:48:14 +0000 2017,.@116584 walking 20mins to meet my driver while 39wks pregnant=not my idea of fun. Even for choc crepes. Adding instructions doesn't help,213480,DoorDash_Help,Sat Sep 30 19:01:07 +0000 2017,@166702 Thanks for this message. Sorry for the trouble.  Please DM us with your email address &amp; we'll reach out right away!,
213483,166703,Sat Sep 30 09:12:56 +0000 2017,@DoorDash_Help Sent a DM,213482,DoorDash_Help,Sat Sep 30 09:14:51 +0000 2017,@166703 Thanks for this message. Sorry for the trouble.  Please DM us with your email address &amp; we'll reach out right away!,
213485,166704,Sat Sep 30 06:58:38 +0000 2017,"@DoorDash_Help Why do you refuse to pay your drivers? Stop stealing from them, they do all of your work for you.",213484,DoorDash_Help,Sat Sep 30 09:04:44 +0000 2017,@166704 Thanks for this message. Sorry for the trouble.  Please DM us with your email address &amp; we'll reach out right away!,
213487,166705,Sat Sep 30 08:05:40 +0000 2017,@DoorDash_Help trying to chat with an agent and your app won’t let me send the message. Not super helpful. CAn you help?,213486,DoorDash_Help,Sat Sep 30 09:03:39 +0000 2017,@166705 Thanks for this message. Sorry for the trouble.  Please DM us with your email address &amp; we'll reach out right away!,
213489,166706,Sat Sep 30 04:29:46 +0000 2017,I am uninstalling @116584 their service and timing sucks @DoorDash_Help #doordashsucks,213488,DoorDash_Help,Sat Sep 30 05:37:25 +0000 2017,"@166706 Hi Aram, thanks for getting in touch. Please DM us with your email and I'm certain that we can change your perception.",
213491,135854,Sat Sep 30 04:15:33 +0000 2017,@DoorDash_Help My order is late and the driver is lost. What's going on with your lack of customer service!?!,213490,DoorDash_Help,Sat Sep 30 05:29:33 +0000 2017,"@135854 Hi Jylian, can you send us a DM with your email address &amp; we will reach out right away?",
213493,166707,Sat Sep 30 04:11:49 +0000 2017,Scammed by @116584 once again. Where y'all at @DoorDash_Help,213492,DoorDash_Help,Sat Sep 30 05:24:29 +0000 2017,"@166707 Hi Kierra, sorry to hear this. Can you DM us your email address &amp; we will reach out right away?",
213496,166708,Sat Sep 30 04:27:32 +0000 2017,@116584 ripped me off,213494,DoorDash_Help,Sat Sep 30 05:00:32 +0000 2017,"@166708 Hey Stephanie, I'm sorry to hear this. Can you DM us your email address &amp; we will reach out right away?",213495
2134962,244263,Thu Nov 30 19:59:04 +0000 2017,When @116584 sends you an email for free delivery and then it doesn't even work 😐 #notgoodcustomerservice https://t.co/qBoxk7I2ZX,2134961,DoorDash_Help,Thu Nov 30 20:08:18 +0000 2017,"@244263  Hi.  Please send us a direct message with the promo code and email address associated to your DoorDash account to @doordash_help, and we'll take a look for you.",
2134964,628121,Thu Nov 30 18:59:29 +0000 2017,@116584 is the worst service ever it’s taken over 2 hours every time i’ve ordered food,2134963,DoorDash_Help,Thu Nov 30 19:04:56 +0000 2017,@628121  Hi Stefanie. We're sorry to know that your orders have been late. Please send us a DM with your email address at @doordash_help so we can further assist you. Thank you,
2135522,488030,Thu Nov 30 18:57:17 +0000 2017,I’m never using @116584 again. And I wouldn’t recommend them,2135520,DoorDash_Help,Thu Nov 30 19:00:18 +0000 2017,"@488030  Hi! We really value your feedback. Please send us a DM with your email address at @doordash_help, so we can learn more.",2135521
2135527,628277,Thu Nov 30 18:49:12 +0000 2017,@DoorDash_Help why do I get an empty promo screen? https://t.co/ovnlgzQdx8,2135526,DoorDash_Help,Thu Nov 30 18:59:36 +0000 2017,@628277 Hi Gustavo. Please send us a direct message at @doordash_help and we can help.,
2152282,632452,Thu Oct 19 09:41:58 +0000 2017,@116584 extremely disappointed in your service. I’ve been waiting several hours and have not received my order which I placed twice. Awful,2152281,DoorDash_Help,Thu Oct 19 10:14:55 +0000 2017,@632452 I am so sorry to hear this! Please DM us your email address and we will look into this for you!,
2155693,633330,Thu Nov 09 02:00:31 +0000 2017,"So @116584 charged me twice and deleted an item from my order, and now wants to charge $15 more to actually get me my food. And they say support won’t respond for 2-3 days. Cool. 

@DoorDash_Help",2155692,DoorDash_Help,Thu Nov 09 02:24:08 +0000 2017,"@633330 Hi Jack, thanks for getting in touch, Can you DM us your email address so we can look further into this for you!",
2155695,633331,Thu Nov 09 01:31:49 +0000 2017,Not happy since my @116584 order is already 15 minutes late and still not here 😑☹️ #HANGRY,2155694,DoorDash_Help,Thu Nov 09 01:40:05 +0000 2017,"@633331 Hi Kelsey, Please DM us your information and we will surely check your order to find out where it is. Thanks DoorDash",
2155697,633332,Thu Nov 09 00:40:39 +0000 2017,someone is using my email and a variation of my name to place an order on @116584 ..,2155696,DoorDash_Help,Thu Nov 09 00:45:46 +0000 2017,@633332  We're sorry about the inconvenience this is causing. Please send us a DM with your email address at @doordash_help.,
2155699,633333,Thu Nov 09 00:38:00 +0000 2017,hey @116584 can you explain why I am experiencing two very different ordering experiences on an identical order using different accounts. https://t.co/NpVIix6TOn,2155698,DoorDash_Help,Thu Nov 09 00:42:38 +0000 2017,@633333  We're sorry about this experience. Please send us a DM with your email address at @doordash_help.,
2155701,580715,Wed Nov 08 23:52:12 +0000 2017,They’re trying to avoid paying me my money RT for awareness @DoorDash_Help https://t.co/bJRHypnyn4,2155700,DoorDash_Help,Wed Nov 08 23:56:27 +0000 2017,"@580715 Sorry for the trouble. Please send us a DM with your email address at @doordash_help, and we will take a closer look right away.",
2155703,633334,Wed Nov 08 23:39:09 +0000 2017,😂😭😂 RT @580715: The longer my request goes unanswered the bigger this PR scandal grows @DoorDash_Help,2155702,DoorDash_Help,Wed Nov 08 23:42:20 +0000 2017,@633334  We're sorry about this trouble. Please send us a DM with your email address at @doordash_help.,
2155706,580715,Wed Nov 08 23:07:19 +0000 2017,My order is 40 minutes late @116584 cashapp me $100 or I’ll scream,2155704,DoorDash_Help,Wed Nov 08 23:13:08 +0000 2017,"@580715 Oh no! I'm really sorry to hear about this, please DM us your email address and we'll reach out right away!",2155705
2155708,633336,Wed Nov 08 21:09:05 +0000 2017,Hey @116584 thanks for delivering meat in my vegetarian order and screwing up my lunch!,2155707,DoorDash_Help,Wed Nov 08 21:15:32 +0000 2017,@633336 Oh no am so sorry for the experience. Please DM us your email address and we will reach out!,
2155710,633337,Wed Nov 08 18:08:00 +0000 2017,my recent @116584 orders have been messed up 🤦🏾‍♀️🤦🏾‍♀️🤦🏾‍♀️🤦🏾‍♀️,2155709,DoorDash_Help,Wed Nov 08 18:41:53 +0000 2017,@633337 Hi! We'd be very interesting in seeing what has happened. Can you DM us your e-mail address so we can locate your account.,
2155715,633339,Wed Nov 08 17:33:06 +0000 2017,@DoorDash_Help Why would a driver cancel a pick up? Added 20 minutes to my order and I’m stuck giving a good tip because I assumed it would be here when I️ was initially told it would be.,2155714,DoorDash_Help,Wed Nov 08 18:13:05 +0000 2017,"@633339 Hi Zack, we can check this out from here. Please DM us your e-mail address so we can locate your order and follow up with you!",
2155717,314294,Wed Nov 08 13:18:30 +0000 2017,"Do not rely on @116584 if you’ve got the munchies, twice I had to wait over 2.5 hours for my dinner to arrive...Cold 🙄",2155716,DoorDash_Help,Wed Nov 08 16:07:22 +0000 2017,"@314294 Please send us a DM with your email address at @doordash_help, and we will take a closer look right away.",
2162916,635068,Thu Nov 09 06:00:00 +0000 2017,@DoorDash_Help Our order was supposed to be ready at 9:20pm and it's already 9:58pm and we still haven't received anything. This is our first time ordering from Door Dash too and will probably be our last. This is ridiculous 👎🏻,2162914,DoorDash_Help,Thu Nov 09 06:02:57 +0000 2017,"@635068 Oh no! I'm really sorry to hear about this, please DM us your email address and we'll reach out right away!",2162915
2170356,636676,Thu Nov 09 04:07:15 +0000 2017,I hate @116584 their employees are so rude! 😠 https://t.co/4aydCsLb1S,2170355,DoorDash_Help,Thu Nov 09 04:15:56 +0000 2017,"@636676 Hi Krysta, So sorry to hear. Please DM us and we will be in contact with you right away. Thanks DoorDash",
2170358,636677,Thu Nov 09 03:21:39 +0000 2017,Oh and food was wrong... https://t.co/hcGWx5pdsT,2170357,DoorDash_Help,Thu Nov 09 03:54:49 +0000 2017,"@636677 Oh no! I'm really sorry to hear about this, please DM us your email address and we'll reach out right away!",
2176875,638065,Sun Oct 29 01:44:02 +0000 2017,@116584 horrendous ordering!! How do I file an official complaint?? Back to back nights of underachieving delivery. Very very frustrated,2176874,DoorDash_Help,Sun Oct 29 03:51:19 +0000 2017,@638065 So sorry you had a disappointing experience. If you DM your email address and a description of what happened I'll get right on it,
219821,168406,Wed Oct 04 19:07:53 +0000 2017,@12190 I'm part of YEG @116584 team. We launched today &amp; are giving away 200 free churros tmrw from @12191! Can dm you?,219820,DoorDash_Help,Thu Oct 05 03:18:20 +0000 2017,@168406 We are always happy to help! Pop us a DM at any stage and we will reach out right away!,
219824,168407,Thu Oct 05 00:46:52 +0000 2017,@DoorDash_Help how do I get promo code ?,219822,DoorDash_Help,Thu Oct 05 02:46:43 +0000 2017,"@168407 Hi there, We regularly provide Promotional codes via Email, on our website or even post them here. Keep your eyes out!",219823
219826,168408,Thu Oct 05 02:31:57 +0000 2017,"FYI, I highly recommend no one ever uses @116584. Worst customer service and it took almost 2 hours to get my food from 2 miles away...",219825,DoorDash_Help,Thu Oct 05 02:37:21 +0000 2017,@168408 Thanks for this message. Sorry for the trouble.  Please DM us with your email address &amp; we'll reach out right away!,
219828,140011,Wed Oct 04 02:51:39 +0000 2017,@12437 @116584 Omg I forgot I ordered this and just remembered and it and its already on it way and it made my day again,219827,DoorDash_Help,Thu Oct 05 02:33:41 +0000 2017,@140011 Woohoo! We are always happy to deliver your favorites right to your doorstep for you! Have a great week! :),
219832,168410,Thu Oct 05 01:56:14 +0000 2017,@116584  1.5 hour delivery from a restaurant that's 15 minutes away is terrible!!..on a slow WEDNESDAY night!! #doordashmajorfail,219831,DoorDash_Help,Thu Oct 05 01:59:30 +0000 2017,"@168410 Hi Neci, I totally agree that's unacceptable and I'm so sorry. Please DM me your email address so I can get to work on this.",
219834,168411,Thu Oct 05 01:49:28 +0000 2017,"You suck, @116584. I need to be able to cancel an order quickly when my husband says, ""NO THEIR FOOD IS BAD!"" Impossible to cancel quickly",219833,DoorDash_Help,Thu Oct 05 01:51:50 +0000 2017,@168411 Thanks for reaching out please DM us with your email address so we can take care of this for you.,
2199515,643311,Thu Nov 09 22:05:21 +0000 2017,"@DoorDash_Help I need your help, this promo isn’t working",2199514,DoorDash_Help,Thu Nov 09 22:08:56 +0000 2017,"@643311 Hi Matthew! We'd love to help, please DM us your e-mail address along with the promo code and we will get this checked out.",
2199517,643312,Thu Nov 09 22:00:34 +0000 2017,@DoorDash_Help any promo codes for first time customer?,2199516,DoorDash_Help,Thu Nov 09 22:03:10 +0000 2017,"@643312 Hi Scott, We have no available promos at the moment but if you check your emails we do send them regularly.",
2199520,478452,Thu Nov 09 21:15:36 +0000 2017,@DoorDash_Help @116584 never been more dissapointed with a food order until doordash today. I didn’t receive all of my items and the ones I did get Weren’t right. 👎🏻,2199519,DoorDash_Help,Thu Nov 09 21:19:20 +0000 2017,@478452  Hi Emislayy. We're sorry about this experience. Please send us a DM with your email address at @doordash_help.,
2199522,643313,Thu Nov 09 21:09:56 +0000 2017,"The customer service @116584 is usually spot on but for some reason today is so bad!! I called to have something added to the order, and I didn't even receive the correct item. I paid an extra $5 + tax for nothing. I'm so upset today 😡",2199521,DoorDash_Help,Thu Nov 09 21:16:50 +0000 2017,"@643313 Hi thanks for getting in touch, Can you DM us your email address so we can look further into this for you!",
2199524,643314,Thu Nov 09 20:04:54 +0000 2017,Hey @DoorDash_Help. Your dasher literally delivered only half our order and took off. What the fuck?,2199523,DoorDash_Help,Thu Nov 09 21:14:40 +0000 2017,"@643314 Hi thanks for getting in touch, Can you DM us your email address so we can look further into this for you!",
2199526,643315,Thu Nov 09 08:48:30 +0000 2017,@DoorDash_Help my order says eta 12:43 and it’s now 12:48 :(,2199525,DoorDash_Help,Thu Nov 09 20:14:08 +0000 2017,"@643315 Hi thanks for getting in touch, Can you DM us your email address so we can look further into this for you!",
2206912,645236,Fri Nov 10 00:29:16 +0000 2017,my sick ass just cried because i waited almost 2 hours for my soup from @116584 to get delivered only to open it and see they gave me the wrong food. as much as i want chicken tenders i can’t swallow them because sick 😩,2206911,DoorDash_Help,Fri Nov 10 00:36:48 +0000 2017,"@645236 Hi [Scarlett]. Please send us a DM with your email address at @doordash_help, and we will take a closer look right away.",
2206914,645237,Thu Nov 09 20:01:28 +0000 2017,This week I️ emailed support on Monday &amp; Tuesday and no one has gotten back to me. No one answers the phone. Help? @116584 @DoorDash_Help https://t.co/vCmYsfHDwF,2206913,DoorDash_Help,Fri Nov 10 00:01:16 +0000 2017,"@645237 Oh no! I'm really sorry to hear about this, please DM us your email address and we'll reach out right away!",
2206916,645238,Thu Nov 09 23:27:41 +0000 2017,@DoorDash_Help What happens when I receive a totally different order from the restaurant? Not happy to have paid an extra $10-15 for a better entree to not receive it at all.,2206915,DoorDash_Help,Thu Nov 09 23:42:37 +0000 2017,"@645238 Oh no! I'm really sorry to hear about this, please DM us your email address and we'll reach out right away!",
2206919,645239,Thu Nov 09 22:00:49 +0000 2017,"@116584 why can't I use the ""just for you"" free delivery promo code when I receive the email! On my account it says it's invalid for me unless I got the email which I did",2206917,DoorDash_Help,Thu Nov 09 22:20:14 +0000 2017,"@645239 Oh no! I'm really sorry to hear about this, please DM us your email address and a screenshot of the email and we will check!",2206918
2208340,645594,Fri Nov 10 02:51:22 +0000 2017,"@DoorDash_Help Hi, order hasn't been delivered. Says by 6:19, and it's 6:50pm. Ordered this going on two hours.",2208339,DoorDash_Help,Fri Nov 10 03:19:00 +0000 2017,"@645594 Hi Please send us a DM with your email address at @doordash_help, and we will take a closer look right away.",
2208343,645595,Fri Nov 10 02:11:56 +0000 2017,@DoorDash_Help anyone out there? my promo code isn't working and i'm super hungry,2208341,DoorDash_Help,Fri Nov 10 02:22:31 +0000 2017,@645595  Can you please provide a screenshot of the promo along with the email address linked to your DoorDash account in a DM?,2208342
2208346,352178,Fri Nov 10 02:09:57 +0000 2017,"@DoorDash_Help We ordered food at 5:30pm &amp; it was wrong. Reorder to fix it is now supposed to be here around 9:30. 4hrs after initial order. Not mad @ driver, just the 4hr thing. Any help? Thanks in advance.",2208344,DoorDash_Help,Fri Nov 10 02:20:56 +0000 2017,"@352178 Hi. Please send us a DM with your email address at @doordash_help, and we will take a closer look right away.",2208345
2208348,645596,Fri Nov 10 01:39:26 +0000 2017,"@DoorDash_Help Hey, your website crashes at the checkout screen. Just a big ol' blankbutt white screen. Tried diff browsers and toggled VPN. Nada.",2208347,DoorDash_Help,Fri Nov 10 01:55:41 +0000 2017,@645596 Hi  Please send us a direct message at @doordash_help and we can help.,
2208350,645597,Fri Nov 10 01:39:05 +0000 2017,Really stinks when you want @116584 to help you out with dinner but the promo code being advertised isn’t working! 😩 @DoorDash_Help https://t.co/eeBcUAMRro,2208349,DoorDash_Help,Fri Nov 10 01:53:45 +0000 2017,"@645597 Hi, Please send us a DM with your email address at @doordash_help, and we will take a closer look right away.",
2208353,645598,Fri Nov 10 01:13:07 +0000 2017,@DoorDash_Help ordered twice in 3 days and orders were wrong and last one was 45 min late and cold. Worse delivery ever,2208351,DoorDash_Help,Fri Nov 10 01:33:57 +0000 2017,"@645598  Hi Jewels, Please send us a direct message at @doordash_help and we can help.",2208352
2208355,645599,Fri Nov 10 01:07:52 +0000 2017,"@DoorDash_Help hi, the promo code I received in and email today isn’t working. Can you assist please?",2208354,DoorDash_Help,Fri Nov 10 01:14:33 +0000 2017,"@645599 Hi@grlwhocanteven. Please send us a DM with your email address at @doordash_help, and we will take a closer look right away.",
2214004,646982,Thu Nov 09 03:21:54 +0000 2017,"@636677 @116584 wow that sucks. curious what their customer service says, they seem really customer friendly. almost every time i've ordered with doordash it's come early too. :/",2214003,DoorDash_Help,Fri Nov 10 05:59:49 +0000 2017,"@646982  Thank you for getting in contact, I do apologise for any inconvenience caused. How is it that we can help? Please DM.",
2214009,646983,Fri Nov 10 04:33:08 +0000 2017,@646984 @116584 Oh cool. I might try that,2214006,DoorDash_Help,Fri Nov 10 04:53:37 +0000 2017,"@646983 Oh no! I'm really sorry to hear about this, please DM us your email address and we'll reach out right away!","2214007,2214008"
2214013,646985,Fri Nov 10 04:28:41 +0000 2017,"@DoorDash_Help 40 mins to get a pizza ,inedible! Complaint won’t submit . Terrible food and service",2214012,DoorDash_Help,Fri Nov 10 04:48:12 +0000 2017,"@646985 Hi Please send us a DM with your email address at @doordash_help, and we will take a closer look right away.",
2214015,646986,Fri Nov 10 03:58:40 +0000 2017,@DoorDash_Help Am absolutely outraged at the $1.99 credit to my account for the overcooked steaks I ordered. I couldn't eat it. I spent $50 through your service and I only get $1.99? Rip-off!!! I want my money back!,2214014,DoorDash_Help,Fri Nov 10 04:38:50 +0000 2017,"@646986  Hi, We're sorry about this experience. Please send us a DM with your email address at @doordash_help.",
2214018,646987,Fri Nov 10 03:53:44 +0000 2017,"Hey @DoorDash_Help , what gives? 1st pic is error message, 2nd pic is email ""directly from DoorDash"" to my inbox. https://t.co/AuHc3eqEjU",2214016,DoorDash_Help,Fri Nov 10 04:30:47 +0000 2017,"@646987 Hi. Please send us a DM with your email address at @doordash_help, and we will take a closer look right away.",2214017
2214020,224120,Fri Nov 10 03:44:23 +0000 2017,"Heya @DoorDash_Help - Just a heads-up, ordering from the Five Guys in Escondido CA and options are all ""up to 0 choices"" :(",2214019,DoorDash_Help,Fri Nov 10 04:20:42 +0000 2017,"@224120 Hi. Please send us a DM with your email address at @doordash_help, and we will take a closer look right away.",
2214022,646988,Fri Nov 10 03:37:04 +0000 2017,I am so sorry for laughing so hard at your misfortune. THIS IS AWFUL https://t.co/SwcBBenWby,2214021,DoorDash_Help,Fri Nov 10 03:58:35 +0000 2017,"@646988 Hi. Please send us a DM with your email address at @doordash_help, and we will take a closer look right away.",
2214024,646989,Fri Nov 10 03:36:03 +0000 2017,"Don't ever use @116584 , they don't deliver your food and don't even tell you that they aren't bringing your food",2214023,DoorDash_Help,Fri Nov 10 03:56:46 +0000 2017,@646989 Solving this social post in triage as it does not meet the requirements for social response from care.,
2217733,647927,Fri Nov 10 05:58:23 +0000 2017,"@116584 ordered two hours ago, my order should have been here an hour ago...#wtf https://t.co/ddGnLG38ze",2217732,DoorDash_Help,Fri Nov 10 07:43:23 +0000 2017,"@647927 Oh no! I'm really sorry to hear about this, please DM us your email address and we'll reach out right away!",
2217735,647928,Fri Nov 10 05:53:20 +0000 2017,"Must be awful when you get Twitter JUST to talk about @116584  - 2 hours for 3 tacos less than a mile away, and they still haven’t delivered!",2217734,DoorDash_Help,Fri Nov 10 07:42:05 +0000 2017,"@647928 Oh no! I'm really sorry to hear about this, please DM us your email address and we'll reach out right away!",
2217737,647929,Fri Nov 10 05:14:47 +0000 2017,@DoorDash_Help this was supposed to be here 15 minutes ago 😒 https://t.co/5W9nnxqPhO,2217736,DoorDash_Help,Fri Nov 10 07:40:30 +0000 2017,"@647929 Oh no! I'm really sorry to hear about this, please DM us your email address and we'll reach out right away!",
2217739,647930,Fri Nov 10 02:22:30 +0000 2017,@116584 has the absolute WORST customer support ever. Even the free delivery isn’t worth it. 10/10 gonna go with @116057 from now on!,2217738,DoorDash_Help,Fri Nov 10 06:22:10 +0000 2017,"@647930 Hi thanks for getting in touch, Can you DM us your email address so we can look further into this for you!",
2227229,126958,Thu Nov 09 19:07:18 +0000 2017,"I love this! Philly has several ""virtual restaurants"" I suspect there will be more. https://t.co/wYTMMySoex",2227227,DoorDash_Help,Fri Nov 10 09:31:58 +0000 2017,@126958 We will flag this for the appropriate team.Please rest assured we review customer feedback,2227228
2242337,653723,Fri Nov 10 15:22:46 +0000 2017,@116584 is the drop down for changing delivery time when set to 'ASAP' broken?,2242336,DoorDash_Help,Fri Nov 10 22:19:02 +0000 2017,"@653723 Hi Please send us a DM with your email address at @doordash_help, and we will take a closer look right away.",
2242339,653724,Fri Nov 10 15:05:31 +0000 2017,@116584 I just ordered for 5 people at my work and 2 people's food didn't show up and your website isn't letting me report it. Need some help here.,2242338,DoorDash_Help,Fri Nov 10 22:13:56 +0000 2017,"@653724 Hi, Please send us a DM with your email address at @doordash_help, and we will take a closer look right away.",
2242341,653725,Fri Nov 10 16:23:29 +0000 2017,.@DoorDash_Help How do I select a different payment method than Apple Pay on the iOS app? I want to pay for an order using a different card but don’t see how to do that on the checkout page.,2242340,DoorDash_Help,Fri Nov 10 22:10:20 +0000 2017,"@653725 Hey there, DM us your email address and we will reach out right away!",
2242343,653726,Fri Nov 10 13:38:57 +0000 2017,@88308 @116584 Ok,2242342,DoorDash_Help,Fri Nov 10 21:40:29 +0000 2017,"@653726 Hi, Please send us a DM with your email address at @doordash_help, and we will take a closer look right away.",
2242346,653727,Thu Nov 09 21:47:16 +0000 2017,Omggggg wtffff I ordered on @116584 and the restaurant was closed so now I'm left hungry &amp; out money ):,2242345,DoorDash_Help,Fri Nov 10 21:15:58 +0000 2017,"@653727 HI Sarah, thanks so much for getting in touch, please DM us with your email address and we will look into this right away.",
2242349,653728,Fri Nov 10 04:52:14 +0000 2017,@116584 so I invited my lady weeks ago to DD and she ordered but I never got my $7 credit but she did? So...?🤔,2242348,DoorDash_Help,Fri Nov 10 21:05:08 +0000 2017,"@653728 Hey here, can you DM us your email address and we will look in to this?",
2242351,653729,Wed Nov 08 21:23:00 +0000 2017,@116584 @88310 I I’m really getting pissed with door dash. Been trying to reach the on phone. My account is set up but I can not pick schedule,2242350,DoorDash_Help,Fri Nov 10 20:56:43 +0000 2017,"@653729 Hi Samuel, we would love to help. Please DM us with your email address and we will reach out right away.",
2242353,456892,Mon Nov 20 17:47:08 +0000 2017,@116584 @88310 Yep and i had to wait on a call and my lunch Was over so i got no redelivery or refund. Driver also threatened and said “i have something in my car to take care of you” as he drive. @12236 @105976,2434100,DoorDash_Help,Mon Nov 20 18:07:24 +0000 2017,@456892  Hi . We're sorry about this experience. Please send us a DM with your email address at @doordash_help so we can assist you.,2434101
2242354,456892,Mon Nov 20 17:39:43 +0000 2017,@116584 @88310 @116584 your driver Darius literally tossed my food on my steps and walked away today in Arlington! Another bad experience! @105976 @12236 thank god i have a ring door camera!,2434104,DoorDash_Help,Mon Nov 20 17:44:03 +0000 2017,"@456892 Hi!  Please send us a DM with your email address at @doordash_help, and we will take a closer look right away.",
2248756,655278,Thu Oct 19 16:58:44 +0000 2017,"wow @116584 @DoorDash_Help , do you really want me to twt the ridic chat, my 86+ grandparents (1 in hospice care) not getin lunch on wed?",2248755,DoorDash_Help,Thu Oct 19 17:20:49 +0000 2017,"@655278 Hey Micah , I would love to help you out! Please DM us your email address that is associated with your account.",
2248758,655279,Thu Oct 19 14:36:14 +0000 2017,I will never use @116584 again. Charged me three damn times on Monday and my money still not in my account.,2248757,DoorDash_Help,Thu Oct 19 15:07:49 +0000 2017,@655279 thanks for getting in touch! Please DM your email address and we will promptly resolve this for you!,
2248760,655280,Thu Oct 19 14:50:28 +0000 2017,@DoorDash_Help why send me an email with a promo code that doesn't work 😒 i'll stick to postmates,2248759,DoorDash_Help,Thu Oct 19 15:06:15 +0000 2017,@655280 thanks for getting in touch! Please DM your email address and I will promptly resolve this for you.,
2256530,154356,Sat Nov 11 00:18:30 +0000 2017,"Why does the @116584 app force me to use Google pay? I think it's glitchy, had to use the browser...
@DoorDash_Help",2256529,DoorDash_Help,Sat Nov 11 00:42:57 +0000 2017,"@154356 Hi there, can you DM us the email address on your account and we will check this out?",
2256535,134792,Sat Nov 11 00:09:19 +0000 2017,@DoorDash_Help Also the help screen is blank. https://t.co/PtnjYvOnR2,2256531,DoorDash_Help,Sat Nov 11 00:39:46 +0000 2017,"@134792 Hey Will, can you DM us your email address and we will look in to this?","2256532,2256533,2256534"
2256538,596734,Fri Nov 10 22:31:24 +0000 2017,"@116584 u guys are on some bull. U charged my card 2x and didn't send me food. A week later, still no full refund. NEVER AGAIN! #doordash",2256537,DoorDash_Help,Sat Nov 11 00:07:19 +0000 2017,"@596734 Hi Carla, we're sorry about this experience. Please DM us with your email &amp; we'll investigate this with our financial team.",
2256540,657208,Fri Nov 10 22:35:00 +0000 2017,@116584 Y’all charged me but didn’t take the order. What do I do know bc u won’t let me contact u without an order ;\,2256539,DoorDash_Help,Sat Nov 11 00:00:36 +0000 2017,"@657208 Hi James, thanks so much for contacting us. Please DM us with your email address and we will look into this further.",
2256542,602721,Fri Nov 10 23:09:36 +0000 2017,I just got double charged by @116584 @DoorDash_Help with the error message of “Oops”... really? On the phone with my bank now. 😒,2256541,DoorDash_Help,Fri Nov 10 23:55:52 +0000 2017,"@602721 Hi Gina, we are sorry about this experience. Please DM us with your email address and we will investigate this further.",
2256544,657209,Fri Nov 10 05:15:06 +0000 2017,@116584 super disappointed in your service lately. Can't get a hold of customer support. Can't track order. Ignored by dasher. Why would I want to keep using your service?,2256543,DoorDash_Help,Fri Nov 10 23:50:14 +0000 2017,"@657209 Hi Christina, we're so sorry about these recent experiences. Please DM us with your email address &amp; we'll reach out right away.",
2256546,657210,Fri Nov 10 23:18:30 +0000 2017,"Lol @116584 wants to not refund us for an order we waited ovr 3 hours for, had 7 phone calls about, and never came 🙃",2256545,DoorDash_Help,Fri Nov 10 23:49:33 +0000 2017,"@657210 Hi thanks for getting in touch, Can you DM us your email address so we can look further into this for you!",
2256548,208657,Fri Nov 10 20:55:18 +0000 2017,I know if I don't want goddamn food delivered I should order @116584.  Why did I not go with @116788?????,2256547,DoorDash_Help,Fri Nov 10 23:42:08 +0000 2017,"@208657 Hey there, sorry to hear this. Can you DM us your email address and we will reach out right away?",
2256550,657211,Fri Nov 10 20:54:54 +0000 2017,@116584 I should’ve stayed true to @115877 😔,2256549,DoorDash_Help,Fri Nov 10 23:40:36 +0000 2017,"@657211 Hi there, sorry to hear about this. Can you DM us your email address and we will reach out right away?",
2256555,657212,Fri Nov 10 20:45:31 +0000 2017,@116584 your stupid fucking app doesn't work!!!!!!,2256553,DoorDash_Help,Fri Nov 10 23:40:19 +0000 2017,"@657212 Hi Tony, So sorry to hear your having issues. Please DM us if your still having these issues. thanks DoorDash",2256554
2256557,657213,Fri Nov 10 20:44:18 +0000 2017,"@116584 Isn't there a way to delete saved credit card? 
On that note, why am I forced to save a CC ?",2256556,DoorDash_Help,Fri Nov 10 23:25:35 +0000 2017,"@657213 Hey there, DM us your email address and we will check this out!",
2256559,657214,Fri Nov 10 20:26:31 +0000 2017,"Ordering @33279 from @116584 is always risky,  items are always missing from our order. I understand mistakes happen but this is ridiculous! Shouldn’t the dashers make sure the order is complete before delivering it?",2256558,DoorDash_Help,Fri Nov 10 22:45:05 +0000 2017,"@657214 Hey there, sorry to hear this. Can you DM us your email address and we will reach out right away?",
2256562,657215,Fri Nov 10 19:21:46 +0000 2017,Hey @DoorDash_Help this guy is using you to promote his company. And he's late lol https://t.co/vOfY1vPfPl,2256560,DoorDash_Help,Fri Nov 10 22:35:11 +0000 2017,"@657215 Hey there, can you DM us your email address and we will check this out?",2256561
2256565,657216,Fri Nov 10 19:16:26 +0000 2017,@DoorDash_Help Awful customer service today. Blaming the customer for an order error isn't the best business practice. Order 2 hours ago and still no food. Ridiculous.,2256563,DoorDash_Help,Fri Nov 10 22:33:31 +0000 2017,"@657216 Hey Tara, sorry to hear this. Can you DM us with your email address and we will reach out right away?",2256564
2262494,222967,Sat Nov 11 03:00:09 +0000 2017,@DoorDash_Help @116584 👏 https://t.co/ZizPjnAthn,2262492,DoorDash_Help,Sat Nov 11 03:35:26 +0000 2017,"@222967 Hi Mike, We would really like to get this sorted. Can you please DM us your issue and information and we will reach out right away.",2262493
2266925,659800,Sat Nov 11 07:16:12 +0000 2017,"So @116584 -- you have incredibly bad service. Not only am I not able to contact you, neither is the restaurant that I ordered from. You will be cancelling my order and crediting me in full.",2266924,DoorDash_Help,Sat Nov 11 09:10:58 +0000 2017,"@659800 I do apologize about this, could you please send us a DM with your email address so we can get this resolved immediately.",
2266927,659801,Sat Nov 11 07:07:42 +0000 2017,Thanks @88966 for the free meal. They were the only ones who stepped up during the whole “Holiday Inn Express clerk &amp; @116584 driver ate our food” debacle. https://t.co/ITn4ysBbQj,2266926,DoorDash_Help,Sat Nov 11 08:58:07 +0000 2017,@659801 thanks for getting in touch! Please DM your email address and we will promptly assist you!,
2274324,661529,Sat Nov 11 05:39:12 +0000 2017,@188082 @116584 thanks for fucking up my order,2274323,DoorDash_Help,Sat Nov 11 06:31:32 +0000 2017,"@661529 Hi, can you DM us your email address and we will reach out right away?",
2274326,661530,Sat Nov 11 04:36:39 +0000 2017,I swear @116584 messes up my order every damn time.,2274325,DoorDash_Help,Sat Nov 11 06:29:49 +0000 2017,@661530  Hi We're sorry about this experience. Please send us a DM with your email address at @doordash_help.,
2274328,414614,Sat Nov 11 05:19:48 +0000 2017,@116584 you fucking suck. Every. Single. Time.,2274327,DoorDash_Help,Sat Nov 11 06:29:37 +0000 2017,"@414614 Hey there, I'm sorry to hear this. Can you DM us your email address and we will reach out right away?",
2274330,661531,Sat Nov 11 04:29:30 +0000 2017,@DoorDash_Help hi I'm unable to get the $15 first order discount inspite registering for the first time.,2274329,DoorDash_Help,Sat Nov 11 06:27:03 +0000 2017,"@661531 Hey there, can you DM us with your email address and we will check this out?",
2274332,661532,Sat Nov 11 04:22:34 +0000 2017,@DoorDash_Help my order is going to my job when I need it to come to my house !! need assistance asap,2274331,DoorDash_Help,Sat Nov 11 06:25:41 +0000 2017,"@661532 Hi Lauren, thanks so much for getting in touch. Please DM us with your email address and we will fix this asap.",
2274334,661533,Sat Nov 11 03:12:31 +0000 2017,"@116584 thanks for the credit for a wrong item in my order, but how do I get credit for the amount I paid for the item? You guys have no contact info on your website.",2274333,DoorDash_Help,Sat Nov 11 06:19:44 +0000 2017,@661533  Hi  We're sorry about this experience. Please send us a DM with your email address at @doordash_help.,
2274338,661534,Sat Nov 11 03:07:08 +0000 2017,@116584 I ordered tonight and was delivered the wrong item. I called you to get it corrected and the person put me on mute and stopped talking. I was waiting for them for 30 minutes when they hung up on me. This is just long enough that the restaurant is now closed. #yousuck,2274335,DoorDash_Help,Sat Nov 11 05:49:12 +0000 2017,"@661534 Hey Patricia, sorry to hear this! Can you DM us your email address &amp; we will reach out right away?","2274336,2274337"
2274340,661535,Sat Nov 11 02:26:35 +0000 2017,"@DoorDash_Help hey, there's a redirect error occurring on one of your taco bell location options. help pls? https://t.co/Ff5jASHWKF",2274339,DoorDash_Help,Sat Nov 11 05:43:16 +0000 2017,@661535 Hi Please send us a direct message at @doordash_help and we can help.,
2274342,241960,Sat Nov 11 02:20:21 +0000 2017,@DoorDash_Help thank you for ruining my night. Your driver was rude. I have no dinner and my 2 kids are crying. Your phone number doesn’t work and shows you have no customer service. I demand a refund...,2274341,DoorDash_Help,Sat Nov 11 05:37:59 +0000 2017,"@241960 Oh no Kathi, I'm sorry to hear this! Can you DM us your email address &amp; we will reach out right away?",
2274344,223548,Sat Nov 11 02:46:37 +0000 2017,@116584 the fact that there isn’t a live chat or phone number to call when there is a problem is annoying! Now waiting for a reply to get my money back from a botched approval. Guess #UberEATS is getting my business.,2274343,DoorDash_Help,Sat Nov 11 05:35:35 +0000 2017,"@223548 Hey Ryan, can you DM us your email address and we will reach out right away?",
2274346,661536,Sat Nov 11 02:40:52 +0000 2017,@661537 @116584 The driver tried to say she couldn’t find me so she could take my food. Now I have no food.,2274345,DoorDash_Help,Sat Nov 11 05:25:18 +0000 2017,@661536 Thanks for getting in touch. We're sorry about this experience. Please DM us with your email address &amp; we'll make this right.,
2274351,661538,Sat Nov 11 04:07:01 +0000 2017,Seriously one of the worst @116584 experiences. 2.5 hrs for delivery and the reassigned driver had to pay for my food at the restaurant. Terrible!!!,2274349,DoorDash_Help,Sat Nov 11 05:20:03 +0000 2017,"@661538 Hi thanks for getting in touch, Can you DM us your email address so we can look further into this for you!",2274350
2274353,661539,Fri Nov 10 22:05:18 +0000 2017,So incredibly disappointed in @116584 and their app. Will not ever be using again 😡,2274352,DoorDash_Help,Sat Nov 11 05:13:45 +0000 2017,"@661539 Hi Melissa, we'd love to check this out. Please DM us your e-mail address so we can follow up with you! Thanks.",
2274356,311458,Sat Nov 11 03:50:35 +0000 2017,@DoorDash_Help can I get some help via dm?,2274354,DoorDash_Help,Sat Nov 11 04:33:11 +0000 2017,"@311458 Hey there, can you DM us the email address on your account &amp; we will reach out right away?",2274355
2294000,666143,Sun Oct 29 02:59:00 +0000 2017,Sick of @116584 @DoorDash_Help not getting my orders right. I clearly asked for no bell peppers due to allergies https://t.co/B8KDRQiMzs,2293999,DoorDash_Help,Sun Oct 29 05:41:23 +0000 2017,"@666143 Oh no! I'm really sorry to hear about this, please DM us your email address and we'll reach out right away!",
2294002,666144,Sun Oct 29 05:35:12 +0000 2017,Big ups to @116584 / @DoorDash_Help for charging me 6 times for one order and sucking 160 bucks out of my acct and then offering no help.,2294001,DoorDash_Help,Sun Oct 29 05:38:37 +0000 2017,@666144 Thanks for this message. Sorry for the trouble.  Please DM us with your email address &amp; we'll reach out right away!,
2294006,666145,Sun Oct 29 03:07:41 +0000 2017,First order completely messed up. Got credit. Re-ordered and the driver is now driving the opposite direction of my house???? @116584 https://t.co/pddLp3RYSN,2294005,DoorDash_Help,Sun Oct 29 05:38:21 +0000 2017,"@666145 Oh no! I'm really sorry to hear about this, please DM us your email address and we'll reach out right away!",
2294129,666178,Sun Oct 29 05:00:23 +0000 2017,@DoorDash_Help being a dasher and having this issues aren’t helping me get my job done effectively! Too many bugs!!! https://t.co/jByDWldyKD,2294128,DoorDash_Help,Sun Oct 29 05:34:21 +0000 2017,"@666178 Hi James , Could you DM us your email address so we can look into this for you!",
2294340,666225,Sun Oct 29 02:50:05 +0000 2017,@116584 Trying to order from Tim Hortons but the cart doesn't let me add anything at all. It's still stuck at my incomplete order from b4,2294338,DoorDash_Help,Sun Oct 29 05:26:51 +0000 2017,"@666225 Oh no! I'm really sorry to hear about this, please DM us your email address and we'll reach out right away!",2294339
2294390,666238,Sun Oct 29 02:20:01 +0000 2017,"@DoorDash_Help I tried calling customer service multi times for a refund as I am not willing to eat cold food, but no one picks up",2294389,DoorDash_Help,Sun Oct 29 05:15:46 +0000 2017,"@666238 Oh no! I'm really sorry to hear about this, please DM us your email address and we'll reach out right away!",
2294519,666276,Sun Oct 29 02:20:45 +0000 2017,"@116584 trying to order for some food, I live around several areas with food. Tell me why tf it keeps saying this??? Please help me 😪 https://t.co/CVn4WKIP8A",2294518,DoorDash_Help,Sun Oct 29 05:11:24 +0000 2017,"@666276 Oh no! I'm really sorry to hear about this, please DM us your email address and we'll reach out right away!",
229877,170780,Thu Oct 05 04:38:42 +0000 2017,@116584 I can't log in with my fb. Also email reset wont work. Why? Help plz!,229876,DoorDash_Help,Thu Oct 05 04:43:11 +0000 2017,@170780 Thanks for this message. Sorry for the trouble.  Please DM us with your email address &amp; we'll reach out right away!,
2315173,671326,Thu Oct 19 20:24:56 +0000 2017,Hey @116584 please stop letting drivers take multiple orders at once because my food is always late and I hate it thanks,2315172,DoorDash_Help,Thu Oct 19 20:46:34 +0000 2017,@671326 Thanks for this message. Sorry for the trouble.  Please DM us with your email address &amp; we'll reach out right away!,
2315205,671334,Thu Oct 19 20:24:22 +0000 2017,@116584 first orders arrived promptly and fresh. last 2 came cold after driver made 2-4 deliveries (going past my house) first. 👎👎👎 #done,2315202,DoorDash_Help,Thu Oct 19 20:43:56 +0000 2017,@671334 Thanks for this message. Sorry for the trouble.  Please DM us with your email address &amp; we'll reach out right away!,"2315203,2315204"
2315236,671341,Thu Oct 19 19:45:30 +0000 2017,@DoorDash_Help I ordered food at 11:17am and it's 12:45pm and I still haven't received my food. Called Dasher and didn't get an ETA,2315235,DoorDash_Help,Thu Oct 19 20:23:13 +0000 2017,@671341 Thanks for this message. Sorry for the trouble.  Please DM us with your email address &amp; we'll reach out right away!,
2315271,671350,Thu Oct 19 19:42:23 +0000 2017,@116584 when the order is totally wrong refunding the delivery fee is a joke. #missedlunch #circus #nocustomerservice @90889,2315270,DoorDash_Help,Thu Oct 19 20:13:38 +0000 2017,@671350 Thanks for this message. Sorry for the trouble.  Please DM us with your email address &amp; we'll reach out right away!,
2315273,671351,Thu Oct 19 18:57:55 +0000 2017,Was looking forward to having fried pickles and Dubliner cancelled our @116584 staff order 20 min before “arrival”  I AM NOT OKAY,2315272,DoorDash_Help,Thu Oct 19 20:11:18 +0000 2017,@671351 Thanks for this message. Sorry for the trouble.  Please DM us with your email address &amp; we'll reach out right away!,
2315276,671352,Thu Oct 19 18:22:33 +0000 2017,.@116584 signed up with referral link from @90890 but credits not appearing in acct. can you help?,2315274,DoorDash_Help,Thu Oct 19 20:10:07 +0000 2017,"@671352 Hey! Thanks for reaching out! I would love to check this out for you, please DM us your email address! Happy to help!",2315275
2336746,676097,Fri Oct 20 02:08:19 +0000 2017,"Dear @DoorDash_Help, please fix your ETAs. Doesn't make sense that the ETA time has already passed and the app has not adjusted. https://t.co/RL8Q2Q4xXL",2336745,DoorDash_Help,Fri Oct 20 03:41:16 +0000 2017,@676097 We appreciate your feedback and we'll certainly look into this.,
2336748,306489,Fri Oct 20 03:26:22 +0000 2017,@116584 why is there something wrong with every order i make on this app,2336747,DoorDash_Help,Fri Oct 20 03:35:35 +0000 2017,@306489 Thanks for this message. Sorry for the trouble.  Please DM us with your email address &amp; we'll reach out right away!,
2336751,676098,Fri Oct 20 02:39:49 +0000 2017,@DoorDash_Help I emailed again and they fixed it! Thanks doordash!,2336750,DoorDash_Help,Fri Oct 20 03:24:41 +0000 2017,"@676098 We're happy that we could fix this issue, feel free to drop us a line anytime.",
2336754,299535,Fri Oct 20 02:45:57 +0000 2017,@DoorDash_Help it’s been 2 hours and you still haven’t DM’d me back.,2336753,DoorDash_Help,Fri Oct 20 03:03:14 +0000 2017,@299535 Hi Bethany I've provided full credits for the cost of the order. Please let us know if there's anything else we can help with,
2336756,676099,Fri Oct 20 01:10:08 +0000 2017,@DoorDash_Help The majority of my order was unfulfilled.,2336755,DoorDash_Help,Fri Oct 20 02:56:05 +0000 2017,"@676099 Hi Caitlyn, we feel awful that you had this experience. Please DM us with your email and we'll be delighted to help.",
2336759,676100,Fri Oct 20 00:50:41 +0000 2017,@116584 great that you offer $10 off today but the 18% service fee makes it pretty useless.,2336758,DoorDash_Help,Fri Oct 20 02:32:24 +0000 2017,"@676100 We appreciate feedback. Service fees helps pay Dashers, operate DoorDash and provide Customers with the best experience possible",
2336762,177657,Fri Oct 20 00:20:45 +0000 2017,@DoorDash_Help now there is no dash available for me.,2336760,DoorDash_Help,Fri Oct 20 01:31:55 +0000 2017,@177657 Thanks for this message. Sorry for the trouble.  Please DM us with your email address &amp; we'll reach out right away!,2336761
2338147,646987,Fri Oct 20 05:42:54 +0000 2017,"Gotta rename @116584 to CurbDash. I order every week, and I don't think anybody's actually come to my door in like two months.",2338146,DoorDash_Help,Fri Oct 20 05:53:33 +0000 2017,"@646987 Hi Taylor, we really appreciate your feedback. We'll be sure to take this on board and we hope to rectify this issue.",
2338149,225607,Fri Oct 20 03:44:41 +0000 2017,"@116584 hi! I was charged six times for one lunch today, how do I get my money back?",2338148,DoorDash_Help,Fri Oct 20 04:44:00 +0000 2017,@225607 Thanks for getting in touch. Sorry for the trouble.  Please DM us with your email address and we will look into this for you!,
2340710,287492,Mon Nov 13 14:52:47 +0000 2017,Did I️ mention that the restaurant is literally 5 minutes from my house &amp; I️ ordered from @116584 an hour &amp; a half ago? No words.,2340709,DoorDash_Help,Mon Nov 13 15:06:04 +0000 2017,@287492  Hey! We're sorry about this experience. Please send us a DM with your email address at @doordash_help.,
2340713,677081,Mon Nov 13 09:48:36 +0000 2017,It's 1:47 am and I just called @116584 customer service cuz they charged me for some sneaky shit. I'm #petty.,2340711,DoorDash_Help,Mon Nov 13 09:54:28 +0000 2017,"@677081 I do apologize about this, could you please send us a DM with your email address so we can get this resolved.",2340712
2340716,452425,Mon Nov 13 06:32:59 +0000 2017,@DoorDash_Help order was supposed to arrive half a hour ago yet the app says it hasnt even been picked up yet. The store closed 30 minutes ago sooo obviously it cant be picked up at this point. Seems like i paid $30 for food i wont be receiving now?,2340714,DoorDash_Help,Mon Nov 13 07:43:29 +0000 2017,"@452425 Hi. Please send us a DM with your email address at @doordash_help, and we will take a closer look right away.",2340715
2340718,677082,Mon Nov 13 06:16:54 +0000 2017,I should get free food when my order is an hour late  @116584,2340717,DoorDash_Help,Mon Nov 13 06:53:22 +0000 2017,"@677082 Hey Steven, sorry to hear about this. Can you DM us your email address and we will reach out right away?",
2340720,677083,Mon Nov 13 04:29:11 +0000 2017,"First time using @116584 , awful experience. One hour late from @413279 near John Wayne. Food was stiff &amp; cold. Flavor was very subpar. Anyone else have a crappy #doordash experience?",2340719,DoorDash_Help,Mon Nov 13 04:52:10 +0000 2017,"@677083 Hey Arthur, so sorry to hear this! Can you DM us your email address and we will look in to this?",
2340722,677084,Mon Nov 13 04:06:33 +0000 2017,@116584 I will never use you guys again a whole hour and 15 min to get my food. And the place was 5 min away. Terrible!,2340721,DoorDash_Help,Mon Nov 13 04:09:25 +0000 2017,@677084 Thanks so much for contacting us at DoorDash. Please DM us with your email address and we will reach out right away.,
2340724,677085,Sun Nov 12 02:47:37 +0000 2017,"This is my first time using y'all and hooooomygod @116584. It's been two hours and I'm still waiting on Shanna to deliver my damn food. 

I'm certain this bitch drove her ass to the Northside with my Nandos and I want justice.",2340723,DoorDash_Help,Sun Nov 12 21:06:33 +0000 2017,"@677085 Hey there, I'm so sorry to hear this. Please DM us your email address and we will look in to this!",
2340726,677086,Mon Nov 13 02:38:11 +0000 2017,@116584 I literally was checking out and my $7 credit was being used and then SOMEHOW when I paid the $7 credit magically disappeared and my payment went up $7!?! That is not cool @116584,2340725,DoorDash_Help,Mon Nov 13 02:45:55 +0000 2017,"@677086 Hi. Please send us a DM with your email address at @doordash_help, and we will take a closer look right away.",
2340728,677087,Mon Nov 13 01:29:31 +0000 2017,@116584 ordered @91661  tonight in #Vancouver not impressed with how it arrived #fooddelivery #fail #Vancouver sauce everywhere,2340727,DoorDash_Help,Mon Nov 13 01:54:58 +0000 2017,"@677087 Oh no, I'm sorry to hear about this! Can you DM us the email address on your account &amp; we will reach out right away?",
2340730,677088,Mon Nov 13 01:28:14 +0000 2017,@DoorDash_Help Hey the website is saying the restaurant I order from monthly is out of my delivery area. What happened?,2340729,DoorDash_Help,Mon Nov 13 01:33:14 +0000 2017,"@677088 Hey Mike, send us a DM with your email address and we'll check this out!",
2340732,677089,Mon Nov 13 00:25:55 +0000 2017,@116584 @DoorDash_Help your app told me my order  at Juniors couldn’t be placed so I️ ordered from Pollo Tropical but it placed both orders.,2340731,DoorDash_Help,Mon Nov 13 00:40:59 +0000 2017,"@677089 Hey there, sorry to hear this! Can you DM us your email address and we will look in to this?",
2340734,653749,Mon Nov 13 00:14:52 +0000 2017,Isabella’s doordash delivery person just texted her saying “You Mad Pretty 😌” @116584 fix this,2340733,DoorDash_Help,Mon Nov 13 00:23:30 +0000 2017,"@653749 Hi there, can you DM us the email address on the account &amp; we will reach out right away?",
2340736,677090,Sun Nov 12 21:49:07 +0000 2017,@677091 @116584 @91644 wants to know if you will come to Wakefield @91645 @91646 @91647,2340735,DoorDash_Help,Sun Nov 12 23:15:20 +0000 2017,@677090 Hi [insert @43624]. Please send us a direct message at @doordash_help and we can help.,
2340739,677092,Sun Nov 12 19:35:49 +0000 2017,@DoorDash_Help hey! I chose a restaurant with a .99 delivery charge but then my receipt says 2.99. What the heck? https://t.co/ohQAvNcfzk,2340738,DoorDash_Help,Sun Nov 12 23:07:13 +0000 2017,"@677092 Hey Sarah, sorry to hear about this! Can you DM us your email address &amp; we will look in to this?",
2340741,562014,Sun Nov 12 04:49:16 +0000 2017,Used @116584 for the first time.. garbage app. They didn't even deliver what I ordered.,2340740,DoorDash_Help,Sun Nov 12 22:18:24 +0000 2017,@562014 Thanks for getting in touch &amp; we're sorry about your 1st delivery. Please DM us with your email &amp; we'll make this up to you.,
2340743,342180,Sun Nov 12 04:38:53 +0000 2017,@116584 @DoorDash_Help,2340742,DoorDash_Help,Sun Nov 12 21:39:30 +0000 2017,"@342180 Hi, Please send us a DM with your email address at @doordash_help, and we will take a closer look right away.",
2340746,677093,Sun Nov 12 04:20:32 +0000 2017,UGH. Just ordered from @116584 and this is what I got. I had to throw out because the wasabi was everywhere. #fail #doordash #neveragain #pissed #HANGRY https://t.co/Kxhl6CgjF6,2340745,DoorDash_Help,Sun Nov 12 21:33:11 +0000 2017,"@677093 Hi, Please send us a DM with your email address at @doordash_help, and we will take a closer look right away.",
2340748,677094,Sun Nov 12 03:02:18 +0000 2017,@116584 @91651 First time ordering doordash and I've been waiting over 90 minutes for my food to get here. I am appalled at this service. Fully regret using this company and will rate negatively.,2340747,DoorDash_Help,Sun Nov 12 21:09:30 +0000 2017,"@677094 Hi, We apologize for the frustration. Please send us a DM with your email address at @doordash_help.",
2340751,677085,Sun Nov 12 02:52:53 +0000 2017,"@DoorDash_Help I need to know why it's been two hours, my food isn't delivered and homegirl Shanna is dodging my calls. Please. I got time today.",2340750,DoorDash_Help,Sun Nov 12 21:07:35 +0000 2017,"@677085 Hi Please send us a DM with your email address at @doordash_help, and we will take a closer look right away.",
2340753,677095,Sun Nov 12 02:39:24 +0000 2017,"If you actually want food delivered with nothing missing, use @116584.  If you want half the meal missing and cheeky comments from support with no solution, use @116057 @Postmates_Help",2340752,DoorDash_Help,Sun Nov 12 21:01:30 +0000 2017,"@677095 Hey Adam, sorry to hear this. Can you DM us your email address and we will reach out right away?",
2340755,677096,Sun Nov 12 19:09:31 +0000 2017,@116584 it’s unbelievable that you never ever get an order right and your customer service MANAGER tells you to stop using your service. Wow! Now that’s a first!,2340754,DoorDash_Help,Sun Nov 12 20:41:46 +0000 2017,@677096 We're sorry about this experience &amp; we'd love to make this right. Please DM us with your email &amp; we'll reach out right away.,
2340757,677097,Sun Nov 12 02:30:56 +0000 2017,@116584 just got the following text from my Dasher re: a 15% tip: “Small tip! Thank you but no thank u!” ...,2340756,DoorDash_Help,Sun Nov 12 13:26:35 +0000 2017,"@677097 I do apologize about this, could you please send us a DM with your email address so we can get this resolved.",
2340759,677098,Sun Nov 12 02:19:35 +0000 2017,@116584 is awful,2340758,DoorDash_Help,Sun Nov 12 12:45:47 +0000 2017,"@677098 I do apologize, if you could please send us a DM with your email address so we can reach out that would be great.",
2340761,677099,Sun Nov 12 02:20:46 +0000 2017,@DoorDash_Help your customer service responsiveness leaves something to be desired. You charged my card and I have no dinner to show for it.,2340760,DoorDash_Help,Sun Nov 12 11:49:18 +0000 2017,"@677099 I do apologize about this, could you please send us a DM with your email address so we can get this resolved for you.",
2340764,677100,Sun Nov 12 02:04:11 +0000 2017,After an hr and a half @116584 changed my dasher. seriously ?,2340762,DoorDash_Help,Sun Nov 12 10:39:34 +0000 2017,@677100 sorry it has taken us so long to respond. Please DM your email address and we will promptly assist you!,2340763
2340768,677101,Sun Nov 12 00:56:09 +0000 2017,I’ve literally only ever had bad experiences with @116584. I don’t know why I ever use them anymore.,2340765,DoorDash_Help,Sun Nov 12 07:42:13 +0000 2017,"@677101 So sorry to hear this Amanda, can you DM us your email address &amp; we will reach out right away?","2340766,2340767"
2340770,677102,Sun Nov 12 00:54:32 +0000 2017,"@DoorDash_Help I am getting no response re a double charge on my account. Supplied all requested info, no reply in 9 days despite numerous emails. Suggestions for getting my money back?",2340769,DoorDash_Help,Sun Nov 12 07:29:04 +0000 2017,"@677102 Hi, can you DM us the email address on your account &amp; we will check this out?",
2340772,677103,Sat Nov 11 22:56:05 +0000 2017,Tried @116584 for the first and LAST time tonight. Horrible. Still waiting on my food. Never again.,2340771,DoorDash_Help,Sat Nov 11 23:32:43 +0000 2017,"@677103 Hey there, sorry to hear this! Can you DM us your email address and we will reach out right away?",
2340775,677104,Sat Nov 11 22:29:26 +0000 2017,@116584 just had the worst first experience with your app. Customer service number was no help. Anyway you could help me out?,2340773,DoorDash_Help,Sat Nov 11 23:23:26 +0000 2017,"@677104 Hey Robert, sorry to hear this. Can you DM us your email address &amp; we'll reach out right away?",2340774
2340777,677105,Sat Nov 11 16:04:30 +0000 2017,"@DoorDash_Help Our order is 45 minutes late, only explanation from driver is that he ""had an issue with a previous order""...  When this happens, shouldn't another driver be assigned to our order, so our food is not sitting at restaurant getting cold?",2340776,DoorDash_Help,Sat Nov 11 16:10:46 +0000 2017,"@677105 I do apologize about this, could you please send us a DM with your email address so we can get this resolved immediately.",
2349820,182474,Sun Oct 29 04:29:08 +0000 2017,"@116584 If you think I won't stop using you, you're wrong. I don't want money back, I want the delivery I ordered.",2349819,DoorDash_Help,Sun Oct 29 06:14:38 +0000 2017,"@182474 Oh no! I'm really sorry to hear about this, please DM us your email address and we'll reach out right away!",
2349823,679209,Sun Oct 29 03:30:19 +0000 2017,@DoorDash_Help restaurant knew order was incorrect and sent it with dasher for him to explain (kind guy btw),2349822,DoorDash_Help,Sun Oct 29 06:06:51 +0000 2017,"@679209 Oh no! I'm really sorry to hear about this, please DM us your email address and we'll reach out right away!",
2353491,680060,Mon Nov 13 16:11:04 +0000 2017,@116584  Is there a customer service email? I was charged $60 plus for a $21.00 meal...,2353490,DoorDash_Help,Mon Nov 13 16:25:07 +0000 2017,@680060 Hi Savannah! Please send us a direct message at @doordash_help and we can help.,
2365890,682985,Mon Nov 13 20:33:50 +0000 2017,"Three strikes, you’re out #doordash @116584, your customer service sucks. Next time I’m using #postmates",2365889,DoorDash_Help,Mon Nov 13 22:10:40 +0000 2017,"@682985  Hi! We really value your feedback. Please send us a DM with your email address at @doordash_help, so we can follow up!",
2365892,682986,Mon Nov 13 18:05:58 +0000 2017,"@DoorDash_Help I placed an order yesterday, service and everything was really good, but I'm being charged twice for just one order.",2365891,DoorDash_Help,Mon Nov 13 19:13:51 +0000 2017,"@682986 Please send us a DM with your email address at @doordash_help, and we will take a closer look right away.",
2365896,682987,Mon Nov 13 17:55:09 +0000 2017,"@DoorDash_Help response to Dasher extra pay offers is attrociously slow. Drivers bust their butts to get bonuses, only to get no response from Door Dash for missed pay... My wife is constantly sending messages for missed pay... always late...",2365893,DoorDash_Help,Mon Nov 13 18:48:19 +0000 2017,"@682987 I do apologize about this, could you send us a DM with your email address so we can get this resolved.","2365894,2365895"
237322,172518,Fri Sep 29 04:17:55 +0000 2017,Current Status: When @116584 fails to deliver your order after 90 minutes and you find out only after calling them. https://t.co/BdO5k7GFNC,237320,DoorDash_Help,Fri Sep 29 05:30:37 +0000 2017,@172518 I'm really sorry to hear that Mikkin. Let me get you help in resolving this matter. Please DM us your email address. Thanks :),237321
2376023,204697,Tue Nov 14 02:11:39 +0000 2017,@DoorDash_Help I can’t order Boneless wings from Buffalo Wild Wings. The section is completely empty.,2376022,DoorDash_Help,Tue Nov 14 02:19:39 +0000 2017,@204697  Hi. We're sorry about this experience. Please send us a DM with your email address at @doordash_help.,
2376025,434925,Tue Nov 14 02:02:50 +0000 2017,"Another day, another delivery failure from @116584. 

Someone needs to create a food delivery app that guarantees they’ll check the order before leaving the restaurant or your money back.",2376024,DoorDash_Help,Tue Nov 14 02:08:27 +0000 2017,"@434925 Hi Ryan, sorry to hear this! Can you DM us your email address &amp; we will reach out right away?",
2376027,685337,Tue Nov 14 01:07:31 +0000 2017,@DoorDash_Help This doesn’t work https://t.co/htiNhVlqBP,2376026,DoorDash_Help,Tue Nov 14 01:16:54 +0000 2017,"@685337 Hi! We're experiencing some technical difficulties. Please send us a DM at @doordash_help, &amp; we'll look into this for you.",
2376029,685338,Tue Nov 14 00:33:34 +0000 2017,Ordered @116584. Delivery time listed wrong. Doorbell rang while in the shower. Was forced to answer door dripping wet in towel. Received this text #2017 https://t.co/sOKbMaJMvo,2376028,DoorDash_Help,Tue Nov 14 00:36:40 +0000 2017,"@685338 Hi Amanda, I'm so sorry, this is very unprofessional! Please DM us your email address &amp; we'll look in to this!",
2376031,685339,Mon Nov 13 23:27:16 +0000 2017,"Nothing like $16.88 in fee's on top of my $23 dollar meal,right @116584 ? #ripoff #delivery #shame #hungry https://t.co/fFUmQbUt0Q",2376030,DoorDash_Help,Tue Nov 14 00:05:32 +0000 2017,"@685339 Hi Alisha. Please send us a DM with your email address at @doordash_help, and we will take a closer look right away.",
2376034,189480,Mon Nov 13 23:41:58 +0000 2017,@116584 new member here no promo to try out the service?,2376032,DoorDash_Help,Mon Nov 13 23:49:37 +0000 2017,@189480 Hi @189480. Please send us a direct message at @doordash_help and we can help.,2376033
238162,172661,Fri Sep 29 20:24:33 +0000 2017,"@116584 delivered me Murice’s lunch delivered by Detania. @DoorDash_Help offered a $1.99 refund of my $18, Maurice goes hungry and nobody here wants his sandwich :( https://t.co/H5eZ2etSy2",238160,DoorDash_Help,Fri Sep 29 20:27:17 +0000 2017,@172661 Thanks for this message. Sorry for the trouble.  Please DM us with your email address &amp; we'll reach out right away!,238161
2382435,118235,Tue Nov 14 05:22:25 +0000 2017,@DoorDash_Help The lettuce for LETTUCE WRAPS was not included in order. A 99cent credit is not acceptable. DoorDash is not replying to my email.  I paid $10.50 for a meal that was not complete.,2382434,DoorDash_Help,Tue Nov 14 05:28:27 +0000 2017,"@118235 Hey there, sorry to hear this! Can you DM us your email address &amp; we will look in to this?",
2382437,686824,Tue Nov 14 02:37:13 +0000 2017,"@DoorDash_Help Who do I talk to about a dasher behaving inappropriately when I am an employee at the restaurant being ordered from, not the customer?",2382436,DoorDash_Help,Tue Nov 14 03:25:19 +0000 2017,"@686824 Hi!  We really value your feedback. Please send us a DM with the store contact at @doordash_help, so we can learn more.",
2386018,687651,Fri Oct 20 07:18:48 +0000 2017,I'm her vegan roommate that bought the tea. @116584 has literally never gotten my order right. I have a medical condition. #Vegan #Food https://t.co/aRoFlLjwiJ,2386017,DoorDash_Help,Fri Oct 20 08:04:52 +0000 2017,@687651 Thanks for this message. Sorry for the trouble.  Please DM us with your email address &amp; we'll reach out right away!,
2391460,688770,Tue Nov 14 08:22:31 +0000 2017,@116584 From 11:47 to 1:24am????? What the fuuuuuuuuck,2391459,DoorDash_Help,Tue Nov 14 09:46:29 +0000 2017,"@688770  Please send us a DM with your email address at @doordash_help, and we will take a closer look right away.",
2396871,666144,Sun Oct 29 06:31:09 +0000 2017,"Ok @116584 / @DoorDash_Help , it looked like you guys were gonna help but now you've ghosted me.",2396870,DoorDash_Help,Sun Oct 29 07:20:07 +0000 2017,@666144 Thanks for this message. Sorry for the trouble.  Please DM us with your email address &amp; we'll reach out right away!,
2414279,226815,Tue Nov 14 16:10:01 +0000 2017,@DoorDash_Help why don't new customers get a promo for this like other food delivery services???,2414277,DoorDash_Help,Tue Nov 14 16:17:57 +0000 2017,"@226815 Hi Amanda! Please send us a DM with your email address at @doordash_help, and we will take a closer look at the promotions.",2414278
2416768,694550,Sun Oct 29 08:44:37 +0000 2017,@116584 you suck ass bitch,2416767,DoorDash_Help,Sun Oct 29 09:15:38 +0000 2017,@694550 Hi Neil. thanks for getting in touch. Please DM us with your email and we'll do our best to help make things right.,
2416770,376327,Sun Oct 29 08:41:36 +0000 2017,"@116584 my order took over 2.5 hours to come, ended up getting cancelled. Why take the order if you can’t fulfill it?",2416769,DoorDash_Help,Sun Oct 29 09:15:04 +0000 2017,"@376327 Hi Vishal, we feel awful that you had this experience. Please DM us with your email and we'll do our best to help.",
2416771,715650,Sun Oct 29 19:01:24 +0000 2017,@376327 @116584 just waited 3 for ours! had to cancel. too many delivery apps out there to have these kind of mistakes. deleting the app.,2510672,DoorDash_Help,Mon Oct 30 04:12:32 +0000 2017,"@715650 Sorry to hear this, can you DM us your email address and we will reach out right away?",
2417810,694782,Sun Oct 29 09:56:09 +0000 2017,@116584 next time you have no drivers to deliver an order could you please inform the customer?,2417809,DoorDash_Help,Sun Oct 29 10:11:51 +0000 2017,@694782 Thanks for this message. Sorry for the trouble.  Please DM us with your email address &amp; we'll reach out right away!,
2417812,694783,Sun Oct 29 09:59:45 +0000 2017,@DoorDash_Help I’m not waiting until 5AM for post drinking pizza,2417811,DoorDash_Help,Sun Oct 29 10:10:29 +0000 2017,@694783 Thanks for this message. Sorry for the trouble.  Please DM us with your email address &amp; we'll reach out right away!,
2417814,694784,Sun Oct 29 09:10:34 +0000 2017,"@116584 was told a 71 minute delivery time, at this point it'll be more like 120 if it shows up at all

oh and i can't even cancel",2417813,DoorDash_Help,Sun Oct 29 09:46:40 +0000 2017,@694784 Thanks for this message. Sorry for the trouble.  Please DM us with your email address &amp; we'll reach out right away!,
2432598,698154,Tue Nov 14 20:59:16 +0000 2017,@DoorDash_Help @116584 You SERIOUSLY need to fix your dasher app for drivers on the iPhone X. The UI is HORRIBLE and you have your confirmation slide in the ios gesture area. This makes the app near unusable. Need a fix ASAP.,2432597,DoorDash_Help,Tue Nov 14 21:11:49 +0000 2017,"@698154 Hi, Please send us a direct message at @doordash_help and we can help.",
2432600,698155,Wed Oct 18 01:01:41 +0000 2017,@698156 @DoorDash_Help this is unacceptable,2432599,DoorDash_Help,Tue Nov 14 20:38:30 +0000 2017,"@698155  Hi.  We really value your feedback. Please send us a DM with your email address at @doordash_help, so we can learn more.",
2432603,325225,Tue Nov 14 15:07:07 +0000 2017,@DoorDash_Help I still haven't gotten my refund,2432602,DoorDash_Help,Tue Nov 14 19:53:59 +0000 2017,"@325225 Hi Baek. Please send us a DM with your email address at @doordash_help, and we will take a closer look right away.",
2432607,698157,Wed Oct 18 01:50:05 +0000 2017,@548416 @DoorDash_Help Seriously? I tweeted that on 9/22 and you’re just now responding? Nearly a month later???,2432605,DoorDash_Help,Tue Nov 14 19:53:08 +0000 2017,"@698157 Hi there! Please send us a DM with your email address at @doordash_help, and we will take a closer look right away.",2432606
2434088,698493,Mon Nov 20 19:31:50 +0000 2017,"@DoorDash_Help Hey @116584 can I have the other half of my soup and sandwich combo that I ordered and paid for but you decided to not deliver (30 mins late, btw)?",2434087,DoorDash_Help,Mon Nov 20 21:05:02 +0000 2017,@698493  Hi Amanda! We're sorry about this experience. Please send us a DM with your email address at @doordash_help.,
2434090,698494,Mon Nov 20 20:53:11 +0000 2017,another canceled group order from @116584! called the restaurant and they are very open. would stop ordering if @115877 @116057 @1165 or others had group ordering... https://t.co/35rBumdbQ0,2434089,DoorDash_Help,Mon Nov 20 20:56:51 +0000 2017,"@698494 Hi Heidi, We're sorry for this experience with your group order. Please send us a DM with your email address at @doordash_help.",
2434092,698495,Mon Nov 20 20:33:32 +0000 2017,@DoorDash_Help Do you have a Canadian office that I can contact?,2434091,DoorDash_Help,Mon Nov 20 20:41:40 +0000 2017,@698495  Hi. We can definitely help you with that information. Please send us a DM with your email address at @doordash_help.,
2434095,698496,Mon Nov 20 20:24:05 +0000 2017,"@DoorDash_Help Just received 6 charged to my account, but nothing left my cart. GG Already on the phone with my credit card company... #GGWP",2434093,DoorDash_Help,Mon Nov 20 20:37:25 +0000 2017,"@698496 Hi. Please send us a DM with your email address at @doordash_help, and we will take a closer look right away.",2434094
2434097,698497,Mon Nov 20 20:03:42 +0000 2017,Trying to get ahold of @116584 @DoorDash_Help yet again for the fourth time to resolve a simple issue FROM YESTERDAY. #poorservice #awful,2434096,DoorDash_Help,Mon Nov 20 20:07:29 +0000 2017,@698497  Hi there! We're sorry about this experience. Please send us a DM with your email address at @doordash_help.,
2434099,456879,Mon Nov 20 18:35:24 +0000 2017,@DoorDash_Help How do I email you guys?,2434098,DoorDash_Help,Mon Nov 20 18:45:08 +0000 2017,@456879 Hi there. You can email us to __email__.,
2445808,288478,Wed Nov 15 01:04:05 +0000 2017,"@701197 @DoorDash_Help @116584 Yes it does, especially when you are out and waiting for over an hour to get called for a dash",2445807,DoorDash_Help,Wed Nov 15 01:12:52 +0000 2017,"@288478 Hi @288478. Please send us a DM with your email address at @doordash_help, and we will take a closer look right away.",
2445811,703724,Wed Nov 15 01:05:38 +0000 2017,@DoorDash_Help @116584  https://t.co/f7HuVmdxfz,2456756,DoorDash_Help,Wed Nov 15 01:44:58 +0000 2017,"@703724 Hi Taylor. Please send us a DM with your email address at @doordash_help, and we will take a closer look right away.",
2445813,701202,Wed Nov 15 00:50:54 +0000 2017,@DoorDash_Help Dude I’m so hungry,2445843,DoorDash_Help,Wed Nov 15 01:02:42 +0000 2017,"@701202 Hi, We're experiencing some technical difficulties. Please send us a DM at @doordash_help, &amp; we'll look into this for you.",
2445815,701203,Wed Nov 15 00:45:56 +0000 2017,@DoorDash_Help My account was charged yet restaurant cannot confirm order. I need a refund @DoorDash_Help @116584,2445844,DoorDash_Help,Wed Nov 15 01:01:38 +0000 2017,"@701203  Hi Mohammad! Thank you for contacting us regarding this, I am glad that we were able to find a resolution via phone.",
2445818,701207,Wed Nov 15 00:36:04 +0000 2017,@DoorDash_Help @116584 I just bought something and it basically doubled my price when I checked my transactions on my account,2445855,DoorDash_Help,Wed Nov 15 00:45:20 +0000 2017,"@701207 Hi. Please send us a DM with your email address at @doordash_help, and we will take a closer look right away.",
2445820,701210,Wed Nov 15 00:31:08 +0000 2017,@DoorDash_Help @116584 But... But... But... I'm hungry....,2445859,DoorDash_Help,Wed Nov 15 00:39:05 +0000 2017,"@701210 Hi [insert @43624]. Please send us a DM with your email address at @doordash_help, we will take a closer look right away.","2445860,2445861"
2445821,701209,Wed Nov 15 00:30:48 +0000 2017,@DoorDash_Help sweet. im hungry but i can wait. i love doordash btw,2445858,DoorDash_Help,Wed Nov 15 00:41:19 +0000 2017,@701209 Please send us a DM with your email address at @doordash_help and we will take a closer look if you have an active order.,
2445825,701198,Wed Nov 15 00:55:58 +0000 2017,@701199 @116584 Can’t order during the purge,2445824,DoorDash_Help,Wed Nov 15 01:12:45 +0000 2017,@701198 Hi there! Please send us a direct message at @doordash_help and we can help you ordering.,
2445826,701199,Wed Nov 15 00:49:49 +0000 2017,was looking forward to ordering dinner with @116584 but it’s showing every restaurant as closed 😩,2445827,DoorDash_Help,Wed Nov 15 01:01:44 +0000 2017,@701199 We're experiencing some technical difficulties. Please send us a DM at @doordash_help with your email address we'll look into this.,
2445829,658888,Wed Nov 15 14:31:51 +0000 2017,@DoorDash_Help 2 messages sent. No reply.,2445831,DoorDash_Help,Wed Nov 15 14:38:19 +0000 2017,@658888 Hi J. Please send us a direct message at @doordash_help and we can help.,2445832
2445830,658888,Wed Nov 15 00:52:10 +0000 2017,@DoorDash_Help Done,2445828,DoorDash_Help,Wed Nov 15 01:09:30 +0000 2017,@658888 Hi J. Please send us a direct message at @doordash_help and we can help.,2445829
2445835,658888,Wed Nov 15 00:31:04 +0000 2017,@116584 so me thinks your app isn’t working. Can’t log in and I can’t click “forgot password”. So yeah.,2445834,DoorDash_Help,Wed Nov 15 00:40:08 +0000 2017,@658888 Hi J. I'm sorry to hear about that issue. Please send us a direct message at @doordash_help and we can help fix your issue.,2445830
2445837,701200,Wed Nov 15 00:25:34 +0000 2017,@DoorDash_Help i’m having an issue with the app and cant currently report an issue with my latest order,2445836,DoorDash_Help,Wed Nov 15 01:08:04 +0000 2017,"@701200 Hi Please send us a DM with your email address at @doordash_help, and we will take a closer look right away.",
2445839,701201,Wed Nov 15 00:52:51 +0000 2017,@DoorDash_Help any word on an ETA for the Atlanta area?,2445838,DoorDash_Help,Wed Nov 15 01:07:46 +0000 2017,"@701201 Hi, @701201 Please send us a DM with your email address at @doordash_help, and we will take a closer look right away.",
2445842,189133,Wed Nov 15 00:57:18 +0000 2017,@DoorDash_Help pls fix I just want Taco Bell 😭,2445840,DoorDash_Help,Wed Nov 15 01:05:59 +0000 2017,"@189133 Hi. We're experiencing some technical difficulties. Please send us a DM at @doordash_help, &amp; we'll look into this for you.",2445841
2445846,197362,Wed Nov 15 00:38:21 +0000 2017,@116584 Love your service but why is the app always crashing??? Then I tried using the website and that was super slow too! Please fix,2445845,DoorDash_Help,Wed Nov 15 00:48:38 +0000 2017,@197362 Hi Karen. Thank you for loving DD. Sorry about that. Please send us a direct message at @doordash_help and we can help fix,
2445848,701204,Wed Nov 15 00:41:48 +0000 2017,"@116584 is down, hello @34",2445847,DoorDash_Help,Wed Nov 15 00:48:26 +0000 2017,"@701204 We're experiencing some technical difficulties. Please send us a DM at @doordash_help, &amp; we'll look into this for you.",
2445850,701205,Wed Nov 15 00:32:29 +0000 2017,@116584 your app in Chicago is lagging horribly. It took me 30 minutes to complete my order,2445849,DoorDash_Help,Wed Nov 15 00:47:52 +0000 2017,"@701205 Hi Paul. Please send us a DM with your email address at @doordash_help, and we will take a closer look right away.",
2445852,383536,Tue Nov 14 23:55:46 +0000 2017,"@116584 can you tell me why, the resturant i got food from has a tuesday deal of buy one get one free, now i bought the one and put in the instructions about it and she called saying she cant do that why not? if its a resturant deal?",2445851,DoorDash_Help,Wed Nov 15 00:47:11 +0000 2017,"@383536 Hi @383536. Please send us a DM with your email address at @doordash_help, and we will take a closer look right away.",
2445854,701206,Wed Nov 15 00:39:09 +0000 2017,I want to order my dinner @116584 🤔,2445853,DoorDash_Help,Wed Nov 15 00:46:35 +0000 2017,"@701206 We're experiencing some technical issues. Send us a DM at @doordash_help with your email address, &amp; we'll look into this for you.",
2445857,701208,Wed Nov 15 00:39:28 +0000 2017,When the app can finish update?I'm soooooo hungry…@DoorDash_Help,2445856,DoorDash_Help,Wed Nov 15 00:44:27 +0000 2017,"@701208 Hi [insert @43624]. Please send us a DM with your email address at @doordash_help, we will take a closer look right away.",
2445865,701204,Wed Nov 15 00:25:12 +0000 2017,"@DoorDash_Help Unable to login to app on iOS and ""Unable to load required data"" displayed by Android app.",2445863,DoorDash_Help,Wed Nov 15 00:31:42 +0000 2017,@701204 Oh no am so sorry to hear this. Please DM us your email address at @doordash_help.,2445864
2445867,701212,Wed Nov 15 00:26:41 +0000 2017,@701213 @116584 It's not working in Houston either,2445866,DoorDash_Help,Wed Nov 15 00:30:23 +0000 2017,"@701212 Hi,  We're experiencing some technical difficulties. Please send us a DM at @doordash_help, &amp; we'll look into this for you.",
2445868,701213,Wed Nov 15 00:21:07 +0000 2017,@116584 your app is not working in ohio.,2445869,DoorDash_Help,Wed Nov 15 00:24:15 +0000 2017,@701213 Hi Jamil. I'm sorry to hear issue with your app. Please send us a direct message at @doordash_help and we can help fix the app.,
2445871,701209,Wed Nov 15 00:13:51 +0000 2017,@116584 I'm trying to order from your site but when I load a restaurant page it's blank. Same for the app.,2445870,DoorDash_Help,Wed Nov 15 00:26:58 +0000 2017,"@701209 Hi, We're experiencing some technical difficulties. Please send us a DM at @doordash_help, &amp; we'll look into this for you.",
2445873,176503,Wed Nov 15 00:18:32 +0000 2017,@DoorDash_Help App and website not working in Cincinnati. 😕,2445872,DoorDash_Help,Wed Nov 15 00:22:28 +0000 2017,@176503 Oh no am sorry for the trouble. Please DM us your email address to @doordash_help and we will reach out!,
2445875,701214,Wed Nov 15 00:09:32 +0000 2017,@116584 the app is constantly timing out and throwing error messages. What gives? https://t.co/KGs9IzyYnY,2445874,DoorDash_Help,Wed Nov 15 00:20:38 +0000 2017,"@701214 Hi there We're experiencing some technical difficulties. Please send us a DM at @doordash_help, &amp; we'll look into this for you.",
2445877,701215,Wed Nov 15 00:08:41 +0000 2017,Hey @116584. Your app doesn’t work and you all don’t answer DMs and I need to cancel an order ASAP.,2445876,DoorDash_Help,Wed Nov 15 00:20:23 +0000 2017,"@701215 Hi Melissa thanks for getting in touch, Can you DM us your email address so we can look further into this for you!",
2445879,701216,Wed Nov 15 00:13:40 +0000 2017,@DoorDash_Help driver app down,2445878,DoorDash_Help,Wed Nov 15 00:20:14 +0000 2017,@701216 Hi Adil I'm sorry to hear your app is not working. Please send us a direct message at @doordash_help and we can help.,
2445881,701217,Wed Nov 15 00:12:32 +0000 2017,@116584 your website isn't working in Boston :(,2445880,DoorDash_Help,Wed Nov 15 00:17:18 +0000 2017,@701217  Hi. We're sorry about this experience. Please send us a DM with your email address at @doordash_help.,
2445883,701218,Wed Nov 15 00:10:15 +0000 2017,"@116584 your iOS app and website are broken will not auth, change password gives 503 err",2445882,DoorDash_Help,Wed Nov 15 00:14:11 +0000 2017,@701218 Hi Eric. Please send us a direct message at @doordash_help and we can help to fix your issue!,
2445885,701219,Wed Nov 15 00:02:48 +0000 2017,"@DoorDash_Help in OC, CA and app isn’t loading.  Tried internet connection and phone connection:",2445884,DoorDash_Help,Wed Nov 15 00:09:01 +0000 2017,@701219 Hi ! I am sorry to heard about the trouble that you had.  Please send us a direct message at @doordash_help and we can help.,
2445889,701220,Tue Nov 14 22:46:34 +0000 2017,"@12236 @116584 Hello, sorry but I don’t know who else to ask. How do you calculate “pay boost” for Dasher pay? Honest answer please",2445886,DoorDash_Help,Tue Nov 14 23:10:11 +0000 2017,"@701220 Hi! Please send us a DM with your email address at @doordash_help, and we will take a closer look right away.","2445887,2445888"
2445893,701222,Tue Nov 14 22:47:23 +0000 2017,"Hey @116584 
Your app is unusable on iPhone.  My girlfriend just tried to place an order, and was charged.  However, she got an 'oops' error, and we got no confirmation that an order was placed.  Now she has a $30 charge on her bank account, and no food.",2445891,DoorDash_Help,Tue Nov 14 22:53:37 +0000 2017,"@701222 Hi Josi, We're sorry for the inconvenience with the app. Please send us a direct message at @doordash_help and we can help.",2445892
2452078,702610,Sun Oct 29 16:01:32 +0000 2017,@116584 you suck. We didn’t get the correct order and you didn’t give our money back. Now eating Mac n cheese. Rip off,2452077,DoorDash_Help,Sun Oct 29 17:11:59 +0000 2017,@702610 Thanks for this message. Sorry for the trouble.  Please DM us with your email address &amp; we'll reach out right away!,
2456739,703720,Wed Nov 15 04:07:45 +0000 2017,@DoorDash_Help your driver just called me refusing to deliver my food to my door and asked me to come down stairs and I did and he wasn't even there and didn't pick up the phone again. I want a refund and your customer support isn't working,2456738,DoorDash_Help,Wed Nov 15 04:12:20 +0000 2017,"@703720 Hi Colleen! Please send us a DM with your email address at @doordash_help, and we will take a closer look right away.",
2456741,703721,Wed Nov 15 04:01:15 +0000 2017,@DoorDash_Help Again ..!!,2456740,DoorDash_Help,Wed Nov 15 04:04:22 +0000 2017,"@703721 Hi @703721 Please send us a DM with your email address at @doordash_help, and we will take a closer look right away.",
2456747,713979,Wed Nov 15 18:36:20 +0000 2017,@DoorDash_Help @116584 Service is not restored your webpage and your system are off. delivery request are in local time while your system logs everything in west coast time.  totally screwing their customers.,2503375,DoorDash_Help,Wed Nov 15 18:40:23 +0000 2017,@713979 Hi Kevin. We apologize for the frustration. Please send us a DM with your email address at @doordash_help.,
2456751,703722,Wed Nov 15 03:14:31 +0000 2017,"@116584 @DoorDash_Help wasn’t satisfied with my order, it came fully incorrect and I only got a partial refund. https://t.co/ArB1a662U2",2456749,DoorDash_Help,Wed Nov 15 03:18:43 +0000 2017,@703722 Hi. We apologize for the experience. Please send us a DM with your email address at @doordash_help.,2456750
2456754,703723,Wed Nov 15 01:21:29 +0000 2017,@348117 @544989 @116584 You should of added a chocolate cake shake,2456753,DoorDash_Help,Wed Nov 15 01:54:07 +0000 2017,"@703723 Hi,  I'm sorry that this item was not added. Please, send us a DM with your email address at @doordash_help for further assistance!",
2481703,311286,Sun Oct 29 21:30:18 +0000 2017,@DoorDash_Help AND SECOND OF ALL GO LOOK AT MY REFERRAL HISTORY YALL DID NOT GIVE ME CREDIT FOR ONE OF THE REFERRALS 🖕🏾🖕🏾 JUST BULLSHIT,2481702,DoorDash_Help,Sun Oct 29 21:48:06 +0000 2017,"@311286 Hey there, I'm sorry to hear about this. Can you DM us your email address and we will reach out right away?",
2490356,711078,Wed Nov 15 16:45:39 +0000 2017,"@116584 why hasn't help, or anyone, contacted me about my missing entire day of pay since yesterday?",2490354,DoorDash_Help,Wed Nov 15 16:50:05 +0000 2017,"@711078 Hi Mike :) Please send us a DM with your email address at @doordash_help, we be more than happy to review your missing payment.",2490355
2490358,681332,Wed Nov 15 15:44:36 +0000 2017,@116584 is 25 minutes past due and doordash won’t even let me cancel the order. Coffee and donuts will be great at noon.,2490357,DoorDash_Help,Wed Nov 15 15:58:06 +0000 2017,"@681332 Hi! Please send us a direct message at @doordash_help with your email address, and we'll be happy to check on your order status.",
2503369,713977,Wed Nov 15 19:22:20 +0000 2017,@116584 can someone tell me if my food is on its way? I got a random text saying it was too busy to go grab it....? The app shows the driver still in-route.,2503367,DoorDash_Help,Wed Nov 15 19:34:10 +0000 2017,@713977 Hi! It'll be our pleasure to check your order status :D Just send us a DM at @doordash_help with your email address :D,2503368
2503372,321089,Wed Nov 15 19:07:12 +0000 2017,"@DoorDash_Help Nando's was added as a delivery option this week but their menu won't load on the website or in the mobile app. Other restaurants load fine for me. I'm in Alexandria, Virginia.",2503370,DoorDash_Help,Wed Nov 15 19:16:52 +0000 2017,"@321089 Hi! Thank you a lot for reporting the error, we'll be getting in touch shortly to work together.",2503371
2503374,713978,Wed Nov 15 18:43:37 +0000 2017,@116584 why isn't my promo code working? https://t.co/Z0OHhDaL5V,2503373,DoorDash_Help,Wed Nov 15 18:48:34 +0000 2017,"@713978  Hi there.  Please send us a direct message with the promo code @doordash_help, and we'll take a look for you.",
2503377,713980,Wed Nov 15 18:14:25 +0000 2017,@116584 PLEASE CALL ME. My account is under Katie Even,2503376,DoorDash_Help,Wed Nov 15 18:26:02 +0000 2017,@713980  Hello! I will be more than glad to call you. Please send us a DM with your email address at @doordash_help so I can assist you.,
2503379,339741,Wed Nov 15 18:14:22 +0000 2017,"@DoorDash_Help Hey, I need to reschedule an orientation set for tomorrow but the link in the email I received doesn't work. Help please?",2503378,DoorDash_Help,Wed Nov 15 18:17:58 +0000 2017,"@339741 Hi Caitlin. Please send us a DM with your email address at @doordash_help, and we will take a closer look right away.",
2510667,177806,Mon Oct 30 00:38:59 +0000 2017,@DoorDash_Help the promo code you sent on Friday just keeps telling I can't use it but not why,2510666,DoorDash_Help,Mon Oct 30 04:45:03 +0000 2017,"@177806 Hi Amanda, Sorry to hear about this! Please DM your email address and we will reach out right away!",
2510669,715648,Mon Oct 30 00:36:25 +0000 2017,"@DoorDash_Help Why did my driver pick up my food 12 minutes ago, drive in the opposite direction, then just sit there? #poor #coldfood https://t.co/K7eNNJuML4",2510668,DoorDash_Help,Mon Oct 30 04:43:00 +0000 2017,@715648 Thanks for this message. Sorry for the trouble.  Please DM us with your email address &amp; we'll reach out right away!,
2510671,715649,Mon Oct 30 00:18:17 +0000 2017,Last time I tried @116584 for the first time. Order was wrong. Restaurant told me to call DoorDash but no way to do so. = /,2510670,DoorDash_Help,Mon Oct 30 04:39:43 +0000 2017,@715649 Thanks for this message. Sorry for the trouble.  Please DM us with your email address &amp; we'll reach out right away!,
2511999,715929,Mon Oct 30 01:58:53 +0000 2017,@116584 /2 I try again and get food delivered. Then cust svc calls asking if I want a refund for the first order. What?,2511998,DoorDash_Help,Mon Oct 30 05:59:57 +0000 2017,"@715929 Hi Greg, Sorry to hear about this! Please DM your email address and we will reach out right away!",
2512001,715930,Mon Oct 30 02:04:44 +0000 2017,@116584 ruining sundays by being late and getting the order incorrect 😫,2512000,DoorDash_Help,Mon Oct 30 05:59:04 +0000 2017,@715930 Thanks for this message. Sorry for the trouble.  Please DM us with your email address &amp; we'll reach out right away!,
2512003,715931,Mon Oct 30 01:28:02 +0000 2017,@116584 my order was picked up one hour ago and just got to me. My pizza is cold #pissed,2512002,DoorDash_Help,Mon Oct 30 05:40:21 +0000 2017,@715931 Thanks for this message. Sorry for the trouble.  Please DM us with your email address &amp; we'll reach out right away!,
2512005,177657,Mon Oct 30 01:05:30 +0000 2017,@DoorDash_Help pure trash. There's ways something screwing with your app. It's got me signed in but won't show me the order screen. Smfh,2512004,DoorDash_Help,Mon Oct 30 05:19:58 +0000 2017,@177657 Thanks for this message. Sorry for the trouble.  Please DM us with your email address &amp; we'll reach out right away!,
2512007,547251,Mon Oct 30 00:04:47 +0000 2017,@DoorDash_Help what’s up with my TWO FREE code not working? https://t.co/zWfL5Y25bN,2512006,DoorDash_Help,Mon Oct 30 04:46:33 +0000 2017,@547251 Thanks for this message. Sorry for the trouble.  Please DM us with your email address &amp; we'll reach out right away!,
2513395,716247,Mon Oct 30 03:51:03 +0000 2017,@116584 your customer service on Sunday’s suck!!! No response!! #poorcustomerservice #doordashsucks @116788 is the way to go!,2513394,DoorDash_Help,Mon Oct 30 06:54:33 +0000 2017,"@716247 Hi Jay, thanks for getting in touch! Can you DM us your email address and we will reach out right away?",
2513397,716248,Mon Oct 30 02:45:44 +0000 2017,@116584 and the people took it like wtf,2513396,DoorDash_Help,Mon Oct 30 06:47:40 +0000 2017,"@716248 Hi, Sorry to hear about this! Please DM your email address and we will reach out right away!",
2513400,716249,Mon Oct 30 02:41:47 +0000 2017,@116584 fails again. After 2 hours of waiting I discovered that you aren’t coming. #badservice #wearehungry #fixit,2513399,DoorDash_Help,Mon Oct 30 06:25:05 +0000 2017,@716249 Thanks for this message. Sorry for the trouble.  Please DM us with your email address &amp; we'll reach out right away!,
2513402,525816,Mon Oct 30 04:15:26 +0000 2017,@97632 @116584 Seriously. Biggest fail of the day. Def not using this service again. https://t.co/gOCg6WAvB1,2513401,DoorDash_Help,Mon Oct 30 06:24:49 +0000 2017,@525816 Thanks for this message. Sorry for the trouble.  Please DM us with your email address &amp; we'll reach out right away!,
2513405,716250,Mon Oct 30 02:49:17 +0000 2017,@659801 @716251 @116584 wish I had known that BEFORE trying to order via @116584 for dinner guests. Poor experience from end to end-how are they still in biz?!,2513404,DoorDash_Help,Mon Oct 30 06:16:06 +0000 2017,"@716250 Hi Nina, Sorry to hear about this! Please DM your email address and we will reach out right away!",
2514210,480309,Mon Oct 30 06:42:25 +0000 2017,When @DoorDash_Help @116584 gets your order completely wrong and none of the support responds to your messages..smh,2514207,DoorDash_Help,Mon Oct 30 07:25:32 +0000 2017,"@480309 Hi , Sorry to hear about this! Please DM your email address and we will reach out right away!","2514208,2514209"
2514212,127439,Mon Oct 30 04:52:23 +0000 2017,@DoorDash_Help I had a Promo code on there so I’m guessing not only did it remove me but it fully charged my card.,2514211,DoorDash_Help,Mon Oct 30 07:11:19 +0000 2017,@127439 Thanks for this message. Sorry for the trouble.  Please DM us with your email address &amp; we'll reach out right away!,
2514215,716384,Mon Oct 30 03:52:15 +0000 2017,"Hey @116584, waiting 2 hours for food from a driver that is rude and unhelpful isn’t my idea of good customer service #FAIL",2514214,DoorDash_Help,Mon Oct 30 07:04:36 +0000 2017,@716384 Thanks for this message. Sorry for the trouble.  Please DM us with your email address &amp; we'll reach out right away!,
2523239,718586,Fri Dec 01 04:50:28 +0000 2017,@DoorDash_Help hi can i removed my number from the previous owner's account please?,2523237,DoorDash_Help,Fri Dec 01 04:54:33 +0000 2017,"@718586 Please send us a DM with your email address at @doordash_help, and we will take a closer look right away.",2523238
2523298,305132,Fri Dec 01 02:19:04 +0000 2017,@DoorDash_Help Hi there - how do I delete my account and have all of my data purged from your systems?,2523296,DoorDash_Help,Fri Dec 01 02:21:33 +0000 2017,"@305132 Hey Agtmadcat, Please DM us with your information and we will surely be able to help you with this. We would love to get more feedback from you. Hope to hear from you soon. DoorDash",2523297
25502,121521,Wed Nov 01 08:51:23 +0000 2017,@116584 Hey I ordered my food at 12 now its almost 2am and the order still hasn't even changed....,25500,DoorDash_Help,Wed Nov 01 09:05:41 +0000 2017,@121521 thanks for getting in touch! Please DM your email address and we will promptly assist you!,25501
259273,177657,Thu Oct 05 18:40:53 +0000 2017,@DoorDash_Help I am a driver. I have a customer telling me they got the wrong order. Please contact me asap,259271,DoorDash_Help,Thu Oct 05 19:34:03 +0000 2017,"@177657 Hi there, thanks for reaching out. Could you please DM us with your email address so we can reach out.",259272
259275,177658,Thu Oct 05 17:50:51 +0000 2017,.@116584 I've been trying to buy a gift card all morning and it's not working. Can you help?,259274,DoorDash_Help,Thu Oct 05 19:31:24 +0000 2017,"@177658 Hi Siv, We're in the process of updating our gift cards program . It's not available at the moment, but stay tuned for more to come.",
259277,177659,Thu Oct 05 15:43:58 +0000 2017,@116584 how is this an efficient route?? I want my pancakes https://t.co/jVNOleaahD,259276,DoorDash_Help,Thu Oct 05 19:17:04 +0000 2017,"@177659 Thanks for reaching out, Could you please DM us with your email address so we can look into this.",
259279,177660,Thu Oct 05 15:17:06 +0000 2017,"@DoorDash_Help  I don’t can to complete my application like dasher.. help me please, reference number is 16184285",259278,DoorDash_Help,Thu Oct 05 19:08:31 +0000 2017,"@177660 Thanks for reaching out about this, We would love to help. Please DM us with your email address so we can get this resolved.",
2606633,737421,Mon Oct 30 17:27:37 +0000 2017,@DoorDash_Help how do I speak with someone live! Or get my $refunded or cancel order?,2606632,DoorDash_Help,Mon Oct 30 20:57:39 +0000 2017,@737421 Thanks for this message. Sorry for the trouble.  Please DM us with your email address &amp; we'll reach out right away!,
2608551,411924,Sun Oct 29 21:17:22 +0000 2017,@588755 Did this last night. Never heard from you. Got three new orders today. You and @116584 are RUINING our reputation.,2608550,DoorDash_Help,Mon Oct 30 21:33:20 +0000 2017,"@411924 Oh no! I'm really sorry to hear about this, please DM us your store phone number and we'll reach out right away!",
2608557,119569,Mon Oct 30 19:42:40 +0000 2017,Lol @DoorDash_Help @116584 raising their delivery fee. Also still needing help for 4 days. Still haven’t helped. #doordash,2608556,DoorDash_Help,Mon Oct 30 21:18:16 +0000 2017,"@119569 Hi Dirk, So sorry that no one has got in contact with you. Please DM us and we will reach out to you right away. Thanks DoorDash",
262119,178434,Thu Oct 05 21:47:28 +0000 2017,@DoorDash_Help Any update?,262122,DoorDash_Help,Thu Oct 05 22:24:10 +0000 2017,@178434 Hi Chris I tried from over here and you should be able to place it now. Sorry for the late reply. Thanks,"262123,262124"
262121,178434,Thu Oct 05 21:12:02 +0000 2017,@DoorDash_Help trying to place my order for California Pizza Kitchen in Dallas.I'm being asked for a time - tomorrow or later only option,262118,DoorDash_Help,Thu Oct 05 21:15:28 +0000 2017,@178434 Hi Chris I'm really sorry to hear that. Can you please DM us your email address and we are going to take a look for you :),"262119,262120"
2625620,313615,Mon Oct 30 22:20:58 +0000 2017,@116584 y is my account disabled n how do I get it to work ... I'm getting hangry over here,2625619,DoorDash_Help,Mon Oct 30 23:15:43 +0000 2017,"@313615 Oh no! I'm really sorry to hear about this, please DM us your email address and we'll reach out right away!",
2625622,741651,Mon Oct 30 21:49:22 +0000 2017,My @116584 person got my order wrong 😢,2625621,DoorDash_Help,Mon Oct 30 23:04:26 +0000 2017,"@741651 Oh no! I'm really sorry to hear about this, please DM us your email address and we'll reach out right away!",
2641244,562194,Tue Oct 31 00:25:12 +0000 2017,@116584 we are still waiting on our French fries that we were told were coming after they were left out of the order,2641243,DoorDash_Help,Tue Oct 31 00:32:00 +0000 2017,@562194 Thanks for this message. Sorry for the trouble.  Please DM us with your email address &amp; we'll reach out right away!,
2641246,240665,Mon Oct 30 23:37:54 +0000 2017,"@116584 why doesn’t your app work? Yes, I’ve updated. Yes, I’ve deleted and reinstalled. https://t.co/R0XWb7IGVc",2641245,DoorDash_Help,Mon Oct 30 23:49:32 +0000 2017,"@240665 Oh no! I'm really sorry to hear about this, please DM us your email address and we'll reach out right away!",
2641248,745375,Mon Oct 30 20:03:56 +0000 2017,@DoorDash_Help yall suck somebody just placed an order on my account that I didn’t authorize and there is no way to cancel it,2641247,DoorDash_Help,Mon Oct 30 23:39:57 +0000 2017,@745375 Thanks for this message. Sorry for the trouble.  Please DM us with your email address &amp; we'll reach out right away!,
2641250,745376,Mon Oct 30 19:49:53 +0000 2017,@116584 I just ordered food and you guys sent it to the wrong address,2641249,DoorDash_Help,Mon Oct 30 23:36:14 +0000 2017,@745376 Thanks for this message. Sorry for the trouble.  Please DM us with your email address &amp; we'll reach out right away!,
2643943,746009,Tue Oct 31 02:29:04 +0000 2017,"@DoorDash_Help Signing up to be a dasher, always get error message ""you don't have permission to perform this action"" doing background check",2643942,DoorDash_Help,Tue Oct 31 02:40:52 +0000 2017,"@746009 Oh no! I'm really sorry to hear about this, please DM us your email address and we'll reach out right away!",
2643945,746010,Tue Oct 31 02:24:40 +0000 2017,Did my @116584 delivery guy take a part of my order or..???🤔,2643944,DoorDash_Help,Tue Oct 31 02:32:03 +0000 2017,@746010 Thanks for this message. Sorry for the trouble.  Please DM us with your email address &amp; we'll reach out right away!,
2643947,166648,Tue Oct 31 01:17:30 +0000 2017,"@DoorDash_Help 19 min, to 30 min, to 46 min estimate delivery time while placing order... #wtf?",2643946,DoorDash_Help,Tue Oct 31 02:18:29 +0000 2017,@166648 Thanks for this message. Sorry for the trouble.  Please DM us with your email address &amp; we'll reach out right away!,
2643951,129276,Tue Oct 31 01:46:58 +0000 2017,"@116584 When I try to add soup to cart, says “select required options” except there are no options to select... What gives?",2643950,DoorDash_Help,Tue Oct 31 02:18:14 +0000 2017,"@129276 Oh no! I'm really sorry to hear about this, please DM us your email address and we'll reach out right away!",
2644949,746262,Tue Oct 31 03:46:07 +0000 2017,@DoorDash_Help your company SUCKS. Ordered chicken and pitas. All excited about pitas. Your driver forgot the pitas. Do better.,2644948,DoorDash_Help,Tue Oct 31 03:58:25 +0000 2017,"@746262 Hi Laurenzo,So sorry about your experience if you can DM us your information we will be in contact right away to get this resolved",
2644951,746263,Tue Oct 31 03:24:17 +0000 2017,We keep trying @116584 and every. Single. Time. My order is wrong. Also their customer service is terrible. So Uber Eats anyone.,2644950,DoorDash_Help,Tue Oct 31 03:45:16 +0000 2017,@746263 Thanks for this message. Sorry for the trouble.  Please DM us with your email address &amp; we'll reach out right away!,
2648953,747229,Sun Nov 26 22:01:16 +0000 2017,"@DoorDash_Help having a bad experience due to some issues with the app’s UI. There was a soup in the sandwich section of a menu, which was so confusing and disappointing to receive, but I can’t give feedback on it bc the app won’t let me hit “Submit” when I enter text. Help https://t.co/d2UEiz9cH0",2648952,DoorDash_Help,Sun Nov 26 22:04:49 +0000 2017,"@747229  Hi there!.  We really value your feedback. Please send us a DM with your email address at @doordash_help, I'll be happy to help.",
2648956,747230,Sun Nov 26 21:37:29 +0000 2017,@116584 hi there. A promo code popped up when I opened the app and now I can’t find it. Any help?,2648955,DoorDash_Help,Sun Nov 26 21:40:53 +0000 2017,"@747230  Hi! Please send us a direct message with your email at @doordash_help, and we'll take a look for you.",
2649024,747242,Sun Nov 26 20:55:26 +0000 2017,My @116584 driver just stole $20 worth of food from me and that's the 2017st thing to ever happen to me.,2649023,DoorDash_Help,Sun Nov 26 21:16:27 +0000 2017,@747242 Thanks so much for reaching out &amp; we'd love to make this right. Please DM us with your email address &amp; we'll reach out right away.,
2649026,747243,Sun Nov 26 21:08:21 +0000 2017,@DoorDash_Help i paid with apple pay for free delivery but my receipt still has a delivery charge?,2649025,DoorDash_Help,Sun Nov 26 21:15:14 +0000 2017,"@747243  Hi, Please send us a DM with the promo code and your email address to @doordash_help, and we'll take a look for you right away.",
2649028,747244,Sun Nov 26 20:41:05 +0000 2017,@116584 Why is Cheesecake Factory say its not delivering and for PreOrder only when they are open??,2649027,DoorDash_Help,Sun Nov 26 20:48:15 +0000 2017,"@747244 Hi there! Please send us a DM with your email address at @doordash_help, and we will take a closer look right away.",
2649031,747245,Sun Nov 26 20:27:48 +0000 2017,@116584 @DoorDash_Help pretty cool when you promise a full refund almost two months ago and have yet to deliver the refund. I’ve spent an hour of my time following up on the phone and emails and STILL no refund. You guys are officially the worst and I’m deleting my account.,2649029,DoorDash_Help,Sun Nov 26 20:32:25 +0000 2017,"@747245 Hi. Please send us a DM with your email address at @doordash_help, and we will take a closer look for you right away.",2649030
2649033,747246,Sun Nov 26 18:56:37 +0000 2017,@DoorDash_Help your support team sounds like a bunch of bots with automatic replies and never answered my question or fulfilled my request for a refund.,2649032,DoorDash_Help,Sun Nov 26 20:08:44 +0000 2017,@747246 Hi there. We're apologize for this experience. Please send us a DM with your email address at @doordash_help.,
2662539,180355,Tue Oct 31 05:27:42 +0000 2017,When you bite into your pizza from @88966 ordered via @116584 expecting artichokes but instead its anchovies 🤢,2662537,DoorDash_Help,Tue Oct 31 05:33:03 +0000 2017,@180355 Oh no! So sorry to hear this! Can you DM us your email address and we will reach out right away?,2662538
2662541,750388,Tue Oct 31 01:30:26 +0000 2017,@DoorDash_Help Your app has big issue.I signed up using referral credit still I am charged full on my first order! Please help!!!!!,2662540,DoorDash_Help,Tue Oct 31 05:22:02 +0000 2017,"@750388 Hey Rahul, sorry to hear this! Can you DM us your email address and we will reach out right away?",
2663378,634602,Tue Oct 31 04:37:45 +0000 2017,@750565 @116584 It did arrive! I had Pad See Ew. It was also yummy.,2663377,DoorDash_Help,Tue Oct 31 06:38:27 +0000 2017,@634602 Hi Kayla. Please DM us with your information and we will be in touch right away! Hope everything arrived okay :D Thanks DoorDash,
2664582,750789,Tue Oct 31 07:01:51 +0000 2017,@116584 where's my food @ I was been suppose to get it :(,2664580,DoorDash_Help,Tue Oct 31 07:25:18 +0000 2017,@750789 Thanks for this message. Sorry for the trouble.  Please DM us with your email address &amp; we'll reach out right away!,2664581
266824,179580,Thu Oct 05 23:18:29 +0000 2017,@DoorDash_Help @116584 I got an email with a coupon for a first order. Get an error saying I've used it already. https://t.co/5jsytXT6pp,266823,DoorDash_Help,Thu Oct 05 23:25:57 +0000 2017,"@179580 Hi Jed, I would really like to help you with this. Can I please have the email address and phone number liked to your account?",
266826,179581,Thu Oct 05 22:33:00 +0000 2017,Who else loves @116584 as much as me? https://t.co/UzQiUEJzGK https://t.co/ta0h7DnVtt,266825,DoorDash_Help,Thu Oct 05 22:35:46 +0000 2017,@179581 Hey Reanna! Woohoo! We are always happy to deliver your favorites right to your doorstep for you! Have a great weekend! :),
266828,179582,Thu Oct 05 21:56:40 +0000 2017,"@116584 just got your guys' ad in my mail today, with a $5 off coupon. The thing is, you guys aren't available in my area.",266827,DoorDash_Help,Thu Oct 05 22:09:10 +0000 2017,"@179582 Hey! Oh wow! As we are always expanding here at DoorDash, keep your eyes peeled! We may be with you very soon! :)",
2680719,293521,Tue Oct 31 14:57:52 +0000 2017,@DoorDash_Help 30 mins late and ice cold...not the way a steak and egg sandwich is supposed to be,2680718,DoorDash_Help,Tue Oct 31 15:12:36 +0000 2017,@293521 I'm very sorry to hear this. Please DM your email address and we will promptly assist you!,
2680722,744661,Tue Oct 31 14:55:54 +0000 2017,The extra fees on @116584 are outrageous. 🚫🚫 Back to @115877!! ✅,2680720,DoorDash_Help,Tue Oct 31 15:03:20 +0000 2017,@744661 thanks for getting in touch! Please DM your email address and we will promptly assist you.,2680721
2687394,755665,Tue Nov 07 18:26:34 +0000 2017,I'm on my last strike with @116584....,2687392,DoorDash_Help,Tue Nov 07 18:42:19 +0000 2017,@755665 thanks for getting in touch! Please DM your email address and we will promptly assist you!,2687393
2701511,596727,Sat Nov 18 00:25:38 +0000 2017,@116584 https://t.co/t9jFa9EeJt,2701509,DoorDash_Help,Sun Nov 19 20:56:31 +0000 2017,@596727  Hi @596727. We're sorry about this experience. Please send us a DM with your email address at @doordash_help.,2701510
2701514,758852,Sat Nov 18 17:09:48 +0000 2017,@116584 @DoorDash_Help wow. What's up with this? https://t.co/FaHv1BYQ6f,2701513,DoorDash_Help,Sun Nov 19 20:54:50 +0000 2017,"@758852 Hi Cat S Please send us a DM with your email address at @doordash_help, and we will take a closer look right away.",
2701516,758853,Sat Nov 18 04:34:04 +0000 2017,@116584 I need a coupon code for this MAJOR inconvenience! https://t.co/hlb5klr46X,2701515,DoorDash_Help,Sun Nov 19 20:48:08 +0000 2017,"@758853 Hi Kenny, Please send us a DM with your email address at @doordash_help, and we will take a closer look right away.",
2701518,574371,Thu Nov 16 23:48:30 +0000 2017,@345 I started a help ticket about bad customer service with you. If I do not get a timely response I will send my friend @166662 to @116584 instead. I am beyond disgusted right now,2701517,DoorDash_Help,Sun Nov 19 20:38:06 +0000 2017,"@574371  Hi James!  We really value your feedback. Please send us a DM with your email address at @doordash_help, so we can assist you.",
2701520,758854,Sun Nov 19 04:02:05 +0000 2017,"@544989 , @116584 needs to not be your delivery company anymore. I love you guys but I waited an hour and a half for the manager to tell me the driver refused to deliver to me. @DoorDash_Help",2701519,DoorDash_Help,Sun Nov 19 20:35:22 +0000 2017,"@758854 Hey there, sorry to hear about this! Can you please DM us your email address and we will reach out right away?",
2701523,197971,Sun Nov 19 05:08:40 +0000 2017,".@116584, Laila is badass though. She's taking care of business.",2701522,DoorDash_Help,Sun Nov 19 20:33:49 +0000 2017,@197971  Hi @197971. We're sorry about this experience. Please send us a DM with your email address at @doordash_help.,
2701526,758855,Sat Nov 18 23:05:31 +0000 2017,I’m willing to bet my wife and i have spent thousands of dollars on delivery fees alone on @116584 and speaking with someone after they said they were redelivering my food was impossible,2701524,DoorDash_Help,Sun Nov 19 20:31:44 +0000 2017,"@758855 Hello! Please send us a DM with your email address at @doordash_help, and we will take a closer look right away.",2701525
2701528,758856,Fri Nov 17 16:59:45 +0000 2017,Had the worst possible delivery driver with @116584 today. Unbelievably rude. Wonder how they screen their drivers. Definitely a turn off from using their service again.,2701527,DoorDash_Help,Sun Nov 19 20:31:42 +0000 2017,@758856 Hi @758856. We're sorry about this experience. Please send us a DM with your email address at @doordash_help.,
2701530,224242,Sat Nov 18 02:20:15 +0000 2017,Hey @116584 thanks for making me wait an hour... just for my order to end up cancelled. It wasn't like I was hungry or anything...😒,2701529,DoorDash_Help,Sun Nov 19 20:30:57 +0000 2017,@224242 Hi. We're sorry about this experience. Please send us a DM with your email address at @doordash_help.,
2701532,758857,Sat Nov 18 02:14:45 +0000 2017,WHAT THE FUCK. I ORDERED MCDONALDS AN HOUR AGO. MY DAD ORDERED TACO BELL 20 MINUTES AGO AND HIS JUST GOT HERE. THANKS @116584,2701531,DoorDash_Help,Sun Nov 19 20:29:05 +0000 2017,"@758857 Hey there, sorry to hear about this! Can you DM us your email address &amp; we will look in to this?",
2701534,758858,Fri Nov 17 02:43:24 +0000 2017,@116584 why are all restaurants that service my area say closed for both my husband and I’d account? https://t.co/YkrwXpaU2u,2701533,DoorDash_Help,Sun Nov 19 20:27:14 +0000 2017,"@758858 Hi. Please send us a DM with your email address at @doordash_help, and we will take a closer look right away.",
2701536,758859,Fri Nov 17 06:51:41 +0000 2017,"@116584 worst service ever, put in a wrong address (one that is  nonexistent) and instead of returning the food the driver gives it away to a random person never using this second rate service again",2701535,DoorDash_Help,Sun Nov 19 20:24:48 +0000 2017,"@758859  Hi Joe.  We really value your feedback. Please send us a DM with your email address at @doordash_help, so we can learn more.",
2701538,758860,Fri Nov 17 02:55:48 +0000 2017,My first order on here and they charged me 3 Times 😂😭@116584 https://t.co/W6WEUCKONn,2701537,DoorDash_Help,Sun Nov 19 20:22:21 +0000 2017,"@758860 Hi. Please send us a DM with your email address at @doordash_help, and we will take a closer look right away.",
2701540,758861,Fri Nov 17 21:59:34 +0000 2017,@116584 is absolutely shit. Never using them again.,2701539,DoorDash_Help,Sun Nov 19 20:11:05 +0000 2017,"@758861 Hi Terry, We really value your feedback. Please send us a DM with your email address at @doordash_help, so we can learn more.",
2701542,758862,Fri Nov 17 23:23:12 +0000 2017,@544989 your delivery service is a disgrace @116584. Hour and a half and my food still not here. Food better be hot when it gets here.,2701541,DoorDash_Help,Sun Nov 19 20:01:20 +0000 2017,@758862  Hi there! We're sorry about this experience. Please send us a DM with your email address at @doordash_help.,
270251,180431,Fri Oct 06 00:52:11 +0000 2017,@DoorDash_Help @116584 current dasher and trying to get my app to work for the last day and a half and nothing...is there a # i can call!?,270250,DoorDash_Help,Fri Oct 06 01:06:27 +0000 2017,@180431 Thanks for this message. Sorry for the trouble.  Please DM us with your email address &amp; we'll reach out right away!,
270253,180432,Thu Oct 05 03:45:17 +0000 2017,@116584 When r u launching in morden Manitoba,270252,DoorDash_Help,Fri Oct 06 00:31:20 +0000 2017,@180432 Hi Larry!  We're expanding fast. Stay tuned for more updates on new city announcements. :),
270255,180433,Thu Oct 05 02:52:11 +0000 2017,@116584 Hi when are you going to launch in Vacaville California? #SoooExcited,270256,DoorDash_Help,Fri Oct 06 00:21:14 +0000 2017,@180433 Hi Jouie! We're expanding fast. Stay tuned for more updates on new city announcements! :),
270258,180434,Fri Oct 06 00:03:00 +0000 2017,@DoorDash_Help I used a promo code and waited 15 extra min for an order that got canceled.  Now promo code doesn't work for new order.  &gt;:(,270257,DoorDash_Help,Fri Oct 06 00:09:13 +0000 2017,@180434 Thanks for this message. Sorry for the trouble.  Please DM us with your email address &amp; we'll reach out right away!,
2713834,761833,Mon Nov 20 03:36:47 +0000 2017,@116584 has the worst drivers ever!!! For once I️ would like the food I️ order to be correct....,2713832,DoorDash_Help,Mon Nov 20 04:13:14 +0000 2017,@761833 We apologize for the frustration. Please send us a DM with your email address at @doordash_help.,2713833
2713836,761834,Mon Nov 20 02:35:50 +0000 2017,@116584 you delivered the wrong order. Do I get a refund??,2713835,DoorDash_Help,Mon Nov 20 02:52:19 +0000 2017,"@761834 Hi Matt, can you DM us your email address and we will reach out right away?",
2713838,672001,Mon Nov 20 03:07:36 +0000 2017,@DoorDash_Help my order cancelled due but suddenly open again after the delivery price increase? #shady https://t.co/8kzc7ikGYn,2713837,DoorDash_Help,Mon Nov 20 04:00:26 +0000 2017,"@672001  Hello. We're sorry about this experience. Please send us a DM with your email address at @doordash_help, so we can assist you.",
2713841,761835,Mon Nov 20 03:32:41 +0000 2017,@116584  Ordered family dinner at 526PM and told delivery by 632.  Now 732 and still no food.  Failbucket. No help line... just page saying delivery at 632 is still in process.,2713839,DoorDash_Help,Mon Nov 20 03:57:23 +0000 2017,@761835  Hi. We're sorry about this experience with the current order. Please send us a DM with your email address at @doordash_help.,2713840
2713843,761836,Mon Nov 20 03:31:15 +0000 2017,Ummm @116584 you really need to get better at estimating how much time food is going to take. Closing in on 2x the quoted time and looking like I'll be missing yoga tonight.,2713842,DoorDash_Help,Mon Nov 20 03:56:03 +0000 2017,"@761836 Hi Chelsea.  Please send us a DM with your email address at @doordash_help, and we will take a closer look right away.",
2713845,761837,Mon Nov 20 03:09:33 +0000 2017,@116584 is a complete hack. Almost always gets orders wrong but really out did themselves tonight. Nothing we ordered was correct whatsoever and the food was ice cold even though the restaurant was a mile away. No excuses. Terrible service consistently. Use @116057 only.,2713844,DoorDash_Help,Mon Nov 20 03:47:36 +0000 2017,"@761837 Hi Bee. Please send us a DM with your email address at @doordash_help, and we will take a closer look right away.",
2713847,761838,Mon Nov 20 02:06:55 +0000 2017,"@116584 Meal arrived 1.5hrs late, cold and missing an entire order.  So very not happy.  The driver claimed the app crashed so she didn't pick up the order. We had to call the restaurant and they called the driver.  This is unacceptable and we would like a refund.",2713846,DoorDash_Help,Mon Nov 20 02:43:47 +0000 2017,@761838  Hi W. We're sorry about your last experience with us. Please send us a DM with your email address at @doordash_help.,
2713849,761839,Mon Nov 20 02:22:43 +0000 2017,"@DoorDash_Help Trying to redeem a Refer a Friend link but it wouldn't let me enter the verification code and when I tried to click the link again, it said my email is already in use. When I'm logged in now, the credit doesn't show up!",2713848,DoorDash_Help,Mon Nov 20 02:37:17 +0000 2017,@761839 Hi. Please send us a direct message with your email address at @doordash_help and we can help.,
2713851,761840,Sun Nov 19 23:41:36 +0000 2017,"@116584 you gave me account credits. Now, how do I redeem those credits?",2713850,DoorDash_Help,Mon Nov 20 02:32:56 +0000 2017,@761840 Hi Samantha. We''ll be more than glad to explain the DD credits. Please send us a DM with your email address at @doordash_help.,
2713853,761841,Mon Nov 20 01:41:39 +0000 2017,Why did @116584 send me a coupon in the mail if it's not even available in my area? Thanks for nothing!,2713852,DoorDash_Help,Mon Nov 20 02:24:53 +0000 2017,"@761841  Hi. Please send us a direct message with the promo code and your email at @doordash_help, and we'll take a look for you.",
2713855,761842,Sun Nov 19 22:53:21 +0000 2017,@116584 #Neveragain ! I'm switching to #GrubHub from now on. Also can u ever get someone competent to work 4 your #CustomerService line? #Refund me,2713854,DoorDash_Help,Mon Nov 20 02:23:44 +0000 2017,"@761842 Hi Kristina. Please send us a DM with your email address at @doordash_help, and we will take a closer look to this right away.",
2713858,761843,Sun Nov 19 20:56:16 +0000 2017,@116584 how come you guys charged me for the food I ordered and didn’t get.,2713857,DoorDash_Help,Mon Nov 20 02:12:16 +0000 2017,@761843  Hi Mafi. We're sorry that your last order didn't arrive. Please send us a DM with your email address at @doordash_help.,
2713861,761844,Mon Nov 20 01:05:46 +0000 2017,"Apparently @116584 is okay with taking your money and then saying ""oops"" order not placed in the app and making you pay AGAIN. I've looked for @DoorDash_Help support, but since I don't have an active order, I can't get any.",2713859,DoorDash_Help,Mon Nov 20 02:00:28 +0000 2017,"@761844 Hi @761844 please send us a DM with your email address at @doordash_help, and we will take a closer look right away.",2713860
2713863,761845,Thu Nov 16 20:23:30 +0000 2017,"I use @116584 so much at work, I deserve some damn discount codes cause y'all delivery fees are outta this world",2713862,DoorDash_Help,Mon Nov 20 01:36:53 +0000 2017,"@761845  We really value your feedback. Please send us a DM with your email address at @doordash_help, so we can learn more and help you.",
2713865,761846,Mon Nov 20 00:06:32 +0000 2017,@116584 You charged me for an order and the restaurant didn’t get it. Help!,2713864,DoorDash_Help,Mon Nov 20 01:35:23 +0000 2017,@761846  Hi [insert Joseph. We're sorry about this experience. Please send us a DM with your email address at @doordash_help.,
2713867,758864,Sun Nov 19 00:16:53 +0000 2017,@116584 annoying that your site says $0.99 delivery fee but on the checkout screen jumps to $5.99 like i won't notice...not trying your site out any time soon now,2713866,DoorDash_Help,Mon Nov 20 01:22:52 +0000 2017,"@758864 Hi Victoria, Please send us a DM with your email address at @doordash_help, and we will take a closer look right away.",
2713870,761847,Sun Nov 19 20:09:27 +0000 2017,"Hey @116584 I messaged about my #TacoBell order being completely screwed up and you didn't refund the tip I had to leave when I placed the ordered. I shouldn't have to tip for food I can't even eat. Stellar service, all around. All around.",2713868,DoorDash_Help,Mon Nov 20 01:12:36 +0000 2017,@761847 Hi. We apologize for the frustration on your las order. Please send us a DM with your email address at @doordash_help.,2713869
2713872,761848,Sat Nov 18 04:43:19 +0000 2017,@116584 the food never came but your app says I️t was delivered.  App is not user friendly and does not allow a refund request.,2713871,DoorDash_Help,Mon Nov 20 01:10:57 +0000 2017,@761848 Hi @761848 We're sorry about this experience. Please send us a DM with your email address at @doordash_help.,
2713874,645094,Sun Nov 19 19:08:19 +0000 2017,Really @DoorDash_Help? Less than $8 back after a $50 meal order was inedible? I’d like the rest of our money back please.,2713873,DoorDash_Help,Mon Nov 20 00:52:57 +0000 2017,"@645094 Hi Geoffrey. Please send us a DM with your email address at @doordash_help, and we will take a closer look to it right away.",
2713876,761849,Mon Nov 20 00:42:55 +0000 2017,"@DoorDash_Help , what can you tell me about this? https://t.co/IEKcewvpDw",2713875,DoorDash_Help,Mon Nov 20 00:52:15 +0000 2017,"@761849 Hi. Please send us a DM with your email address at @doordash_help, and we will take a closer look right away.",
2713878,761850,Mon Nov 20 00:21:26 +0000 2017,@DoorDash_Help are y'all having some outages? Is there a phone number I can call that will connect me with someone who can reverse charges on an order that was charged but not placed?,2713877,DoorDash_Help,Mon Nov 20 00:50:52 +0000 2017,"@761850 Hi. Please send us a DM with your email address at @doordash_help, and we will take a closer look right away.",
2713880,761851,Sat Nov 18 21:55:34 +0000 2017,@116584 charged me twice - $50 worth. for an order that is STILL IN MY CART. Already contacted your weak support message system. I want my food. and my money back. And at least a god damn customer service number to complain to.,2713879,DoorDash_Help,Mon Nov 20 00:50:17 +0000 2017,"@761851 Hi @761851 Please send us a DM with your email address at @doordash_help, and we will take a closer look right away.",
2713882,761852,Sun Nov 19 02:46:58 +0000 2017,I tried ordering food from @116584 and they won’t deliver food from some here cause it’s only open for 20 more minutes.... you guys suck,2713881,DoorDash_Help,Mon Nov 20 00:47:10 +0000 2017,"@761852 Hi Dylan, We really value your feedback. Please send us a DM with your email address at @doordash_help, so we can learn more.",
2713884,761853,Thu Nov 16 19:28:34 +0000 2017,@116584 I need to buy a new red shirt. Can I buy online anywhere?,2713883,DoorDash_Help,Mon Nov 20 00:42:18 +0000 2017,"@761853 , Thanks for reaching out, at this moment we don't have a way to order the red shirt online, please visit our local office:)",
2713886,422850,Sat Nov 18 06:19:12 +0000 2017,@116584 officially been waiting 24 hours for this order! Sweet! https://t.co/exEln0q0iA,2713885,DoorDash_Help,Mon Nov 20 00:31:54 +0000 2017,"@422850  Hi Sean, We're sorry about this experience. Please send us a DM with your email address at @doordash_help.",
2713888,761854,Sat Nov 18 22:28:39 +0000 2017,"@116584 your St Paul driver Denny C marked my roommate's food as delivered, but never actually delivered it. We waited over an hour to find out we would have to re-purchase our order and wait another 45 min's to receive it. #Unacceptable . https://t.co/iY75T5EEgP",2713887,DoorDash_Help,Mon Nov 20 00:22:13 +0000 2017,@761854 Hi DarlingChristie. We're sorry about this experience. Please send us a DM with your roommate's email at @doordash_help.,
2713890,761855,Sun Nov 19 02:49:26 +0000 2017,Ugh. Bad cold and nightmare experience with @116584.  At the restaurant buying my takeout order a second time.,2713889,DoorDash_Help,Mon Nov 20 00:20:39 +0000 2017,@761855 Hi @761855 We're sorry about your previous experience. Please send us a DM with your email address at @doordash_help,
2713892,761856,Sun Nov 19 00:36:35 +0000 2017,@116584 I'm on a delivery trying to contact support but a glitch with the app will not let me open the chat window...,2713891,DoorDash_Help,Mon Nov 20 00:11:34 +0000 2017,@761856 Hi @761856. Please send us a direct message at @doordash_help and we can help.,
2713894,761857,Sun Nov 19 03:17:40 +0000 2017,Another wrong order from @116584. Don't understand why this seems to be so difficult.,2713893,DoorDash_Help,Mon Nov 20 00:10:14 +0000 2017,"@761857 Hi Jon, We're sorry for what happened with your recent order, Please send us a DM with your email address at @doordash_help.",
2713896,761858,Sun Nov 19 03:52:38 +0000 2017,"1st &amp; last time I'll ever use @116584. Food ended up on the ground when the dasher bumped me while I was checking it &amp; it spilled EVERYWHERE. Worst part is he just said ""Sorry, I gotta go"" and shrugged. WTF? @DoorDash_Help, been on hold after he told me no phone # (also a lie).",2713895,DoorDash_Help,Mon Nov 20 00:07:37 +0000 2017,@761858  Hi JackHeartless. We're truly sorry about this experience. Please send us a DM with your email address at @doordash_help.,
2713898,761859,Sun Nov 19 01:20:40 +0000 2017,"@116584 why all of a sudden do you not accept my saved debit card as a form of payment for ""invalid zip code"". Literally entered all possible zip codes (though the saved one is the real one), had to get a diff card to place order. #frustrated #takemymoney #deliveryfees",2713897,DoorDash_Help,Sun Nov 19 23:55:23 +0000 2017,"@761859 Hi Hannah, Please send us a DM with your email address at @doordash_help, and we will take a closer look right away.",
2713900,314294,Fri Nov 17 23:51:23 +0000 2017,Giving up on you @116584 ... 3 strikes you’re out 🙄 deleting the app for good.,2713899,DoorDash_Help,Sun Nov 19 23:46:49 +0000 2017,"@314294  Hi, We apologize for the trouble. Please send us a DM with your email address at @doordash_help, so we can learn more.",
2713902,761860,Sun Nov 19 22:17:34 +0000 2017,@116584 No one at help today?,2713901,DoorDash_Help,Sun Nov 19 23:41:37 +0000 2017,"@761860 Hi there! Please send us a DM with your email address at @doordash_help, and we will take a closer look right away.",
2713904,555981,Sat Nov 18 01:45:10 +0000 2017,"@758855 @116584 Yeah, I’ve had a similar experience.",2713903,DoorDash_Help,Sun Nov 19 23:39:15 +0000 2017,"@555981  Hi Wally, We're sorry to hear about this experiences. Please send us a DM with your email address at @doordash_help.",
2713910,761861,Sun Nov 19 22:13:02 +0000 2017,"@761862 @116584 @159344 A dozen or so people have told me I have a resemblance to Hopper which is the coolest thing to ever happen to me, so I’m really rolling with it.",2713908,DoorDash_Help,Sun Nov 19 23:35:33 +0000 2017,"@761861  Hi Sheriff.  Please send us a direct message with the promo code @doordash_help, and we'll take a look for you.",2713909
2713914,761863,Sun Nov 19 21:59:42 +0000 2017,@116584 how come a pub food place 2 mi. away is $2.99 delivery and a fast food place 1 mi away is SEVEN FREAKIN’ DOLLARS?,2713913,DoorDash_Help,Sun Nov 19 23:34:49 +0000 2017,"@761863 Hi Erin. Please send us a DM with your email address at @doordash_help, and we will take a closer look right away.",
2713916,761864,Sat Nov 18 01:31:17 +0000 2017,@116584 What's going on?? Been locked out of the Dasher app for half an hour at Peak Time. Uninstalled and everything,2713915,DoorDash_Help,Sun Nov 19 23:31:58 +0000 2017,"@761864 Hello . We're experiencing some technical difficulties. Please send us a DM at @doordash_help, &amp; we'll look into this for you.",
2713918,761865,Sun Nov 19 20:58:47 +0000 2017,Like that @116584 has yet to fix that extra charge they put on my card OVER A WEEK AGO because their website does not work.,2713917,DoorDash_Help,Sun Nov 19 23:23:07 +0000 2017,"@761865 Hi Tommy. Please send us a DM with your email address at @doordash_help, and we will take a closer look right away.",
2713921,761866,Sun Nov 19 13:42:45 +0000 2017,I will NEVER use @116584 I'm currently being made to jump through hoops to get a refund on food that never arrived. This app is a scam.,2713919,DoorDash_Help,Sun Nov 19 23:12:16 +0000 2017,"@761866 Hey there, sorry to hear this! Can you DM us your email address and we will look in to this?",2713920
2713923,761867,Sat Nov 18 02:38:42 +0000 2017,@116584 @DoorDash_Help As you can see this is way past 5.47,2713922,DoorDash_Help,Sun Nov 19 23:09:39 +0000 2017,@761867  Hi Dp. We're sorry about this experience. Please send us a DM with your email address at @doordash_help.,
2713927,761868,Sat Nov 18 01:18:29 +0000 2017,@116584 Is doordash offline right now?  I keep getting a bad gateway message when I try to login.,2713926,DoorDash_Help,Sun Nov 19 23:08:55 +0000 2017,@761868  Hi @761868 We're sorry about this experience. Please send us a DM with your email address at @doordash_help :),
2713929,761869,Sun Nov 19 03:30:02 +0000 2017,@116584 Cc: @DoorDash_Help,2713928,DoorDash_Help,Sun Nov 19 23:03:21 +0000 2017,"@761869 Hi Andy, We're sorry for the missing items in your recent order. Please send us a DM with your email address at @doordash_help.",
2713932,761870,Fri Nov 17 18:50:56 +0000 2017,"@116584 How does a double cheeseburger from portillos that costs $8 cost $12.20 from you? Not counting delivery, service, tax or tip.. Do you raise the prices of everything to avoid adding it as a service charge?",2713931,DoorDash_Help,Sun Nov 19 23:03:05 +0000 2017,"@761870 Hi. Please send us a DM with your email address at @doordash_help, and we will take a closer look right away.",
2713934,530940,Sun Nov 19 01:28:31 +0000 2017,"Whelp, three of the four restaurants I used @116584 to order from are no longer on the app. Not a good sign...",2713933,DoorDash_Help,Sun Nov 19 23:01:56 +0000 2017,"@530940  Hello. We're sorry about this experience. Please send us a DM with your email address at @doordash_help, so we can look on it.",
2713936,761871,Fri Nov 17 04:21:17 +0000 2017,@116584 welcome to my families service ban you guys never delivered 2x in a row and marked as delivered. Never again https://t.co/1hPsDtcsrN,2713935,DoorDash_Help,Sun Nov 19 23:00:04 +0000 2017,@761871  Hi Chuck. We're sorry about this experience. Please send us a DM with your email address at @doordash_help.,
2713938,761872,Fri Nov 17 07:27:03 +0000 2017,"@116584 If you love cold food, drivers who can't manage a simple task, and customer service reps who assume your gender you'll love #doordash #tacobell",2713937,DoorDash_Help,Sun Nov 19 22:59:30 +0000 2017,@761872  Hi Leanne. We're sorry about this experience. Please send us a DM with your email address at @doordash_help.,
2713940,761873,Sun Nov 19 04:35:24 +0000 2017,How are they still in business?? I will never use them again and will share my experience with local restaurant businesses https://t.co/R01ja1oDz7,2713939,DoorDash_Help,Sun Nov 19 22:58:06 +0000 2017,"@761873  Hi Amber, We're sorry to hear your order was not delivered. Please send us a DM with your email address at @doordash_help.",
2713942,761874,Sat Nov 18 20:10:00 +0000 2017,It's really sad when I order food on @116584 then 30 minutes later order food from Postmates and the food from Postmates gets here before DoorDash. Just got a message saying my delivery was going to be delayed. Now I have waited 2 hours for my meal. Smh.,2713941,DoorDash_Help,Sun Nov 19 22:55:01 +0000 2017,@761874  Hi. We're sorry about this experience. Please send us a DM with your email address at @doordash_help for further assistance.,
2713944,761875,Sat Nov 18 01:46:35 +0000 2017,"Hey @116584 (and @DoorDash_Help) I'm not one for doing the social media trashing, but when no one responds to messages, calls, and chats, and food is over 2 hours late, ye leave us with little choice but to highlight how bad the service has become. https://t.co/I40hNzOsYL",2713943,DoorDash_Help,Sun Nov 19 22:53:02 +0000 2017,"@761875 Hi John. Please send us a DM with your email address at @doordash_help, and we will take a closer look right away.",
2713946,761876,Sat Nov 18 04:04:16 +0000 2017,"@116584 Love your service.  When I tried to report a missing food item through your feedback menu, I got to a point where a refund was offered.  Too bad when I click SUBMIT, nothing happens. :( https://t.co/yhzRTsBrAK",2713945,DoorDash_Help,Sun Nov 19 22:51:56 +0000 2017,@761876  we're sorry about the missing items. Please send us a DM with your email address at @doordash_help. We wil contact you soon,
2713949,711412,Fri Nov 17 02:53:24 +0000 2017,@DoorDash_Help: Is your site broken again? It currently says every restaurant is CLOSED on @116584....,2713947,DoorDash_Help,Sun Nov 19 22:50:45 +0000 2017,"@711412 Hi Bonnie. We're experiencing some technical difficulties.Please send us a DM at @doordash_help, &amp; we'll look into this for you.",2713948
2713951,761877,Fri Nov 17 05:04:13 +0000 2017,When all you want is 3 hard taco supremes and you order $43.00 for @118625 from @116584 and this is what you get! ! :( #doordash https://t.co/CxvbVzSJgk,2713950,DoorDash_Help,Sun Nov 19 22:47:12 +0000 2017,@761877 Hi there!. We apologize for the frustration. Please send us a DM with your email address at @doordash_help.,
2713953,248087,Sun Nov 19 01:07:46 +0000 2017,@116584 are you guys having an outage right now? Content loading sporadically in app and checkout errors when trying to place an order...,2713952,DoorDash_Help,Sun Nov 19 22:42:49 +0000 2017,"@248087 I'm sorry to hear about the app issues you are experiencing, Please send us a direct message at @doordash_help and we can help!",
2713955,761878,Sun Nov 19 23:03:58 +0000 2017,@DoorDash_Help Thank you!--but there's no need. Your support guy cleared up the problem right away--I'd placed the order for the day after--and even reordered for me without laughing at me. (I would not have been so kind.) I was impressed.,2713957,DoorDash_Help,Mon Nov 20 06:24:23 +0000 2017,"@761878 I am glad we got it cleared up for you without laughing. If there is anything else we can do for you, please get in touch.",
2713956,761878,Fri Nov 17 00:14:50 +0000 2017,"C'mon, @116584. I want my din sum. (That's dim sum you have for dinner.) Especially since I originally ordered it for tomorrow by accident.",2713954,DoorDash_Help,Sun Nov 19 22:39:52 +0000 2017,"@761878 Hi. Please send us a DM with your email address at @doordash_help, and we will take a closer look right away.",2713955
2713959,317480,Thu Nov 16 05:20:32 +0000 2017,@116584 maybe an “open now” filter would be very helpful,2713958,DoorDash_Help,Sun Nov 19 22:36:59 +0000 2017,"@317480 Hi Regular. Please send us a DM with your email address at @doordash_help, and we will take a closer look right away.",
2713961,761879,Sat Nov 18 01:39:33 +0000 2017,"@116584 tell me why EVERY SINGLE TIME I place an order thru your app, something goes wrong? Been waiting for an hour and a half to be told that my food has been picked up but they can’t deliver it to me because the app has crashed?
Makes NO sense. https://t.co/aP6EMipha3",2713960,DoorDash_Help,Sun Nov 19 22:34:37 +0000 2017,"@761879 Hi Amanda, can you DM us the email address on your account &amp; we will look in to this?",
2713963,395678,Sat Nov 18 06:08:38 +0000 2017,@116584 and you just lost business to @117144,2713962,DoorDash_Help,Sun Nov 19 22:32:44 +0000 2017,@395678  Hi @395678. We apologize for this experience. Please send us a DM with your email address at @doordash_help.,
2713966,623609,Sat Nov 18 02:31:47 +0000 2017,"@116584 @DoorDash_Help seriously you guys just suck.  Driver is going all over town picking up multiple orders before bringing mine, no way to cancel, and no support available.  What a horrible service you provide.",2713965,DoorDash_Help,Sun Nov 19 22:29:11 +0000 2017,@623609  Hi We're sorry about this experience. Please send us a DM with your email address at @doordash_help. we'll look into it asap,
2713968,761880,Sat Nov 18 03:22:53 +0000 2017,So I used @116584 for the #1st and #last time! #food was more than 1 hour later than promised and was #cold #nothappy,2713967,DoorDash_Help,Sun Nov 19 22:27:32 +0000 2017,@761880  Hi bbaileynews. We Apologize for this experience. Please send us a DM with your email address at @doordash_help.,
2713970,761881,Fri Nov 17 00:40:01 +0000 2017,@DoorDash_Help https://t.co/2Plf0C647J,2713969,DoorDash_Help,Sun Nov 19 22:26:12 +0000 2017,"@761881  Hi. Please send us a direct message with the promo code and your email at @doordash_help, and we'll take a look for you.",
2713973,748036,Sat Nov 18 05:17:15 +0000 2017,@DoorDash_Help @116584 Delivery is over an hour late and still no response from @116584 or @DoorDash_Help https://t.co/tmZK7cBpCx,2713971,DoorDash_Help,Sun Nov 19 22:24:18 +0000 2017,@748036  Hi @748036. We're truly sorry about this experience. Please send us a DM with your email address at @doordash_help.,2713972
2713977,761882,Sat Nov 18 01:34:08 +0000 2017,@116584 hey my dasher app is down and im making a delivery whats going on?,2713976,DoorDash_Help,Sun Nov 19 22:22:10 +0000 2017,@761882 Hi George. Please send us a direct message at @doordash_help and we can help.,
2713979,645094,Sat Nov 18 01:32:33 +0000 2017,Hey @116584 - our food showed up freezing tonight? It wasn’t edible. How do we get credited for this?,2713978,DoorDash_Help,Sun Nov 19 22:21:23 +0000 2017,@645094  Hi We're sorry about the experience and the cold meal. Please send us a DM with your email address at @doordash_help.,
2713981,356749,Sat Nov 18 00:13:20 +0000 2017,@116584 tonight is the 3rd time you have emailed me a promo code and it didn't work and it has not expired. Kinda done.,2713980,DoorDash_Help,Sun Nov 19 22:19:49 +0000 2017,"@356749  Hi Harris.  Please send us a direct message with the promo code @doordash_help, and we'll take a look for you.",
2713984,761883,Fri Nov 17 04:17:28 +0000 2017,@761884 @116584 *suing and not sure if it does or not... will have to look in the am,2713982,DoorDash_Help,Sun Nov 19 22:16:56 +0000 2017,"@761883 Hey Tina, sorry to hear this. Can you DM us your email address and we will look in to this?",2713983
2713988,761885,Thu Nov 16 20:13:28 +0000 2017,I used to love @116584 and now it absolutely sucks. What happened to you guys? Fix it cmon,2713987,DoorDash_Help,Sun Nov 19 22:12:24 +0000 2017,"@761885 Hi there! We really value your feedback. Please send us a DM with your email address at @doordash_help, so we can help.",
2713990,761886,Sat Nov 18 05:04:25 +0000 2017,"Ordered from @116584 because they said they'd get it here in 33 minutes, but the confirmation said 1 hour. Now im trying to reach @DoorDash_Help but they keep telling me this https://t.co/XpMM9nOziG",2713989,DoorDash_Help,Sun Nov 19 22:11:40 +0000 2017,@761886  Hi Mgksvn77. We apologize for this experience. Please send us a DM with your email address at @doordash_help.,
2713992,761887,Thu Nov 16 03:43:41 +0000 2017,"@116584 You need to fix your Customer Service approach. I attempt to submit feedback on a negative Dasher exp and instead of acknowledgement, I receive an auto response to accept $5?! And without accepting I cannot provide my feedback?",2713991,DoorDash_Help,Sun Nov 19 22:10:51 +0000 2017,"@761887  Hi. We really value your feedback. Please send us a DM with your email address at @doordash_help, so we can learn more.",
2713994,761888,Wed Nov 15 22:33:33 +0000 2017,Really? @116584 the @730835 menu in the app is STILL wrong and i just called the Wc listed and they say they aren't even aware of the listing and now  the greek place i order from isn't in the app anymore. :( @doordash_help,2713993,DoorDash_Help,Sun Nov 19 22:08:18 +0000 2017,"@761888 Hi. Please send us a DM with your email address at @doordash_help, and we will take a closer look right away.",
2713996,761889,Sat Nov 18 18:59:26 +0000 2017,@116584 how do you redeem 7.00 in promotional credits? B/C clicking on redeem credits doesn't do anything....,2713995,DoorDash_Help,Sun Nov 19 22:04:28 +0000 2017,"@761889 Hi MOB_Muzik. Please send us a DM with your email address at @doordash_help, and we will take a closer look right away.",
2713998,761890,Wed Nov 15 21:25:59 +0000 2017,"@116584 horrible service, rude people, wouldn't recommend to a dog and will let people know",2713997,DoorDash_Help,Sun Nov 19 21:57:20 +0000 2017,"@761890  Hi. We really value your feedback. Please send us a DM with your email address at @doordash_help, so we can learn more.",
2714000,761891,Sun Nov 19 01:12:02 +0000 2017,"Just tried @116584 for the first and last time. Horrible experience, food took almost 2 hours, food was ice cold and order was not correct.  Never trying them again!!!",2713999,DoorDash_Help,Sun Nov 19 21:54:00 +0000 2017,@761891  Hi there! We're sorry about this experience. Please send us a DM with your email address at @doordash_help.,
2714002,188047,Sat Nov 18 01:23:03 +0000 2017,@116584 issues with the app again! Unable to complete deliveries.,2714001,DoorDash_Help,Sun Nov 19 21:50:36 +0000 2017,"@188047 Hi. Please send us a DM with your email address at @doordash_help, and we will take a closer look right away.",
2714004,761892,Sat Nov 18 20:39:19 +0000 2017,@DoorDash_Help @116584 how come I placed an order with $15 in credits and you guys charged my card for the full order. The total after the credits were applied was $1.87 but my card got charged over $16???,2714003,DoorDash_Help,Sun Nov 19 21:49:54 +0000 2017,"@761892 Hi. Please send us a DM with your email address at @doordash_help, and we will take a closer look right away.",
2714006,166677,Sat Nov 18 01:21:43 +0000 2017,@DoorDash_Help @116584 having major tech difficulties with the dasher app. Are you guys on this?!!??,2714005,DoorDash_Help,Sun Nov 19 21:48:04 +0000 2017,@166677 Hi @166677. Please send us a direct message at @doordash_help and we can help.,
2714009,761893,Sun Nov 19 01:48:24 +0000 2017,"@DoorDash_Help @116584
It took an hour for a DM to tell me you're having technical difficulties?  That's why I DMed you!  I bought groceries, cooked a meal and ate it.  Thanks for nothing.

How do I get my account deleted?",2714008,DoorDash_Help,Sun Nov 19 21:44:52 +0000 2017,@761893 I'm sorry for the delay but we have been having a lot of difficulties with the system. The account is already deactivated.,
2714011,761894,Sat Nov 18 01:55:26 +0000 2017,@DoorDash_Help What gives @116584 ?! How can you penalize drivers for shit like this. This is now 74$ you owe me because problems in your end. Driver support keeps lying to me! I'm one of your only drivers in my city. Fix it!! https://t.co/YEZO8iF6TA,2714010,DoorDash_Help,Sun Nov 19 21:41:26 +0000 2017,@761894 Hi @761894. Please send us a direct message at @doordash_help and we can help.,
2714013,195230,Fri Nov 17 09:38:08 +0000 2017,Just waited an hour and a half and still haven't received my food. Live support literally not giving me any compensation and saying ohh well no one wants to deliver there. Lol @116584,2714012,DoorDash_Help,Sun Nov 19 21:37:50 +0000 2017,"@195230  Hello, we're sorry that your order is running late. Please send us a DM with your email address at @doordash_help, so we can help.",
2714015,761895,Sat Nov 18 02:44:55 +0000 2017,"@116584 @DoorDash_Help Your silence is ridiculous. My order in an hour late, and nothing from you! I will be contacting you again via email. I am expecting a refund.",2714014,DoorDash_Help,Sun Nov 19 21:34:43 +0000 2017,@761895  Hi KyleB189. We apologize for the delay and the experience. Please send us a DM with your email address at @doordash_help.,
2714017,761896,Thu Nov 16 06:18:27 +0000 2017,Shout out to @116584 for dropping the ball on my first attempt to use the app.. didn’t get my food AND I’m out 17$. Nice.,2714016,DoorDash_Help,Sun Nov 19 21:34:30 +0000 2017,"@761896 Hey Mike, sorry to hear this. Can you DM us your email address &amp; we will look in to this?",
2714019,761897,Sat Nov 18 03:59:09 +0000 2017,"@116584 umm so my food was ""delivered"" yet it was not!",2714018,DoorDash_Help,Sun Nov 19 21:32:41 +0000 2017,"@761897  Hi there! We're sorry about this experience. Please send us a DM with your email address at @doordash_help , so we can check!",
2714021,761898,Sat Nov 18 02:46:11 +0000 2017,@DoorDash_Help @116584 your iOS app says everything is closed except what you can scroll through in the home screen 🤔,2714020,DoorDash_Help,Sun Nov 19 21:32:29 +0000 2017,@761898 Hi @761898. Please send us a direct message at @doordash_help and we can help.,
2714023,514602,Thu Nov 16 19:49:33 +0000 2017,@116584 but are you actually open 🤨 https://t.co/M3rGPzNriJ,2714022,DoorDash_Help,Sun Nov 19 21:30:01 +0000 2017,@514602 Hi Please send us a direct message with your email addres at @doordash_help and we will be happy to review this for you.,
2714025,761899,Sun Nov 19 05:13:19 +0000 2017,@116584 the delivery has taken over an hour and half. How do I cancel my order since it has probably gone bad by now,2714024,DoorDash_Help,Sun Nov 19 21:29:33 +0000 2017,"@761899 Hey Chuck, sorry to hear this. Can you DM us the email address on your account &amp; we will look in to this?",
2714027,761900,Sat Nov 18 22:24:27 +0000 2017,"I usually love @116584 but after an order mix up where my food was and I was delivered bacon (I'm Muslim), I'm annoyed that I didn't receive an apology but simply a reversal of payment and ended up w/o food. Ugh (on so many levels).",2714026,DoorDash_Help,Sun Nov 19 21:28:28 +0000 2017,"@761900 Hi. Please send us a DM with your email address at @doordash_help, and we will take a closer look right away.",
2714029,761901,Sun Nov 19 04:50:57 +0000 2017,"Look at the arrival time vs. the current time. This is why @116584 sucks. 

Luckily, @115877 doesn’t disappoint. https://t.co/amgdBWHpjY",2714028,DoorDash_Help,Sun Nov 19 21:26:01 +0000 2017,"@761901  . We really value your feedback! Please send us a DM with your email address at @doordash_help, so we can improve more.",
2714031,761902,Sat Nov 18 02:37:10 +0000 2017,@116584 hello.... i need one of you guys to contact me,2714030,DoorDash_Help,Sun Nov 19 21:25:42 +0000 2017,"@761902 Hi! Please send us a DM with your email address at @doordash_help, and we will be in contact right away.",
2714033,761903,Sat Nov 18 02:08:43 +0000 2017,"Well I take it back @116584, evidently you didn’t even send the order to the restaurant. Good show. Now you have wasted my time as well as the driver’s. When can I expect my refund? https://t.co/qvxQvvh14y",2714032,DoorDash_Help,Sun Nov 19 21:24:04 +0000 2017,"@761903 Hi. Please send us a DM with your email address at @doordash_help, and we will take a closer look right away.",
2714035,227768,Fri Nov 17 15:28:36 +0000 2017,Have requested @116584 to stop emailing me at LEAST 3 times or so. They KEEP emailing me. #stopsendingmespam @DoorDash_Help,2714034,DoorDash_Help,Sun Nov 19 21:23:52 +0000 2017,"@227768 Hi. Please send us a DM with your email address at @doordash_help, and we will take a closer look right away.",
2714037,761904,Fri Nov 17 18:46:46 +0000 2017,@116584 please know that Doordash scams their delivery drivers out of money.,2714036,DoorDash_Help,Sun Nov 19 21:21:52 +0000 2017,"@761904 Hi Dustin. Please send us a DM with your email address at @doordash_help, and we will take a closer look right away.",
2714039,365587,Sun Nov 19 00:04:56 +0000 2017,@116584 just decided to deliver me anything but what i ordered smh,2714038,DoorDash_Help,Sun Nov 19 21:17:27 +0000 2017,"@365587 Hi, we apologize for the frustration. Please send us a DM with your email address at @doordash_help.",
2714041,761905,Sat Nov 18 01:17:25 +0000 2017,@DoorDash_Help @116584 get your act together ASAP shit like this shouldn’t be happening https://t.co/ePT6CZq53C,2714040,DoorDash_Help,Sun Nov 19 21:14:14 +0000 2017,@761905 Hi! Please send us a direct message with your email at @doordash_help and we can help.,
2714043,761906,Wed Nov 15 23:21:12 +0000 2017,@116584 I ordered some sushi from Oya sushi and I'm brought some Mexican food from Loco Burrito in Norco CA pls respond https://t.co/N7zuOxdHTF,2714042,DoorDash_Help,Sun Nov 19 21:14:08 +0000 2017,@761906  Hi @761906 . We're sorry about this experience. Please send us a DM with your email address at @doordash_help.,
2714045,726303,Sat Nov 18 01:11:10 +0000 2017,"@116584 Hi, I'm having trouble looking for shifts as a Dasher this weekend. I keep getting the something went wrong message in the Dasher app when I press schedule. Is there a service outage?",2714044,DoorDash_Help,Sun Nov 19 21:10:08 +0000 2017,@726303 Hi!. Please send us a direct message at @doordash_help and we can help.,
2714076,263400,Sat Nov 18 01:34:05 +0000 2017,@116584 You’ve stiffed me on at least 3 orders in 2 days and there is no one to talk to about it,2714075,DoorDash_Help,Sun Nov 19 21:07:53 +0000 2017,@263400 Hi R. Please send us a direct message at @doordash_help and we can help.,
2717978,762834,Mon Nov 20 04:56:58 +0000 2017,"@116584 This thread says that you don't really give 100% of tips to dashers, care to respond? https://t.co/ELJEih6ep8",2717977,DoorDash_Help,Mon Nov 20 05:27:21 +0000 2017,"@762834  Hi Darren! Thank you for contacting us, yes we do give the %100 of the tip to the dashers. https://t.co/DiDe5Ywc1E",
2717980,762835,Mon Nov 20 03:56:55 +0000 2017,@116584 ALSO HE JUST TEXTED ME “SEXY” VIA MY PROFILE. CAN A GIRL NOT ORDER NUGGETS IN HER HOGWARTS JAMMIES W/O HARRASSMENT?!,2717979,DoorDash_Help,Mon Nov 20 05:06:12 +0000 2017,@762835  Hi Alyssa. We're  very sorry about your last experience with us. Please send us a DM with your email address at @doordash_help.,
2717985,210839,Mon Nov 20 03:40:26 +0000 2017,@116584 @DoorDash_Help Is an awful company and has the worst customer service “solutions” out there. If @38337 were available in my area I would use them and only them. Probably won’t use DD again after I use up the credits I was just offered to “remedy” my issues…plural.,2717982,DoorDash_Help,Mon Nov 20 04:34:26 +0000 2017,@210839  Hi. We really value your feedback about your inquiry for the last 2 orders. We can provide you a refund instead of the credits.,"2717983,2717984"
272118,180942,Fri Oct 06 02:55:48 +0000 2017,Just called the restaurant and my dasher literally never picked up my order..they had to throw it out..I am livid @116584,272117,DoorDash_Help,Fri Oct 06 03:08:59 +0000 2017,@180942 Oh no Shelbie I'm so sorry to hear that. Please DM your email address and we will get this fixed for you right away :),
272120,180943,Fri Oct 06 02:53:38 +0000 2017,@116584 I ordered something else and I got this https://t.co/DRhriELPdC,272119,DoorDash_Help,Fri Oct 06 03:03:17 +0000 2017,@180943 Thanks for this message. Sorry for the trouble.  Please DM us with your email address &amp; we'll reach out right away!,
272122,180944,Fri Oct 06 02:28:02 +0000 2017,So much for @DoorDash_Help #deliveryfail #customerservicesucks #sf,272121,DoorDash_Help,Fri Oct 06 02:54:43 +0000 2017,@180944 Hi Meghan. Please DM us if your having any issues and we will be in touch right away to get this resolved,
272124,180945,Fri Oct 06 02:31:20 +0000 2017,@DoorDash_Help my order is over 20 minutes late,272123,DoorDash_Help,Fri Oct 06 02:36:13 +0000 2017,"@180945 Thanks for contacting us about this, Could you please DM us with your email address and we will get this resolved for you.",
272124,180945,Fri Oct 06 02:31:20 +0000 2017,@DoorDash_Help my order is over 20 minutes late,272125,DoorDash_Help,Sat Oct 07 04:48:18 +0000 2017,@180945 Hey Christian! Glad we were able to get this issue resolved for you today! Always happy to help! :),
272127,180944,Fri Oct 06 02:27:22 +0000 2017,"If course @116584 doesn’t have a phone #. Dasher brought wrong order, restaurant called b/c my food is there but can’t deliver (1/2)",272126,DoorDash_Help,Fri Oct 06 02:31:07 +0000 2017,"@180944 Thanks for reaching out about this, Could you please DM us with your email address and we will take care of this for you.",
273596,181365,Fri Oct 06 02:58:24 +0000 2017,"once again @116584 dasher changed randomly, and delivery is unlikely to be on time..why would dasher change? don't care bout late delivery",273594,DoorDash_Help,Fri Oct 06 03:20:23 +0000 2017,"@181365 Hi Lycan, I'm so sorry to hear this. Please DM us your information and we will be touch right away to resolve!",273595
2740480,123222,Mon Nov 20 16:56:50 +0000 2017,"Hey @116584 I need an itemized receipt with date and last four of CC on it, for a DoorDash purchase. I cannot submit for business expense reimbursement without it. Help!",2740477,DoorDash_Help,Mon Nov 20 17:02:34 +0000 2017,"@123222 Hi there!  Please send us a DM with your email address at @doordash_help, and we will take a closer look right away.","2740478,2740479"
274587,181599,Fri Oct 06 05:40:47 +0000 2017,"@DoorDash_Help your in-app suggestion leads to *required* name, phone, email, role... it doesn't seem like you really want feedback",274586,DoorDash_Help,Fri Oct 06 05:50:45 +0000 2017,@181599 Thanks for this message. Sorry for the trouble.  Please DM us with your email address &amp; we'll reach out right away!,
2750237,694480,Tue Oct 31 17:49:24 +0000 2017,@116584 what do you guys do when a driver forgets your coffee that was supposed to come with breakfast? I NEED COFFEEEEE,2750235,DoorDash_Help,Tue Oct 31 18:25:19 +0000 2017,@694480 thanks for getting in touch! Please DM your email address and we will promptly assist you.,2750236
2751044,770181,Mon Nov 20 22:55:54 +0000 2017,@DoorDash_Help my account was charged 26.01 four hours ago for an order that totaled 18.61. Still no food.,2751043,DoorDash_Help,Mon Nov 20 22:58:37 +0000 2017,"@770181 Hi Ryan Trout. Please send us a DM with your email address at @doordash_help, and we will take a closer look right away.",
2751047,770182,Mon Nov 20 22:25:37 +0000 2017,Hahaha fuck @116584 for telling me I “keep 100% of my tips” but then paying me less the more tips I get 👏🏼 https://t.co/kzMi8hsX4A,2751045,DoorDash_Help,Mon Nov 20 22:35:10 +0000 2017,"@770182  Hi. We really value your feedback. Please send us a DM with your email address at @doordash_help, so we can learn more.",2751046
2751049,122459,Mon Nov 20 21:55:15 +0000 2017,@DoorDash_Help you charged me for 2 orders and all I get are “Oops” messages. No order. You just took my money. You ripped me off with no way to contact help.,2751048,DoorDash_Help,Mon Nov 20 22:08:30 +0000 2017,"@122459 Hi Halim, Please send us a DM with your email address at @doordash_help, and we will take a closer look to it and contact you.",
2758583,771935,Tue Nov 21 03:33:45 +0000 2017,@116584 wtf is this? https://t.co/5LvgbxEXzD,2758582,DoorDash_Help,Tue Nov 21 03:52:12 +0000 2017,@771935 If you could DM us the email address on your account we would love to investigate further.,
2758586,771936,Tue Nov 21 02:31:32 +0000 2017,"Hey @116584 wish y'all would deliver the drink for a kids meal once in a while. Never see a refund on the missing item, and explaining the miss to a toddler just sucks.",2758584,DoorDash_Help,Tue Nov 21 03:50:32 +0000 2017,"@771936 Hi Craig, we are sorry about this experience. Please DM us with your email address and we will make this right.",2758585
2758591,771937,Tue Nov 21 02:23:05 +0000 2017,@116584 so my driver just told he he isn't coming and my food is sitting at the restaurant... 🤔 https://t.co/sOOTwtGdfZ,2758590,DoorDash_Help,Tue Nov 21 03:47:49 +0000 2017,"@771937 Hi. Please send us a DM with your email address at @doordash_help, and we will take a closer look right away.",
2758593,771938,Tue Nov 21 02:33:55 +0000 2017,Never ever ever order from @116584... unless you fancy eating almost 3 hours after you ordered... from a restaurant 1 mile away from you...,2758592,DoorDash_Help,Tue Nov 21 03:44:45 +0000 2017,@771938  Hi. We're sorry about this experience. Please send us a DM with your email address at @doordash_help.,
2758595,771939,Tue Nov 21 02:03:30 +0000 2017,@DoorDash_Help received wrong items in my order this evening.,2758594,DoorDash_Help,Tue Nov 21 03:42:27 +0000 2017,"@771939 Hi Lauren, thanks for getting in touch &amp; we'd love to make this right. Please DM us with your email address.",
2758597,771940,Tue Nov 21 02:34:03 +0000 2017,"@DoorDash_Help  first time user, but two no go orders + charged twice = help. Yet no help on your site because I have “no orders” #help #oops #nofood #notagoodlook https://t.co/f3QlBLLIrX",2758596,DoorDash_Help,Tue Nov 21 03:37:03 +0000 2017,"@771940 Hey, sorry to hear about this! Can you DM us your email address and we will reach out right away?",
2758599,118077,Tue Nov 21 01:58:32 +0000 2017,@116584 disappointed that I ordered food and it said it would be here by now and I get a text saying it will be 30 more minutes.. it's already been an hour.,2758598,DoorDash_Help,Tue Nov 21 03:30:17 +0000 2017,@118077 Thank you for reaching out and I apologise about the delay. If you could DM us your email address we would love to help.,
2758601,765675,Tue Nov 21 01:41:37 +0000 2017,"@116584 I got charged twice when using your app yesterday, how can we fix this?",2758600,DoorDash_Help,Tue Nov 21 01:44:25 +0000 2017,@765675 If you could please DM us the email address on your account we would love to help out.,
2758603,771941,Tue Nov 21 00:46:30 +0000 2017,@116584 😐 https://t.co/3IH8A4fKeo,2758602,DoorDash_Help,Tue Nov 21 00:58:07 +0000 2017,@771941 Hi Brian. Please send us a direct message at @doordash_help and we can help.,
2762010,176503,Tue Nov 21 04:44:56 +0000 2017,"Is @116584 always a disaster?? First time ordering &amp; it took 90 mins to get here, and the order from @7406 was completely wrong! ☹",2762009,DoorDash_Help,Tue Nov 21 05:07:26 +0000 2017,@176503 I am really sorry about the experience you've had but if you could DM us your email address we would love to help.,
2766833,773734,Tue Nov 21 09:26:21 +0000 2017,"Ordered some food from @116584 waited about an hour. ""Arrival time"" comes no update on my order. Called Dennys they said my food has been sitting there. I ended up picking up my own food🤦🏽‍♀️I'm pretty fucking pissed, still no update",2766832,DoorDash_Help,Tue Nov 21 09:28:37 +0000 2017,@773734 Hey Jennifer! Thanks for this message! We would love to make this right for you! Can you please DM us your email address?,
2766835,773735,Tue Nov 21 07:25:14 +0000 2017,@773736 @116584 Where did you order such things from?,2766834,DoorDash_Help,Tue Nov 21 07:32:24 +0000 2017,@773735 send us a direct message in case you have an active order at @doordash_help include your email address to your order status,
277949,182383,Sun Oct 08 18:21:17 +0000 2017,@116584 Now my ENTIRE ORDER was incorrect. Last time it was almost an hour and a half late. This is insanity.,277948,DoorDash_Help,Sun Oct 08 18:40:27 +0000 2017,@182383 Thanks for this message. Sorry for the trouble.  Please DM us with your email address &amp; we'll reach out right away!,
2789755,778671,Tue Nov 21 19:34:10 +0000 2017,"@DoorDash_Help you've charged my card, but the driver says he can't deliver my food what do I do?",2789754,DoorDash_Help,Tue Nov 21 19:39:00 +0000 2017,"@778671 Hi there, Please send us a DM with your email address at @doordash_help, and we will take a closer look right away.",
2789757,778672,Tue Nov 21 18:58:38 +0000 2017,@116584 can you deliver to my neighborhood plz so I can have @11342 factory 3 times a week! Pretty plz! It’s my Christmas wish!!,2789756,DoorDash_Help,Tue Nov 21 19:03:24 +0000 2017,"@778672 Hi there. Please send us a DM with your email address at @doordash_help, and we will take a closer look right away :)",
2789759,778673,Tue Nov 21 17:53:35 +0000 2017,@116584 seriously?!? https://t.co/rYwUaRBjdO,2789758,DoorDash_Help,Tue Nov 21 18:06:59 +0000 2017,"@778673 Hello! Please send us a DM with your email address linked with your account at @doordash_help, so we can better assist you.",
2798227,780741,Tue Nov 21 21:01:49 +0000 2017,@DoorDash_Help not only did the driver spill my drink which I gave him a pass for. He also left part of my order . Not ordering again !,2798226,DoorDash_Help,Tue Nov 21 21:06:22 +0000 2017,@780741  Thanks for contacting us &amp; we'd love to make this right. Please DM us with your email address &amp; we'll reach out right away.,
2805560,782500,Wed Nov 22 02:36:47 +0000 2017,@DoorDash_Help how you gonna charge my card when my order didn’t even go through,2805559,DoorDash_Help,Wed Nov 22 02:39:05 +0000 2017,"@782500 HI Queen Elsa please send us a DM with your email address at @doordash_help, and we will take a closer look right away.",
2805562,782501,Wed Nov 22 01:11:33 +0000 2017,@116584 my food has not arrived 🤬😑‼️,2805561,DoorDash_Help,Wed Nov 22 01:16:33 +0000 2017,"@782501 Hi Andrea. Please send us a direct message at @doordash_help with your email address, and we'll check on your order status.",
2805564,698496,Wed Nov 22 00:22:09 +0000 2017,@116584 no longer a fan. A broken website and app has made $100+ in pending charges on my account. GG #uninstalling https://t.co/deIThewF58,2805563,DoorDash_Help,Wed Nov 22 01:16:19 +0000 2017,"@698496 Hey CaliGirl, Please DM us your information and we will reach out to you right away to get this fixed. Thanks DoorDash",
2805567,782502,Wed Nov 22 00:34:13 +0000 2017,Annoyed with @116584 @DoorDash_Help because there’s no way to contact via phone. Especially when you have a problem with your order,2805568,DoorDash_Help,Wed Nov 22 00:38:05 +0000 2017,@782502 Please send us a direct message with your email and phone number at @doordash_help and we can help.,2805569
2805567,782502,Wed Nov 22 00:34:13 +0000 2017,Annoyed with @116584 @DoorDash_Help because there’s no way to contact via phone. Especially when you have a problem with your order,2805565,DoorDash_Help,Wed Nov 22 00:43:31 +0000 2017,@782502 Hi Gypsy. We apologize for the frustration. Please send us a DM with your email address at @doordash_help to follow up properly.,2805566
2805572,180085,Wed Nov 22 00:20:58 +0000 2017,"@DoorDash_Help dood. I’ve made an order, card was charged but the app never completed or submitted the order - got an Oops message button and all I could do was say ok",2805570,DoorDash_Help,Wed Nov 22 00:27:34 +0000 2017,"@180085 Hey Tommy, thanks for reaching out! Can you DM us your email address and we will look in to this?",2805571
2805574,782503,Wed Nov 22 00:23:07 +0000 2017,"@116584 I got the shadiest driver ever today and now your ""live chat"" feature keeps kicking me out every time I try to contact.  I need a refund as my food NEVER ARRIVED! This was after he told me I would need to pay him cash when he got to my house.  NOT OKAY!",2805573,DoorDash_Help,Wed Nov 22 00:25:43 +0000 2017,"@782503 Hi Lisa, I'm terribly sorry about the experience you've had. If you could DM us your email address we will be happy to help",
2805576,782504,Tue Nov 21 21:12:04 +0000 2017,@DoorDash_Help reactivate my account so I can use the credits you guys Just refunded me,2805575,DoorDash_Help,Tue Nov 21 23:28:42 +0000 2017,"@782504 Hi . Please send us your email address, phone number and name on the account, and we will take a closer look right away.",
2809009,783257,Wed Nov 22 05:11:51 +0000 2017,"Average delivery time (from order to door) of @116584 in my area:  35-45 minutes
Amount of time it took @115877 to fix a missing item.  (60 minutes and counting)",2809010,DoorDash_Help,Wed Nov 22 05:19:44 +0000 2017,@783257  Hi Frosty. We are sorry for the experience. Please send us a DM with your email address at @doordash_help to follow up properly.,
2810058,783676,Wed Nov 22 05:57:39 +0000 2017,@116584 @DoorDash_Help I keep adding my phone number but not receiving the verivacation code? #HELP,2810056,DoorDash_Help,Wed Nov 22 06:00:43 +0000 2017,"@783676 Hi Jessica, If you could DM us we would love to help.",2810057
2810060,400330,Wed Nov 22 04:39:50 +0000 2017,Am I being too aggressive with @DoorDash_Help ? Just trying to get a refund for food delivered TWO HOURS late 🙏🏻 https://t.co/npTZjy6v9n,2810059,DoorDash_Help,Wed Nov 22 04:44:30 +0000 2017,"@400330 Hi Zach, if you could DM us your email address we would love to help.",
2810063,205348,Wed Nov 22 03:55:03 +0000 2017,@116584 my pay is messed up this week. Help me please,2810062,DoorDash_Help,Wed Nov 22 04:16:07 +0000 2017,@205348 Thank you for reaching out. If you could DM us your email we will be happy to help.,
2815854,379276,Mon Nov 27 02:38:27 +0000 2017,@116584 I’m sure you had a great thanksgiving with the money you stole from me after my order “failed.” Now I have to report unauthorized charges to @49969.,2815853,DoorDash_Help,Mon Nov 27 03:09:18 +0000 2017,"@379276 Hi. Please send us a DM with your email address at @doordash_help, and we will take a closer look right away.",
2815857,609806,Mon Nov 27 02:35:53 +0000 2017,@116584 @DoorDash_Help I didn’t know it was possible to mess up chicken tenders and fries. But I’m not sure if I should surprised or sad. Might have just been the worst meal and experience to date.,2815856,DoorDash_Help,Mon Nov 27 03:06:55 +0000 2017,@609806 We are so sorry about this experience. Please DM us with your email address and we will resolve this asap.,
2815860,188144,Mon Nov 27 02:26:59 +0000 2017,@116584 why did this pop up immediately after I ordered? Would’ve loved to use this 😐 https://t.co/8NtyDQm7vW,2815858,DoorDash_Help,Mon Nov 27 02:58:46 +0000 2017,"@188144 HI mj. Please send us a DM with your email address at @doordash_help, and we will take a closer look right away.",2815859
2815862,699417,Mon Nov 27 02:19:59 +0000 2017,@DoorDash_Help would you issue any credits for an order delivered past my preorder window?,2815861,DoorDash_Help,Mon Nov 27 02:50:28 +0000 2017,@699417  Hi. We're sorry about this experience. Please send us a DM with your email address at @doordash_help.,
2815864,785012,Mon Nov 27 01:45:11 +0000 2017,"@116584 holds for each ""failed order"" lol well waiting on a response but  now have a credit card that cannot be used for probably 3+ days because  of their ""holds"" and no phone support..really sad but at least @1165 has  AMAZING customer service.. (3/3)",2815863,DoorDash_Help,Mon Nov 27 02:10:35 +0000 2017,"@785012 hi.  We want to help you. Please send us a DM with your email address at @doordash_help, so we can better assist you.",
2815868,785013,Mon Nov 27 01:25:30 +0000 2017,"What the hell, @116584? Y’all cancelled my order a full 32 minutes after I placed it without any explanation. Now I so hungry that I’m HANGRY. #bullshit #guessitisubereatsfromnowon",2815867,DoorDash_Help,Mon Nov 27 01:34:35 +0000 2017,@785013  Hi. We're sorry about this experience. Please send us a DM with your email address at @doordash_help.,
2815870,785014,Mon Nov 27 01:01:18 +0000 2017,"@DoorDash_Help How do I reach a person right now?? There was an option for phone support but I clicked out by accident. I'm trying to order and it keeps saying ""oops""??and keeps charging my card for $50+ now!!",2815869,DoorDash_Help,Mon Nov 27 01:05:16 +0000 2017,"@785014 Hi Maria, thanks so much for getting in touch. Please DM us with your email address and we will reach out right away.",
2815872,785014,Mon Nov 27 00:59:30 +0000 2017,"@116584 How do I reach a person right now?? There was an option for phone support but I clicked out by accident. I'm trying to order and it keeps saying ""oops""??and keeps charging my card for $50+ now!!",2815871,DoorDash_Help,Mon Nov 27 01:02:44 +0000 2017,@785014  Hi. We're sorry about this experience. Please send us a DM with your email address at @doordash_help.,
2815875,785015,Mon Nov 27 00:22:01 +0000 2017,Should I be concerned that my @116584 order is marked as delivered when 1) it isn't and 2) it's marked as having been delivered before it was even supposed to have left the restaurant? @DoorDash_Help,2815873,DoorDash_Help,Mon Nov 27 00:38:45 +0000 2017,"@785015 Hey Noah, can you DM us your email address and we will look in to this?",2815874
2815878,785016,Sun Nov 26 23:42:05 +0000 2017,Hey @DoorDash_Help I ordered with Apple Pay and still got charged for delivery. What gives?,2815876,DoorDash_Help,Sun Nov 26 23:47:00 +0000 2017,"@785016 Hi there!. Please send us a DM with your email address at @doordash_help, and we will take a closer look right away.",2815877
2815881,785017,Sun Nov 26 23:03:29 +0000 2017,I’m 0-2 with @116584. Maybe i should stick with @116788.,2815880,DoorDash_Help,Sun Nov 26 23:08:22 +0000 2017,"@785017 Hi, please send us a DM with your email address on file at @doordash_help, and we will take a closer look right away.",
2815883,785018,Sun Nov 26 22:23:51 +0000 2017,@116584 get your shit together I'm fuckin starving out here,2815882,DoorDash_Help,Sun Nov 26 22:29:19 +0000 2017,"@785018 Hi David. Please send us a DM with your email address at @doordash_help, and we will take a closer look right away.",
2821821,786405,Mon Nov 27 04:47:20 +0000 2017,@116584 is trash 🚮,2821820,DoorDash_Help,Mon Nov 27 05:07:57 +0000 2017,"@786405 Hi,  please send us a DM @doordash_help, so we can learn more about what happened.",
2821823,786406,Mon Nov 27 04:40:31 +0000 2017,"@116584 U people r a rip off. Sent me wrong dinner, which I paid 20.50. U offer 2 give me 3.99 for the mistake! #cheat#crook#thief https://t.co/WW0BXg8s8D",2821822,DoorDash_Help,Mon Nov 27 04:43:58 +0000 2017,@786406 Thanks so much for bringing this to our attention. Please DM us with your email address and we will make this right.,
2821825,786407,Mon Nov 27 01:29:13 +0000 2017,@786408 @116584 or rather get it replaced,2821824,DoorDash_Help,Mon Nov 27 04:38:09 +0000 2017,"@786407 Hi there, Please send us a DM with your registered email address at @doordash_help, and we will take a closer look right away.",
2821832,786409,Mon Nov 27 02:58:53 +0000 2017,@DoorDash_Help Hi! I received the wrong item in my order - could you please help?,2821831,DoorDash_Help,Mon Nov 27 04:11:56 +0000 2017,@786409 - We apologize for the missing item. Please send us a DM with your email address at @doordash_help.​ We will sure help you!,
2821833,786411,Mon Nov 27 02:59:48 +0000 2017,@786409 @DoorDash_Help @116584 @DoorDash_Help please respond ASAP. This has happened way too many times and it's always my half of the order &lt;/3 I just wanted to eat,2821838,DoorDash_Help,Mon Nov 27 03:26:41 +0000 2017,"@786411 Hi Noelle, we are so sorry about this experience. Please DM us with your email address and we will reach out right away.",
2821835,786410,Mon Nov 27 03:00:35 +0000 2017,@DoorDash_Help your Vancouver office has been out of bike delivery bags for ever. I really want to start working but need a bag! Please send them some.,2821834,DoorDash_Help,Mon Nov 27 03:39:48 +0000 2017,"@786410 Hi, sorry for what happened, please send us a DM with your email address to @doordash_help for us to follow up with you.",
2821837,391567,Mon Nov 27 03:17:51 +0000 2017,90 minutes since this left the restaurant?!?! Are you kidding? @116584 https://t.co/4KhGyhGPCC,2821836,DoorDash_Help,Mon Nov 27 03:39:12 +0000 2017,@391567  Hi. We're sorry about this experience. Please send us a DM with your email address at @doordash_help.,
2821840,786412,Mon Nov 27 02:30:27 +0000 2017,@215254 @116584 😱😱,2821839,DoorDash_Help,Mon Nov 27 03:20:55 +0000 2017,"@786412  Hi,  we want yo help you. Please send us a DM with your email address at @doordash_help, so we can learn more.",
2821841,215254,Mon Nov 27 02:29:41 +0000 2017,Yo @116584 your customer service (help) section on your app is not good,2821842,DoorDash_Help,Mon Nov 27 03:14:11 +0000 2017,"@215254 Thanks for reaching out, If you need any help please DM us with your email address.",
2839214,215930,Sat Nov 25 03:45:49 +0000 2017,@116584 I ordered and bank was charged. Account shows no order and no delivery! WTH? Can’t even contact b/c shows no order!,2839213,DoorDash_Help,Mon Nov 27 15:16:35 +0000 2017,"@215930 Hi Helen. Please send us a DM with your email address at @doordash_help, and we will take a closer look right away.",
2839216,790127,Mon Nov 27 14:55:22 +0000 2017,@116584 @DoorDash_Help @TacoBellTeam get yall shit together!!!! DOES TACO BELL DELIVERY START AT 9:30 AM OR 11AM THIS IS IMPORTANT BE BETTER AT BEING CLEAR,2839215,DoorDash_Help,Mon Nov 27 15:08:23 +0000 2017,"@790127  Hi. Please send us a DM with your email address at @doordash_help, so we can better assist you.",
2854214,793434,Mon Nov 27 20:34:48 +0000 2017,Where the heck is my @116584 driver going? https://t.co/4troRuuFXA,2854213,DoorDash_Help,Mon Nov 27 20:37:35 +0000 2017,"@793434 Hi there!. Please send us a direct message at @doordash_help with your email address, and we'll check on your order status.",
2854216,607628,Mon Nov 27 20:13:42 +0000 2017,"@116584 I was trying to send a referral , but it shows up as this. Just a heads up. https://t.co/4EYCZ7LvCU",2854215,DoorDash_Help,Mon Nov 27 20:25:20 +0000 2017,@607628 Hi.Please send us a DM with your email address and phone number at @doordash_help and we will take a closer look right away.,
2868742,796669,Tue Nov 28 01:18:15 +0000 2017,@116584 you and your support team are the WORST. Thanks,2868740,DoorDash_Help,Tue Nov 28 01:22:31 +0000 2017,"@796669 Hi Andie, I'm sorry for any inconvenience we may caused you and we'd love to help you out. Please send us a DM with your email.",2868741
2868744,796669,Tue Nov 28 01:11:19 +0000 2017,@DoorDash_Help trying to cancel my order. Where is customer service on your app?,2868743,DoorDash_Help,Tue Nov 28 01:17:45 +0000 2017,"@796669 Hi Andie. Please send us a direct message at @doordash_help with your email address, and we'll check on your order status.",
2868746,796670,Tue Nov 28 00:47:08 +0000 2017,@116584 fake for giving you a promo code and then not even letting you use it 😂😭,2868745,DoorDash_Help,Tue Nov 28 01:01:09 +0000 2017,@796670 Hi @796670. We're sorry about this experience. Please send us a DM with your email address at @doordash_help.,
2868748,796671,Tue Nov 28 00:48:50 +0000 2017,@DoorDash_Help I received an email for free delivery (subject line:  Get 2 FREE deliveries on us before 11/30!) and the site will NOT let me use this code offered in the email.  What gives? https://t.co/Zk5erocA3q,2868747,DoorDash_Help,Tue Nov 28 00:56:00 +0000 2017,"@796671  Please send us a direct message with the promo code @doordash_help, and we'll take a look for you.",
2868750,796672,Tue Nov 28 00:29:16 +0000 2017,"@DoorDash_Help Why won't the ""Welcome!"" code emailed to me earlier today work?",2868749,DoorDash_Help,Tue Nov 28 00:43:39 +0000 2017,"@796672 Hi. Please send us a DM with your email address at @doordash_help, and we will take a closer look right away.",
2868752,796673,Tue Nov 28 00:06:21 +0000 2017,@116584 https://t.co/TMbOHOfhKD,2868751,DoorDash_Help,Tue Nov 28 00:12:30 +0000 2017,"@796673 Please send us a DM with your email address at @doordash_help, and we will take a closer look right away.",
2868754,796674,Mon Nov 27 21:09:04 +0000 2017,"@DoorDash_Help ordered from you guys and got a surprise extra $2 ""small order fee"" after I had checked out that was not on the checkout page",2868753,DoorDash_Help,Mon Nov 27 21:19:35 +0000 2017,"@796674  Please send us a DM with your email address at @doordash_help, and we will take a closer look right away.",
2876980,798627,Tue Nov 28 05:09:59 +0000 2017,FUCK You @116584 https://t.co/8Uor94WZTN,2876981,DoorDash_Help,Tue Nov 28 06:16:52 +0000 2017,@798627 We're sorry to know about the inconvenience you faced. We've sent you an email address with details about this order.,
2876980,798627,Tue Nov 28 05:09:59 +0000 2017,FUCK You @116584 https://t.co/8Uor94WZTN,2876979,DoorDash_Help,Tue Nov 28 06:17:36 +0000 2017,"@798627 DM us whenever you need it  or call us at the phone number we provided you over the phone. Once again, my apologies for the issue",
2876983,798627,Tue Nov 28 05:09:22 +0000 2017,Dear @116584 I suggest you hire people who can understand English properly. They fucked up my order twice in the same night. TWICE! I’m never using Door Dash again! Seriously. I could’ve walked and got my food in the 90 minutes it took for you guys to fuck my order up twice. https://t.co/A9YIGdOeyz,2876982,DoorDash_Help,Tue Nov 28 05:29:02 +0000 2017,"@798627 It's unacceptable getting this kind of service, we'd love to fix this for you, therefore, Please DM us your email address.",
2876985,798628,Tue Nov 28 02:32:13 +0000 2017,"Never, ever use @116584 legit the worst food delivery service. I still don’t get how you took $ out of my account but my order didn’t go through! And now my funds are pending for 24-48 hours?! What?!",2876984,DoorDash_Help,Tue Nov 28 05:29:00 +0000 2017,"@798628  We really value your feedback. Please send us a DM with your email address at @doordash_help, so we can check your account.",
2876987,342664,Tue Nov 28 05:17:48 +0000 2017,"@DoorDash_Help I also ordered from somewhere else and got a 9:26 arrival time, just got a text saying I’d get my food at 9:41. I was originally supposed to eat at 8:26 🙃",2876986,DoorDash_Help,Tue Nov 28 05:24:17 +0000 2017,@342664 We apologize we dropped the ball this time. As soon as DM us your email address one of our Customer Care Rep. Will assist you.,
2876989,342664,Tue Nov 28 04:44:40 +0000 2017,"thx @116584 for the zero notification that my order got canceled. thought I’d be eating right now, half hour til my new order. -_-",2876988,DoorDash_Help,Tue Nov 28 05:16:02 +0000 2017,"@342664 Hey there! We're truly sorry for the lack of customer service provided, please DM us your email address. We'd love to assist you",2876987
2876991,798629,Tue Nov 28 04:48:07 +0000 2017,3 for 3 on messed up @116584 deliveries... why me?!,2876990,DoorDash_Help,Tue Nov 28 05:10:16 +0000 2017,"@798629 Hi, We really value your feedback. Please send us a DM with your email address at @doordash_help, so we can learn more.",
2876994,798630,Tue Nov 28 04:51:36 +0000 2017,@116584 order was confirmed at 7:31pm. It is now 8:50pm and my food which is probably been sitting there for 40 minutes getting cold is still 30 minutes from getting to me? Explain this business mode please..... https://t.co/sTilq1QJqw,2876992,DoorDash_Help,Tue Nov 28 04:55:26 +0000 2017,"@798630 Dear Ashton, we understand this is unacceptable, in order to investigate further, please DM us your email address.",2876993
2876996,798630,Tue Nov 28 04:41:26 +0000 2017,Hey @116584 where’s my food? https://t.co/lUR2e56DFQ,2876995,DoorDash_Help,Tue Nov 28 04:50:05 +0000 2017,"@798630 Hey Ashton, my sincere apologies for the long waiting, please DM us your email address so we can assist you better.",
2876998,798631,Tue Nov 28 04:12:07 +0000 2017,@DoorDash_Help cyber code isn't working,2876997,DoorDash_Help,Tue Nov 28 04:18:41 +0000 2017,"@798631 Thanks for reaching out, could you please DM us with your email address so we can get this resolved for you.",
2877000,288308,Tue Nov 28 03:49:56 +0000 2017,"y’all here’s a tip: use postmates, seamless, a carrier pigeon if you have to but save yourself the headache and don’t use @116584 🚮 i’ve been trying for 3 weeks to get a duplicate charge refunded &amp; they straight up stole my $ and won’t respond. #thievery #yuck",2876999,DoorDash_Help,Tue Nov 28 03:57:34 +0000 2017,"@288308 Hi H! Please send us a DM with your email address at @doordash_help, and we will take a closer look right away.",
2877002,798632,Tue Nov 28 03:46:10 +0000 2017,@351996 @116584 Can you please provide an email address that I️ can contact regarding issues with a recent order?,2877001,DoorDash_Help,Tue Nov 28 03:52:39 +0000 2017,@798632  Hi T. We're sorry about this experience. You can email us at __email__ or DM with your email address at @doordash_help.,
2877007,798633,Tue Nov 28 03:27:49 +0000 2017,I just ordered the exact same order that was told acceptance of the order was a mistake and the order was accepted. My guess is another 2 hours wasted proving @DoorDash_Help incompetence https://t.co/4Pw3hyMRUB,2877005,DoorDash_Help,Tue Nov 28 03:49:04 +0000 2017,@798633 Hi. We apologize for the frustration. Please send us a DM with your email address at @doordash_help.,2877006
2877012,636628,Tue Nov 28 03:09:04 +0000 2017,@116584 where the hell is he taking my food though?! It should have been in my belly by now https://t.co/SvMqQFEG48,2877010,DoorDash_Help,Tue Nov 28 03:30:02 +0000 2017,"@636628 Hi Loren Mata. Please send us a direct message at @doordash_help with your email address, and we'll check on your order status.",2877011
2877014,798634,Tue Nov 28 02:12:15 +0000 2017,I order @116584... the driver hangs up when we call and never shows up with our food and our order gets charged to my card.. I did get a refund though. Will probably never order again honestly.,2877013,DoorDash_Help,Tue Nov 28 03:05:17 +0000 2017,@798634 Hey Kyle. We're truly sorry to hear you faced this inconvenience. Please DM us your e-mail address so we can fix this for you.,
2877016,589639,Tue Nov 28 02:54:17 +0000 2017,@116584 please help i was just charged for my order and then in said “oops” and my order never went through 😑 https://t.co/h164RBx2ch,2877015,DoorDash_Help,Tue Nov 28 02:59:44 +0000 2017,@589639 Thanks for reaching out could you please DM us with your email address so we can look into this for you.,
2877018,798635,Tue Nov 28 02:44:34 +0000 2017,"Thanks @116584! You lost a customer, but this awesome pizza shop we went to after you screwed up our order gave us free drinks and a tour! https://t.co/TnTOqmj4yx",2877017,DoorDash_Help,Tue Nov 28 02:52:37 +0000 2017,"@798635 Thanks for reaching out, could you please DM us with your email address and we will make this right.",
2877020,798636,Tue Nov 28 01:53:35 +0000 2017,I ordered @110202 via @116584 and they forgot both of my toasts smh #disappointed,2877019,DoorDash_Help,Tue Nov 28 02:06:01 +0000 2017,@798636 We apologize for the frustration.Please send us a DM with your email address at @doordash_help. and we can help.,
2877022,321213,Tue Nov 28 01:54:48 +0000 2017,"@116584 When I authorized notifications, it was so you could tell me my delivery has arrived. Not so you could spam me with bait-and-switch coupons I'm not eligible for. If it happens again, I'm deleting the app.",2877021,DoorDash_Help,Tue Nov 28 02:01:52 +0000 2017,"@321213 Hi Ted Frank! We apologize about this inconvenience, please send us your email address by DM, we'd love to fix this for you.",
2877025,798637,Tue Nov 28 01:54:37 +0000 2017,Seriously @116584 ? My fiancé still uses you for some reason and now two failed orders and three hours wasted. First there’s a a restaurant no longer available and now...,2877023,DoorDash_Help,Tue Nov 28 02:01:03 +0000 2017,"@798637 Thanks for reaching out, Could you please DM us with your email address so we can get this resolved for you.",2877024
2883241,799888,Tue Nov 28 09:34:33 +0000 2017,@799889 @116584 Nigga better get a refund,2883239,DoorDash_Help,Tue Nov 28 10:18:41 +0000 2017,"@799888 if you need assistance with a current order, please send us a DM including the email address linked to that order.",2883240
2883246,799890,Tue Nov 28 08:15:53 +0000 2017,"Hey,@116584 You should really implement a system that notifies your customer that there is no ""Dasher"" to pick up their order. This is the second time I haven't received my order and $5.00 doesn't even cover your processing fee........",2883245,DoorDash_Help,Tue Nov 28 08:38:16 +0000 2017,@799890 Hi. We're sorry about this experience. Please send us a DM with your email address at @doordash_help.,
2883248,799891,Tue Nov 28 08:09:59 +0000 2017,@799892 @116584 terrible. we didn’t eat all night because of it!,2883247,DoorDash_Help,Tue Nov 28 08:25:34 +0000 2017,"@799891 Hi, we are sorry to hear you didn't enjoy your dinner. Send us a DM with your email address at @doordash_help",
288965,184856,Sat Nov 25 02:25:06 +0000 2017,"Hey @116584, halp. Just got an “oops” alert during order processing, apple pay went through, nothing in order history. Not a great first experience.",288964,DoorDash_Help,Sat Nov 25 02:37:00 +0000 2017,@184856 Hi Adrian. So sorry to hear that something has went wrong with your order. Please DM us your information and we will be in touch,
288967,184857,Sat Nov 25 01:34:07 +0000 2017,"I love @116584, but that food from @14585 was nasty.",288966,DoorDash_Help,Sat Nov 25 01:50:37 +0000 2017,@184857  Hi There. We're sorry about this experience. Please send us a DM with your email address at @doordash_help.,
288969,184858,Sat Nov 25 01:39:33 +0000 2017,@DoorDash_Help was just charged twice for the same order.  How do I resolve??,288968,DoorDash_Help,Sat Nov 25 01:42:52 +0000 2017,"@184858 Hi. Please send us a DM with your email address at @doordash_help, and we will take a closer look right away.",
288971,175534,Sat Nov 25 01:32:31 +0000 2017,@DoorDash_Help take this fraudulent restaurant down; charging customers for orders that aren’t delivered. Ridiculous! https://t.co/kbLUYQIpbw,288970,DoorDash_Help,Sat Nov 25 01:40:15 +0000 2017,@175534 Thanks so much for contacting DoorDash. Please DM us with your email address and we will resolve this as soon as possible.,
2891090,801484,Tue Nov 28 13:14:38 +0000 2017,@DoorDash_Help  awful experience!! First time using and left off all my sauces ranch for salad And gravy for chicken fried steak.,2891089,DoorDash_Help,Tue Nov 28 13:20:59 +0000 2017,@801484 we are sorry to hear about the inconvenience that you had Please send us a DM with you account information at @DoorDash_Help,
2902440,432895,Tue Nov 28 18:31:29 +0000 2017,I hate to have a problem with @116584 but I do,2902439,DoorDash_Help,Tue Nov 28 18:33:51 +0000 2017,"@432895 Hi Robin. Please send us a DM with your email address at @doordash_help, and we will take a closer look right away.",
2902443,803904,Tue Nov 28 16:07:49 +0000 2017,Just tried to use a free delivery code I got yesterday from @116584 and it didn't work. Porque? #stillorderedtho,2902441,DoorDash_Help,Tue Nov 28 16:12:01 +0000 2017,"@803904  Hi.  Please send us a direct message with the promo code and your email to @doordash_help, and we'll take a look for you.",2902442
2902447,761853,Tue Nov 28 15:45:14 +0000 2017,@DoorDash_Help why in the hell would you remove the number of dashes that we have done from the earnings menu? How in the fuck are we supposed to know how many we have done? You're focused on the wrong things to update. So stupid,2902444,DoorDash_Help,Tue Nov 28 15:52:39 +0000 2017,@761853  Hi [insert @43624].  We value your feedback. Please send us a DM with your email address at @doordash_help.,"2902445,2902446"
2913616,273646,Tue Nov 28 21:41:35 +0000 2017,@DoorDash_Help and hour and a half for pho soup delivery from less than 1km from my office? Really? It's already 15 min past the delivery time.,2913615,DoorDash_Help,Tue Nov 28 22:00:09 +0000 2017,@273646 Hi thanks for getting in contact. Can you DM us your email address so we can look into this for you!,
2913618,806555,Tue Nov 28 21:31:01 +0000 2017,"@116584 Had to make an account just to complain since your ""Support"" Department cant address a 2 week old email. #Shitty #Service .",2913617,DoorDash_Help,Tue Nov 28 21:39:26 +0000 2017,"@806555  Hello! We're sorry about this experience. Please send us a DM with your email address at @doordash_help, so we can help you.",
2913620,806556,Tue Nov 28 21:19:52 +0000 2017,@116584 code isn’t working when I go to check it. Not sure why I can’t contact any customer service before I place an order,2913619,DoorDash_Help,Tue Nov 28 21:30:56 +0000 2017,"@806556  Hi Kassafrass. Please send us a direct message with the promo code @doordash_help, and we'll definitely take a look for you.",
2913623,806557,Tue Nov 28 21:09:35 +0000 2017,nothing like getting billed twice for a food order. thanks @116584,2913621,DoorDash_Help,Tue Nov 28 21:12:28 +0000 2017,"@806557 Hi, sorry about this. Please send us a DM with your email address at @doordash_help, and we will take a closer look right away.",2913622
2913625,335930,Tue Nov 28 20:56:50 +0000 2017,I wish @116584 had a way to adjust the tip AFTER you get your food delivered bc some of these dashers get tipped and didn’t deserve it 😒 or didn’t deserve the amount I’ve given @111792 have this convo all the time. I’m sure we aren’t the only 2 that feel this way,2913624,DoorDash_Help,Tue Nov 28 20:59:07 +0000 2017,"@335930 Thanks for reaching out, If you DM us with your email address we would be more than happy to help you with this.",
2923937,809115,Wed Nov 29 02:35:51 +0000 2017,@116584 seems like website and app is down,2923936,DoorDash_Help,Wed Nov 29 02:38:56 +0000 2017,"@809115 Hi. Please send us a DM with your email address at @doordash_help, and we will take a closer look right away.",
2923941,809116,Wed Nov 29 02:05:58 +0000 2017,@116584 I am beyond frustrated with your service.  2nd time in less than 2 weeks where my order never showed.,2923938,DoorDash_Help,Wed Nov 29 02:19:15 +0000 2017,@809116  I'm extremely apologetic about the trouble caused but if you could DM us your email address we would love to help.,"2923939,2923940"
2923946,667114,Wed Nov 29 01:50:18 +0000 2017,@DoorDash_Help https://t.co/3Bdh5N4cmA,2923945,DoorDash_Help,Wed Nov 29 02:09:06 +0000 2017,"@667114  Hello! Please send us a DM with your email address at @doordash_help, and we will take a closer look right away.",
2923948,809117,Wed Nov 29 01:53:58 +0000 2017,@DoorDash_Help my app wnt load restaurants,2923947,DoorDash_Help,Wed Nov 29 02:01:52 +0000 2017,"@809117 Hi Lynn. Please send us a DM with your email address at @doordash_help, and we will take a closer look right away.",
2923950,809118,Wed Nov 29 01:18:05 +0000 2017,@116584 awesome customer service! Thank you for responding to my tweet so quickly and working it all out!!,2923949,DoorDash_Help,Wed Nov 29 01:42:33 +0000 2017,@809118 It is our pleasure to assist you! Thank you for sharing your experience with us! Have an amazing rest of the day :),
2923952,809119,Wed Nov 29 00:27:19 +0000 2017,@116584 is terrible they randomly charge my card 1$ for no reason they are scammy don’t use this company,2923951,DoorDash_Help,Wed Nov 29 01:27:15 +0000 2017,"@809119 Hi Simona. Please send us a DM with your email address at @doordash_help, and we will take a closer look right away.",
2923954,809120,Wed Nov 29 01:09:28 +0000 2017,"@DoorDash_Help I'm missing more than half of my order. I ordered all of this: https://t.co/jLWW0CmbHb but received plain chicken (not medium), no rice, and the whole second order, Chicken Burger, is missing. Plus it says the dasher is still on the way to the restaurant?",2923953,DoorDash_Help,Wed Nov 29 01:14:34 +0000 2017,"@809120 Hi Nicki.  Please send us a DM with your email address at @doordash_help, and we will take a closer look right away.",
2923956,809118,Wed Nov 29 00:50:07 +0000 2017,@116584 your delivery guy didn't bring my whole order and refused to help me find a solution. Then he just left.... Restaurant was willing to redo my order but the delivery guy refused to go back. Then he left... Didn't get what I paid for...,2923955,DoorDash_Help,Wed Nov 29 00:57:06 +0000 2017,"@809118 Hi Jamelio. We apologize for the missing item in your order, Please send us a DM with your email address at @doordash_help",
2923958,757945,Wed Nov 29 00:45:12 +0000 2017,Uhhhh is @116584 down?!?,2923957,DoorDash_Help,Wed Nov 29 00:48:04 +0000 2017,@757945  Hi. We're sorry about this issue. Please send us a DM with your email address at @doordash_help and we will look into this.,
2923960,350212,Wed Nov 29 00:39:21 +0000 2017,@116584 no chow mien in my order 😭😭😭 I paid $13.00 for a partial item https://t.co/BcZS1MyVgl,2923959,DoorDash_Help,Wed Nov 29 00:43:30 +0000 2017,@350212  Hi. We're sorry about this experience. Please send us a DM with your email address at @doordash_help.,
2923962,809121,Wed Nov 29 00:03:07 +0000 2017,@116584 why is it so difficult to reach a DD representative on the phone?? As a dasher there's a lot of issues I need speak of &amp; even the email doesn't work. The most difficult company ever. Don't know why I still drive for u,2923961,DoorDash_Help,Wed Nov 29 00:11:06 +0000 2017,"@809121  Hi.  We really value your feedback. Please send us a DM with your email address at @doordash_help, so we can give you call.",
2923964,809122,Tue Nov 28 23:54:16 +0000 2017,"When food never arrives because a @116584 driver is rude &amp; unprofessional (yelling at you over the phone twice &amp; insisting you walk from your apartment to wherever he is), a $5 credit when the delivery fee is $7 (!!!) is entirely unacceptable. What a trash company.",2923963,DoorDash_Help,Tue Nov 28 23:57:21 +0000 2017,@809122  Hi there!  We're sorry about this bad experience. Please send us a DM with your email address at @doordash_help.,
2923966,809123,Tue Nov 28 23:48:28 +0000 2017,@116584 It’s been two weeks and I still haven’t got my money back 😑,2923965,DoorDash_Help,Tue Nov 28 23:52:42 +0000 2017,@809123  Hi there!. We're sorry about this experience. Please send us a DM with your email address at @doordash_help.,
292724,185718,Fri Oct 06 15:38:09 +0000 2017,@DoorDash_Help I have a code that for some reason is not being applied and says I’ve already used it. Spoiler alert: I haven’t.,292723,DoorDash_Help,Fri Oct 06 16:24:15 +0000 2017,"@185718 Hi Alison, Please DM us your email address and will look into this for you.",
292727,185719,Fri Oct 06 15:35:36 +0000 2017,.@116584 sends me a free delivery code. Then promptly charges delivery fee. Fail.,292725,DoorDash_Help,Fri Oct 06 16:22:56 +0000 2017,"@185719 Hi Nikki,Please DM us your email address and we will look into this for you.",292726
292730,185720,Fri Oct 06 14:52:13 +0000 2017,@116584 your sites not working i need help!! 😩😩😩,292728,DoorDash_Help,Fri Oct 06 15:16:17 +0000 2017,"@185720 Hi, Please DM us your email address and we will reach out to you.",292729
2929982,810531,Wed Nov 29 05:13:20 +0000 2017,@116584 pls help how do I set up Apple Pay on ur app I’m hungry sos,2929981,DoorDash_Help,Wed Nov 29 05:16:08 +0000 2017,@810531 Hi. Please send us a direct message at @doordash_help and we can help.,
2929984,810532,Wed Nov 29 03:37:59 +0000 2017,@DoorDash_Help website has been down for hours.,2929983,DoorDash_Help,Wed Nov 29 04:28:11 +0000 2017,"@810532 Hi Brittany. Please send us a DM with your email address at @doordash_help, and we will take a closer look right away.",
2929986,810532,Wed Nov 29 03:36:41 +0000 2017,@116584 what’s wrong with your website??,2929985,DoorDash_Help,Wed Nov 29 04:24:14 +0000 2017,"@810532 Hi. Please send us a DM with your email address at @doordash_help, and we will take a closer look right away.",
2929989,810533,Wed Nov 29 02:58:02 +0000 2017,"Shout out to my @116584 driver for delivering my pizza so quickly and making me laugh at the door, wish I got your name. 😬",2929987,DoorDash_Help,Wed Nov 29 03:05:02 +0000 2017,"@810533 Hi Steph. Please send us a DM with your email address at @doordash_help, and we will take a closer look right away for you. :)",2929988
2929991,810534,Wed Nov 29 02:51:21 +0000 2017,"Hey @116584 im trying to order dinner for my mom and I to eat before she flies home, but I keep getting ""can't load restaurants""",2929990,DoorDash_Help,Wed Nov 29 02:58:17 +0000 2017,"@810534 Hello! We're experiencing some technical difficulties. Please send us a DM at @doordash_help, &amp; we'll look into this for you.",
2935428,811582,Wed Nov 29 06:44:35 +0000 2017,@116584 Are you still active in Vancouver?,2935427,DoorDash_Help,Wed Nov 29 07:26:05 +0000 2017,@811582 Hi @811582. We're sorry about this experience. Please send us a DM with your email address at @doordash_help,
2935430,811583,Wed Nov 29 07:15:57 +0000 2017,When your @116584 order takes almost two hours..#notokay #starving #bs #0outof5,2935429,DoorDash_Help,Wed Nov 29 07:24:27 +0000 2017,"@811583 Hey there, can you DM us your email address &amp; we will look in to this?",
29380,122458,Wed Nov 01 09:09:49 +0000 2017,@116584 I’ve been waiting for an hour for my food it’s so late and I want to go to bed you are dead to me,29379,DoorDash_Help,Wed Nov 01 09:59:32 +0000 2017,"@122458 I am sorry for your trouble,can you please provided us the email address so we can refund you the money back to your account?",
29382,122459,Wed Nov 01 05:29:43 +0000 2017,@116584 we’re all sick of our deliveries coming like this. Keep our stuff level. https://t.co/QzP4EsYden,29381,DoorDash_Help,Wed Nov 01 09:56:51 +0000 2017,@122459 Thanks for this message. Sorry for the trouble.  Please DM us with your email address &amp; we'll reach out right away!,
2943693,813215,Wed Nov 29 10:30:14 +0000 2017,@116584 bamboozled my ass,2943692,DoorDash_Help,Wed Nov 29 11:01:53 +0000 2017,"@813215 Hi, if you need assistance with a curren t order, please, send us a DM with your email address at @doordash_help, and we will take a closer look right away.",
2943697,813216,Wed Nov 29 10:51:42 +0000 2017,@116584 my ordered was supposed to be delivered by 2:47 and it hasn't been delivered yet. Can anyone update me on the status?,2943694,DoorDash_Help,Wed Nov 29 10:54:51 +0000 2017,"@813216 Hi Megan. Please send us a direct message at @doordash_help with your email address, and we'll check on your order status.","2943695,2943696"
2953598,815502,Wed Nov 29 18:06:36 +0000 2017,Just left my first ever Google review &amp; it was for @116584. And it was not a positive one to say the least...I’m sick of your shit doordash. Maybe actually read my negative reviews I leave on the app when the food I order is wrong or I get charged for items I don’t receive...😡,2953597,DoorDash_Help,Wed Nov 29 18:13:59 +0000 2017,@815502  We're sorry about this experience. Please send us a DM with your email address at @doordash_help to check your account,
2953600,815503,Wed Nov 29 17:52:11 +0000 2017,@116584 why can’t I use my promo code? -.-,2953599,DoorDash_Help,Wed Nov 29 17:55:27 +0000 2017,"@815503 Hi ! Please send us a DM with your email address at @doordash_help, and we will take a closer look right away.",
2953602,197465,Wed Nov 29 17:17:47 +0000 2017,@116584 screwed me AGAIN!! Unreal! They treat their delivery people like fucking slaves. TIRED of them screwing me out of money! #Shady https://t.co/thF9LXEO2W,2953601,DoorDash_Help,Wed Nov 29 17:20:51 +0000 2017,"@197465 Thanks for reaching out, could you please DM us with your email address so we can resolve this for you.",
2953604,815504,Wed Nov 29 16:14:22 +0000 2017,"Hey, @116584. I'm sure Diana in California is looking forward to her Denny's meal, but you have my number, not hers.",2953603,DoorDash_Help,Wed Nov 29 16:24:04 +0000 2017,@815504 Hey! Oh wow! Thanks for this message! Can you DM us your telephone number so we can get this resolved?,
2953606,815505,Wed Nov 29 15:10:11 +0000 2017,@116584 is a straight rip off and the service sucks please use another food share service because you will be very disappointed in @116584,2953605,DoorDash_Help,Wed Nov 29 15:12:58 +0000 2017,@815505 Hey! We're sorry about this experience. Please send us a DM with your email address at @doordash_help.,
2953612,815506,Wed Nov 29 14:39:36 +0000 2017,You know who has really bad customer service? @116584 @DoorDash_Help three calls and DMs about how they look my money w/o sending my food (or even registering the order to my acct) and NOTHING.,2953607,DoorDash_Help,Wed Nov 29 15:03:41 +0000 2017,"@815506  I'm sorry for the trouble you had with the pending charge showing on your account for your recent attempt to order from Tennessee's Real BBQ Real Fast. Let us follow up on this, may we call you?","2953608,2953609,2953610,2953611"
295682,186430,Fri Oct 06 17:27:03 +0000 2017,"@116584 It's a group order that we spent a lot of time on. What a waste of time!!! 
@116584 @DoorDash_Help",295681,DoorDash_Help,Fri Oct 06 17:48:24 +0000 2017,"@186430 Hi Yagiz, Please DM us your email address and we will reach out to you.",
2965053,818050,Wed Nov 29 21:32:16 +0000 2017,@113745 @116584 @DoorDash_Help Glad ordering salads has taken an hour and a half - and still waiting... https://t.co/Vmlt8KjaAs,2965052,DoorDash_Help,Wed Nov 29 21:39:04 +0000 2017,@818050  Hi Matt. We're sorry about this experience. Please send us a DM with your email address at @doordash_help.,
2965055,818051,Wed Nov 29 21:15:09 +0000 2017,"@DoorDash_Help I have a complaint. I recently bought food on your app using Apple Pay. Your app said my card was denied but Apple Pay approved the order, but the order didn’t go through",2965054,DoorDash_Help,Wed Nov 29 21:18:59 +0000 2017,"@818051 Hi.  Thank you for bringing this to our attention! Please send us a DM with your email address at @doordash_help, and we will take a closer look right away.",
2965057,818052,Wed Nov 29 21:02:46 +0000 2017,"It’s been an hour &amp; a half since I ordered @116584 &amp; my food STILL isn’t here, I’m officially hangry &amp; I want my freakin’ food",2965056,DoorDash_Help,Wed Nov 29 21:06:06 +0000 2017,"@818052 Hi. Thank you for bringing this to our attention! Please send us a DM with your email address at @doordash_help, and we will take a closer look right away.",
2965060,818053,Wed Nov 29 20:55:47 +0000 2017,. @116584 always takes longer than the initial estimate 😩 I'm so hungry,2965058,DoorDash_Help,Wed Nov 29 21:02:16 +0000 2017,"@818053 Hi. I am sorry to read about a delay on your order. Please send us a DM with your email address at @doordash_help, and we will take a closer look right away!",2965059
2965063,747245,Wed Nov 29 19:17:05 +0000 2017,"For the record, I hate @116584. They steal your money. Just an FYI to everyone out there.",2965061,DoorDash_Help,Wed Nov 29 19:57:50 +0000 2017,"@747245 Hi Thalia. We would really love to help you as soon as possible, please send us a DM with your email address at @doordash_help, and we will take a closer look.",2965062
2965065,583476,Wed Nov 29 18:39:09 +0000 2017,"@116584 trying to use this promo, but when I tap to add the promo just a blank screen appears. https://t.co/pMf7p8uA1G",2965064,DoorDash_Help,Wed Nov 29 18:45:37 +0000 2017,"@583476 Please send us a direct message with the promocode to @doordash_help, and we'll take a look for you!",
2974386,820317,Thu Nov 30 02:08:37 +0000 2017,I love the concept of @116584 but this is the 3rd time I’ve tried it and got cold food each time. 😕,2974385,DoorDash_Help,Thu Nov 30 02:15:56 +0000 2017,"@820317 Hi Katye, So sorry to hear about your experience with your food. Please DM us your information and we will be in touch right away to get this resolved. Thanks DoorDash",
2974388,607475,Thu Nov 30 02:00:07 +0000 2017,@116584 why can I️ never trust your app when I’m traveling!!!!!!,2974387,DoorDash_Help,Thu Nov 30 02:11:52 +0000 2017,@607475 Hi Kaitlyn! Please send us a direct message at @doordash_help and we can help.,
2974390,820318,Thu Nov 30 00:53:02 +0000 2017,"So someone hacked my @116584 account two days ago, ordered $100 worth of food and DoorDash has still yet to refund me. Trash.",2974389,DoorDash_Help,Thu Nov 30 01:14:39 +0000 2017,@820318 Hi Michelle. If you could please DM us the email address on your account we would love to investigate further,
2974393,685319,Thu Nov 30 01:03:27 +0000 2017,@116584 Is your website not working right?  Tried placing an order over 5 minutes ago and the circle keeps spinning instead of saying it went thru.,2974391,DoorDash_Help,Thu Nov 30 01:11:41 +0000 2017,"@685319  Hi, please send us a DM with your email address at @doordash_help, and we will take a closer look right away.",2974392
2974395,820319,Thu Nov 30 01:07:04 +0000 2017,@DoorDash_Help you took my money from bank but declined the order. Rep said 2 weeks or more for refund.,2974394,DoorDash_Help,Thu Nov 30 01:10:19 +0000 2017,"@820319 Hi Nathan. Please send us a DM with your email address at @doordash_help, and we will take a closer look right away.",
2974398,608742,Thu Nov 30 01:02:38 +0000 2017,@DoorDash_Help How do I put in a request for help? My order is totally messed up and I'm starving :/ Really disappointed,2974397,DoorDash_Help,Thu Nov 30 01:05:39 +0000 2017,@608742 Hi there! We're sorry about this experience. Please send us a DM with your email address at @doordash_help and we'll take a closer look right away!,
2974400,819399,Thu Nov 30 00:37:22 +0000 2017,@116584 is it possible to add something to an order after it was placed?,2974399,DoorDash_Help,Thu Nov 30 00:46:55 +0000 2017,"@819399 Hello. Please send us a direct message at @doordash_help with your account email address, so we can check on it.",
2974402,820320,Wed Nov 29 23:48:13 +0000 2017,"@DoorDash_Help @116584 This is the least descriptive error message I’ve ever seen. I see a charge to my card, but no order in the app. https://t.co/wjZx24D1zz",2974401,DoorDash_Help,Wed Nov 29 23:50:06 +0000 2017,@820320 Hi Jonnie if you could DM us your email address we would love to help,
2975174,820531,Tue Oct 31 18:02:01 +0000 2017,I just used @116584 for the first time .. and ordered @121446 to my job cuz it's cold outside .. just got delivered... I'm amazed and happy lol,2975173,DoorDash_Help,Tue Oct 31 18:41:44 +0000 2017,@820531 that's fantastic Yolo! Thanks for getting in touch to let us know :D :D,
2981996,822462,Sat Nov 18 02:52:18 +0000 2017,Hey @116584 my recent order is now showing twice. Can't get a hold of support and cant cancel either order. Hope I dont get billed twice!,2981995,DoorDash_Help,Sun Nov 19 21:30:46 +0000 2017,@822462  Hi @822462. We're sorry about this experience. Please send us a DM with your email address at @doordash_help.,
2984527,822993,Tue Oct 31 19:49:25 +0000 2017,"@116584 hey, I'm trying to signup but the app doesn't see my address new street). What should I do? Thx",2984526,DoorDash_Help,Tue Oct 31 21:11:18 +0000 2017,@822993 Thanks for this message. Sorry for the trouble.  Please DM us with your email address &amp; we'll reach out right away!,
2984529,822994,Tue Oct 31 19:13:34 +0000 2017,@DoorDash_Help Are you a subsidiary of @115873? It’s dishonest offer something for referring people and screw them over with $0 in return. https://t.co/z3AvAR70q2,2984528,DoorDash_Help,Tue Oct 31 20:56:07 +0000 2017,@822994 Thanks for this message. Sorry for the trouble.  Please DM us with your email address &amp; we'll reach out right away!,
2984532,303598,Tue Oct 31 18:22:12 +0000 2017,@126257 @116584  any reason why I can't place my order. Per the app i should be able to but... https://t.co/tPTeeRgxyl,2984531,DoorDash_Help,Tue Oct 31 20:20:22 +0000 2017,@303598 Thanks for this message. Sorry for the trouble.  Please DM us with your email address &amp; we'll reach out right away!,
2984955,823097,Thu Nov 30 05:17:09 +0000 2017,First ever awful experience with @116584 🙂,2984954,DoorDash_Help,Thu Nov 30 05:25:13 +0000 2017,"@823097  Hi.  We really value your feedback. Please send us a DM with your email address at @doordash_help, so we can help you.",
2984957,823098,Thu Nov 30 03:48:56 +0000 2017,@DoorDash_Help How do I delete my DoorDash account?,2984956,DoorDash_Help,Thu Nov 30 05:06:31 +0000 2017,"@823098 Hi, please send us a DM with your registered email address at @doordash_help, and we will further advise your concern.",
2984959,440621,Thu Nov 30 04:32:42 +0000 2017,"@DoorDash_Help Seriously, guys. I find out 15 minutes later that my order was cancelled. I'm pretty mad at you for this one.",2984958,DoorDash_Help,Thu Nov 30 05:00:27 +0000 2017,"@440621 Hi Nick. Please send us a DM with your email address at @doordash_help, and we will take a closer look right away.",
2984961,823099,Thu Nov 30 04:55:49 +0000 2017,Hey @DoorDash_Help just made and recover my order and was ready to enjoy when I see that i got the wrong thing. #disappointingdelivery,2984960,DoorDash_Help,Thu Nov 30 04:58:14 +0000 2017,"@823099 Hi Alex. Please send us a DM with your email address at @doordash_help, and we will take a closer look right away.",
2984963,770181,Thu Nov 30 04:22:49 +0000 2017,@DoorDash_Help https://t.co/g6eSmeuYGC,2984962,DoorDash_Help,Thu Nov 30 04:49:15 +0000 2017,"@770181  Hi,  Please send us a DM with your email address at @doordash_help, and we will take a look right away.",
2984965,823100,Thu Nov 30 03:30:04 +0000 2017,Thanks for refunding a whole $4 of my &gt;$40 order @116584. How about refunding all your absurd fees since you didn't do your job?,2984964,DoorDash_Help,Thu Nov 30 03:32:12 +0000 2017,"@823100 Hi Brian, if you could DM us the email address on your account we would love to help.",
2984967,806250,Thu Nov 30 02:56:25 +0000 2017,@DoorDash_Help I ordered and your payment system wasn't updated on a vendor side and I can't even use the credit you gave me because your ordering process requires a $.50 charge? What is happening???,2984966,DoorDash_Help,Thu Nov 30 02:59:41 +0000 2017,@806250 Thank you for reaching out. If you could DM us the email address on your account we would love to help.,
298934,187251,Fri Oct 06 19:25:28 +0000 2017,Hey @116584 could you make your drivers double check that everything ordered is in the bag before they deliver it? @DoorDash_Help,298933,DoorDash_Help,Fri Oct 06 19:34:53 +0000 2017,@187251 Thanks for this message. Sorry for the trouble.  Please DM us with your email address &amp; we'll reach out right away!,
298936,187252,Fri Oct 06 18:48:59 +0000 2017,"TMW you're waiting for a @116584 order for over an hour, but apparently the order was cancelled... via email... an hour ago. #seriously",298935,DoorDash_Help,Fri Oct 06 19:14:17 +0000 2017,"@187252 Hi Courtney, I am very sorry about the trouble caused but if you could DM us your email address we would love to help out!",
298938,187253,Fri Oct 06 18:10:55 +0000 2017,@116584 how can you do this to your customers a blank support page https://t.co/KalNvhXVvZ,298937,DoorDash_Help,Fri Oct 06 19:04:24 +0000 2017,"@187253 Hey there, sorry to hear about this. Can you DM us your email address &amp; we will look in to this?",
298940,187254,Fri Oct 06 18:20:09 +0000 2017,@DoorDash_Help my soup came to me spilled all in the bag and inedible— dasher said he’d go back and get broth but never returned. Help pls,298939,DoorDash_Help,Fri Oct 06 19:03:11 +0000 2017,@187254 Thanks for this message. Sorry for the trouble.  Please DM us with your email address &amp; we'll reach out right away!,
301788,188002,Fri Oct 06 20:04:38 +0000 2017,@116584 Annnd we don't speak the same language so now we're both lost R.I.P @DoorDash_Help,301787,DoorDash_Help,Fri Oct 06 20:09:24 +0000 2017,@188002 Thanks for this message. Sorry for the trouble.  Please DM us with your email address &amp; we'll reach out right away!,
304310,188679,Fri Oct 06 22:37:09 +0000 2017,@DoorDash_Help How do I add a payment card? Nothing happens when I click that button except that the page freezes and I have to refresh.,304309,DoorDash_Help,Fri Oct 06 22:39:46 +0000 2017,"@188679 Hello thanks for getting in touch, if you could send us a DM with your email address we can get this resolved for you immediately.",
308187,143914,Fri Oct 06 23:15:51 +0000 2017,@DoorDash_Help are we having another outage on our app I just delivered the food and the app won't let me log in to finish the ride,308186,DoorDash_Help,Fri Oct 06 23:20:09 +0000 2017,@143914 Hi there can you please DM us your email address and we get that done for you right away :),
308189,189588,Fri Oct 06 22:27:57 +0000 2017,Not impressed with @116584 :-/,308188,DoorDash_Help,Fri Oct 06 22:53:59 +0000 2017,"@189588 Hi Craig, can you DM us your email address and we will reach out right away?",
310196,190066,Sat Oct 07 01:40:25 +0000 2017,@116584 time to rethink your user experience!!! https://t.co/iMGsLB7yDB,310194,DoorDash_Help,Sat Oct 07 01:44:25 +0000 2017,@190066 I am terribly sorry about the trouble caused. If you could please DM us your email address we would love to help.,310195
310198,190067,Sat Oct 07 01:30:33 +0000 2017,@116584 your driver and customer service are both unresponsive tonight. Bad experiences with your company in my area outweigh the good.,310197,DoorDash_Help,Sat Oct 07 01:38:31 +0000 2017,"@190067 Hey Justin, sorry to hear this. Can you DM us your email address and we will reach out right away?",
310200,190068,Sat Oct 07 01:08:31 +0000 2017,@116584 its been almost two hours since our order was supposed to arrive and it still says the guy isn't even on his way I want a refund.,310199,DoorDash_Help,Sat Oct 07 01:12:46 +0000 2017,@190068 Thanks for this message. Sorry for the trouble.  Please DM us with your email address &amp; we'll reach out right away!,
310202,190069,Sat Oct 07 01:03:12 +0000 2017,@116584 I’ve been waiting for 20 minutes for my referral code for $7 off to be texted to me. What’s the hold up?,310201,DoorDash_Help,Sat Oct 07 01:10:11 +0000 2017,"@190069 Hey Jeff, send us a DM with your email address &amp; we will check this out!",
310205,190070,Sat Oct 07 01:04:05 +0000 2017,Lmao I wonder if @116584 trains their customer service reps to be condescending towards their customers?,310203,DoorDash_Help,Sat Oct 07 01:08:59 +0000 2017,@190070 Thanks for this message. Sorry for the trouble.  Please DM us with your email address &amp; we'll reach out right away!,310204
313187,190794,Sat Oct 07 04:48:21 +0000 2017,@116584 your dasher assaulted and threatened a customer. #doordash #dasher,313183,DoorDash_Help,Sat Oct 07 04:52:55 +0000 2017,@190794 Oh so sorry to hear that Shanna. Please I need more info to report this. Can I take his name and and the restaurants name too.,"313184,313185,313186"
313190,190795,Sat Oct 07 03:41:31 +0000 2017,"@DoorDash_Help order is an hour late, and when I called my dasher, he couldn't communicate. :( Chat on your support site broken. Halp!",313188,DoorDash_Help,Sat Oct 07 03:51:28 +0000 2017,"@190795 Oh no, could you please send us a DM with your email address so we can get this resolved immediately for you.",313189
313192,190796,Sat Oct 07 03:50:36 +0000 2017,@DoorDash_Help Messaged an agent &amp; they helped right away! Thank you!,313194,DoorDash_Help,Thu Oct 12 03:00:11 +0000 2017,"@190796 I am happy that we managed to help out. If there is anything we can help with in future, please get in touch.",
313193,190796,Sat Oct 07 03:25:40 +0000 2017,@116584 why you takin forever to confirm my order?!? Lol,313191,DoorDash_Help,Sat Oct 07 03:47:00 +0000 2017,@190796 Thanks for this message. Sorry for the trouble.  Please DM us with your email address &amp; we'll reach out right away!,313192
313196,190797,Sat Oct 07 03:31:52 +0000 2017,After a week from hell I'm home settled and just checked @116584. They added @15475! I could cry. Everything's going to be okay.,313195,DoorDash_Help,Sat Oct 07 03:44:07 +0000 2017,@190797 Hey! Oh wow! We are always happy to deliver your favorites right to your doorstep for you and bring a smile when we can! :),
314200,191015,Sat Oct 07 05:50:52 +0000 2017,Don’t ever use @116584 ..I ordered food last wk and caught food poisoning &amp; they credited $3.99 wtf I’m gonna do w/ that .. VERY UPSET 😠,314198,DoorDash_Help,Sat Oct 07 05:57:56 +0000 2017,@191015 Oh so sorry to hear that. Can you DM us your email address please? We are going to provide you with the full refund :),314199
314202,191016,Fri Oct 06 03:51:57 +0000 2017,@116584 @DoorDash_Help Your compensation for a ruined dinner sucks. #tryharder,314201,DoorDash_Help,Sat Oct 07 05:52:41 +0000 2017,@191016 Thanks for this message. Sorry for the trouble.  Please DM us with your email address &amp; we'll reach out right away!,
314205,191017,Thu Oct 05 23:17:08 +0000 2017,Boooooo. It didn’t work. How can you advertise a restaurant on you website but then call and say they won’t work w/ your company? @116584,314204,DoorDash_Help,Sat Oct 07 05:43:19 +0000 2017,@191017 Thanks for this message. Sorry for the trouble.  Please DM us with your email address &amp; we'll reach out right away!,
326627,193828,Sat Oct 07 15:52:33 +0000 2017,@116584 @DoorDash_Help product feedback. I tried to place this order but was told outside delivery region. Then email reminder looks bad. https://t.co/lL73r4XTOB,326626,DoorDash_Help,Sat Oct 07 15:55:41 +0000 2017,@193828 Thanks for this message. Sorry for the trouble.  Please DM us with your email address &amp; we'll reach out right away!,
330143,194598,Sat Oct 07 16:54:47 +0000 2017,@116584 going on 40 min late 🤔,330142,DoorDash_Help,Sat Oct 07 17:05:04 +0000 2017,@194598 Thanks for this message. Sorry for the trouble.  Please DM us with your email address &amp; we'll reach out right away!,
334441,195695,Sat Oct 07 19:31:10 +0000 2017,@DoorDash_Help my dash pauses on a regular basis. Right now I'm locked in pause during a busy time. Tech support is a joke.,334439,DoorDash_Help,Sat Oct 07 19:41:51 +0000 2017,"@195695 I am very sorry about the trouble caused, could you please DM us your email address and we will reach out right away!",334440
336509,196286,Sat Oct 07 21:02:23 +0000 2017,So I tried to order a pizza and uh.....yeah imma need y'all to hire better  drivers Bruh 😂. And I never got my fucking pizza! @116584 https://t.co/wI38977MgK,336508,DoorDash_Help,Sat Oct 07 21:14:49 +0000 2017,@196286 I am very sorry about the trouble caused. Could you please DM us your email address and we will reach out right away,
340415,197303,Sat Oct 07 22:20:17 +0000 2017,.@DoorDash_Help you should give comfort snacks for when youre vegetarian &amp; your meal mistakenly comes with meat to counter act the food sads,340413,DoorDash_Help,Sun Oct 08 00:26:20 +0000 2017,@197303 Thanks for this message. Sorry for the trouble.  Please DM us with your email address &amp; we'll reach out right away!,340414
340417,197304,Sat Oct 07 21:57:30 +0000 2017,@116584 one of your restaurants listed is showing as closed but I called and it is open. https://t.co/xnISST389l,340416,DoorDash_Help,Sun Oct 08 00:21:55 +0000 2017,@197304 Thanks for this message. Sorry for the trouble.  Please DM us with your email address &amp; we'll reach out right away!,
340419,197305,Sat Oct 07 22:34:06 +0000 2017,@116584 your customer service is exceptionally rude. My food never got delivered. I will NEVER use you again. ☹️,340418,DoorDash_Help,Sat Oct 07 23:47:26 +0000 2017,@197305 Thanks for this message. Sorry for the trouble.  Please DM us with your email address &amp; we'll reach out right away!,
341001,197465,Sun Oct 29 11:25:29 +0000 2017,@DoorDash_Help I mmessaged you and you STILL havent fixed the problem!!!!,341000,DoorDash_Help,Mon Oct 30 01:52:29 +0000 2017,"@197465 Hey there, can you DM us &amp; we will reach out right away?",
341003,197465,Fri Oct 13 15:56:01 +0000 2017,@DoorDash_Help I signed up to get a bonus and have never recieved it!! Doordash  wont fix the problem. Dishonest!!,341002,DoorDash_Help,Fri Oct 13 16:05:16 +0000 2017,@197465 Thanks for this message. Sorry for the trouble.  Please DM us with your email address &amp; we'll reach out right away!,341001
344595,197967,Sun Oct 08 00:54:28 +0000 2017,@116584 my friend and I ordered food and it was an hour late and really cold. Just wanted to air that grievance,344594,DoorDash_Help,Sun Oct 08 01:22:56 +0000 2017,"@197967 I do apologize about this, could you please send us a DM with your email address so we can get this resolved for you.",
344597,197968,Sun Oct 08 00:54:26 +0000 2017,"@197969 @116584 Yep, it's on the way now. Only an hour late",344596,DoorDash_Help,Sun Oct 08 01:20:33 +0000 2017,@197968 Thanks for this message. Sorry for the trouble.  Please DM us with your email address &amp; we'll reach out right away!,
344601,197970,Sun Oct 08 00:40:37 +0000 2017,"Thanks, @116584 for the Chick-Fil-A https://t.co/luIkvKrPLi",344600,DoorDash_Help,Sun Oct 08 01:18:57 +0000 2017,@197970 You are more than welcome Kevin! We are always happy to deliver your favorites to you! Have a great weekend! :),
344603,197971,Sun Oct 08 00:40:17 +0000 2017,"Everytime I use @116584 it becomes ""meet you in the middle of the street dash""",344602,DoorDash_Help,Sun Oct 08 01:16:23 +0000 2017,@197971 Thanks for this message. Sorry for the trouble.  Please DM us with your email address &amp; we'll reach out right away!,
344605,197972,Sun Oct 08 00:27:26 +0000 2017,"@116584 Your service in Plano, Tex is horrible! I’ll use @115877 from now on.",344604,DoorDash_Help,Sun Oct 08 00:30:09 +0000 2017,@197972 Thanks for this message. Sorry for the trouble.  Please DM us with your email address &amp; we'll reach out right away!,
349869,199246,Sun Oct 08 03:53:21 +0000 2017,@199247 @DoorDash_Help Thanks for the update! My app went down too so that makes sense,349868,DoorDash_Help,Sun Oct 08 09:03:38 +0000 2017,@199246 Thanks for this message. Sorry for the trouble.  Please DM us with your email address &amp; we'll reach out right away!,
349870,199247,Sun Oct 08 01:46:57 +0000 2017,@199246 @DoorDash_Help Dasher app is down for whatever reason. Again. Hope you get your deserved refund,349871,DoorDash_Help,Sun Oct 08 08:58:18 +0000 2017,@199247 Thanks for this message. Sorry for the trouble.  Please DM us with your email address &amp; we'll reach out right away!,
349875,199248,Sun Oct 08 01:54:12 +0000 2017,I need a grammar/word usage nazi to verify this https://t.co/rCfmMa5SXs,349874,DoorDash_Help,Sun Oct 08 08:46:35 +0000 2017,@199248 Thanks for this message. Sorry for the trouble.  Please DM us with your email address &amp; we'll reach out right away!,
349877,155825,Sun Oct 08 01:36:48 +0000 2017,@DoorDash_Help i am having this issues... 😧😩😬 https://t.co/MPmjt0Mhzs,349876,DoorDash_Help,Sun Oct 08 08:39:53 +0000 2017,@155825 Please DM us with your contact details &amp; we'll reach out right away!,
349879,199249,Sun Oct 08 02:13:59 +0000 2017,@116584 @DoorDash_Help Awful fucking idiots running this company @12236,349878,DoorDash_Help,Sun Oct 08 08:36:09 +0000 2017,@199249 Thanks for this message. Sorry for the trouble.  Please DM us with your email address &amp; we'll reach out right away!,
349882,204696,Sun Oct 08 02:41:49 +0000 2017,@116584 @DoorDash_Help Service really going downhill,374133,DoorDash_Help,Mon Oct 09 00:16:21 +0000 2017,@204696 Thanks for this message. Sorry for the trouble caused.  Please DM us with your email address &amp; we'll reach out right away!,
349885,199250,Sun Oct 08 01:29:17 +0000 2017,@DoorDash_Help hey the dasher app is crashing rn please fix,349884,DoorDash_Help,Sun Oct 08 08:30:24 +0000 2017,@199250 Thanks for this message. Sorry for the trouble.  Please DM us with your email address &amp; we'll reach out right away!,
349887,199251,Sun Oct 08 01:24:55 +0000 2017,Your app crashed again. @DoorDash_Help,349886,DoorDash_Help,Sun Oct 08 08:23:20 +0000 2017,@199251 Thanks for this message. Sorry for the trouble.  Please DM us with your email address &amp; we'll reach out right away!,
350425,199362,Sun Oct 08 03:05:32 +0000 2017,"@199247 @116584 Gee, you’d think that would be something they put on the app instead of letting my order pend for 90 minutes 😑",350424,DoorDash_Help,Sun Oct 08 10:11:24 +0000 2017,@199362 Thanks for this message. Sorry for the trouble.  Please DM us with your email address &amp; we'll reach out right away!,
350429,199363,Sun Oct 08 02:47:15 +0000 2017,@199364 @116584 Indianapolis,350428,DoorDash_Help,Sun Oct 08 10:08:03 +0000 2017,@199363 Please DM us with your contact details &amp; we'll reach out right away!,
350433,199365,Sun Oct 08 02:39:36 +0000 2017,Just started using @116584 and I am very disappointed with the long wait time and because of no direct number for customer service.,350432,DoorDash_Help,Sun Oct 08 09:58:05 +0000 2017,@199365 Please DM us with your contact details &amp; we'll reach out right away!,
350435,199366,Sun Oct 08 02:41:19 +0000 2017,@DoorDash_Help I had to wait over an hour and a half to get my food. Lots of problems. I’d like my delivery fee refunded.,350434,DoorDash_Help,Sun Oct 08 09:56:22 +0000 2017,@199366 Please DM us with your contact details &amp; we'll reach out right away!,
350437,199367,Sun Oct 08 02:41:34 +0000 2017,@DoorDash_Help Just called the restaurant. They said my food has been ready for the past hour and no one has come to pick it up. Terrible,350436,DoorDash_Help,Sun Oct 08 09:55:27 +0000 2017,@199367 Please DM us with your contact details &amp; we'll reach out right away!,
350442,199368,Sun Oct 08 02:26:40 +0000 2017,"@116584 My mom ordered a meal 4:56pm confirmation was sent, she JUST got her food over 2 hours later. 6:58 pm. #justthoughtyoushouldknow",350441,DoorDash_Help,Sun Oct 08 09:53:28 +0000 2017,@199368 Thanks for this message. Sorry for the trouble.  Please DM us with your email address &amp; we'll reach out right away!,
350444,199369,Sun Oct 08 02:18:34 +0000 2017,@DoorDash_Help why y'all keeping things in the menu knowing that the restaurant isn't serving it until later.,350443,DoorDash_Help,Sun Oct 08 09:52:45 +0000 2017,@199369 Thanks for this message. Sorry for the trouble.  Please DM us with your email address &amp; we'll reach out right away!,
350446,199370,Sun Oct 08 01:55:27 +0000 2017,Hey @DoorDash_Help how come every place is showing up on your App as “closed” at 7 pm Saturday night?,350445,DoorDash_Help,Sun Oct 08 09:46:34 +0000 2017,@199370 Thanks for this message. Sorry for the trouble.  Please DM us with your email address &amp; we'll reach out right away!,
350450,199371,Sun Oct 08 01:53:28 +0000 2017,Lies @116584 https://t.co/abFMDUXspc,350448,DoorDash_Help,Sun Oct 08 09:44:12 +0000 2017,@199371 Thanks for this message. Sorry for the trouble.  Please DM us with your email address &amp; we'll reach out right away!,350449
350453,199372,Sun Oct 08 02:09:41 +0000 2017,@DoorDash_Help when will the service be back up?,350451,DoorDash_Help,Sun Oct 08 09:41:51 +0000 2017,@199372 The service is back up and running! :) If you have any further questions please DM us.,350452
350456,188047,Sun Oct 08 02:31:40 +0000 2017,@199364 @DoorDash_Help Darn!!! I know a lot of drivers are hating this,350454,DoorDash_Help,Sun Oct 08 09:38:52 +0000 2017,@188047 Please DM us with your contact details &amp; we'll reach out right away!,350455
350460,199373,Sun Oct 08 02:01:16 +0000 2017,"@DoorDash_Help Our order said it was delivered, but we never received our food or a call. Customer chat gets stuck at #1 in queue. Help!",350459,DoorDash_Help,Sun Oct 08 09:37:32 +0000 2017,@199373 Please DM us with your contact details &amp; we'll reach out right away!,
350462,199374,Sun Oct 08 02:08:21 +0000 2017,"@116584 I was using ur service cuz I wanted 2 avoid using @115877 given the lack of morality of @115873, but things like this never happen w/them...",350461,DoorDash_Help,Sun Oct 08 09:37:26 +0000 2017,@199374 Thanks for this message. Sorry for the trouble.  Please DM us with your email address &amp; we'll reach out right away!,
350465,199248,Sun Oct 08 02:23:24 +0000 2017,Incredible. Way to 1-up yourself. Real go getters. https://t.co/GNquHZZ0EJ,350464,DoorDash_Help,Sun Oct 08 09:36:55 +0000 2017,@199248 Please DM us with your contact details &amp; we'll reach out right away!,
350467,199375,Sun Oct 08 01:59:13 +0000 2017,"@116584 Heads up, your guys' website is broken again.  Add one item from two different restaurants and get told it's too large to finish.",350466,DoorDash_Help,Sun Oct 08 09:35:30 +0000 2017,@199375 Thanks for this message. Sorry for the trouble.  Please DM us with your email address &amp; we'll reach out right away!,
350469,199376,Sun Oct 08 01:54:07 +0000 2017,Why everything on my @116584 says it's closed?,350468,DoorDash_Help,Sun Oct 08 09:25:51 +0000 2017,@199376 Thanks for this message. Sorry for the trouble.  Please DM us with your email address &amp; we'll reach out right away!,
350896,190333,Sun Oct 08 07:52:56 +0000 2017,It does noooot take 5 years to respond back to me. @116584 horrid customer service 🙄🙄🙄🙄🙄,350895,DoorDash_Help,Sun Oct 08 10:54:36 +0000 2017,@190333 Thanks for this message. Sorry for the trouble.  Please DM us with your email address &amp; we'll reach out right away!,
350898,168407,Sun Oct 08 01:26:47 +0000 2017,@DoorDash_Help I need answers... I'll wait!!,350897,DoorDash_Help,Sun Oct 08 10:53:48 +0000 2017,@168407 Thanks for this message. Sorry for the trouble.  Please DM us with your email address &amp; we'll reach out right away!,
350901,199478,Sun Oct 08 05:14:35 +0000 2017,"Hey @116584 what exactly is the difference between the 9.9% ""service"" fee and a delivery fee? https://t.co/J9J57clfqT",350900,DoorDash_Help,Sun Oct 08 10:50:10 +0000 2017,@199478 Thanks for this message. Sorry for the trouble.  Please DM us with your email address &amp; we'll reach out right away!,
350903,199479,Sun Oct 08 05:18:00 +0000 2017,@DoorDash_Help @116584 i will be disputing this charge because i paid for something i did not receive.,350902,DoorDash_Help,Sun Oct 08 10:49:33 +0000 2017,@199479 Please DM us with your contact details &amp; we'll reach out right away!,
350912,199480,Sun Oct 08 03:21:35 +0000 2017,@DoorDash_Help can you help cancel my order? Had multiple drivers call to tell me the restaurant never got my order. Can’t cancel in app,350910,DoorDash_Help,Sun Oct 08 10:36:23 +0000 2017,@199480 Please DM us with your contact details &amp; we'll reach out right away!,350911
350914,199481,Sun Oct 08 06:04:44 +0000 2017,"@DoorDash_Help I am disappointed in you, DD. I never got a response. Now store is closed. Didn't get to order. I'm hungry.",350913,DoorDash_Help,Sun Oct 08 10:48:47 +0000 2017,@199481 Thanks for this message. Sorry for the trouble.  Please DM us with your email address &amp; we'll reach out right away!,
350916,199482,Sun Oct 08 04:48:38 +0000 2017,"hey @116584  what's happening do we just not get the food we order anymore
https://t.co/vUvUS0aVwp",350915,DoorDash_Help,Sun Oct 08 10:48:33 +0000 2017,@199482 Please DM us with your contact details &amp; we'll reach out right away!,
350918,199483,Sun Oct 08 03:11:08 +0000 2017,Epic fail @116584 and @DoorDash_Help tonight.,350917,DoorDash_Help,Sun Oct 08 10:32:50 +0000 2017,@199483 Please DM us with your contact details &amp; we'll reach out right away!,
350920,199484,Sun Oct 08 04:12:10 +0000 2017,You have a link for this list? https://t.co/WRliF4bnmC,350919,DoorDash_Help,Sun Oct 08 10:44:35 +0000 2017,@199484 Thanks for this message. Sorry for the trouble.  Please DM us with your email address &amp; we'll reach out right away!,
350922,199485,Sun Oct 08 06:17:16 +0000 2017,"I don't understand how @116584 creates phantom orders that look like they're on the way, say they're delivered, and nothing happens!",350921,DoorDash_Help,Sun Oct 08 10:44:33 +0000 2017,@199485 Thanks for this message. Sorry for the trouble.  Please DM us with your email address &amp; we'll reach out right away!,
350924,199486,Sun Oct 08 04:23:18 +0000 2017,@116584 it's the 2nd time in 2 weeks that Doordash didn't deliver our food after 1.5 hours of waiting for it. Absolutely pathetic.,350923,DoorDash_Help,Sun Oct 08 10:43:43 +0000 2017,@199486 Thanks for this message. Sorry for the trouble.  Please DM us with your email address &amp; we'll reach out right away!,
350926,199487,Sun Oct 08 03:47:42 +0000 2017,@DoorDash_Help wanted to get food but you raised delivery fees to 6.99+18% fee+tip. Not reasonable. Not paying that much in fees. Get real.,350925,DoorDash_Help,Sun Oct 08 10:39:22 +0000 2017,@199487 Thanks for this message. Sorry for the trouble.  Please DM us with your email address &amp; we'll reach out right away!,
350928,199488,Sun Oct 08 03:48:38 +0000 2017,hey @116584 the liquor store i ordered from doesn’t have what i want in stock and said to cancel my order. how do i do that?!,350927,DoorDash_Help,Sun Oct 08 10:39:17 +0000 2017,@199488 Thanks for this message. Sorry for the trouble.  Please DM us with your email address &amp; we'll reach out right away!,
350930,199489,Sun Oct 08 04:02:48 +0000 2017,@116584 my order wasn't right and both your app and website are telling me to go to the website. It doesn't help.,350929,DoorDash_Help,Sun Oct 08 10:38:56 +0000 2017,@199489 Thanks for this message. Sorry for the trouble.  Please DM us with your email address &amp; we'll reach out right away!,
350938,199492,Sun Oct 08 03:20:29 +0000 2017,@DoorDash_Help @116584 I ordered 2 hours ago and nothing. Can’t chat because it says no agents and no one answers phone. Great service.,350937,DoorDash_Help,Sun Oct 08 10:36:03 +0000 2017,@199492 Thanks for this message. Sorry for the trouble.  Please DM us with your email address &amp; we'll reach out right away!,
350940,199493,Sun Oct 08 03:10:12 +0000 2017,@116584 Your dasher was enroute then said it was delivered (it wasn’t). He hung up me. So did your customer service agent. I’m done w/ you,350939,DoorDash_Help,Sun Oct 08 10:35:00 +0000 2017,@199493 Thanks for this message. Sorry for the trouble.  Please DM us with your email address &amp; we'll reach out right away!,
350942,199361,Sun Oct 08 03:06:39 +0000 2017,"@116584 Never will I use your service again. Food not delivered, no way to get support. Driver said he had no idea about order. #fail",350941,DoorDash_Help,Sun Oct 08 10:33:31 +0000 2017,@199361 Please DM us with your contact details &amp; we'll reach out right away!,
350944,199494,Sun Oct 08 03:05:29 +0000 2017,@116584 How is your website so bad? It's absolutely mind blowing. Every time I order something goes wrong.,350943,DoorDash_Help,Sun Oct 08 10:32:16 +0000 2017,@199494 Thanks for this message. Sorry for the trouble.  Please DM us with your email address &amp; we'll reach out right away!,
350946,199495,Sun Oct 08 02:58:46 +0000 2017,@116584 you are the worst. Driver never delivered. Hung up on me and I can't get a hold of anyone for a refund. #doordash TERRIBLE,350945,DoorDash_Help,Sun Oct 08 10:28:40 +0000 2017,@199495 Thanks for this message. Sorry for the trouble.  Please DM us with your email address &amp; we'll reach out right away!,
359717,201197,Sun Oct 08 16:01:16 +0000 2017,@116584 your site is down and we are kind of hungry! :( :(,359716,DoorDash_Help,Sun Oct 08 16:19:31 +0000 2017,@201197 Hi Scott! The website is up and running for you to place orders with! :D,
359721,201199,Sun Oct 08 15:59:33 +0000 2017,@DoorDash_Help when is website going to be back on?,359720,DoorDash_Help,Sun Oct 08 16:19:16 +0000 2017,@201199 Hi Jose! The website is up and running for you to place orders with! :D,
360966,201471,Sun Oct 08 17:05:21 +0000 2017,"So, I tried to use @116584 to order food today. Cept it wont let me add my card to pay, and the FAQs are useless.
Guess I'm not using them",360964,DoorDash_Help,Sun Oct 08 17:09:22 +0000 2017,@201471 Thanks for this message. Sorry for the trouble.  Please DM us with your email address &amp; we'll reach out right away!,360965
3651,116583,Tue Oct 31 21:15:23 +0000 2017,.@116584 I’ve submitted 6 menu updates for East Hanover Diner .  Nothing has been updated. We need help. https://t.co/6SfQrkCOJC,3650,DoorDash_Help,Tue Oct 31 22:59:11 +0000 2017,"@116583 Oh no! I'm really sorry to hear about this, please DM us your store phone number and we'll reach out right away!",
3653,116585,Tue Oct 31 21:41:49 +0000 2017,Hey @116584 how the stinker does this route make any sense? Dasher literally just drove right by my house. https://t.co/rUy0PHcjRx,3652,DoorDash_Help,Tue Oct 31 22:13:11 +0000 2017,@116585 Thanks for this message. Sorry for the trouble.  Please DM us with your email address &amp; we'll reach out right away!,
368680,166685,Sun Oct 08 21:05:09 +0000 2017,@116584 yet again sends me 2 free delivery and yet charges $16 with still having a $36 credit. Their business practices are uncontainable,368679,DoorDash_Help,Sun Oct 08 21:14:03 +0000 2017,"@166685 Hi Steven, Could you please DM your email address so we can locate your account and look into this for you?",
368683,203353,Sun Oct 08 21:02:55 +0000 2017,"@116584 over an hour with no updates and no food.

why did u market in my area with fervor and not live up to the hype?",368682,DoorDash_Help,Sun Oct 08 21:08:32 +0000 2017,@203353 Thanks for this message. Sorry for the trouble.  Please DM us with your email address &amp; we'll reach out right away!,
368685,203354,Sun Oct 08 21:00:27 +0000 2017,"@116584 late delivery, cold food, wings with no dip (when ordered &amp; paid for extra), missing drink 👎👎👎",368684,DoorDash_Help,Sun Oct 08 21:08:21 +0000 2017,@203354 Thanks for this message. Sorry for the trouble caused.  Please DM us with your email address &amp; we'll reach out right away!,
371060,203869,Sun Oct 08 22:11:20 +0000 2017,@DoorDash_Help @116584 Ok. You shady motherfuckers. Just got a call from the 2nd driver - you all can't help but lie about orders. Awful.,371059,DoorDash_Help,Sun Oct 08 22:17:52 +0000 2017,@203869 Thanks for this message. Sorry for the trouble caused.  Please DM us with your email address &amp; we'll reach out right away!,
371062,203869,Sun Oct 08 21:55:34 +0000 2017,@DoorDash_Help Can someone here help with an order that is 30 mins late and zero update from driver?,371061,DoorDash_Help,Sun Oct 08 21:58:56 +0000 2017,"@203869 Hey Allie, sorry to hear about this. Can you DM us with your email address and we will look in to this?",
372136,198375,Sun Oct 08 22:41:51 +0000 2017,@DoorDash_Help please check DM @116584,372134,DoorDash_Help,Sun Oct 08 22:51:34 +0000 2017,@198375 Thanks for this message. Sorry for the trouble.  Please DM us with your email address &amp; we'll reach out right away!,372135
374122,204691,Sun Oct 08 04:22:29 +0000 2017,@204692 @17963 @116584 Never heard of this. https://t.co/DOn0J2vhVg,374121,DoorDash_Help,Mon Oct 09 00:39:50 +0000 2017,@204691 Thanks for this message. Sorry for the trouble caused.  Please DM us with your email address &amp; we'll reach out right away!,
374125,204693,Sun Oct 08 03:30:27 +0000 2017,@116584 Starving with 3 kids thanks for nothing!!!,374124,DoorDash_Help,Mon Oct 09 00:30:47 +0000 2017,@204693 Thanks for this message. Sorry for the trouble caused.  Please DM us with your email address &amp; we'll reach out right away!,
374127,204694,Sun Oct 08 03:18:22 +0000 2017,@116584 So hungry,374130,DoorDash_Help,Mon Oct 09 00:26:45 +0000 2017,@204694 Thanks for this message. Sorry for the trouble caused.  Please DM us with your email address &amp; we'll reach out right away!,
374129,211734,Mon Oct 09 00:12:34 +0000 2017,"@116584 Your website stilled screwed - broken links on Windows Edge &amp; IE browsers, erratic display &amp; slow loading on others.  7:00pm CST Sunday 10/8",404460,DoorDash_Help,Mon Oct 09 21:05:54 +0000 2017,@211734 Thanks for this message. Sorry for the trouble caused.  Please DM us with your email address &amp; we'll reach out right away!,
374132,204695,Sun Oct 08 23:52:57 +0000 2017,@116584 @DoorDash_Help our order never arrived but it shows on the app that it's been delivered. Called the driver 10 times w/ no answer.,374131,DoorDash_Help,Mon Oct 09 00:25:20 +0000 2017,"@204695 Hi Caitlin, I am so sorry about the trouble caused but if you could please DM us your email address we would love to help out!",
374135,204697,Sun Oct 08 03:21:29 +0000 2017,"Wow, @116584 is a shitshow. Hour late delivery and replying their automated condolence emails bounce.",374134,DoorDash_Help,Mon Oct 09 00:13:36 +0000 2017,@204697 Thanks for this message. Sorry for the trouble caused.  Please DM us with your email address &amp; we'll reach out right away!,
375034,204926,Mon Oct 09 01:10:06 +0000 2017,@116584 why I only get half my order tho? 😩,375033,DoorDash_Help,Mon Oct 09 01:28:37 +0000 2017,"@204926 Hi Amanda, I'm really sorry this happened. Can you please DM your email address so I can fix this for you?",
375040,204927,Mon Oct 09 00:45:30 +0000 2017,"@116584 I quit you! Too many late, cold &amp; now incomplete orders. Who eats queso w/out chips?!?#FirstWorldProblems I know... but still",375035,DoorDash_Help,Mon Oct 09 01:01:43 +0000 2017,"@204927 Hi Becca, If you could please DM us the email address on your account we would love to help out!","375036,375037,375038,375039"
376511,205318,Mon Oct 09 02:29:34 +0000 2017,"@116584 if dashers are doing multiple deliveries, why won’t you tell that upfront? Kinda cheating no? https://t.co/xWTVALUEk6",376510,DoorDash_Help,Mon Oct 09 02:32:38 +0000 2017,@205318 Thanks for this message. Sorry for the trouble caused today.  Please DM us with your email address &amp; we'll reach out right away!,
378402,205802,Mon Oct 09 05:04:47 +0000 2017,@DoorDash_Help You charged me for my order and it was took out of my bank account but the order never went through. SOS,378400,DoorDash_Help,Mon Oct 09 05:06:58 +0000 2017,@205802 Thanks for this message. Sorry for the confusion caused.  Please DM us with your email address &amp; we'll reach out right away!,378401
384094,206979,Mon Oct 09 10:48:54 +0000 2017,"@116584 your automated CX response was pointless; our fam was a top cust, $100/week, but now app/site only shows 1 option in all of OC?",384093,DoorDash_Help,Mon Oct 09 10:50:54 +0000 2017,@206979 Thanks for this message. Sorry for the trouble.  Please DM us with your email address &amp; we'll reach out right away!,
385298,207230,Mon Oct 09 11:52:06 +0000 2017,@116584 has my account (pending)payment and has me paying money they owe daily pay. Get on top of this.im tired of calling,385297,DoorDash_Help,Mon Oct 09 11:57:54 +0000 2017,@207230 Thanks for this message. Sorry for the trouble.  Please DM us with your email address &amp; we'll reach out right away!,
389893,208307,Mon Oct 09 14:46:04 +0000 2017,I had to use @116584 2 get @121446 &amp; I ordered in plenty of time to get brkfst &amp; the lady took her time but I cant get my $$ back?? K,389892,DoorDash_Help,Mon Oct 09 14:49:16 +0000 2017,@208307 Thanks for this message. Sorry for the trouble.  Please DM us with your email address &amp; we'll reach out right away!,
395882,209720,Mon Oct 09 17:30:30 +0000 2017,@DoorDash_Help My email address is __email__ - I've already submitted a complaint to your help team.,395881,DoorDash_Help,Mon Oct 09 17:51:32 +0000 2017,@209720 Thanks for this message. Sorry for the trouble.  Please DM us we'll reach out right away!,
395884,209720,Mon Oct 09 17:05:26 +0000 2017,@116584 ...You charged me $5 for chips &amp; queso that I never got - then gave me a fork for my soup. First impression? Not impressed. https://t.co/kAKC88OCD4,395883,DoorDash_Help,Mon Oct 09 17:29:37 +0000 2017,@209720 Thanks for this message. Sorry for the trouble.  Please DM us with your email address &amp; we'll reach out right away!,
401302,166657,Sun Oct 08 20:25:57 +0000 2017,"@210933 @DoorDash_Help Nope, which is why their cheap asses have outsourced their Order placers and Support teams.",401301,DoorDash_Help,Mon Oct 09 19:15:28 +0000 2017,"@166657 I am sorry to hear you have not had a great experience, if there is anything we could do to rectify this situation please DM us.",
402923,211331,Mon Oct 09 19:07:58 +0000 2017,When @116584 messes up your delivery and only offers a $5 credit towards your next delivery. The $5 is a waste. Im not ordering again.,402922,DoorDash_Help,Mon Oct 09 20:05:24 +0000 2017,"@211331 Hi Nikko. I'm so sorry, if you could DM your email address and some info on what went wrong, I'll get to work on that for you.",
404459,166647,Mon Oct 09 08:32:46 +0000 2017,"@204694 @116584 Even if they respond, it's usually nonsense. I've been waiting 1.5 months for a resolution to my unusual account.",404458,DoorDash_Help,Mon Oct 09 21:09:53 +0000 2017,@166647 Thanks for this message. Sorry for the trouble caused.  Please DM us with your email address &amp; we'll reach out right away!,
407356,142671,Mon Oct 09 21:27:39 +0000 2017,@116584 I could have gone and come home twice by now. If traffic was so horrific why was another person sent? SO. FRUSTRATING. *poof*,407355,DoorDash_Help,Mon Oct 09 21:38:07 +0000 2017,@142671 Thanks for this message. Sorry for the trouble.  Please DM us with your email address &amp; we'll reach out right away!,
407362,212099,Mon Oct 09 21:25:11 +0000 2017,@DoorDash_Help omg my dasher was suppose to arrive almost 30 minutes ago and they’re still not here what do I do,407361,DoorDash_Help,Mon Oct 09 21:30:37 +0000 2017,@212099 Thanks for this message. Sorry for the trouble caused.  Please DM us with your email address &amp; we'll reach out right away!,
411356,213124,Tue Oct 10 00:07:13 +0000 2017,"WTF, @116584?? You're supposed to deliver @126257 to Columbia Heights, DC, but it's disappeared from the app. I need my burger!!!",411355,DoorDash_Help,Tue Oct 10 00:10:33 +0000 2017,@213124 Thanks for this message. Sorry for the trouble caused.  Please DM us with your email address &amp; we'll reach out right away!,
412674,213486,Tue Oct 10 00:18:48 +0000 2017,"@116584 you guys suck, there’s always something wrong.",412672,DoorDash_Help,Tue Oct 10 00:21:43 +0000 2017,"@213486 Hey Sydney, sorry to hear this. Can you DM us your email address and we will reach out right away?",412673
416944,214476,Tue Oct 10 02:43:36 +0000 2017,".@116584 really disappointed tonight! Usually so good but food was like 30 mins late, totally cold &amp; items forgotten :(",416942,DoorDash_Help,Tue Oct 10 02:54:56 +0000 2017,"@214476 Hey Alexandra, sorry to hear this! Can you DM us with your email address and we will reach out right away?",416943
417753,214686,Tue Oct 10 03:11:46 +0000 2017,"@116584 Today I made an order that included a coke. It spilled in the Dasher's car, and he went through the effort to replace it at the",417752,DoorDash_Help,Tue Oct 10 03:21:36 +0000 2017,@214686 Thanks for this message. Sorry for the trouble.  Please DM us with your email address &amp; we'll reach out right away!,
423958,215928,Sat Nov 25 05:39:26 +0000 2017,Tried to order dinner tonight. @116584  majorly blew it. And @DoorDash_Help  (via the app) was useless. Sigh.,423957,DoorDash_Help,Sat Nov 25 05:45:57 +0000 2017,@215928 We're sorry about this experience. Please DM us with your email associated with your DoorDash account &amp; we'll reach out right away.,
423961,215929,Sat Nov 25 03:50:38 +0000 2017,"Hi @116584! Can you please ask your drivers not to tell me to “think about tipping” them after they 
A) bring the wrong food
B) go back to get the right food
and
C) return with cold food.
K, thanks!",423960,DoorDash_Help,Sat Nov 25 03:54:44 +0000 2017,@215929 Oh no I am so sorry for the experience you have had. Please send us a DM with your email address at @doordash_help.,
423964,215930,Sat Nov 25 03:51:54 +0000 2017,@123265 @DoorDash_Help You charged my account $42 but no delivery. Called restaurant and no record of my order. Wtf???,423963,DoorDash_Help,Sat Nov 25 03:54:21 +0000 2017,"@215930 Hi. Please send us a DM with your email address at @doordash_help, and we will take a closer look right away.",
444744,220347,Wed Nov 22 05:09:40 +0000 2017,"@116584 is horrible. 30 minutes past due, cold food. They never make their estimated delivery. Customer support is horrible. Don’t use them.",444743,DoorDash_Help,Wed Nov 22 08:08:20 +0000 2017,@220347 Hey Dana! I would love to check this out for you! Can you please DM us with your email address? Happy to help!,
459535,224167,Fri Dec 01 01:02:57 +0000 2017,"Attempted to use @116584 , money is out of the account but no order confirmation or food. 😒Should of stuck with @15213",459534,DoorDash_Help,Fri Dec 01 01:24:02 +0000 2017,"@224167 Hi Leah! Please send us a DM with the email address related to your account at @doordash_help, and we will take a closer look into that charge right away.",
459537,224168,Fri Dec 01 01:17:21 +0000 2017,"So, ordered from @116584 for the 1st time tonight and everything looked like it was going through until this ""Oops!"" message popped up &amp; the order vanished, BUT, somehow my card was still charged. Received a call from DoorDash saying my money would be returned in 3-7 days! https://t.co/yUlvaq5Nrl",459536,DoorDash_Help,Fri Dec 01 01:20:37 +0000 2017,"@224168 Hi Brad. Please send us a DM with your email address at @doordash_help, and we will take a closer look right away.",
459539,224169,Thu Nov 30 23:34:30 +0000 2017,"@116584 Hey, I registered for the 1st time and tried to use a discount for new customers but it isn’t showing up. Any clues?",459538,DoorDash_Help,Thu Nov 30 23:49:30 +0000 2017,"@224169  Hi. Thanks for bringing this to our attention. Please send us a direct message with your email address and the promo code (if applicable) to  @doordash_help, and we'll take a look for you.",
459541,224170,Thu Nov 30 21:58:47 +0000 2017,"@116584 I placed an order and the order said “OOPS” and didn’t go through but you still charged me on Apple Pay 
Please reply immediately",459540,DoorDash_Help,Thu Nov 30 22:20:31 +0000 2017,"@224170 Hi Michael. Please send us a DM with your email address at @doordash_help, and we will take a closer look right away!",
466599,226042,Fri Dec 01 04:51:46 +0000 2017,"@226043 @116584 @12236 uh this asshole's start-up has the simplest business model on the planet (take delivery orders, then deliver them) but still managed to completely fuck it up",466598,DoorDash_Help,Fri Dec 01 04:57:48 +0000 2017,"@226042  Hi HomoMastermind.  We really value your feedback. Please send us a DM with your email address at @doordash_help, so we can learn more.",
466602,226044,Fri Dec 01 03:45:59 +0000 2017,"@116584 is the worst! I ordered my food, this guy dropped off JUST my dessert, after that ensued a perfect storm of problems.  the guy said he was going to pick up the rest of my order. he failed to do so.  I called the restaurant and they said the food was just sitting there.",466601,DoorDash_Help,Fri Dec 01 03:51:51 +0000 2017,"@226044  Hi, We're sorry about this experience. Please send us a DM with your email address at @doordash_help and we will take a look right away.",
466604,226045,Fri Dec 01 03:07:37 +0000 2017,@116584 Ya’ll suck never using your app again. Been waiting for my food which was supposed to be delivered 2 hours ago and now the driver calls to say someone else picked up my food,466603,DoorDash_Help,Fri Dec 01 03:13:18 +0000 2017,@226045  Hi lit korean girl. We're sorry about this experience. Please send us a DM with your email address at @doordash_help and we will look into this.,
466606,226046,Fri Dec 01 02:33:19 +0000 2017,@116584 The time keeps growing. Now another ten minutes. I’m giving a tip to have my food sit for over an hour in someone’s car.,466605,DoorDash_Help,Fri Dec 01 02:51:38 +0000 2017,@226046 Hi.  We're sorry for the long waiting. Please send us a DM with your email address at @doordash_help for us to check the order status.,
49085,126958,Wed Nov 01 13:32:49 +0000 2017,Food Delivery App @116584 Launches in Philadelphia Suburbs; Center City Coming Soon --&gt; https://t.co/QrP0ZupYSI https://t.co/R2YwFWOH3q,49084,DoorDash_Help,Wed Nov 01 16:55:18 +0000 2017,@126958 Thank you for share your experiences. We will flag this correspondence for the appropriate team here at DoorDash,
499116,234183,Fri Dec 01 19:04:55 +0000 2017,@116584 is your site having issues?,499115,DoorDash_Help,Fri Dec 01 19:12:56 +0000 2017,@234183 Hi Veena. Please send us a direct message at @doordash_help and we can definitely help.,
499118,234184,Fri Dec 01 18:13:06 +0000 2017,"Another day, another @116584 disappointment🙄🙃",499117,DoorDash_Help,Fri Dec 01 18:24:33 +0000 2017,@234184 Hey Rachel! Thanks for this message! Please DM us your email address and we will reach out to you? Happy to help!,
499120,234185,Fri Dec 01 18:03:08 +0000 2017,"@116584 hey why are the avocado rolls at the Walnut Creek CPK fluctuating in price so much?  they're $12 now, but last night they were ~$37.",499119,DoorDash_Help,Fri Dec 01 18:18:07 +0000 2017,"@234185 Hi, We'll be more than happy to look into this for you. Please send us a DM with your email address at @doordash_help. We will follow up shortly.",
499123,234186,Fri Dec 01 17:24:12 +0000 2017,@116584 How do I apply my referral credits to my order? I can see that I've earned $14 in credits but when I create an order I don't see the credit apply. Thank you for your response!,499121,DoorDash_Help,Fri Dec 01 17:29:56 +0000 2017,"@234186  Hi .  Thank you for bringing this to our attention today! Please send us a direct message to @doordash_help with your email address phone and name on your account, and we'll take a look for you.",499122
499126,234187,Fri Dec 01 17:00:02 +0000 2017,Doordash blows up my email with promo codes for free shipping but it won’t actually let me put a promo code in 🤦🏻‍♀️ #fail @116584,499124,DoorDash_Help,Fri Dec 01 17:07:38 +0000 2017,"@234187  Hi Emily.  Please send us a direct message with the promo code as well as your email address associated with your DoorDash account @doordash_help, and we'll take a look for you.",499125
511096,237461,Fri Dec 01 21:40:54 +0000 2017,@237462 @116584 what is this !?!?!?! https://t.co/udz7Mu9gc5,511095,DoorDash_Help,Fri Dec 01 21:45:53 +0000 2017,@237461 Hi Lazhaun. Please send us a direct message at @doordash_help and we will definitely assist you as soon as possible.,
511098,237463,Fri Dec 01 19:46:53 +0000 2017,Just had the worst experience ever with @116584 For the love of everything DO NOT order from them. You will NEVER receive your order. You won't even get an email if they can't deliver. Cuts Svc DGAF either. This the absolute WORST service I've EVER used. You've been warned,511097,DoorDash_Help,Fri Dec 01 19:50:25 +0000 2017,@237463 Hi Duela. We're sorry about this experience. Please send us a DM with your email address at @doordash_help and we will definitely review what happened.,
511100,237464,Fri Dec 01 19:41:40 +0000 2017,@DoorDash_Help Everything is listed as closed for me,511099,DoorDash_Help,Fri Dec 01 19:46:14 +0000 2017,@237464 Hi Nick. Please send us a direct message at @doordash_help with your email address and screenshot if possible so we can help you.,
511102,237465,Fri Dec 01 19:26:29 +0000 2017,Why won’t y’all deliver to Ward 8 from Navy Yard when it’s less than 4 miles away? @DoorDash_Help @116584,511101,DoorDash_Help,Fri Dec 01 19:32:35 +0000 2017,"@237465 Hi Rae. Please send us a DM with your email address at @doordash_help, and we will take a closer look right away.",
519636,239925,Fri Dec 01 23:18:18 +0000 2017,"@116584 you are a joke! Always have problems, most recently with not getting issued a refund for food you NEVER DELIVERED! Already waited 3 weeks and now longer after a frustrating phone call with TERRIBLE customer service. GIVE ME MY MONEY BACK!",519635,DoorDash_Help,Fri Dec 01 23:33:08 +0000 2017,@239925  Hi there. We apologize for this experience. Please send us a DM with your email address at @doordash_help.,
519638,239925,Fri Dec 01 23:15:58 +0000 2017,"@DoorDash_Help I have had multiple bad experiences, but have waited 3 weeks for a refund( doordash never delivered my food) and still NOTHING! The customer service is a joke! I called today and now I have to wait longer for a refund...NEVER USING AGAIN!",519637,DoorDash_Help,Fri Dec 01 23:20:53 +0000 2017,"@239925  Hi. We really value your feedback. Please send us a DM with your email address at @doordash_help, so we can learn more.",
525477,241559,Sat Dec 02 04:31:52 +0000 2017,@23840 @116584 What happened,525476,DoorDash_Help,Sat Dec 02 06:05:17 +0000 2017,"@241559  Hi @241559. Please send us a DM with your email address at @doordash_help, and we will take a closer look right away.",
525480,241560,Sat Dec 02 02:12:43 +0000 2017,"just ordered @116584 and I got cursed at, and my food thrown over my balcony?? how professional",525479,DoorDash_Help,Sat Dec 02 05:59:31 +0000 2017,"@241560  Hi @241560.  Please send us a DM with your email address at @doordash_help, and we will take a closer look right away.",
525482,241561,Sat Dec 02 03:01:25 +0000 2017,"@116584 change my order, make me wait 1 hr (since the food is ready) and then say it will take 1 more hour to deliver my food!! #badservice",525481,DoorDash_Help,Sat Dec 02 05:57:35 +0000 2017,@241561  Hi insert @241561. We're sorry about this experience. Please send us a DM with your email address at @doordash_help.,
525484,241562,Sat Dec 02 03:51:02 +0000 2017,When your @116584 takes over an hour and a half to be delivered and it is cold. https://t.co/dsGP7MUxQU,525483,DoorDash_Help,Sat Dec 02 05:54:27 +0000 2017,@241562 hey Melissa. So sorry to hear your order arrived cold. Please DM us your information and we will surely get this sorted for you! Hope your having an awesome Friday. Thanks DoorDash,
525486,241563,Sat Dec 02 02:10:19 +0000 2017,Second time they’ve done this to me.   I’m done with them. https://t.co/ZuCLkaZKTp,525485,DoorDash_Help,Sat Dec 02 05:51:54 +0000 2017,"@241563 Hi Matt, I'm sorry to hear about this and we will definitely be looking into this further. Can you DM us your email address so we can look further into this.",
525489,240739,Sat Dec 02 04:42:42 +0000 2017,@241564 @115877 @116584 yeah my go to now!!! Fuck this shit.,525487,DoorDash_Help,Sat Dec 02 05:51:50 +0000 2017,"@240739 Hi. Please send us a DM with your email address at @doordash_help, and we will take a closer look right away.",525488
525491,241565,Sat Dec 02 05:15:28 +0000 2017,"@116584 Sent you a DM about our order tonight. What did arrived was good, as always, but we paid for two items that did not arrive with the order.",525490,DoorDash_Help,Sat Dec 02 05:47:00 +0000 2017,"@241565 Hi Betty!  We just tried to give you a call but it looks like we missed you. We sent you a DM, since we need more information.  Thank you again for getting in touch and sharing your experience with our team",
525493,241566,Sat Dec 02 01:56:20 +0000 2017,"[Press and holds @116584 app on phone]

Me: Later @116584! Your garbage service was not a pleasure! 

[Deletes App] 👋🏽✌🏽",525492,DoorDash_Help,Sat Dec 02 05:44:26 +0000 2017,"@241566 Hi Anthony, Im really sorry you have had an issue with our service and feedback is important to us can you DM your email address so we can reach out?",
525495,232873,Sat Dec 02 04:44:15 +0000 2017,"I think @116584 might be the worst service I've used. Upcharged me after an order, now I've been sitting here for 90 mins on an order that was supposed to take 45. @DoorDash_Help",525494,DoorDash_Help,Sat Dec 02 05:43:43 +0000 2017,"@232873 Hi Akshay. Please send us a direct message at @doordash_help with your email address, and we'll check the information needed in order to provide the best resolution possible for this scenario.",
525497,175623,Sat Dec 02 01:37:00 +0000 2017,"Warning. @116584 is criminal. They took my $50.00 order then turned around and put in the order for half the amount of food and only offered a $5.00 refund. Insult to injury, the food was cold. #greedybastards",525496,DoorDash_Help,Sat Dec 02 05:42:27 +0000 2017,"@175623 Hi Jessica, Seems like you have had a really poor experience. We would love to reach out to you and get more information and fix this. Please DM us your information and we will be in contact right away to resolve. Thanks DoorDash",
525500,241567,Sat Dec 02 03:42:26 +0000 2017,@DoorDash_Help Where is our fooooooooood? https://t.co/EgsWMCL8BP,525498,DoorDash_Help,Sat Dec 02 05:36:08 +0000 2017,"@241567 Hi Elissa, please send us a DM with your email address at @doordash_help, and we will take a closer look right away.",525499
525502,241568,Sat Dec 02 04:25:38 +0000 2017,"@DoorDash_Help hello. I’ve sent an email about my concern regarding my delivery, is there an eta on response time? Thank you!",525501,DoorDash_Help,Sat Dec 02 05:24:43 +0000 2017,"@241568 Thank you so much for choosing and contacting DoorDash!, I am glad that we were able to find a resolution via phone. Thank you again for getting in touch and sharing your experience with our team.",
525504,241569,Sat Dec 02 04:34:05 +0000 2017,@DoorDash_Help I'm having an issue with an order,525503,DoorDash_Help,Sat Dec 02 05:08:55 +0000 2017,@241569  Hi. We're sorry about this experience. Please send us a DM with your email address at @doordash_help.,
525506,241570,Sat Dec 02 00:56:30 +0000 2017,Trying to figure out how @116584 took my $ didn’t place my order and won’t connect me to customer service. 😡🤬,525505,DoorDash_Help,Sat Dec 02 05:06:32 +0000 2017,"@241570 Hi AJ, Please DM us and we will surely look into this for you. Hope your having an awesome Friday. Thanks DoorDash",
525508,241571,Sat Dec 02 03:05:55 +0000 2017,Dear @116584 your app itergration sucks or something.   Been waiting over an hour for a courier. https://t.co/mB9IOMCTOy,525507,DoorDash_Help,Sat Dec 02 05:04:05 +0000 2017,@241571 We're sorry about this experience. Please send us a DM with your email address at @doordash_help.,
525510,241572,Sat Dec 02 03:25:15 +0000 2017,Didn't think it'd take @116584 almost 2 hours to deliver food from a place 10 minutes away...,525509,DoorDash_Help,Sat Dec 02 04:55:58 +0000 2017,"@241572 I do apologised for the the time that it took just for this order to be delivered please, send to us your e-mail so we can track the order and further assist you.",
525512,241573,Sat Dec 02 02:01:47 +0000 2017,@DoorDash_Help what's this math about? https://t.co/pPrikUILPf,525511,DoorDash_Help,Sat Dec 02 04:46:12 +0000 2017,"@241573 Hi, please send us a DM with your email address at @doordash_help, and we will take a closer look right away.",
525514,241574,Sat Dec 02 02:01:13 +0000 2017,@116584 your app is failing right now (see screenshot). Getting a different error on desktop browser too. https://t.co/4X6R8Gb2MU,525513,DoorDash_Help,Sat Dec 02 04:42:30 +0000 2017,"@241574 Hi, we're experiencing some technical difficulties. Please send us a DM at @doordash_help, &amp; we'll look into this for you.",
525516,241575,Sat Dec 02 03:32:23 +0000 2017,@116584 Please don’t charge me for an order before sending me an alert that I can’t order because the store is closed. Just lost $20. 😡,525515,DoorDash_Help,Sat Dec 02 04:37:56 +0000 2017,"@241575 Hi! Please send us a DM with your email address at @doordash_help, and we will take a closer look right away. We will make sure to help you out!",
525518,241576,Sat Dec 02 00:49:23 +0000 2017,"Just used @116584 for the first time! Boy, they are fast! Inexplicably cancelled my order only 13 minutes after I made it! #starving #hangry",525517,DoorDash_Help,Sat Dec 02 04:34:53 +0000 2017,"@241576 Hi Dan, thanks for getting in touch. Please DM us with your email and we'll do our best to help.",
525520,241577,Sat Dec 02 00:45:44 +0000 2017,"@DoorDash_Help I placed an order tonight, my food was gross, didn't like it at all, and most of it went into the trash. Spent $40 on a meal that I didn't eat. Can I get a refund? If so, how?",525519,DoorDash_Help,Sat Dec 02 04:32:20 +0000 2017,@241577 Thanks for getting in touch Taylor. Please DM us with your email and we'll do our best to make things right.,
525522,241578,Sat Dec 02 01:49:37 +0000 2017,Hey @DoorDash_Help I ordered in your app &amp; it shows I paid via ApplePay but my food didn’t arrive &amp; the order doesn’t display in your app. No one is picking up the phone at the restaurant. Help!,525521,DoorDash_Help,Sat Dec 02 04:14:08 +0000 2017,"@241578 Hi Sarah, sorry for the delay on my response, please send us a DM with your email address at @doordash_help, and we will take a closer look right",
525524,241579,Sat Dec 02 00:30:51 +0000 2017,@116584 @DoorDash_Help Last 2 orders had issues too.  Pretty disappointed.  @6871 has never let us down yet.,525523,DoorDash_Help,Sat Dec 02 03:44:26 +0000 2017,@241579 Hi thanks for getting in touch! Im really sorry to hear about this and certainly need to look into this! Can you DM us your Email address.,
529534,242613,Sat Dec 02 09:17:38 +0000 2017,@116584 what’s going on with my order 🧐,529532,DoorDash_Help,Sat Dec 02 09:22:06 +0000 2017,"@242613 Hi. Please send us a direct message at @doordash_help with your email address, and we'll check on your order status.",529533
529535,242614,Sat Dec 02 09:32:59 +0000 2017,@242613 @DoorDash_Help I never got this food @DoorDash_Help I need that 28.31 it's Christmas https://t.co/Xrg1q6GWU0,529536,DoorDash_Help,Sat Dec 02 09:48:01 +0000 2017,"@242614 Hi. I'm really sorry to read this, please send us a direct message at @doordash_help with your email address regarding your order, and we'll check on your order status.",529538
529540,242615,Sat Dec 02 07:45:07 +0000 2017,@242616 @116584 @116584 is notorious for checkout errors like this. I’m still waiting for them to pay me back after charging me twice for an order.,529539,DoorDash_Help,Sat Dec 02 07:47:42 +0000 2017,"@242615 Hi. Please send us a DM with your email address at @doordash_help, and we will take a closer look right away.",
529543,242617,Sat Dec 02 02:35:38 +0000 2017,When the door dasher goes to the wrong house and someone else gets your chicken fingers @116584 #pissed,529542,DoorDash_Help,Sat Dec 02 06:22:41 +0000 2017,"@242617 Hi Casey, Im really sorry to hear about this! Can you DM us your email address so we can look further into this for you!",
54279,128283,Wed Nov 01 17:29:56 +0000 2017,"@116584 hey guys, this is the second time I’ve used you where the driver just does not have good customer service. What is the deal?",54278,DoorDash_Help,Wed Nov 01 18:31:16 +0000 2017,@128283 thanks for getting in touch! Please DM your email address and we will promptly assist you.,
54281,128284,Wed Nov 01 16:38:54 +0000 2017,@116584 give me my money back,54280,DoorDash_Help,Wed Nov 01 17:36:10 +0000 2017,@128284 thanks for getting in touch! Please DM your email address and we will promptly assist you.,
549965,248086,Sat Dec 02 18:05:00 +0000 2017,big s/o to @116584 for taking my money then rejecting my order. real sweet guys,549964,DoorDash_Help,Sat Dec 02 18:10:04 +0000 2017,"@248086 Hi! Please send us a DM with your email address at @doordash_help, and we'll contact you right away.",
549968,248087,Sat Dec 02 16:22:27 +0000 2017,@116584 I need some help. Have sent you a dm.,549966,DoorDash_Help,Sat Dec 02 16:42:00 +0000 2017,@248087 Hi! We're sorry for the inconvenience you've experienced while attempting to use our services and for the delayed response to your original concern. We'll be sure to review this matter and follow up with you via email. Please expect a response soon! :),549967
559673,250868,Sat Dec 02 21:29:26 +0000 2017,@116584 Can someone contact me about your poor customer service please,559671,DoorDash_Help,Sat Dec 02 21:32:42 +0000 2017,"@250868 Hi! We'll be more than glad to assist you. Please send us a DM with your email address at @doordash_help along with any additional details, and we will take a closer look right away. :)",559672
559675,250869,Sat Dec 02 21:10:43 +0000 2017,@116584 My account was hacked and used to make a purchase. The site won't let me cancel the order or remove my saved payment info. Please help.,559674,DoorDash_Help,Sat Dec 02 21:15:38 +0000 2017,"@250869 Hi! Sorry about the unauthorized charge. Please send us a DM with your email address at @doordash_help, and we'll contact you right away to resolve this.",
559679,250870,Sat Dec 02 21:05:25 +0000 2017,"@116584 You guys expanding coverage?  I can get delivery from your competition, but they aren't very reliable.",559676,DoorDash_Help,Sat Dec 02 21:14:39 +0000 2017,"@250870 Do you already have an account with DoorDash? If so, please send us a DM with your email address at @doordash_help, and we will take a closer look right away. If you don't have an account yet, please tell us where you are located.","559677,559678"
559681,250871,Sat Dec 02 20:52:12 +0000 2017,I'd LIKE to order @116584 but the restaurant I want only shows up on the web version AND it's not showing all the options for a combo so I can't order anyways 🤷,559680,DoorDash_Help,Sat Dec 02 20:59:03 +0000 2017,"@250871 Hi! Thanks for bringing this into our attention. We'll be more than glad to further review this matter. Please send us a DM at @doordash_help containing your email address, the restaurant's name and any details that may help us expedite this for you.",
559683,250872,Sat Dec 02 20:23:01 +0000 2017,Exactly wtf I’m going through right now.. but still gon withdraw my money.. got me here on hold &amp; shit 😒 https://t.co/PNdME550af,559682,DoorDash_Help,Sat Dec 02 20:30:35 +0000 2017,"@250872 Hi @250872. Please send us a DM with your email address at @doordash_help, and we will take a closer look right away.",
559685,143914,Sat Dec 02 20:14:25 +0000 2017,@DoorDash_Help I can adjust my schedule,559684,DoorDash_Help,Sat Dec 02 20:22:39 +0000 2017,"@143914 Hi Bush, We will certainly see if we can do this for you. Please DM us your information and we will try and get this sorted for you. Thanks DoorDash",
559687,250873,Sat Dec 02 19:46:53 +0000 2017,@116584 YO! I tried to use Apple Pay for my order. It said “card declined” but still charged me! So no order was placed but the funds were still taken out. Please help,559686,DoorDash_Help,Sat Dec 02 19:57:01 +0000 2017,"@250873 Hi! Sorry about the failed transaction, Please send us a DM with your email address and we'll contact you right away.",
559689,250874,Sat Dec 02 19:36:49 +0000 2017,When you're 8 minutes from 2 @202892 but not within the radius of either. Guess I'll use @116584 🤷‍♂️,559688,DoorDash_Help,Sat Dec 02 19:45:37 +0000 2017,"@250874 Hi! We're happy you choose us,  Please send us a DM with your email address at @doordash_help, if you would like further assistance.",
559691,250875,Sat Dec 02 19:29:12 +0000 2017,@DoorDash_Help I submitted an order and got “oops” as a notification but the charge went through on my card :( help?,559690,DoorDash_Help,Sat Dec 02 19:33:02 +0000 2017,"@250875 Hi Risa. Please send us a DM with your email address at @doordash_help, and we will take a closer look right away.",
567111,252996,Sun Dec 03 01:19:21 +0000 2017,.@116584 missed item in my order...but no way to rectify via app! #fail,567110,DoorDash_Help,Sun Dec 03 01:25:02 +0000 2017,@252996  Hi. We're sorry about this experience. Please send us a DM with your email address at @doordash_help.,
567114,252997,Sun Dec 03 01:09:14 +0000 2017,"Apparently @116584 drivers don’t know the difference between “organic” and “orange”. I can understand misreading it at quick glance, but insisting it’s the same thing when I point out the difference? That’s not good.",567112,DoorDash_Help,Sun Dec 03 01:13:20 +0000 2017,"@252997  Hi James. I'm sorry for the trouble with your order. Please send us a DM with your email address at @doordash_help, so we can take a look into this.",567113
567116,252998,Sat Dec 02 23:47:33 +0000 2017,.@116584 How can EVERY restaurant you deliver for in St. Louis be CLOSED at 5:45 on a Saturday night? This is not the first time I've been unable to order from restaurants I know are open. Are you serious about doing business in #STL or not?,567115,DoorDash_Help,Sat Dec 02 23:51:10 +0000 2017,"@252998 Hi. Please send us a DM with your email address at @doordash_help, and we will take a closer look right away.",
567118,252999,Sat Dec 02 22:30:43 +0000 2017,@116584 are you down again...?,567117,DoorDash_Help,Sat Dec 02 22:33:48 +0000 2017,"@252999 Hi There! We're experiencing some technical difficulties. Please send us a DM at @doordash_help, &amp; we'll look into this for you.",
571980,254393,Sun Dec 03 04:30:24 +0000 2017,@254394 @116584 Happen to me on thrusday I call the store and they tell me to contact doordash I contact @DoorDash_Help and noThing for now 48 hrs.,571979,DoorDash_Help,Sun Dec 03 04:35:30 +0000 2017,"@254393 Hi there!. Please send us a DM with your email address at @doordash_help, and we will take a closer look right away. truly sorry for the long waiting to get a resolution.",
571981,254394,Sun Dec 03 03:46:41 +0000 2017,So annoyed with @116584 missing items from my order and driver says contact restaurant... I pay a fee and tip why shouldn’t the drivers be required to check orders!?!? 6 months pregnant and missing food = bad combo 😭,571983,DoorDash_Help,Sun Dec 03 05:14:00 +0000 2017,"@254394 Thanks for the information provided, kindly provide us with the name of the missing items and I will refund the money for them.",575308
571981,254394,Sun Dec 03 03:46:41 +0000 2017,So annoyed with @116584 missing items from my order and driver says contact restaurant... I pay a fee and tip why shouldn’t the drivers be required to check orders!?!? 6 months pregnant and missing food = bad combo 😭,571982,DoorDash_Help,Sun Dec 03 03:55:40 +0000 2017,@254394  Hi Brittney. We're sorry about this experience. Please send us a DM with your email address at @doordash_help and we will look into this.,
571985,254395,Sun Dec 03 03:38:23 +0000 2017,Hey @116584 my order didn't go through at all but my card was charged. What gives?,571984,DoorDash_Help,Sun Dec 03 03:45:22 +0000 2017,"@254395 Hi. Please send us a DM with your email address at @doordash_help, and we will take a closer look right away!!",
571987,254396,Sun Dec 03 01:47:21 +0000 2017,@116584 trying to order but it won't let me select Delivery time,571986,DoorDash_Help,Sun Dec 03 01:59:39 +0000 2017,@254396  Hi. We're sorry about this experience that your not able to change the delivery time. Please send us a DM with your email address at @doordash_help so we can further assist you.,
571989,254397,Sun Dec 03 01:43:41 +0000 2017,@116584 I need to add to my order help!!!,571988,DoorDash_Help,Sun Dec 03 01:48:39 +0000 2017,"@254397 Hi, Please send us a DM with your email address at @doordash_help, and we will take a closer look right away.",
575303,255369,Sun Dec 03 06:14:03 +0000 2017,"Btw, every time there has been even a minor screw up that is someone else’s fault, @116788 and @115877 have been there to make it right. Very disappointed with @116584. Terrible customer service, they just don’t care!",575301,DoorDash_Help,Sun Dec 03 06:37:04 +0000 2017,"@255369 Hi Drew. Please send us a DM with your email address at @doordash_help, and we will take a closer look to your disappointment right away.",575302
575305,255370,Sun Dec 03 05:40:39 +0000 2017,Never ordering from @116584 ever again. Horrible service! Don't waste your money with them 👎🏽,575304,DoorDash_Help,Sun Dec 03 05:48:33 +0000 2017,"@255370 Hey Ashley, sorry to hear this. Can you DM us with your email address and we will reach out right away?",
575307,255371,Sun Dec 03 04:43:07 +0000 2017,"@DoorDash_Help placed an order, didn’t go through yet my card was still charged...",575306,DoorDash_Help,Sun Dec 03 05:16:43 +0000 2017,"@255371 Hi William, Thanks for getting in touch can you DM us your email address so we can look into this for you!",
5761,117077,Sat Nov 25 23:28:31 +0000 2017,@117078 @116584 Hi! Stand by please. Checking it out .. thanks!,5760,DoorDash_Help,Sat Nov 25 23:38:14 +0000 2017,"@117077 HI! if there is anything we can assist you, send us a dm to @doordash_help!!!",
5764,117079,Sat Nov 25 23:30:07 +0000 2017,@116584 At least I’m being productive and grading while waiting for my food to get here.,5763,DoorDash_Help,Sat Nov 25 23:36:12 +0000 2017,"@117079 please send us a direct message at @doordash_help with your email address, and we'll check on your order status.",
578766,256272,Sun Dec 03 09:06:39 +0000 2017,@116584 I’ve had two TERRIBLE experiences with Your company and I REALLY wanted to like you guys. Whomp whomp.,578765,DoorDash_Help,Sun Dec 03 09:36:32 +0000 2017,@256272 Hey! Thanks for this message! I would love to check this out for you! Can you please DM us your email address? Happy to help!,
589848,259479,Sun Dec 03 16:07:36 +0000 2017,"@116584 ordered at 9:30am, ETA said 10:30am delivery. Currently at new eta of 11:30. 2 hours isn’t a dash. It’s a crawl. Will not be using you any further.",589847,DoorDash_Help,Sun Dec 03 16:34:09 +0000 2017,@259479  Hi there!. We're sorry about this experience. Please send us a DM with your email address at @doordash_help. We'll be happy to help.,
589850,259480,Sun Dec 03 14:53:48 +0000 2017,@116584 1hr 30min wait. Wrong order. 20min cust service hold. Promised send correct order &amp; call back. Neither happened. How wld u grade?,589849,DoorDash_Help,Sun Dec 03 14:57:38 +0000 2017,@259480  Hi! We're sorry about this experience. Please send us a DM with your email address at @doordash_help for us to give a closer look right away and make things right!,
59461,129558,Wed Nov 01 18:07:41 +0000 2017,"@116584 hey sweatys, yall gave me the wrong order",59460,DoorDash_Help,Wed Nov 01 20:43:53 +0000 2017,"@129558 Hi, so sorry this has happened. If you could DM me your email address I'll get to work putting this right for you.",
59463,129559,Wed Nov 01 20:44:03 +0000 2017,@DoorDash_Help Waiting....,59465,DoorDash_Help,Wed Nov 01 21:54:34 +0000 2017,"@129559 Hi Marjan, I can see my colleague issued a redelivery of your food, and it's currently on route to you - Almost at your location.","59466,59467"
59464,129559,Wed Nov 01 20:33:18 +0000 2017,@DoorDash_Help where the hell is my order? Not only do you take your sweet time to deliver it you cancel it while the dasher is approaching?,59462,DoorDash_Help,Wed Nov 01 20:36:21 +0000 2017,@129559 Thanks for this message. Sorry for the trouble.  Please DM us with your email address &amp; we'll reach out right away!,59463
59470,129560,Wed Nov 01 18:40:52 +0000 2017,@116584 Will never get my business again. Btwn my order being picked up by a different dasher to the rude tail customer service agents...I'll stick with UberEats!!!,59469,DoorDash_Help,Wed Nov 01 20:35:14 +0000 2017,@129560 Thanks for this message. Sorry for the trouble.  Please DM us with your email address &amp; we'll reach out right away!,
59473,129561,Wed Nov 01 19:54:46 +0000 2017,@116584 I have never experienced such bad customer service!! Your customer service sucks.,59471,DoorDash_Help,Wed Nov 01 20:27:32 +0000 2017,"@129561 Oh no! I'm really sorry to hear about this, please DM us your email address and we'll reach out right away!",59472
59475,129562,Wed Nov 01 18:16:51 +0000 2017,How can I cancel my delivery? This guy is already 45min late and I don't trust angry people with my food. @116584,59474,DoorDash_Help,Wed Nov 01 20:16:59 +0000 2017,@129562 Thanks for this message. Sorry for the trouble.  Please DM us with your email address &amp; we'll reach out right away!,
59477,128283,Wed Nov 01 17:30:46 +0000 2017,"@DoorDash_Help hey guys, this is the second time I’ve used you where the driver just does not have good customer service. What is the deal?",59476,DoorDash_Help,Wed Nov 01 19:37:24 +0000 2017,@128283 thanks for getting in touch! Please DM your email address and we will promptly assist you!,
597237,261599,Sun Dec 03 18:51:59 +0000 2017,@DoorDash_Help are u guys ever going to return our money 4 food not delivered ?,597234,DoorDash_Help,Sun Dec 03 19:00:14 +0000 2017,"@261599  Hi there! We're sorry about this experience. Please send us a DM with your email address at @doordash_help. and more information about orders date and time placed, so we can take a look right away.","597235,597236"
597240,261600,Sun Dec 03 18:29:12 +0000 2017,@116584 @DoorDash_Help why did you bums deactivate my account after I received doordash credits?,597238,DoorDash_Help,Sun Dec 03 18:54:41 +0000 2017,@261600 Hey! Thanks for this message. Please DM us your email address and we will reach out to you? Happy to help!,597239
597242,261601,Sun Dec 03 17:26:09 +0000 2017,@116584 would you PLEASE add the combos and substitutions to the @118625 menu?! 🙏🏾🙏🏾,597241,DoorDash_Help,Sun Dec 03 17:39:00 +0000 2017,"@261601 Hi Hari. Thank you very much for your suggestion, we will pass it along to the corresponding team for them to review.",
597244,127901,Sun Dec 03 16:45:22 +0000 2017,@116584 has the worst fucking customer service how you ruin my order and then refund me 2.00 on a 20.00 order? foh,597243,DoorDash_Help,Sun Dec 03 16:48:18 +0000 2017,@127901 Hi there!  We apologize for the frustration. Please send us a DM with your email address at @doordash_help.​ and We'll be happy to help.,
603532,263399,Sun Dec 03 20:51:23 +0000 2017,"Hey @116584, is there something wrong with your mobile site or is there a new requirement to use your app? Any attempt to search for / order food tries to make me download the app.",603530,DoorDash_Help,Sun Dec 03 21:05:11 +0000 2017,"@263399 Hi Eirenne. Please send us a DM at @doordash_help, &amp; we'll look into this for you.",603531
603534,263400,Sun Dec 03 20:55:12 +0000 2017,@DoorDash_Help https://t.co/9iF1k5s9le,603533,DoorDash_Help,Sun Dec 03 21:01:53 +0000 2017,"@263400 We would love to get this fix and we also would like to have more details of this matter, please DM your email address so we can properly assist you, thanks!",
603536,263400,Sun Dec 03 20:50:50 +0000 2017,"@DoorDash_Help your reps just tried to throw a restaurant under the bus when your app malfunctioned on two Dashers. Seriously, when are you updating the Dasher app so it stops freezing??",603535,DoorDash_Help,Sun Dec 03 20:56:10 +0000 2017,"@263400 Hello @263400 We would like to take a deeper look to this, please send us a DM with your email address at @doordash_help, so we can learn more.",
603539,263401,Sun Dec 03 20:29:39 +0000 2017,@116584 I signed up for the first time and never got my free delivery ☹️,603538,DoorDash_Help,Sun Dec 03 20:52:38 +0000 2017,"@263401 Hi Laura :) Please send us a DM with your email address at @doordash_help, and we will take a closer look.",
603541,263402,Sun Dec 03 19:07:44 +0000 2017,@116584 this raw bleeding chicken was delivered to me in Washington DC. Gave the delivery 1 star still waiting on response. https://t.co/a2ZYoc49kB,603540,DoorDash_Help,Sun Dec 03 20:49:18 +0000 2017,"@263402 Hi Malcom. We're sorry about this terrible experience. could you please send us a DM with your email address at @doordash_help, so we can go ahead and provide you the best solution possible. Thanks again for contacting us .",
603543,262636,Sun Dec 03 20:36:11 +0000 2017,"@116584 Why is my menu on your platform with NO Authorization?!? It's full of errors, wrong pricing, items that are dine-in only. Not a good customer experience and totally unauthorized!",603542,DoorDash_Help,Sun Dec 03 20:38:56 +0000 2017,"@262636 Hi. Please send us a DM with your email address at @doordash_help, and we will take a closer look right away.",
603545,263403,Sun Dec 03 20:05:00 +0000 2017,@116584 1500% tip? https://t.co/zHqw4H8P2I,603544,DoorDash_Help,Sun Dec 03 20:36:32 +0000 2017,"@263403 Hi. Please send us a DM with your email address at @doordash_help, and we will take a closer look right away.",
634572,270464,Wed Nov 22 15:53:55 +0000 2017,@DoorDash_Help  I just payed for what I thought was an order. My credit card was charged but the app shows I have no order.   🤔😠,634571,DoorDash_Help,Wed Nov 22 15:57:41 +0000 2017,"@270464 Hi . Please send us a DM with your email address at @doordash_help, and we will take a closer look right away.",
634574,270465,Wed Nov 22 13:56:20 +0000 2017,#Doordash delivery arrived after 3 hours but they gave me account credits so my next late meal is cheaper. Not happening @116584.,634573,DoorDash_Help,Wed Nov 22 14:01:28 +0000 2017,@270465 Hey Jon! Thanks for reaching out to us here! Can you please DM us your email address and we will reach out to you? Happy to help!,
635867,270780,Wed Nov 22 19:34:25 +0000 2017,@116584 It figures... I get a free delivery notice 5 minutes after I order food. :/,635866,DoorDash_Help,Wed Nov 22 19:43:08 +0000 2017,"@270780  Hi there!  Please send us a direct message with your email address at @doordash_help, and we'll take a look for you.",
635870,270781,Wed Nov 22 18:55:55 +0000 2017,"@116584 @DoorDash_Help I had deleted your app after so many issues.  Gave you another chance.  Big mistake. Hour and 1/2 for delivery of cold food.  Done, never again!  #foodfail #doordashfail",635868,DoorDash_Help,Wed Nov 22 19:18:52 +0000 2017,@270781  Hi there! We're sorry we've let you down. Please send us a DM with your email address at @doordash_help.,635869
635872,270782,Wed Nov 22 17:59:53 +0000 2017,@270783 @29327 @116584 What about Morrison delivery?!,635871,DoorDash_Help,Wed Nov 22 18:10:18 +0000 2017,"@270782 Hi! Please send us a direct message at @doordash_help with your email address, and we'll check on your order status.",
636904,271036,Mon Oct 02 00:51:22 +0000 2017,@116584 sometimes it’s so painful to order 😡😡😡,636903,DoorDash_Help,Mon Oct 02 01:46:47 +0000 2017,@271036 Thanks for this message. Sorry for the trouble.  Please DM us with your email address &amp; we'll reach out right away!,
636915,271040,Sun Oct 01 19:04:10 +0000 2017,@11342 @DoorDash_Help this is how my order came I’d be embarrassed if I was Cheesecake Factory @271041 https://t.co/gBBmZ9cdsy,636913,DoorDash_Help,Sun Oct 01 19:07:09 +0000 2017,"@271040 Thanks for reaching out about this, Could you please DM us with your email address and we will get this resolved for you.",636914
650479,274675,Wed Nov 22 20:39:14 +0000 2017,@DoorDash_Help so why can't i get a shake from steak n shake with y'all here in atl?  i can order a sundae but not a shake?  smh,650478,DoorDash_Help,Wed Nov 22 20:42:33 +0000 2017,"@274675 Hi. Please send us a DM with your email address or phone number at @doordash_help, and we will take a closer look right away",
650481,244985,Wed Nov 22 20:03:18 +0000 2017,@DoorDash_Help I would like to report one of your driver's please message me,650480,DoorDash_Help,Wed Nov 22 20:09:28 +0000 2017,"@244985 Hi Bran. Please send us a DM with your email address at @doordash_help, and we will take a closer look right away.",
650484,274676,Wed Nov 22 19:26:43 +0000 2017,Hey @116584 I’ve never used your service before and I can’t get a promo code to try it out? Is there any easy resolution for this?,650482,DoorDash_Help,Wed Nov 22 19:53:22 +0000 2017,@274676 Hi there! Please send us a direct message at @doordash_help and we can help.,650483
651760,274986,Thu Oct 05 07:34:40 +0000 2017,@DoorDash_Help this is helpful 🙄 so.. how do I see the full picture? https://t.co/oLx6ehBoTC,651759,DoorDash_Help,Thu Oct 05 08:21:51 +0000 2017,"@274986 Hey Jason, thanks for bringing this to our attention! Can you kindly provide us with your email address and we'll be in touch?",
657622,276543,Wed Nov 22 23:04:48 +0000 2017,I ordered buffalo bites from Keystone through @116584 and they forgot to put buffalo sauce on them...,657621,DoorDash_Help,Wed Nov 22 23:12:33 +0000 2017,"@276543 Hi. Please send us a DM with your email address and phone number at @doordash_help, and we will take a closer look right away.",
660893,277449,Thu Nov 23 00:52:41 +0000 2017,i love that the first time i use @116584 they get my order wrong 🙃🙃,660892,DoorDash_Help,Thu Nov 23 00:56:35 +0000 2017,@277449  Hi there! We're sorry about this experience. Please send us a DM with your email address at @doordash_help.,
660896,277450,Thu Nov 23 00:30:05 +0000 2017,Disappointed with ordering @277451 through @116584. Total #fail. Used to be our favorite quick Mexican. All food was delivered cold. Hard tacos were soggy and instantly fell apart because they had sat for too long.,660894,DoorDash_Help,Thu Nov 23 00:39:43 +0000 2017,@277450  Hi Caroline. We're sorry about this experience. Please send us a DM with your email address at @doordash_help.,660895
660900,277452,Thu Nov 23 00:33:39 +0000 2017,@DoorDash_Help: I am having consistent issues using doordash since last one month which caused overall financial damage of approx.$60. I ended up ordering same food from different places on same day/time due to app issues and got charged for both orders (although accepted just 1),660899,DoorDash_Help,Thu Nov 23 00:35:24 +0000 2017,"@277452 Hi. Please send us a DM with your email address at @doordash_help, and we will take a closer look right away.",
660905,277453,Thu Nov 23 00:30:23 +0000 2017,.@116584 i'm currently on my way to pick up food that was ready 35 minutes ago and the Dasher never showed up to get it.,660902,DoorDash_Help,Thu Nov 23 00:33:00 +0000 2017,"@277453 Hi Kevin, if you could DM us the email address on your account we would love to make this right.","660903,660904"
662340,277804,Fri Sep 29 20:56:50 +0000 2017,Never ever using @116584 again @DoorDash_Help second time using you and this time my order was cancelled for no reason😤,662338,DoorDash_Help,Fri Sep 29 21:34:55 +0000 2017,"@277804 Hey there, sorry to hear this. Can you DM us your email address &amp; we will reach out right away?",662339
666091,278682,Thu Nov 23 01:45:15 +0000 2017,@DoorDash_Help Why wouldn’t a restaurant’s full menu be available? Restaurant says it’s your fault.,666090,DoorDash_Help,Thu Nov 23 01:51:05 +0000 2017,"@278682 Hi John. Please send us a DM with your email address at @doordash_help, and we will take a closer look right away.",
666093,278683,Thu Nov 23 01:19:35 +0000 2017,"Usually a fan, but just had a horrendous experience with @116584 ... Note to co's, its not a great idea to argue with customers",666092,DoorDash_Help,Thu Nov 23 01:32:51 +0000 2017,"@278683 Hi. Please send us a DM with your email address at @doordash_help, and we will take a closer look right away.",
666096,278564,Thu Nov 23 01:13:05 +0000 2017,"Inmate 1: “What are you in for?”
Inmate 2: “Busted for onion rings.”

/cc @278684 https://t.co/0Mw936Ohaz",666094,DoorDash_Help,Thu Nov 23 01:24:43 +0000 2017,"@278564 Thank you for the shot! Can you please DM with your email address so we can look further into this. Thanks, DoorDash",666095
666098,278685,Thu Nov 23 01:08:24 +0000 2017,"@DoorDash_Help Hey the app has everything local to me here in DC closed even though plenty of things are open, what's up?",666097,DoorDash_Help,Thu Nov 23 01:20:05 +0000 2017,@278685 If you could DM us with your email address we would love to help out!,
666100,278685,Thu Nov 23 01:07:38 +0000 2017,"@116584 It says everything around me is closed at 7:30, but most of those restaurants are still open. What's up? I can only preorder for tomorrow",666099,DoorDash_Help,Thu Nov 23 01:15:11 +0000 2017,"@278685 Hi, We're sorry about this experience. Please send us a DM with your registered email address at @doordash_help. We will advise.",
666102,279506,Thu Nov 23 01:40:26 +0000 2017,@116584 Why is your app saying everything is closed around me when the restaurants are still open??,668886,DoorDash_Help,Thu Nov 23 02:55:29 +0000 2017,"@279506 Hi Thanks for getting in touch, Can you DM us your Email address so we can look into this for you!",
667855,279199,Thu Oct 05 13:05:12 +0000 2017,@DoorDash_Help Just saying your sign up page is glitched. Go to hit the continue button and it just resets and I have to hit it over  n over,667854,DoorDash_Help,Thu Oct 05 13:52:38 +0000 2017,@279199 thanks for getting in touch! Please DM your email address and we will promptly contact you.,
668881,279503,Thu Nov 23 03:40:54 +0000 2017,"Would have been nice if the service worked tonight. Every restaurant showed up, then either said not in delivery zone (why?) when placed order or canceled our order. Gave up. Giving up on @116584 for good. https://t.co/gAuA2f8g9t",668880,DoorDash_Help,Thu Nov 23 03:46:58 +0000 2017,"@279503 Hi. Please send us a DM with your email address at @doordash_help, and we will take a closer look right away.",
668883,279504,Thu Nov 23 02:26:35 +0000 2017,"@116584 Hi, doordash isn't working for me right now, shows its closed allowing only to preorder. Could be great if it could be fixed right now",668882,DoorDash_Help,Thu Nov 23 03:25:28 +0000 2017,@279504 Hi thanks for getting in touch! Can you please DM us your email address so we can look into this for you!,
668885,279505,Thu Nov 23 02:49:58 +0000 2017,@116584 Received call from Doordash who was no help at all.  Ridiculous service!  Paid almost $100 w/ $12 tip to a driver who never showed up and texted that I need to find someone else.  Ridiculous!  #doordash #poorservice,668884,DoorDash_Help,Thu Nov 23 02:56:20 +0000 2017,"@279505 Hi, please send us a direct message at @doordash_help with your email address, and we'll check on this for you.",
673604,280664,Thu Nov 23 05:52:30 +0000 2017,"Hey @DoorDash_Help 

Is it normal for a medium order of fries to come 1/4th full? Also is it cool if my driver ate some of my fries? Cuz that’s what happened. https://t.co/0P5CwqXdsv",673603,DoorDash_Help,Thu Nov 23 09:24:09 +0000 2017,"@280664 Hi @280664 Please send us a DM with your email address at @doordash_help, and we will take a closer look right away.",
673607,280665,Thu Nov 23 08:15:40 +0000 2017,"Love it when you order a sandwich from @30638 to be delivered through @116584, then you wait an hour and a half, and then DoorDash decides there’s no dasher to bring your food and the restaurant closes. #hungry #hangry",673606,DoorDash_Help,Thu Nov 23 08:19:06 +0000 2017,"@280665 Hey! I would love to check this out for you, can you please DM us your email address? Happy to help!",
677346,281569,Thu Nov 23 05:45:26 +0000 2017,Never ordering with @116584 again yo...never even got my food,677345,DoorDash_Help,Thu Nov 23 06:01:55 +0000 2017,"@281569 Hi. Please send us a DM with your email address at @doordash_help, and we will take a closer look right away.",
677350,281570,Thu Nov 23 04:24:28 +0000 2017,@116584 @DoorDash_Help Your app got stuck and I ended up getting charged twice for the same order. Help?! https://t.co/LBE9DyNfzf,677347,DoorDash_Help,Thu Nov 23 04:31:23 +0000 2017,@281570 Hi thanks for getting in touch! Can you please DM us your email address so we can look into this for you!,"677348,677349"
697795,286479,Tue Oct 10 18:31:22 +0000 2017,@116584 or @DoorDash_Help i signed up as a dasher here in newark as a 🚴 can I still attend orientation or go to another site ?,697794,DoorDash_Help,Tue Oct 10 18:55:07 +0000 2017,@286479 Thanks for this message. Sorry for the trouble.  Please DM us with your email address &amp; we'll reach out right away!,
704151,288250,Thu Nov 23 18:05:50 +0000 2017,"@116584 so grateful to have a job that works w a grad school schedule! I love this company, but I’m having issues w the promised referral bonus and have been stuck in an infinite loop with dasher support for weeks – can someone please get in touch with me?",704149,DoorDash_Help,Thu Nov 23 18:08:42 +0000 2017,"@288250 Hi !. Please send us a DM with your email address at @doordash_help, and we will take a closer look right away.",704150
704886,288478,Thu Oct 05 19:43:13 +0000 2017,@116584 How can one request a city to be added to your list of service areas?,704885,DoorDash_Help,Fri Oct 06 02:18:23 +0000 2017,@288478 Hi Mari! Good news! We're expanding fast so stay tuned for more updates on new city announcements!,
704889,288479,Fri Oct 06 00:52:18 +0000 2017,"@DoorDash_Help hi, I received an email saying you’ve expanded to Kent WA. I pulled up the app and got this https://t.co/7WvjjpSDLO",704888,DoorDash_Help,Fri Oct 06 01:49:59 +0000 2017,"@288479 Hi Dex we are expanding but it seems we are still not in Kent, not just yet :) No worries we will be there very soon :)",
709851,289730,Tue Oct 10 20:45:47 +0000 2017,hi @116584.  i have a question about a listing on your careers page.  where might i direct it?,709850,DoorDash_Help,Tue Oct 10 20:51:18 +0000 2017,"@289730 Hey Frank, send us a DM and we'll reach out right away!",
709853,289731,Tue Oct 10 20:00:59 +0000 2017,"@116584 your tracking/navigation, messaging dashers are broken in your app. Also, my food was supposed to be here 20 minutes ago.",709852,DoorDash_Help,Tue Oct 10 20:04:10 +0000 2017,@289731 Thanks for this message. Sorry for the trouble.  Please DM us with your email address &amp; we'll reach out right away!,
716966,291631,Wed Oct 11 00:17:44 +0000 2017,Driver made two deliveries completely out of the way after picking up my food. Love a cold dinner. Thanks @DoorDash_Help @116584,716963,DoorDash_Help,Wed Oct 11 00:28:26 +0000 2017,@291631 Thanks for this message. Sorry for the trouble.  Please DM us with your email address &amp; we'll reach out right away!,"716964,716965"
71813,132113,Thu Nov 30 10:21:20 +0000 2017,@DoorDash_Help So I did that but no response....if I’m getting fucked I would at least be taken out for dinner first.. oh wait you can’t do that either smh,71815,DoorDash_Help,Thu Nov 30 10:59:52 +0000 2017,@132113 Hey! I am really sorry to hear this was your order experience and would only love to make this right for you! Can you please provide me with your email address so I may check your order?,71816
71814,132113,Thu Nov 30 10:07:34 +0000 2017,@116584 thanks for taking $42 away from me after confirming an order then deciding not to actually deliver. @132114 @140,71812,DoorDash_Help,Thu Nov 30 10:12:42 +0000 2017,@132113 Hey! We would love to make this right for you! Please DM us your email address and we will reach out right away! Happy to help!,71813
71818,132115,Thu Nov 30 07:07:22 +0000 2017,"@116584 nice job on #TheHat menu. There is a category for pastrami dip, but you can't order pastrami dip. https://t.co/iafx3fNVs0",71817,DoorDash_Help,Thu Nov 30 07:13:25 +0000 2017,"@132115 Hi @132115. Please send us a DM with your email address at @doordash_help, and we will take a closer look right away.",
719782,159507,Tue Oct 10 03:51:00 +0000 2017,"me: no corn, diet pepsi. call the intercom
@116584: completely ignores notes, brings mix of sodas, calls @32388’s phone",719779,DoorDash_Help,Wed Oct 11 01:29:48 +0000 2017,@159507 Thanks for this message. Sorry for the trouble caused.  Please DM us with your email address &amp; we'll reach out right away!,"719780,719781"
722447,292969,Wed Oct 11 02:13:01 +0000 2017,"I had a $116 order from @116584 @DoorDash_Help last week and NONE of the food showed up, only sauces and bread. I haven't recieved refund!",722446,DoorDash_Help,Wed Oct 11 02:19:18 +0000 2017,@292969 Thanks for this message. Sorry for the trouble caused.  Please DM us with your email address &amp; we'll reach out right away!,
722450,292970,Wed Oct 11 01:43:25 +0000 2017,"Disappointed as all hell .@116584. Second time in a row half my order arrived, I can’t contact the driver, dudes I’m sick I want to eat.",722448,DoorDash_Help,Wed Oct 11 01:46:00 +0000 2017,"@292970 I do apologize, could you please send us a DM with your email address so we can get this resolved for you.",722449
723911,293362,Wed Oct 11 03:07:49 +0000 2017,I find myself not wanting to give @116584 bad ratings because they would likely blame their drivers. But their quality control is FUBARd.,723909,DoorDash_Help,Wed Oct 11 03:09:48 +0000 2017,@293362 Thanks for this message. Sorry for the trouble.  Please DM us with your email address &amp; we'll reach out right away!,723910
723914,316690,Thu Oct 12 03:30:51 +0000 2017,@293362 @116584 Horrible customer service. Explicit strategy seems to be hiding phone support in the UI and breaking your will with ultra-long hold times,825850,DoorDash_Help,Thu Oct 12 23:04:49 +0000 2017,"@316690 Hi Sanjay, please DM us with your email and we'll be delighted to help.",
735366,295915,Sat Nov 25 08:19:57 +0000 2017,@199248 @116584 @DoorDash_Help Why dont you get out of the house? How bout dat,735365,DoorDash_Help,Sat Nov 25 08:26:11 +0000 2017,"@295915 Hi. Please send us a DM with your email address at @doordash_help, and we will take a closer look right away.",
751102,299534,Fri Oct 20 00:22:47 +0000 2017,@116584 why would you send me an email and then it not even work. You owe me $10. https://t.co/QsEcmHZYaV,751101,DoorDash_Help,Fri Oct 20 01:23:38 +0000 2017,@299534 Thanks for reaching out. Please DM us and we'll be delighted to look into this.,
751105,299535,Fri Oct 20 00:17:36 +0000 2017,"@DoorDash_Help your batch delivery sucks &amp; caused my food to be delivered cold, soggy, &amp; late. Your chat support was the opposite of helpful",751103,DoorDash_Help,Fri Oct 20 01:19:56 +0000 2017,@299535 Thanks for this message. Sorry for the trouble.  Please DM us with your email address &amp; we'll reach out right away!,751104
751107,299536,Thu Oct 19 23:55:11 +0000 2017,"@DoorDash_Help Ordered food, order got canceled cause restaurant was closed (it wasn't) and the credit was never given. Can I get some help?",751106,DoorDash_Help,Fri Oct 20 00:32:32 +0000 2017,"@299536  Hi their, I'm really sorry to hear about this will you please DM your email address so we can resolve this.",
751110,299537,Fri Oct 20 00:02:20 +0000 2017,@116584 This is simply NOT true. It's been over 90 minutes. And no way to even cancel. Worst service ever. Yet another FAIL by #DoorDash https://t.co/kgwb3z8gux,751108,DoorDash_Help,Fri Oct 20 00:05:05 +0000 2017,@299537 Thanks for this message. Sorry for the trouble.  Please DM us with your email address &amp; we'll reach out right away!,751109
751114,299538,Thu Oct 19 23:23:49 +0000 2017,@DoorDash_Help I am trying to reset my password but I have not received the email to reset it,751111,DoorDash_Help,Thu Oct 19 23:44:30 +0000 2017,@299538 Thanks for this message. Sorry for the trouble.  Please DM us with your email address &amp; we'll reach out right away!,"751112,751113"
751117,299539,Thu Oct 19 23:08:25 +0000 2017,I love when it specifically says free delivery and @116584 still charges me y'all continue to be the WORST,751116,DoorDash_Help,Thu Oct 19 23:38:52 +0000 2017,"@299539 Hi Fina, please DM us with your email and we'll be delighted to help.",
758338,301209,Wed Oct 11 17:58:45 +0000 2017,@116584 I hate your app - have had nothing but problems.,758337,DoorDash_Help,Wed Oct 11 18:18:31 +0000 2017,"@301209 Hey Issac, Please DM us your email address and we will reach out to help!",
758340,207230,Wed Oct 11 17:25:24 +0000 2017,@116584 where is october 1st ? Is it like the 13 th floor? Does it not exist? Fix This. https://t.co/yTCJGKPnw3,758339,DoorDash_Help,Wed Oct 11 18:14:42 +0000 2017,"@207230 Hey, thanks for getting in touch! We've sent you a DM re your payment. Can you confirm you received this?",
770027,303876,Wed Oct 11 20:32:55 +0000 2017,Coming from a frequent and often satisfied customer. @DoorDash_Help https://t.co/I5cvjgqD4u,770025,DoorDash_Help,Wed Oct 11 20:35:51 +0000 2017,"@303876 Oh no, if you could please send us a DM with your email address so we can get this resolved that would be awesome.",770026
770029,180431,Wed Oct 11 20:07:19 +0000 2017,@DoorDash_Help is there a way to see how many miles you drove in a dash session? The Everlance app didn’t track it for some reason,770028,DoorDash_Help,Wed Oct 11 20:16:37 +0000 2017,@180431 Thanks for this message. Sorry for the trouble.  Please DM us with your email address &amp; we'll reach out right away!,
770988,304131,Sat Oct 07 14:57:37 +0000 2017,I'm like a child watching my breakfast be delivered via @116584,770984,DoorDash_Help,Sat Oct 07 15:07:40 +0000 2017,@304131 This made us LOL Laura! Enjoy!!!,"770985,770986,770987"
773475,304764,Sat Oct 07 17:10:30 +0000 2017,"@DoorDash_Help I keep trying to add this but am getting the ""Whoops"". Order before fees is currently $30.85. Can you please apply? https://t.co/XdTvzRPnew",773474,DoorDash_Help,Sat Oct 07 17:12:19 +0000 2017,@304764 Thanks for this message. Sorry for the trouble.  Please DM us with your email address &amp; we'll reach out right away!,
775712,305350,Thu Oct 12 01:04:56 +0000 2017,@116584 got the wrong order. Can this be resolved?,775711,DoorDash_Help,Thu Oct 12 02:12:55 +0000 2017,@305350 Thanks for this message. Sorry for the trouble.  Please DM us with your email address &amp; we'll reach out right away!,
775714,260024,Wed Oct 11 23:39:53 +0000 2017,@116584 Only now I can't even submit that mistake online. You guys are HORRIBLE.,775713,DoorDash_Help,Thu Oct 12 02:02:27 +0000 2017,@260024 Thanks so much for reaching out to us &amp; we'd love to make this right. Please DM us with your email &amp; we'll reach out right away.,
775717,305351,Wed Oct 11 23:20:03 +0000 2017,@116584 Your company is making false claims thanks for the 1 hour and 22 minute delivery #falseadvertisement,775716,DoorDash_Help,Thu Oct 12 01:45:25 +0000 2017,@305351 Thanks for this message. Sorry for the trouble.  Please DM us with your email address &amp; we'll reach out right away!,
775719,305352,Tue Oct 10 21:40:17 +0000 2017,"@305353 @23417 Unfortunately don't see it on the @116584 menu, is it not available for delivery?",775718,DoorDash_Help,Thu Oct 12 01:36:04 +0000 2017,@305352 Thanks for this message. Sorry for the trouble.  Please DM us with your email address &amp; we'll reach out right away!,
781101,306485,Thu Oct 12 04:36:43 +0000 2017,Brooke's @116584 driver actually took bites out of her bread 😱#wtf,781099,DoorDash_Help,Thu Oct 12 05:19:02 +0000 2017,@306485 I can't believe this has happened. Please DM us with your email and we'll do our absolute best to help.,781100
781103,152507,Thu Oct 12 03:34:51 +0000 2017,"@116584 I ordered my food at 7, my dasher didn’t get the order until 8, and now I think he’s delivering someone else’s food. refund me pls",781102,DoorDash_Help,Thu Oct 12 05:11:30 +0000 2017,@152507 Thanks for this message. Sorry for the trouble.  Please DM us with your email address &amp; we'll reach out right away!,
781105,305530,Thu Oct 12 03:16:37 +0000 2017,@DoorDash_Help we no longer carry the chicken salad sandwich at Chick-fil-A so if you could delete it off the app that would help! Thx!,781104,DoorDash_Help,Thu Oct 12 05:07:29 +0000 2017,"@305530 Hi Lauryn, Please submit a menu request online as soon as possible using the DoorDash Menu Update Form https://t.co/JuQPiHViBn",
781107,306486,Thu Oct 12 03:49:49 +0000 2017,I hope my period is en route because I'm an emotional mess I just cried because @116584 forgot my dressing with my giant salad 😑,781106,DoorDash_Help,Thu Oct 12 05:04:12 +0000 2017,@306486 Thanks for this message. Sorry for the trouble.  Please DM us with your email address &amp; we'll reach out right away!,
781109,306487,Thu Oct 12 03:17:40 +0000 2017,@DoorDash_Help is it possible to take the tip back? Because my dashers service tonight was so bad!,781108,DoorDash_Help,Thu Oct 12 05:01:05 +0000 2017,@306487 Thanks for this message. Sorry for the trouble.  Please DM us with your email address &amp; we'll reach out right away!,
781111,306488,Thu Oct 12 03:05:57 +0000 2017,@116584 @DoorDash_Help  worst customer service everrr I spend thousands per month,781110,DoorDash_Help,Thu Oct 12 04:56:49 +0000 2017,@306488 Thanks so much for contacting us &amp; we'd love to make this right. Please DM us with your email &amp; we will reach out right way,
781113,306489,Thu Oct 12 02:19:52 +0000 2017,80% of the times i’ve used @116584 they’ve messed up the entire order,781112,DoorDash_Help,Thu Oct 12 04:37:42 +0000 2017,@306489 Thanks for this message. Sorry for the trouble.  Please DM us with your email address &amp; we'll reach out right away!,
781115,291168,Thu Oct 12 02:23:26 +0000 2017,@DoorDash_Help how do I delete an account completely so I can sign up again? Forgot to sign up with referral code :(,781114,DoorDash_Help,Thu Oct 12 04:35:27 +0000 2017,@291168 Thanks for this message. Sorry for the trouble.  Please DM us with your email address &amp; we'll reach out right away!,
781117,306490,Wed Oct 11 23:03:54 +0000 2017,"@116584 sent a coupon that doesn't work, $6 for delivery, $2 for service fee, then tells us after we order it's going to be over an hour.?",781116,DoorDash_Help,Thu Oct 12 03:28:54 +0000 2017,"@306490 I do apologize about this, could you please send us a DM with your email address so we can get this resolved for you.",
786086,307531,Thu Oct 12 07:58:39 +0000 2017,"When did @116584 start charging an $8 DELIVERY FEE. 

I'm just tryna get some 1AM Burger King and they're over here draining my wallet",786085,DoorDash_Help,Thu Oct 12 08:01:47 +0000 2017,@307531 Thanks for this message. Sorry for the trouble.  Please DM us with your email address &amp; we'll reach out right away!,
786088,307532,Thu Oct 12 07:21:18 +0000 2017,@116584 I just ordered $40 worth of food and waited for two hours and my order got cancelled....,786087,DoorDash_Help,Thu Oct 12 07:24:17 +0000 2017,@307532 Thanks for getting in touch &amp; we're so sorry about this experience. Please DM us with your email &amp; we'll look into this asap.,
790124,308418,Thu Oct 12 09:47:31 +0000 2017,"@116584 when will you be in Monterey, CA? There are lots of tourists here that would like their orders delivered. 🥘",790123,DoorDash_Help,Thu Oct 12 09:55:15 +0000 2017,@308418 Thanks for this message. Sorry for the trouble.  Please DM us with your email address &amp; we'll reach out right away!,
801530,310992,Sun Oct 08 01:40:11 +0000 2017,"@DoorDash_Help my order is over an hour late, you having issues?",801529,DoorDash_Help,Sun Oct 08 08:51:32 +0000 2017,@310992 Thanks for this message. Sorry for the trouble.  Please DM us with your email address &amp; we'll reach out right away!,
802115,311145,Fri Dec 01 01:21:56 +0000 2017,@116584 @DoorDash_Help my card was charged but I got a “oops” message and my order is still in cart. What now?,802113,DoorDash_Help,Fri Dec 01 01:28:37 +0000 2017,"@311145 Hi Joshua! Please send us a DM with the email address related to your account at @doordash_help, and we will take a closer look at that charge right away.",802114
802223,311175,Thu Nov 30 23:26:58 +0000 2017,What about @116584 in Loveland or Fort Collins? #GF https://t.co/lfTWHC47a4,802222,DoorDash_Help,Thu Nov 30 23:40:15 +0000 2017,"@311175 Hi, we continue expanding our delivery areas, please keep your self posted.",
802397,311201,Sun Oct 08 01:55:39 +0000 2017,Why is everything on @116584 closed?! Can’t order my dinner! 😔,802396,DoorDash_Help,Sun Oct 08 09:35:19 +0000 2017,@311201 Please DM us with your contact details &amp; we'll reach out right away!,
806183,312119,Thu Oct 12 16:25:05 +0000 2017,I can’t believe @116584 @DoorDash_Help just stole my money!!!! I’m so mad!!,806182,DoorDash_Help,Thu Oct 12 17:00:15 +0000 2017,@312119 Please DM us with your contact details &amp; we'll reach out right away!,
818291,314906,Sun Oct 08 17:49:31 +0000 2017,Never Will I Ever Used @116584 Again,818290,DoorDash_Help,Sun Oct 08 18:36:35 +0000 2017,@314906 Thanks for this message. Sorry for the trouble.  Please DM us with your email address &amp; we'll reach out right away!,
818797,315048,Thu Oct 12 18:24:14 +0000 2017,@116584 @DoorDash_Help not a good look for someone who used you guys a ton... not only do you take money on your error not mine but BAN me?,818796,DoorDash_Help,Thu Oct 12 18:26:12 +0000 2017,@315048 Thanks for this message. Sorry for the trouble.  Please DM us with your email address &amp; we'll reach out right away!,
818817,315054,Thu Oct 12 19:16:25 +0000 2017,So upset with our @315055 order. Items were missing from our order. But @116584 offered instant credit. Would love to follow up.,818816,DoorDash_Help,Thu Oct 12 20:24:54 +0000 2017,@315054 Thanks for this message. Sorry for the trouble caused.  Please DM us with your email address &amp; we'll reach out right away!,
825840,316686,Fri Oct 13 00:49:13 +0000 2017,So I ordered food using @116584 and they told me after I had paid and time passed that they had to cancel cause the place was closed.,825839,DoorDash_Help,Fri Oct 13 00:55:06 +0000 2017,@316686 Thanks for getting in touch &amp; we're sorry about this unexpected closure. Please DM us with your email &amp; we'll reach out asap.,
825842,316687,Thu Oct 12 23:50:18 +0000 2017,"@116584 you just charged me for an order that didn’t go through - need some help on this ASAP please, can’t find a contact # on your site",825841,DoorDash_Help,Fri Oct 13 00:01:04 +0000 2017,@316687 Thanks so much for contacting us Liz. Please DM us with your email address and we will reach out right away.,
825844,316687,Thu Oct 12 23:50:18 +0000 2017,@DoorDash_Help you just charged me for an order that didn’t go through - need some help on this ASAP please,825843,DoorDash_Help,Thu Oct 12 23:57:05 +0000 2017,@316687 Thanks for getting in touch. Please DM us with your email and we'll be delighted to help.,
825846,316688,Thu Oct 12 23:47:21 +0000 2017,@116584 placed an order &amp; received a text at 5:38pm stating my food was on the way. An hour later still no food. Horrible 1st experience.,825845,DoorDash_Help,Thu Oct 12 23:54:13 +0000 2017,@316688 Thanks for this message. Sorry for the trouble caused.  Please DM us with your email address &amp; we'll reach out right away!,
825849,316689,Thu Oct 12 23:04:00 +0000 2017,@DoorDash_Help Can’t seem to set ETA for my delivery therefore not being able to complete my order. I’ve deleted &amp; reinstalled still nothing,825847,DoorDash_Help,Thu Oct 12 23:14:23 +0000 2017,@316689 Thanks for this message. Sorry for the trouble caused.  Please DM us with your email address &amp; we'll reach out right away!,825848
825852,293521,Thu Oct 12 22:36:01 +0000 2017,"@DoorDash_Help my order is 30+mins late and still showing ""in progress"" on the tracker? You just taking my money and running?",825851,DoorDash_Help,Thu Oct 12 22:44:49 +0000 2017,@293521 Thanks for this message. Sorry for the trouble caused.  Please DM us with your email address &amp; we'll reach out right away!,
825854,316691,Wed Oct 11 18:19:59 +0000 2017,@116584 Can't place an order and can't remove items from cart.,825853,DoorDash_Help,Thu Oct 12 22:39:54 +0000 2017,@316691 Thanks for getting in touch. Please DM us with your email and we'll do our best to help.,
828250,317312,Sun Oct 08 23:00:37 +0000 2017,2nd time using @116584 and both orders arrived cold. Keep wanting to like this service but nothing beats @1165,828249,DoorDash_Help,Sun Oct 08 23:07:28 +0000 2017,@317312 Thanks for this message. Sorry for the trouble.  Please DM us with your email address &amp; we'll reach out right away!,
830748,317824,Fri Oct 13 03:39:46 +0000 2017,"@116584 Your delivery driver just delivered us an incomplete food order, refused to correct it, and then cussed us out. 💩 service guys",830747,DoorDash_Help,Fri Oct 13 03:44:07 +0000 2017,@317824 We are so sorry about this Ken &amp; we'd love to make this right. Please DM us with your email address &amp; we'll reach out right away.,
830750,317825,Fri Oct 13 03:29:23 +0000 2017,So disappointed in you @116584 😭 my food is so cold &amp; I waited over an hour for this,830749,DoorDash_Help,Fri Oct 13 03:37:35 +0000 2017,@317825 Thanks for getting in touch &amp; we'd love to make this up to you. Please DM us with your email address &amp; we'll make this right.,
830752,317826,Fri Oct 13 03:09:04 +0000 2017,@DoorDash_Help @116584 Nah I literally have a list of what was wrong with this order. I don't even wanna eat popeyes anymore cause of y'all.,830751,DoorDash_Help,Fri Oct 13 03:11:43 +0000 2017,@317826 Thanks for this message. Sorry for the trouble.  Please DM us with your email address &amp; we'll reach out right away!,
830756,317827,Fri Oct 13 02:34:53 +0000 2017,PSA: @116584 is fucking trash they burned my boy @315048. dont use them,830755,DoorDash_Help,Fri Oct 13 02:42:10 +0000 2017,@317827 We are so sorry to hear about this. Please DM us with your email address and we will reach out right away.,
833668,318522,Mon Oct 09 00:03:31 +0000 2017,"@DoorDash_Help why do your drivers ignore delivery instructions *every single time*?
What's the point if they don't read them?",833667,DoorDash_Help,Mon Oct 09 01:36:02 +0000 2017,"@318522 Hey there, sorry to hear this. Can you DM us your email address &amp; we will look in to this?",
862875,324891,Sat Nov 25 15:12:08 +0000 2017,@116584 how is it that every place is closed since 7:00 a.m. on a Black Friday Saturday? I’m hungry :( And woke up to your promo email  “free food pay with Apple Pay.”  just want someone to please bring me an egg McMuffin with bacon no ham and a hash brown 😩 maybe iced frap to,862874,DoorDash_Help,Sat Nov 25 15:18:38 +0000 2017,"@324891 hi. Sorry about this, please send us a DM with your email address at @doordash_help, and we will take a closer look right away.",
869252,326393,Mon Oct 09 18:51:06 +0000 2017,@116584 screwed my order up again.  That's 3of last 4 jacked up orders.  Gonna lose customers with this type of poor quality. #doordash,869251,DoorDash_Help,Mon Oct 09 19:25:46 +0000 2017,@326393 Thanks for this message. Sorry for the trouble caused today.  Please DM us with your email address &amp; we'll reach out right away!,
872469,327130,Fri Oct 20 20:09:22 +0000 2017,@327131 @116584 and it's got me like https://t.co/nNK17CeEvQ,872468,DoorDash_Help,Fri Oct 20 20:26:58 +0000 2017,"@327130 Thanks for reaching out, Could you please DM us with your email address so we can get this resolved.",
872473,327132,Fri Oct 20 18:09:21 +0000 2017,I don’t know if @116584 or @38564 screwed up my order but I probably won’t do that again.,872472,DoorDash_Help,Fri Oct 20 19:45:13 +0000 2017,"@327132 Thanks for reaching out, Could you please DM us with your email address so we can take care of this.",
872475,327133,Fri Oct 20 17:13:55 +0000 2017,"@DoorDash_Help I can't use my European post code to add a creditcard and make an order in San Francisco, any idea how to make it work?",872474,DoorDash_Help,Fri Oct 20 19:35:30 +0000 2017,"@327133 Thanks for reaching out about this, Could you please DM us with your email address so we can get this resolved.",
872477,327134,Fri Oct 20 17:29:39 +0000 2017,@13392 @116584 And of course they deliver the completely wrong sandwich. Now I'm waiting to be connected to @116584 chat. It's been like 5 minutes. Ugh.,872476,DoorDash_Help,Fri Oct 20 19:32:46 +0000 2017,"@327134 Thanks for reaching out, Could you please DM us with your email address so we can get this resolved for you.",
887074,330618,Fri Oct 20 21:52:59 +0000 2017,@116584 I got an alert about free delivery tonight with a code. I clicked the alert but I lost the code. Where can I find it?,887073,DoorDash_Help,Fri Oct 20 22:01:37 +0000 2017,"@330618 Thanks for reaching out, Could you please DM us with your email address so we can get this resolved for you.",
887076,330619,Thu Oct 19 22:10:17 +0000 2017,@116584 I’m a dasher and I’m having trouble making a schedule on DoorDash app in Nashville,887075,DoorDash_Help,Fri Oct 20 21:42:27 +0000 2017,"@330619 Hi William, Please DM us your information and we will certainly help get you set up. Thanks DoorDash",
887078,330620,Fri Oct 20 21:27:06 +0000 2017,"Me: wants spring rolls &amp; orders through @116584
DD: sends 3 drivers to pick up my order but it somehow never gets delivered. 

???????????",887077,DoorDash_Help,Fri Oct 20 21:35:04 +0000 2017,"@330620 Oh no, could you please send us a DM with your email address so we can get this resolved for you.",
887081,227006,Fri Oct 20 20:21:03 +0000 2017,@DoorDash_Help Can you tell me why Lulu is listed as closed when they’re not?,887080,DoorDash_Help,Fri Oct 20 20:42:28 +0000 2017,"@227006 Thanks for reaching out, Could you please DM us with your email address so we can look into this for you.",
890506,331433,Fri Oct 13 15:55:41 +0000 2017,"@116584 yesterday had a $58.00 order - 2 entrees not edible, you credited me .99? This is an insult and terrible customer service",890505,DoorDash_Help,Fri Oct 13 16:01:48 +0000 2017,@331433 Thanks for this message. Sorry for the trouble.  Please DM us with your email address &amp; we'll reach out right away!,
890508,331433,Fri Oct 13 15:54:50 +0000 2017,"@DoorDash_Help w/ a $58.00 order and 2 entrees not edible, you credited me .99? This is an insult, bad enough no dinner and then this",890507,DoorDash_Help,Fri Oct 13 15:59:06 +0000 2017,"@331433 Thanks for this message. Sorry for the trouble.
Please DM us with your contact details &amp; we'll reach out right away!",
890510,197465,Fri Oct 13 15:53:43 +0000 2017,@116584 I am FURIOUS!!I have done EVERYTHING I'M SUPPOSED TO DO and DoorDash REFUSES to give me my bonus!!! I feel ripped off!!,890509,DoorDash_Help,Fri Oct 13 15:55:44 +0000 2017,@197465 Thanks for this message. Sorry for the trouble.  Please DM us with your email address &amp; we'll reach out right away!,
898043,333268,Sat Oct 21 03:04:38 +0000 2017,When your @116584 delivery is 30 minutes late and it's already been over an hour. 🙃 https://t.co/0QYCiWnQmw,898042,DoorDash_Help,Sat Oct 21 03:27:48 +0000 2017,"@333268 Thanks for reaching out, Could you please DM us with your email address so we can find out what's going on.",
898046,333269,Sat Oct 21 03:03:53 +0000 2017,"@116584 Called doordash, Javier stated ""let me see"" put us on hold for 10 minutes, then hung up on us. Colossal disappointment. (2/2)",898044,DoorDash_Help,Sat Oct 21 03:16:47 +0000 2017,"@333269 Thanks for reaching out, Could you please DM us with your email address so we can look into this for you.",898045
898063,333275,Sat Oct 21 02:22:21 +0000 2017,"Hey @39602 @DoorDash_Help .. If you're doubling up orders on a Friday, somebody's food is going to be ice cold. Namely mine",898061,DoorDash_Help,Sat Oct 21 02:27:25 +0000 2017,"@333275 Thanks for reaching out, Could you please DM us with your email address so we can look into this.",898062
898065,333276,Sat Oct 21 02:17:03 +0000 2017,"@DoorDash_Help Your app crashed while making an order. I still got charged, but the restaurant never received my order. #NotHappy https://t.co/u8d149CHqO",898064,DoorDash_Help,Sat Oct 21 02:23:01 +0000 2017,"@333276 Thanks for reaching out, Could you please DM us with your Email address so we can look into this for you.",
898067,333277,Sat Oct 21 01:30:52 +0000 2017,"Uhhhhh @116584, why are all the restaurants in my area showing as Closed at 7:30pm on a Friday? https://t.co/YrYsCnDXUS",898066,DoorDash_Help,Sat Oct 21 01:59:26 +0000 2017,"@333277 Thanks for reaching out, Could you please DM us with your email address so we can investigate this.",
901594,2803,Sun Oct 29 20:29:16 +0000 2017,"@116584 3rd order, 3rd mistake. Each time 1 of my family didn't get to eat their meal. Not ok.Fix your process and reply to your customers",901593,DoorDash_Help,Sun Oct 29 21:29:31 +0000 2017,"@2803 Hi Eve, Sorry to hear about this! Please DM your email address and we will reach out right away!",
901596,334037,Sun Oct 29 20:17:41 +0000 2017,@334038 @DoorDash_Help @116584 u ain’t missing a thing,901595,DoorDash_Help,Sun Oct 29 21:27:49 +0000 2017,"@334037 Hi, Sorry to hear about this! Please DM your email address and we will reach out right away!",
901597,334038,Sat Oct 28 18:00:21 +0000 2017,Wow @DoorDash_Help I can't believe the @116584 website gives no ability to access my payment card info so I can update them and actually use your service. Guess you just lost a customer.,901598,DoorDash_Help,Sat Oct 28 19:25:52 +0000 2017,"@334038 Hi Ken! We can help you with this, you can update your credit card information on the checkout page on the website! Thanks.",
901600,334039,Sun Oct 29 21:56:12 +0000 2017,@DoorDash_Help sent,901602,DoorDash_Help,Mon Oct 30 00:02:17 +0000 2017,"@334039 Hi Kaneca, this was your order from the Cheese Steak Shop? Can I ask you for some details about what went wrong so I can fix it?",901603
901601,334039,Sun Oct 29 19:41:04 +0000 2017,@DoorDash_Help who do i contact about a wrong order ☹️,901599,DoorDash_Help,Sun Oct 29 21:26:22 +0000 2017,"@334039 Hi, Sorry to hear about this! Please DM your email address and we will reach out right away!",901600
901607,334040,Sun Oct 29 17:43:52 +0000 2017,@DoorDash_Help your SMS verification code thing doesn't seem to be working right now...,901606,DoorDash_Help,Sun Oct 29 21:25:27 +0000 2017,"@334040 Hey there, DM us with your email address and we will reach out right away!",
901609,334041,Sun Oct 29 19:45:40 +0000 2017,"@DoorDash_Help @116584 So, I try to contact driver- nothing. He is not answering to text nor phone calls. https://t.co/y6BznxbA7S",901608,DoorDash_Help,Sun Oct 29 21:25:24 +0000 2017,"@334041 Hi Kristina, sorry for the delay replying. Can you please DM your email address so we can investigate this?",
901614,334042,Sun Oct 29 19:19:57 +0000 2017,"@DoorDash_Help Does the driver get the delivery fee + the tip? Orders have Delivery Fee + Service Fee + optional Tip, so i'd like to clarify",901610,DoorDash_Help,Sun Oct 29 21:25:08 +0000 2017,@334042 Thank for getting in touch Delivery earnings are calculated by $1 + pay boost + 100% of tip!,"901611,901612,901613"
901617,334041,Sun Oct 29 19:57:02 +0000 2017,@DoorDash_Help @116584 I receive an email that I will not be refunded because I was not around for delivery and to respond to email. https://t.co/4OcGgDnWuq,901616,DoorDash_Help,Sun Oct 29 21:08:29 +0000 2017,"@334041 Hi Kristina, Sorry to hear about this! Please DM your email address and we will reach out right away!",
901619,334043,Sun Oct 29 19:03:06 +0000 2017,First time using @116584 and they forget the bacon... You never forget the bacon. 👎🏼,901618,DoorDash_Help,Sun Oct 29 21:05:04 +0000 2017,"@334043 Hi Lauren, I agree never forget the Bacon! Please DM us your Email address so we can look into this for you!",
901621,334044,Sun Oct 29 17:55:51 +0000 2017,"@DoorDash_Help Trying to use the ""TWO FREE"" promo code but it isn't working, please help!",901620,DoorDash_Help,Sun Oct 29 21:02:11 +0000 2017,"@334044 Hi Ben, sorry you're having difficulties. Can you please DM us your email address and a screenshot of the promo you received? Thanks",
901623,334045,Sun Oct 29 18:22:11 +0000 2017,"i forgot why i hadn’t used @116584 in a while, and now i remember. it shouldn’t take 45 minutes to get my food which is probably now cold.",901622,DoorDash_Help,Sun Oct 29 21:00:33 +0000 2017,@334045 Thanks for this message. Sorry for the trouble.  Please DM us with your email address &amp; we'll reach out right away!,
901625,334046,Sun Oct 29 18:21:23 +0000 2017,@128945 @115877 @116584 @13925 I'll be dead within the next 10 mins if I dont eat,901624,DoorDash_Help,Sun Oct 29 20:59:40 +0000 2017,"@334046 Hey Red, Leave it in the capable hands of DoorDash. Place your order on our site and you'll be eating like a king in no time.",
901629,334047,Sun Oct 29 16:31:59 +0000 2017,@116584 you fuckin suck. Over an hour and it hasn’t even been picked up yet - no “hey we’ll be a little late” message. 🖕,901628,DoorDash_Help,Sun Oct 29 20:58:51 +0000 2017,@334047 Thanks for this message. Sorry for the trouble.  Please DM us with your email address &amp; we'll reach out right away!,
905882,335062,Sat Oct 21 00:05:39 +0000 2017,"@DoorDash_Help The app said free delivery thru midnight, then disappeared. #Help abt to place order.",905881,DoorDash_Help,Sat Oct 21 00:16:16 +0000 2017,"@335062 Thanks for reaching out, Could you please DM us with your email address so we can look into this for you.",
905884,335063,Sat Oct 21 00:06:19 +0000 2017,@116584 what da f I literally was charged $100 for a $12 salad that I never received I'm too poor for your shenanigans,905883,DoorDash_Help,Sat Oct 21 00:10:39 +0000 2017,"@335063 Thanks for reaching out, Could you please DM us with your email address so we can investigate this.",
905886,335064,Fri Oct 20 23:03:43 +0000 2017,@116584 for some reason i just got an email about an order i made 2 days ago. It tells me to expect my food in 76 min. HELP,905885,DoorDash_Help,Fri Oct 20 23:41:30 +0000 2017,"@335064 Thanks for reaching out, Could you please DM us with your email address so we can get this resolved for you.",
905888,335065,Fri Oct 20 23:02:41 +0000 2017,Who am I supposed to contact @116584 @DoorDash_Help when I can't find a phone number and no one is returning my emails????,905887,DoorDash_Help,Fri Oct 20 23:39:31 +0000 2017,"@335065 Thanks for reaching out, Could you please DM us with your Email address so we can get this resolved for you.",
909403,336012,Sat Oct 21 03:27:26 +0000 2017,"For any of my friends living in SF, don't use @116584. Consistently the worst service ever. I'm done.",909402,DoorDash_Help,Sat Oct 21 05:10:43 +0000 2017,"@336012 Thanks for reaching out, Could you please DM us with your email address so we can get this issue resolved for you.",
909411,336015,Sat Oct 21 03:18:40 +0000 2017,Never ordering from that restaurant again.  I really wish @116584 would shape up.,909410,DoorDash_Help,Sat Oct 21 05:00:40 +0000 2017,"@336015 Thanks for reaching out, could you please DM us with your email address so we can get this issue resolved for you.",
909414,336016,Sat Oct 21 03:11:37 +0000 2017,"@116584 Aka #doordash is now fired, that circumstance is for your benefit, not mine, and I’m paying for it. No longer.",909413,DoorDash_Help,Sat Oct 21 04:56:18 +0000 2017,"@336016 Thanks for reaching out, Could you please DM us with your email address so we can get this issue resolved for you.",
909417,333270,Sat Oct 21 03:27:57 +0000 2017,@DoorDash_Help the live chat on the app won't connect.,909416,DoorDash_Help,Sat Oct 21 04:49:38 +0000 2017,"@333270 Thanks for reaching out, Could you please DM us with your email address and we will take care of this for you.",
912735,336748,Sat Oct 21 05:48:20 +0000 2017,Y'all fucced up my order smh @116584,912734,DoorDash_Help,Sat Oct 21 05:58:57 +0000 2017,"@336748 Thanks for reaching out, Could you please DM us with your email address so we can get this resolved for you.",
912737,336749,Sat Oct 21 05:31:25 +0000 2017,"@DoorDash_Help ordered food on way home stating leave at front door. No food. Called driver, says food left at different address. Hungry!",912736,DoorDash_Help,Sat Oct 21 05:45:52 +0000 2017,"@336749 Thanks fore reaching out, Could you please DM us with your email address  so we can get this resolved for you.",
914109,337078,Fri Dec 01 05:44:51 +0000 2017,@DoorDash_Help i can’t do a delivery i need help can i call a number???,914108,DoorDash_Help,Fri Dec 01 05:51:26 +0000 2017,"@337078 Hi Juulbaby, Please DM us your information and we will reach out to you right away. Thanks DoorDash",
916598,337614,Fri Oct 13 19:56:22 +0000 2017,I've ordered from @116584 5 times and every single time there late and the dasher number never works. Postmates always has the upper hand,916597,DoorDash_Help,Fri Oct 13 20:01:12 +0000 2017,"@337614 Hi Devante, we are so sorry about these recent experiences. Please DM us with your email and we will make this right.",
916607,337618,Fri Oct 13 18:43:14 +0000 2017,@116584 When will you be dashing in Victoria BC??,916606,DoorDash_Help,Fri Oct 13 19:18:00 +0000 2017,@337618 Thanks for reaching out. We have no specific information regarding this at present however we'll be happy to keep you updated.,
920483,338492,Sat Oct 21 10:17:22 +0000 2017,i’m so pissed i just @116584 ‘d food and my driver never dropped off my food and now everything is closed,920482,DoorDash_Help,Sat Oct 21 10:39:26 +0000 2017,@338492 Thanks for this message. Sorry for the trouble.  Please DM us with your email address &amp; we'll reach out right away!,
929098,340442,Sat Oct 21 14:01:27 +0000 2017,"@116584 I love how you sent me a coupon for $10 off on my next order via mail, and don't even deliver to my area. @6871 FTW!",929097,DoorDash_Help,Sat Oct 21 14:47:54 +0000 2017,@340442 Hi Kam! Sorry for that confusion - can always pass it on to friends or use it for staying in an area that does deliver :),
939295,342660,Fri Oct 13 23:19:03 +0000 2017,"@116584 I love your service in Sugar Land, Texas thanks!",939293,DoorDash_Help,Fri Oct 13 23:26:01 +0000 2017,"@342660 We really love your feedback, feel free to drop us a line anytime.",939294
939297,342661,Fri Oct 13 23:39:53 +0000 2017,@DoorDash_Help Did you receive it?,939300,DoorDash_Help,Fri Oct 13 23:51:24 +0000 2017,"@342661 Hi Jill, I've now added a $10 credit to your account which will automatically come off your next order.",939301
939299,342661,Fri Oct 13 23:19:53 +0000 2017,@DoorDash_Help The FRIDAYTHE13 code won't apply to my order. It keeps saying I've already used it and won't take it off of the order.,939296,DoorDash_Help,Fri Oct 13 23:24:13 +0000 2017,@342661 Hello Jill I'm really sorry to heat that but DM us your email address and we will get this fixed for you right away :),"939297,939298"
939301,342661,Fri Oct 13 23:55:48 +0000 2017,@DoorDash_Help Thank you very much!,939302,DoorDash_Help,Sat Oct 14 00:35:22 +0000 2017,@342661 You're very welcome.,
939304,342662,Fri Oct 13 23:11:12 +0000 2017,@116584 why is every restaurant closed on your app...I just did an app update,939303,DoorDash_Help,Fri Oct 13 23:13:05 +0000 2017,"@342662 Oh no! I'm really sorry to hear about this, please DM us your email address and we'll reach out right away!",
939306,342663,Fri Oct 13 22:29:10 +0000 2017,My husband can the @116584 driver pull up but not anything I've said sitting beside him 🤣 #fridaynight,939305,DoorDash_Help,Fri Oct 13 22:52:53 +0000 2017,@342663 Oh I can't really understand what you mean? Can you please be more specific? Thanks,
939308,342664,Fri Oct 13 22:26:29 +0000 2017,"@116584 logic: when calling a customer for a reported issue, if they don't pick up the first time.. CALL THEM FOUR MORE TIMES B2B! 🙄",939307,DoorDash_Help,Fri Oct 13 22:44:09 +0000 2017,@342664 I'm really sorry Meow. Please let me know if I can assist you with anything else please?,
939310,342665,Fri Oct 13 21:07:14 +0000 2017,"@DoorDash_Help hi. looking for help with my current order. last time i used doordash, restaurant wasnt aware they were part of the service",939309,DoorDash_Help,Fri Oct 13 21:23:12 +0000 2017,"@342665 Thanks for getting in touch, please DM us with your email and we'll be delighted to help.",
939312,273646,Fri Oct 13 20:53:48 +0000 2017,@DoorDash_Help So... I tip when I place my order but a TIP ensures promptness (look it up) &amp; my order is late.... so... Whats up with that?,939311,DoorDash_Help,Fri Oct 13 20:57:26 +0000 2017,"@273646 Oh no! I'm really sorry to hear about this, please DM us your email address and we'll reach out right away!",
939314,342666,Sat Oct 14 00:22:24 +0000 2017,@DoorDash_Help Hi hello did you get it :),939316,DoorDash_Help,Sat Oct 14 01:07:18 +0000 2017,"@342666 I can confirm that this refund was processed, please note refund should've come off your original charge on your statement",939317
939315,342666,Thu Oct 12 01:28:12 +0000 2017,@DoorDash_Help it’s been 10 days I just want my $3.99 back :(,939313,DoorDash_Help,Fri Oct 13 20:40:41 +0000 2017,@342666 Thanks for this message. Sorry for the trouble.  Please DM us with your email address &amp; we'll reach out right away!,939314
939777,342779,Wed Oct 11 01:33:52 +0000 2017,"@116584 hey, I can't login to my account and can't reset password either. It says password was reset, but there's no email from you.",939776,DoorDash_Help,Wed Oct 11 01:35:48 +0000 2017,"@342779 Hi Lena, can you DM us your email address and we will look in to this?",
945551,344210,Sat Oct 21 16:16:47 +0000 2017,@DoorDash_Help used a free delivery code this AM; restaurant canceled my order so had to order from somewhere else then my code didnt work 😒,945550,DoorDash_Help,Sat Oct 21 16:36:24 +0000 2017,@344210 Thanks for this message. Sorry for the trouble.  Please DM us with your email address &amp; we'll reach out right away!,
945553,344211,Sat Oct 21 15:49:19 +0000 2017,Very unhappy with my first and last @116584 experience. Would not recommend.,945552,DoorDash_Help,Sat Oct 21 15:50:43 +0000 2017,@344211 Thanks for this message. Sorry for the trouble.  Please DM us with your email address &amp; we'll reach out right away!,
945555,344212,Sat Oct 21 15:18:42 +0000 2017,@116584 what is the contact email for your Head Office?,945554,DoorDash_Help,Sat Oct 21 15:27:16 +0000 2017,@344212 Thanks for this message. Sorry for the trouble.  Please DM us with your email address &amp; we'll reach out right away!,
945557,344213,Sat Oct 21 15:15:38 +0000 2017,@DoorDash_Help Has The WORST Customer Service,945556,DoorDash_Help,Sat Oct 21 15:19:46 +0000 2017,@344213 Thanks for this message. Sorry for the trouble.  Please DM us with your email address &amp; we'll reach out right away!,
946362,344404,Sat Oct 21 18:10:04 +0000 2017,Gloomy day should I @116584 ?,946361,DoorDash_Help,Sat Oct 21 18:41:50 +0000 2017,@344404 Gloomy day or sunny day - always DoorDash :D,
948411,344917,Tue Oct 31 01:16:55 +0000 2017,@116584 I can't get my promo code to work 😭 Both kids are in bed and I need food delivered ASAP! HELP!!!!,948410,DoorDash_Help,Tue Oct 31 02:15:01 +0000 2017,@344917 Thanks for this message. Sorry for the trouble.  Please DM us with your email address &amp; we'll reach out right away!,
948413,344918,Tue Oct 31 01:47:04 +0000 2017,@DoorDash_Help Why was my tweet deleted? I signed up as new user and my referral credit was taken away,948412,DoorDash_Help,Tue Oct 31 02:04:56 +0000 2017,"@344918 Hey there, DM us your email address and we will reach out right away!",
954763,154059,Sat Oct 21 20:49:04 +0000 2017,What is @116584 and why are they calling me names? LOL. https://t.co/x3swDwZEcd,954762,DoorDash_Help,Sat Oct 21 20:51:24 +0000 2017,"@154059 Thanks for reaching out, Could you please DM us with your email address so we can look into this for you.",
956073,346854,Sat Oct 14 01:08:43 +0000 2017,"@DoorDash_Help Very poor service, order more than 30min late and only offered $10. Looks like it is @115877 only now, done with you guys.",956072,DoorDash_Help,Sat Oct 14 01:29:06 +0000 2017,"@346854 Thanks for reaching out Rob, Could you please DM us with your email address so we can fix this.",
956075,161359,Sat Oct 14 01:10:48 +0000 2017,@116584 BUT they delivered within the hour anyway! Guess the ETA estimates need some work.,956074,DoorDash_Help,Sat Oct 14 01:22:32 +0000 2017,@161359 Hi Martjn Glad everything worked out! Have an awesome weekend and DM us if you need any assistance :D,
956078,346855,Sat Oct 14 00:42:56 +0000 2017,@116584 your website won't take my payment. Just a spinning loading sign. Very disappointed with my first Door Dash experience.,956077,DoorDash_Help,Sat Oct 14 01:18:50 +0000 2017,@346855 Oh I'm sorry to hear that.Are you putting all your details correct?Does any error message comes up?DM us your email address,
956080,346856,Sat Oct 14 00:25:22 +0000 2017,⚠️ complaining tweet ⚠️ 2 hours for food ordered on @116584 followed by two separate calls from customer service w/ conflicting info🤦🏻‍♀️,956079,DoorDash_Help,Sat Oct 14 00:50:16 +0000 2017,"@346856 Hi Sarah, So sorry to hear about your experience. Please DM us your info and we will get this investigated for you! Thank you",
956090,346859,Fri Oct 13 23:52:14 +0000 2017,@116584 @DoorDash_Help,956089,DoorDash_Help,Sat Oct 14 00:09:57 +0000 2017,"@346859 Thank you for reaching out, Could you please DM us with your Email address so we can resolved for you.",
958155,347346,Sun Oct 22 00:56:38 +0000 2017,@DoorDash_Help why does my new account say delivery to Cream is free but show a 7.99 delivery fee when I’m checking out?,958154,DoorDash_Help,Sun Oct 22 01:10:51 +0000 2017,"@347346 Thanks for reaching out, Could you please DM us with your email address so we can get this resolved for you.",
958157,229033,Sat Oct 21 23:50:23 +0000 2017,@DoorDash_Help Have had it up to here with your shitty service. They said they have filed an incident report for our dasher... so that's good I guess,958156,DoorDash_Help,Sat Oct 21 23:54:54 +0000 2017,@229033 Thanks for this message Eric. Sorry for the trouble.  Please DM us with your email address &amp; we'll reach out right away!,
958161,347347,Sat Oct 21 23:31:39 +0000 2017,@DoorDash_Help tried using your Fallfun promo code in the Norther VA/ DC area but i keep getting a error message?,958160,DoorDash_Help,Sat Oct 21 23:35:13 +0000 2017,"@347347 Thanks for reaching out, Could you please MD us with your email address so we can get this resolved for you.",
962014,348279,Sun Oct 22 02:38:38 +0000 2017,@DoorDash_Help driver said to my face she doesn’t like my neighborhood and doesn’t usually deliver here. I live in a Low income area.,962013,DoorDash_Help,Sun Oct 22 02:45:53 +0000 2017,@348279 We are so sorry about this experience Jenny. Please DM us with your email address and we will reach out right away.,
962017,167905,Sun Oct 22 02:31:42 +0000 2017,"@DoorDash_Help Hello, I placed an order before 6pm, and and have been waiting and have been getting false information from the live updates for 90 minutes. You also will not let me cancel the order even though it has not been placed.

Fix this.",962015,DoorDash_Help,Sun Oct 22 02:38:26 +0000 2017,@167905 Thanks for this message. Sorry for the trouble.  Please DM us with your email address &amp; we'll reach out right away!,962016
962019,157913,Sun Oct 22 01:48:16 +0000 2017,@116584 hey I have a issue with an order.... it took way too fucking log,962018,DoorDash_Help,Sun Oct 22 02:03:54 +0000 2017,@157913 Thanks for this message. Sorry for the trouble.  Please DM us with your email address &amp; we'll reach out right away!,
962021,348280,Sun Oct 22 01:28:10 +0000 2017,@DoorDash_Help ordered food and waited for 2 hours just to be informed that it’s not going to be delivered!!!!! INCOMPETENT!,962020,DoorDash_Help,Sun Oct 22 01:31:41 +0000 2017,"@348280 Hi Shawn, So sorry to hear. Please DM us your information so we can find out whats happened with your order. Thanks DoorDash",
962023,348281,Sun Oct 22 01:11:17 +0000 2017,"@116584 really should send me some coupons, credits, free deliveries or something...I’ve been using them like crazy.",962022,DoorDash_Help,Sun Oct 22 01:19:37 +0000 2017,@348281 Please DM us with your email and we'll be more than happy to look into this.,
965712,349170,Sat Oct 14 02:51:36 +0000 2017,@116584 - which means my foods going to be soggy &amp; yes I could have picked up my own food but when i got 14 hours a day that’s the last thing I -,965711,DoorDash_Help,Sat Oct 14 03:04:35 +0000 2017,"@349170 Hi Becca, please DM us with your email and we'll be happy to help.",
965715,349171,Sat Oct 14 02:39:35 +0000 2017,Tried @116584 tonight and oh my god what a nightmare.,965714,DoorDash_Help,Sat Oct 14 02:54:10 +0000 2017,@349171 Thanks for this message. Sorry for the trouble.  Please DM us with your email address &amp; we'll reach out right away!,
965717,349172,Sat Oct 14 02:12:27 +0000 2017,@DoorDash_Help Order seemed to go through when I reopened the app but the ETA is bonkers! More than 90 mins since the first attempt!,965716,DoorDash_Help,Sat Oct 14 02:43:47 +0000 2017,@349172 Thanks for this message. Sorry for the trouble.  Please DM us with your email address &amp; we'll reach out right away!,
965720,349173,Sat Oct 14 01:48:51 +0000 2017,"@116584 I tried using door dash for the first time today, so far this experience sucks. The dasher isn't responsive and is late",965719,DoorDash_Help,Sat Oct 14 02:38:25 +0000 2017,"@349173 Hi Hernan, please DM us with your email and we'll do our best to help.",
965722,349174,Sat Oct 14 01:23:21 +0000 2017,@116584 This is what @11342 Factory food looks like when the delivery takes two hours. #fail https://t.co/TQ0SeOENG5,965721,DoorDash_Help,Sat Oct 14 02:08:05 +0000 2017,"@349174 Hi Mike, we feel awful that you had this experience. Please DM us with email and we'll be more than happy to help.",
969041,350032,Sun Oct 22 06:23:54 +0000 2017,"@DoorDash_Help Placed order for fast food 2 miles away, waited 1 hour and no pickup. Chat with your ""customer service"" who sad nos coming 😂😂",969040,DoorDash_Help,Sun Oct 22 06:31:57 +0000 2017,@350032 Thanks for this message. Sorry for the trouble.  Please DM us with your email address &amp; we'll reach out right away!,
971651,350497,Sat Oct 14 05:44:25 +0000 2017,.@116584 You are the actual worst. Your driver never shows up to pick up an order and no one even notified us? #doordashsucks #bigly,971649,DoorDash_Help,Sat Oct 14 05:51:04 +0000 2017,"@350497 Thanks for reaching out, We would love to make this right, Could you please DM us with your email address?",971650
971653,350498,Sat Oct 14 05:12:42 +0000 2017,@DoorDash_Help been on hold for 20 min. Order is wrong after waiting an hour. Wrong choice to try @116584 !,971652,DoorDash_Help,Sat Oct 14 05:15:53 +0000 2017,@350498 So sorry to hear that Kate can you please DM us your email address.,
971655,350499,Sat Oct 14 05:03:46 +0000 2017,"@DoorDash_Help my delivery never showed up. the order is completed as if it was, but i never received my food. your support form is offline.",971654,DoorDash_Help,Sat Oct 14 05:11:32 +0000 2017,@350499 Thanks so much for reaching out and we would love to make this right. Please DM us with your email &amp; we reach out right away.,
971659,350500,Sat Oct 14 05:02:04 +0000 2017,@DoorDash_Help I was trying to give you a second chance after the fiasco last month where your entire company crashed and you screwed us all. =[,971657,DoorDash_Help,Sat Oct 14 05:09:57 +0000 2017,"@350500 Thanks for contacting us Shawn, we'd love to resolve this asap. Please DM us with your email &amp; we'll reach out right away.",971658
971664,350501,Sat Oct 14 04:23:46 +0000 2017,"Many companies are incompetent, but @116584's incompetence displays excellent commitment and attention to detail. https://t.co/dSLo61X9Ln",971663,DoorDash_Help,Sat Oct 14 04:47:09 +0000 2017,@350501 We appreciate your feedback and will use this to improve our service. Please let us know if there's anything else we can help.,
971666,350502,Sat Oct 14 04:22:18 +0000 2017,"@116584 your driver SUCKS! After waiting 1.4 hours your driver decides to cancel my order??? What, the fuck!",971665,DoorDash_Help,Sat Oct 14 04:44:08 +0000 2017,@350502 Please DM us with your email and we'll be delighted to help.,
977672,351884,Sat Oct 14 06:36:16 +0000 2017,@116584 I can’t seem to login. I just get a “whoops” message,977671,DoorDash_Help,Sat Oct 14 06:54:14 +0000 2017,@351884 Thanks for reaching out about this. Could you please DM us with your email address so we can look into this.,
977675,351885,Sat Oct 14 06:29:45 +0000 2017,@DoorDash_Help I can’t log in to the app to track my order 😩,977673,DoorDash_Help,Sat Oct 14 06:33:24 +0000 2017,@351885 Thanks for contacting us &amp; we'd love to look into this for you. Please DM us with your email &amp; we'll make this right asap.,977674
978162,351985,Sun Oct 22 03:06:33 +0000 2017,.@116584 Tried resetting my password but am not receiving the password reset email. Appreciate your assistance with this.,978160,DoorDash_Help,Sun Oct 22 04:44:03 +0000 2017,"@351985 Oh no! I'm really sorry to hear about this, please DM us your email address and we'll reach out right away!",978161
978165,351986,Sun Oct 22 04:32:28 +0000 2017,.@116584 I think my food is lost...........,978163,DoorDash_Help,Sun Oct 22 04:42:31 +0000 2017,"@351986 Oh no Samantha, I'm so sorry, that's really not good. Please DM me your email address so I can load the order and fix it for you.",978164
978170,351988,Sun Oct 22 04:30:16 +0000 2017,"Cheated on @116057 with @116584 and karma punished me. Only 1/2 my order, but full attitude were delivered. https://t.co/Bj1BFsoRJf",978169,DoorDash_Help,Sun Oct 22 04:40:42 +0000 2017,"@351988 Hi Lauren, Please DM us your info and we will be in contact right away to get this resolved! So sorry about your order. DoorDash",
978173,351989,Sun Oct 22 04:20:53 +0000 2017,@116584 hello??? Your driver didn't even call/text and it said delivered but she didn't even leave the food lol,978172,DoorDash_Help,Sun Oct 22 04:26:00 +0000 2017,@351989 Thanks for this message. Sorry for the trouble.  Please DM us with your email address &amp; we'll reach out right away!,
978175,351990,Sun Oct 22 02:26:04 +0000 2017,Had another bad delivery experience from @116584. Hey @115877  do you want my business?? Family of 4 always needing deliveries,978174,DoorDash_Help,Sun Oct 22 04:20:57 +0000 2017,"@351990 Oh no! I'm really sorry to hear about this, please DM us your email address and we'll reach out right away!",
978177,351991,Sun Oct 22 03:19:34 +0000 2017,". @DoorDash_Help getting a little tired of your drivers saying they've delivered my food when they have not. Hope my driver likes my food, I know I would've liked it!!!!",978176,DoorDash_Help,Sun Oct 22 04:06:10 +0000 2017,"@351991 Oh no! I'm really sorry to hear about this, please DM us your email address and we'll reach out right away!",
978179,351992,Sun Oct 22 03:56:43 +0000 2017,So hangry at @116584 u cancelled my order at the same time it should’ve been delivered 🖕don’t waste my time,978178,DoorDash_Help,Sun Oct 22 04:05:27 +0000 2017,"@351992 Oh no! I'm really sorry to hear about this, please DM us your email address and we'll reach out right away!",
978181,351993,Sun Oct 22 02:45:15 +0000 2017,Pretty sure my @116584 driver ate our dinner tonight.,978180,DoorDash_Help,Sun Oct 22 03:50:41 +0000 2017,"@351993 Hi Mykill, So sorry to hear about your order. Please DM us your information and we will be in contact right away to resolve!",
978184,351994,Sun Oct 22 03:44:41 +0000 2017,@116584 can never ever ever get an order correct.  When will we learn.,978182,DoorDash_Help,Sun Oct 22 03:49:23 +0000 2017,"@351994 Hi Mat, Please DM us your information on what has happened and we will be in contact to get this resolved! Thanks DoorDash",978183
978188,351997,Sun Oct 22 03:36:17 +0000 2017,@116584 #Bruh I ordered food before 9 and it never showed. 🙄😤 #HangryBaby #DoBetter,978187,DoorDash_Help,Sun Oct 22 03:47:16 +0000 2017,@351997 Thanks for this message. Sorry for the trouble.  Please DM us with your email address &amp; we'll reach out right away!,
978191,351998,Sun Oct 22 02:24:36 +0000 2017,Soooo disappointed in our @116584 order. It was all wrong!!,978189,DoorDash_Help,Sun Oct 22 03:46:29 +0000 2017,"@351998 Oh no! I'm really sorry to hear about this, please DM us your email address and we'll reach out right away!",978190
978193,169406,Sun Oct 22 02:15:56 +0000 2017,@DoorDash_Help first time ordering and it’s messed up!,978192,DoorDash_Help,Sun Oct 22 03:42:30 +0000 2017,"@169406 Oh no! I'm really sorry to hear about this, please DM us your email address and we'll reach out right away!",
978202,352004,Sun Oct 22 01:55:23 +0000 2017,Don't bother using @116584. Two burgers 15 minutes away has taken an hour and 40 minutes and counting. #epicfail #imstarving,978201,DoorDash_Help,Sun Oct 22 03:41:01 +0000 2017,"@352004 Hi Ty, I'm so sorry, that's unaceptable. Can you please DM your email address to me so I can look into this for you?",
978204,352005,Sun Oct 22 03:32:45 +0000 2017,@116584 well you wasted my time again.   Almost 3 hours after I ordered.,978203,DoorDash_Help,Sun Oct 22 03:40:05 +0000 2017,"@352005 Oh no! I'm really sorry to hear about this, please DM us your email address and we'll reach out right away!",
978206,352006,Sun Oct 22 02:25:34 +0000 2017,Can we talk about how I ordered food from @116584 and It never even came lol,978205,DoorDash_Help,Sun Oct 22 03:28:07 +0000 2017,"@352006 Oh no! I'm really sorry to hear about this, please DM us your email address and we'll reach out right away!",
979005,352177,Wed Nov 22 03:05:47 +0000 2017,"Tried @116584 iOS app for the first time and used #ApplePay. Charged me $27.06 right away, and then failed to place the order. How do I get my money back?  Tried calling support and got a full voice mailbox. @351996 ???  Off to pick up dinner I guess.",979004,DoorDash_Help,Wed Nov 22 03:12:27 +0000 2017,@352177 Hi Brian. I apologise about any trouble caused but if you could DM us your email address we would love to help.,
979008,352178,Wed Nov 22 02:55:30 +0000 2017,@DoorDash_Help Just sent another dm with another problem. Please help!,979006,DoorDash_Help,Wed Nov 22 03:03:49 +0000 2017,"@352178 We truly sorry about this, We will contact you right away to assist you!",979007
979010,352178,Wed Nov 22 02:44:53 +0000 2017,@DoorDash_Help Done,979009,DoorDash_Help,Wed Nov 22 02:51:45 +0000 2017,@352178 Thank you Jamie! We will contact you right now to assist you better.,979008
979012,352178,Wed Nov 22 02:36:37 +0000 2017,@DoorDash_Help Just sent you a dm about a big problem. Thanks in advance for helping.,979011,DoorDash_Help,Wed Nov 22 02:44:09 +0000 2017,"@352178  Hi Jamie, We're sorry about this experience. Please send us a DM with your email address at @doordash_help.",979010
988415,354181,Wed Oct 11 19:43:03 +0000 2017,@116584 where my mf tacos at i will fade on sight,988414,DoorDash_Help,Wed Oct 11 19:58:11 +0000 2017,"@354181 Hi Ryan, please DM us with your email and we'll be delighted to assist you.",
994149,355505,Sat Nov 25 10:09:39 +0000 2017,"Had the absolute worst experience with @116584. Food was incorrect, late, cold, and the driver was unresponsive until he needed me to come out to get the food.",994150,DoorDash_Help,Wed Nov 29 00:00:39 +0000 2017,@355505 Hi Ben. We're sorry about this experience. Please send us a DM with your email address at @doordash_help.,
994149,355505,Sat Nov 25 10:09:39 +0000 2017,"Had the absolute worst experience with @116584. Food was incorrect, late, cold, and the driver was unresponsive until he needed me to come out to get the food.",994148,DoorDash_Help,Sat Nov 25 10:13:24 +0000 2017,@355505 Hi [insert @43624]. We apologize for the frustration. Please send us a DM with your email address at @doordash_help.,
