customer_tweet_id,customer_author_id,customer_created_at,customer_text,brand_tweet_id,brand_account,brand_created_at,brand_reply,brand_response_tweet_id
1000015,209328,Sun Oct 22 16:16:12 +0000 2017,"Never going back to @ATT and @115955 promotion is ending (not paying $70/mo), what company would people recommend for internet?",1000013,ATT,Sun Oct 22 16:34:30 +0000 2017,"@209328 Hi, Sara! We never want to lose a member of the AT&amp;T family! Let get to the bottom of this. Please send us a DM! ^EdwinE",1000014
1003491,357530,Sat Oct 14 12:37:14 +0000 2017,@ATT Roflol! Is this related to the supposedly fast (extremely slow) @126768 that won’t let me use Skype in @43978 ?,1003487,ATT,Sat Oct 14 12:50:30 +0000 2017,@357530 We apologize for the extremely slow internet speeds you are experiencing. Please DM us with details. Here for you! ^ChristiM,"1003488,1003489,1003490"
1003492,357530,Sun Oct 15 20:10:15 +0000 2017,"@ATT 3) (done), 4) stop streaming &amp; data intensive stuff (no one here was), 5) replace router (done, multiple times), etc.  Still very slow.",1003493,ATT,Sun Oct 15 20:14:32 +0000 2017,"@357530 Hey There KSmith, Could you dm us the account number to further assist the issue.
Thanks!
DannyB",
1003503,357533,Sat Oct 14 11:41:51 +0000 2017,@ATT Love your AT&amp;T finer at our sticks and bricks house. So fast! And I never stress about data cap. Now how can I get it in my RV? #GoRVing,1003501,ATT,Sat Oct 14 12:47:30 +0000 2017,@357533 we understand your looking to get internet in your RV. Please DM us  your account number so we can further assist you.^NicJ,1003502
1003514,384482,Sat Oct 14 02:54:42 +0000 2017,@ATT Will u be extending the 'no extra charge' for overages for #hurricanemaria folk? I believe it ends today ?,1121146,ATT,Tue Oct 17 22:43:43 +0000 2017,@384482 Hello! Folks from Puerto Rico/USVI will have extensions on no overage charge until October 31st. DM us for more support! ^MG,1778382
1003515,384437,Sat Oct 14 05:22:06 +0000 2017,@ATT I am lucky to have 12mbs download and 1mbs upload,1120935,ATT,Sat Oct 14 12:07:00 +0000 2017,@384437 Hey! We hate to hear that you are experiencing problems with your internet/data. DM us details so we can assist you! ^MarM,
1003518,372662,Sat Oct 14 23:08:31 +0000 2017,@ATT A bit pricey plus not available in my area.,1070692,ATT,Sat Oct 14 23:15:00 +0000 2017,"@372662 Good evening, Kyle! Help us understand what you're experiencing. DM us for further assistance. We're here for you! ^NSmart",
1003520,393936,Sun Oct 15 00:55:32 +0000 2017,@ATT Why pay more when my normal @ATT internet can’t keep up. Don’t say message me either. I’ve already had someone come out and not fix it,1164547,ATT,Sun Oct 15 11:25:00 +0000 2017,"@393936 Hi Kevin. We regret to hear your internet speed is a bit slow, can you please DM us so we can better assist you? ^QB",
1003528,404605,Wed Oct 25 12:32:21 +0000 2017,@ATT Garbage service and garbage prices,1212590,ATT,Wed Oct 25 12:37:44 +0000 2017,"@404605 Hi there, Bryce, we're sorry to hear that you're not 100% satisfied with your service. Please DM us more details. ^JWillie",
1003538,502665,Tue Oct 17 13:23:52 +0000 2017,"@ATT @ATT when will you get fiber in my area? I can barely make a phone call, and forget streaming. #waitingforyesrs!",1644967,ATT,Tue Oct 17 13:34:02 +0000 2017,"@502665 Good morning we apologize for the inconvenience, our technicians are out in areas restoring services as of now. ^DreB",1644968
1003539,545994,Tue Oct 17 20:53:18 +0000 2017,@ATT Don’t be fooled...  we pay for 1Giga service and have never had better than 68MB connection,1817693,ATT,Wed Oct 18 02:38:26 +0000 2017,@545994 Slow internet?Try troubleshooting slow internet speeds here: https://t.co/fi8EZzFar4. Let us know if this helps! ^TinaT,1817694
1003550,274540,Thu Oct 19 04:58:29 +0000 2017,@ATT For some reason since the technician changed my modem my WiFi range has shrunk.,1022313,ATT,Sun Oct 22 22:33:00 +0000 2017,@274540 Sorry about your WiFi issues. I'd like to take a look and help. Follow/DM me the acct#/ph#. Thanks ^DanG. Social Media Mgr.,1022311
1005444,357977,Sat Oct 14 15:00:16 +0000 2017,"@att my internet is not working since yesterday, called multiple times but haven’t got any appointment with technician",1005443,ATT,Sat Oct 14 15:09:27 +0000 2017,"@357977 Hey, Himanshu, thanks for reaching out! Could you please send us a DM so we can better assist you! We are always here! ^WhitK",
1006031,358104,Sat Oct 14 12:49:51 +0000 2017,why do I spend so much money for 4g every other hour @att what's going on,1006030,ATT,Sat Oct 14 13:08:00 +0000 2017,@358104 Hey! We would love to help you here! DM us with more information! We will be here for you!^RonH,
1008422,358620,Sun Oct 22 20:07:14 +0000 2017,My lovely setup for #DecisionDay. Catch me over @358621 holding it down on the Western Conference side of things https://t.co/SGP1KhRIIW,1008421,ATT,Sun Oct 22 20:14:54 +0000 2017,@358620 Nicely done! Enjoy #DecisionDay https://t.co/YAj9sjQKjZ,
1008424,358622,Sun Oct 22 19:54:29 +0000 2017,"#DTID Good luck, boys #DecisionDay https://t.co/KZjMYS4yg0",1008423,ATT,Sun Oct 22 20:07:26 +0000 2017,@358622 Thank you for sharing the great photo! Enjoy the #DecisionDay match ⚽️ https://t.co/C9URcDPTlm,
1008426,358623,Sun Oct 22 19:35:57 +0000 2017,"FC Dallas trying to sneak into the playoffs. LA Galaxy in town. @ATT, thank you for #DecisionDay. I'm pumped! https://t.co/0Hfjz36XRy",1008425,ATT,Sun Oct 22 20:04:04 +0000 2017,@358623 Looking good! Thank you for sharing the awesome photo. Enjoy the #DecisionDay match! https://t.co/Aew0Gyptug,
1008428,332496,Sun Oct 22 19:34:51 +0000 2017,Almost to Citi Field!  @332495 @44218 @225694 https://t.co/CtPfPgNXSK,1008427,ATT,Sun Oct 22 20:02:36 +0000 2017,@332496 Travel safe and enjoy #DecisionDay https://t.co/Ovnb62RDTq,
1008430,358624,Sun Oct 22 19:27:38 +0000 2017,We are ready for @225694  #DecisionDay!  Go @355379! #DTID https://t.co/uY4N2ujHPb,1008429,ATT,Sun Oct 22 19:46:45 +0000 2017,@358624 Have a great time at the #DecisionDay match! https://t.co/4lXb5u7fD8,
1008432,358625,Sun Oct 22 19:26:44 +0000 2017,The calm before the storm... #PORvVAN #DecisionDay https://t.co/IMY9ImcQQM,1008431,ATT,Sun Oct 22 19:39:59 +0000 2017,@358625 Looking good! Enjoy the #DecisionDay match. https://t.co/WVNwXYgwD7,
1008434,358626,Sun Oct 22 19:10:23 +0000 2017,NYC! NYC! #NYCFC #DecisionDay https://t.co/mpaP4tQ7Uy,1008433,ATT,Sun Oct 22 19:25:53 +0000 2017,@358626 Enjoy the match! https://t.co/ydlLEtdkPg,
1008464,358637,Sat Oct 14 13:33:26 +0000 2017,@ATT is there some sort of outage with fiber in Nashville? My newly installed fiber internet doesn’t seem to be working at all,1008463,ATT,Sat Oct 14 13:53:02 +0000 2017,"@358637 Hey! We can definitely check that for you, kindly send us a DM with u-verse account number for further assistance. Thanks! ^RazR",
1013989,359934,Sat Oct 14 14:35:22 +0000 2017,@ATT Can I have 2 phones with the same number?,1013988,ATT,Sat Oct 14 14:40:41 +0000 2017,"@359934 Great question, Zeke! Find out more about having 2 phones with one number here https://t.co/H5r9x0jOk9 . DM us anytime! ^SY",
1013993,359936,Sat Oct 14 14:29:03 +0000 2017,"@ATT @627 as a heads up, after two weeks of hell in setting up my order it is messed up again.  My 3rd trip, this is ridiculous.",1013991,ATT,Sat Oct 14 14:34:29 +0000 2017,"@359936 Hey, Willy! We hate to hear that scheduling your installation wasn't a smooth process. Please DM us for more help. ^Markayla",1013992
1014549,360072,Sun Oct 22 17:00:38 +0000 2017,@ATT after being with u 4 a decade I am going to leave. U suck! U chargd me $650 4 using fone in Canada. I don't even have a visa for Canada,1014548,ATT,Sun Oct 22 17:18:00 +0000 2017,@360072 We would love to assist you with this! Please Dm us a few more details about the issues you have been experiencing. ^NicJ,
1016627,360534,Sat Oct 14 15:09:42 +0000 2017,"@ATT And they said “oh you got wrong info sorry, you can cancel that’s fine”. So I canceled directv switch. Now will be canceling all ATT srvc",1016626,ATT,Sat Oct 14 15:23:00 +0000 2017,@360534 Don't leave! We never want to leave you hanging! You are a valued member!  DM us your account number for further review. ^NicJ,
1016631,360534,Sat Oct 14 14:38:34 +0000 2017,What do y’all use for tv/internet? Pretty effing over @ATT,1016628,ATT,Sat Oct 14 15:00:56 +0000 2017,@360534 We understand your frustrated. We are here for you. Tell us about your concerns so we can see how we can assist you.^NicJ,"1016627,1016629,1016630"
1017947,360849,Sun Oct 22 20:30:52 +0000 2017,I am prepaired for #DecisionDay https://t.co/hMLjZsACu2,1017946,ATT,Sun Oct 22 20:36:17 +0000 2017,@360849 Looking good! Enjoy the #DecisionDay action. https://t.co/Desx5twWzR,
1017949,360850,Sun Oct 22 20:25:54 +0000 2017,Happy #DecisionDay everyone. I wish @290158 was starting out better. https://t.co/SLoK4cndUy https://t.co/WILyr3AwFD,1017948,ATT,Sun Oct 22 20:34:10 +0000 2017,@360850 Happy #DecisionDay! Loving the setup 🙌 https://t.co/u1leXK7n7p,
1017951,360851,Sun Oct 22 20:23:46 +0000 2017,"Extremely here for MLS #DecisionDay. Let’s go win the West, @123633! https://t.co/7nG3oIf7o2",1017950,ATT,Sun Oct 22 20:31:55 +0000 2017,@360851 Looks like a great setup! Enjoy the #DecisionDay action. https://t.co/CsGVFg5fKc,
1017955,360853,Sun Oct 22 20:17:08 +0000 2017,@360854 We are ready in Milwaukee. Go fire! #cf97 #DecisionDay #fftmymatchday https://t.co/HOlRwCZojh,1017954,ATT,Sun Oct 22 20:26:57 +0000 2017,@360853 Looking good! Enjoy #DecisionDay https://t.co/od6ACxO1hn,
1019258,361174,Sat Oct 14 14:56:51 +0000 2017,@ATT I don’t need to dm you 128kb per sec is dial up speed. Don’t advertise unlimited internet and give us this crap,1019257,ATT,Sat Oct 14 15:50:30 +0000 2017,"@361174 We would love to help you, Ross. If there is anything we can assist you with please DM us so we can look into this for you! ^TomJ",
1019260,361174,Sat Oct 14 13:56:47 +0000 2017,What’s the point of unlimited internet if you just make it so slow I can’t use it @ATT 😑,1019259,ATT,Sat Oct 14 14:07:28 +0000 2017,"@361174 Hey, Ross. We understand you are having concerns about slow internet speeds. We're here to help! Please DM us details on this.",1019258
1019262,361175,Sat Oct 14 15:30:28 +0000 2017,"To the @ATT store in Clermont, FL- your “customer service” is beyond pathetic.",1019261,ATT,Sat Oct 14 15:40:29 +0000 2017,"@361175 Hey, Katy, what seems to be the issue? DM us the full concerns and the account info. Thank you. We love to help. ^OmairZ",
1022308,361899,Sun Oct 22 20:05:40 +0000 2017,@127550 @189997 service is back up now.  Get your act together @ATT,1022305,ATT,Sun Oct 22 23:05:00 +0000 2017,"@361899 Sorry for the interruption in service, Ted. Is everything back to normal?","1022306,1022307"
1022311,274540,Sun Oct 22 22:34:16 +0000 2017,@ATT I do follow you but you don’t follow me so I can’t send a DM,1022309,ATT,Sun Oct 22 22:40:32 +0000 2017,"@274540 Based on our settings, you can send us a DM without us following you. ^DanG. Social Media Mgr.",1022310
1022315,361901,Sun Oct 22 22:17:37 +0000 2017,What a day! @225694 is awesome. #DecisionDay,1022314,ATT,Sun Oct 22 22:33:54 +0000 2017,@361901 SO. MANY. GOALS. What a day! https://t.co/BFVDUA5InY,
1022317,361902,Sun Oct 22 20:52:36 +0000 2017,"Not that Spectrum has the best CS reputation, nor does it have Fiber, but I'm officially done with all things @ATT",1022316,ATT,Sun Oct 22 22:29:30 +0000 2017,@361902 Hi Peter! Let us take a look to see how we can improve your Fiber and Uverse service. DM us your account number and we'll help. ^EG,
1022319,361903,Sun Oct 22 22:17:42 +0000 2017,"Seriously, #DecisionDay is a gift from God. @225694 @ATT https://t.co/G9zXEiC5Bn",1022318,ATT,Sun Oct 22 22:29:20 +0000 2017,@361903 #DecisionDay has us like…. HALLELUJAH!,
1022321,213030,Sun Oct 22 21:21:34 +0000 2017,My attention span has decided that @ATT needs to make @225694 have #DecisionDay every weekend so that I can see non-stop goals on goals on goa,1022320,ATT,Sun Oct 22 22:26:11 +0000 2017,"@213030 We’re in. @225694, you in? #DecisionDay",
1022324,361904,Sun Oct 22 22:01:38 +0000 2017,This is fun. Really enjoying @225694 #DecisionDay.,1022323,ATT,Sun Oct 22 22:22:16 +0000 2017,@361904 Same! So. Many. Goals. #DecisionDay https://t.co/RIvi9Cc7ET,
1022326,361905,Sun Oct 22 21:58:42 +0000 2017,MLS #DecisionDay should be a national holiday,1022325,ATT,Sun Oct 22 22:17:30 +0000 2017,@361905 We fully support this! https://t.co/VuNs8poY6Y,
1022328,361906,Sun Oct 22 21:55:59 +0000 2017,@225694 #DecisionDay ⚽️🤙🏻 https://t.co/WcJhj8mSFw,1022327,ATT,Sun Oct 22 22:12:29 +0000 2017,@361906 @225694 Happy #DecisionDay! https://t.co/dQn1IqKP92,
1022330,361907,Sun Oct 22 20:49:33 +0000 2017,Final home and setup for #DecisionDay https://t.co/NOpbpPw2lG,1022329,ATT,Sun Oct 22 22:07:26 +0000 2017,@361907 Looks like a great setup! Enjoy #Decision Day. https://t.co/Op1APZ9JWg,
1022391,361923,Sat Oct 14 15:54:37 +0000 2017,@361924 Note to @117830 &amp; @ATT ..better lower your prices drastically now or try to sell off a losing business later....,1022390,ATT,Sat Oct 14 16:15:02 +0000 2017,@361923 Thanks for your feedback! Do you have any other concerns today? We're here to help! ^BriT,
1022395,361925,Sat Oct 14 21:13:10 +0000 2017,"@ATT In a nutshell, I had a move scheduled nearly 2 weeks in advance and the tech no-call/no-showed and the response was no satisfactory",1022397,ATT,Sat Oct 14 21:25:00 +0000 2017,@361925 We hate that happened to you! We'd love to help you. May you please DM us  your account # and service type? Thank you! ^MarkaylaE,
1022396,361925,Sat Oct 14 15:46:54 +0000 2017,@ATT is the worst.  No call no showed on an appointment and made nearly zero effort to make good,1022394,ATT,Sat Oct 14 16:02:00 +0000 2017,"@361925 Oh no, Matthew! We never want our customers to feel that way. May you please DM us about your experience? Thanks! ^MarkaylaE",1022395
1026781,362958,Sun Oct 22 23:06:05 +0000 2017,Termino #DecisionDay ! Pero lo mejor está por venir. @225694 #Playoffs #ATTathlete https://t.co/iJ3dWFmGXz,1026780,ATT,Sun Oct 22 23:31:41 +0000 2017,@362958 ¿Qué tan divertido estuvo #DecisionDay? ⚽️⚽️⚽️,
1026783,362959,Sun Oct 22 23:00:00 +0000 2017,Shouts to @213030 on the #Decisionday broadcast. Speaking truth.,1026782,ATT,Sun Oct 22 23:29:23 +0000 2017,"@362959 Shout out, @213030! Speaking that @225694 truth on the #DecisionDay postgame. 👊",
1031523,364083,Sat Oct 14 17:46:05 +0000 2017,Been paying @att $120/mo for 2 gigs for 5 years...  how about you dinks proactively tell your customers when they can cut their bill by 50%?,1031521,ATT,Sat Oct 14 17:51:00 +0000 2017,"@364083 Good afternoon, Drew! Help us understand what you're experiencing with your bill. DM us for further assistance. ^NSmart",1031522
1031528,127642,Sat Oct 14 17:35:27 +0000 2017,Terrible @ATT @117735 @126768 support! 35 minutes to simply sched appt. Forcing me to troubleshoot or they’ll charge me?!?!,1031526,ATT,Sat Oct 14 17:42:00 +0000 2017,"@127642 Hello, Sean! We see you have a technical issue that you are in need of help with. DM us a few details so we can help! ^KrisE",1031527
1034568,364740,Sun Oct 08 14:04:50 +0000 2017,@ATT set up appt and y’all no show then tell me to make a new one 2 weeks from now. Umm no. I’ll go somewhere else,1034567,ATT,Sat Oct 14 18:26:31 +0000 2017,"@364740 Hello, please provide us your account and contact information. We want to look into this for you.",
1036455,365178,Thu Oct 12 19:57:52 +0000 2017,@365179 @ATT Really?! Hmmmm smh!! That may be the only option if they don't fix several issues!,1036453,ATT,Thu Oct 12 20:11:00 +0000 2017,@365178 We'd like to help - please DM us with more info so we can investigate. ^FredrickC,1036454
1038491,365691,Sat Oct 14 18:51:35 +0000 2017,"@ATT @117830 why do I keep getting signal errors in Greenfield, In",1038490,ATT,Sat Oct 14 18:59:31 +0000 2017,@365691 Oh No! What signal error are you getting. We can help. Can you dm us more info regarding your concern? Thanks ^michr,
1038493,365692,Sat Oct 14 18:37:17 +0000 2017,@AsurionCares @ATT being placed on hold for overly excessive time period to be transferred to wrong Dept,1038492,ATT,Sat Oct 14 18:40:27 +0000 2017,"@365692 Hey, DuLove! Being placed on hold for a long time isn't cool at all. May you please DM us what's going on? Thank you! ^MarkaylaE",
1038920,365813,Mon Oct 23 10:02:10 +0000 2017,@ATT Yes. Got through to support. They are sending a replacement.,1038922,ATT,Mon Oct 23 11:17:31 +0000 2017,"@365813 Awesome! We are always just a click away for assistance here on social media Dean, never hesitate to reach out. 
^QB",
1038921,365813,Mon Oct 23 00:59:31 +0000 2017,@att #fail https://t.co/MF7EKQXXKk,1038919,ATT,Mon Oct 23 01:58:33 +0000 2017,@365813 Heyo Dean! We understand your frustration with your U-Verse receiver not displaying right. Have you also tried rebooting?^AdiS,1038920
1042862,366592,Thu Oct 12 22:00:15 +0000 2017,"Need to upgrade my phone &amp; #CustomerService sucks at the @ATT Greenfield, MA. Who's got the best offer?  #CellPhone",1042861,ATT,Thu Oct 12 22:04:37 +0000 2017,"@366592 Lynda, we're here to help with your phone upgrade! DM us your phone number and any questions you have about your upgrade. ^KeeD",
1043111,366667,Fri Nov 10 16:06:30 +0000 2017,"@ATT Yes, but it won’t let me DM you",1043110,ATT,Fri Nov 10 16:10:00 +0000 2017,"@366667 No worries, Joe! Feel free to try again. We look forward to chatting with you! ^MarkaylaE.",
1043113,366667,Fri Nov 10 14:54:32 +0000 2017,Called @ATT to see if I could switch from uverse to DTV. Said I could keep internet bundle price &amp; cancellation fee for uverse would be waived. Had DTV installed then lost my bundle price &amp; only part of cancellation fee waived. At this point cancelling everything would be cheaper,1043112,ATT,Fri Nov 10 15:34:00 +0000 2017,"@366667 Yikes, Joe! We strive to make all of your transactions/transfers seamless, but it looks like that wasn't the case this time around. We'd love to see what we can do about the cancellation feed and bundle pricing, so may you please DM us your account number? Thanks! ^MarkaylaE.",1043111
1043115,366668,Fri Nov 10 06:56:49 +0000 2017,@366669 @87981 @118062 @ATT ITS SOOOOOO GOOOOD!!!! Can't wait to hear/see #Reputation Tour!!! These lyrics!!! ❤️❤️❤️ Every song!!,1043114,ATT,Fri Nov 10 14:31:37 +0000 2017,"@366668 Glad you love it as much as we do, Shanon!",
1046240,367324,Sat Oct 14 19:20:48 +0000 2017,@ATT the technician put in a new line for us two weeks ago. The line is still not buried and is now splitting in the middle of the road. 😱,1046239,ATT,Sat Oct 14 19:28:00 +0000 2017,"@367324 Oh no, Le's get this fixed! Please DM us providing your service type and account number for further assistance. ^NicJ",
1046242,367325,Sat Oct 14 18:57:14 +0000 2017,@118617 @ATT ATT HOW COULD U,1046241,ATT,Sat Oct 14 19:12:28 +0000 2017,"@367325 Hey, Sarah. Thanks for reaching out to us today! We are here to help. How may we assist you today? Please DM us details.",
1046245,367326,Sat Oct 14 19:42:37 +0000 2017,@ATT Well fix the fact that channels 313-326 and 328 are completely missing from the @117830 live streaming app.,1046247,ATT,Sat Oct 14 20:34:25 +0000 2017,@367326 We are not happy to hear that your DirecTV channels are missing. Can you DM us details about this? We want to help. ^WaleA.,
1046246,367326,Sat Oct 14 17:51:38 +0000 2017,@ATT @117735 @117830 @219259 give paying customers the complete run around. #BadBusiness,1046244,ATT,Sat Oct 14 19:10:27 +0000 2017,"@367326 Hello, we don't want you to feel like you're getting the run around. We can help!  DM us details. We are eager to assist! ^MakH",1046245
1046249,367327,Sat Oct 14 18:59:52 +0000 2017,@ATT @117735 double billed me two months in a row. #ATTSucks #terribleCustomerService,1046248,ATT,Sat Oct 14 19:06:54 +0000 2017,@367327 Evening! We are sorry to hear about your billing concerns.Please PM us details and services you have with us!^LachS,
1046251,365692,Sat Oct 14 18:54:13 +0000 2017,@AsurionCares @ATT I been here since 1:30pm . Downtown Fulton location sucks!!!!,1046250,ATT,Sat Oct 14 19:05:00 +0000 2017,"@365692 Oh no, DuLove! We understand how waiting can be frustrating. We'd love to assist here. May you please DM us your #? ^MarkaylaE",
1046253,367328,Sat Oct 14 18:57:12 +0000 2017,@118617 @ATT Now get off her account!!!!,1046252,ATT,Sat Oct 14 19:05:00 +0000 2017,@367328 Hello there. This is not the kind of news we like to hear from our customers. Can you DM us what the issue is?We want to help,
1049010,367922,Sat Oct 14 19:38:49 +0000 2017,@ATT’s customer service is a JOKE dawg. y’all are trash!,1049009,ATT,Sat Oct 14 19:57:02 +0000 2017,@367922 Oh no Ny! We're here to the rescue. Please DM us the details. We'd love to turn this around for you! Help is a click away! ^JassE,
1049012,367923,Sat Oct 14 19:26:08 +0000 2017,@ATT @117735 how do you have promotions that a customer who’s been with you for 10+years can’t get unless I change the plan please explain,1049011,ATT,Sat Oct 14 19:44:33 +0000 2017,@367923 We can get you promotions for your 10 year customer loyalty. Can you please dm your account number? Thanks ^Michr,
1049014,367924,Sat Oct 14 19:10:37 +0000 2017,Can I just say I am so mad at  @ATT @117735 @AsurionCares @116297? Why buy insurance? Aweful customer service. #ripoff,1049013,ATT,Sat Oct 14 19:43:00 +0000 2017,"@367924 We'd hate to see that your mad at us, Tom! DM us and let us know what's going on. We'd love to help you find a solution! ^DiaD",
1051809,368568,Fri Oct 13 00:08:42 +0000 2017,WHY IS MY CABLE BILL SO HIGH? @ATT?,1051808,ATT,Fri Oct 13 02:07:53 +0000 2017,"@368568 Apologies for any troubles your having with your bill, we'd love to help and take a look. Please, DM us more info. ^DomG",
1053276,368882,Mon Oct 23 13:45:53 +0000 2017,"Can someone help? Random ppl keep calling me saying they have a missed call from my number, but it’s not me!! It happens all the time! @ATT",1053275,ATT,Mon Oct 23 14:44:35 +0000 2017,@368882 Not to worry Anna! Allow us to take a deeper look into this issue. DM us your phone # for further assistance. Thanks! ^CarolM,
1053278,368883,Wed Oct 18 23:23:01 +0000 2017,If you guys have a woman knocking at your door saying she's with at&amp;t IT IS A SCAM. She tried coming into my home but couldn't even,1053277,ATT,Mon Oct 23 13:48:28 +0000 2017,"@368883 Hello, we'd like to look into this. Would you mind sending us a PM with more details of this incident? Thanks!",
1053280,368884,Mon Oct 23 13:32:33 +0000 2017,Dear @ATT I pay over $150/mo 4 UR services &amp; I still don't get CH #347 AON - R U kidding me?,1053279,ATT,Mon Oct 23 13:42:55 +0000 2017,@368884 Howdy! We hate to hear that you can't watch channel 347. Please DM us details so we can assist you further. Thanks! ^MarM,
1053282,368885,Thu Oct 19 19:01:38 +0000 2017,Someone from New York ordered new iPhones from our AT&amp;T account. This better not have anything to do with my Instagram being hacked. 😩,1053281,ATT,Mon Oct 23 13:38:36 +0000 2017,"@368885 Hi Regina, we don't like to hear that. Please send us a DM with your account number and contact info so we can look into this.",
1057752,369752,Sat Oct 14 20:43:21 +0000 2017,If you sign up for @ATT internet I strongly suggest you tape your calls. @ATT  refuses to honor what 2 diff employees promised. @117735,1057751,ATT,Sat Oct 14 20:48:00 +0000 2017,"@369752 Hello, Todd, our team can help with your internet concerns. DM us details. We are here for you. ^MakH",
106155,139505,Thu Nov 30 16:15:51 +0000 2017,"@139507 Thanks for the feedback. We are over near MCO, and have seen 3x AT&amp;T and 4x OUC trucks at LEC hut, since about 08:00. Couple reports of other users with same issue coming in.",106152,ATT,Thu Nov 30 17:25:27 +0000 2017,@139505 We have been working around the clock to restore service your area. AT&amp;T's top priority is to restore service to full capacity for you as quickly and safely as possible! We appreciate your patience.^AdaD,"106153,106154"
1061597,370666,Sat Oct 14 21:18:46 +0000 2017,@370668 @ATT So exhausting to deal with their reps on the phone 🤦🏼‍♀️,1061594,ATT,Sat Oct 14 21:22:00 +0000 2017,"@370666 Good evening, Marie! No need to wait on the phone! DM us for further assistance with your concerns. We're here for you! ^NSmart","1061595,1061596"
106160,139508,Tue Nov 28 02:53:47 +0000 2017,"@ATT you have given full access to @139509 to my account/phone.  For the last 7 yrs they have stolen my intellectual property, property and now hold me hostage in my home.  Go Phone Home",106159,ATT,Thu Nov 30 16:21:00 +0000 2017,@139508 Hi Antonio - we'd like to look into this asap. Can you message us more specific information about your complaint so we can address it appropriately?,
106162,139505,Thu Nov 30 16:02:50 +0000 2017,"@139510 @ATT I am showing outage for us was yesterday (11/29/17) from 23:23 to today (11/30/17) 07:10, and then down again at 08:54 (and still down).",106161,ATT,Thu Nov 30 16:15:00 +0000 2017,@139505 Hi Chris! Thanks for getting in touch about your loss of service. We're here to help. Please DM us your zip code and services and we'll see what we can find out for you! ^EG,
106164,139511,Tue Nov 28 20:44:10 +0000 2017,"Dear @ATT What the heck? no service #como Columbia MO. For two weeks, you dropped calls like crazy and now PFFT! No service? Get your act together.  THIS IS NOT WHAT I PAY FOR",106163,ATT,Thu Nov 30 15:57:32 +0000 2017,@139511 I’ll be happy to help get your services back up and running the way they should be.  Please send us a direct message with your information so we can get started!  ^AmethystR,
106166,139512,Thu Nov 30 15:45:52 +0000 2017,@ATT i was never told by your employee I would recieve a 45 dollar activation fee for my ipad.,106165,ATT,Thu Nov 30 15:56:31 +0000 2017,"@139512 Hi Chris, thanks for messaging us here, we can definitely assist you, we understand how frustrating it can be to get charged an activation fee that you were never told about, can you follow us and DM us your account number so we can take a look into this for you? ^PaigeB",
106168,139513,Wed Nov 29 23:29:37 +0000 2017,"@117735 @Att horrible horrible customer service at your location in la quinta, California .  so misinformed #badcustomerservice",106167,ATT,Thu Nov 30 15:46:02 +0000 2017,"@139513 Good morning, Gregory! The social media care team is here for you and we'd like to help you. Can you provide us with more information about your concerns to know how to assist you? We await your response!  ^AbayomiO",
1070686,372659,Sat Oct 14 23:17:29 +0000 2017,"@117735 intentionally got a early installation to catch football. Still no internet, it’s 6:15pm and OU still sucks, @ATT sucks worse.",1070685,ATT,Sat Oct 14 23:25:00 +0000 2017,"@372659 Kevin, we want to get this worked out so you can get back to surfing the web! DM us whether this is DSL or U-Verse! ^ErnL",
1070689,372660,Sat Oct 14 23:18:12 +0000 2017,@ATT Y'ALL HAVE TO WORST CONNECTION . LIKE I CANT PLAY A GAME OF CALL OF DUTY WITH OUT LAGGING . Y'ALL CAN DO BETTER .,1070688,ATT,Sat Oct 14 23:24:01 +0000 2017,"@372660 Lag no more, Jay! Learn how to troubleshoot your internet: https://t.co/ffc78nyP0a DM us &amp; let us know what you think. ^NSmart",
1070691,372661,Sat Oct 14 23:06:09 +0000 2017,I swear every month my @ATT U-Verse bill goes up every month! #AttSucks Debating in switching!!,1070690,ATT,Sat Oct 14 23:18:34 +0000 2017,@372661 We definitely don't want to see you go. We are here for you. Please DM us your account number for further assistance. ^RenaB,
1072253,373025,Fri Oct 13 05:41:20 +0000 2017,@ATT $300.00+ for Directv and Internet?!!!!  I'll be canceling this as soon as I find me a @116136 rep in a @Walmart.,1072251,ATT,Fri Oct 13 13:20:00 +0000 2017,"@373025 Hi, Mark before you try to leave the AT&amp;T family! Let us correct your AT&amp;T bill. Please DM us your acct #. Tweet us back!^EuniceT",1072252
1072286,158665,Mon Oct 23 14:51:29 +0000 2017,@ATT how does your prepaid plans work my moms want to buy a at&amp; t prepaid phone at Walmart,1072285,ATT,Mon Oct 23 16:13:36 +0000 2017,"@158665 Stream, watch, and listen all you want with AT&amp;T Prepaid unlimited data for $60/mo! Learn more: https://t.co/sFGuIl77Ig  ^KeeD",
1074113,373434,Sat Oct 14 23:35:08 +0000 2017,"#ReplyTweet If you have been to Manhattan, do you get generally bad cell service? Or is it only @ATT customers with poor service?",1074111,ATT,Sat Oct 14 23:48:30 +0000 2017,"@373434 Hi there, Andrew! We don't like to hear you're experiencing poor service. Would you please DM us with more details? ^GageC",1074112
1077290,374159,Sun Oct 15 00:39:52 +0000 2017,@ATT Did ATT has an idea when will be back with service in Puerto Rico?No update or information and other companies are moving faster.,1077292,ATT,Sun Oct 15 02:39:00 +0000 2017,@374159 No ETA on when service will be back up. We have provided a link if other services are needed https://t.co/qJ3rijdcug ^Ann W,
1077291,374159,Thu Sep 28 11:45:33 +0000 2017,@ATT Can you update on ATT recovery in Puerto Rico? Thanks,1077289,ATT,Thu Sep 28 14:05:54 +0000 2017,"@374159 Hello LECz3. Unfortunately, we do not have an ETA at this time when services will be restored. We are working hard at it. ^ShirH",1077290
1078031,374319,Fri Oct 13 14:56:59 +0000 2017,@ATT why do your reps keep a customer on the phone for hours and still don’t resolve your problem,1078029,ATT,Fri Oct 13 15:08:24 +0000 2017,@374319 We'd like to help! Could you DM us with more information on how to further assist you? We await your response! ^AbayomiO,1078030
1083589,375615,Fri Oct 20 01:49:36 +0000 2017,Shout out to at&amp;t for being nice and giving me a discount lol,1083588,ATT,Mon Oct 23 16:54:53 +0000 2017,@375615 Woo-hoo! We're always here for you! https://t.co/tiGyck2tJV,
1083591,375616,Mon Oct 23 00:07:53 +0000 2017,"Should have stayed with @135517 ! @117735 FUCKING SUCKS BALLS😡 @ATT Store#132052 staff lack integrity, accountability and brains.",1083590,ATT,Mon Oct 23 16:18:01 +0000 2017,"@375616 We'd like to look into this for you! Please DM us w/ your contact info, account # and a brief summary of any issues. Thank you.",
1086595,376297,Sun Oct 15 01:14:47 +0000 2017,@226775 @ATT I just messaged them on Twitter so we will see how it goes. They want me to write a letter to keep disputing my claim. Why a letter in 2017!,1086594,ATT,Sun Oct 15 02:37:00 +0000 2017,"@376297 Hello, Snah. We are not happy that you were unable to get your bill issues resolved. We can help you here. Lets discuss in DM.",
1088455,376743,Tue Oct 24 22:06:55 +0000 2017,"Needing a new # for my US travel phone... Who needs a customer, @115911 @ATT  or ?? 😁 https://t.co/voidkM8nfD",1088457,ATT,Wed Oct 25 21:30:45 +0000 2017,@376743 Hey Glenn! We would love to help you out today! Please DM us. ^Beth C.,
1088455,376743,Tue Oct 24 22:06:55 +0000 2017,"Needing a new # for my US travel phone... Who needs a customer, @115911 @ATT  or ?? 😁 https://t.co/voidkM8nfD",1088454,ATT,Thu Oct 26 17:39:28 +0000 2017,@376743 Good morning Glenn! Please follow and DM us and we will be glad to assist! ^Beth C.,
1088459,376744,Thu Oct 19 23:21:04 +0000 2017,@ATT  beware of direct tv salesmen coming to your home.  They run your credit based on your address without your consent or signature.,1088458,ATT,Thu Oct 26 17:20:39 +0000 2017,@376744 Hi Jeff - Please DM us with details of this incident. We'd like to look into this further. Thanks.,
1089641,377076,Mon Oct 23 18:44:06 +0000 2017,@ATT @116136 I damn well expect that ETF to get waived. @ATT right now you've only lost a customer for now. Don't make it forever.,1089640,ATT,Mon Oct 23 19:06:01 +0000 2017,"@377076 Hey William, please don't go! Let us make this up to you and prove to you that we care! DM us so we can assist.^CynthiaO",
1089647,377077,Mon Oct 23 18:39:13 +0000 2017,@ATT This checks what service I have available now. I know I don't have gigabit service yet. That doesn't really help or answer my question.,1089645,ATT,Mon Oct 23 18:55:01 +0000 2017,@377077 Try this https://t.co/TctSA6mVGc to access the Fiber Network Map We hope that helps. DM if you have further questions. ^EG,1089646
1089649,377077,Mon Oct 23 17:43:06 +0000 2017,AT&amp;T is installing fiber in front of my house and down my street. Does this mean I'm getting gigabit Internet soon? @ATT,1089648,ATT,Mon Oct 23 18:25:02 +0000 2017,"@377077 Hi James. Great question! Here is a link to check when fiber will be available in your area. https://t.co/59hNFq54Ba 
^QB",1089647
1089651,377078,Mon Oct 23 18:21:33 +0000 2017,The WiFi honestly works better when it’s just turned off completely hahahaha @att #ripped #off Mad. About. It. Clearly. :),1089650,ATT,Mon Oct 23 18:34:01 +0000 2017,@377078 We'd love to help restore your WiFi. Take a look at this link for help: https://t.co/k5DMqSwHKc DM us for more help.  ^KeishaB,
1091904,377645,Fri Oct 13 19:36:07 +0000 2017,"@ATT all of a sudden my wifi gives out... I pay hard earned money for the wifi package and all you guys give me is trash, FIX IT",1091903,ATT,Fri Oct 13 19:46:28 +0000 2017,@377645 We'd love to assist you! Could you send us a DM with your account number? ^Dmya,
1092322,377755,Mon Oct 23 19:42:12 +0000 2017,Very satisfied w/ @ATT install today during my upgrade from the very weak @115955 internet service! Great work by my technician Perry!,1092321,ATT,Mon Oct 23 19:46:33 +0000 2017,"@377755 We thank you, Jake, for those very kind words. We would like to extend to you a hardy welcome. Reach out at any time. ^RickeyY",
1092324,377756,Wed Oct 18 13:51:05 +0000 2017,@117735 @ATT @117735 can I please have an update? I am being charged for more than what was sold.,1092323,ATT,Mon Oct 23 19:33:33 +0000 2017,"@377756 Hi, David - we'd like to look into this for you. Please DM us your contact info and account number. Thank you!",
1092915,211120,Sun Oct 15 03:40:04 +0000 2017,Because of the slow data I will be lost whenever I decide to use #maps on my phone. Thanks @ATT #nodata,1092914,ATT,Sun Oct 15 04:04:00 +0000 2017,@211120 We certainly don't want you to get lost! Know that we are here for you! Can you please send us you zip code in a DM? ^ErnL,
1094958,378372,Sun Oct 15 01:49:59 +0000 2017,@ATT Why is your internet so bad I'm about to switch to @115900,1094957,ATT,Sun Oct 15 04:46:00 +0000 2017,@378372 Could you tell us more about the internet issues you are experiencing in a DM Matthiew? We are here to assist if we can! ^RyanB,
109732,140366,Thu Nov 23 17:05:51 +0000 2017,@Walmart @ATT @117735,109731,ATT,Thu Nov 23 17:42:32 +0000 2017,"@140366 Looking to purchase a new device? Are you already a part of our AT&amp;T family, or were you looking to jump start an account? We would be more than happy to lend you a hand in our direct messages, Sydney! We will be looking forward to hearing back from you! ^JewelR",
1097460,378977,Wed Oct 18 19:45:11 +0000 2017,@ATT terrible service. You cancelled my account due to forced evacuation for #HurricaneIrma and won't schedule to set up new service!,1097459,ATT,Mon Oct 23 21:20:01 +0000 2017,@378977 We can assist you here with getting service to your residence.We do need to gather a bit of information.DM contact #. ^CurtisK,
1097462,378978,Sun Oct 15 19:42:31 +0000 2017,"@ATT Hey ATT, thanks for failing to protect my privacy. Two days, 4 phone calls later your techs still don't know what an ISP is. WTF!?!?",1097461,ATT,Mon Oct 23 20:56:28 +0000 2017,@378978 We don't like to hear this. Can you please send us a DM w/ the issues you're having along with your account/contact info?,
1097465,378979,Mon Oct 23 20:43:33 +0000 2017,"@ATT what’s up with your service in CT, cannot make or receive a phone call?",1097464,ATT,Mon Oct 23 20:51:29 +0000 2017,"@378979 Hey there, Carl. Could you please DM us your zip code so we can take a look into this service issue? We are here for you!^LachS",
1097467,378980,Fri Oct 20 10:50:02 +0000 2017,@378981 @ATT @117735 I appreciate the advice.,1097466,ATT,Mon Oct 23 20:39:00 +0000 2017,"@378980 We are sorry to hear this! Please DM us your account number, wireless number and more information of your concern. Thanks!",
1100643,379682,Fri Oct 13 22:03:55 +0000 2017,PSA: if you are considering switching to @ATT and live anywhere in or around Cedar City......DON’T DO IT. Worst service of all time. #RipOff,1100642,ATT,Fri Oct 13 22:51:29 +0000 2017,"@379682 Hi, Gavin. We don't want our customers feeling ripped off by our services. Can you DM us what the issue is? We are here to help.Wale",
1102545,380161,Mon Oct 23 19:44:30 +0000 2017,Hey @ATT can i refill my phone using my debit card when i dial 611?,1102544,ATT,Mon Oct 23 22:49:29 +0000 2017,@380161 We'd like to help - please DM us with more info so we can investigate. ^FredrickC,
1102547,377864,Tue Oct 17 17:54:49 +0000 2017,"Great experience at @ATT Store in Zachary, Louisiana.  Marcus is a superstar.",1102546,ATT,Mon Oct 23 22:08:32 +0000 2017,@377864 We're so happy to hear that Marcus was able to assist you! We are always here if you need us!,
1106414,381123,Mon Oct 23 23:02:24 +0000 2017,10+ yr cust - I called @ATT to + Red Zn ch.  Told only option was 2 pay $449...I HAVE SUNDAY TIX w/o Rd Zn.  Cancelling @117830 &amp; cell #BYE,1106413,ATT,Mon Oct 23 23:52:00 +0000 2017,"@381123 Heyo, Matt! Let us see what we can do about adding to your DIRECTV package. Can you DM us with your account info, please? ^AdiS",
1106416,381124,Mon Oct 23 23:11:45 +0000 2017,@ATT I experienced less. Three months after I canceled cable I get a collection call. I was in the store nobody said I owed money. Poor service!,1106415,ATT,Mon Oct 23 23:38:00 +0000 2017,"@381124 We know you're upset, Mitch. Collection calls are not fun. We'd like to see what we can do to help. DM us more info!^KarZ",
1106424,577811,Mon Oct 30 02:06:00 +0000 2017,@ATT My husband installed it himself. I wish we had Verizon FiOS here. I’m stuck with AT&amp;T,1943415,ATT,Mon Oct 30 02:23:30 +0000 2017,"@577811 Marjorie, we are here for you, and eager to help resolve the issues with your modem. Please DM your account number. We're waiting. ^KShanT",1943416
1106445,381133,Sat Nov 25 16:29:11 +0000 2017,@127972 it would be nice if I could get local channels on Roku using directv without having to use the hot spot on my phone... yes the IP address is correct for my location on my WiFi,1106444,ATT,Sat Nov 25 18:27:31 +0000 2017,@381133 Hello! If you would like please DM us your zip code and we can definitely check on your local channels in your area.,
1106614,381166,Sat Nov 25 17:35:46 +0000 2017,@ATT Curious if you know that the iPhone X is out?  All your commercials push the iphone 8.  You should call @115858 to double check.,1106613,ATT,Sat Nov 25 18:17:00 +0000 2017,"@381166 Hi there, Joe! We appreciate the feedback. Is there any other way we can be of assistance to you? The social media care team is here for you and we'd like to help. We await your response! ^AbayomiO",
1106616,381167,Sat Nov 25 17:25:30 +0000 2017,"Been a week, AT&amp;T can't solve ""tech error"" after off-shored cs rep called me 3:30 am! Silly to switch fr Xfinity for a cheaper stuff! @ATT",1106615,ATT,Sat Nov 25 17:33:00 +0000 2017,@381167 Hello Hugh! Thanks for reaching out to us through social media department. If you don't mind could you please provide us with more details regarding your servcie concern along with your account number for further assistance. We do are eagerly waiting for your response. ^RazR,
1106618,381168,Sat Nov 25 17:23:18 +0000 2017,@ATT Hi Mike...still not getting an option to DM....,1106617,ATT,Sat Nov 25 17:27:38 +0000 2017,"@381168 Not to worry! We have a fantastic link that will allow you to DM us, here: https://t.co/TngOOW0iQV ^MikeM",
1106620,381168,Sat Nov 25 17:15:13 +0000 2017,@ATT guys can you plz open DM option so that I can post my query...,1106619,ATT,Sat Nov 25 17:20:56 +0000 2017,"@381168 We'd be more than happy to assist you with your device unlock situation, Keshav! What error are you getting when you go to unlock it? Can you please DM us with your phone number? We look forward to hearing from you! ^MikeM",1106618
1108068,381527,Thu Nov 02 01:32:17 +0000 2017,@855 can you all help pay my @ATT bill? Two bar LTE is faster than the garbage you produce.,1108067,ATT,Thu Nov 02 02:14:37 +0000 2017,"@381527 Hey there, Colby! We're here to help! Please tell us about your service in a DM. Hope to hear from you soon! ^VeneM",
1110642,382122,Tue Oct 24 01:05:02 +0000 2017,@ATT DirecTV customer 22 yrs &amp; I cancelled. 4+ hrs &amp; 11 reps on phone &amp; still unresolved fees for service I don't have. WORST cust srvc ever,1110640,ATT,Tue Oct 24 01:33:59 +0000 2017,"@382122 Hi, Shannon. We'd love to look into those fees for you. Could you DM us the account number? We're here to help. ^JamesV",1110641
1110652,382125,Tue Oct 24 01:19:28 +0000 2017,"@ATT Ultimately AT&amp;T told they will refund $109 out of $229. But I am not satisfied. AT&amp;T is good, but not trustworthy.am going to port out",1110650,ATT,Tue Oct 24 01:27:25 +0000 2017,@382125 Oh no! We would like to look into the $229 overcharge on your bill. Send us your acct. info. so we can find a solution.^NiaB,1110651
1110655,396847,Tue Oct 24 22:25:44 +0000 2017,@ATT I experience more when my MoneySlaves give me what I want. I go and shop my heart out,1177027,ATT,Tue Oct 24 23:20:31 +0000 2017,"@396847 Hi, Aria! Learn more here https://t.co/DlxJSgqT9n about our prepaid phones and plans. DM us for any other questions. ^AsiaC",
1110657,382126,Tue Oct 24 00:30:37 +0000 2017,@att Hoping you can direct me to someone. Having sign in problems for My Flickr/sbcglobal.net accts.,1110656,ATT,Tue Oct 24 00:51:28 +0000 2017,"@382126 Hi, Di. We'd love to help you with your accounts. Could you DM us the email address and a good contact number? ^JamesV",
1117627,383708,Sun Oct 15 15:48:27 +0000 2017,@ATT Unfortunately this neighborhood has been talking with all levels at ATT for months and nothing!! What do you think you can do? #poorservice,1117629,ATT,Sun Oct 15 16:14:00 +0000 2017,"@383708 We have a knack for getting things done, Andy. Give us the chance.Please provide us a few details in a DM. We want to help. ^GS",1117630
1117628,383708,Sun Oct 15 03:27:43 +0000 2017,@ATT @127012 @115955 If either show up in our neighborhood you will have 50-100 customer immediately I will be the first to drop ATT !!,1117626,ATT,Sun Oct 15 12:08:33 +0000 2017,"@383708 Hi Andy,we want to make things right with you. Could you DM details of what you're experiencing with our service? Thanks! ^VeroP",1117627
1117633,383709,Sun Oct 15 02:13:49 +0000 2017,Hey @att @117735 looking for fast affordable internet for 63130 zip code. Are you what I'm looking for? Current provider is unreliable,1117632,ATT,Sun Oct 15 11:48:56 +0000 2017,"@383709 Good morning ,Greg! We'd be happy to have you join us. Check out some of our promotions: https://t.co/J09rfJxuKW ^ChristiM",
1119475,382125,Tue Oct 24 09:20:21 +0000 2017,"@ATT I did DM , no response",1119477,ATT,Tue Oct 24 11:01:26 +0000 2017,@382125 Are you following our page? If not we will not be able to receive the DM. ^Kj,1119478
1119476,382125,Tue Oct 24 02:26:24 +0000 2017,@ATT Please refund my remaining $22,1119474,ATT,Tue Oct 24 04:16:49 +0000 2017,"@382125 Hello there, please direct message us. And the type of service for the charges $229 compared to $100. DM us details. ^MonF",1119475
1119478,382125,Tue Oct 24 12:58:03 +0000 2017,"@ATT Now following, but didn’t receive DM link. Yet",1119479,ATT,Tue Oct 24 13:19:01 +0000 2017,@382125 Are you able to DM us now? ^Kj,1119480
1119480,382125,Tue Oct 24 13:19:59 +0000 2017,"@ATT No, give me the url",1119481,ATT,Tue Oct 24 13:41:01 +0000 2017,@382125 The page you will need to dm us for assistance will be @6674&amp;t ! We look forward to assisting you! ^Kj,
1119493,534335,Tue Oct 17 22:18:41 +0000 2017,"@ATT At &amp; t Company is a crap, an employee stole my cell and the store did nothing to solve my problem, and the company is very bad there is no",1778418,ATT,Tue Oct 17 22:30:01 +0000 2017,"@534335 Having an employee steal your phone is unacceptable, Jonathan! So we can investigate further, please DM us your phone #! ^MikeM",
1121141,384480,Sun Oct 15 12:53:46 +0000 2017,Mi gente - a dear friend let me know that @ATT  is still charging for cell phone service in #PuertoRico. Please let them know this is wrong!,1121139,ATT,Sun Oct 15 13:01:26 +0000 2017,@384480 Thank you for reaching out to us. We would love to assist you. Please DM us your account number for further assistance. ^NicJ,1121140
1121145,384481,Sun Oct 15 12:35:34 +0000 2017,@384482 @ATT Only one working well in PR is Claro and T Mobile! ATT bill received and paid for October in full and charging extra data usage! 👎 WOW!,1121144,ATT,Sun Oct 15 12:41:31 +0000 2017,@384481 Hi! Thanks for reaching out! We're doing our best to restore service in the affected areas. Thanks for your patience! ^NdyE,
1124130,385074,Sat Oct 14 13:40:19 +0000 2017,"@ATT I just wanted to let you know that I've tried upgrading my wireless plan via the app and mobile web, but get error message every time.",1124129,ATT,Sat Oct 14 14:00:01 +0000 2017,"@385074 Hello, we would love to assist you with upgrading your plan DM us you account number and we will get started. ^J.H.",
1129418,386203,Sat Oct 14 15:32:39 +0000 2017,"Just got a call from an unknown number, hit decline and in UNDER A MINUTE, a 3 min spam recorded VM was left. WTF are you allowing @ATT?!!?",1129416,ATT,Sat Oct 14 15:41:01 +0000 2017,@386203 Good morning. We don't like to hear that our customers are receiving unwanted calls. DM us to get this addressed! Thanks. ^AriS,1129417
1129451,286665,Sat Oct 14 05:01:34 +0000 2017,@ATT you respond 5 days later and you put Social Media Specialist behind your name 🤦‍♀️,1129450,ATT,Sun Oct 15 14:09:33 +0000 2017,"@286665 We understand your point, we were trying to get the contact with you. Please DM us to assist you.^MariaC. Social Media Specialist.",
1129451,286665,Sat Oct 14 05:01:34 +0000 2017,@ATT you respond 5 days later and you put Social Media Specialist behind your name 🤦‍♀️,1129452,ATT,Mon Oct 16 16:24:01 +0000 2017,@286665 We really want to help you with your services. Please DM us so we can assist you. Thank you! ^MariaC. Social Media Specialist.,
1131950,386735,Sat Oct 14 16:44:18 +0000 2017,@ATT  Customer Rep sucks and your signle sucks. So annoyed right now.,1131949,ATT,Sat Oct 14 16:48:01 +0000 2017,"@386735 Hey, Lelani. We understand you have a concern with loss of signal and customer service. Please DM us details so we can help!",
1136753,306129,Sun Oct 15 15:01:53 +0000 2017,I seriously love @ATT. I love my service and my devices. I am however very frustrated that my bill is $50 more this month. @117735 help?,1136752,ATT,Sun Oct 15 15:14:34 +0000 2017,@306129 We understand how an increased bill can be frustrating! Please DM us your mobile number so we can review your account. ^NicJ,
1141760,372590,Wed Oct 18 16:29:16 +0000 2017,Wow great job @ATT with that @1561 deal #thankyouatt #hbogo #hboandatt #lovingatt,1141759,ATT,Tue Oct 24 14:53:12 +0000 2017,"@372590 Thanks for the shout out, Sandra! https://t.co/mkPlg0Szvf",
1141762,388760,Tue Oct 24 14:45:05 +0000 2017,"@ATT So if you care about quality customer service and honest representatives, avoid @ATT.",1141761,ATT,Tue Oct 24 14:48:01 +0000 2017,"@388760 Hey, Meagan. We hate to hear you feel this way, can you send us a DM with more details? We look forward to your reply!^JalG",
1141766,388761,Mon Oct 23 23:49:38 +0000 2017,"I updated to iOS 11, but now my VVM isn’t on! 😭 Where did voicemail transcription go, @ATT???",1141765,ATT,Tue Oct 24 14:33:00 +0000 2017,@388761 We want to make sure your Voicemail is going correctly. DM your phone number so we can help! ^ TraciR,
1141766,388761,Mon Oct 23 23:49:38 +0000 2017,"I updated to iOS 11, but now my VVM isn’t on! 😭 Where did voicemail transcription go, @ATT???",1141767,ATT,Wed Oct 25 21:34:41 +0000 2017,"@388761 Hi ! We would like to assist you with your concerns , DM us! So we can assist further  Thanks! ^TraciR",1239979
1142576,388935,Sun Oct 15 15:57:09 +0000 2017,"Rob @ATT #Broadway is an absolute hero, sorting out my phone issues. Slightly in love with him. Now I can explore New York. THANK YOU.",1142575,ATT,Sun Oct 15 16:08:00 +0000 2017,@388935 Glad to hear Rob was able to make your day! Let us know if you need anything! ^NikkiM,
1142581,388936,Sun Oct 15 15:39:28 +0000 2017,@ATT need urgent help with my international package but unable to get through to you via phone. please dm me!,1142579,ATT,Sun Oct 15 16:07:00 +0000 2017,"@388936 Hey,there! Thanks for reaching out to us about your international package! Please DM details on your package.We are here! ^YS",1142580
1142848,388998,Mon Oct 16 20:03:56 +0000 2017,@ATT Fraud department said I was clear to unlock my phone. What else do you want!,1142852,ATT,Mon Oct 16 20:06:01 +0000 2017,@388998 We would love to assist you with your Unlock issue JR! Can you please Dm us the reason your device unlock was denied? ^JaredA,"1142853,1142854"
1142851,388998,Sat Oct 14 20:31:56 +0000 2017,Wtf @ATT I called to pay a bill and your outsourced customer service agent added 2lines and charged my card.   Waited almost 2 hrs to get...,1142847,ATT,Sat Oct 14 20:42:36 +0000 2017,"@388998 Hello, we do understand your frustration. We love to correct the mistake immediately. Plz Dm the wireless account number. ^FizzA","1142848,1142849,1142850"
1142853,388998,Mon Oct 16 20:14:01 +0000 2017,@ATT They said payment was pending.  I paid Friday 13th.   They even told me I won't have a problem 2 separate occasions,1142855,ATT,Mon Oct 16 20:38:33 +0000 2017,@388998 In order to assist you we need you to please Dm us your cell number with us. Thank you for your cooperation! ^JaredA,
1147718,390108,Mon Oct 09 21:05:30 +0000 2017,Just found out I'm in collections for a 700$ fraudulent @ATT bill. Do they not check ID before allowing people to open accounts?,1147717,ATT,Sun Oct 15 16:32:00 +0000 2017,"@390108 Hi, we'd like to look into this. Could you please send us a DM with more details, including your contact info?",
1148671,212671,Sat Oct 14 22:55:23 +0000 2017,"I wish we could figure out what's going on with our @ATT internet. Got home Monday night, no internet since. Someone is coming out in the AM",1148670,ATT,Sat Oct 14 23:03:08 +0000 2017,@212671 How can we help you today?  Can you respond with your service type and account number?  ^TwaC,
1152333,391178,Wed Oct 25 17:35:50 +0000 2017,@ATT Trying to send DM but it won't let me. :),1152335,ATT,Wed Oct 25 17:53:31 +0000 2017,@391178 Are you receiving a specific error message? ^ZachC https://t.co/7m6RT3Hk4n,
1152334,391178,Thu Oct 19 23:14:27 +0000 2017,@ATT Most of my apps are set to *not* use cellular data. @117735,1152336,ATT,Wed Oct 25 14:57:43 +0000 2017,@391178 Still available to work with you Theo! Please DM us your account info so we can help you ASAP! ^ZachC https://t.co/7m6RT3Hk4n,
1152334,391178,Thu Oct 19 23:14:27 +0000 2017,@ATT Most of my apps are set to *not* use cellular data. @117735,1152331,ATT,Tue Oct 24 16:32:30 +0000 2017,@391178 Sorry to hear about your iPhone issues since the last update! Please DM us your account info so we can help you ASAP! ^ZachC,"1152332,1152333"
1152508,391213,Sun Oct 15 17:01:26 +0000 2017,@117735 @ATT I have no sound on Uverse TV!,1152507,ATT,Sun Oct 15 17:30:33 +0000 2017,@391213 Oh no Chris! Try this link https://t.co/j0h3Hc8nPr Let us know if that helped you! ^KylieL,
1158199,392456,Sun Oct 15 16:29:49 +0000 2017,"I'm bout to be on the phone with @ATT loyalty department like 

""I WAS TOLD BY ATT CHAT REPS I WOULD NOT HAVE A FINAL BILL""",1158198,ATT,Sun Oct 15 18:13:00 +0000 2017,@392456 You have come to the right place! We would love to look into your account. Could you please DM us your service type? ^EricaB,
1158201,392457,Sun Oct 15 18:12:40 +0000 2017,@ATT Auto reply FTW!,1158203,ATT,Sun Oct 15 18:28:11 +0000 2017,"@392457 Hey, Matt, thanks for reaching out! We are here to help when you are ready send us a DM! Don't hesitate to reach out! ^WhitK",
1158202,392457,Sun Oct 15 18:07:36 +0000 2017,@ATT I already spent an hour on a chat and 30 minutes on hold with customer service to be told there was nothing that could be done,1158200,ATT,Sun Oct 15 18:12:02 +0000 2017,"@392457 Hey, Matt, thank you for reaching out to us! We want to help fix this, DM us when you're ready! We are here for you! ^WhitK",1158201
1158205,392457,Sun Oct 15 17:54:54 +0000 2017,"@ATT Thanks for selling me a useless service in NFL Sunday Ticket. FYI everyone, it's your IP location not your actual location.",1158204,ATT,Sun Oct 15 18:00:49 +0000 2017,"@392457 Hey, Matt, thanks for reaching out to us! Please send us a DM so we can further assist you. We are always here for you! ^WhitK",1158202
1158210,392459,Sun Oct 15 17:36:06 +0000 2017,@ATT @116136 So far I've had a technician come out who told me that this product is new and he doesn't know how it works. That was really fun and useful!,1158207,ATT,Sun Oct 15 17:45:27 +0000 2017,"@392459 Hi, Jonno! Let us help with your AT&amp;T Fiber concern, DM us your account number more details of your issue, we're here! ^PrisC","1158208,1158209"
1163388,393665,Sun Oct 15 19:22:55 +0000 2017,@ATT I only see ATTCares,1163390,ATT,Sun Oct 15 19:28:47 +0000 2017,"@393665 Thanks for your reply! Yes, if you follow us @117735 and DM us your zip code we'd be more than happy to assist! ^AyaM",
1163389,393665,Sun Oct 15 19:09:14 +0000 2017,@ATT Trying to. Unable.,1163387,ATT,Sun Oct 15 19:13:31 +0000 2017,@393665 Thank you for getting back to us! Please follow us and you'll be able to send a DM. We eagerly await your response! ^AyaM,1163388
1163392,393665,Sun Oct 15 18:51:09 +0000 2017,@ATT what's going on with one bar in MD,1163391,ATT,Sun Oct 15 19:01:00 +0000 2017,"@393665 Oh no, we certainly want you having consistently fast service! Please DM your zip code to further investigate. Thanks!^AyaM",1163389
1163394,273593,Sun Oct 15 18:13:29 +0000 2017,@280358 @ATT You should have let me know.,1163393,ATT,Sun Oct 15 18:34:00 +0000 2017,@273593 We'd like to help - please DM us with more info so we can investigate. ^FredrickC,
1163926,393800,Wed Nov 01 16:08:55 +0000 2017,@116136 is absolutely horrible. been waiting for my cable to work properly for days. As a paying customer this is unacceptable.   @ATT,1163927,ATT,Wed Nov 01 16:34:26 +0000 2017,"@393800 Hey,Kels. We hate to hear that you're having trouble with your cable service. DM  the account number to check for outages. ^CurtisK",
1166928,316182,Sun Oct 15 06:35:14 +0000 2017,@ATT why do I constantly have issues with my fiber connection that I just hooked up last weekend?!?!,1166927,ATT,Sun Oct 15 12:32:00 +0000 2017,@316182 Check out ways to troubleshoot your internet https://t.co/OaIriBdJfZ. For more help please DM us your account number. ^NicJ,
1173747,396070,Sat Oct 21 21:17:49 +0000 2017,@117735 @ATT I told you my issue on 9/02 as of 10/20 literally nothing has been resolved other than looking for a new carrier. 😡😠 #lies,1173746,ATT,Tue Oct 24 19:47:34 +0000 2017,"@396070 Hello Chris. I can help you with that. Please reach out to me at 877-929-5551, ext 149157. ^GreysonR",
1173747,396070,Sat Oct 21 21:17:49 +0000 2017,@117735 @ATT I told you my issue on 9/02 as of 10/20 literally nothing has been resolved other than looking for a new carrier. 😡😠 #lies,1173748,ATT,Thu Oct 26 14:49:31 +0000 2017,"@396070 Hello Chris. Please reach out to me at 877-929-5551, ext 149157. My office hours are 8am-5pm CST, Tues-Sat. ^GreysonR",
1173749,396070,Thu Oct 26 14:59:35 +0000 2017,"@117735 @ATT Talked to you yesterday &amp; you called me today while I'm working. Told you when my work day is over, I can't to personal calls atm..",1366870,ATT,Fri Oct 27 21:05:11 +0000 2017,"@396070 Hello Chris. I have not heard from you in a while. Please reach out to me at 877-929-5551, ext 149157. ^GreysonR",
1173751,396071,Tue Oct 24 19:05:34 +0000 2017,Yo @ATT y’all costing me money at work right now😡,1173750,ATT,Tue Oct 24 19:16:30 +0000 2017,"@396071 Yo, Trey! Our team would like to help you not lose any money! DM us your concern and details. We'd love to help! ^ChasH",
1173753,396072,Tue Oct 24 18:38:58 +0000 2017,@396073 @ATT Agree!,1173752,ATT,Tue Oct 24 18:50:46 +0000 2017,"@396072 Hey! Can you please follow us and DM us your address, and zip code? We advise that you take your number down please. ^DemW",
1177024,396845,Wed Oct 25 00:22:25 +0000 2017,"Haven't had service literally all day, @ATT is trash",1177023,ATT,Wed Oct 25 00:38:00 +0000 2017,@396845 We apologize you have service issues. If you could provide the account number we will be more then happy to help! ^RiRi,
1177026,396846,Wed Oct 25 00:10:12 +0000 2017,"@ATT ...and allow me to upgrade, by trading my device unless I pay in full. Not happy.",1177025,ATT,Wed Oct 25 00:18:32 +0000 2017,@396846 You need an Upgrade? No problem! Please provide your account number in a DM. Look forward to your response! ^RiRi,
1185695,398796,Tue Oct 24 21:31:18 +0000 2017,@att #attearnings https://t.co/YEsMb17o3K,1185694,ATT,Tue Oct 24 22:10:34 +0000 2017,@398796 We'd like to help - please DM us with more info so we can investigate. ^FredrickC,
1185697,398797,Tue Oct 24 20:31:56 +0000 2017,@ATT do u know what time I can pre order the iPhone X on Friday,1185696,ATT,Tue Oct 24 21:54:10 +0000 2017,"@398797 Hey Tyler, for more information click here https://t.co/5ixzFigxlp. Please reach back out for any further questions.^LachS",
119378,142471,Thu Nov 23 17:57:26 +0000 2017,"I could literally write a book with the shitty customer service of @att, this is the 3RD TIME. I can not express how horrible your National Dispatch Center is. I’m sure a 4 year old can understand sticking to an appointment. https://t.co/c6DHdRrU8C",119377,ATT,Thu Nov 23 22:44:27 +0000 2017,"@142471 Hello, Devyn. This is not the kind of customer we want for you. Please allow us look into the possibility of sending another Tech to assist with your installation. Can you DM your account information and a good contact number? We hope to hear from you again. ^WaleA.",
119381,142473,Thu Nov 23 21:51:18 +0000 2017,@122425 That AI is bouta be taxed by @ATT,119380,ATT,Thu Nov 23 22:01:00 +0000 2017,"@142473 Hello there! We know how important your internet service is to you. Please don't be upset, we are here to help you. Can you please troubleshoot your device using this link: https://t.co/lLnO6GbSbX. Let us know if this link is helpful. ^WaleA. Social Media Specialist.",
1195494,400939,Wed Oct 25 01:16:20 +0000 2017,@ATT you guys are really going to lose a customer it’s been 12 hours with no service😤😤😤,1195493,ATT,Wed Oct 25 01:31:30 +0000 2017,"@400939 Hello Math, we do apologize for the inconvenience. We're investigating as we speak and appreciate your patience. ^TalyaM",
1195497,400940,Wed Oct 25 00:32:26 +0000 2017,"@400941 @ATT They keep repeating the same response, ""please DM your details...."" with no definitive response. AT&amp;T doesn't know 😢",1195495,ATT,Wed Oct 25 01:10:28 +0000 2017,"@400940 Although, we do not have an ETA to restore service in your area, our technicians are hard at work to get this resolved!^PrisC",1195496
1200273,402011,Wed Oct 25 02:53:09 +0000 2017,@ATT I've tired to cancel service since July. I keep getting charged. I've called/cancelled  every month (8+hrs on phone). STOP CHARGING ME!,1200271,ATT,Wed Oct 25 04:20:00 +0000 2017,@402011 Let's see what we can possibly do on our end! Could you DM us your account number and best contact number? Thanks! ^RyanB,1200272
1200756,402136,Sun Oct 15 21:59:30 +0000 2017,@ATT why is the service so shitty everywhere i go. i don't wanna live in a 4g world. smfh,1200755,ATT,Sun Oct 15 22:14:01 +0000 2017,@402136 Hey there! Follow this link to trouble shoot your service issues on your device https://t.co/hNNTSmyJnB Hope this helps ^SkyH,
1200758,402137,Sun Oct 15 21:52:03 +0000 2017,@ATT Send it to your or att cares,1200757,ATT,Sun Oct 15 21:55:38 +0000 2017,@402137 You can DM us here. We're glad to help! ^JaCS,
1200760,402137,Sun Oct 15 19:24:34 +0000 2017,@ATT I'm cancelling everything and there's a 0% chance I'm paying anything for this month since I've had internet for 1 day,1200759,ATT,Sun Oct 15 21:44:30 +0000 2017,"@402137 We regret any trouble this has caused David, we'd like to get this rectified. Please DM your account number for assistance. ^JaCS",1200758
1200764,402138,Sun Oct 15 21:31:32 +0000 2017,Thanks @ATT for getting me outside because once again I have no internet.,1200762,ATT,Sun Oct 15 21:44:02 +0000 2017,"@402138 You have come to the right place, Cole! We would love to get your internet going. Please DM your account number. ^EricaB",1200763
1200767,402139,Sun Oct 15 21:07:12 +0000 2017,Just saw an @ATT #iPhone8 commercial with the actors all holding iPhone 7s.,1200766,ATT,Sun Oct 15 21:43:28 +0000 2017,"@402139 Hello Kimberly, thank you for reaching out to us. Can you please direct message us more details to the issue? ^MonF",
1200769,402140,Sun Oct 15 21:35:58 +0000 2017,"@ATT Anyone else in Austin dealing with this? Seems to only happen in certain areas. (E 6th, E Cesar Chavez)",1200768,ATT,Sun Oct 15 21:41:28 +0000 2017,"@402140 That's odd you're experiencing intermittent cell service in Austin, Chris! Please DM us with your phone number so we can help! ^MikeM",
1203300,402678,Sat Sep 23 17:34:10 +0000 2017,OMG. Finally got my Apple Watch Series 3 set up on @ATT. Only took about 3 hours with tech support +trip to the ATT store for a new SIM card,1203298,ATT,Sat Sep 23 19:56:01 +0000 2017,@402678 We are happy to here you finally got your Apple Watch Series 3 set up. We are always just a click way for assistance. ^QB,1203299
1210316,404110,Sun Oct 15 22:33:03 +0000 2017,@ATT @117735 I’m going to be late cause the dodger game starts in one hour! 😡😡😡,1210314,ATT,Sun Oct 15 22:54:30 +0000 2017,@404110 That's not the experience we would like you have! Please DM us the nature of the issue and account number. We are here. ^TJ,1210315
1210321,404112,Sun Oct 15 22:41:36 +0000 2017,@ATT I just talked to my 11th csr this wk re homebase wireless. #trial.fail 8003310500 does not know what y'all sell. U have a better phone#,1210320,ATT,Sun Oct 15 22:49:52 +0000 2017,"@404112 Hello Kevin, thank you for reaching out to us. Can you please explain the details to the customer issue? DM us details. ^MonF",
1210323,404113,Sun Oct 15 22:34:19 +0000 2017,Why is every @ATT store staffed by wannabe tech bros who are rude A F??,1210322,ATT,Sun Oct 15 22:39:00 +0000 2017,"@404113 Hey MovieMonkee, That stinks a bad experience at one of our stores! We are here to help if you have any questions. DM us. ^PegN",
1210326,404114,Sun Oct 15 22:21:12 +0000 2017,"@ATT U-verse has the worst customer service ever. I haven’t had service at home for 35 days now, and they don’t know when I will get it back",1210324,ATT,Sun Oct 15 22:31:00 +0000 2017,@404114 Oh no! That isn't the customer service we want for you! Can you DM us your account information so we can assist you?^ShiannF,1210325
1210328,404115,Sun Oct 15 22:17:31 +0000 2017,Oh and I didn’t get my issue resolved!! Shout out to @att 😂😂😂,1210327,ATT,Sun Oct 15 22:30:35 +0000 2017,@404115 We'd like to help - please DM us with more info so we can investigate. ^FredrickC,
1212592,404606,Wed Oct 25 10:43:02 +0000 2017,...@115955 I would’ve missed out on @ATT fiber option for 1k mb down.,1212591,ATT,Wed Oct 25 11:50:46 +0000 2017,@404606 Hey Jarvis! Our door is always open &amp; we will be right here ready to assist. Let's chat soon! ^ChristiM Social Media Specialist,
1215860,405303,Sat Oct 14 12:14:51 +0000 2017,@117735 @ATT fourth attempt to reach customer service with no response. What does it take to get someone to respond to an inquiry?,1215858,ATT,Sun Oct 15 23:29:00 +0000 2017,@405303 This is definitely not the experience we want you to have. Please DM us so we can assist you.^MariaC. Social Media Specialist.,1215859
1217399,405671,Wed Oct 25 13:27:26 +0000 2017,@ATT I STILL DONT HAVE SERVICE https://t.co/GmF2iGmug9,1217398,ATT,Wed Oct 25 14:04:21 +0000 2017,"@405671 We regret to hear that your service is down. There is currently no ETA, however our technicians are working diligently.
^QB",
1217401,155002,Wed Oct 25 13:48:36 +0000 2017,I need to change my phone number. @117735 @ATT,1217400,ATT,Wed Oct 25 13:59:27 +0000 2017,@155002 We'd like to help you! Can you DM us with more information to further assist you? We await your response ^AbayomiO,
1217403,405672,Wed Oct 25 13:17:52 +0000 2017,@ATT i think slowing my data for going over it is far worse punishment than a fee. 😫,1217402,ATT,Wed Oct 25 13:24:23 +0000 2017,"@405672 Good morning, Liz! Could you please DM us more details about your data plan, we are eager to help! ^AriO Social Media Specialist",
1223832,407098,Mon Oct 16 00:19:43 +0000 2017,@ATT No. Why should I do that? It’s YOUR defective app. Fix it.,1223830,ATT,Mon Oct 16 00:25:09 +0000 2017,@407098 We want to get to the bottom of this for you. Please DM us your account number for further assistance. Thanks. ^RenaB,1223831
1223835,407098,Mon Oct 16 00:07:55 +0000 2017,"@ATT Fix your stupid app. Every single time I try to use it, you’re having “technical issues” and it won’t work.",1223833,ATT,Mon Oct 16 00:18:25 +0000 2017,@407098 Hello. Here's a link: https://t.co/2WwiPgDP68 for troubleshooting. Let us know if this helps with your app troubles. ^RenaB,"1223834,1223832"
1223837,407099,Sun Oct 15 23:31:13 +0000 2017,Why does att internet suck so much! @ATT @117735,1223836,ATT,Mon Oct 16 00:12:02 +0000 2017,"@407099 Hi, Mat! We want to assist you in the best way possible. Can you please DM us about your internet connectivity issues? ^KeviB",
1224449,407253,Thu Oct 26 04:18:24 +0000 2017,@ATT your internet is slow af! Like what I’m a paying for @115955 I’m coming back,1224448,ATT,Thu Oct 26 04:36:20 +0000 2017,@407253 Hey! We don't like to read that you are having internet speed issues. Have you tried a hard modem reset? Tweet us back we're here! ^JayB,
1227913,408081,Tue Oct 24 23:53:29 +0000 2017,Might have to drop by an ATT store this week... https://t.co/AGEiMRPLgG,1227912,ATT,Wed Oct 25 19:15:01 +0000 2017,@408081 Nerds unite! Tell your friends to #JoinTheLeague with you! https://t.co/m0u8OFAOb6,
1227916,233905,Tue Oct 24 19:59:02 +0000 2017,"@ATT @117735 She fixed the most intricate proble,s with resynching Apple Watch with iphone.  She would NOT give up.  Truly pleasant person and saved day!",1227914,ATT,Wed Oct 25 19:14:05 +0000 2017,"@233905 You made our day, Bob! We love to hear that and will pass the message on to Jocelyn. 😃 https://t.co/xeu4nbBOHj",1227915
1227919,408082,Tue Oct 24 23:31:36 +0000 2017,so anyone wanna check out the att stores with me? @67663 @67664 @67665 @67666 @67667 @67668 @67669 https://t.co/oe3aV60lgu,1227918,ATT,Wed Oct 25 18:50:49 +0000 2017,@408082 Are you nerding out as much as we are?! #JoinTheLeague https://t.co/m0u8OFAOb6,
1227921,196433,Wed Oct 25 18:23:54 +0000 2017,@ATT I’m not able to send a DM to you.,1227920,ATT,Wed Oct 25 18:39:50 +0000 2017,"@196433 In order for you to be able to send us a DM you need to follow us first, and then you will have access to DM us. Thanks! ^CarolM",
1227924,196433,Wed Oct 25 18:07:39 +0000 2017,"@ATT I ordered internet with you, a month ago, and it never was installed. It’s like you  are playing games with me.",1227922,ATT,Wed Oct 25 18:21:58 +0000 2017,"@196433 Oh no, that's not good Jarret! DM us your acct # so we can look into the reason for that missed installation. Thanks! ^CarolM","1227923,1227921"
1231183,408779,Mon Oct 16 01:01:53 +0000 2017,@ATT Dm @117735 ?,1231182,ATT,Mon Oct 16 01:08:31 +0000 2017,"@408779 Yes, we would like for you to direct message us. This link should be exactly what you need https://t.co/O19koGOzs2 . ^JaCS",
1231185,408779,Mon Oct 16 00:11:07 +0000 2017,"@ATT Are there any promotions coming soon? Currently $80 the first 12months the $90. Saw it for $70, but price went up.",1231184,ATT,Mon Oct 16 00:31:31 +0000 2017,@408779 Hey We're delighted to look into that for you. DM us your zip code. We are here for you and await your response! ^JaCS,1231183
1231189,408780,Mon Oct 16 00:10:52 +0000 2017,I hate @ATT DSL mine drops multiple times a day. I call they say we send tech. DSL works for 2 or 3 days. No tech show. Then repeat,1231188,ATT,Mon Oct 16 01:00:01 +0000 2017,"@408780 We appreciate you reaching out, Paul. We're here to assist you! Please DM us with your info and we can find a solution! ^VeneM",
1231192,408781,Mon Oct 16 00:27:41 +0000 2017,"@1561 free HBO on @ATT phones, but you didn’t offer your paying customers a price break??  Wtf",1231191,ATT,Mon Oct 16 00:35:28 +0000 2017,@408781 We're sorry you feel that way. Is there something we can do to help? We hope to hear back from you soon. Thanks ^michR,
1234011,409434,Wed Oct 25 16:09:48 +0000 2017,When @ATT  supposed 2 b here between 1-4 to fix internet n u get text changing it to tomorrow.and u need internet cause u wrk from home. 😠,1234010,ATT,Wed Oct 25 16:45:04 +0000 2017,"@409434 Hey there, Sandi! Please Dm us your Uverse account number, let us see if we can possibly get you anything sooner! ^AsiaC",
1237040,410160,Mon Oct 16 01:44:09 +0000 2017,@ATT My phone is not working again..I am highly disappointed,1237039,ATT,Mon Oct 16 01:47:00 +0000 2017,@410160 Let us get that turned around for you asap! In a DM can you provide more details on what it going on with your phone? ^ErnL,
1239979,388761,Mon Oct 30 22:33:17 +0000 2017,@ATT It won’t let me send you a DM. 😭😭,1239980,ATT,Tue Oct 31 02:12:00 +0000 2017,"@388761 Hi, please try again?",
1239983,410843,Wed Oct 25 20:15:12 +0000 2017,Hey @ATT we did your buy-one-get-one iPhone promo and now you call 3 wks later saying we have to return or pay full price! WTH!?,1239981,ATT,Wed Oct 25 20:37:42 +0000 2017,@410843 Help us understand. We are here to help. Can you dm us more info about why you have to return or pay full price? ^Michr,1239982
1239985,410844,Fri Oct 13 21:30:22 +0000 2017,"Hey @219259 @117830 @att @11146 Day 6, no fix.",1239984,ATT,Wed Oct 25 20:19:49 +0000 2017,"@410844 Martin, we believe we have the issue addressed, please follow/DM us for information. ^DanG. Social Media Mgr.",
124361,143849,Fri Nov 24 01:45:31 +0000 2017,@ATT As a customer that’s unacceptable.,124363,ATT,Fri Nov 24 01:51:29 +0000 2017,@143849 We'd want to have our customers satisfied. We would love an opportunity to take look into your delivery date that you received. DM your wireless# for better support. We'll stand by for your tweet! ^MikeG,
124362,143849,Thu Nov 23 22:13:19 +0000 2017,@ATT it’s sad when @116062 and @127271 has the iPhone X but none of your stores do Nd you make your customers wait over 5 weeks to get theirs when they ore order on day 1!,124359,ATT,Fri Nov 24 01:35:29 +0000 2017,"@143849 Hi, Doug. Getting your ordered device is important to us. Experiencing a late delivery? DM us your wireless#. It's our pleasure to help! ^MikeG","124360,124361"
124367,143851,Fri Nov 24 00:13:24 +0000 2017,Are you a responsible driver? I’m proud that I make good decisions behind the wheel. #ItCanWait -- Take the quiz https://t.co/SEdPq7cDq6,124366,ATT,Fri Nov 24 00:23:00 +0000 2017,"@143851 Thanks for sharing the #ItCanWait message today, you never know whose life you could be saving!",
124369,143852,Fri Nov 24 00:04:17 +0000 2017,Are you a responsible driver? I’m proud that I make good decisions behind the wheel. #ItCanWait -- Take the quiz https://t.co/yc52qfcfmr,124368,ATT,Fri Nov 24 00:16:54 +0000 2017,@143852 Hey Jasmine- thanks for spreading the #ItCanWait message and helping to keep our roads safe!,
1243690,411773,Mon Oct 16 22:28:49 +0000 2017,"@ATT First of all, i'd tell you but my twitter won't even load properly due to the horrible connection.",1243692,ATT,Mon Oct 16 22:41:25 +0000 2017,@411773 Is it your mobile internet connection or your home internet connection?Just send us a DM with details when you're ready^TinaT,1243693
1243691,411773,Mon Oct 16 22:16:33 +0000 2017,@ATT is the absolute worst internet provider ive ever had. the internet/customer service &amp; everything in between is trash. waiting 4 xfinity,1243689,ATT,Mon Oct 16 22:27:33 +0000 2017,@411773 Hi Jalen! Allow us to turn your experience around! Let us know what's going on with your internet.We are here to help! ^TinaT,1243690
124371,143853,Fri Nov 24 00:00:37 +0000 2017,@143854 @ATT But how does it compare with the astounding iPhone X?,124370,ATT,Fri Nov 24 00:10:38 +0000 2017,"@143853 How are you doing, Jonathan? Thank you for contacting the AT&amp;T social media team. We are here to help you. Can you tell us what issue you want us to resolve for you today? ^WaleA.",
1248660,412965,Mon Oct 16 02:35:14 +0000 2017,"Not pleased with @ATT wireless $20 fee per device in order to ""access"" data. @117735",1248659,ATT,Mon Oct 16 03:29:56 +0000 2017,"@412965 Hello, Rob. We don't want you feel displeased. We can help you look into the $20 charged on your devices. Pls DM us details.^WaleA",
1248662,412966,Mon Oct 16 01:53:31 +0000 2017,@ATT What a shock my internet dropped again. @ATT,1248661,ATT,Mon Oct 16 02:45:34 +0000 2017,"@412966 Thanks for reaching out, Darrell!! We're here to help you! Please DM us and we can get started on a swift solution! ^VeneM",
1250630,413416,Thu Oct 26 00:37:13 +0000 2017,Are their still deals to leave @ATT @117830? I've been loyal for too long. they took my loyalty for granted #ExtortionPlotFoiled #NotPaying,1250629,ATT,Thu Oct 26 02:09:00 +0000 2017,"@413416 Oh no, we don't want to see you go! Kindly provide us your acct # so we can look into this issue. Thanks! ^CarolM",
1252952,290992,Mon Feb 27 15:12:46 +0000 2017,Is AT&amp;T charging more for credit cards with their new unlimited plans? https://t.co/zM67Z9imhn,1252950,ATT,Mon Feb 27 15:19:40 +0000 2017,"@290992 Hi, Robert - credit card payments are not eligible for the AutoPay and paperless bill discount.",1252951
1257843,316182,Mon Oct 16 03:42:09 +0000 2017,@ATT fiber internet is a joke.,1257842,ATT,Mon Oct 16 04:19:55 +0000 2017,"@316182 We are saddened to hear you feel that way, Greg! Did the trouble shooting link help any? We are eager to help you. ^ShiannF",
128396,144871,Fri Nov 24 02:13:33 +0000 2017,@ATT how much is the iPhone 8 going to cost on Black Friday?,128395,ATT,Fri Nov 24 03:17:33 +0000 2017,"@144871 This is the Black Friday web
https://t.co/dPcYPV3725",
128396,144871,Fri Nov 24 02:13:33 +0000 2017,@ATT how much is the iPhone 8 going to cost on Black Friday?,128397,ATT,Fri Nov 24 03:17:00 +0000 2017,@144871 Thank you for reaching out to us! You want to know how much the iphone * will be on black Friday? no problem. Please check out this link: It will let you know all our specials. We look forward to hearing from you! ^RiRi,
128399,144872,Thu Nov 23 23:58:20 +0000 2017,@ATT Took a month to ship my phone and you screwed up the address. Didn't even call me. Just returned to sender. When will I get my new phone??,128398,ATT,Fri Nov 24 03:11:39 +0000 2017,"@144872 Oh no! We apologize for the delay in getting your device. We understand your frustration and would like the chance to make it better. Could you please send us a DM with you primary wireless number, so that we can take a closer look? We are here for you. ^MakJ",
12902,118611,Tue Oct 31 23:15:11 +0000 2017,I'll be attending @ATT #ATTBizSummit this week. Come by and see my presentation.,12901,ATT,Wed Nov 01 00:34:00 +0000 2017,@118611 Glad you are getting excited! Be sure and give us a sneak peek behind the curtain at the #ATTBizSummit.,
1293368,422458,Mon Oct 16 05:00:28 +0000 2017,@ATT Do you have a map of the USA that shows the areas where #ATTFiber is offered?,1293367,ATT,Mon Oct 16 05:02:56 +0000 2017,"@422458 We certainly do have an AT&amp;T Fiber availability map, Jermaine! Check it out: https://t.co/HMjQ4xPfss ^MikeM",
1293857,422572,Mon Oct 30 00:24:15 +0000 2017,"@ATT @119777 Is this promotion just for #TheFlash poster? I've been busy and can only go tomorrow, which is the last day and was hoping to pick em all up",1293856,ATT,Mon Oct 30 18:52:28 +0000 2017,"@422572 If you didn't get to show up in a costume on 10/28, you can still get 1 poster per day per customer. https://t.co/7e6NSFmY7l",
1293865,737219,Sun Oct 29 18:55:41 +0000 2017,@ATT @119777 That moment when you live in Toronto so it'll be impossible to get one,2605630,ATT,Mon Oct 30 19:32:24 +0000 2017,@737219 You can still head over to https://t.co/mGbVQEp3UK for more awesome #JusticeLeague experiences. #JoinTheLeague 😉,
1293866,737218,Sun Oct 29 18:46:39 +0000 2017,@ATT @119777 Can you bring these to another phone provider in England?,2605629,ATT,Mon Oct 30 19:34:00 +0000 2017,"@737218 Tyler, you can still visit https://t.co/mGbVQEp3UK for more awesome #JusticeLeague experiences. 😉 #JoinTheLeague",
1293869,581394,Sun Oct 29 21:42:38 +0000 2017,@ATT @119777 Got mine😃👊👌💥,2608032,ATT,Mon Oct 30 20:49:36 +0000 2017,@581394 Yes! Thanks for channeling your inner super hero with us! #JoinTheLeague https://t.co/mGbVQEGEMi,
1293872,447459,Sun Oct 29 23:50:35 +0000 2017,@ATT @119777 Is that okay if I can get it on Halloween Day in Fremont California,1960103,ATT,Mon Oct 30 20:55:00 +0000 2017,@447459 Posters are available in select AT&amp;T stores while supplies last through 10/31. #JointheLeague &amp; pick up your poster! https://t.co/7e6NSFmY7l,
1293874,422573,Fri Oct 27 05:53:16 +0000 2017,Wow someone really hacked my At&amp;t account while i was on vacation... Way to ruin my day.,1293873,ATT,Mon Oct 30 18:09:00 +0000 2017,"@422573 Hi, Ronald - we'd like to look into this for you! Please DM us your contact info and account number. Thank you.",
1293876,422574,Sun Oct 29 21:06:43 +0000 2017,@203692 @56107 Welcome HOME! You didn’t give up and neither shall we! @26031 let’s fix the issues and heal the anger. It CAN be done. #SaveTheCrew,1293875,ATT,Mon Oct 30 17:44:50 +0000 2017,"@422574 Well said. We love your soccer passion, follow and DM us, we may have something for you! #SoccerEverywhere",
1304597,424859,Fri Oct 27 01:13:43 +0000 2017,@119777 @ATT Yes the amazing and one and only Wonder Woman!,1304596,ATT,Fri Oct 27 01:44:01 +0000 2017,"@424859 We’re geeking out, too! #JoinTheLeague https://t.co/m0u8OFAOb6",
1304602,425647,Fri Oct 27 02:20:36 +0000 2017,"@119777 @ATT ""protector of the world"". I like it",1307971,ATT,Fri Oct 27 02:26:30 +0000 2017,@425647 Are you nerding out as much as we are?! #JoinTheLeague https://t.co/m0u8OFAOb6,
1304610,737221,Thu Oct 26 18:21:17 +0000 2017,@119777 @ATT I'm going to lose my mind in anticipation before the movie comes out.,2605633,ATT,Mon Oct 30 19:21:29 +0000 2017,"@737221 We’re geeking out, too! Tell your friends to #JoinTheLeague with us! https://t.co/m0u8OFAOb6",
1304613,424860,Fri Oct 27 01:16:57 +0000 2017,@117735 @ATT what time does preorder start for the iPhone,1304612,ATT,Fri Oct 27 01:34:28 +0000 2017,"@424860 Thanks for reaching out Brendan, we are delighted to hear from you! The pre-order starts at 2am. ^JaCS",
1307970,425646,Fri Oct 27 02:50:21 +0000 2017,@ATT is dreadful 😫,1307969,ATT,Fri Oct 27 03:37:00 +0000 2017,"@425646 Hello, TEI! Thank you for reaching out to us! Could you provide your account number in a DM? We await your response! ^RiRi",
1307973,425648,Thu Oct 26 21:45:00 +0000 2017,@ATT @119777 Ayy imma frame these like monalisa #JusticeLeague 🔥🔥🔥🔥🔥🔥,1307972,ATT,Fri Oct 27 01:54:35 +0000 2017,@425648 Nerds unite! Tell your friends to #JoinTheLeague with us! https://t.co/m0u8OFAOb6,
1307976,572083,Thu Oct 26 23:30:30 +0000 2017,@ATT @119777 Which stores though because I called one near me and they said they wouldn’t be doing it,1921724,ATT,Fri Oct 27 01:10:25 +0000 2017,@572083 Posters are available in select AT&amp;T stores while supplies last. #JointheLeague and pick up your poster soon! https://t.co/9iMxTFjDP3,
131479,145643,Tue Nov 21 15:17:33 +0000 2017,@ATT @117735 Do you have anyone in your company who knows about your “Next” program?  4 hours oh the phone and so far no….,131478,ATT,Fri Nov 24 05:09:26 +0000 2017,"@145643 Good evening. We would love to help you with any ""Next"" questions you may have. We appreciate your patience on the phone. 4 hours is a long time to wait on anything. What can we help you with? Get back with us when you can. We're here to help. ^JusT",
1319305,428294,Fri Oct 27 08:30:42 +0000 2017,@427629 @ATT @115714 Dont come tk AT&amp;T their site is worse,1320371,ATT,Fri Oct 27 08:54:00 +0000 2017,@428294 Oh no! Can you provide the phone number that is associated with your account? We'll be here! ^MilS,
1320373,428295,Fri Oct 27 08:02:47 +0000 2017,@ATT let’s discuss y’all kicking me out of the queue 3x,1320374,ATT,Fri Oct 27 08:23:00 +0000 2017,"@428295 Hello, Anna! Due to increased traffic, some folks may have trouble accessing our site. We appreciate your patience. We are here! ^RiRi",
1320373,428295,Fri Oct 27 08:02:47 +0000 2017,@ATT let’s discuss y’all kicking me out of the queue 3x,1320372,ATT,Fri Oct 27 08:30:00 +0000 2017,"@428295 Hello, Please try this app: https://t.co/7O0oZTDcal. Please reach back if this doesn't help! ^RiRi",
1320377,428296,Fri Oct 27 07:48:20 +0000 2017,"@428298 @240840 @316189 Me too!  Business Account??
Thanks @ATT",1320375,ATT,Fri Oct 27 07:51:01 +0000 2017,@428296 We are here and ready to help.  Please DM your account details so that we can look into this further for you.  Thanks Carmine,1320376
1323819,125062,Fri Oct 27 09:39:14 +0000 2017,Ok finally got my order through for my #iphonex. Way harder then it had to be. @att work on your servers.,1323816,ATT,Fri Oct 27 09:41:31 +0000 2017,@125062 We're glad to hear you were able to place your order Jacob! Is there anything we can do for you here? ^RoseC,"1323817,1323818"
1323821,428923,Fri Oct 27 16:17:29 +0000 2017,@ATT I sent a DM last night. Haven't gotten a reply to that. There was a screen shot with my number.,1323823,ATT,Fri Oct 27 16:20:33 +0000 2017,"@428923 Hello Andy, can we get the wireless phone number please.-FizzA Social Media Specialist",
1323822,428923,Fri Oct 27 08:30:00 +0000 2017,@428924 @117735 @ATT Similarly issue. Crazy thing is I could upgrade my wife’s phone which she got more recently,1323820,ATT,Fri Oct 27 09:16:37 +0000 2017,"@428923 Hello Andy, we apologies for  the inconvenient. We love to address the concern. Pls DM the primary phone number .-FizzA",1323821
1334638,431338,Fri Oct 27 11:27:22 +0000 2017,"@115858, sadly I’m going to have to wait to try out the iPhone X, not by choice, but because @ATT made me. Next up @115725 or @115714.",1334639,ATT,Fri Oct 27 11:35:26 +0000 2017,"@431338 We understand you have a concern regarding supplies being low. We got you covered! Send us a DM so we can help out with this, Dylan! ^TomJ",
1340515,432667,Fri Oct 27 14:33:59 +0000 2017,@ATT I placed my iPhone X order promptly at 2:01am CST and you canceled my order because of a random error in your batch processing. :(,1340512,ATT,Fri Oct 27 15:06:49 +0000 2017,"@432667 Hi Al, we know the confusion in order purchasing. For clarification, please DM your order number. -NJ Social Media Specialist","1340513,1340514"
1340517,208049,Fri Oct 27 15:16:20 +0000 2017,@ATT Reaching out now.,1340523,ATT,Fri Oct 27 18:20:01 +0000 2017,@208049 Great! Are you reaching out through our customer service line? ^AlinaW,
1340522,ATT,Thu Oct 26 14:50:32 +0000 2017,@208049 Morning Daniel! I see you are having some issues watching the World Series! Please give us a follow and DM me your contact info. ^AlinaW,1340516,ATT,Fri Oct 27 15:06:35 +0000 2017,"Hi Daniel! I still havent heard from you. If you have any other Q's feel free to reach out on social media, chat, or on the phone. ^AlinaW","1340517,1340518,1340519,1340520,1340521"
1340527,208049,Thu Oct 26 00:33:49 +0000 2017,Using @ATT wireless and @127550 to watch the #WorldSeries2017 in the L.A. area is truly terrible!!!,1340522,ATT,Thu Oct 26 14:50:32 +0000 2017,@208049 Morning Daniel! I see you are having some issues watching the World Series! Please give us a follow and DM me your contact info. ^AlinaW,1340516
1340529,432671,Fri Oct 27 13:19:26 +0000 2017,@ATT really screwed me out of the iPhone x preorder,1340528,ATT,Fri Oct 27 14:58:30 +0000 2017,"@432671 Oh no, Braddock! We don't like the sound on this. May you please DM us and tell us about your experience? Thanks! ^MarkaylaE",
1340531,432672,Tue Oct 24 21:50:41 +0000 2017,What is this I hear about AT&amp;T ticket Tuesday 👀.... free movie tickets,1340530,ATT,Fri Oct 27 14:17:35 +0000 2017,"@432672 That's right! When you buy one ticket for a movie on Tuesday, you'll get the second one on us. 😉🍿 https://t.co/BSP339RYid",
1341921,292604,Mon Oct 16 12:58:04 +0000 2017,@ATT why does it take 10 days to unsubscribe from your emails? I can show you how to get this done instantly with just 10 lines of code!,1341920,ATT,Mon Oct 16 13:01:34 +0000 2017,@292604 We would love to check on your email concerns for you! Could you please DM us so we may better assist you? ^BrandonM,
1341933,432985,Mon Oct 16 12:42:02 +0000 2017,"@ATT ""go back to the store who told you that"" 🤔ma'am i just told you someone from your call center told me that",1341931,ATT,Mon Oct 16 12:52:00 +0000 2017,"@432985 Please DM us details on the issue you're having, along with your account number. So we may properly assist you. Thanks! ^ErinJ",1341932
1343635,433374,Fri Oct 27 13:16:21 +0000 2017,. @ATT and @AppleSupport can you guys help me out with why my $800 devices can’t hold phone calls? Dropped a call to 911 last week.,1343637,ATT,Thu Nov 02 22:13:00 +0000 2017,"@433374 We want to help out, Scott! Mark your dropped calls here https://t.co/nGh6SrVUHm DM your wireless number &amp; zip code to further assist. ^NdyE",
1345456,433731,Fri Oct 27 16:04:14 +0000 2017,@ATT give me a follow so I can DM plz,1345455,ATT,Fri Oct 27 16:08:00 +0000 2017,@433731 Please follow our at&amp;t  twitter page and send us a DM so we can proceed with helping you with your order thanks. ^Kj,
1345458,433731,Fri Oct 27 15:56:21 +0000 2017,@ATT Please DM me I'm having major issues with my order,1345457,ATT,Fri Oct 27 16:03:33 +0000 2017,"@433731 Hi, we are unable to DM first. Please send us a DM so we can properly assist you thanks. ^Kj",1345456
1345460,433732,Fri Oct 27 07:53:44 +0000 2017,"@ATT terrible iPhone X preorder experience. You’d think with all your technology, you’d get this right. SMH. #iphoneX",1345459,ATT,Fri Oct 27 15:54:00 +0000 2017,@433732 Could you please send us a DM so we can properly assist you? Thanks we eagerly await your reply. ^Kj,
1351546,435171,Fri Oct 27 02:39:45 +0000 2017,@332495 🔵🔵🔵 https://t.co/adbHt6BAtL,1351545,ATT,Fri Oct 27 17:47:05 +0000 2017,"@435171 Haha can't wait for the game! We love your soccer passion, follow &amp; DM us, we may have something for you! #SoccerEverywhere",
1351548,435172,Fri Oct 27 08:23:18 +0000 2017,@332495 Let's go @332495 . You guys got this! Sending love from #Syracuse and hopefully come down for 2nd leg!,1351549,ATT,Fri Oct 27 17:46:24 +0000 2017,"@435172 You'd drive all the way down? Wow, we love your soccer passion! Follow &amp; Dm us, we may have something for you #SoccerEverywhere",
1351552,435173,Fri Oct 27 17:47:44 +0000 2017,@ATT Will do !,1351554,ATT,Fri Oct 27 17:58:00 +0000 2017,"@435173 Hello Alex, we thank you for reaching out. We are here to help. Kindly DM your service, account number and how we may help you? ^RickeyY",
1351553,435173,Fri Oct 27 01:55:19 +0000 2017,@332495 @203692 @225694 #MakeItHere,1351550,ATT,Fri Oct 27 17:45:15 +0000 2017,"@435173 That's going to be a great game! We love your soccer passion, follow &amp; DM us, we may have something for you #SoccerEverywhere","1351551,1351552"
1351557,435175,Fri Oct 27 04:39:50 +0000 2017,@123633 @435176 @13508 Onward Rose City #RCTID            🌹🌲⚽️♣️,1351556,ATT,Fri Oct 27 17:41:54 +0000 2017,@435175 It's going to be a great game next week. Have you made it out to a match before? #SoccerEverywhere,
1351561,435177,Fri Oct 27 04:10:02 +0000 2017,@167829 #DefendOurCup,1351559,ATT,Fri Oct 27 17:41:19 +0000 2017,"@435177 It's going to be a great match! We love your soccer passion, follow &amp; DM us, we may have something for you! #SoccerEverywhere",1351560
1351564,361146,Fri Oct 27 06:49:36 +0000 2017,@203692 @56103 Congrats boys!!,1351563,ATT,Fri Oct 27 17:40:41 +0000 2017,"@361146 It was quite the match. We love your soccer passion, follow &amp; DM us, we may have something for you! #SoccerEverywhere",
1351567,435178,Fri Oct 27 08:25:53 +0000 2017,"@435179 The best match played I have seen under Greg’s direction. Everyone shined . The team was like a Swiss watch. Thank you , job well done 👏🏾👍🏽",1351566,ATT,Fri Oct 27 17:39:45 +0000 2017,"@435178 You are absolutely right. We love your soccer passion, follow &amp; DM us, we may have something for you #SoccerEverywhere",
1351569,435180,Fri Oct 27 03:03:35 +0000 2017,"@435179 We'll be there.... that was the best MLS game i've ever seen.  More than ever, that truly WAS #ForColumbus :)",1351570,ATT,Fri Oct 27 17:37:40 +0000 2017,"@435180 It was a great game, have you made it to any games before? Follow &amp; DM us, we may have something for you! #SoccerEverywhere",
1351572,435181,Fri Oct 27 16:28:06 +0000 2017,@ATT this happened in Birmingham Alabama yesterday. https://t.co/R2ZdS1Zluj,1351571,ATT,Fri Oct 27 17:36:28 +0000 2017,@435181 Thank you for bringing this to our attention. We are investigating and will take appropriate action.,
1351574,435182,Fri Oct 27 02:43:40 +0000 2017,"@203692 @56107 If you write me a ""sick note"" for work, I'll see you there.",1351573,ATT,Fri Oct 27 17:34:30 +0000 2017,"@435182 ""Dear Amanda's boss, we have a passionate soccer fan who needs to see the game"" Follow &amp; DM us, we may have something for you!",
1351577,435183,Fri Oct 27 07:51:18 +0000 2017,@435184 @ATT I’m not even going to get in to that pointless debate. Every device in our home is Apple. Plus you have those ugly green text boxes...,1351576,ATT,Fri Oct 27 17:10:27 +0000 2017,"@435183 Hi Adam, we'd like to look into this for you! Please DM us your contact info and account number. Thank you!",
1351597,435185,Fri Oct 27 07:24:09 +0000 2017,@435186 @ATT Yea I lost my place too so another 15 minute wait I’m pissed,1351596,ATT,Fri Oct 27 17:08:01 +0000 2017,@435185 Hi there - we'd like to help you out! Please DM us your contact info and account number. Thank you!,
1351602,435187,Fri Oct 27 16:56:23 +0000 2017,@ATT @435188 I think I'm screwed...I've yet to receive my second email and my order was placed at 12:01AM. I have an order number that's useless,1351601,ATT,Fri Oct 27 17:05:29 +0000 2017,"@435187 Hi, Charles. Due to high traffic, were experiencing some delays. Thank you for your patience. ^Kj",
1351603,435188,Fri Oct 27 16:57:55 +0000 2017,@435187 @ATT I found out the reason my order hasn’t been confirmed is because I might have selected the trade in option,1927667,ATT,Fri Oct 27 17:33:32 +0000 2017,"@435188 Good morning Jay,  if you are not finding your order by using the status link try this link to resubmit. https://t.co/GNk1lUBBKk ^RickeyY",1927668
1351605,435188,Fri Oct 27 15:14:56 +0000 2017,@435189 @ATT I still haven’t received my second e-mail,1351604,ATT,Fri Oct 27 16:47:00 +0000 2017,"@435188 Hi! To better assist your second email concerns, check link here: https://t.co/7fGSMOOPfZ to see status. DM for further assistance. ^NdyE",1351602
1352586,435429,Mon Oct 16 13:50:39 +0000 2017,@ATT Of course @ATT said they would remove but have not... effing 253$ bill for shitty slow internet and tv...done... cancelation time,1352585,ATT,Mon Oct 16 14:10:00 +0000 2017,"@435429 Hello, please DM us and let us see why NFL ST was added to your account causing your bill to be high. ^J.H.",
1352590,435430,Mon Oct 16 13:17:18 +0000 2017,@ATT service in Brooklyn is AWFUL when it goes to 4G. Wish this company lived up to their high price. 🙄😷,1352588,ATT,Mon Oct 16 14:02:00 +0000 2017,"@435430 Hey there, Joel! We don't want you to miss out on your service. DM us so we can help! ^OmarG",1352589
1352592,435431,Mon Oct 16 13:40:28 +0000 2017,Absolutely DONE with @ATT customer service line 🙄😡,1352591,ATT,Mon Oct 16 14:00:06 +0000 2017,@435431 Hi Please can you DM us the issue you are trying to address we are here for you.NikkiM Social Media Specialist,
1352594,435432,Mon Oct 16 13:43:30 +0000 2017,@ATT your customer service is extremely lacking,1352593,ATT,Mon Oct 16 13:54:28 +0000 2017,@435432 Thanks for reaching out! Please DM your concern or inquiry so we can better assist you today! We await your response! ^YS,
1352597,435433,Mon Oct 16 13:30:05 +0000 2017,"@ATT worst customer service ever! In ATT's world,""I'll call you back within 5 minutes"" = never &amp; is their way to get rid of you. #ATTFail",1352595,ATT,Mon Oct 16 13:38:00 +0000 2017,"@435433 We wont fail you here, Tara! Please DM us more details so we can help get to the bottom of your concerns. ^KeishaB",1352596
1355293,436030,Fri Oct 27 17:24:04 +0000 2017,2am is not the ideal time to find out @ATT won’t let you trade in your phone to upgrade to an iPhone X,1355292,ATT,Fri Oct 27 18:36:37 +0000 2017,@436030 We would love to help you with your trade in concerns! Could you please DM us so we may better assist you? ^BrandonM,
1355295,436031,Fri Oct 27 18:14:26 +0000 2017,I love that @att still charges me an upgrade fee for getting a new phone. Maybe I should charge a fee for when my service is nonexistent.,1355294,ATT,Fri Oct 27 18:21:29 +0000 2017,"@436031 Hi, Matt! We are here to help! Please DM us more details on your upgrade fee and we will get back to you soon! Thank you! ^YanD",
1364641,437729,Wed Oct 11 22:28:25 +0000 2017,"I've made a lot of mistakes.  Worst mistake?  Getting @ATT Home Internet &amp; Security.  Problems since DAY ONE, still unresolved. #Horrendous",1364640,ATT,Wed Oct 18 22:02:36 +0000 2017,"@437729 Oh no, we don't want you regretting being a part of our family Rich! DM your acct# so we can look into this issue. Thanks! ^CarolM",
1364643,437730,Wed Oct 18 20:48:47 +0000 2017,@117735 @ATT My bill is now delinquent4 tht amount. I was also lied to when I asked about unlimited usage bng added to my acct. I was told it didnt exist,1364642,ATT,Wed Oct 18 21:42:08 +0000 2017,@437730 We apologize for the delay and hassle this has caused! Can you DM us your acct.#? Lets look into going unlimited. Thanks! ^CrysS,
1368421,438511,Mon Oct 16 14:28:21 +0000 2017,@ATT @ATT Moved to a new apartment in August. Took 4 phone calls to change service over bc I wasn't being called back.,1368420,ATT,Mon Oct 16 14:33:54 +0000 2017,"@438511 It saddens us to hear that you have not received superior customer service, Alicia. Please DM us further details! ^ChristiM",
1368532,438541,Wed Oct 11 17:47:34 +0000 2017,"@ATT what's up with ""No Service""  in 78748? Nobody has time for No Service. #getittogether #its2017 love you. mean it.",1368531,ATT,Mon Oct 16 14:16:37 +0000 2017,"@438541 Sorry to hear of the issues with the service. We are happy to help, please follow/dm us your account information. ^BrandonP",
1370198,438940,Sat Nov 25 20:39:29 +0000 2017,@438941 @116136 @142427 @ATT The minute that bill goes up I will be dumping what I have.,1370196,ATT,Sat Nov 25 21:14:00 +0000 2017,"@438940 Hello, Sheila! Is there something that we can help you with? We would love to be of assistance. Feel free to contact us here via the social media team. We are always standing by waiting to help ^DevD",1370197
1370203,438942,Wed Nov 22 19:02:19 +0000 2017,Hopefully no one needs to call 911 today #ATT,1370202,ATT,Sat Nov 25 20:21:58 +0000 2017,@438942 Hi Mary! I'm sorry for the delay in response; we're happy to help you with this! Please DM us with your account information so we can look into this for you. ^RiAnnB,
1370291,438966,Sat Nov 25 19:20:59 +0000 2017,"@ATT I asked for some kind of comp to make up for losing a whole day. @ATT said, ""Nope."" #attsucks #attmakeitright",1370290,ATT,Sat Nov 25 19:37:27 +0000 2017,"@438966 Wow, Jane! We never want to leave our customers hanging nor hang up on them. We want to see about getting another technician to service you as soon as possible. First, may you please DM us your AT&amp;T account number? We're looking forward to hearing back from you! ^MarkaylaE,",
1370293,438967,Sat Nov 25 19:26:16 +0000 2017,@ATT @438968 #DirectTV forces me to watch commercials on DVR programs too. I PAY for service so i dont have to. For @ATT owning #DirectTV you would think service would be comparable but its like Direct doesnt care about quality service- just locking you into a long term contract of garbage.,1370292,ATT,Sat Nov 25 19:35:29 +0000 2017,"@438967 Hey Seth, we hear your call and we are ready for action. Please DM us your account number and request and we will be happy to see what we can do to make you happy and remedy this situation for you. We look forward to hearing back from you! ^TiffH",
1370296,438968,Sat Nov 25 19:05:52 +0000 2017,Dear #AmericanSpiritMedia &amp; @117830 @ATT thanks for making it impossible for thousands to view @691 - looking to make a switch b/c after two months it’s clear where paying customers rank on your priority lists.,1370295,ATT,Sat Nov 25 19:10:00 +0000 2017,@438968 We understand how upsetting it can be to hear that you may miss your favorite shows. We will keep working on this until the deal is made. Please visit https://t.co/vFmASaMioK for all the latest updates about this issue. We appreciate your patience. ^MakH,1370294
1370298,438969,Sat Nov 25 18:53:55 +0000 2017,"@ATT promised on Wednesday that our internet would be fixed by today. Today they cannot even guarantee that it will be repaired by Monday. Their ""techs aren't answering the phone.""  #ATT #TerribleCustomerService
#NotOk",1370297,ATT,Sat Nov 25 19:30:00 +0000 2017,"@438969 Oh no, Jennie! We are crushed to hear about your recent experience. We can only imagine how frustrated you must feel that a technician did not show up for your appointment. That is certainly not the impression we wish to leave on our customers. May you please DM us? ^MarkaylaE.",
1370300,438970,Sat Nov 25 18:39:43 +0000 2017,".@ATT @117735 Your cust serv reps don't seem to mind that I have spent at least 9 hrs over the past two days getting a simple mobile situation resolved for an elderly &amp; sick customer. As a reporter, I will definitely be looking into your treatment of the elderly.",1370299,ATT,Sat Nov 25 19:03:24 +0000 2017,@438970 Kindly accept our sincerest apology for the bad customer service you have encountered Andrea! That's never what we would like to hear. We definitely want to turn that negative experience around. We do care about our customer's safety. Send us a DM with more details.Thanks! ^RazR,
1374537,439943,Fri Oct 27 23:59:20 +0000 2017,@att how do att franchises allow ppl NOT authorized on acct to get a new phone &amp; open a new line? When acct holder said no. #SCAM #FRAUD,1374536,ATT,Sat Oct 28 00:17:00 +0000 2017,"@439943 Hi Jessica, we'd like to help. Please send us a DM with more details as well as your account and contact info. Thank you.",
1380176,189577,Fri Oct 27 21:37:50 +0000 2017,@ATT @119777 Just got Wonder Woman poster,1380175,ATT,Sat Oct 28 04:34:51 +0000 2017,@189577 Thanks for channeling your inner super hero with us! #JoinTheLeague https://t.co/mGbVQEp3UK,
1383943,442071,Mon Oct 16 15:40:09 +0000 2017,IF you want reliable phone/internet stay away from @ATT.  Nothing since 3am &amp; until I reset my modem. They should've let me keep my landline,1383942,ATT,Mon Oct 16 15:44:32 +0000 2017,"@442071 Oh no Michelle! That's not what we like to here! We would love to help further, please DM us more info so we can! ^KylieL",
1383945,442072,Mon Oct 16 15:36:20 +0000 2017,Ugh. @ATT is a horrible wireless company to  switch to. Do NOT believe their sales reps. Miserable experience.,1383944,ATT,Mon Oct 16 15:42:42 +0000 2017,@442072 We hate skullduggery as much as anybody else! Follow us and DM your phone number and brief details so that we can assist. ^LarL,
1389423,444978,Mon Oct 16 15:44:07 +0000 2017,@443218 @ATT Why do you care so little for your paying customers?,1397452,ATT,Mon Oct 16 15:49:00 +0000 2017,"@444978 Hey, Christopher! We do care about our customers, can you DM us and tell us what makes you feel this way? We'll be waiting!^JalG","1397453,1397454"
1397425,444970,Mon Oct 16 16:08:57 +0000 2017,@ATT @117735 Please DM me. U incorrectly are sending me account information from one of your customers.  I've called 5x 2 have it stopped.,1397424,ATT,Mon Oct 16 16:18:35 +0000 2017,@444970 We apologize for this mix up Michael! Could you please DM us the phone number associated with the acct? Were here! ^ArielO,
1397462,444980,Mon Oct 16 18:56:00 +0000 2017,@444978 @444979 @ATT The amount of power to obtain so much information about so many people is dangerous and should not be dealt under the rug like today,1397463,ATT,Mon Oct 16 19:07:00 +0000 2017,"@444980 Hello, we are here for you! Can you provide a few more details about your concerns so we can properly assist you. ^NicJ","1397464,1397465"
1397464,444980,Mon Oct 16 19:18:28 +0000 2017,@ATT Well**,1397466,ATT,Mon Oct 16 19:57:00 +0000 2017,@444980 Have you been experiencing issues with your service? ^NicJ,"1397467,1397468"
1399235,445360,Sat Oct 28 16:09:09 +0000 2017,"Dear @116021, @Att just put fiber into our neighborhood. I think you've got a month before i make a decision to move based on price &amp; speed",1399236,ATT,Sat Oct 28 16:15:00 +0000 2017,"@445360 Good morning to you, Jon! Are you interested in our Fiber Optic services? Send us a DM for further assistance. We're on stand by! ^NSmart",
1400395,183351,Sun Oct 29 22:30:30 +0000 2017,@ATT I didn't get a message,1400397,ATT,Mon Oct 30 15:46:17 +0000 2017,@183351 My apologies  my call attempt missed you.  If you could please contact me at (877) 929-5551 ext. 149155.  I'm in 12p-9pCT T-Sat. ^MichaelA.,
1400396,183351,Thu Oct 26 22:38:07 +0000 2017,Lmao so @ATT why? https://t.co/o28MfdfJvQ,1400398,ATT,Fri Oct 27 20:40:32 +0000 2017,"@183351 I would love to discuss this further with you Alicia. For you account security, may I impose on you to direct message. ^MichaelA",
1400396,183351,Thu Oct 26 22:38:07 +0000 2017,Lmao so @ATT why? https://t.co/o28MfdfJvQ,1400394,ATT,Sat Oct 28 16:31:00 +0000 2017,"@183351 Alicia, apologies my recent call attempt missed you.  If you could please contact me back that would be great.  ^MichaelA",1400395
1407629,396073,Tue Oct 24 19:17:17 +0000 2017,@ATT can you please approve my request to switch carriers? This is too much! My son school tried calling me to tell me he's sick and need to come home😡😡 all I want right now is to switch carriers,1407628,ATT,Sat Oct 28 18:54:32 +0000 2017,"@396073 Hello Angel. I can help you with all your wireless needs. Please reach out to me at 877-929-551, ext 149157. ^GreysonR",
1408840,447455,Wed Nov 01 21:10:14 +0000 2017,@ATT Every single interaction I ever had before today was not only satisfactory but above-and-beyond positive.,1408838,ATT,Wed Nov 01 22:23:36 +0000 2017,@447455 Hello Christian. We want to help. Let us know what issues you have and we'll find a solution ^TyroneP,1408839
1411472,448049,Mon Oct 16 17:01:33 +0000 2017,@ATT Someone dropped the ball... AKA... whoever the hell I talked to.,1411471,ATT,Mon Oct 16 17:08:05 +0000 2017,"@448049 Austin, let's get things sorted out with your payment! Could you DM us which service is suspended? Talk to you soon! ^KeeD",
1411475,162125,Mon Oct 16 16:45:31 +0000 2017,@ATT I don’t have an account number,1411474,ATT,Mon Oct 16 16:54:00 +0000 2017,"@162125 Ryan, Can you prove us the phone number that was associated with the account. Thanks!
DannyB",
1411477,162125,Mon Oct 16 16:32:29 +0000 2017,@ATT can someone please contact me as to why you’ve got a collection reporting on my credit file for something I don’t owe,1411476,ATT,Mon Oct 16 16:45:00 +0000 2017,"@162125 Good Morning Ryan, Can you dm the account number so we cn further assist the issue. Thanks!
DannyB",1411475
1411491,448052,Mon Oct 16 16:25:08 +0000 2017,@117735 We have been waiting for two weeks for a return call from @ATT regarding a customer service issue,1411489,ATT,Mon Oct 16 16:51:00 +0000 2017,@448052 We'd loved to help! Follow us and send a DM containing your account number and brief explanation about your experience. ^LarL,1411490
1411494,448053,Mon Oct 16 16:29:18 +0000 2017,@448054 @ATT @117735 So at this time no-one can help adjust the bill.,1411492,ATT,Mon Oct 16 16:36:27 +0000 2017,@448053 We'd like to help - please DM us with more info so we can investigate. ^FredrickC,1411493
1418991,449819,Wed Nov 01 22:07:08 +0000 2017,@121574 @ATT I’ve been a wireless customer of yours for over a decade. How do I access @127550? @118062,1418989,ATT,Wed Nov 01 23:24:00 +0000 2017,"@449819 Hey Robbie! Only @117830, @127550 + @126768 customers have access to #TaylorSwiftNOW.",1418990
1418993,460667,Wed Nov 01 15:29:23 +0000 2017,@121574 @ATT @127550 Love getting to see Taylor’s songwriting process!,1467640,ATT,Thu Nov 02 22:48:06 +0000 2017,"@460667 Same here, Ashley! Hope you enjoyed this sneak peek! #TaylorSwiftNOW",
1418995,449820,Wed Nov 01 21:12:24 +0000 2017,Living for bts of songwriting from @118062 &amp; @ATT 💜💜💜💜💜💜💜💜💜💜💜💜💜,1418994,ATT,Wed Nov 01 23:22:00 +0000 2017,@449820 Make sure to tune in on 11/13 once the series officially launches! #TaylorSwiftNOW,
1418999,449822,Wed Nov 01 19:28:21 +0000 2017,Best part of halloween. At&amp;t gave out Justice League posters of the whole cast #TheFlash https://t.co/hkhxsBphzl,1418998,ATT,Wed Nov 01 23:21:33 +0000 2017,"@449822 We’re geeking out, too! #JoinTheLeague https://t.co/m0u8OFAOb6",
1419008,449824,Wed Nov 01 15:24:55 +0000 2017,UMM THIS IS THE BEST IDEA EVER!!! @ATT @118062 AHHH,1419007,ATT,Wed Nov 01 22:57:31 +0000 2017,"@449824 Right?! Enjoy, Bethy! #TaylorSwiftNOW",
1419333,449928,Wed Nov 01 23:52:18 +0000 2017,Why is it like pulling teeth every time you gotta deal with @ATT??? I’m bout to holla at @115714. Never had these issues when I had them!,1419334,ATT,Fri Nov 03 00:50:00 +0000 2017,"@449928 Hey Marcus, Can you DM me your mobile number and what's going on. I would love to get this resolved with you. ^FredL",
1423972,450892,Mon Oct 16 17:44:41 +0000 2017,@ATT Is it so much to ask to be able to send iMessages from my phone at work? #ultimatefirstworldproblembutstillfrustrating,1423971,ATT,Mon Oct 16 17:52:32 +0000 2017,"@450892 Hello there, have you tried turning iMessage off &amp; on again? Send us a DM with your # for more help! ^PaigeR",
1423989,450896,Mon Oct 16 22:58:32 +0000 2017,@ATT Hmmm you're not coming up in my message list - only ATTcares.  Is that you as well?,1423991,ATT,Mon Oct 16 23:58:00 +0000 2017,@450896 Hi! Are you following AT&amp;T? ^TomikaJ,1423993
1423989,450896,Mon Oct 16 22:58:32 +0000 2017,@ATT Hmmm you're not coming up in my message list - only ATTcares.  Is that you as well?,1423992,ATT,Mon Oct 16 23:57:34 +0000 2017,@450896,
1423990,450896,Mon Oct 16 17:05:31 +0000 2017,"@ATT I'm having a literally awful time getting new services onboard, where do I send my complaint to get it fixed?",1423987,ATT,Mon Oct 16 17:23:07 +0000 2017,@450896 Thanks for contacting us! Please DM us your complaints and details of your on boarding inquiry. We await your response! ^YS,"1423988,1423989"
1427504,451602,Thu Nov 02 05:03:17 +0000 2017,@ATT Absolutely ~ I am ready for it❤️❤️,1427505,ATT,Thu Nov 02 14:46:54 +0000 2017,@451602 😍😍😍,
1428803,617464,Fri Nov 03 23:08:53 +0000 2017,@ATT @118308 And we still have ZERO cellular service in Nocatee! #NoServiceInNocatee,2088708,ATT,Fri Nov 03 23:22:00 +0000 2017,"@617464 Hey there, we are working diligently and speedily to get your cell service back up a running! Thanks for your patience. We got you! ^TiffH",2088709
1433558,160981,Tue Nov 21 17:09:19 +0000 2017,@ATT Like do I have to go into the store again???? https://t.co/sbG8OmZX3y,1433557,ATT,Tue Nov 21 17:48:00 +0000 2017,"@160981 Hey there! We understand how exasperating processes like phone unlock can be at times, nevertheless, we're more than eager to look into that for you! Follow us and DM your mobile phone number so that our service to you is efficient. We're looking forward to your response! ^LarL",
1433561,160981,Tue Nov 21 08:20:19 +0000 2017,@ATT I am going to need to you RUSH my current unlock status for this TERRIBLE service I have received.,1433560,ATT,Tue Nov 21 16:42:33 +0000 2017,"@160981 Hi Nicole, we apologize for the delay in responding back to you. We are sad to hear you have been receiving  bad service. Could you please DM our team with more details, we're here to help. Thanks. -NikkiM",1433559
1433563,452854,Tue Nov 21 16:54:25 +0000 2017,@452855 @ATT Do what?,1433562,ATT,Tue Nov 21 17:26:31 +0000 2017,"@452854 Oh no, Kaylee! We don't like to hear about poor customer service that our valued customers are experiencing, we want to help you out in the best way. If you'd like to DM us more on this issue, we'd be more than happy to assist. ^BayO",
1433567,452856,Tue Nov 21 16:40:32 +0000 2017,@115858 @116333 @ATT @115858 @116333 @ATT #Activationgate continues! Talked to 8people now and spend over 4hrs on this and no solution!  Shame @115858 ! Get me a new phone @116333 !,1433566,ATT,Tue Nov 21 17:02:00 +0000 2017,@452856 Hi Michael! Thanks for reaching out to us via Social Media regarding your iPhone x . We are sorry to hear that your having such problems. Can we please have your telephone number in a PM so we can help you sort this? Thank you NikkiM Social Media Specialist,
1433572,452857,Tue Nov 21 15:58:49 +0000 2017,"Dear @ATT. I have been trying to get ATT@attcares to resolve International day pass charges since Sept. Lack of CS support, training subpar.",1433571,ATT,Tue Nov 21 16:20:00 +0000 2017,@452857 Let's get to the bottom of this international day pass charges issue Tom! Kindly send us your phone number in our DM  for further assistance. Thanks! ^CarolM,
1433574,138312,Tue Nov 21 16:01:39 +0000 2017,Good morning to@everyone except for @ATT @117735  who have still not fixed my over charges that I called about on the beginning of the month.,1433573,ATT,Tue Nov 21 16:15:29 +0000 2017,"@138312 Good morning, Billy! We see that you're upset with us and we want to make this right! Can you please send us a DM with more details about these overage charges on your account? We want to turn that frown upside down! ^JalG",
1438468,453837,Mon Oct 16 18:12:30 +0000 2017,@ATT the activation fees were supposed to be removed from my bill and haven't been. How do I get that fixed?,1438466,ATT,Mon Oct 16 18:27:31 +0000 2017,@453837 We would love to assist you with your activation fees on your account. Please DM details and your wireless number. Thanks! ^ErinJ,1438467
1438470,453838,Mon Oct 16 18:09:00 +0000 2017,@ATT will the Napa Valley ever have cell service again?,1438469,ATT,Mon Oct 16 18:26:00 +0000 2017,"@453838 Hello, Elisbeth. Our techs are of the outage and is working to resolve the issue as quickly. ^CurtisK",
1438491,453843,Mon Oct 16 17:08:08 +0000 2017,@58837 @ATT WOW! Most marriages don't last that long!,1438490,ATT,Mon Oct 16 18:18:00 +0000 2017,@453843 We never want to leave you hanging! We appreciate your loyalty! DM us a few details of your experience so we can assist.^NicJ,
1438494,453844,Mon Oct 16 18:01:12 +0000 2017,.@ATT we have been without tv/internet for over 2 weeks now due to your error. Worst customer service I have ever experienced.,1438493,ATT,Mon Oct 16 18:08:47 +0000 2017,"@453844 Hi Jessica. We regret to hear your internet has been out for 2 weeks. Can you DM us so we can better assist you? 
^QB",
1442254,454642,Thu Nov 02 11:51:47 +0000 2017,Dear @115858 and @att Since when does 3 bars of LTE mean I can’t send an iMessage? Metro north southbound new haven line to NYC unaccepabru!!,1442253,ATT,Thu Nov 02 12:40:33 +0000 2017,"@454642 Good morning Jeff, thank you for reaching out. We want to help! Please send us a DM. We are patiently awaiting your response! ^WhitK",
1445323,455391,Thu Nov 02 15:32:47 +0000 2017,@ATT Ok. I am unable to DM yet but I will gladly once you follow. Thx,1445321,ATT,Thu Nov 02 15:40:00 +0000 2017,@455391 Yikes! Let's see if following us will help you with DMing us. We are definitely ready to assist. ^JasT,1445322
1445325,455391,Thu Nov 02 15:16:21 +0000 2017,Just bought 2 tablets from @ATT in September and was told the activation fee would be waived. Now they say no. Be wary :( #shady,1445324,ATT,Thu Nov 02 15:28:01 +0000 2017,@455391 Hello Rick! Allow us a chance to make it right! Shoot us a DM with more details. We are always here for you. ^JasT,1445323
1447920,456009,Mon Oct 16 18:39:10 +0000 2017,@ATT I’ll get a canned response that they care but nobody of any knowledge will actually call and take care of the problem,1447919,ATT,Mon Oct 16 19:18:52 +0000 2017,@456009 No one should have to spend several months with incorrect billing. We can help. Dm your service you have. Thanks ^Michr,
1447922,450892,Mon Oct 16 19:12:52 +0000 2017,Did this a few times &amp; it worked! Thanks @ATT https://t.co/jWFKYq8Lwd,1447921,ATT,Mon Oct 16 19:15:35 +0000 2017,@450892 We're glad to hear your issue has been resolved! Please let us know if it occurs again! ^PaigeR,
1447924,196759,Mon Oct 16 21:39:53 +0000 2017,@ATT If you want to solve this problem figure out why your service sucks with large crowds and fix it.,1447926,ATT,Mon Oct 16 21:56:28 +0000 2017,@196759 We do appreciate your feedback! Would you kindly send us a DM with further details so we can better assist you?  ^NiaB,
1447925,196759,Mon Oct 16 19:00:20 +0000 2017,"At #ACL there are two common problems:
My phone is dead.
My phone has no internet.
@ATT and @115858  you both fail miserably at your job.",1447923,ATT,Mon Oct 16 19:03:54 +0000 2017,"@196759 Hi, Benjamin! Doesn't sound like your Monday is going too good! Would love to help! DM us details with your phone number.^ChasH",1447924
1447934,456011,Fri Oct 13 06:43:19 +0000 2017,Got a random charge on my att account only to realize someone hacked my account &amp; ordered an iPhone 8... https://t.co/np2zazw5w8,1447933,ATT,Mon Oct 16 18:58:00 +0000 2017,"@456011 Hello, please DM us your account number and contact information so we can look into this for you! Thank you.",
1447971,456017,Sun Oct 15 18:23:10 +0000 2017,Thank you so much @ATT for giving me such great service!!,1447970,ATT,Mon Oct 16 18:46:08 +0000 2017,"@456017 You're so welcome, Kelly! We're always here for you! https://t.co/Oi1ZPNJVkc",
1448931,456233,Thu Nov 02 13:39:01 +0000 2017,@118062 @ATT ❤❤,1448930,ATT,Thu Nov 02 15:57:00 +0000 2017,@456233 Enjoy! 😍😍😍,
1452354,457050,Thu Nov 02 17:02:14 +0000 2017,can you get @ATT Taylor Swift NOW in the UK 🙄🤔,1452353,ATT,Thu Nov 02 17:12:31 +0000 2017,"@457050 At this time it's not available internationally, but you can check out the full video here: https://t.co/xAN2YPcAYV",
1452356,457051,Thu Nov 02 16:42:47 +0000 2017,If @ATT thinks I'm going to spend 10 minutes watching Taylor at the piano writing a song they're right! 😂 #TaylorSwift #gorgeousisamazing,1452355,ATT,Thu Nov 02 16:59:00 +0000 2017,"@457051 What a better way to start off your Thurs-TAY, am I right? 😉  We hope you enjoy! #TaylorSwiftNOW",
1455808,457913,Mon Oct 16 20:10:17 +0000 2017,"@ATT please fix your wifi in Dallas, I'm paying top dollar for nearly unusable internet connection.",1455807,ATT,Mon Oct 16 20:13:00 +0000 2017,@457913 We would love to assist you here today with your WIFI. Please DM us you account number and let us investigate this issue. ^J.H.,
1455841,457920,Mon Oct 16 18:50:46 +0000 2017,After numerous attempts and almost 60 minuets on the phone dealing with rude associates I will no longer be an @ATT customer after 5 years,1455840,ATT,Mon Oct 16 19:33:00 +0000 2017,"@457920 Hey, Anna, let us address your payment! DM us details of what services this is related to further assist you. Thanks! ^MarM",
1458885,458621,Fri Oct 27 06:59:26 +0000 2017,I have to give HUGE props to @att for making my iPhone X preorder experience super easy. I was finished in less than four minutes!!!,1458884,ATT,Thu Nov 02 20:03:32 +0000 2017,@458621 Thanks for the shout out 😊💕 We're happy to hear you had a pleasant experience!,
1467344,460590,Thu Nov 02 18:14:47 +0000 2017,Thanks AT&amp;T for an impressive event #ATTBizSummit https://t.co/YVaYwVREQL,1467343,ATT,Thu Nov 02 18:48:31 +0000 2017,"@460590 We’re glad you're enjoying the event, Kathy. Thanks for joining us!",
1467633,460665,Wed Nov 01 16:05:36 +0000 2017,The video AT&amp;T posted on the making of Gorgeous just shows how pure and raw Taylor Swift's talent in music is. ❣️,1467632,ATT,Thu Nov 02 22:55:28 +0000 2017,"@460665 We're glad you enjoyed it, Justin! #TaylorSwiftNOW",
1472600,314525,Fri Oct 20 23:08:38 +0000 2017,Yet again @ATT has shat the bed. Two months and a simple install continues to elude them. Going on a 4th visit. #Competenceisdead,1472599,ATT,Sat Oct 21 00:52:29 +0000 2017,"@314525 Hi, Richard! We want to assist you with getting your service installed as soon as possible. Please DM us more details. ^KevB",
1473106,461938,Sat Oct 28 19:37:08 +0000 2017,Went back to at&amp;t today to get the rest of the Justice League https://t.co/2liUCNmOK8 an extra Wonder Woman… https://t.co/dvkM8G9Xoo,1473105,ATT,Sat Oct 28 20:59:50 +0000 2017,"@461938 You’re a serious superhero, DeVonna! Thanks for being part of our Halloween fun. #JoinTheLeague",
1473108,461939,Fri Oct 27 05:31:08 +0000 2017,Walked by this new thing by AT&amp;T to promote Justice League! I wanna drop by again tomorrow to check out the display inside 😍 @78053 https://t.co/CxBKqHeNAY,1473107,ATT,Sat Oct 28 20:43:08 +0000 2017,@461939 We can’t save the world alone. Come join us! #JoinTheLeague https://t.co/mGbVQEp3UK,
1473113,461940,Fri Oct 27 01:44:52 +0000 2017,PUBLIC SERVICE ANNOUNCEMENT don’t do business with @117735 @ATT they will RIP U OFF! Was told I could pay lump sum now that has “changed”,1473109,ATT,Sat Oct 28 20:43:00 +0000 2017,@461940 I apologize again on behalf of AT&amp;T for the incorrect info you were given in the store.  Thanks for allowing us to serve you!,"1473110,1473111,1473112"
1473117,461942,Sat Oct 28 20:29:17 +0000 2017,Took a walk after my class today and the AT&amp;T store was having a JUSTICE LEAGUE event. My… https://t.co/gZKSiGzdzZ,1473116,ATT,Sat Oct 28 20:40:26 +0000 2017,"@461942 Thanks for nerding out with us, Mel! #JusticeLeague https://t.co/m0u8OFAOb6",
1473120,330135,Sat Oct 28 08:47:21 +0000 2017,Got these gems from my @ATT store 😭❤️ #JusticeLeague  #WonderWoman  #AquaMan  #Cyborg  #TheFlash #Batman https://t.co/i2mz1HLdCr,1473118,ATT,Sat Oct 28 20:28:33 +0000 2017,"@330135 Nice collection, Daniel! What's your #superpower? #JusticeLeague",1473119
1473122,461943,Sat Oct 28 20:08:43 +0000 2017,I did in fact just walk into my local @ATT in full Ghostbuster gear (including the pack) to get the new Justice League posters. #ALLIN,1473121,ATT,Sat Oct 28 20:23:29 +0000 2017,@461943 Yessss! Glad to see you’re celebrating Halloween the right way with #JusticeLeague.,
1473124,461944,Sat Oct 28 20:14:22 +0000 2017,@ATT thanks for the awesome justice league posters #JusticeLeague   #louisville at the staff at the paddock shops were the best!,1473123,ATT,Sat Oct 28 20:20:07 +0000 2017,@461944 Thanks for channeling your inner superhero with us! #JoinTheLeague,
1473646,462085,Fri Nov 03 20:36:16 +0000 2017,"@ATT Thanks for checking on me, but I was finally able to get through and order one. It arrived today and it’s EPIC! Thanks!",1473648,ATT,Sun Nov 05 18:36:00 +0000 2017,"@462085 Wonderful to hear! I hope you enjoy your new iPhone! Thank you for being a valued AT&amp;T customer Holly, we truly appreciate you! ^FredL",
1473647,462085,Fri Oct 27 09:28:56 +0000 2017,Not cool @att. Spent 2.5 hours trying to get #iPhoneX. Told the system wouldn't let me because I have bundled services. #PunishLoyalty #GRR https://t.co/q8pYd39O6i,1473645,ATT,Fri Nov 03 01:22:00 +0000 2017,@462085 Hey Holly this isn't what we want for our customers. Would you DM your mobile number and what's happened so far? ^FredL,1473646
1473650,462086,Fri Nov 03 01:05:38 +0000 2017,Is anyone else getting flashbacks of taylors old vlogs while watching the at&amp;t MOAS video/trailer? I miss those! 😩 #reputation #taylorswift,1473649,ATT,Fri Nov 03 01:20:55 +0000 2017,@462086 Hope you enjoyed this sneak peek! #TaylorSwiftNOW 🙌,
1473652,462087,Fri Nov 03 01:05:43 +0000 2017,@ATT Can't dm you,1473651,ATT,Fri Nov 03 01:08:40 +0000 2017,@462087 Please try DMing us now :) ^Beth C.,
1473654,462087,Thu Nov 02 16:13:05 +0000 2017,@462088 @ATT I've been with ATT since the Cingular days. Might have to check out @115725.,1473653,ATT,Fri Nov 03 00:52:05 +0000 2017,@462087 Hey Mike! Could you please Follow and DM us with your concern? We look forward to speaking with you! ^Beth C.,1473652
1473660,462089,Thu Nov 02 23:39:37 +0000 2017,And @117159 nor @ATT will do anything without paying an insane amount. #notahappycustomer #iphonexhereicome,1473659,ATT,Fri Nov 03 00:59:33 +0000 2017,"@462089 Hey, Nicholas! How can we assist you this evening, and put a smile back on your face? Can't wait to hear back from you! ^AndreaC",
1486664,465251,Mon Oct 16 20:24:14 +0000 2017,@ATT Arcadia mall manager was all about getting the sale on commission probably to spend money on his gf who works under him... #fraud,1486663,ATT,Mon Oct 16 21:29:01 +0000 2017,"@465251 Jason, Miscommunication is never good! We'd love to assist you. DM us with you acct info please. We're here ^MiimiiH",
1486667,465252,Mon Oct 16 20:44:31 +0000 2017,@ATT  I tried to chat with your customer service dept about issues so switching to Comcast. Is there a retention dept you can refer me to?,1486665,ATT,Mon Oct 16 21:22:30 +0000 2017,@465252 Thank you for making us aware of this Jane. We would hate to lose you as a customer. Can you DM us your acct.#.^CrysS,1486666
1487831,465566,Fri Nov 03 21:43:30 +0000 2017,@ATT trying to DM you -- won't allow me to message since you don't follow me,1487833,ATT,Fri Nov 03 22:19:27 +0000 2017,"@465566 Hi Alena, there are other ways you can get assistance please follow this link https://t.co/58XCXfuwh8. Let us know if this helps!^TierraS",1487834
1487832,465566,Fri Nov 03 02:57:28 +0000 2017,@117830 That goes for the customer service from @ATT as well -- I bundled tv and internet - now I get twice the incompetent customer service!!,1487830,ATT,Fri Nov 03 05:38:00 +0000 2017,"@465566 Hey, Alena. Give us an opportunity to make this right! Please DM us your account number. We are here for you! ^AndreaC",1487831
1494885,467101,Mon Oct 16 21:05:31 +0000 2017,Booooo! @117735 @ATT https://t.co/2M25K9Y1Tx,1494884,ATT,Mon Oct 16 22:19:00 +0000 2017,@467101 Hey Dean! Please DM us more details of your concerns. We want to help and awaiting on your response! ^JornaiS,
1494892,467102,Mon Oct 16 21:44:47 +0000 2017,If I say I want to move my services why would you schedule installation at my old address?! @ATT,1494891,ATT,Mon Oct 16 22:13:01 +0000 2017,"@467102 Apologies for any mishaps regarding your installation Berea, we'd love a chance to correct this. Please DM us your address. ^DomG",
1494913,467107,Mon Oct 16 21:38:52 +0000 2017,"@ATT This was most disappointing 2yrs ago. As a loyal customer since 2000, I thought of it more as loyalty perk. Actually signed another contract",1494911,ATT,Mon Oct 16 22:01:00 +0000 2017,@467107 Hi there Kara! As a loyal customer since 2000 we want to keep you satisfied please DM us with more details to further assist! ^GageC,1494912
150356,150293,Fri Nov 24 15:42:14 +0000 2017,@ATT Home internet. What number can I call to speak with a person today? You have not answered my question. @ATT,150358,ATT,Fri Nov 24 16:21:33 +0000 2017,@150293 The number for our internet customer service is 800.288.2020. If you have any more questions let us know. ^MubC,
150357,150293,Fri Nov 24 15:07:02 +0000 2017,@ATT The inconvenience is customer service won’t answer the phone how can I call and talk to a person. I do not want to do this over DM. @ATT,150355,ATT,Fri Nov 24 15:21:40 +0000 2017,"@150293 We understand you want to talk to someone, but we need a few details for us to get you to the right person. Could you please DM us the service type (i.e mobile phone, home internet). We're here for you. -MubC",150356
150360,150293,Fri Nov 24 14:41:46 +0000 2017,@117735 I’m experiencing terrible customer service from AT&amp;T. What number Can I call to speak with a person? @ATT,150359,ATT,Fri Nov 24 14:51:32 +0000 2017,@150293 Hello Adam. We understand the inconvenience incorrect charges cause and would like to assist you in any way we can. Could you please follow and then DM us a few more details such as what the charge was for ( phone or home internet ). We're eagerly waiting for your response. ^MubC,150357
150366,150294,Fri Nov 24 05:48:44 +0000 2017,So @Walmart is giving $300 when you get an IPhone X. While @ATT isn’t really doing much? (I currently have AT&amp;T) 🤔,150363,ATT,Fri Nov 24 12:54:00 +0000 2017,"@150294 Hi there, Javi! Let us wow you with this amazing BOGO deal! Our AT&amp;T family members who buy an iPhone X can get an iPhone 8 64GB for free! Yes, you read that right, for free! DM us your account number so we can share all the exciting details, we're standing by! ^PrisC","150364,150365"
1506068,469530,Mon Oct 16 23:10:57 +0000 2017,@ATT So disappointed I thought ATT would be so much better than Comcast.  Paying way too much!,1506067,ATT,Mon Oct 16 23:26:29 +0000 2017,"@469530 Hi, Susan. Let us know what's causing you to be unhappy with your services. DM us soon to address your frustration! ^AriS",
1506070,469531,Mon Oct 16 22:51:20 +0000 2017,"@ATT, 2 times in the last 3 weeks you were supposed to get my internet set up. No call, no show both times. Is this the new business model?",1506069,ATT,Mon Oct 16 23:21:00 +0000 2017,"@469531 Hi! We only wish to provide you with the service you deserve, please DM us your account number and service type. ^JornaiS",
1506072,167555,Mon Oct 16 22:41:10 +0000 2017,ATT can't get it right. Second day without service. Totally unreliable. Missing @116136 @ATT,1506071,ATT,Mon Oct 16 23:10:27 +0000 2017,@167555 Hey Giuseppe it sadden us to here you still having issues. Send us a dm of the details We want to get this right ^Ty P,
1506076,469532,Mon Oct 16 22:54:21 +0000 2017,It’s one thing that my @ATT  cell service is acting crazy but my @ATT DSL is too!,1506074,ATT,Mon Oct 16 23:09:32 +0000 2017,@469532 That's one too many mishaps to be experiencing at once! DM us elaborating more on these complications! Love to help out! ^JewelR,1506075
1506080,469533,Mon Oct 16 22:25:43 +0000 2017,Lol when will I learn and just cancel @ATT? @117735 (*att doesn’t care),1506078,ATT,Mon Oct 16 23:06:36 +0000 2017,"@469533 That's not how we want you too feel, Hermione! Allow us here to help, what's going on? Let us know! ^TeciR",1506079
1506082,469534,Thu Oct 12 07:54:10 +0000 2017,"Trying to encourage my mom to leave @ATT, no phone/Internet service in 5 days and continuous lies from customer service",1506081,ATT,Mon Oct 16 22:37:00 +0000 2017,@469534 Thank you for reaching out! We truly apologize your having this issue. DM the account number for us. We await your response!^RiRi,
1506084,469535,Mon Oct 16 22:06:29 +0000 2017,@ATT @117735 just had another terrible conversation with your customer service line this is becoming the norm some reach out to me asap,1506083,ATT,Mon Oct 16 22:36:00 +0000 2017,"@469535 Hi Joey, let us make this right for you! Could you kindly DM us what you are experiencing? ^ ShayH Social Media Specialist",
1506087,407320,Mon Oct 16 21:58:37 +0000 2017,@ATT rep switched me over to unlimited but didn't mention I was going to lose tethering 🙃,1506085,ATT,Mon Oct 16 22:36:00 +0000 2017,@407320 We hate to hear that you lost the ability to tether your devices! We apologize for the inconvenience. Dm us for more details!^JA,1506086
1515576,471638,Mon Oct 16 23:48:59 +0000 2017,So @ATT no call no showed me again. Twice now. No internet and TV dollars for you. Unbelievable.,1515575,ATT,Mon Oct 16 23:54:28 +0000 2017,"@471638 Hello CJ, we apologize for your inconvenience. We are here to help get you a technician. Please DM your service and account#?^RickeyY",
1515578,471639,Mon Oct 16 23:34:20 +0000 2017,Why are y’all so annoying @ATT,1515577,ATT,Mon Oct 16 23:51:01 +0000 2017,"@471639 We're sorry to hear that, Steve! Please DM us so we can turn things around with you! We're here and ready to help ^VeneM",
1524277,473543,Tue Oct 17 00:40:32 +0000 2017,"@ATT four months of false charges, called every month no changes.  cancel my service and now you want to charge me $800.00 for canceling???",1524275,ATT,Tue Oct 17 00:52:00 +0000 2017,@473543 Hello Jeremy. We don't want you to leave with a negative image of us. Please Dm us your account so we can investigate ^TyP,1524276
1524283,473546,Tue Oct 17 01:12:23 +0000 2017,"@ATT I can’t send you a DM, you have to DM me. It only gives me the option to reply.",1524286,ATT,Tue Oct 17 01:19:00 +0000 2017,"@473546 No worries, Pam. To send us a DM, please go to our page and follow us. We look forward to hearing from you soon. ^DomG","1524287,1524288"
1524285,473546,Tue Oct 17 00:42:04 +0000 2017,@117735 @ATT Hello? Earth to Death Star? What's on page 1 of the @ATT customer handbook? 1) Ignore customers. 2) See #1,1524282,ATT,Tue Oct 17 00:51:30 +0000 2017,"@473546 Hello Pam, you have come to the right place for expert assistance with your bill. Please DM your account number?^RickeyY","1524283,1524284"
1524296,473547,Tue Oct 17 00:30:14 +0000 2017,@ATT Tech#9 coming out tomorrow 10/17! Still no resolution!! Quite ridiculous he inept this company pays ppl who can't do their job!,1524294,ATT,Tue Oct 17 00:45:54 +0000 2017,@473547 We apologize for the inconvenience of having another tech come fix your service. Let us know if the issue is resolved!^JaredA,1524295
1524299,473548,Tue Oct 17 00:34:19 +0000 2017,@ATT is by far the worst company to exist. They have been promising internet for 2 months and still no service. They refused to send help,1524298,ATT,Tue Oct 17 00:43:00 +0000 2017,"@473548 Hello Genesis, we apologize for the delay in restoring your internet. Please DM your accounts phone number and address? ^RickeyY",
1524301,303852,Tue Oct 17 02:20:18 +0000 2017,@ATT I've called the customer service numerous times &amp; multiple crews have been here-but it's still not fixed.,1524303,ATT,Tue Oct 17 03:26:41 +0000 2017,"@303852 Please follow our twitter page, we want to further look into your internet issues. Let's help fix this quickly. We're here!^MM","1524304,1524305"
1524302,303852,Mon Oct 16 22:45:14 +0000 2017,@ATT 4 days in a row &amp; 10 days this month without internet service. Why isn't this fixed?--your repair guys have been here for days.,1524300,ATT,Tue Oct 17 00:38:28 +0000 2017,@303852 We don't want you to go a day longer without internet! Please DM us with your account number for further assistance! ^MikeM,1524301
1524305,303852,Wed Oct 18 02:12:01 +0000 2017,@ATT - waited around from 4-8 pm for your tech who never showed up or called. 6 days in a row &amp; 12 this month without internet service.,1524306,ATT,Wed Oct 18 03:04:31 +0000 2017,@303852 We are not happy to hear that our tech didn't show up today. We want to look into your internet issue. Pls DM your acct number.,
1524312,442235,Tue Oct 17 00:08:58 +0000 2017,Uploading an 8 minute video in 2 hours isn't normal. But on @ATT it is. #fail #GiveMeFiberOrGiveMeDeath,1524310,ATT,Tue Oct 17 00:26:34 +0000 2017,"@442235 Oh no, Greg! Check if AT&amp;T Fiber is available in your area; https://t.co/wMZcnvdGwB Please DM if we can further assist! ^AyaM",1524311
1524315,473551,Tue Oct 17 00:08:18 +0000 2017,@ATT can someone actually come out to my house and make my internet work?? Like what do I have to do,1524313,ATT,Tue Oct 17 00:23:01 +0000 2017,@473551 Good evening Ruth! We understand you're having trouble with your internet. DM us details so we can resolve this for you! ^JaCS,1524314
1525727,473860,Fri Nov 03 04:07:28 +0000 2017,@ATT @127555 @119777 Bruh JL and Thor? Hell yeah,1525726,ATT,Fri Nov 03 21:04:00 +0000 2017,@473860 Keep calm + #JoinTheLeague. https://t.co/m0u8OFAOb6,
1525733,473861,Fri Nov 03 18:51:50 +0000 2017,SAWEEEEEEET!!! #justiceleague #popsockets #lifeatatt @ AT&amp;T https://t.co/72WzyUCseI,1525732,ATT,Fri Nov 03 20:59:33 +0000 2017,"@473861 We’re geeking out, too! #JoinTheLeague https://t.co/m0u8OFAOb6",
1525735,473862,Fri Nov 03 20:16:58 +0000 2017,"Hey @ATT, we’ve known the iPhone X launch day was coming for months right? Way to plan ahead with your activation servers idiots",1525734,ATT,Fri Nov 03 21:09:29 +0000 2017,"@473862 Hi Gary! There is no ETA at this time, we are working to get this resolved for you as quickly. We appreciate your patience. ^ QB",
1525741,473863,Fri Nov 03 20:21:06 +0000 2017,@ATT fam why won't my iPhone X activate,1525740,ATT,Fri Nov 03 20:58:15 +0000 2017,@473863 Hi Daniel! Sorry for the trouble. There are activation delays due to high demand. Please know were working to complete this ASAP!,
1525742,473863,Fri Nov 03 21:17:37 +0000 2017,@ATT Got it to work!,2088714,ATT,Fri Nov 03 21:30:35 +0000 2017,@473863 Perfect Daniel!  Let us know if there is anything else we can help with! - TierraS Social Media Specialist.,
1525744,473864,Fri Nov 03 17:28:14 +0000 2017,my local at&amp;t store is filled with justice league promo I’m screaming https://t.co/O0Ag90Kd4n,1525743,ATT,Fri Nov 03 20:55:00 +0000 2017,@473864 Are you nerding out as much as we are?! #JoinTheLeague https://t.co/m0u8OFAOb6,
1532693,372368,Fri Nov 03 20:25:49 +0000 2017,Unless you are on @att...and you can't activate your phone... https://t.co/uJN4ap1cmi,1532691,ATT,Fri Nov 03 20:32:01 +0000 2017,"@372368 Hey there, Adam! There are activation delays due to high demand. Please know were working to complete this ASAP! ^JasmineF",1532692
1534159,332506,Tue Oct 17 02:13:14 +0000 2017,.@ATT proving its customer service is second to everyone yet again.,1534158,ATT,Tue Oct 17 02:26:00 +0000 2017,"@332506 Hey Stew, we want to ensure our customers have an upstanding service experience! Pls DM us more details on your concerns. ^TalyaM",
1534163,475771,Tue Oct 17 01:06:21 +0000 2017,@ATT how do I get the free phone your giving w prepaid ?,1534162,ATT,Tue Oct 17 01:54:55 +0000 2017,"@475771 Hi, Phillip! Check out Prepaid phone promotions here; https://t.co/NcBQ7lqNDM DM us if you need further assistance! ^AyaM",
1551226,455138,Tue Oct 17 01:45:30 +0000 2017,@ATT just wanna say your chat rep Angelique is amazing! And so great! She is really helpful! I love your guys customer service!:),1551225,ATT,Tue Oct 17 03:11:35 +0000 2017,@455138 Thanks for the kudos! We are happy to hear you love our customer service! We hope to keep your positive vote! ^ShiannF,
1552690,480417,Fri Nov 03 23:34:57 +0000 2017,"@115900 well, worst service of life. Switching to @ATT internet and paying 135 dollars for internet cause it’s probably way better",1552692,ATT,Fri Nov 03 23:44:04 +0000 2017,"@480417 Hey There, Bryan thank you for reaching out to use via social media. Be apart of AT&amp;T. https://t.co/Qh6xQ0yreH. ^Andm",
1561749,482438,Tue Oct 17 02:57:49 +0000 2017,@162121 @ATT Seriously when did you become so soft???,1561748,ATT,Tue Oct 17 04:34:01 +0000 2017,"@482438 Hi, Brendan. Thank you for contacting the AT&amp;T social media team. Can you DM us what the issue is? We want to help. ^WaleA",
1561759,482442,Tue Oct 17 02:47:51 +0000 2017,@ATT WHY is your myAT&amp;T web site so bloody slow. Matters not if you’re on a laptop or on an iPhone the site take forever #betterservice,1561758,ATT,Tue Oct 17 04:14:00 +0000 2017,@482442 Hello Stephen! https://t.co/s4PEDBwGfL try this link if it doesn't help please DM your account so we could better assist you!^RiRi,
1561761,482443,Tue Oct 17 02:31:18 +0000 2017,@ATT when Can I pre order the iPhone x ?,1561760,ATT,Tue Oct 17 04:07:01 +0000 2017,@482443 Hi there! Pre-order for the iPhone X begins Friday 10/27/17. You can order herer: https://t.co/9EW78cIhBx Thank you. ^Ga.S,
1565817,483366,Wed Sep 27 16:27:51 +0000 2017,@ATT the guy was going to give me a credit for waiting sent us to his superviser and click.. they dropped the call how nice..,1565815,ATT,Wed Sep 27 16:43:51 +0000 2017,"@483366 Oh no, we'd love to see what we can do to help your issue! Could you please DM us you acct # and problem? ^GarW",1565816
1566235,483463,Tue Oct 17 04:06:14 +0000 2017,@483464 @ATT Why? Do you have an exploit in the wild? You do realize this flaw was discovered publicly yesterday but probably known years back,1566234,ATT,Tue Oct 17 05:29:32 +0000 2017,"@483463 Hi, Amol. Thank you for contacting the AT&amp;T social media team. We want to help you. Please DM details of your issue?^WaleA.",
159472,152709,Fri Nov 24 17:09:02 +0000 2017,"An @115900 technician successfully set up internet and cable for a neighbor, but turned mine off to do so... and now I am being told they can’t get back out until tomorrow.  Call me @ATT",159471,ATT,Fri Nov 24 17:32:51 +0000 2017,"@152709 Hello, Brendan. . Do you mind direct messaging us with your account info so that we may properly assist? We'll be waiting to hear back from you.  ^BrianaB",
1605466,492485,Fri Nov 24 17:53:31 +0000 2017,"Came in on Black Friday, said “I don’t want the iPhone X” ...oh and I need to transfer contacts from a Blackberry.  Nightmare customer! Jeff Jackson at the NYC 2450 Broadway @ATT store was a godsend. Could not have been more patient or accommodating.",1605465,ATT,Sun Nov 26 02:05:28 +0000 2017,@492485 We are always glad to help and happy to have you as part of the #ATTFamily!,
1635130,500171,Tue Oct 17 06:29:07 +0000 2017,Time to switch internet providers...@ATT,1635128,ATT,Tue Oct 17 12:40:30 +0000 2017,"@500171 We apologize for the delay with your WiFi, Jacky! Could we get you to DM us your acct #? We're here to assist you! ^AkilahS",1635129
1638574,485017,Sun Nov 05 04:44:48 +0000 2017,"@ATT and @116072, @115955 has raised its prices on me for basic service, can either of you help me out?",1638575,ATT,Sun Nov 05 05:34:30 +0000 2017,@485017 Hi Nashad! How can we help you? What type of services are you looking for? We are here to assist you DM us. ^WillP,2088614
1644970,502666,Tue Oct 17 13:20:44 +0000 2017,Hey @ATT why is my internet speed 231.35dn/45.82up when I pay for Fiber? @117735 #ATT #speedtest #cedarparktowncenter #Ethernetport,1644969,ATT,Tue Oct 17 13:26:16 +0000 2017,@502666 Hey there! Let us assist you right here with internet speed issues. Please DM  your account info to begin. We can help! ^ToyaL,
1654523,504967,Tue Oct 17 14:15:23 +0000 2017,@ATT Today is the last day of dealing with customer service and billing. 9+ year customer about to walk! #3-week dispute no resolution,1654522,ATT,Tue Oct 17 14:25:10 +0000 2017,@504967 Thank you for being a loyal customer for 9Yrs! We will be disheartened to lose you. We would love to help send us a DM. ^NiaB,
1654537,462492,Tue Oct 17 13:37:12 +0000 2017,Hi @ATT here is what you competition @127249 gives me for speed when we pay for 150 Mbps we get less that 2 https://t.co/cGJcVqZdeO,1654535,ATT,Tue Oct 17 13:50:00 +0000 2017,"@462492 Hey Randy, welcome back to the family! Please DM us so we can get you the best service possible.^CynthiaO",1654536
1654541,504971,Mon Oct 16 23:41:03 +0000 2017,@454527 @ATT this is getting ridiculous and frustrating. Please bring back @224425. Yours is the ONLY channel I watch via basic cable...,1654539,ATT,Tue Oct 17 13:48:00 +0000 2017,"@504971 Lindsay- we want to get this channel in your local lineup asap, but Capitol needs to grant permission. https://t.co/YgKm8cqKCE",1654540
1668798,453843,Tue Oct 17 15:12:50 +0000 2017,@58837 @ATT @117735 Oops. Maybe @127718 ? Change is good.,1668797,ATT,Tue Oct 17 15:25:32 +0000 2017,@453843 Please don't leave! You truly are a valued member! DM us your concerns. We'd like to work with you to turn it around! ^NicJ,
1668801,508166,Tue Oct 17 17:12:12 +0000 2017,@ATT i can't send you a DM unless you follow me,1668803,ATT,Tue Oct 17 19:26:33 +0000 2017,@508166 Please follow  @ ATTCares to send us a DM.  We are happy to assist!  Thanks again!  ^AngelicaG,
1668802,508166,Sat Oct 14 23:52:03 +0000 2017,@115990 My issue is with @ATT charging me for a full month after switching to Verizon... instead of pro-rating the 5 days of latest billing cycle,1668800,ATT,Tue Oct 17 14:37:00 +0000 2017,@508166 Good morning!  We would love to assist! Please send us a DM with your account details so we can get started. Thanks! ^AngelicaG,1668801
1668807,508167,Fri Oct 13 19:55:48 +0000 2017,"Shout out to the @ATT Store in Shelby, NC. Each of the three people I worked with were patient &amp; kind. Remembered me too. Thank you.",1668806,ATT,Tue Oct 17 14:34:00 +0000 2017,@508167 Thanks for the shout out! Glad to hear you had a great experience.,
167844,155050,Mon Nov 20 20:20:31 +0000 2017,There is a special place in hell for 1) People who commit fraud in a deceased person's name and 2) @ATT for saying the dead person is accountable for fraudulent charges until a death certificate is presented in person at a store,167843,ATT,Fri Nov 24 19:48:00 +0000 2017,"@155050 Hi, we'd like to look into this. Could you please send us a DM with more details, including your contact info?",
167846,155051,Fri Nov 24 19:19:50 +0000 2017,@155052 @ATT I just credit you for holding for 30 mins. I wouldn't have lasted 3. Lol,167845,ATT,Fri Nov 24 19:32:31 +0000 2017,"@155051 Hello, Randy! Please allow us assist your service concerns here, kindly give details to better assist you today. We're here for you and we await your reply. ^NdyE",
167850,155053,Fri Nov 24 17:42:34 +0000 2017,@117735 I sent a message with my account #. Please help me @ATT @117830,167849,ATT,Fri Nov 24 18:58:32 +0000 2017,"@155053 Yikes, Jacki! We definitely understand how frustrating it can being watching your bill rise every month. Please allow us to take a closer look into your billing concern. In order to access you account, we would need you account number. Please DM us. We await your reply. ^MeciS",
1679869,510841,Tue Oct 17 15:25:56 +0000 2017,@ATT  I postdated my payment for Friday. Now my phone is off. Can you call me so we can talk since I can't call you,1679868,ATT,Tue Oct 17 16:11:32 +0000 2017,@510841 Lets try to get you back connected ASAP!  Could you kindly send us a DM with an alternate number? We are always here to help!^ShayH,
1679874,502666,Tue Oct 17 15:20:42 +0000 2017,Hey @ATT why is my internet speed 250.468dn/59.554up when I pay for Fiber? @117735 #ATT #speedtest #cedarparktowncenter #Ethernetport,1679873,ATT,Tue Oct 17 15:52:00 +0000 2017,@502666 We would look to take a look into your equipment and internet speeds. Please DM us for further assistance. ^ArlaF.,
1679876,510843,Tue Oct 17 15:21:02 +0000 2017,I pay y’all way too much money for me to be in the city with my service switching from 1 bar of 4G to “No Service” at all @ATT,1679875,ATT,Tue Oct 17 15:42:01 +0000 2017,"@510843 Good morning, Pete. We want to assist you with getting the service you pay for! DM us your contact number, thanks. ^AriS",
1693250,513857,Tue Oct 17 16:57:50 +0000 2017,I seriously regret every switching over to @ATT,1693249,ATT,Tue Oct 17 17:00:01 +0000 2017,@513857 Good morning! Help us understand what you're experiencing. DM us for further assistance. We're here for you! ^NSmart,
1693252,513858,Tue Oct 17 16:40:03 +0000 2017,@ATT The details are AT&amp;T continues to not show up for appointments. You're free to review my account and contact me.,1693251,ATT,Tue Oct 17 16:51:01 +0000 2017,"@513858 Can you please DM us your account and phone number associated, so we can review your account. ^NicJ",
1693254,513858,Tue Oct 17 16:09:28 +0000 2017,Please save yourself a headache and do NOT use @ATT internet. 3 consecutive installation apptss missed with no explanation or communication,1693253,ATT,Tue Oct 17 16:17:00 +0000 2017,"@513858 Hello, we are here for you! Can you provide a few more details about your concerns so we can properly assist you. ^NicJ",1693252
1693256,502666,Tue Oct 17 16:20:46 +0000 2017,Hey @ATT why is my internet speed 201.833dn/55.222up when I pay for Fiber? @117735 #ATT #speedtest #cedarparktowncenter #Ethernetport,1693255,ATT,Tue Oct 17 16:50:35 +0000 2017,"@502666 Sorry, please DM us your account number, so we may properly assist you with your internet speed concern. Thanks! ^ErinJ",
1693256,502666,Tue Oct 17 16:20:46 +0000 2017,Hey @ATT why is my internet speed 201.833dn/55.222up when I pay for Fiber? @117735 #ATT #speedtest #cedarparktowncenter #Ethernetport,1693257,ATT,Tue Oct 17 16:49:00 +0000 2017,"@502666 We hate to hear your speed is not up to par. Please provide us with your account number, so we may properly assist you. ^ErinJ",
1693266,513862,Tue Oct 17 16:39:54 +0000 2017,@ATT is currently providing the worst customer service on this call. Pretty soon the call will mysteriously drop.,1693265,ATT,Tue Oct 17 16:48:33 +0000 2017,"@513862 Hello, Emmanuel, allow us the opportunity to turn this around. DM us details. We are here for you. ^MakH",
1693269,513863,Tue Oct 17 16:27:05 +0000 2017,"@ATT was offered a free phone and about 1k in incentives when I started, 8 months later and I have to pay $509 to cancel an unusable service",1693267,ATT,Tue Oct 17 16:33:29 +0000 2017,"@513863 Hi, Charles. We understand you have a $509 bill for canceling service, is that correct? Please send a DM so we can help! ^EdwinE",1693268
1700241,515594,Thu Oct 26 15:36:33 +0000 2017,@ATT Cell service,1700243,ATT,Thu Oct 26 15:39:37 +0000 2017,@515594 Could you DM us your cell phone number for your privacy. ^Dmya,
1700242,515594,Thu Oct 26 15:09:47 +0000 2017,@ATT 97603,1700240,ATT,Thu Oct 26 15:15:30 +0000 2017,@515594 Is it your cell service or TV and Internet service?  ^Dmya https://t.co/7m6RT3Hk4n,1700241
1700245,515594,Thu Oct 26 14:57:01 +0000 2017,@515595 @515596 @ATT Now there are outages in Southern Oregon,1700244,ATT,Thu Oct 26 15:09:15 +0000 2017,@515594 We'd love to look into for you. DM us your zip code so we can get started.^Dmya https://t.co/7m6RT3Hk4n,1700242
1709311,517937,Tue Oct 17 17:20:53 +0000 2017,"@ATT Internet out past 2 months, 3 tech visits (line tests/new modem), still not working, hrs on phone but get nowhere.",1709308,ATT,Tue Oct 17 17:42:34 +0000 2017,@517937 Oh no Casey. We can assist you here with your service concerns. DM us here with details and the account information. ^CurtisK,"1709309,1709310"
1709323,517941,Tue Oct 17 17:18:53 +0000 2017,I've never had so much problems with @ATT  in my life take my advice people this company lacks customer support. DO NOT GET ATT WORST COMP.,1709322,ATT,Tue Oct 17 17:21:43 +0000 2017,"@517941 Good afternoon, Katrina! Help us understand what you've experienced. DM us your concerns. We're here for you! ^NSmart",
1709350,517952,Tue Oct 17 17:03:37 +0000 2017,@ATT can y'all come fix your towers down in San Marcos... having slow to almost no service for over a month isn't okay,1709349,ATT,Tue Oct 17 17:11:01 +0000 2017,@517952 Hi! You can report tower issues at https://t.co/UgNiuvwFeK Mark The Spot. Let us know if any further assistance is needed. ^ErinJ,
17137,119776,Tue Oct 31 22:22:29 +0000 2017,I got my Justice League posters thx @ATT @119777 #JusticeLeague,17135,ATT,Wed Nov 01 03:29:23 +0000 2017,@119776 Who’s your favorite hero? #Batman #WonderWoman #TheFlash #Aquaman #Cyborg  #JoinTheLeague https://t.co/m0u8OFAOb6,17136
1716296,519749,Tue Oct 24 20:08:25 +0000 2017,@519750 Don't answer! It's some weird scam thing with at&amp;t right now,1716295,ATT,Thu Oct 26 16:29:00 +0000 2017,@519749 Hi Erica! We'd like to look into this issue. Would you mind sending us a DM with more info? Thanks!,
1723798,521417,Tue Oct 17 18:18:22 +0000 2017,Today I finally canceled my @ATT U-verse account! https://t.co/vS0biL5ZUC,1723797,ATT,Tue Oct 17 18:26:01 +0000 2017,"@521417 We hate to see you go! Lets work together,DM us your account number so we can get this resolved.Please reach back out!^LachS",
1723800,521418,Tue Oct 17 16:58:01 +0000 2017,Your lock-in techniques are adorably antiquated @ATT. I'm counting down the minutes I can walk away from these ruthless business practices.,1723799,ATT,Tue Oct 17 18:25:34 +0000 2017,@521418 Hi Josh! We certainly don't want you to feel that way. What can we do to turn this around? DM us so can discuss your plan. ^EG,
1723802,521419,Tue Oct 17 18:07:50 +0000 2017,@ATT hey why isn't my phone working,1723801,ATT,Tue Oct 17 18:13:00 +0000 2017,@521419 Hey Alex! We would love to find out! Please Dm us what problems you are experiencing and we can help! ^KylieL,
1723806,521420,Tue Oct 17 17:23:59 +0000 2017,@ATT @117735 I don't understand why AT&amp;T can't get a bill matter straightened out. Tired of the run around and excuses,1723803,ATT,Tue Oct 17 18:00:14 +0000 2017,"@521420 Holly, let's get your billing inquires sorted out! Could you DM us which service this is regarding? Talk to you soon! ^KeeD","1723804,1723805"
1737852,524578,Tue Oct 17 19:19:38 +0000 2017,Highly disappointed with the response from customer service and inefficiency of billing department to handle unrecognized charges.@ATT,1737850,ATT,Tue Oct 17 19:31:34 +0000 2017,"@524578 Good morning, We would love to further assist you. Can you please DM us further details?  ^ JC Social Media Specialist",1737851
1737874,342909,Tue Oct 17 19:51:24 +0000 2017,"@ATT Your move, msg sent",1737875,ATT,Tue Oct 17 19:54:37 +0000 2017,@342909 Thanks! Your account is being reviewed! We will be in contact with you shortly! ^BriT,1737876
1737878,524581,Tue Oct 17 18:46:43 +0000 2017,I just love paying for internet that doesn’t work half the time. @ATT,1737877,ATT,Tue Oct 17 19:05:00 +0000 2017,"@524581 Yikes! We hate to hear that you are having problems with our internet service, Stacia. DM us details so we can assist! ^MarM",
1737880,524582,Tue Oct 17 18:44:30 +0000 2017,"@ATT Hello, do you have any prepaid plans for tourists who are vacationing in the United States?",1737879,ATT,Tue Oct 17 18:53:04 +0000 2017,@524582 We certainly do have prepaid plans you can use on your trip Seba! Check them out here: https://t.co/JfeXykDKYu ^JaredA,
1747990,526928,Sun Oct 15 00:18:12 +0000 2017,@att “unlimited” data plan is a scam. Slowing down my connection so much I can’t even check email after I use 20 GB? Sad.,1747989,ATT,Tue Oct 17 20:03:39 +0000 2017,@526928 We hate to hear such dissatisfaction from a valued customer. Please DM us details on whats occurring so we can help!  ^JaCS,
1747994,526930,Tue Oct 17 19:23:58 +0000 2017,Call centers in the Philippines have the best English speaking agents outside the US. Quality service. 👍🏼 @ATT,1747993,ATT,Tue Oct 17 19:58:08 +0000 2017,@526930 Thanks for reaching out to us via Social Media concerning our customer service. We strive to be the best world wide.  ^TwaC,
174910,157031,Fri Nov 24 22:25:35 +0000 2017,@ATT @AppleSupport here is the error message I get when I try to enable wifi calling.  No one can figure out. Can someone PLEASE help? https://t.co/toV0PPYAXF,174909,ATT,Fri Nov 24 22:58:29 +0000 2017,@157031 Not to worry. Can you please send us a DM with your account information? This way we can look into the mechanics of your phone. We appreciate you for being so patient as we've tried to find a solution to fix your Wifi calling. Get back to us so we can get started. ^JusT,
174912,157032,Fri Nov 24 19:28:57 +0000 2017,Still no Data with @117735 @ATT what’s going on!!!?!? https://t.co/616sm5Bkcd,174911,ATT,Fri Nov 24 22:32:53 +0000 2017,"@157032 Good afternoon! I see you are having data issues. I can help you with that! Please give us a follow, and DM us  @117735  so we can get this issue resolved. ^AlinaW",
174914,157033,Fri Nov 24 22:16:12 +0000 2017,@ATT Will do,174913,ATT,Fri Nov 24 22:18:29 +0000 2017,@157033 Thanks! We look forward to hearing from you! ^JewelR,
174916,157033,Fri Nov 24 21:43:15 +0000 2017,@117735 gonna hv 2 gt rid of @att uverse b4 I even gt it. Bn waitin on my install 4 a wk! No answers. No apologies. Just excuses! 👎🏾👎🏾,174915,ATT,Fri Nov 24 22:03:04 +0000 2017,"@157033 Justin, thank you so much for coming to us via Social Media about your recent experience! It doesn't sit well with us to hear that you have been waiting a week to get your services installed! Could you please take the time to send us a DM for better assistance? ^JewelR",174914
174918,157031,Fri Nov 24 22:09:31 +0000 2017,Week 4 of BEGGING @ATT and @AppleSupport to fix my iPhone 8 and all they do is play the blame game with each other. I just need WiFi calling to work. No idea why this is such a mystery... #ugh,174917,ATT,Fri Nov 24 22:17:00 +0000 2017,"@157031 Hello Sarah, it will be our pleasure to help you with your wifi calling. To start, this link will help you set up your device. Please let us know if you need any further assistance. https://t.co/u39Y3a8dSm ^RickeyY",
174920,157034,Fri Nov 24 21:06:38 +0000 2017,My kid hates me cuz he cant watch his movie. Thanks @ATT,174919,ATT,Fri Nov 24 21:13:00 +0000 2017,"@157034 We hate to hear that your equipment isn't working, especially since you just got it, Nelly! We recommend the Troubleshoot and Resolve tool: https://t.co/TzOVWpmQcE If that doesn't help, please DM us with your AT&amp;T acct # and phone # so we can look into this. ^MikeM",
1751359,527685,Mon Nov 06 23:31:49 +0000 2017,"@ATT I already have. Still no help for my daughter. I’m done, she’s messaged AT&amp;T also. They just keep sending her emails to charge her for an account she don’t even have. She has no account number and nobody will tell her what it is or if they can even one. just keep sending emails.",1751358,ATT,Tue Nov 07 17:04:00 +0000 2017,"@527685 Hi Sonia. If you can DM us your daughter's name and/or Twitter username, we can search our system for open cases and help look into this.",
1751362,527685,Tue Oct 31 18:40:53 +0000 2017,@ATT Why are your customer service people not willing to cooperate and fix a screw up someone in your sales or service department made. Instead of fixing the problem you keep transferring my daughter to different departments and billing her $900.00 Think she needs attorney,1751360,ATT,Mon Nov 06 22:59:36 +0000 2017,@527685 Hi Sonia. Please DM us with additional information so that we can help!,"1751361,1751359"
1760600,529878,Tue Oct 17 21:32:23 +0000 2017,@ATT @117735 Shittiest customer service reps. I have been on the phone every 10 days do to their mistakes and have been assured they would fix it...,1760599,ATT,Tue Oct 17 21:53:33 +0000 2017,"@529878 Hey, Trevor, thanks for reaching out please send us a DM, so we can help! We are always here for you! ^WhitK",
1777167,534010,Wed Nov 01 23:16:51 +0000 2017,@487335 @ATT Thankfully I still had the phone number for the tech guy. I called him and he agreed that I shouldn’t have any charges. I recorded it too 😏,1777166,ATT,Wed Nov 08 00:12:30 +0000 2017,"@534010 Happy to look into the billing. Please chat with me @ https://t.co/JbUyU4Bz4L
^Dianna",
1777167,534010,Wed Nov 01 23:16:51 +0000 2017,@487335 @ATT Thankfully I still had the phone number for the tech guy. I called him and he agreed that I shouldn’t have any charges. I recorded it too 😏,1777168,ATT,Wed Nov 08 00:17:31 +0000 2017,"@534010 Please DM me so that I can provide account specific information.
Thanks!
^Dianna",2088486
1777171,534011,Tue Nov 07 22:24:32 +0000 2017,@136279 @ATT 2/We've wasted days trying to get AT&amp;T to honor deal promised by ONE guy who knew Arlo Go. Can't get it activated. Will have to return cam.,1777170,ATT,Tue Nov 07 22:30:08 +0000 2017,"@534011 Please DM us your wireless number, so we may properly assist you in adding the Arlo Go to your wireless plan. Thanks! ^ErinJ",
1778380,138484,Mon Oct 16 20:13:25 +0000 2017,"@ATT No response via social media, giving erroneous information by telephone reps. Excellent customer service. Thanks so much 😒",1778379,ATT,Tue Oct 17 22:48:00 +0000 2017,@138484 Hi Cezanne! Thank you for reaching out to us today about your service being down. Please DM us with more details! ^GageC,
1778399,534331,Tue Oct 17 22:27:32 +0000 2017,@117735 I'm literally complimenting your team and you guys have asked me twice how you can help. @ATT There's nothing I need. It's just a thank you.,1778398,ATT,Tue Oct 17 22:31:37 +0000 2017,"@534331 Hi Amber, we're glad to hear you had a positive customer service experience! We are here if you ever need assistance! ^PaigeR",
1778401,534331,Wed Oct 11 18:22:30 +0000 2017,@ATT We reminded rep we hadn't paid for new case. Area Manager overheard and gave 20% discount. Way to empower employees to pay it forward!,1778402,ATT,Tue Oct 17 22:12:34 +0000 2017,"@534331 Nice to hear the area manager was able to offer an appeasement, is there anything else we can help you with? ^TinaT",1778444
1778433,534341,Tue Oct 17 15:34:58 +0000 2017,@ATT @117735 HOW ARE THEY GOING TO PAY WHEN THEY ARE STRUGGLING TO EVEN FIND FOOD/ WATER AND BASIC NECESSITIES?,1778431,ATT,Tue Oct 17 22:22:53 +0000 2017,"@534341 We'd be more than happy to try and waive those fees for your grandparents, Nadja! Please have them reach out to us! ^MikeM",1778432
1778434,534341,Tue Oct 17 23:19:52 +0000 2017,@ATT They said the bill needed to be paid and that at some point they will receive a credit. When I asked when the rep said they didnt know.,1778435,ATT,Wed Oct 18 01:12:00 +0000 2017,@534341 Please DM us the account details so we can take a look into this for you. We are here for you and await your reply! ^JaCS,1778436
1778436,534341,Wed Oct 18 01:31:00 +0000 2017,@ATT Where should I DM you. It says I can not DM @ATT,1778437,ATT,Wed Oct 18 01:54:34 +0000 2017,@534341 This link https://t.co/O19koGOzs2 should help you DM us. We await your reply! ^JaCS,1778438
1778610,288872,Wed Nov 08 00:53:34 +0000 2017,Checked both @115911 and @ATT  .. same thing @239217 🤡🤡 ..@115913 https://t.co/zev0mZ7zzA,1778611,ATT,Wed Nov 08 23:46:15 +0000 2017,"@288872 Avay I'll call you shortly to discuss your inquiry. Thank you for allowing us to help. 
^Maria A. Social Media Team",
178473,158078,Mon Oct 02 01:22:53 +0000 2017,"@117735 Why is it IMPOSSIBLE to receive any service of any kind,  other than SALES,  in your @ATT stores?  Why is that your market strategy?",178472,ATT,Mon Oct 02 11:25:56 +0000 2017,"@158078 Hey Buddy, we're here to help you! Please DM us details of your concerns along with your account number! ^PaigeR",
1786596,536748,Sat Oct 28 00:07:35 +0000 2017,"This AT&amp;T store has a lot of Justice League advertisement, pretty cool.",1786594,ATT,Sat Oct 28 04:01:00 +0000 2017,@536748 Who’s your favorite hero? #Batman #WonderWoman #TheFlash #Aquaman #Cyborg  #JoinTheLeague https://t.co/m0u8OFAOb6,1786595
1790358,537804,Wed Oct 18 00:01:43 +0000 2017,@ATT You haven't answered,1790360,ATT,Wed Oct 18 00:53:00 +0000 2017,@537804 We appreciate you awaiting our response. Please have the account holder reach out to us with details for further help. ^JaCS,
1790359,537804,Tue Oct 17 23:41:59 +0000 2017,@117735 how many times can @att put you back in start menu?,1790356,ATT,Tue Oct 17 23:52:02 +0000 2017,@537804 We do care. We'd be happy to help you with your mother-in-law's fees trouble. DM us more details for further assistance. ^RenaB,"1790357,1790358"
1790362,537805,Thu Oct 19 01:48:20 +0000 2017,@ATT There's no point really. I will be searching for other internet options due to @ATT bandwidth fluctuating so much so frequently,1790364,ATT,Thu Oct 19 01:59:30 +0000 2017,"@537805 Hello! We value you as a customer and don't want to see you leave. Please DM us details, along with your acct number. ^ErinJ",
1790363,537805,Tue Oct 17 23:47:15 +0000 2017,@ATT @ATT just a reminder my bandwidth is still laughably low for a paid service,1790361,ATT,Tue Oct 17 23:51:01 +0000 2017,@537805 Good evening! Help us understand what you're experiencing. Send us back a DM and elaborate with us on your concerns. ^NSmart,1790362
1790368,537806,Tue Oct 17 23:42:11 +0000 2017,@att. Can some explain how i get my bill on the 12th and the auto pay is now due on the 15th.   Bill isnt due till the 28th,1790366,ATT,Tue Oct 17 23:45:03 +0000 2017,@537806 We'd be happy to see why you're auto pay is due so early! Please DM us with your service type and account number! ^MikeM,1790367
1790370,537807,Tue Oct 17 22:45:16 +0000 2017,I’m sick of @ATT Uverse!! I have to call them every month about my bill. What’s wrong with their system😡,1790369,ATT,Tue Oct 17 23:36:30 +0000 2017,"@537807 Hi, Kristen! Could you please tell us more in a DM?  We're here and ready to get started assisting you with your bill! ^VeneM",
1790372,537808,Tue Oct 17 22:24:37 +0000 2017,@537809 @ATT Can you hear me now?,1790371,ATT,Tue Oct 17 23:26:00 +0000 2017,"@537808 Hi, Matt. Are you still having signal complications? DM us to further assist you with your device. Thanks! ^AriS",
1790377,537810,Tue Oct 17 22:51:19 +0000 2017,"@ATT hi, can I have my region (Mexico) changed to the US? Right now I'm in contract with ATT México.",1790375,ATT,Tue Oct 17 23:06:29 +0000 2017,@537810 Hi Juan! Thanks for reaching out to us. Please DM us more details of your concerns. We're here awaiting your reply! ^JornaiS,1790376
1791030,537998,Sun Nov 26 04:09:50 +0000 2017,"@ATT It has now been another 45 minutes on my 2nd call tonight. Still no help.They can't seem to figure out a customer that has cell, tv &amp; internet on the same account. They had it worked out 2 months ago.  Whay happened? Why is the poor service so easily accepted within their ranks?",1791029,ATT,Sun Nov 26 04:28:59 +0000 2017,@537998 Good evening Lee. We understand you're having a frustrating experience with your account and our customer service. Could you please send us a private message with a few more details about what is going on with your account? We want to help you to the best of our ability. ^JusT,
1802595,541635,Fri Oct 13 12:13:21 +0000 2017,@ATT can you hurry in PR. We cant even use our phones in my house and we are paying a lot for that service.,1802594,ATT,Fri Oct 13 13:24:00 +0000 2017,@541635 We currently have no ETA. Our Techs are working diligently to restore service. Thank you for your patience. ^Dmya https://t.co/7m6RT3Hk4n,
1804751,542264,Wed Oct 18 00:19:03 +0000 2017,Anyone else @ATT service terrible?,1804750,ATT,Wed Oct 18 00:38:00 +0000 2017,"@542264 Hey there, Kam. Please DM us the details of your service troubles as well as your phone number and we'll do our best to help! ^SkyH",
1804753,542265,Tue Oct 17 23:48:16 +0000 2017,Just had the absolute worst experience with @ATT @117735 #rude,1804752,ATT,Wed Oct 18 00:11:08 +0000 2017,"@542265 We are here for you, Sam! Could you tell us what happened in a DM? We are more then happy to help if we possibly can! ^RyanB",
1804760,542266,Tue Oct 17 23:21:29 +0000 2017,@ATT a repair guy was suppose to come to my place today and hasn’t made it yet. Is this normal orrrrr?,1804759,ATT,Wed Oct 18 00:03:30 +0000 2017,@542266 oh no! We don't like to hear that the tech didn't show up.We can help. Can you dm your service type. Thanks ^michr,
1804762,542267,Tue Oct 17 23:51:59 +0000 2017,@ATT An hour of my life wasted speaking to 2 CS agents who both gave me different responses to a locked out account. Frustrated!,1804761,ATT,Wed Oct 18 00:00:13 +0000 2017,"@542267 Hi, Damon! Please allow us to clear things up for you. Send a DM with your accnt # and more details regarding this. ^AyaM",
1804768,542269,Tue Oct 17 23:51:37 +0000 2017,"And to top it all off. @ATT Tried charging us $420 for “early termination” after cancelling when they lied to us. #lost$2,000ayearfromus",1804766,ATT,Wed Oct 18 00:00:02 +0000 2017,@542269 We hate to see you go! Could you PM your account information so we take a look into your account. Await your response!^LachS,1804767
1817680,545989,Tue Oct 17 19:16:14 +0000 2017,Im having the WORST EXPERIENCE with my @ATT install. I do not feel @117735 in the slightest. #Austin #nothappy,1817678,ATT,Wed Oct 18 03:15:00 +0000 2017,"@545989 Carla, please DM us with more information. We'd love to help you!",1817679
1817683,545990,Wed Oct 18 01:23:59 +0000 2017,@ATT @117735 this is so frustrating. Why do I pay more money for worse service?!,1817682,ATT,Wed Oct 18 02:39:35 +0000 2017,"@545990 Hey Laura, we know the importance of staying connected. Pls DM us your phone and account number. We are here to help!^TalyaM",
1822732,303159,Wed Oct 18 00:56:07 +0000 2017,"@ATT my best friend is here and get access to his phone the home button is broken, and he is on with assurion, who are NOT helping.",1822731,ATT,Wed Oct 18 03:33:40 +0000 2017,"@303159 Amy, thanks for bringing this to our attention.  Can you have your friend DM us with his account number? We'd like to help.",
1822739,547183,Wed Oct 18 02:40:41 +0000 2017,.@ATT hey att. How about a rebate for 5 days of intermittent signal on my UVerse tv. Very poor quality product.,1822738,ATT,Wed Oct 18 03:30:32 +0000 2017,@547183 We're here for you! Could you DM us details on what's going on with your signal so that we can better assist? Thanks! ^LoW,
1831619,549573,Wed Oct 18 03:22:34 +0000 2017,@ATT ATT Poor customer service.  Get new SIM card for my exist iPhone - CUSTOMER SERVICE CLOSED thanks AT&amp;T YOU NEED 24 HR CUSTOMER SERVICE,1831618,ATT,Wed Oct 18 05:21:55 +0000 2017,"@549573 Hey Don, we are here to help. Please DM us for assistance with your new sim card. We're awaiting your reply! ^TalyaM",
1831644,254347,Wed Oct 18 03:21:37 +0000 2017,"Dear @ATT, are you ever going to bring wifi-calling to At&amp;t Prepaid? @117735",1831643,ATT,Wed Oct 18 05:20:00 +0000 2017,"@254347 Hello Ahmed, we don't currently offer WiFi calling for Pre-paid. We may in the future. Pls reach out if you need us.^TalyaM",
1831662,549583,Wed Oct 18 03:03:34 +0000 2017,@att v disappointed. Signed up int &amp; was told installation would be waived. When on bill told I must be crazy. Left @116136 for this reason,1831661,ATT,Wed Oct 18 04:49:53 +0000 2017,"@549583 Oh No! Sorry about that! Please DM your account number so we can better assist you! You are more then a customer, your family!^RiRi",
18355,120076,Tue Oct 24 18:27:44 +0000 2017,@ATT how difficult do you have to make it for military service members to suspend their accts while deployed...2 wasted calls and a visit,18354,ATT,Wed Nov 01 05:14:00 +0000 2017,"@120076 We would love to help assist you with the suspension! DM us your phone number, and we will get the ball rolling for you! ^AndreaC",
18357,120077,Wed Nov 01 03:12:56 +0000 2017,@ATT never got a call back. Overcharged.  Did ya fix it or just lie again?,18356,ATT,Wed Nov 01 05:05:52 +0000 2017,@120077 No lies here! We want to turn this around for you! DM us your phone number so we can begin to get to the bottom of this! ^AndreaC,
18359,120078,Wed Nov 01 03:13:13 +0000 2017,@ATT Thanks Amber! Returning all my Charter Spectrum stuff tomorrow if they don’t make any changes in my account!! #SeeYouSoon,18358,ATT,Wed Nov 01 04:16:00 +0000 2017,"@120078 Awesome Megan! Please send your telephone number and address, and we'll take care of you. Awaiting your reply! Thank you.^AmberC",
18361,120078,Wed Nov 01 01:15:48 +0000 2017,@115955 is raping us all. There prices are outrageous. Say bye bye to Charter and hello to @ATT @Ask_Spectrum,18360,ATT,Wed Nov 01 03:10:00 +0000 2017,@120078 We'll be happy to have you apart of our family! Let us know if there's anything we can do to help you in your decision. Thank you^AmberC,18359
1839660,551334,Wed Oct 18 03:58:12 +0000 2017,"Hello @ATT, your internet service sucks real hard. I’ve done everything I can possibly think of, yet my internet hasn’t worked in 4 days. 🙃",1839659,ATT,Wed Oct 18 05:49:31 +0000 2017,"@551334 Hi, Elizabeth. Let's restore your internet. Could you DM us your account number and zip code? We're here to help. ^JamesV",
1839662,361706,Wed Oct 18 03:48:40 +0000 2017,@ATT I’m curious.  Why is ur cs so difficult after trying to set up a new internet request at my apartment online?,1839661,ATT,Wed Oct 18 05:33:26 +0000 2017,"@361706 Hello Cheryl, we want your installation to be a quick and easy process. Pls DM your concerns so we can assist you. ^TalyaM",
1845157,552750,Mon Nov 20 17:33:28 +0000 2017,.@TMobileHelp @188044 I gotta question guys i am a @117735 customer in Puerto Rico. Is there a unlimited data plan for my Smarthphone without a cap of 22 gigabytes because if i go beyond that @att is reducing my velocity @ 2G and im paying too much Cc: @115913,1845156,ATT,Mon Nov 20 22:40:55 +0000 2017,"@552750 Greetings Lenny!  If you could please contact me back at (877) 929-5551, ext. 149155. I am available between the hours of 12pm to 9pm Central Time Tuesday through Saturday, or for 30 min at &lt;link&gt;https://t.co/eAOlBFC14s&lt;/link&gt; ^MichaelA.",
1845160,552751,Mon Nov 20 21:42:50 +0000 2017,@ATT Please help my friend @552752,1845159,ATT,Mon Nov 20 21:48:36 +0000 2017,"@552751 Thank you for your reply, Matt. We are eager to help and turn this around for you. Please DM and let us know how we may assist you. ^RickeyY",
1845162,552751,Mon Nov 20 21:17:08 +0000 2017,@552753 @552752 @ATT That X life is a change in mentality... radman out here complaining about rebates is 5C life... 😂😂😂,1845161,ATT,Mon Nov 20 21:31:36 +0000 2017,"@552751 Hello Matt, we thank you for reaching out to us. We are here to help with your rebate. Please DM the concerns that you are experiencing? We thank you for your patience. ^RickeyY",1845160
1849589,553776,Wed Oct 18 20:56:09 +0000 2017,@Ask_Spectrum service out again. That’s everyday this week. @ATT fiber you can’t come soon enough,1849590,ATT,Wed Oct 18 20:58:36 +0000 2017,@553776 We are almost there! Could you send us a DM so we may better assist you? ^BrandonM,
186240,159759,Sun Oct 01 18:35:47 +0000 2017,@ATT It says your account does not permit DM’s.,186239,ATT,Sun Oct 01 19:38:00 +0000 2017,"@159759 Are you currently following us? If not, could you please follow us, then send us a DM of your acct # and issue? ^GarW",
186242,159759,Sun Oct 01 18:13:13 +0000 2017,"@ATT  Now he has to drive back home after driving there,sit on phone wasting his time,then wait for days for replacement?How is this fair?",186241,ATT,Sun Oct 01 18:22:54 +0000 2017,"@159759 Good afternoon, Can you please DM us with specifics to the issue your experiencing? Talk soon! ^ JC Social Media Specialist",186240
186244,159760,Sun Oct 01 06:40:30 +0000 2017,Yo @ATT international data plan gives u like 200 MBs and that's like one selfie and 5 tweets,186243,ATT,Sun Oct 01 19:09:50 +0000 2017,@159760 I will be more than happy to discuss our international options with you. Please DM us your mobile number. ^MatthewF,
186244,159760,Sun Oct 01 06:40:30 +0000 2017,Yo @ATT international data plan gives u like 200 MBs and that's like one selfie and 5 tweets,186245,ATT,Mon Oct 02 20:19:29 +0000 2017,@159760 We are eager to hear from you! Please DM us. ^MatthewF,
186244,159760,Sun Oct 01 06:40:30 +0000 2017,Yo @ATT international data plan gives u like 200 MBs and that's like one selfie and 5 tweets,186246,ATT,Mon Oct 09 23:12:56 +0000 2017,"@159760 We are always here to help! If you have any further questions, feel free to reach out to us! ^MatthewF",
186244,159760,Sun Oct 01 06:40:30 +0000 2017,Yo @ATT international data plan gives u like 200 MBs and that's like one selfie and 5 tweets,186247,ATT,Sun Oct 08 18:59:25 +0000 2017,@159760 Feel free to visit https://t.co/FCmtv1BY5C for all information on international rates or DM us. I am eager to help! ^MatthewF,
186251,159762,Sun Oct 01 18:58:10 +0000 2017,On the phone with #DIRECTV for going on 2 hrs about my #NFLSundayTicket plan changing I have never had worse customer service @ATT @117830,186250,ATT,Sun Oct 01 19:05:30 +0000 2017,"@159762 We hate to hear you're not receiving the service you deserve. Please DM your acct number, so we may assist you. Thanks! ^ErinJ",
186253,159763,Sun Oct 01 18:33:59 +0000 2017,@117735 @att why are you charging me for my free iPhone (we added another line/phone) and then say you’ll credit me back in Dec?,186252,ATT,Sun Oct 01 18:56:27 +0000 2017,@159763 The social media team would love to help explain! PM us your account details. ^ChasH,
188094,160138,Wed Oct 04 14:11:38 +0000 2017,@ATT Last time I DM you guys you ignored me! Customer with you for over 10 years.,188093,ATT,Wed Oct 04 15:08:33 +0000 2017,"@160138 Hi Mark. Please allow us to make things right with you, as a long term customer. Could you DM us details of your concerns?
^QB",
188096,160138,Wed Oct 04 12:18:17 +0000 2017,@att service has gotten so bad I might need to switch. What’s everyone using?,188095,ATT,Wed Oct 04 13:59:35 +0000 2017,"@160138 Hi there, Mark. We're here to help. Please DM us details of your concern so we can change your impression of us. ^AyoO",188094
188262,160173,Mon Oct 02 20:24:53 +0000 2017,@ATT Poor service #poor #cheater,188261,ATT,Tue Oct 03 14:33:00 +0000 2017,"@160173 We're sorry that you are having this experience, Help is here. Please DM us back. Thanks. ^Genderson R. Social media specialist.",
188678,160284,Mon Oct 02 16:56:01 +0000 2017,"Why is @ATT’s network so bad in S. Florida? Can’t play @160285, use @135616, open webpages, or make calls consistently on cellular.",188677,ATT,Mon Oct 02 18:23:01 +0000 2017,"@160284 Yikes! We can help. Have you tried troubleshooting? If not, this will do the trick: https://t.co/z8Rdgy1jPq ^MeciS",
188680,160286,Mon Oct 02 17:51:27 +0000 2017,@117830 @ATT a technology company asks you to write a letter about a billing dispute......a letter....DO NOT USE THIS COMPANY,188679,ATT,Mon Oct 02 18:10:29 +0000 2017,"@160286 Hi, Amy! We want you to get the assistance that you deserve when disputing a charge! DM us with more info. We want to help! ^DanC",
188682,160287,Mon Oct 02 17:42:44 +0000 2017,"@ATT @12445 I swear reception sucks with Att, I complain and nothing! I go to Bluegrass and guy says wait time is 1hour! Can't Win",188681,ATT,Mon Oct 02 17:57:41 +0000 2017,"@160287 Hey, Robbie! We want you to receive the best quality service possible! Send us a DM we find the best solution for you. ^EdwinE",
188684,160288,Mon Oct 02 17:30:16 +0000 2017,"@ATT Too much to type-really hoping executive escalation team calls today as promised. Customer service failed. Repeatedly. Told me I should be 'grateful' tech was set to house for no reason at all, wasting my day.",188683,ATT,Mon Oct 02 17:48:33 +0000 2017,"@160288 We understand. If you don't get a phone call today, our social media team will be more than happy to assist you on here! ^JalG",
188686,160288,Mon Oct 02 16:41:25 +0000 2017,@ATT Customer service hell right now with you guys. Need coffee just to deal with it. Seriously. Help.,188685,ATT,Mon Oct 02 16:57:40 +0000 2017,"@160288 Good morning. We hate to hear this, can you DM us more details about what's going on? We await your reply. ^JalG",188684
188689,160288,Tue Oct 03 14:18:57 +0000 2017,"@ATT So, no call from escalation team-I called executive offices myself. AT&amp;T is weak on accountability. Wasted 4 hours yesterday on service call which was not needed. Hours and hours on telephone....my time not respected by AT&amp;T.",216688,ATT,Tue Oct 03 14:27:37 +0000 2017,@160288 We'd be happy to help resolve your concerns! Please DM us the service you're having issues with and your account number. ^PaigeR,216687
188693,160290,Mon Oct 02 16:46:30 +0000 2017,@ATT why have I had to contact customer service 14 times!?!? WHY CAN'T YOU HONOR BOGO!!!!!!,188692,ATT,Mon Oct 02 16:59:33 +0000 2017,"@160290 Hi, Marika! We want to give you the customer service you deserve. Can you DM us details of what's going on? Thanks! -MarthaM",
188695,160291,Mon Oct 02 15:43:57 +0000 2017,@ATT Nothing like being at #Disneyland in a group and having your 📱 die. Great cellular ⌚️ use case.,188694,ATT,Mon Oct 02 16:43:02 +0000 2017,@160291 Hi Matthew! Thanks for reaching out. DM us for help with you cell phone. We're here for you and looking forward to helping! ^EG,
188698,160292,Mon Oct 02 16:11:06 +0000 2017,What am I paying all this money to @116136 for?? Been on hold for customer service for over 2 HOURS... About ready to switch to @ATT,188697,ATT,Mon Oct 02 16:38:00 +0000 2017,"@160292 Welcome, Jai! We are always looking to add to our family! We'd love to get you started! DM us! Hope to hear from you! ^JewelR",
1891401,564015,Sun Oct 22 16:27:18 +0000 2017,I need a frame for this 👊👌 #MLS #DecisionDay https://t.co/m3LK4wriNL,1891400,ATT,Sun Oct 22 19:20:27 +0000 2017,@564015 We were thinking the SAME. THING. In fact… how about this? 🙌👊Make sure to check your 📬 soon…. #DecisionDay https://t.co/s5v81RrnSH,
1892016,249175,Sun Oct 22 20:07:44 +0000 2017,The slowest @ATT location is in Brooklyn NY gateway mall with 3 employees,1892015,ATT,Sun Oct 22 20:57:34 +0000 2017,"@249175 Oh no, that's not the customer service we strive to provide. DM us how we can quickly assist you. We are eager to help! ^AriO https://t.co/7m6RT3Hk4n",
1897185,200658,Wed Oct 18 04:59:26 +0000 2017,@117735 Are you guys still offering up to $650 per line to help customers switch to @ATT I have 2 iphones 2 iPads I would like to switch.,1897184,ATT,Wed Oct 18 11:55:26 +0000 2017,@200658 Take advantage of this great offer and earn up to $650 in AT&amp;T credits per line! DM us to learn how to get started! ^AntB,
1900805,566454,Mon Oct 23 23:07:57 +0000 2017,I’m getting really annoyed with my internet. When it takes 7 days to install a game I think something should change. @ATT,1900804,ATT,Mon Oct 23 23:46:00 +0000 2017,"@566454 7 days for a download is a problem, but we have solutions, Andrew! Can you please DM us with an account number? ^JoW https://t.co/7m6RT3Hk4n",
1901177,566571,Tue Oct 24 00:14:52 +0000 2017,"It's bittersweet leaving @ATT. We have had them forever, but are finally switching networks for more freedom at a much better price 😊",1901176,ATT,Tue Oct 24 01:43:34 +0000 2017,@566571 Hey Nick! We'd hate to see you go. Send us a DM with any feedback you have. We'd like to keep our family whole! ^JoW https://t.co/7m6RT3Hk4n,
1911044,569293,Wed Oct 18 12:52:07 +0000 2017,@ATT do you really get HBO free or is it just a trial?,1911042,ATT,Wed Oct 18 13:13:37 +0000 2017,@569293 Hey there! Thanks for reaching out to us here! Please DM us so we can give you details on HBO. We await your response! ^YS,1911043
1911048,349016,Wed Oct 18 09:52:00 +0000 2017,"Oh, hey, another @ATT bill even though the landline has been out for two months. It seems only the billing dept. functions properly.",1911047,ATT,Wed Oct 18 12:53:00 +0000 2017,"@349016 Hello, we are here for you! Can you DM us a few more details about your concerns so we can properly assist you. ^NicJ",
1912320,417189,Fri Oct 20 15:18:55 +0000 2017,"@ATT I ain see my one month credit but i’m seeing payment due amount, only certain people got it or nah? #askingformyself",1912319,ATT,Thu Oct 26 17:31:10 +0000 2017,"@417189 Good Morning Rose, My name is Alex with AT&amp;T Social Media. Could you please follow us here to continue our conversation in DMs?",
1912326,569629,Sun Oct 22 01:58:04 +0000 2017,I moved recently and @ATT has been kind enough to provide internet speeds so slow they make me nostalgic for the 90s.,1912325,ATT,Thu Oct 26 17:21:00 +0000 2017,@569629 I apologize for your experience &amp;our delayed response.  Provide account &amp; contact number so we can assist you with your account.^LaFondraT,
1915349,570510,Wed Oct 25 21:29:16 +0000 2017,@ATT is incompetent and cannot send me the code I need to unlock my phone in Spain.Cancelin AT&amp;T when back home.,1915348,ATT,Wed Oct 25 22:42:37 +0000 2017,"@570510 @570510 Hi, Mary. Could you DM us and fill us in on trying to unlock your phone? Are you in Spain now? Please let us know. ^JamesV",
1915351,570511,Wed Oct 25 23:17:35 +0000 2017,@ATT the phone contracts expire but the dumb tech support packages I pay $30 a month for stays just fine!! haha I wonder why!!!!!!!!!!,1915350,ATT,Wed Oct 25 23:55:00 +0000 2017,"@570511 @570511 We want to look into that expected credit for you, Sean! Follow us and DM your phone number and brief details of agreement. ^LarL",
1915786,570641,Thu Oct 26 00:15:03 +0000 2017,"@ATT once again, HORRIBLE service. 2 year countdown is gonna be a long one 😩😩#worstservice #goverizon",1915785,ATT,Thu Oct 26 01:06:20 +0000 2017,"@570641 Hello, Celeste. We are not happy to hear you still have service issues. Did you use the link: https://t.co/s0RHjuzntn to troubleshoot?^WaleA",
1919869,571564,Fri Oct 20 23:07:08 +0000 2017,"@117735 I spent 4 days without water, food, or electricity. I'm still waiting on @ATT to contact me &amp; do the right thing. #HurricaneIrma",1919868,ATT,Thu Oct 26 13:27:00 +0000 2017,"@571564 Hello Charlie, we understand how frustrating overages can be, especially when you're in a disaster. Please DM us more details. ^JWillie",
1920896,571845,Thu Oct 26 15:48:00 +0000 2017,@ATT wont list services charged for on a “final bill”. So other providers like @53834 won’t pay term fees. What’s your #attstory,1920894,ATT,Thu Oct 26 15:51:34 +0000 2017,"@571845 @53834 Hi, Robert! Our team would love to look into your final bill! DM us your service type and account number. Awaiting your response! ^ChasH",1920895
1921136,571908,Tue Oct 24 19:05:43 +0000 2017,"Just got a call from _myself_ it was AT&amp;T (not my provider) claiming to clear a security flag. They needed my SSN and pw, accepted any input",1921135,ATT,Thu Oct 26 22:12:00 +0000 2017,@571908 Thanks for bringing this to our attention. Please visit this link for more about protecting yourself from fraud: https://t.co/CbDzey3jhy,
1921630,572055,Wed Oct 18 22:09:09 +0000 2017,@117735 @ATT @116021 No answer @117735 and @ATT? Is my question too much or is it hard to understand?,2048984,ATT,Wed Oct 18 22:35:50 +0000 2017,"@572055 We hate to hear you feel you're not getting your moneys worth. Please DM us your acct number, so we may assist with options. ^ErinJ",2048985
1921711,572076,Fri Oct 27 01:01:27 +0000 2017,"Switched from @167754 to @ATT prepaid, best decision. Lost my signal @ home all the time with StraightTalk. Never with @ATT ❤️",1921710,ATT,Fri Oct 27 01:18:27 +0000 2017,"@572076 Hey there, we're so happy to hear that you're enjoying your service with us! If you ever have any concerns DM us! We're here to help! ^Talya",
1922215,572229,Fri Oct 27 00:48:46 +0000 2017,@240840 Nope @ATT screwed my account up! @117735,1922214,ATT,Fri Oct 27 02:21:00 +0000 2017,"@572229 Oh No, Nick! We hate to hear that! Please send your account number in a DM. We truly want to help you with this. We await your response!",
1922492,572322,Fri Oct 27 03:53:02 +0000 2017,@572323 @ATT Exactly. Think of how much profit they bring in. It’s crazy. We don’t even have to outsource for cell phone service like we do gasoline. They could easily make it more affordable....&amp; they prob would if we didn’t agree to pay what they charge us🙄,1922490,ATT,Fri Oct 27 04:19:29 +0000 2017,"@572322 Hey Nicky, thanks for reaching out! We understand you want to save money! Send us a DM we want to help you. We are here for you ! ^WhitK",1922491
1922910,572416,Fri Oct 27 02:02:41 +0000 2017,@130140 @ATT has been having issues for months,1922909,ATT,Fri Oct 27 05:58:28 +0000 2017,@572416 Hi Wendy! Please let us know if there's anything we can help with in a DM. We want to make sure you get the service you deserve. ^JoW https://t.co/7m6RT3Hk4n,
1922915,572417,Fri Oct 27 07:10:22 +0000 2017,@ATT I don't have wireless service with AT&amp;T. I have DirectTV and AT&amp;T internet,1922917,ATT,Fri Oct 27 07:13:41 +0000 2017,"@572417 Okay! We'd be happy to check your billing for you. Can you provide us with your account number so we can better assist you?
^QB",
1922916,572417,Fri Oct 27 07:01:41 +0000 2017,@att Why am I being put in a queue to order a new iPhoone when all I wanna do is look at my bill online?,1922913,ATT,Fri Oct 27 07:08:24 +0000 2017,"@572417 Good Morning. Please forgive us for that. Can you provide us with your wireless number so we can get your bill sent over to you? 
^QB","1922914,1922915"
1922947,572422,Fri Oct 27 07:09:14 +0000 2017,"@ATT I was going to switch two lines over to ATT Wireless, but now I'm having second thoughts. This is dumb marketing.",1922946,ATT,Fri Oct 27 07:15:00 +0000 2017,@572422 Hello! We would love to help. DM us your account number and best contact number. We look forward to hearing back from you. ^OmairZ,
1923497,117793,Fri Oct 27 07:17:42 +0000 2017,@att won't let me upgrade my iphones. Only giving me the full price option when both my phones were eligible to upgrade an hour ago #iPhoneX,1923496,ATT,Fri Oct 27 07:23:00 +0000 2017,"@117793 Hey, Jimmy, we would love to look into this matter for you in not being able to upgrade your Iphone. DM us your wireless number. ^OmairZ",
1923499,572546,Fri Oct 27 08:25:03 +0000 2017,@ATT why does it only show me the full price option for the iPhone X 😤,1923498,ATT,Fri Oct 27 09:00:05 +0000 2017,"@572546 Hello, we do apologies for the inconvenient for our website. Please private massage the  phone number to look in too the concern.-FizzA",
1923502,431338,Fri Oct 27 07:47:03 +0000 2017,"@att, I'm done playing your game. Contact me or I'm paying off my 7 Plus and switching carriers. You lose.",1923500,ATT,Fri Oct 27 08:05:34 +0000 2017,"@431338 Hi Dylan! We're here to assist you! DM us your phone number, and the error message! We can't wait to place your order!  Lets chat! ^DanaS",1923501
1923508,572548,Fri Oct 27 07:55:06 +0000 2017,@572549 @ATT I would say I’m shocked but I’m not. The company is inept.,1923507,ATT,Fri Oct 27 08:14:37 +0000 2017,"@572548 Hey, Allen. We understand you aren't able to login to your account. Please DM us details on whats going on so we can help with this! ^TomJ",
1923513,572550,Fri Oct 27 07:58:08 +0000 2017,@572551 is this with @ATT ? I have the same confirmation. We will deff get it on nov 3 right? Haha,1923512,ATT,Fri Oct 27 08:07:01 +0000 2017,"@572550 Hey, Sean, if you have any other concerns or questions, let us know. We would love to help and answer them. Waiting to hear back. ^OmairZ",
1923516,572552,Fri Oct 27 07:15:17 +0000 2017,"@AppleSupport Are you kidding me? I can't pre-order because my @att account is prepaid, even though I selected buy phone full price? WTF.",1923515,ATT,Fri Oct 27 08:36:32 +0000 2017,@572552 Thank for reaching our SM team.Please DM us your phone number and specify your account  prepaid are is it auto populating prepaid.^AlonzoW,
1923532,572556,Fri Oct 27 07:50:49 +0000 2017,@572557 @ATT I got my pre order in #iphonex,1923531,ATT,Fri Oct 27 08:18:28 +0000 2017,"@572556 We are just as hyped up as you are about the release, Tay! Don't hesitate to reach out to us, as we'll be here ready to assist! Enjoy! ^TomJ",
1923536,572558,Fri Oct 27 07:27:20 +0000 2017,Trying to get iphone x from @att and it won't let me make monthly payments...just full price,1923535,ATT,Fri Oct 27 08:05:34 +0000 2017,"@572558 Hello, Kallie. We cannot allow billing issue stop your order. Please DM your acct number and contact number. We are here to help you. ^WaleA",
1923542,117793,Fri Oct 27 07:28:50 +0000 2017,"If i can't order these iPhones because of @att, I am switching. Thank god I'm not under contract. Phone doesn't even work at home. #iPhoneX",1923544,ATT,Tue Oct 31 15:26:00 +0000 2017,"@117793 Hello, Jimmy. We will be more than glad to assist you with your order. Please let me know if you still need assistance.^ Juan V.",
1923542,117793,Fri Oct 27 07:28:50 +0000 2017,"If i can't order these iPhones because of @att, I am switching. Thank god I'm not under contract. Phone doesn't even work at home. #iPhoneX",1923543,ATT,Fri Oct 27 07:54:00 +0000 2017,"@117793 Thank you for letting us know, Jimmy. Our DM option is enabled now. Could you please try again? So that I can assist you. Thanks^ Juan V.",
1923542,117793,Fri Oct 27 07:28:50 +0000 2017,"If i can't order these iPhones because of @att, I am switching. Thank god I'm not under contract. Phone doesn't even work at home. #iPhoneX",1923541,ATT,Fri Oct 27 07:38:01 +0000 2017,"@117793 Thank you so much, Jimmy, for reaching back out to us in regards of not being able to upgrade. We will reach back out to you. Thank you. ^OZ https://t.co/7m6RT3Hk4n",
1923550,572561,Fri Oct 27 08:07:02 +0000 2017,@572564 @ATT You were one of the 🍀 luckies,1923547,ATT,Fri Oct 27 08:49:00 +0000 2017,"@572561 We are as excited about the iPHONE X! Due to increased traffic, you may have trouble accessing our site. Thanks for your patience. -NicJ","1923548,1923549"
1923558,572565,Fri Oct 27 08:15:22 +0000 2017,Well didn’t get the iPhoneX like I wanted too. Thanks @att for nothing. Thinking about switching carriers. This was the worse experience.,1923557,ATT,Fri Oct 27 08:36:00 +0000 2017,@572565 I'm sorry to hear you weren't able to upgrade. This is not the experience I want you to have. Please send me a DM to get started! ^CesarR,
1923562,435186,Fri Oct 27 07:58:19 +0000 2017,"@572567 @ATT Got on a pc and it went through no wait, maybe try that?",1923561,ATT,Fri Oct 27 08:21:38 +0000 2017,"@435186 Hey Joey, we are glad to hear your concerns has been resolved. If you require any further assistance, we are here for you! ^NicJ",
1923867,572646,Fri Oct 27 07:42:10 +0000 2017,@572648 @ATT Thanks dude I’m praying,1923864,ATT,Fri Oct 27 10:27:28 +0000 2017,"@572646 Hi, Cam! We know how much you want the new iphone X. We are here to help you with your order &amp; charges issues. Please  DM us details.^WaleA.","1923865,1923866"
1923876,572649,Fri Oct 27 09:20:09 +0000 2017,"@300034 @117735 @ATT @119511 That’s where I started, then 3 different browsers and 2 different computers 😐",1923875,ATT,Fri Oct 27 10:06:33 +0000 2017,"@572649 Huy, I do apologize for all the inconveniences. Have you tried using the AT&amp;T app? The website is currently down. ^Richard Social Media",
1923890,572650,Fri Oct 27 08:27:43 +0000 2017,@ATT @ATT I'm gonna need this figured out because if I don't get this phone were gonna have problems.,1923889,ATT,Fri Oct 27 09:23:33 +0000 2017,"@572650 Hi, Alex. We see that you are having troubles with getting the phone you've been waiting for. DM us to further assist you! Thanks! ^AriS",
1923903,572653,Fri Oct 27 09:27:03 +0000 2017,@327033 @ATT AT&amp;T is the worst. I'm planing on finally leaving them. @115911 and the X in my future,1923901,ATT,Fri Oct 27 09:37:32 +0000 2017,"@572653 Good morning, Luke! We don't want you to feel this way and appreciate you. Send us a DM and let us know what we can do to keep you! ^AsiaC",1923902
1923914,572656,Fri Oct 27 08:34:11 +0000 2017,"@572657 @ATT I was on the website all night and as soon as midnight hit, I refreshed to see my chances. Waited about 7 min and put in my order!",1923913,ATT,Fri Oct 27 09:05:30 +0000 2017,"@572656 We are more than happy to know you got to put in your order, Christian! If there is anything we can help you with, don't hesitate to DM us!",
1923948,572662,Fri Oct 27 08:24:28 +0000 2017,"#iPhoneX @att Finally got my order through, no thanks to @9242 Use Microsoft Edge guys, NO REDIRECTS 📱",1923947,ATT,Fri Oct 27 09:16:48 +0000 2017,"@572662 Hi, Chris we are glad to hear that you were able to successfully order your device. If you have any questions feel free to DM us. ^J.H.",
1923956,572665,Fri Oct 27 08:27:13 +0000 2017,@ATT thanks for having me stay up for nothing!,1923955,ATT,Fri Oct 27 09:09:26 +0000 2017,@572665 Hi! We would love to help! Have you tried preordering your device using the MYATT app? Here the link:https://t.co/O2uRk5y16z ! ^RonH,
1923958,572666,Fri Oct 27 07:33:15 +0000 2017,"Woke up in the middle of the night to preorder my iPhone, waited 25 mins and then @ATT lost my spot in line. Thanks so much!!! 😭😡",1923957,ATT,Fri Oct 27 09:27:00 +0000 2017,"@572666 Hi there, Cait! It's a busy time for us! Due to increased traffic, you may experience trouble accessing our site. Please DM us asap!  ^GageC",
1924134,572416,Fri Oct 27 14:13:14 +0000 2017,@ATT we've spent collectively almost 6 hrs on the phone with your cpny with no success been trnsfrd more x's than i can count #worstserviceever,1924137,ATT,Fri Oct 27 14:35:31 +0000 2017,@572416 We understand your frustration being transferred from rep to rep with no resolution it site.Please Dm your phone an account numbers.^AlonzoW,
1924136,572416,Fri Oct 27 10:53:13 +0000 2017,#stilnoluck so we still have balance on our account @ATT would you pay a bill for something you didn't use?  #itsascam #therichgetricher,1924133,ATT,Fri Oct 27 11:39:36 +0000 2017,@572416 So sorry to hear you are having trouble closing your phone account.Please DM us your phone and account # with the best time to call.^AlonzoW,"1924134,1924135"
1924560,572858,Fri Oct 27 12:33:24 +0000 2017,"Ok @115858 &amp; @ATT - preorder iPhone X, pay-in-full, get ‘reservation’. When trying to complete reservation, forced into payment plan. WHY?",1924558,ATT,Fri Oct 27 12:49:00 +0000 2017,"@572858 Hey,there! Thanks for reaching out to us here! We understand your desire to get the iPhone X ordered! To better assist you kindly DM us.^YS",1924559
1925230,572556,Fri Oct 27 13:37:53 +0000 2017,@572557 @ATT It says that hoe will be here November third so hopefully it actually does,1925229,ATT,Fri Oct 27 13:44:30 +0000 2017,@572556 We are glade to see the excitement about your pre-ordered iPhone X.Don't hesitate to keep our social media team in the know.^AlonzoW,
1926290,573289,Fri Oct 27 13:45:09 +0000 2017,@ATT I don’t care if it’s a big iPhone day.  I haven’t been able to see my account for hours.  Nothing works.  Your service is terrible. https://t.co/FjI7uSosw7,1926289,ATT,Fri Oct 27 15:22:43 +0000 2017,"@573289 We understand you have a concern with logging on to our account, David. We're here to help! DM us details so we can look into this! ^TomJ",
1926313,573301,Fri Oct 27 15:17:31 +0000 2017,@ATT has the worst customer service in the game. You really dropped the ball on iPhone pre orders.,1926312,ATT,Fri Oct 27 15:24:45 +0000 2017,"@573301 Hey there, Shaun! We hate to hear you feel this way, can you DM details of what you experienced during the pre-order? We want to help! ^JalG",
1926885,573449,Fri Oct 27 16:19:21 +0000 2017,"Another day, another @ATT fiber optic randomly cut in the desert and therefore another day without internet. 🙄 #westtexasliving",1926884,ATT,Fri Oct 27 16:26:42 +0000 2017,"@573449 Hi, Sarah! We apologize for the inconvenience of the loss of internet! Our techs are on it and we thank you for your patience! ^ChasH",
1926904,469875,Fri Oct 27 15:47:50 +0000 2017,Ordering iPhone X with @ATT and @115858 has been a journey to hell and back.,1926903,ATT,Fri Oct 27 16:07:27 +0000 2017,"@469875 On no, Elisha. We want for this new iPhone journey to be a breeze. Send a DM on how we can help. We look forward to hearing from you! ^AriO",
1926916,118454,Fri Oct 27 16:40:18 +0000 2017,"@ATT Spoke to a rep at a nearby store, I most likely will be switching tomorrow and pre-ordering the iPhone X as well.",1926918,ATT,Fri Oct 27 16:59:00 +0000 2017,"@118454 Well we're very happy to have you, welcome to the AT&amp;T family. If you need anything please don't hesitate to ask we're always here! ^JWillie",
1926917,118454,Fri Oct 27 11:13:24 +0000 2017,"Hey @115725 or @ATT hit me up with your best plan to get iPhone X, don’t want an expensive monthly bill...what you got to offer?",1926915,ATT,Fri Oct 27 16:24:12 +0000 2017,"@118454 Hi there ,Blake, we're excited to announce the new IPhone X, check these deals  https://t.co/yhcthqgm6Q . Let us know if this helps!^JWillie",1926916
1926922,573455,Fri Oct 27 16:25:06 +0000 2017,@117830 and @ATT hold you customers hostage much?,1926920,ATT,Fri Oct 27 16:35:32 +0000 2017,@573455 Hey! We understand that you are not pleased with the off shore service. Could you please follow and DM us to mend our bond? Thanks!  ^DemW,1926921
1926939,573460,Fri Oct 27 08:58:47 +0000 2017,Very dissatisfied with @ATT. Couldn’t process any of my credit cards tonight and ran into several issues buying iPhone X for my business.,1926937,ATT,Fri Oct 27 16:15:32 +0000 2017,"@573460 Hey there, Brandon it's a busy time for us! Due to increased traffic, you may experience trouble accessing our site. ^Andrewm",1926938
1927637,573677,Tue Oct 24 22:23:48 +0000 2017,"To anyone who has AT&amp;T, there’s people asking for social security numbers; that are not from AT&amp;T. Also they are calling by your phone# https://t.co/C7m9vuHRBc",1927636,ATT,Fri Oct 27 17:00:01 +0000 2017,"@573677 Thanks for bringing this to our attention, Lauren. Visit this link for more about protecting yourself from fraud: https://t.co/CbDzey3jhy .",
1927646,573679,Fri Oct 27 17:32:19 +0000 2017,@ATT any deals for @115955 customers who are sick of outages and bad service who want to switch?,1927644,ATT,Fri Oct 27 17:36:30 +0000 2017,@573679 We sure do have lots of offers for customers who want to switch over! Can you please DM us so we may better assist you? ^BrandonM,1927645
1927658,573684,Fri Oct 27 16:30:52 +0000 2017,@573685 @ATT That’s unfortunate that you scheduled the internet installation weeks in advance and to not fulfill it due to their error.,1927657,ATT,Fri Oct 27 16:48:01 +0000 2017,"@573684 Hey there, thank you for reaching out to us today regarding your internet installation being rescheduled please DM us so we can help! ^GageC",
1927677,323466,Fri Oct 27 16:25:42 +0000 2017,Sucks I was just on the line with @ATT for the second time &amp; 4 different chat reps and get disconnect &amp; no call back. #darnit,1927676,ATT,Fri Oct 27 16:51:28 +0000 2017,@323466 Hey Ash! The Social Media team is always ecstatic to figure out any dilemma you're in! What can we do to help you? ^BayleighO,
1927680,573691,Fri Oct 27 17:32:48 +0000 2017,@AppleSupport @ATT Have reservation# for unlocked #iPhoneX 1-time pay. Can’t complete order w/o choosing AT&amp;T Next. Broken. @156471,1927678,ATT,Fri Oct 27 17:39:35 +0000 2017,"@573691 Hi, Jim! We see that your having trouble with completing your order! For more assistance please DM us! We will be eagerly waiting!^RonH",1927679
1928069,573799,Fri Oct 27 18:44:38 +0000 2017,"iphoneX preordering is the most infuriating thing ever. stayed up to reserve a preorder, can't connect to @att. phone now shipping in dec",1928067,ATT,Fri Oct 27 18:53:01 +0000 2017,"@573799 Hi, Joanie! Ship date varies by preorder date &amp; inventory. Check here: https://t.co/7fGSMOOPfZ and DM us if we can help you! ^Dmya",1928068
1928461,573900,Thu Oct 26 18:28:17 +0000 2017,@ATT your company should not charge a bill for the customers in Puerto Rico after hurricane Maria until the service is restored!,1928459,ATT,Fri Oct 27 19:45:32 +0000 2017,@573900 We agree! All customers impacted by Hurricane Maria will be credited one month of service and applicable taxes and fees. -JF Social Media,1928460
1928465,573902,Fri Oct 27 19:42:14 +0000 2017,@ATT I’m remembering why I cancelled your services the last time. Your out of country tech support canned responses don’t even pertain to me,1928464,ATT,Fri Oct 27 19:56:00 +0000 2017,@573902 Hi! We apologize for the mix-up. Let us assist you here with your technical support needs. Send a DM with more details. Eager to help. ^AriO,
1928478,573904,Fri Oct 27 19:01:59 +0000 2017,@ATT my iPhone pre order is all jacked up. Anyway someone can reach out to help me fix it,1928475,ATT,Fri Oct 27 19:22:32 +0000 2017,@573904 Uh oh Brailey! Let's see what we can do to try and get that iPhone right as rain. Could you please DM us the problem and phone number? ^GarW,"1928476,1928477"
1928494,573908,Tue Oct 24 14:08:42 +0000 2017,@ATT-@126768 Still having pic issues. Contacted @117735 . Total lack of help.,1928493,ATT,Fri Oct 27 19:26:33 +0000 2017,"@573908 Hi Jerry. We'd love to further investigate your U-verse picture issue. To do so, can you clarify your acct #? We're always here. ^MiimiiH",
1928510,573911,Fri Oct 27 19:31:40 +0000 2017,@ATT thanks for canceling my order with no advanced notice whatsoever. So glad that I stayed up last night for nothing.,1928508,ATT,Fri Oct 27 19:36:31 +0000 2017,@573911 We'd like to help! Can you send us a DM with more information on how we can be of assistance to you? We await your response! ^AbayomiO,1928509
1928515,573913,Fri Oct 27 19:03:37 +0000 2017,"Exactly. 30 yrs and 7 lines later, @ATT is determined to rip us off. It's like talking to cheese. So tell me: where should we go? https://t.co/9wb17FgJti",1928514,ATT,Fri Oct 27 19:13:48 +0000 2017,@573913 We would love to address your concerns. Please DM details on what you are experiencing. We'd love to assist you. ^Dmya https://t.co/7m6RT3Hk4n,
1929194,574099,Thu Oct 26 19:53:58 +0000 2017,@att deceptive practices. Promised a new iPhone 7 by porting new #. Never got credit for it. Leaving @att,1929191,ATT,Thu Oct 26 20:13:01 +0000 2017,"@574099 Good Afternoon! Allow us look into this for you, please DM us your account # and more details about the arrangement. -JF Social Media","1929192,1929193"
1930425,574446,Sat Oct 28 07:00:10 +0000 2017,@574447 @ATT @116136 I’m selling an att iPhone x.,1930424,ATT,Sat Oct 28 12:02:00 +0000 2017,@574446 Thank for reach out about your need to sell your new iPhone X.Please DM us more detail so social media team can better assist you.^AlonzoW,
1930717,445213,Sat Oct 28 12:28:19 +0000 2017,"@433779 I cancelled my order because the reservation is Nov 3 shipping, but my @ATT eligibility is now locked, so I can’t order with NEXT.",1930715,ATT,Sat Oct 28 13:21:01 +0000 2017,"@445213 Oh no, Doug! We'd love to see why your eligibility is locked. May you please DM us your wireless number? We can't wait to chat! ^MarkaylaE",1930716
1931035,574631,Sat Oct 28 14:08:37 +0000 2017,"Even though @ATT SUCKS, jacob calmed me down with a surprise @DunkinDonuts 😋 https://t.co/epGB5fuhFw",1931034,ATT,Sat Oct 28 14:14:00 +0000 2017,@574631 AT&amp;T is here to help with wireless inquires. Please DM us your account info to begin resolving for you. We're here for you! ^ToyaL,
1931079,574643,Fri Oct 27 22:50:02 +0000 2017,.@ATT said that they had my appt set but for some reason it wasn’t sent to their technicians. I wonder what kind of shitty WiFi they have?,1931077,ATT,Sat Oct 28 14:20:27 +0000 2017,@574643 Oh No! Please Follow &amp; DM your account information &amp; we'll be more than glad to help. Truly sorry for any inconveniences caused. ~EricG,1931078
1931100,574631,Sat Oct 28 13:58:05 +0000 2017,I really need @ATT to give me a great reason to stay. It doesnt make sense how many times this MASSIVE company can mess up something small!!,1931099,ATT,Sat Oct 28 14:05:00 +0000 2017,"@574631 Hi, Georgie! Let us assist you with device insurance and HBO inquires. Please DM us your account info to begin. AT&amp;T loves to help! ^ToyaL",
1931817,574876,Sat Oct 28 15:23:41 +0000 2017,Just wanted to let @ATT of Sanford know that you have an awesome landline 📞  installer in Daniel  Fitzgerald! High quality service. 👍🏼,1931816,ATT,Sat Oct 28 16:11:00 +0000 2017,@574876 Awesome Phillip! We here at AT&amp;T are always here to help and ecstatic about your wonderful experience with our installer! Thank you! ^Ann W,
1932389,449089,Fri Oct 27 22:12:27 +0000 2017,Left @ATT after being a customer for over 15 yrs due to fraudulent business practices &amp; I now have a crazy balance that I refuse to pay...,1932388,ATT,Sat Oct 28 18:14:05 +0000 2017,"@449089 Hey, Tiffanie we are sad to hear that you have left us let us look into your billing issue. DM us more detail and we will get started. ^J.H.",
1932403,575044,Sat Oct 28 18:31:19 +0000 2017,@130643 My loyalty to @ATT runs deep,1932401,ATT,Sat Oct 28 18:39:30 +0000 2017,@575044 We are happy to know that your loyalty for us runs deep. The feeling is mutual! Please DM us so we can help you with your cell service. TomJ,1932402
1932405,575044,Sat Oct 28 18:08:34 +0000 2017,@ATT why you have to tease us with like 4 hours of service last night just to take it away again today,1932406,ATT,Sat Oct 28 18:14:08 +0000 2017,"@575044 Hey, Colton. We understand you experienced a loss of services, and we are here to assist. DM us more details so we can try to help! ^TomJ",
1932696,179411,Sat Oct 28 18:32:53 +0000 2017,"@ATT @115858 Y’all have my email, my phone number and also my name on this email. So how can you not have my identity? I have your chat texts....",1932695,ATT,Sat Oct 28 19:55:28 +0000 2017,@179411 We'd like to help you! Could you send us a DM with more information on how to further assist you? We await your response! ^AbayomiO,
1932785,532337,Sat Oct 28 19:03:17 +0000 2017,"@ATT meanwhile, I called to cancel in July. saw the premiums on my bill again this month (oct) - live chat rep sees no record of my call",1932784,ATT,Sat Oct 28 19:07:33 +0000 2017,"@532337 Hi, Victoria! It would be our pleasure to look into why you were charge for HBO for the past three month. Please send us a DM! ^EdwinE",
1936312,576076,Fri Oct 27 20:24:26 +0000 2017,"@ATT sent somebody over to install my internet today. Little did I know, they also sent me a FRIEND FOR LIFE 💪",1936311,ATT,Fri Oct 27 21:05:44 +0000 2017,@576076 Great! We're happy to hear you're installation went well. Thank you for being apart of the AT&amp;T family. We appreciate your business. ^ErinJ,
1936333,576084,Fri Oct 27 21:28:19 +0000 2017,Even ur company is better @115913 than @ATT they are crap... closed account even after speaking to supervisor,1936331,ATT,Fri Oct 27 21:30:51 +0000 2017,"@576084 Hi, Abigail. We are not happy to hear that you are not happy with us. We are here to help you. Can you please DM details of the issue?^WaleA",1936332
1936335,576085,Fri Oct 27 21:04:44 +0000 2017,"Hey @ATT, a support person had me cancel my iphone X order (11/3 delivery),  promised new order would be delivered 11/3. New order says 12/4",1936334,ATT,Fri Oct 27 21:12:00 +0000 2017,"@576085 Hi, Due to increased traffic, some people may have trouble. Your patience is appreciated. Pls Dm the phone number. We here to help. ^FizzA",
1936766,576194,Fri Oct 27 20:32:14 +0000 2017,"@ATT - Huge iPhone fan here. Ordered at 2 am with AT&amp;T, got email, everything looked good, until got another email suggesting some issue 1/3",1936765,ATT,Fri Oct 27 22:12:11 +0000 2017,@576194 Oh no Sanjay! It saddens us to hear your having problems with your order. Please DM us with more details for further assistance.^NeceyJ,
1937424,266830,Sat Oct 28 00:25:04 +0000 2017,@ATT I try to submit a few times and it didnt work,1937426,ATT,Sat Oct 28 00:52:31 +0000 2017,@266830 No worries. We can pass your feedback along. Please DM us your account # so that we can access the account. We await your reply. ^KShanT,
1937425,266830,Fri Oct 27 23:53:51 +0000 2017,"@117830 I had excellent customer service with DIRECTV as well. But, I didn't catch the name of the @ATT customer service rep.",1937423,ATT,Sat Oct 28 00:15:00 +0000 2017,"@266830 Hi, we glad you got the top services today. Pls give us feedback on the  link below and the survey after chat. https://t.co/kBmFJc6wxi FizzA",1937424
1938078,576518,Sat Oct 28 01:04:25 +0000 2017,sitting @att to upgrade my phone + understand why a #unified account is so confusing... imagine the look of disappointment...that's me...,1938075,ATT,Sat Oct 28 01:29:00 +0000 2017,"@576518 Hi, Abigail. We'd love to help with the upgrade and understanding the account! Could you fill us in on the situation in a DM? ^JamesV","1938076,1938077"
1938091,576522,Sat Oct 28 01:18:35 +0000 2017,"Preordered my #iphoneX last night,so 😊 till I got email 2nite saying they cancelled my order &amp; after 1 hr on ☎️ w/ @ATT no help or answers!😡",1938089,ATT,Sat Oct 28 02:01:03 +0000 2017,@576522 Hello Michelle! We're sorry to hear your order has been canceled! Can you DM with your account information and contact number? ^AdiS,1938090
1938113,576529,Sat Oct 28 00:46:24 +0000 2017,Why am I waiting 2-3  weekdays to find out if the promo that was supp. to show up in 2-3 bills will take 2-3 more @ATT?,1938112,ATT,Sat Oct 28 01:22:00 +0000 2017,@576529 That's a very good question Ann! Can you please DM us with more information about the promotion and your service so we can try to help? ^JoW https://t.co/7m6RT3Hk4n,
1938423,576622,Sat Oct 28 02:35:45 +0000 2017,"@ATT @17971 Hello. I am goos now, they already took care of me at the store. Thank you!",1938425,ATT,Sat Oct 28 04:26:00 +0000 2017,@576622 @17971 That is great to hear! Well if you ever need help with anything in the near future please let us know and we will there for you! ^ErnL,
1938424,576622,Sat Oct 28 01:39:43 +0000 2017,"So I was at the @ATT store paying my bill. Then, I heard hellogoodbye playing, and my day has been made. @17971 #ilikewhereweare",1938422,ATT,Sat Oct 28 02:11:38 +0000 2017,"@576622 @17971 Hi!  We're glad your day was made, your satisfaction is valued here. Is there anyway we may assist you today?. Please let us know!  ^NdyE",1938423
1938681,576703,Fri Oct 20 20:09:55 +0000 2017,"@ATT As much as we pay 4 service, ridiculous can't get it fixed when need to do press releases 4 #filmfestivals  &amp; catch up post #hurricane",1938680,ATT,Sat Oct 28 03:03:03 +0000 2017,"@576703 Hi Lorraine! We apologize for the late response, and want to make sure that you aren't having anymore issues. Please DM us if you are. ^JoW",
1938979,474710,Sat Oct 28 03:28:31 +0000 2017,@ATT  you get an “F” for your handling of my iPhone X. Ordered at 4a EST and my order was cnx with no explanation.,1938978,ATT,Sat Oct 28 05:09:28 +0000 2017,"@474710 Hey, John! We're sorry to hear about your order being cancelled! We want to help! Can you please DM us with more info? Thanks! ^AdiS",
1940507,577151,Sun Oct 29 18:59:13 +0000 2017,"@att over-billed me for services I never asked for, and have repeatedly called/complained about, for over 6 months now. calling AGAIN to fix",1940506,ATT,Sun Oct 29 20:40:00 +0000 2017,@577151 Hello Ryan! We are happy to assist you with your billing concerns. Please DM us with the service type and account number. ^CiaraJ,
1940552,534194,Sun Oct 29 19:35:37 +0000 2017,@ATT Any update??,1940550,ATT,Sun Oct 29 21:10:30 +0000 2017,@534194 Hi! Our teams are quickly working to rectify this service issue. There is currently no ETA. We look forward to getting this resolved! ^AyaM,1940551
1940555,534194,Sun Oct 29 04:07:30 +0000 2017,@577158 @ATT Still waiting..hour 10,1940554,ATT,Sun Oct 29 11:30:29 +0000 2017,@534194 Brian! We regret there is an outage in your area and are working to resolve this as soon as possible. Thank you for your patience! ^PegN,1940552
1942404,577574,Sun Oct 29 23:54:44 +0000 2017,"Final straw @att ! Constant outages/pixallation are pathetic as are the 49ers, but an outage during the game... @116136 #timetoswitch",1942405,ATT,Mon Oct 30 01:01:34 +0000 2017,"@577574 Service issues are not what we are about, Mari! Give us at Social Media a chance to fix it. Could you please DM your account number? ^JimiH","1943014,1943015"
1942433,577582,Mon Oct 30 00:27:06 +0000 2017,"@ATT my home phone number is 305-595-9222. No phone, no wigi, no uverse. Repair person needed asap!!!",1942435,ATT,Mon Oct 30 00:38:32 +0000 2017,"@577582 Hi - your last tweet was public, which isn't good for account info. We recommend you delete and resend privately. ^MchR",
1942434,577582,Mon Oct 30 00:17:47 +0000 2017,@att bad service! Phone out! Wifi out! Uverse out!,1942432,ATT,Mon Oct 30 00:23:00 +0000 2017,"@577582 Oh no, You need your phone and wi-fi. We can check for outages. Can you dm your account number please? Reach back out soon. ^MichR",1942433
1943001,577713,Mon Oct 30 01:13:21 +0000 2017,"Been waiting for @ATT  to install my internet for almost two weeks, no phone call or update at all. Comcast here I come.",1942999,ATT,Mon Oct 30 01:18:31 +0000 2017,"@577713 Hi, Nick. We hate to hear that your internet is yet to be installed. We can help you with your installation issue. Please PM details. ^WaleA",1943000
1943014,577574,Mon Oct 30 01:06:23 +0000 2017,@ATT Wireless has been getting worse and is now unacceptable in our family room,1943013,ATT,Mon Oct 30 01:20:00 +0000 2017,"@577574 Please delete your account #, follow us and send it in a DM. This is for the safety and security of your account. We are standing by. ^KST",
1943055,577724,Mon Oct 30 01:36:00 +0000 2017,@7846 @ATT canceled my order because the “couldn’t confirm my identity” &amp; I’m so heartbroken.,1943054,ATT,Mon Oct 30 01:40:00 +0000 2017,"@577724 You've come to the right place, Hallie. It pains us that you had a bad experience ordering the IPhone X. DM us more details for help. ^RenaB",
1943379,475868,Mon Oct 30 01:46:25 +0000 2017,@ATT @117735 I can't imagine how other customers feel. @115714 you're about to get a new customer! #pissedoff #loyaltynot,1943378,ATT,Mon Oct 30 01:54:29 +0000 2017,"@475868 Oh no we don't want to lose you, William! Can you send us a DM so we can come to resolution regarding your device? Hope to hear back! ^NiaB",
1943416,577811,Mon Oct 30 20:35:36 +0000 2017,@ATT Appreciate it but it’s a little too late. I took care of it.,1943417,ATT,Mon Oct 30 20:44:31 +0000 2017,@577811 We would more than happy to look into this tech complication. Can you please DM your account number to further investigate? ^SheaD,
1943849,577906,Mon Oct 30 00:53:43 +0000 2017,"@ATT @115858 with the new contracts, we pay the entire price of the phone. But then are forced to upgrade because our phones suddenly act up. #antitrust",1943848,ATT,Mon Oct 30 02:50:00 +0000 2017,"@577906 Hi Dan, We value our customers at AT&amp;T. Let us know how we can help, hit our DM up with further details. We will be here for you.^TierraS",
1944248,125471,Sun Oct 29 17:02:44 +0000 2017,I just got excellent Customer Service from from Lacey at the @ATT Store in Annapolis! @27376 #custserv,1944247,ATT,Mon Oct 30 03:46:25 +0000 2017,"@125471 Hi Charlie, we are thrilled to hear about your experience  and we'll make sure that your kudos get passed on to Lacey! https://t.co/UuNqjkw1bH",
1946488,455716,Mon Oct 30 03:10:12 +0000 2017,@ATT does DirecTV app use data on At&amp;t prepaid or wireless?,1946487,ATT,Mon Oct 30 11:28:27 +0000 2017,"@455716 Good morning, thank you for reaching out to us. Check out  https://t.co/TR4pLYi1dQ to learn more about data usage when using the app. ^NicJ",
1946517,578464,Mon Oct 30 09:15:58 +0000 2017,@ATT thanks to KShanT for being kind and helpful.,1946516,ATT,Mon Oct 30 11:20:00 +0000 2017,@578464 We are so glad that our care team agent was able to take care of your concerns! If you ever need assistance we are one click away! ^SD,
1948137,471385,Wed Oct 18 15:23:48 +0000 2017,My @ATT @126768 bill went up $70. That seems like a lot.,1948136,ATT,Wed Oct 18 15:49:35 +0000 2017,"@471385 Hey, Jordan, thank you for reaching out about your bill increase. Send us a DM so we can help with this. We are here. ^WhitK",
1948140,578833,Tue Oct 17 21:01:35 +0000 2017,Shout out to at&amp;t for the free HBO 🙋🏻,1948139,ATT,Wed Oct 18 15:33:08 +0000 2017,@578833 https://t.co/ZzZPZcfL8I,
1951240,579504,Sun Oct 29 14:13:13 +0000 2017,@144790 @ATT That's EXACTLY how they are with us. It's so stupid. We fight it so we don't have to pay all that mess.,1951239,ATT,Sun Oct 29 14:16:27 +0000 2017,"@579504 We hate to hear that your bill wasn't correct, Ashley. Please DM us details so we can address these charges once and for all. Thanks. ^MarM",
1953779,580007,Sun Oct 29 16:47:08 +0000 2017,"@ATT The way you can help is by honoring your original delivery date of November 3rd, like your e-commerce dept. said they would.",1953776,ATT,Sun Oct 29 17:13:32 +0000 2017,"@580007 We want help and apologize for any miscommunication. For security reasons, we need you to DM us so we can assist. We're here for you! ^TMJo","1953777,1953778"
1953784,580007,Sun Oct 29 15:57:26 +0000 2017,@170455 Isn’t it frustrating? Pay attention to how silent @ATT &amp; @117735 is on this matter. I’m sure they’re hoping we will just go away.,1953781,ATT,Sun Oct 29 16:04:30 +0000 2017,@580007 Hi Amanda. We are here to help. Please message us how we may assist you. Thanks for reaching out. ^TMJo,"1953782,1953783,1953779"
1954973,580305,Sun Oct 29 23:20:47 +0000 2017,"@ATT @117735 Here's a good rule of thumb. For people ordering multiple $1,000-plus phones, maybe let 'em talk to US-based reps.",1954974,ATT,Wed Nov 01 16:13:38 +0000 2017,"@580305 We have not yet heard back from you. If you still need assistance, please send us a private message. We'd be happy to help! ^LucasM",1975518
1954973,580305,Sun Oct 29 23:20:47 +0000 2017,"@ATT @117735 Here's a good rule of thumb. For people ordering multiple $1,000-plus phones, maybe let 'em talk to US-based reps.",1954972,ATT,Mon Oct 30 15:09:32 +0000 2017,@580305 Hi @580305! I would be happy to assist you with your iPhone X pre-orders. Can you please DM me with your account information? ^LucasM,
1956607,580641,Mon Oct 30 15:52:58 +0000 2017,"Going to say, cancelling my @att gigaverse account (moving out of Austin) was actually so smooth that I might just resubscribe in California if its there.",1956606,ATT,Mon Oct 30 16:36:02 +0000 2017,"@580641 We hope your transition was smooth, Chris! Learn if AT&amp;T Fiber is available in your area by visiting here https://t.co/kHvRxXeMX5. ^LarL",
1956683,580657,Mon Oct 30 16:05:00 +0000 2017,I wonder why @ATT continues to charge me when I cancelled &amp; now says they can't refund the extra months they've charged? https://t.co/0OjwU8OZg0,1956682,ATT,Mon Oct 30 16:22:00 +0000 2017,"@580657 Hey, Blaire! Can you send us a DM? We want to get to the bottom of your billing concern and turn this around for you! Thanks! ^JalG",
1957629,580859,Mon Oct 30 18:29:12 +0000 2017,Does anyone know how appointments will work in conjunction to the line at @att for the #iPhoneX on release day? I have one at 8AM.,1957628,ATT,Mon Oct 30 18:58:00 +0000 2017,"@580859 Hi, Heather! Thanks for reaching out to us about the latest Apple product on the market. Please DM us for further assistance! ^ArlaF.",
1957639,580864,Mon Oct 30 18:07:13 +0000 2017,@ATT definitely switching ISP when my contract is up. Hidden fees out the wazoo 😡😡😡,1957638,ATT,Mon Oct 30 18:17:00 +0000 2017,@580864 Hey Lauren! Our door is open &amp; we are ready to assist with handling those hidden fees.Please DM more details! We are eager to help.^AriO,
1957648,580867,Sun Oct 29 20:24:52 +0000 2017,@119777 @ATT I only need two more 😩😩 https://t.co/vGVxwaLgYD,1957647,ATT,Mon Oct 30 18:59:18 +0000 2017,"@580867 Wow, you’re a serious superhero! There's time to complete the set! Visit an AT&amp;T store through 10/31: https://t.co/7e6NSFmY7l #JoinTheLeague",
1957652,737735,Sun Oct 29 20:16:05 +0000 2017,"@119777 @ATT wished they took care of it though, thats my OCD speaking but all in all,im just glad to have these exclusive posters!",2608045,ATT,Mon Oct 30 20:42:28 +0000 2017,@737735 How cool! Glad you were there to #JoinTheLeague and share in the excitement! There’s more here https://t.co/mGbVQEp3UK,2608046
1957658,737729,Sun Oct 29 21:05:12 +0000 2017,@119777 @ATT Wish they had those is 🇨🇦 😞,2608033,ATT,Mon Oct 30 20:48:00 +0000 2017,@737729 #JoinTheLeague and share in the excitement at https://t.co/mGbVQEp3UK. 😉,
1957668,292524,Mon Oct 30 13:39:23 +0000 2017,@119777 @ATT I got mine.,2608023,ATT,Mon Oct 30 21:05:04 +0000 2017,@292524 They can’t save the world alone. Glad you could #JoinTheLeague! https://t.co/mGbVQEp3UK,
1957670,737737,Sun Oct 29 20:03:42 +0000 2017,@119777 @ATT Too bad there’s no @ATT in Canada.,2608050,ATT,Mon Oct 30 20:36:01 +0000 2017,"@737737 Jonah, for even more fun, check out https://t.co/mGbVQEp3UK! #JoinTheLeague",
1957681,580869,Wed Oct 25 23:37:14 +0000 2017,@580870 @448888 AT&amp;T Fiber its supposed to be 1000 down. @ATT,1957680,ATT,Mon Oct 30 18:59:00 +0000 2017,"@580869 We r here to help. Did you have questions about AT&amp;T Fiber? If so, plz DM us your account info. -Michele K. Social Media Manager",
1958856,581144,Sun Oct 29 01:58:33 +0000 2017,@1678 @119777 Did I go back to AT&amp;T to #unitetheleague? Yes it did. #JusticeLeague https://t.co/ZyRRy5RLU0,1958855,ATT,Mon Oct 30 19:29:00 +0000 2017,"@581144 Wow, you’re a serious superhero! Thanks for channeling your inner super hero with us! #JoinTheLeague https://t.co/mGbVQEp3UK",
1958869,482679,Sun Oct 29 18:11:57 +0000 2017,@119777 @ATT I just went to a location and they didnt have any. Are they only at certain locations?,1958868,ATT,Mon Oct 30 19:02:30 +0000 2017,@482679 Posters are available in select AT&amp;T stores while supplies last. #JointheLeague &amp; pick up your poster through 10/31! https://t.co/7e6NSFmY7l,
1958886,737220,Fri Oct 27 16:36:00 +0000 2017,@119777 @ATT Is this free with all att stores? Im getting stores telling me I have to pre order,2605631,ATT,Mon Oct 30 19:26:00 +0000 2017,"@737220 Posters are available in select AT&amp;T stores while supplies last, no purchase necessary. Read more: https://t.co/7e6NSFmY7l",
1958971,581154,Fri Oct 27 14:42:55 +0000 2017,Dear @ATT just been looking at your awesome #JusticeLeague characters trailers.all have been awesome expect for aquaman? he's been shafted 😒,1958970,ATT,Mon Oct 30 19:09:00 +0000 2017,"@581154 We love that you're a super #Aquaman fan, Eric! Don't worry, we've got you covered. Check this out. 👀 #JoinTheLeague https://t.co/4vsnWeO9b7",
1960046,581394,Sun Oct 29 22:21:10 +0000 2017,Thanks @ATT #wonderwoman 👍👊💥 https://t.co/kEoQjD9I8y,1960045,ATT,Mon Oct 30 20:50:29 +0000 2017,@581394 Glad to see you’re celebrating Halloween the right way with #JusticeLeague! Check out more at https://t.co/mGbVQEp3UK. #JoinTheLeague,
1960048,322428,Mon Oct 30 06:19:02 +0000 2017,@167829 @581395 Feelin good about the Schmetz Express!,1960047,ATT,Mon Oct 30 20:40:08 +0000 2017,"@322428 It's going to be a great second leg! We love your soccer passion, follow &amp; DM us we may have something for you! #SoccerEverywhere",
1960055,581397,Sun Oct 29 01:01:21 +0000 2017,@581398 @ATT I’m trying Monday. My friend didn’t have to dress up to get the 5 so I hope I don’t have to,1960053,ATT,Mon Oct 30 21:28:09 +0000 2017,"@581397 Hey Ryan, posters are available in select AT&amp;T stores while supplies last, no purchase necessary. #JointheLeague https://t.co/7e6NSFmY7l",1960054
1960093,581407,Mon Oct 30 18:33:41 +0000 2017,Nothing says customer service like a 2hr+ call to resolve charges for service you haven’t had for 3 months @ATT @117830 @117735 https://t.co/dEleRpa99O,1960094,ATT,Mon Oct 30 22:12:24 +0000 2017,"@581407 You’re good to go, Joshua. I appreciate the opportunity to help! We’re here if you need us in the future.^PatrickB Social Media Manager",
1960093,581407,Mon Oct 30 18:33:41 +0000 2017,Nothing says customer service like a 2hr+ call to resolve charges for service you haven’t had for 3 months @ATT @117830 @117735 https://t.co/dEleRpa99O,1960092,ATT,Mon Oct 30 21:36:00 +0000 2017,"@581407 Thanks again for taking my call, Joshua. I’ll follow up with you shortly once I have things all set! ^PatrickB Social Media Manager.",
1960146,408082,Mon Oct 30 05:57:56 +0000 2017,JUSTICE LEAGUE EXPERIENCE! @30498 @ATT @119777 #ATT1Powell #JusticeLeague #Aquaman #WonderWoman #TheFlash #Cyborg #Batman https://t.co/9syTJyg6ct,1960145,ATT,Mon Oct 30 20:58:00 +0000 2017,@408082 Are you nerding out as much as we are?!  We’re so happy you could #JoinTheLeague! What’s your #superpower? https://t.co/mGbVQEp3UK,
1961209,581642,Mon Oct 30 21:57:58 +0000 2017,"@ATT ""Even though you DID pay last time you said you would, you didnt so it right so no services for you"" 🖕🏻 bye. Its been a good 2 years.",1961207,ATT,Mon Oct 30 22:19:02 +0000 2017,"@581642 Hi Megan, please clarify the details of your concern in a DM so we may get it straightened out for you. We await your response. ^AyO",1961208
1961212,581643,Mon Oct 30 22:18:16 +0000 2017,DONT BUY YOUR PHONE AT @ATT  store! They promise returns within 14 days then charge you $45 fee for a defective phone! Unreal,1961210,ATT,Mon Oct 30 22:39:33 +0000 2017,"@581643 Hey Ashley! We understand you're upset about paying $45. That's a restocking fee, but you can learn more here! https://t.co/UyElUVLpfY ^AdiS",1961211
1961248,581653,Mon Oct 30 21:43:19 +0000 2017,@ATT why is att not working? It's been spotty all day and past few hours nothing,1961247,ATT,Mon Oct 30 21:59:27 +0000 2017,"@581653 Intermittent service is such a pain, David! Follow us and send a DM containing your account number and brief details so we can help. ^LarL",
1961285,581663,Mon Oct 30 22:29:56 +0000 2017,"@ATT Store rep said online order had issues, wldnt give me my order. Now phne reps saying order was OK and I have 2 go 2 the store?!!😡",1961284,ATT,Mon Oct 30 22:56:30 +0000 2017,@581663 Hi Mark! We understand your frustration with your online order issues. Can you tell us more about it in a DM? Hope to hear from you! ^AdiS,
1961312,581669,Mon Oct 30 20:41:42 +0000 2017,@117735 @ATT what a joke 3 hours on phones last 2 weeks. Lied to multiple times and no accountability. Worst customer experience ever had,1961311,ATT,Mon Oct 30 22:29:05 +0000 2017,@581669 Thanks for reaching out. We'd like to help. DM us about your wireless concern and we'll be happy to help. We'll be waiting to hear back.^EG,
1963035,582050,Mon Oct 30 21:52:06 +0000 2017,@116136 looks like I'll be staying with you. @ATT  doesn't want my business they dont call or show up for a install appointment.,1963034,ATT,Tue Oct 31 00:49:00 +0000 2017,"@582050 Oh no, Darrin! This isn't the way we want our customers to feel. Please DM us your account # and we will resolve this for you!^BayleighO",
1963091,582065,Mon Oct 30 23:51:14 +0000 2017,@ATT how can I get all of the Justice League posters.. should have sent something out to your customers so they had a heads up about them 😊,1963090,ATT,Tue Oct 31 00:34:26 +0000 2017,@582065 Posters are available in select AT&amp;T stores while supplies last. #JointheLeague and pick up your poster soon! https://t.co/7e6NSFmY7l,
1964039,582300,Tue Oct 31 03:11:33 +0000 2017,@ATT first it was “the technician will be out there tomorrow...then they cancel. And then the next day. Canceled two more times again...,1964038,ATT,Tue Oct 31 03:30:27 +0000 2017,@582300 Hi. Jon. We'd love to look into the appointments for you. Could you provide us with the account number in a DM? Please let us know. ^JamesV,
1964490,582405,Tue Oct 31 04:48:06 +0000 2017,@582406 @ATT Double charged me on my bill and then on top that my phone still wasn’t turned on😒,1964489,ATT,Tue Oct 31 05:29:00 +0000 2017,@582405 Howdy! We understand your frustration on your phone bill being double charged. Tell us more in a DM! We'll be waiting for your reply! ^AdiS,
1967339,582979,Tue Oct 31 11:53:22 +0000 2017,@117735 @ATT I am so sick and tired of having my bill raised every other month. I'm tired of calling support to negotiate my bill. #stupid,1967338,ATT,Tue Oct 31 12:42:32 +0000 2017,@582979 We are sorry to hear your struggle.Please give us the chance to turn your customer service experience around.Dm us your concerns.^AlonzoW,
1968273,583203,Tue Oct 31 15:05:02 +0000 2017,@ATT 04530,1968275,ATT,Tue Oct 31 15:25:00 +0000 2017,@583203 There is currently an outage in you area.We thank you for your patience as our technicians work to restore service to your area.^AlonzoW,
1968274,583203,Tue Oct 31 13:12:39 +0000 2017,"No @ATT cell service in @103325 For 16 hrs INCREDIBLE, glad house still has land line @142108  not ready for #ClimateChange in #Maine",1968272,ATT,Tue Oct 31 13:34:29 +0000 2017,@583203 Sorry to hear you are without service.Please DM your zip code so media team can get to the bottom of your service interruption.^AlonzoW,1968273
1968960,583341,Wed Oct 18 16:29:20 +0000 2017,@ATT @117735 @ATT the 9th person was able to help but you need to train employees to look for suspicions in accounts instead of making jokes.,1968959,ATT,Wed Oct 18 17:01:35 +0000 2017,"@583341 Hi! We regret the delayed fix of your billing issue, thanks for your patience. We're here to assist future concerns. ^NdyE",
1969338,583427,Tue Oct 31 14:48:32 +0000 2017,@att sad that new customers have to call in daily to get their billing and channels corrected.....wow.,1969337,ATT,Tue Oct 31 14:55:31 +0000 2017,"@583427 Hi, we do understand your frustration. We love to turn around service experience and address the billing concern. Plse Dm account #. ^FizzA",
1969349,583430,Tue Oct 31 15:19:28 +0000 2017,@ATT @117735 I'm going to ask for more than the over charged amt if legal shield gets involved. 24 hrs to fix,1969345,ATT,Tue Oct 31 15:29:31 +0000 2017,@583430 We are here to assist you Wayne with your billing and being overcharged . Can you send a DM and include the account number?  ^CurtisK,"1969346,1969347,1969348"
1969353,583433,Tue Oct 31 15:34:21 +0000 2017,@ATT Seriously? pre-order iPhone. get an order #. log in 2 check status &amp; 'system error'..my order was never processed. happens every year!!,1969352,ATT,Tue Oct 31 15:47:38 +0000 2017,"@583433 Every year? Definitely sounds like a huge pain, Dan! DM us, so we can lend you a hand! We are patiently awaiting your response! ^JewelR",
1970105,583614,Tue Oct 31 16:58:39 +0000 2017,"@att is the worst. The staff failed to change my line after 5 VISITS. Instead, I got charged extra $ due to some technical issue. Cancel?",1970104,ATT,Tue Oct 31 17:03:28 +0000 2017,@583614 That's never what we like to hear Long! Dm us more details on this issue switching your line and the charge. Thank you! ^JaredA,
1970144,583622,Tue Oct 31 16:33:33 +0000 2017,@ATT You guys really missed an opportunity here.,1970143,ATT,Tue Oct 31 16:49:30 +0000 2017,@583622 Thank you for reaching out to us. We definitely don't want to miss an opportunity. Please DM us details on the issue you're having. ^ErinJ,
1971491,583973,Wed Nov 01 04:06:09 +0000 2017,Thank you @ATT. Crew game was amazing. #SoccerEverywhere https://t.co/b2om2p8lMz,1971489,ATT,Wed Nov 01 04:15:00 +0000 2017,"@583973 You're welcome, Zach! If you need anything else don't hesitate to reach out to us here on social media! we're always here for you! ^SkyH",1971490
1973750,584530,Wed Nov 01 06:25:32 +0000 2017,@ATT I pay for U-verse top tier in my area (45mb) and always only get 13 mb download speed. Sad!,1973749,ATT,Wed Nov 01 12:15:00 +0000 2017,"@584530 Morning! Thanks for reaching out to us here! To better assist you with your U-verse speed,DM us your U-verse account number! We are here!^YS",
1974214,558889,Wed Nov 01 13:03:40 +0000 2017,"@ATT please tell me you’re going to have another promotion for the @117159 #Note8
I missed out on the $200 off 😧",1974213,ATT,Wed Nov 01 13:39:31 +0000 2017,"@558889 Hey,there! Thanks for reaching out to us here! Please DM us to better assist you with details on offers and Promos! We are always here! ^YS",
1975518,580305,Wed Nov 01 16:31:06 +0000 2017,"@ATT Thanks, finally managed to hopefully sort it out over the phone. -d.",1975519,ATT,Wed Nov 01 16:48:32 +0000 2017,@580305 I'm glad you could sort it out. If you need assistance please feel free to reach back out to us. Enjoy the rest of your week! ^LucasM,
1976267,421773,Wed Nov 01 16:20:56 +0000 2017,@att Hey AT&amp;T I'm really upset with you!  I've talked to FOUR different people to CANCEL internet installation at my house! HELP!!!!!!,1976266,ATT,Wed Nov 01 16:59:33 +0000 2017,"@421773 We definitely don't want to lose you as a customer. Please DM us details, along with your acct number, so we may properly assist you. ^ErinJ",
1976291,481649,Mon Nov 27 23:32:27 +0000 2017,"@ATT @585247 I am having the same issue, order an iPhone X and the ship date keeps getting pushed",1976293,ATT,Mon Nov 27 23:49:00 +0000 2017,"@481649 Hey there, JR! Let us look into the status of your Apple iPhone X order and why that shipping date keeps getting moved around! Follow us/DM the mobile number associated with your account along with so that we may provide adequate assistance. We're waiting for your response! ^LarL",
1976292,585247,Wed Nov 01 17:02:23 +0000 2017,@ATT I’ve used that. No update since Friday.,1976290,ATT,Wed Nov 01 17:21:00 +0000 2017,"@585247 We are shipping orders as fast as we can and will update. Learn more here https://t.co/iI8F7FkEW9 Please DM us for more help, Garen! ^AsiaC",1976291
1976295,585247,Wed Nov 01 16:45:48 +0000 2017,Hey @ATT ship my order please? Thanks 🤗,1976294,ATT,Wed Nov 01 16:53:36 +0000 2017,"@585247 Hey, Garen! Do you want to check your order status? Go to: https://t.co/7fGSMOOPfZ for updates. DM us for additional help! ^AsiaC",1976292
1976322,585256,Wed Nov 01 16:40:06 +0000 2017,@ATT @117735 are you having an outage in Marietta GA?,1976321,ATT,Wed Nov 01 16:52:32 +0000 2017,"@585256 Hey Susan! In a DM, tell us which services you have with us, your zip code and account info, so we can research that for you! Thanks! ^Ann W",
1976330,585259,Wed Nov 01 19:01:57 +0000 2017,@ATT @585258 Will it be on your youtube channel as well??? Because I dont have at&amp;t. @ATT like gorgeous was???? I hope it is.,1976331,ATT,Thu Nov 02 22:57:00 +0000 2017,@585259 Watch a sneak peek of our exclusive new series here – https://t.co/emXplX8gjo. Future episodes will only be available on #TaylorSwiftNOW.,
1976334,585261,Wed Nov 01 17:20:18 +0000 2017,@585262 Well @ATT need to credit me 2 days toward my bill,1976333,ATT,Wed Nov 01 17:30:00 +0000 2017,"@585261 DM us with your service type and account number so we can take a deeper look into your credit concerns, T.King! We're here for you! ^ShamW",
1977505,129177,Wed Nov 01 15:16:23 +0000 2017,"Me when people think I'm working but I'm really watching this new @118062 video from @ATT...

(Priorities, people. Priorities.) https://t.co/1fv2F0SqMn",1977504,ATT,Wed Nov 01 19:44:30 +0000 2017,"@129177 Us when people just GET our love for Taylor. 😍  What's your favorite part so far, Spencer? #TaylorSwiftNOW https://t.co/uYGRcSTtSJ",
1977517,585593,Wed Nov 01 15:15:07 +0000 2017,So um @ATT can I just pay for the #TaylorSwiftNow series?,1977516,ATT,Wed Nov 01 19:39:29 +0000 2017,"@585593 Hey Sara, #TaylorSwiftNOW is available exclusively on @117830, @127550 + @126768. Go to https://t.co/zh0Rd9AqIk for more information.",
1977786,585660,Wed Nov 01 15:14:36 +0000 2017,OH GOD THE MAKING OF GORGEOUS WAS SO RAW AND AUTHENTIC I LOVE IT SO MUCH THANK YOU @118062 AND @ATT,1977785,ATT,Wed Nov 01 19:37:39 +0000 2017,@585660 Wasn't it TAY-rific?! We know what we'll be watching all day... how about you? #TaylorSwiftNOW https://t.co/qVy2716xZp,
1978156,585735,Sun Oct 29 00:21:05 +0000 2017,.@ATT has fkd up my WHOLE day. Only other time I can think I was this pissed at a company was when Time Warner tech broke my TV. #nothappy,1978155,ATT,Tue Oct 31 18:00:46 +0000 2017,"@585735 Hey, Deandra! Give us a chance to redeem ourselves and brighten your day. In a DM please give us the details of your concerns. Thank you.^GS",
1978202,585747,Tue Oct 31 16:55:56 +0000 2017,@ATT Follow me so I can DM.,1978200,ATT,Tue Oct 31 18:00:09 +0000 2017,"@585747 Good afternoon, we would love to assist! Like our page so you can send us a few details about your concerns. We are always here! ^NicJ",1978201
1978204,585747,Tue Oct 31 16:25:18 +0000 2017,"if you want to get trapped in a labyrinth of billing despair, let me kindly suggest @att!",1978203,ATT,Tue Oct 31 16:27:37 +0000 2017,"@585747 Hello, that's not what we like to hear! The social media team can turn this around! DM us details! We are eager to assist. ^MAkH",1978202
1978218,386615,Sat Oct 28 19:31:11 +0000 2017,@167829 🔥 https://t.co/zvQlsgyBGv,1978217,ATT,Tue Oct 31 17:32:28 +0000 2017,"@386615 Setting the stage for Thursday's match! We love your soccer passion, follow &amp; DM us we may have something for you! #SoccerEverywhere",
1978220,768830,Sat Oct 28 18:57:08 +0000 2017,@167829  https://t.co/Sl4Wut4qdZ,2745240,ATT,Tue Oct 31 17:17:23 +0000 2017,"@768830 lol that was great. We love your soccer passion, follow &amp; DM us, we may have something for you! #SoccerEverywhere",
1979713,586067,Mon Oct 23 07:47:45 +0000 2017,"@ATT The last point in fraud.Even though you turn off the internet,you are still sending bills,trying to force the internet money youdontuse",1979712,ATT,Tue Oct 31 20:16:55 +0000 2017,@586067 We would love to get to the bottom of this billing issue for you! Can you please DM your account number for further assistance! ^AntB,
1980436,586245,Tue Oct 31 17:43:14 +0000 2017,MISSION COMPLETE!!! GOT ALL THE POSTERS &amp; EVEN MET THE LEAGUE!! THANKS @3769!!! #JusticeLeague #AtandT https://t.co/zi1XiKKjpc,1980435,ATT,Tue Oct 31 21:44:00 +0000 2017,"@586245 How coo, Eddiel! Glad you were there to #JoinTheLeague and share in the excitement! There’s more here: https://t.co/mGbVQEp3UK.",
1980444,586249,Sun Oct 22 18:36:22 +0000 2017,Thanks @ATT I’ve been overseas and my line was supposed to be under military suspension and when I got back my account was in collections.,1980443,ATT,Tue Oct 31 20:45:32 +0000 2017,"@586249 Hi Aaron! I am very sorry to hear about this! I am happy to help. Please DM me your At&amp;t phone number, and we can further discuss! ^AlinaW",
1981302,586478,Thu Nov 02 16:05:47 +0000 2017,Hey @117830 @ATT you screwed it up again. Thanks for letting me spend my entire morning on the phone w you,1981301,ATT,Thu Nov 02 16:22:00 +0000 2017,@586478 Oh no Lori! We hate to hear that! No one likes to waste their time. Let us make it right! Shoot us a DM with your account information.^JasT,
1981304,586479,Thu Oct 26 17:48:01 +0000 2017,@ATT there is this phone # 1-800-225-5288 that said to be att but is obviously a scam trying to get customers pin. Please do something!!!,1981303,ATT,Thu Nov 02 16:21:00 +0000 2017,"@586479 Thanks for bringing this to our attention, Leo. Please visit this link for more on protecting yourself from fraud: https://t.co/CbDzey3jhy.",
1981686,499111,Thu Nov 02 16:49:08 +0000 2017,@ATT There was a 721 error code on a new receiver; took me 3 hrs of tech support last night + 2 hours of a service tech today to get it working,1981685,ATT,Thu Nov 02 16:57:00 +0000 2017,"@499111 Oh, no! We apologize for the inconvenience, Lauren. We hope you don't have any more problems with your new receiver! We appreciate you!^BayO",
1981688,499111,Thu Nov 02 15:19:42 +0000 2017,"Sooooo, @ATT - your tech guy can't even get my new reciever to work.🙄

Even he's sitting here frustrated 😂 at least I'm not alone in this",1981687,ATT,Thu Nov 02 15:31:51 +0000 2017,"@499111 Hey, Lauren! We don't like to hear that your new receiver isn't working, we want to help you out! Are there any error codes?^BayleighO",1981686
1981693,586588,Thu Nov 02 16:43:18 +0000 2017,This AT&amp;T installation guy is SO nice. Thanks @ATT,1981692,ATT,Thu Nov 02 17:43:00 +0000 2017,"@586588 Melissa, we're glad to hear of your great experience! Let us know if you need assistance in the future, we're always here to help! ^KeeD",
1981711,586591,Sat Oct 28 14:01:02 +0000 2017,"@117830 a letter, terrible @ATT AND @117830",1981709,ATT,Thu Nov 02 17:32:28 +0000 2017,"@586591 Hi, G! Our team would love to look into your service concern! PM us details and your phone number. Awaiting your response! ^ChasH",1981710
1982869,586926,Wed Oct 18 17:50:54 +0000 2017,my momma pay over $300 a month for LTE SERVICE NOT SERVICE THAT CANT EVEN LOAD MUSIC AND TWITTER AT THE SAME TIME WTF @ATT,1982868,ATT,Wed Oct 18 18:08:31 +0000 2017,@586926 We want to look into that for you! Follow us and send a DM providing a brief explanation of your experience so we can assist. ^LarL,
1982992,534010,Wed Nov 01 20:31:16 +0000 2017,@586960 @ATT I’m on the phone with them and they literally have nothing that said there would be charges. I even told them to listen to the recording,1982991,ATT,Wed Nov 01 20:39:31 +0000 2017,@534010 We'd like to help! Could you send us a DM with more information on how we can further assist you? We await your response! ^AbayomiO,
1982996,586961,Tue Oct 31 01:14:27 +0000 2017,"@119777 @ATT It looks like it will be awesome. I am at the Thor advance screening right now, they are just about to let us in the Theater.",1982995,ATT,Wed Nov 01 21:27:08 +0000 2017,@586961 It's going to be a wild ride! #JusticeLeague is recruiting. #JoinTheLeague and visit https://t.co/m0u8OFAOb6 https://t.co/mmfqOQHcGg,
1983422,587078,Wed Nov 01 22:13:44 +0000 2017,@ATT Nothing but lies and condescending attitude towards family trying to move forward after losing everything. #redwoodcomplexfire,1983421,ATT,Wed Nov 01 22:34:00 +0000 2017,"@587078 Hi, Lindsey. We don't want you missing out on installation appointments. DM us to help you get the service you've been waiting on! ^AriS",
1983474,119776,Wed Nov 01 04:19:48 +0000 2017,I got my Justice League Batman Poster #JusticeLeague #Batman @ATT @119777 https://t.co/ja6veTFjiF,1983473,ATT,Wed Nov 01 22:20:10 +0000 2017,"@119776 You’re a serious superhero, Brian! Glad you were there to #JoinTheLeague and share in the excitement! There’s more: https://t.co/mGbVQEp3UK https://t.co/AaKbFZdV02",
1983480,587098,Tue Oct 31 16:14:55 +0000 2017,Thank you @ATT and @119777 for these awesome posters!!! https://t.co/f0mtJfgaL0,1983479,ATT,Wed Nov 01 21:43:06 +0000 2017,"@587098 That's epic, Kevin. You’re a serious superhero! Thanks for being part of our Halloween fun! #JoinTheLeague https://t.co/mGbVQEp3UK https://t.co/RLbiT07dQa",
1984125,587303,Wed Nov 01 22:57:41 +0000 2017,@ATT I just did - thanks,1984123,ATT,Thu Nov 02 00:11:30 +0000 2017,"@587303 Hello Chris, we thank you for making us aware of your DIRECTV concerns. We are here to help you. We are reviewing your account? ^RickeyY",1984124
1984430,587401,Tue Oct 31 20:35:16 +0000 2017,@ATT U guys have some serious issues w billing 4 @10136 Diff info w every call. Can't understand anyone. On hold. 3 hours still on phone,1984429,ATT,Thu Nov 02 00:51:39 +0000 2017,@587401 We'd love to help with your DirecTV billing issue. Could you DM us the account number and concern? We're here to help. ^JamesV,
19867,120362,Mon Nov 20 16:11:52 +0000 2017,@120363 @ATT 🤨,19866,ATT,Wed Nov 22 15:09:00 +0000 2017,"@120362 Thanks for reaching out to us, Lisa! We apologize for the customer service you've endured. Let's turn things around for you at once. Could we get you to check out our link to help you find your acct #? We'd appreciate this from you. https://t.co/koJQfVdAQX. We're here! ^AkilahS https://t.co/7m6RT3Hk4n",
1989018,588686,Thu Nov 02 12:43:03 +0000 2017,@588687 but they want to help me! Looks like they’re just setup to auto reply! Auto replies just suck and make people angry! @ATT https://t.co/K7lcLbmM5a,1989017,ATT,Thu Nov 02 12:50:29 +0000 2017,"@588686 This is not an auto reply. We are real people, ready and waiting to assist you. You are welcomed to share your concerns in our DM ^Dmya https://t.co/7m6RT3Hk4n",
1989028,588693,Thu Nov 02 11:39:25 +0000 2017,"@588694 @ATT the service just goes in and out. not delivering texts, even though i have bars. or then sometimes it will say no service",1989027,ATT,Thu Nov 02 13:17:08 +0000 2017,"@588693 Hey, Kayla. Please send us a DM for troubleshooting advice for your device! We are here to help! Eagerly awaiting your reply. ^SheaD",
1989642,588815,Thu Nov 02 14:09:27 +0000 2017,@ATT @117735 Ive been trying for an entire month 2get this issue resolved &amp;now that I have my bill I see why ur reps were hanging up on me,1989641,ATT,Thu Nov 02 14:13:05 +0000 2017,"@588815 Good morning, Belle! Can you please DM us further details, we would love to resolve this issue for you. ^ JC Social Media Specialist",
1991094,488907,Fri Nov 03 01:54:24 +0000 2017,@ATT okay why is Uverse no longer on Windows OS anymore?,1991092,ATT,Fri Nov 03 02:26:27 +0000 2017,"@488907 Uverse is no longer available on Windows OS, you can still have access through the https://t.co/NQV9zWUtyV on the iOS and Android. ^WaleA",1991093
1991134,589282,Fri Nov 03 02:19:19 +0000 2017,I️ never had this problem with Cox! It’s an issue every month with @ATT 😡,1991133,ATT,Fri Nov 03 02:39:37 +0000 2017,"@589282 Having your payment applied to someone else's account is unacceptable, Sherrell! Can you DM us your account information and service?^AdiS",
1991738,589458,Fri Nov 03 02:57:05 +0000 2017,Cut the chord! @ATT slowed my internet to a crawl and are overcharging me on Directv. Tired of Hollywood and media #cutthecord,1991737,ATT,Fri Nov 03 04:55:00 +0000 2017,"@589458 Sam, it saddens us that you want to leave! Please tell us in a DM what is going on with your service to hopefully make this right! ^ErnL",
1991766,589468,Fri Nov 03 03:07:59 +0000 2017,"@ATT It is so painful being your customer, like having to pay your rapist.",1991764,ATT,Fri Nov 03 05:08:00 +0000 2017,"@589468 Hello, Ed! We understand your not happy with a payment? Please send your account information in a DM! We await your response! ^RiRi",1991765
1996168,590256,Fri Nov 03 15:22:30 +0000 2017,@ATT Yeah well I have called u people and online chatted twice and have been told your mistake is my problem,1996170,ATT,Fri Nov 03 15:34:30 +0000 2017,"@590256 We want to rectify this for you as quickly as possible, Kristy! Please DM us with further details. We hope to hear from you soon! ^ChristiM",
1996169,590256,Fri Nov 03 14:49:57 +0000 2017,@ATT after 6 months of in full on time payments you guys are screwing me..should have stayed with @116136,1996167,ATT,Fri Nov 03 15:02:34 +0000 2017,"@590256 Hi Kristy, let us help! Please DM us your account number and more details so we can work this out. We await your response. ^TiffH",1996168
1996963,590476,Fri Nov 03 11:56:56 +0000 2017,@ATT how y’all gonna have people preorder an iPhone X and then not get any in 🤔 #scammed #iPhoneX #getyourshittogeher,1996962,ATT,Fri Nov 03 16:21:00 +0000 2017,@590476 Hello Felicia! Thank you for reaching out to us. We would love to assist you with your preorder. Please DM your wireless number.  ^ErinJ,
1996982,590479,Fri Nov 03 15:55:44 +0000 2017,Supposed to be getting my iPhone X order today but @ATT canceled my order and then canceled a 2nd order (made through a representative)...,1996981,ATT,Fri Nov 03 16:31:00 +0000 2017,"@590479 Hi, Josh! We'd love to hear more about your iPhone X cancellation and see what we can do to help! DM us details. Can't wait! ^ChasH",
1996984,159939,Thu Nov 02 18:53:39 +0000 2017,We might be down but we're not beaten come on you boys in blue! @332495 #NYCFC #makeithere #2ndlegisonsunday,1996983,ATT,Fri Nov 03 16:42:44 +0000 2017,"@159939 @159939 it isn't over yet! We love your soccer passion. Follow and DM us, we have something for you! #SoccerEverywhere",
1997032,513869,Thu Nov 02 22:16:48 +0000 2017,I hope whoever charged $849 on my @116827 credit card to @ATT enjoys their new iPhone 😑 Hoping Wells Fargo can reverse this,1997031,ATT,Fri Nov 03 16:21:01 +0000 2017,"@513869 Hi Kate, would you mind sending us a DM with your contact information ? We'd like to have our fraud department look into this. Thanks!",
1997589,590657,Fri Nov 03 15:29:09 +0000 2017,"Thanks @ATT had an employee tell me to get to the store this morning, well guess what, no iPhones. Not impressed #iphonex #FAIL",1997587,ATT,Fri Nov 03 17:00:01 +0000 2017,"@590657 Hi there, Baxter. We would love to do our best to get an iPhone X into your hands, could you please DM us so we can try and help? ^GarW",1997588
1997597,590661,Fri Nov 03 17:28:44 +0000 2017,@ATT when is my order going to ship.,1997596,ATT,Fri Nov 03 17:36:31 +0000 2017,"@590661 Good afternoon, we'd love to look into when your order will ship. DM us details and your phone number. We are eager to assist! ^MakH",
1998034,590787,Fri Nov 03 18:30:50 +0000 2017,@ATT extremely unacceptable. I am a long time customer and I would hate to have to switch providers over this.,1998033,ATT,Fri Nov 03 18:38:25 +0000 2017,"@590787 Hi there, Nathaniel. That sounds like a harrowing experience, and we'd love to try and make things right, please DM us so we can help! ^GarW",
1998043,401657,Fri Nov 03 20:14:48 +0000 2017,"@ATT Thanks, but I was actually complimenting you guys and raging at Comcast.  If they don’t get this taken care of ASAP, I may be switching!",1998045,ATT,Fri Nov 03 20:19:00 +0000 2017,@401657 No worries as we are always ready to welcome new AT&amp;T family members.When ever you are ready please remember we are here for you.^AlonzoW,
1998044,401657,Fri Nov 03 18:14:39 +0000 2017,"Hey @115900 , @ATT can bury a cable in 2 days, why is it taking you over 3 months?  #anothermisseddeadline
😡",1998042,ATT,Fri Nov 03 18:29:28 +0000 2017,@401657 Sorry to hear you are having trouble getting your cable line buried.3 months is a long time please DM us your account information.^AlonzoW,1998043
1998616,388875,Fri Nov 03 17:53:10 +0000 2017,@590949 @428558 @590950 @ATT @117735 If you are speaking to me which I doubt but I wasn't offered a Razer Phone.,1998615,ATT,Fri Nov 03 19:19:01 +0000 2017,@388875 Hi Danny! We understand the inconvenience of not having service due to activation of a sim card. Can you DM us your phone number?^PeyL,
1998652,590955,Thu Nov 02 19:27:26 +0000 2017,Dear @115858 and @ATT please send my partner his new phone so I can have his old one. Mine has motherboard issues &amp; barely holds a charge. :(,1998651,ATT,Thu Nov 02 19:33:00 +0000 2017,"@590955 Hi, Amanda! We are here to help, please DM your partner's account number and when his order was made. Hope to hear back from you! ^JasmineF",
199918,163164,Wed Oct 04 23:27:49 +0000 2017,@ATT I can't DM you I just want to know how come you guys withdraw only once?,199917,ATT,Wed Oct 04 23:52:34 +0000 2017,@163164 Thanks for replying! Here is a link that will show you how to DM us for further assistance: https://t.co/pnHOMeQ9NM ^ArlaF.,
1999190,591120,Thu Nov 02 19:55:29 +0000 2017,"@att after spending close to an hour on the half with three different cust service people, it's unfortunate that you are going to lose me over $129 of charges when I spend close to $3K a year with you.",1999189,ATT,Thu Nov 02 20:31:00 +0000 2017,@591120 Hi Drew! Allow us to turn this experience around for you! DM us and let us know what you're needing assistance with! Here to Help! ^TinaT,
1999192,423514,Thu Nov 02 19:50:44 +0000 2017,@ATT @6702 #DirectTV Alert- if you get directv their wireless boxes don’t pick up signal well.  Then they charge u $178 to fix.,1999191,ATT,Thu Nov 02 20:03:31 +0000 2017,"@423514 Hey, Jim. We understand you have a concern regarding your modem's signal strength. Please DM us details so we can further assist you! ^TomJ",
1999197,591121,Thu Nov 02 19:53:13 +0000 2017,I love both @ATT &amp; @117830 but BOY do they make it difficult to combine billing. 1 hour so far and can't get it done. Very frustrating.,1999193,ATT,Thu Nov 02 20:02:30 +0000 2017,"@591121 Hey,there! Combined billing shouldn't take too much of your precious time! Please DM us so we can get started! We're just a click away! ^YS","1999194,1999195,1999196"
199921,163164,Wed Oct 04 22:48:59 +0000 2017,"LOL! I'm done with @ATT, I set up autopayments &amp; they never withdraw, they give me late fees &amp; today cut off my phone 😂😂😂",199920,ATT,Wed Oct 04 23:21:31 +0000 2017,@163164 Thanks for reaching out to us in regards to your mobile services being interrupted. Please DM us for further assistance. ^ArlaF.,199918
199923,163166,Wed Oct 11 23:21:51 +0000 2017,@ATT What is the best email to contact? I am not on this account much,199925,ATT,Wed Oct 11 23:37:00 +0000 2017,"@163166 Thank you for reaching out to us via social media! For clarification, are you asking for our contact email address? DM us! ^MikeM",
199924,163166,Wed Oct 04 22:55:38 +0000 2017,@ATT I’m Being taken advantage of. This is not what I want in a provider. Please help.,199922,ATT,Wed Oct 04 23:01:00 +0000 2017,@163166 We certainly don't want you to feel like you're being taken advantage of! Please DM us details on what you're experiencing. ^KeeD,199923
199931,163168,Wed Oct 04 22:53:00 +0000 2017,@ATT y’all probably charged every their regular bill huh,199930,ATT,Wed Oct 04 23:00:36 +0000 2017,@163168 You should never feel like we are digging in your pockets! Give us a second chance by sending a DM with more details! ^ErL,
199933,163169,Wed Oct 04 22:31:55 +0000 2017,@ATT can you please step your service up 🙄,199932,ATT,Wed Oct 04 22:39:28 +0000 2017,@163169 Hey there Ruth! Thanks for reaching out. What seems to be going on? DM us and tell us more.Thanks! ^KShanT,
199935,163170,Wed Oct 04 22:26:18 +0000 2017,@ATT Can't someone just call me to resolve...,199934,ATT,Wed Oct 04 22:35:28 +0000 2017,@163170 Here's the steps to send a DM on Twitter: https://t.co/oDL8DkEqUo Please let us know. ^JamesV,
199938,163170,Wed Oct 04 22:15:46 +0000 2017,@ATT I just bought 2 new iPhone 7 thru AT&amp;T... Am going to transfer my wife's data from her 5s to my current 6s...asked AT&amp;T to disable her # as of  Friday Oct. 6 AT&amp;T disconnected today...help,199937,ATT,Wed Oct 04 22:22:00 +0000 2017,@163170 Please delete the number from public view for your own security. DM it to us with your time zone and time to call tomorrow. ^JamV,199936
199941,163170,Wed Oct 04 21:30:14 +0000 2017,@ATT please have a supervisor get in touch with ASAP...AT&amp;T customer in need of help...AT&amp;T tech support accidentally cut off my #...,199940,ATT,Wed Oct 04 21:48:09 +0000 2017,"@163170 Hi, Armando. We'd love to help. Could you DM us and fill us in on the situation? We're here for you. ^JamesV",199938
1999558,591225,Fri Oct 27 11:18:06 +0000 2017,@ATT I paid for service.  You shut off my service after I pd! Overcharged me $50 x2. AND info breached when I pd you😡😡,1999557,ATT,Thu Nov 02 21:01:38 +0000 2017,"@591225 Let's look into this right away, Darcy. Please DM us your account # or phone # associated with the account and the payment date.  ^JasmineF",
1999570,208215,Fri Oct 27 07:58:20 +0000 2017,@ATT @ATT what is actually happening. I wait then get redirected only to be put back in the queue again.,1999569,ATT,Thu Nov 02 20:57:00 +0000 2017,"@208215 Hey Emily, thanks for reaching out to us. Could you please send us a DM. We would love to assist. Patiently awaiting your response! ^WhitK",
1999990,591362,Thu Nov 02 21:05:08 +0000 2017,.@591363 &amp; I have had the worst headache w/ MULTIPLE ph calls to @ATT &amp; yet still no resolution to a billing error. Help? @117735,1999989,ATT,Thu Nov 02 22:16:52 +0000 2017,@591362 @591363 Hi Daniel! We appreciate you messaging our social media team! Let us know what's going on with your bill. We're here to help! ^TinaT,
2000385,440839,Thu Nov 02 21:44:45 +0000 2017,Well @att screwed my iphone x order not once but twice and as a result im now getting it late .. I got a 25 dollar credit.Thanks ?,2000384,ATT,Thu Nov 02 23:17:00 +0000 2017,@440839 Let's investigate that for you! Follow us and send a DM containing your phone number and brief details so that we may explore options. ^LarL,
2000399,589282,Thu Nov 02 23:04:03 +0000 2017,@ATT once again you’ve proven to be a disappointment!,2000398,ATT,Thu Nov 02 23:18:28 +0000 2017,"@589282 Good evening, Sherrell! Help us understand what you're experiencing. DM us and elaborate on your experience. We're on stand by! ^NSmart",
2000722,591596,Fri Oct 27 22:52:05 +0000 2017,@ATT  End of 2yr #contract 3 lines #phoneplan PLUS 10 months EXTRA payments for the #phones !!?!! #WTF #scam Not what i agreed to!,2000721,ATT,Thu Nov 02 23:59:57 +0000 2017,"@591596 Hi, Jeanine! We're eager to help you. Please DM us more details about the extra payments. We look forward to your response. ^KeivB",
2001254,124825,Fri Nov 03 19:56:41 +0000 2017,@467743 @ATT Just spent an hour on the phone with Apple. It's AT&amp;T,2001252,ATT,Fri Nov 03 20:30:00 +0000 2017,@124825 We are aware of the problem with activating you new device and we are working as quickly as possible to get this issue resolved. ^JoyM,2001253
2001297,591780,Fri Nov 03 19:49:43 +0000 2017,@ATT is the worst. I don't understand. I need to talk to someone about unlocking my fully paid phone. I'm getting the run around!,2001296,ATT,Fri Nov 03 19:58:00 +0000 2017,"@591780 Hi, Johanna! We are here to help. Please DM your phone number and the current plan you have and we can get the ball rolling! ^JasmineF",
2001305,591782,Fri Nov 03 19:09:36 +0000 2017,@ATT They won't convert a prepaid plan to a postpaid.  @118343 and @116329 are much much better when it comes to customer support.,2001304,ATT,Fri Nov 03 19:50:29 +0000 2017,@591782 Hey there! We would like to offer assistance for you. Please DM us the phone number on your prepaid account to get started. ^JasmineF,
2002137,592016,Fri Nov 03 20:48:46 +0000 2017,#JusticeLeague is for everybody!!!!! Come snap a photo and get a few free posters from your Harbour View AT&amp;T! #MillerTime https://t.co/5BI5prc92g,2002135,ATT,Fri Nov 03 20:52:36 +0000 2017,@592016 @592017 @592018 @592019 Who’s your favorite hero? #Batman #WonderWoman #TheFlash #Aquaman #Cyborg  #JoinTheLeague https://t.co/m0u8OFAOb6,2002136
2002144,592022,Fri Nov 03 20:16:37 +0000 2017,Hey @ATT you've been involved with 10 iPhone releases... how about you prepare next time? Verizon might be my next carrier.,2002143,ATT,Fri Nov 03 20:56:01 +0000 2017,"@592022 Hi Jordan! Did you get your new iPhone? What is it that you are needing assistance with? DM us details, we're here to help! ^TinaT",
200779,163401,Mon Oct 02 00:24:41 +0000 2017,@ATT Not very happy I'm missing my Colts game.  Will be switching providers if this isn't fixed asap.,200778,ATT,Mon Oct 02 05:03:00 +0000 2017,@163401 Hi Nicole! We don't want to lose you. We have technicians working hard to get this service issue resolved please DM us. ^WillP,
200781,163402,Sun Oct 01 23:01:18 +0000 2017,@163403 @ATT I have to stand outside if my internet goes out. https://t.co/I3gWlCiimd,200780,ATT,Mon Oct 02 02:23:26 +0000 2017,"@163402 We are here for you, Adam can you DM us with details about your WIFI issue? We hope to hear from you soon. ^LoveW",
200786,163404,Sun Oct 01 22:01:20 +0000 2017,"@ATT Sent! Hopefully whatever ""manager"" called me from this number 800 528-4800 at 2:06pm EST gets looked into. 👌 #unprofessional",200785,ATT,Sun Oct 01 22:57:07 +0000 2017,"@163404 We will be delighted to help! Caroline, please follow AT&amp;T Cares and provide us with your U-Verse account number. ^TesiaT",
200788,163404,Sun Oct 01 18:19:33 +0000 2017,When @ATT won't provide a copy of your chat transcripts that you requested &amp; a manager yells and hangs up on you - you switch to spectrum.👋👎,200787,ATT,Sun Oct 01 18:41:34 +0000 2017,"@163404 Oh no, Caroline. We'd hate to see you go. Can you DM us details of what you're experiencing? Thanks! -MarthaM",200786
200791,163405,Sun Oct 01 19:46:57 +0000 2017,@ATT will tell you one thing to get you to switch then when your bill comes and it's $100 more than promised they tell you they can't help!!,200790,ATT,Sun Oct 01 22:24:00 +0000 2017,"@163405 Hey Brad! Thanks for reaching out to us. Please provide us with details of your concerns, we await your reply! ^JornaiS",
200793,163406,Wed Sep 20 21:55:54 +0000 2017,"@117735 @ATT ""We are a huge company, we don't care if you switch"" ACTUAL quote from an @ATT rep.",200792,ATT,Sun Oct 01 22:10:33 +0000 2017,@163406 Good afternoon please follow the ATT twitter account and DM us your account and phone information. ^Nathaly,
200796,163407,Sun Oct 01 18:56:26 +0000 2017,"@ATT what’s the point of your stores? Zero customer service help, just told me to go online and call myself",200795,ATT,Sun Oct 01 20:28:00 +0000 2017,"@163407 Hey There, We are here to help! How can we assist you today?
DannyB",
2009215,366548,Sat Nov 04 17:25:52 +0000 2017,"@Ask_Spectrum Internet is still intermittent in Texas 75050. @ATT is installing fiber optic in my area, soon as their done I’ll be calling",2009216,ATT,Sat Nov 04 19:40:28 +0000 2017,"@366548 That's Great, Karen! We're happy you're interested in joining the family. Contact us if you have any questions. We're here for you. ^KeviB",
2011214,594735,Wed Oct 18 20:22:12 +0000 2017,"Instead of just sending me to buy a new SIM card, an @ATT agent named Catherine spent a lot of effort to reactivate a my prepay account. 👍👍👍",2011213,ATT,Wed Oct 18 20:29:01 +0000 2017,"@594735 Hi, you can leave feedback on the link below https://t.co/kBmFJc6wxi .If you have  other question on the service pls DM ^FizzA",
2011216,594736,Wed Oct 18 05:26:35 +0000 2017,This is honestly genius marketing https://t.co/FkFJBQ4jJ9,2011215,ATT,Wed Oct 18 19:38:53 +0000 2017,"@594736 We try to stay humble, but sometimes you just gotta shine https://t.co/V7JASdfbdl",
2011218,594737,Wed Oct 18 19:18:38 +0000 2017,@ATT is the absolute worst. I have to call every single month to dispute a charge,2011217,ATT,Wed Oct 18 19:33:01 +0000 2017,@594737 We hate to hear you have to call us monthly about your bill! Dm us more details on the issue at hand. Thank you! ^JaredA,
2014564,595693,Thu Nov 02 20:50:53 +0000 2017,"@ATT my order status is still ""Pending Portal Approval."" How long does this take &amp; will I get my #iPhoneX by 11/10/17? #ATT #iPhone @115858",2014565,ATT,Fri Nov 10 18:16:29 +0000 2017,@595693 I'm still here to help! Send me a DM if you have any questions or concerns. Have a great day! ^NicoleH,
2014564,595693,Thu Nov 02 20:50:53 +0000 2017,"@ATT my order status is still ""Pending Portal Approval."" How long does this take &amp; will I get my #iPhoneX by 11/10/17? #ATT #iPhone @115858",2014566,ATT,Sat Nov 11 19:06:01 +0000 2017,@595693 Haven't heard from you! We're still here to help! Submit a new post or send a DM. Thanks for your business with AT&amp;T! ^NicoleH,
2014564,595693,Thu Nov 02 20:50:53 +0000 2017,"@ATT my order status is still ""Pending Portal Approval."" How long does this take &amp; will I get my #iPhoneX by 11/10/17? #ATT #iPhone @115858",2014563,ATT,Thu Nov 09 15:37:35 +0000 2017,"@595693 My apologies for the delay! If you are still in need of assistance, please DM me! I'm here to help! ^NicoleH",
2014575,595697,Thu Nov 09 14:34:17 +0000 2017,"@119511 Same crap, different name. At least @ATT has service in my area. Thanks though.",2014574,ATT,Thu Nov 09 15:11:02 +0000 2017,"@595697 Hey Chris,thanks for reaching back out to us.We understand you would like to upgrade your phone on your https://t.co/Lswpatu3Mj's a link where you can do so: https://t.co/gOQWaZQNF5 made sure the website is working!If you need help, let us know. Thanks. ^VeroP",
201574,163607,Mon Oct 02 15:26:11 +0000 2017,@163608 @126768 @ATT Oh I know lol,201573,ATT,Mon Oct 02 16:15:24 +0000 2017,"@163607 We are here for you! Could you DM us your account number to properly address this? We love you, and you are valued! ^DemW",
201578,120065,Mon Oct 02 15:04:03 +0000 2017,@ATT Thanks for response but the issue is now resolved thanks to Pamela in your billing department. If only it didn't take 2 hours and 6 people,201577,ATT,Mon Oct 02 15:18:00 +0000 2017,"@120065 We are glad the issue has been resolved Lisa! We appreciate your patience, and for being our valued customer! Thanks! ^CarolM",
201580,120065,Mon Oct 02 14:15:23 +0000 2017,"Thanks to @ATT and @117830 ""convenient"" single billing, I've been on with 5 agents in 4 departments for the last hour and a half. #fail",201579,ATT,Mon Oct 02 15:02:33 +0000 2017,"@120065 Worry no more, help is here Lisa! Could you please DM us your acct #? We will be more than happy to assist. Thanks! ^CarolM",201578
201582,163609,Sun Oct 01 19:55:00 +0000 2017,No admission from tech. Thanks for the glass in my feet AT&amp;T,201581,ATT,Mon Oct 02 14:13:43 +0000 2017,"@163609 HI Rose, please let us know if there's anything we can help you out with!",
2019137,597125,Wed Nov 08 23:57:08 +0000 2017,@ATT Ya I see the missed call but it doesn't ring,2019141,ATT,Thu Nov 16 00:40:01 +0000 2017,"@597125 Hi Smellenellen please let me know what is the best time to contact you tomorrow and complete our interaction.
^Maria A. Social Media Team",2155576
2019137,597125,Wed Nov 08 23:57:08 +0000 2017,@ATT Ya I see the missed call but it doesn't ring,2019140,ATT,Fri Nov 10 22:02:27 +0000 2017,"@597125 Smellenellen I just called you and I did not have the luck to reach you, Please let me know when is the best moment to call back. ^Maria A. Social Media Team",
2019137,597125,Wed Nov 08 23:57:08 +0000 2017,@ATT Ya I see the missed call but it doesn't ring,2019138,ATT,Thu Nov 09 00:04:30 +0000 2017,@597125 Oh no worries in that case can you please click the following link : https://t.co/i0spdLZIcb to get started a chat interaction with me? ^MA,
2019137,597125,Wed Nov 08 23:57:08 +0000 2017,@ATT Ya I see the missed call but it doesn't ring,2019139,ATT,Thu Nov 09 17:31:20 +0000 2017,"@597125 I'll call you shortly to discuss your inquiry. Smellenellen we really want to help you out!
 ^Maria A. Social Media Team",
2019137,597125,Wed Nov 08 23:57:08 +0000 2017,@ATT Ya I see the missed call but it doesn't ring,2019136,ATT,Sun Nov 12 23:38:54 +0000 2017,"@597125 Thank you for picking up my call today, just to recap our process we applied a courtesy credit on the account and offered you a promotional package, please send us a DM for more details.
^Maria A. Social Media Team",
2019143,597125,Wed Nov 08 23:32:50 +0000 2017,@ATT Once again my number is 801.643.0456,2019142,ATT,Wed Nov 08 23:55:35 +0000 2017,"@597125 I just contacted this number and the call went to the Voicemail, Please let me know when is the best moment to call back. ^Maria A. SM",2019137
2019145,597125,Wed Nov 08 02:02:03 +0000 2017,OMGGGGGG: @117735 @ATT https://t.co/gPe2JaPeLI,2019146,ATT,Wed Nov 08 23:07:28 +0000 2017,"@597125 Smellenellen I'll call shortly to discuss your inquiry. Thank you for allowing us to help. 
^Maria A. Social Media Team",
2019145,597125,Wed Nov 08 02:02:03 +0000 2017,OMGGGGGG: @117735 @ATT https://t.co/gPe2JaPeLI,2019144,ATT,Wed Nov 08 23:32:00 +0000 2017,"@597125 I just called you and I didn't have the luck to reach you, please let me know when is the best moment to contact you back I want to help! ^M",2019143
2027827,430030,Tue Oct 17 19:38:30 +0000 2017,@123633 Gah! Don’t make me pick!,2027826,ATT,Wed Oct 18 21:20:28 +0000 2017,@430030 Those were all amazing goals! Have you made it out to a match before? #SoccerEverywhere,
2027835,599657,Wed Oct 18 21:00:41 +0000 2017,"@ATT 3 no call no show appointments, and excuses everywhere in sight. No loyalty for long term customers? Cmon guys",2027834,ATT,Wed Oct 18 21:10:39 +0000 2017,"@599657 Oh no Corey, that's not how we want our family to feel. Could you DM us your account information? We are happy to help.^AriO",
2046012,362958,Thu Sep 28 16:31:12 +0000 2017,🚨Giveaway alert!🚨 RETWEET this post to win a signed @213027 #USMNT jersey and a limited edition @ATT scarf! #SoccerEverywhere https://t.co/OPC4O9m7gT,2046011,ATT,Tue Oct 03 17:46:22 +0000 2017,@362958 @605084 @213027 Congratulations Daniel! You have been selected to win a @167571 scarf! Please follow and DM us your email address,
2046012,362958,Thu Sep 28 16:31:12 +0000 2017,🚨Giveaway alert!🚨 RETWEET this post to win a signed @213027 #USMNT jersey and a limited edition @ATT scarf! #SoccerEverywhere https://t.co/OPC4O9m7gT,2046013,ATT,Tue Oct 03 17:43:29 +0000 2017,@362958 @578969 @213027 It's time Andy! You have been picked to win a soccer scarf and signed @213027 jersey! Please follow and DM us your email address.,
2046012,362958,Thu Sep 28 16:31:12 +0000 2017,🚨Giveaway alert!🚨 RETWEET this post to win a signed @213027 #USMNT jersey and a limited edition @ATT scarf! #SoccerEverywhere https://t.co/OPC4O9m7gT,2046014,ATT,Tue Oct 03 17:48:45 +0000 2017,@362958 @82258 @213027 Congratulations! You have been selected to win a @167571 scarf! Please follow and DM us your email address,
2046093,605108,Wed Oct 04 21:50:03 +0000 2017,@117735 @ATT @11409 I'm so sick of this game.I'm moving out of my apt. That is why I'm cancelling. You guys do not have respect for ur customer,2046092,ATT,Wed Oct 04 21:58:00 +0000 2017,@605108 We apologize for what you've experience. We hope your move goes well. Cancel services with this number: 1-800-531-5000. ^Dmya https://t.co/7m6RT3Hk4n,
2048983,605965,Wed Oct 18 22:24:58 +0000 2017,@117830 @10136 @att @117735 scamming elderly people,2048982,ATT,Wed Oct 18 22:42:01 +0000 2017,@605965 Hi Dominique! We're here to help resolve your billing concern! DM us your account number so we can get started! Lets talk! ^DanaS,
2050695,606442,Wed Oct 18 23:30:01 +0000 2017,@TMobileHelp Ugh..AT&amp;T is holding my old phones hostage.  Who I can call to get them paid off?  @ATT is no help.,2050696,ATT,Wed Oct 18 23:36:35 +0000 2017,@606442 Thanks for reaching out to us today! We are here to help. DM us details about whats going on so we can help you out! ^TomJ,
2061435,609669,Thu Nov 02 22:58:53 +0000 2017,Been in Portland for 3 months and have yet to go to a Timbers game.. I need to get out to Providence Park!!⚽️,2061434,ATT,Fri Nov 03 16:42:13 +0000 2017,"@609669 @609669 that would be unreal! We love your soccer and passion, follow &amp; DM us, we may have something for you! #SoccerEverywhere",
2061437,298856,Fri Nov 03 00:06:56 +0000 2017,"@123633 Defend our home, Timbers! #GoTimbers #WeGotThis",2061436,ATT,Fri Nov 03 16:41:34 +0000 2017,"@298856 @298856 you're a true fan! We love your soccer passion, follow &amp; DM us, we may have something for you! #SoccerEverywhere",
2061440,609670,Fri Nov 03 11:50:16 +0000 2017,"@ATT in Nanuet,NY can y’all save me a iPhone X 256 GB, won’t be there till 4pm thanks 😅",2061439,ATT,Fri Nov 03 16:09:34 +0000 2017,@609670 Hi Sydney - we'd recommend you call the store directly to check on availability.,
207275,165038,Thu Oct 12 16:01:35 +0000 2017,@ATT @117830 @127550 shooketh!,207274,ATT,Thu Oct 12 17:41:10 +0000 2017,"@165038 @117830 @127550 WE KNOW IT, EMILY! #TaylorSwiftNOW https://t.co/EMNpNXECA6",
207281,311765,Thu Oct 12 16:03:50 +0000 2017,@ATT @117830 @127550 is there any way for me to watch this if I live in a country that doesn't have at&amp;t ?,804676,ATT,Thu Oct 12 16:52:39 +0000 2017,"@311765 @117830 @127550 Hi Reda. At this time, #TaylorSwiftNOW is not available internationally.",804677
207283,311470,Thu Oct 12 16:01:05 +0000 2017,@ATT @117830 @127550 We’re waiting @22394 #taylorswiftnow https://t.co/Vh6jofAS8X,803458,ATT,Thu Oct 12 16:43:38 +0000 2017,"@311470 @117830 @127550 @22394 Wait no further, Courtney! Check it out on #TaylorSwiftNOW",
207286,313176,Thu Oct 12 17:42:14 +0000 2017,@ATT @117830 @127550 I can’t wait to watch it!!!!,810726,ATT,Thu Oct 12 18:58:32 +0000 2017,"@313176 When you're ready, Maggie! #TaylorSwiftNow is available now! 🙌😻",
207289,315175,Thu Oct 12 19:10:01 +0000 2017,@ATT @117830 @127550 I'm so excited to watch it!,819338,ATT,Thu Oct 12 21:41:43 +0000 2017,@315175 We can't wait to hear what you think! https://t.co/CVcuAtS4mu,
207292,165039,Thu Oct 12 16:54:07 +0000 2017,Dear @ATT you and your employees are the absolute worst.,207291,ATT,Thu Oct 12 17:17:00 +0000 2017,@165039 Yikes! This is definitely not what we like to hear. Please send us a DM for further assistance thanks. ^Kj,
2088131,617400,Wed Nov 08 04:13:40 +0000 2017,@ATT It won’t let me DM you,2088128,ATT,Wed Nov 08 04:38:53 +0000 2017,@617400 In order to DM us you would have to first follow our social media account. ^JaCS,"2088129,2088130"
2088133,617400,Wed Nov 08 02:51:47 +0000 2017,@ATT hey if y’alls internet could stop cutting out that would be excellent. I don’t pay to watch blinking lights all day.,2088132,ATT,Wed Nov 08 04:11:29 +0000 2017,@617400 Hey! We're sorry to hear you're having trouble with your internet. DM us details on what you're experiencing. We await your reply! ^JaCS,2088131
2088135,533133,Wed Nov 08 02:43:48 +0000 2017,"@AppleSupport

I️ know I️ didn’t just pay full price @ATT to “upgrade” to an $800+ brand new iPhone that glitches. 

Unacceptable.",2088134,ATT,Wed Nov 08 03:17:57 +0000 2017,@533133 Thank you for reaching out to us Maggie! We're sorry to hear that! Please direct messanger your account number so we can help you better,
2088138,617401,Tue Nov 07 23:57:16 +0000 2017,@617402 @ATT It's ridiculous to drive &amp; read your phone!,2088136,ATT,Wed Nov 08 02:24:00 +0000 2017,"@617401 No text is worth a life, have you taken the pledge yet? Do it here: https://t.co/bDDXrjwLXs",2088137
2088482,179300,Wed Nov 08 01:37:51 +0000 2017,"After an hour and a half and being transferred over FIVE TIMES, @ATT has not come up with a solution and they won't let me close my account.",2088481,ATT,Wed Nov 08 01:51:38 +0000 2017,"@179300 Hi, Joanna. We'd hate to see you go. This is your wireless, yes? Could you DM us your wireless number? We're here to help. ^JamesV",
2088484,617403,Wed Nov 08 00:33:15 +0000 2017,Hey Curtis I am frustrated that @ATT didn’t follow through and charged me a late fee.  The issue isn’t needing directions on how to do it.  Good customer service listens to the customer @117735 https://t.co/bha2DoglOT,2088483,ATT,Wed Nov 08 01:08:30 +0000 2017,"@617403 The fees are on your wireless, yes, Joseph? Could you DM us the wireless number so we can investigate and clear this up? ^JamesV",
2088486,534010,Wed Nov 08 00:18:09 +0000 2017,@ATT I can’t dm you if you don’t follow me,2088485,ATT,Wed Nov 08 00:27:33 +0000 2017,"@534010 As long as you are following us, we will be able to DM
^Dianna",
2088488,564015,Tue Nov 07 20:33:32 +0000 2017,These just came in the mail. Special thanks to @225694  @ATT @617404 @617405 for these framed artworks #PowerOfSocialMedia https://t.co/DGQ1eBsw0k,2088487,ATT,Tue Nov 07 21:47:57 +0000 2017,@564015 They look so great! Enjoy 👍👍,
2088492,603015,Tue Nov 07 20:21:25 +0000 2017,@617406 @ATT Then the lady on the phone wasn’t even gonna tell me my bill now is a second year rate then it goes up again! I had to ask!,2088491,ATT,Tue Nov 07 21:10:27 +0000 2017,@603015 Hello! We'd love to help with your billing issues here. DM details to assist your concern. We await your response. We're here for you! ^NdyE,
2088496,617407,Thu Nov 02 01:35:10 +0000 2017,@617408 @617409 @617410 @ATT I was a 1st line Engr mgr even had a 2nd Line promotion offer I wasn’t told about until it slipped out. Shame can’t trust Company HRs period,2088494,ATT,Tue Nov 07 20:22:45 +0000 2017,"@617407 Hello, we'd like to look into this. Would you mind sending us a DM with your contact information, please? (Name + phone number) Thanks!",2088495
2088502,617411,Tue Nov 07 19:09:21 +0000 2017,Wow @ATT is really getting on my bad side.... They were supposed to install DirectTV and internet but instead drove up then took off,2088501,ATT,Tue Nov 07 20:20:26 +0000 2017,@617411 Oh no! We apologize that your DirecTV and internet installation appointment did not go as planned. DM us with your order number. ^BrittB,
2088504,471006,Tue Nov 07 16:07:01 +0000 2017,@ATT @117735 Why is your customer service so horrible and why are your employees so rude? Why are you so overpriced? Not that you will respond because you are horrible!!!!,2088503,ATT,Tue Nov 07 19:38:01 +0000 2017,"@471006 Hi, Jason. We do care! Please DM your account details and some info on what's going on. We'd love to make this right for you. Thanks! ^AyaM",
2088506,617412,Tue Nov 07 18:03:39 +0000 2017,@ATT @69967 @118062 🍪🍪🍪🍪🍪🍪🍪🍪🍪🍪🍪🍪🍪,2088505,ATT,Tue Nov 07 19:35:52 +0000 2017,@617412 The Queen of 🐍 approves of your 🍪 selection. Indulge while you check out #TaylorSwiftNow: https://t.co/zh0Rd9AqIk,
2088509,328149,Sat Nov 04 20:44:24 +0000 2017,@ATT Prepare yourselves cuz im gonna have a LOT to say.,2088510,ATT,Wed Nov 08 17:33:49 +0000 2017,@328149 Hello Toni! Please follow and DM us if you would like assistance. ^Beth C.,
2088509,328149,Sat Nov 04 20:44:24 +0000 2017,@ATT Prepare yourselves cuz im gonna have a LOT to say.,2088508,ATT,Tue Nov 07 18:49:32 +0000 2017,@328149 Hi Toni! Please Follow and DM us if you're still in need of assistance! Have a great day! ^Beth C.,
2088513,328149,Tue Oct 31 20:53:31 +0000 2017,So here I am on the phone with @ATT AGAIN,2088511,ATT,Sat Nov 04 20:42:02 +0000 2017,@328149 Hi Toni! We will need you to follow us again to continue assisting you. We look forward to speaking with you! ^Beth C.,"2088509,2088512"
2088515,617413,Tue Nov 07 14:27:09 +0000 2017,@att epic fail on the tech support.  Both people I have spoken to in India are not familiar with the iPhone???,2088514,ATT,Tue Nov 07 14:30:35 +0000 2017,"@617413 Good morning, Chrissy! What seems to be going on in regards to knowing about the iPhone? DM us further details so we can help! ^OmarG",
2088518,617414,Tue Nov 07 13:52:04 +0000 2017,@117735 @ATT  40 min on the phone is unsat.. Wasted almost an hour of my morning just to verify my appointment. #serviceIdeserve #onhold https://t.co/V0KKWuRYqa,2088516,ATT,Tue Nov 07 14:08:52 +0000 2017,"@617414 Hey there, Cory! We don't want you to wait any longer! DM us with your account number so we can get the ball rolling on this! ^OmarG",2088517
2088520,617415,Tue Nov 07 12:32:57 +0000 2017,@ATT Can anyone solve my issue? I've been overcharged $300 in the last 3 months. #Att #TerribleService #RandomlyPricedBills #NotTheFirstTime,2088519,ATT,Tue Nov 07 12:41:58 +0000 2017,@617415 Please send us a private message so we can properly assist you with your billing inquiry thanks. ^Kj,
2088522,617416,Tue Nov 07 06:35:48 +0000 2017,"@219259 @ATT *into the ground, not group",2088521,ATT,Tue Nov 07 12:41:26 +0000 2017,@617416 Thanks for reaching out to our team about your concerns.Please DM us your account # so we can enhance your customer experience.^AlonzoW,
2088525,617417,Tue Nov 07 08:52:05 +0000 2017,Managed to get using #iPhoneX today @ATT @115890 campus...still to try main features in depth but underwhelmed ..and at this price!!!,2088524,ATT,Tue Nov 07 12:34:31 +0000 2017,@617417 Please follow up with us in a DM so we can properly assist you thanks. ^Kj,
2088528,441666,Tue Nov 07 04:36:41 +0000 2017,"S/O my dude @68958 from ATT! 
10 days until #JusticeLeague https://t.co/ROgfHvU7Ah",2088527,ATT,Tue Nov 07 04:47:53 +0000 2017,@441666 Are you nerding out as much as we are?! #JoinTheLeague https://t.co/m0u8OFAOb6,
2088530,617418,Mon Nov 06 23:21:49 +0000 2017,@ATT All I wanted to do was play COD,2088529,ATT,Tue Nov 07 00:35:31 +0000 2017,"@617418 We don't want you left hanging, Quinton! Follow us and send a DM containing your service address so you can get back to enjoying COD. ^LarL",
2088538,617419,Mon Nov 06 23:41:22 +0000 2017,@ATT  you are an atrocious company. My mom is in the hospital and the email on her account is literally __email__ THIS IS NOT FAIR,2088537,ATT,Tue Nov 07 00:00:07 +0000 2017,"@617419 Hey there. Thank you for reaching out to us in regards to your mom email. So we can assist, could you please DM us your account info.^LachS",
2088540,617420,Tue Oct 31 17:54:41 +0000 2017,@ATT @125607 Well neither have you guys updated your s8+ to latest security patches.,2088539,ATT,Mon Nov 06 23:23:01 +0000 2017,"@617420 We apologize, you stated you has a plus model. Find the update for your model with this link: https://t.co/jv9OZ2eeP4 We hope it helps!^KZ",
2088545,617423,Mon Nov 06 22:13:56 +0000 2017,"@ATT the staff at your store at  9310 S Eastern Ave., Las Vegas could use customer service upgrade. Condescending and aloof. #Switching",2088544,ATT,Mon Nov 06 22:29:27 +0000 2017,"@617423 That's not the experience we want our customers to have! Please DM us with more details so we can look into this, R.G. Thanks.",
2088548,365578,Mon Nov 06 21:11:22 +0000 2017,@617425 @ATT Same what's up with that,2088546,ATT,Mon Nov 06 21:14:28 +0000 2017,"@365578 Hey, Mikey! We'd love to what's going on with both your bill and your phone, can you send us a DM with more details? We want to help! ^JalG",2088547
2088552,617426,Mon Nov 06 20:30:04 +0000 2017,"@130643 If @117735 @att isn’t willing to help a customer of about 15 years who’s never made a late payment, I will need to look at new carriers.",2088551,ATT,Mon Nov 06 20:35:42 +0000 2017,@617426 We'd love to help you here on social media. Would you please DM us with your concerns so we can best assist you. Thanks. ^AndM,
2088556,617427,Mon Nov 06 17:12:40 +0000 2017,Looks like mine expirience with @att @117735 billed me for 160$ my story is more sad i paid(( https://t.co/WpDu6Aci6G via @119731,2088555,ATT,Mon Nov 06 17:27:47 +0000 2017,"@617427 Hey Andris! We are going to review your case to get this billing matter taken care of, your patience is highly appreciated. Thanks!  ^RazR",
2088558,617428,Tue Nov 07 21:36:01 +0000 2017,@ATT Hey @ATT - you told me to DM you and then disappeared?,2088560,ATT,Wed Nov 08 19:51:01 +0000 2017,"@617428 Hi! we'd really like to assist you, please DM us so we can help you. I'll be available until 5:00pm CST then on Friday. Thanks. SebastianB",
2088559,617428,Mon Nov 06 16:30:11 +0000 2017,"@ATT Had to hang up after 30 minutes when the second ""Customer Service Rep"" asked me what she could help me with. Cant use site-it's too slow.",2088557,ATT,Mon Nov 06 17:20:36 +0000 2017,"@617428 Hi Noahtannen! No worries, send us a DM with more details regarding your billing concern along with your account information. Thanks! ^RazR",2088558
2088563,617429,Mon Nov 06 03:36:42 +0000 2017,"Related: When I used to go to movies I got good signal with @115725 Now, with @att I get no service. Starting to regret the switch.",2088562,ATT,Mon Nov 06 16:09:52 +0000 2017,"@617429 Good morning, Chris. We do apologize for the delayed response. Are you still needing assistance? Pls DM us! ^BrianaB",
2088566,617430,Mon Nov 06 15:24:46 +0000 2017,@ATT I was told I could use my own equipment and didn't need the garbage 'gateway' device. Thanks for the lie.,2088564,ATT,Mon Nov 06 15:39:30 +0000 2017,@617430 We would love to turn your experiences around! Could you please DM us so we may better assist you with your concerns? ^BrandonM,2088565
2088570,617431,Mon Oct 30 14:40:31 +0000 2017,@ATT Just had amazing customer service at your Comstock store! Huge shoutout to Lisa - she made it an awesome experience!,2088569,ATT,Mon Nov 06 15:12:34 +0000 2017,"@617431 We love to hear that, Lane! We'll share your kudos with Lisa and the team. Thank you!",
2088572,617432,Mon Nov 06 11:15:05 +0000 2017,@ATT my accounts and asked to have them separated. I guess I'll hear from you when I can pay my bill! By then I hope to have found another,2088571,ATT,Mon Nov 06 12:56:00 +0000 2017,@617432 Hello Patricia!  We would love to assist you with separating your bundled accounts. Please provide us with your acct number. Thanks! ^ErinJ,
2088574,617433,Mon Nov 06 07:16:41 +0000 2017,@617434 @ATT I ordered on 10/27 at 10:10am ET and I still have in progress with the 11/2-11/10 date spread....very frustrating,2088573,ATT,Mon Nov 06 12:30:34 +0000 2017,@617433 Please bear with us!  We are shipping orders as fast as we can. Check here: https://t.co/7fGSMOOPfZ to get latest DM us for help. ^PegN,
2088579,617435,Sun Nov 05 23:43:33 +0000 2017,Was at @ATT store and look who I see. #justiceleague https://t.co/wl9FKKB4NV,2088578,ATT,Mon Nov 06 03:19:27 +0000 2017,@617435 Who’s your favorite hero? #Batman #WonderWoman #TheFlash #Aquaman #Cyborg  #JoinTheLeague https://t.co/m0u8OFAOb6,
2088582,617436,Mon Nov 06 00:45:25 +0000 2017,@ATT i somewhat got the issue resolved,2088581,ATT,Mon Nov 06 01:25:01 +0000 2017,"@617436 Thank you for reaching back out! If you are needing further assistance, please do not hesitate to DM us. We're always here for you! ^AyaM",
2088586,617437,Mon Nov 06 00:36:38 +0000 2017,@ATT I don’t know what DM is? Could you please elaborate?,2088585,ATT,Mon Nov 06 00:39:08 +0000 2017,@617437 Please send us a direct message! @117735  ^RiAnnB,
2088588,617437,Sun Nov 05 19:40:26 +0000 2017,@119511 I up my acc to unlimited at @ATT and bought all new gear and 2 year contract and left with no Service! They give you less cell tower! #NOATT,2088587,ATT,Mon Nov 06 00:31:29 +0000 2017,@617437 Hi Ian! We would love to help you with your service and billing issues. Please DM us with your wireless number so we can assist you! ^RiAnnB,2088586
2088596,617438,Sun Nov 05 23:06:00 +0000 2017,@ATT They tell you that with DirecTV Now you’ll be able to watch live @143798 games on ALL your mobile devices but you can’t. https://t.co/dOE7v3w2Jm,2088594,ATT,Sun Nov 05 23:14:00 +0000 2017,"@617438 Hi, please chat in using this help link    https://t.co/p2Ca6OxyEN",2088595
2088600,617439,Sun Nov 05 21:40:47 +0000 2017,@617440 @ATT  https://t.co/qFXsJmE7Xt,2088599,ATT,Sun Nov 05 22:01:19 +0000 2017,"@617439 We'd love to help, please DM us your service type and account number and we can look into this for you. ^AndM",
2088606,516995,Sun Nov 05 17:48:12 +0000 2017,$300 trade in credit for the iPhone X through @att if I️ turn in my 7+ 👀👀👀,2088605,ATT,Sun Nov 05 18:45:54 +0000 2017,@516995 Thanks for reaching out to us about upgrading your device. Please DM us for further assistance! ^ArlaF.,
2088609,135211,Sun Oct 29 20:43:32 +0000 2017,@ATT #uverse #internet sucks. #burbank,2088608,ATT,Sun Nov 05 17:35:01 +0000 2017,"@135211 Yikes, Maria! We don't like hearing that from anyone.  What seems to be going on? Send us a DM so we can look into this for you! ^OG",
2088612,617441,Sun Nov 05 17:19:21 +0000 2017,"@117830 @ATT As if yesterday's nightmare w/your ""tech support"" wasn't bad enough - 4 ppl/3 hrs on phone -now I suddenly have SHO channels?!",2088610,ATT,Sun Nov 05 17:31:38 +0000 2017,"@617441 Hi, Denise! Thanks for reaching out to us about your premium channels. Please DM us for further assistance. ^ArlaF.",2088611
2088614,485017,Sun Nov 05 15:52:55 +0000 2017,@ATT Looking for home internet and cable services for a reasonable cost. @115955 recently bought brighthouse and immediately raised prices,2088613,ATT,Sun Nov 05 16:14:02 +0000 2017,"@485017 Good morning, Nashad! Need help getting our best plan for the best prices? DM us so we can help! ^OmarG",
2088619,617443,Sun Nov 05 01:50:00 +0000 2017,@ATT what about customers who have been around for over a decade??,2088618,ATT,Sun Nov 05 02:48:27 +0000 2017,"@617443 Hi, Peg. We don't want you feeling ignored. We value you and we are here to help. Can you DM us details regarding your device issue? ^WaleA",
2088621,617444,Sun Nov 05 01:30:15 +0000 2017,@10136 @ATT can one of you tell me why I have to wait 7 days for a technician? You get my money on time but I don't get service on time?!,2088620,ATT,Sun Nov 05 01:37:27 +0000 2017,"@617444 We are here to help, Heather. We'd be happy to look into getting you a sooner tech appointment. DM us more details for assistance. ^RenaB",
2088624,617445,Sat Nov 04 23:55:21 +0000 2017,"@ATT No matters how tech do You have in  USA, the problem is in mexico, we cannot pay usign CC, app and web. Can you imagine this?",2088623,ATT,Sun Nov 05 01:16:00 +0000 2017,"@617445 Hi, Milton. To best serve you, please contact us at +1-314-925-6925. We appreciate your patience! ^VeneM",
2088627,349016,Sat Nov 04 23:53:42 +0000 2017,@617446 @117735 Good luck @65036. My landline was down for more than two months. @ATT will not even admit this happened. #fraud,2088625,ATT,Sun Nov 05 00:59:00 +0000 2017,@349016 We want to turn things around for you. Can you please DM us more information so we can further assist you?^PeyL,2088626
2088633,617447,Sat Nov 04 23:22:18 +0000 2017,"@ATT Tell me @ATT, what’s the point in dealing with a company who doesn’t care AT ALL when I’m not even receiving the service I’m paying you for?",2088631,ATT,Sun Nov 05 00:57:03 +0000 2017,"@617447 Katherine, we know how important it is to have service. DM us your account number and service type you are receiving. Thanks! ^SierraM",2088632
2088638,617447,Sat Nov 04 21:59:23 +0000 2017,@ATT what a joke. Why have I called 15 times in 24 hrs? Maybe bc you keep hanging up and transferring me to unrelated depts. w/o telling me!,2088636,ATT,Sat Nov 04 22:24:52 +0000 2017,@617447 We're sorry you feel that you need to switch.Is there something we can do to help? We look forward to hearing back from you. Thanks ^Michr,"2088633,2088637"
2088641,617441,Sat Nov 04 22:55:46 +0000 2017,"@ATT Ever since you took over @117830, it has sucked! NO ONE KNOWS HOW TO FIX A SIMPLE PROBLEM!!! 3 HOURS ON PHONE WITH 3 TECHS. NOTHING",2088639,ATT,Sun Nov 05 00:39:57 +0000 2017,"@617441 We'd be more than happy to try and get your channels back, Denise! Please DM us with your phone number, and DTV account number! ^MikeM",2088640
2088643,617448,Sat Nov 04 22:02:24 +0000 2017,Why do I pay @ATT for my phone internet when I can’t get coverage...,2088642,ATT,Sat Nov 04 22:45:41 +0000 2017,"@617448 Garrett, we want you to love the service you pay for with us. Please DM us details of what you've been experiencing with your service. ^SY",
2088651,453567,Sat Nov 04 21:15:28 +0000 2017,@ATT care to explain why you STOLE $100 from my account without my consent? You blame sales rep from @117830 but they never informed me!,2088650,ATT,Sat Nov 04 21:54:32 +0000 2017,"@453567 Hello Angel, thank you for replying back. If you can direct message us your DirecTV account number, we can further assist. Thanks. ^MonF",
2088653,289386,Sat Nov 04 21:26:51 +0000 2017,"Welp, no iPhone X for me.
Seems my @ATT rep was mistaken - sending me to an Apple Store to upgrade a business line, which they can’t do.",2088652,ATT,Sat Nov 04 21:35:30 +0000 2017,"@289386 Hey Ryan, we're sorry to hear you were unable to upgrade to a new device. Send us a DM with more details, we're eager to help! ^NiaB",
2088659,453567,Sat Nov 04 21:02:07 +0000 2017,Wow! @ATT STOLE $100 from my checking account without my authorization. Then they hang up on me when I'm trying to resolve it. #thieves,2088658,ATT,Sat Nov 04 21:13:31 +0000 2017,"@453567 Hello Angel, thank you for reaching-out to us. We have read you are being charged $100 from your checking account. DM us details. ^MonF",
2088662,617449,Sat Nov 04 20:32:00 +0000 2017,@115946 I'm done. @ATT what deals do you have. Please take me back.,2088660,ATT,Sat Nov 04 20:48:35 +0000 2017,"@617449 Hey, Troy. We understand you'd like to join the family, and we'd be more than happy to help you. DM us so we can find a great deal for you!",2088661
2088664,617450,Sat Oct 28 21:14:03 +0000 2017,@ATT why am I constantly being hit with surprise fees &amp; unauthorized changes to my plan?????!!!!!,2088663,ATT,Sat Nov 04 17:53:27 +0000 2017,"@617450 Hey, Kevina! We don't want you to feel like you're being hit with unnecessary charges, can you seem us a DM with more details? Thanks!^JalG",
2088667,617451,Sat Nov 04 16:46:06 +0000 2017,@ATT why is your Uverse so bad? I have already had a technician come out and now my tv won’t work at all... great day not to watch football.,2088665,ATT,Sat Nov 04 17:06:28 +0000 2017,"@617451 Hey there, Erich. That's not how we want you to feel about your service, we want you to be able to enjoy your games, please DM us! ^GarW",2088666
2088670,461000,Sat Nov 04 14:56:03 +0000 2017,@ATT too late,2088669,ATT,Sat Nov 04 14:59:27 +0000 2017,@461000 AT&amp;T is here for you! Allow us to assist billing issues. Please DM us your account and details to begin. AT&amp;T is here for you! ^ToyaL,
2088672,461000,Sat Nov 04 14:46:34 +0000 2017,@att I’ve paid y’all 418.00 within the last two weeks,2088671,ATT,Sat Nov 04 14:50:30 +0000 2017,@461000 Hi! Let us assist you with AT&amp;T payments inquires. Please DM us your account and detail info to begin. We love to help! ^ToyaL,2088670
2088674,617453,Sat Nov 04 14:03:46 +0000 2017,Only a brilliant company like @ATT would offer support via DM and keep their DMs closed.  Maybe @115725 cares about the fact that none of their texts go through to this AT&amp;T customer? #timetoswitch,2088673,ATT,Sat Nov 04 14:18:01 +0000 2017,@617453 We want to keep you as a https://t.co/za6D823iGC we assist our customers via Social Media. DM using this link https://t.co/xvqHcclIkC.^ErinJ,
2088676,360444,Sat Nov 04 13:14:05 +0000 2017,"@ATT As soon as alternative come up, I’m shopping my svc after 10 years. Guess you knew no one would activate watch if honest &amp; said $18/mo",2088675,ATT,Sat Nov 04 13:54:29 +0000 2017,@360444 Thanks for taking the time to write us. We want to help with this! Can you DM us your account number so we can further assist you. ^NicJ,
2088679,617454,Sat Nov 04 13:25:45 +0000 2017,"The one day I'm actually home and wanted to catch up on @19516, @ATT On Demand is not working. #ofcourse 😩😭",2088677,ATT,Sat Nov 04 13:29:30 +0000 2017,"@617454 Hi,Chelsea! We are sadden to hear you missed your show! Could you DM us your account number? We would love to help!^RonH",2088678
2088681,617455,Sat Nov 04 09:53:28 +0000 2017,Between @ATT @117735 and @81 @134682 idk who failed worse. Thanks for costing me more money and stress. #DayRuined #WhatHappenedToCS,2088680,ATT,Sat Nov 04 13:25:26 +0000 2017,"@617455 Oh no, Jade. We never want to fail our family &amp; we would love to turn this around for you. Send a DM letting us know how we can help! ^AriO",
2088684,617453,Sat Nov 04 02:33:37 +0000 2017,@ATT @117735 Further evidence of high quality service from @ATT - when your call with customer service drops three times because you apparently don't have a consistent signal standing in your kitchen.  Where are my texts? @117735 #timetoswitch,2088682,ATT,Sat Nov 04 04:57:32 +0000 2017,"@617453 Hi, Lauren! We'd love to help you here. Could you fill us in on the situation through a DM? We're here to help. ^JamesV",2088683
2088687,617456,Fri Nov 03 18:36:58 +0000 2017,Shout out to @ATT for getting me my iPhone x early this morning! Love this thing so far,2088686,ATT,Sat Nov 04 03:48:30 +0000 2017,@617456 Hey Chris- we're so glad you love your new device! ❤️,
2088689,295925,Sat Nov 04 00:24:21 +0000 2017,@ATT Thank you! I have spoken with Jessica already and you might have a fresh customer come Monday 😊,2088688,ATT,Sat Nov 04 02:40:35 +0000 2017,@295925 Awesome! Were always here with open arms to welcome new customers to the AT&amp;T family. The social media team is always on standby! ^ TierraS,
2088691,295925,Sat Nov 04 00:04:33 +0000 2017,@67434 None at all!  So no discount for the last 3 years even though my employer offers it 🙄 @att or @115714 might have a new customer come Monday,2088690,ATT,Sat Nov 04 00:20:00 +0000 2017,@295925 we'd love to have you.check out or awesome data plans and phones. https://t.co/P6aCOXm604  ^Ariane.J,2088689
2088694,617457,Sat Nov 04 00:08:37 +0000 2017,@ATT thanks for the daily internet outages. Usually they’re just annoying but today it was out for a half hour💁🏼,2088693,ATT,Sat Nov 04 01:47:00 +0000 2017,"@617457 Oh no, Aly! We hate to hear your internet isn't working properly! Would you please DM us with more information so we can assist you? ^AC",
2088696,617458,Sat Nov 04 01:29:07 +0000 2017,@ATT including when a rep gives u incorrect information and proof of the conversation is needed for a store manager to override ur account,2088695,ATT,Sat Nov 04 01:43:26 +0000 2017,"@617458 Heyo, we appreciate the feedback! We're always looking for ways to improve our customer service. Let us know if you need any help! ^AdiS https://t.co/7m6RT3Hk4n",
2088698,617459,Sat Nov 04 00:57:39 +0000 2017,@ATT Please help.  I did not receive my iPhone X order today.  22-__credit_card__. Can someone please look ... https://t.co/f6L7TgkqdU,2088697,ATT,Sat Nov 04 01:38:25 +0000 2017,@617459 @617459 We're here for you! We have your order information &amp; will be in contact with you shortly! Please DM us more details. ^BriT,
2088700,617460,Fri Nov 03 16:42:34 +0000 2017,I’m so glad I️ preordered #iPhoneX online Thanks @ATT  &amp; #DabwithRagab https://t.co/pbxvss5HFc,2088699,ATT,Sat Nov 04 01:35:30 +0000 2017,"@617460 @617461 @617462 @617463 It was great to see you today, Rosanna - we hope you love your new device!",
2088703,362331,Sat Nov 04 01:12:04 +0000 2017,"@ATT Hi TMJo, I have my order number... just the website is saying the same expected shipping range for the past 5+ days! Any advice?",2088701,ATT,Sat Nov 04 01:33:52 +0000 2017,"@362331 Hey Bob, we can understand the anticipation of getting you new iPhone X. Have you received the tracking number yet? ^TiffH",2088702
2088705,362331,Fri Nov 03 20:28:33 +0000 2017,@ATT Ordered my iPhone X when preorders went live. Still says shipping ranging from Nov 2 to Nov 10. Help! Need status!,2088704,ATT,Fri Nov 03 22:42:01 +0000 2017,"@362331 HI! Booby, we're glad you were able to preorder your Iphone X. Do you have your order number? Check order here https://t.co/gbx9hGXl4a ^TMJo",2088703
2088707,349016,Fri Nov 03 23:06:49 +0000 2017,69 days without service. @ATT claimed to have no record of it but offered me a $30 credit. Nope. Then a $60 credit. Not good enough. #fraud,2088706,ATT,Fri Nov 03 23:22:52 +0000 2017,"@349016 Hi there Cosette. We understand how frustrating not being given the bill adjustment you were promised might be, please DM us for help! ^GarW",
2088711,617465,Sat Oct 28 15:10:09 +0000 2017,"@ATT hi there, how can i send a positive review for an in-store rep? is there a site where i can share positive feedback with the store manager?",2088710,ATT,Fri Nov 03 22:10:33 +0000 2017,"@617465 Hi Rio! You can send us a DM with the person's name and the store's location, or you can find that store's page on Facebook and comment!",
2088713,617466,Fri Nov 03 20:16:45 +0000 2017,@ATT thanks for screwing the pooch on iPhone X activation...so nice to have this great new phone only to be let down by my carrier #fail,2088712,ATT,Fri Nov 03 21:34:34 +0000 2017,"@617466 Hi Doug! We know you want to activate your device, so can you try again and see if it works now? Let us know in a DM please! ^AdiS",
2088722,617468,Fri Nov 03 21:13:20 +0000 2017,Annoyed that @117735 @ATT didn’t show again for an installation at our house. My wife missed work to stay home for it.,2088720,ATT,Fri Nov 03 21:16:30 +0000 2017,"@617468 Hello, Doug, allow us the opportunity to look into getting you an instillation appointment. DM us details! We are eager to assist. ^MakH",2088721
2096988,619475,Sun Nov 26 03:59:39 +0000 2017,"3.25 hours later, we now have an iPhone 8 Plus. Tbh, the wait was not worth it but I had already invested so much time and wanted to finish my bag of takis @84005 @116062 @ATT #waitingforaniphone",2096987,ATT,Sun Nov 26 12:34:24 +0000 2017,@619475 Hello Stephenie! Thank you for reaching out to us. We're happy to hear you were able to get your new wireless device activated. Let us know if any future assistance is needed. We are a click away! ^ErinJ,
2105040,418286,Thu Oct 19 02:08:38 +0000 2017,@ATT  so tired of paying a premium for all of your services and getting Cricket service,2105039,ATT,Thu Oct 19 03:48:34 +0000 2017,"@418286 Hi, Joyce! It breaks our hearts you aren't happy with our service. We'd love to help. Please DM us what's going on. ^MarkaylaE",
2114591,623438,Thu Oct 19 03:14:54 +0000 2017,"Don't buy it. It's a scam, just like @126768 residential. Terrible coverage. Terrible service. Dishonest representatives. @117735 @ATT 👎 https://t.co/w8nwKpiQTl",2114590,ATT,Thu Oct 19 04:57:13 +0000 2017,@623438 Thank you for reaching out to us! If you could DM your account number we would love to help you! We await your response! ^RiRi,
2122182,625227,Thu Oct 19 05:34:57 +0000 2017,@ATT bill keeps increasing. now tried to upgrade online &amp; its not user friendly. Keeps saying i have to pay in full! Why? CONTRACT FULFILLED,2122180,ATT,Thu Oct 19 05:42:03 +0000 2017,"@625227 Hi, Crystallina! We know how frustrating this must be. May you please DM us with more details? We'd love to assist! ^MarkaylaE",2122181
212945,166531,Mon Oct 02 21:45:16 +0000 2017,"Thanks to @117830 for keeping your promise to install my services. 📺Unfortunately @ATT failed today, failed a new customer, too. 💻",212944,ATT,Mon Oct 02 22:01:00 +0000 2017,"@166531 That's not what we like to hear, Jennifer! We want to turn that fail into a win! Please DM us with details, so we can help! ^MikeM",
212947,166532,Mon Oct 02 21:21:33 +0000 2017,@ATT @117735 You are by far the absolute worst company when it comes to customer service.Your ‘loyalty’ department should change its name.,212946,ATT,Mon Oct 02 21:50:58 +0000 2017,"@166532 Let us get this experienced turned around for you, Ciara! DM us details of your concern, we're here for you! ^PrisC",
212949,166533,Mon Oct 02 20:21:31 +0000 2017,It's appalling that companies like @1625 and @ATT can charge ridiculous rates for internet once there promotions are done.,212948,ATT,Mon Oct 02 20:39:35 +0000 2017,"@166533 Hello Michel, we are here to help you get the best possible value. Please DM your service and your account number? ^RickeyY",
212951,166534,Mon Oct 02 19:38:17 +0000 2017,@ATT working on big island. No word on what they are doing for #Vieques and #Culebra. https://t.co/m3RcbDXuZT,212950,ATT,Mon Oct 02 20:20:32 +0000 2017,"@166534 Hi, Carlos. Please remain patient with us, as we are working, towards restoring your services. We are here for you. ^TesiaT",
212953,166535,Mon Oct 02 19:56:42 +0000 2017,@ATT my momma pays for unlimited data so don’t text me bout no data . Thx,212952,ATT,Mon Oct 02 20:11:49 +0000 2017,"@166535 Let us know if you need our assistance with your data concerns, Tayla, we're here for you! ^PrisC",
212955,166536,Mon Oct 02 16:59:25 +0000 2017,No phone/Internet in office. @ATT  why can't I get straight answer for why you can't send somebody to connect phone internet @ new office.,212954,ATT,Mon Oct 02 18:35:00 +0000 2017,@166536 Hi Pablo! Can you DM us your acct # and what service you have with us so we can look further into this? We want to help! ^ WillP,
212957,166537,Mon Oct 02 18:12:45 +0000 2017,@ATT Can you just deliver what I am supposed to be getting now? Daily outages are my norm.,212956,ATT,Mon Oct 02 18:25:01 +0000 2017,"@166537 Hi, Ray, allow us to give you the service you deserve! Please DM us with more information about what you will need! ^KalinaE",
212959,167562,Wed Oct 04 18:21:40 +0000 2017,@ATT Why do you advertise to me when it's not in my area.,216545,ATT,Wed Oct 04 19:42:30 +0000 2017,"@167562 Thanks for reaching out to us in regards to our advertisement for your area. Please 
DM us for further assistance. ^ArlaF.",
2131976,627410,Wed Nov 08 19:14:07 +0000 2017,@att @115725 @115714 @115911 @126302 - I’m in the market. Make me a deal.,2131977,ATT,Wed Nov 08 19:29:35 +0000 2017,"@627410 Hi, https://t.co/b2fzzvIr48 to help you and have you as an AT&amp;T member.Check our deals https://t.co/ekr4mfFjhZ DM us back for support!^MikeG",
214172,166865,Wed Oct 04 23:46:40 +0000 2017,"@ATT @117735 I just want you dudes to know that a really awesome rep took my call and helped me out a bunch, so thanks a bunch!😄💖",214171,ATT,Thu Oct 05 00:10:41 +0000 2017,"@166865 Awesome, Di! We appreciate your feedback, &amp; we're happy to hear your experience was joyful. We're always here to help! ^KeeD",
2155572,632165,Thu Nov 09 01:10:27 +0000 2017,@ATT I had forgotten how bad your service is.,2155570,ATT,Thu Nov 09 01:40:00 +0000 2017,@632165 Are you experiencing poor service in your home or out and about? DM us your contact number so we can help! Eager for your reply! ^TinaT https://t.co/7m6RT3Hk4n,2155571
2155574,632165,Wed Nov 08 23:46:35 +0000 2017,@633293 @ATT @116525 Send drones @ATT to South Arlington Tex’s. Like old days when mobile started. Yes on new iPhone not the issue.,2155573,ATT,Thu Nov 09 00:10:01 +0000 2017,@632165 Hi John! Troubleshoot your device: https://t.co/M8WhgJx9mw . Let us know if this works! If not send us your phone number in a DM! ^TinaT,2155572
2155576,597125,Thu Nov 16 00:58:12 +0000 2017,@ATT Anytime tomorrow works thank you,2155577,ATT,Thu Nov 16 17:01:50 +0000 2017,"@597125 Excellent could you please send us a direct message to better assists you?
^Maria A. Social Media Team",
2155576,597125,Thu Nov 16 00:58:12 +0000 2017,@ATT Anytime tomorrow works thank you,2155578,ATT,Thu Nov 16 23:09:29 +0000 2017,"@597125 Thank you very much for taking my call today, Just to recap we added the unlimited data plan on the account and applied  a courtesy credit. 
We really appreciate your business and I'm glad we were able to get you all taken care of!
^Maria A. Social Media Team",
2155576,597125,Thu Nov 16 00:58:12 +0000 2017,@ATT Anytime tomorrow works thank you,2155579,ATT,Thu Nov 16 22:52:27 +0000 2017,"@597125 Smellenellen I'll contact you shortly to discuss your inquiry. Thank you for allowing us to help. 
^Maria A. Social Media Team",
2155581,633294,Wed Nov 08 23:15:37 +0000 2017,"Dear @ATT your internet installation has been pushed back yet again! When you confirm a date in an email you think you'd get service that day at the time indicated, but no! Can't get a tech out here for another week! Why bother at this point",2155580,ATT,Wed Nov 08 23:33:57 +0000 2017,"@633294 Tremaglio, we can help with the rescheduling of your installation appointment here! Kindly reach back out to us in a DM with more details.",
2155586,633296,Wed Nov 08 22:05:45 +0000 2017,OK this AT&amp;T insider for the making of Gorgeous shows how incredibly talented @118062 like fangirling over here it’s cool I’ll be fine,2155585,ATT,Wed Nov 08 23:14:29 +0000 2017,"@633296 Would you say she's TAY-mazing?😉 We're glad you're enjoying, Liz!",
2155588,144338,Thu Nov 02 16:29:50 +0000 2017,@ATT Who do I contact to report possible system vulnerability within your billing/FAN system or possible #fraud in Government/Business dept?,2155587,ATT,Wed Nov 08 22:45:00 +0000 2017,"@144338 Josh, please send us a DM with more information so we can look into this. Thank you. - Brandon S.",
2155590,633297,Tue Oct 31 22:16:35 +0000 2017,"After speakin to transphobic @ATT about their transphobic refusal of service 8 times, they ask what I do for work; I teach about transphobia",2155589,ATT,Wed Nov 08 21:54:01 +0000 2017,@633297 We want to help get to the bottom of this. Can you please send us a DM with your contact info and account number so we can look into this?,
2155592,633298,Wed Nov 08 21:08:27 +0000 2017,"@ATT Thanks for getting back to me! I can't DM you because you guys don't follow me. if you could Follow me real quick, i can send you guys the conf number and my cell #. Thank you AlinaW!",2155591,ATT,Wed Nov 08 21:21:00 +0000 2017,"@633298 At&amp;t twitter is only for contacting our valued customers. Sadly I can't follow you, BUT you can follow us and DM me @117735! ^AlinaW",
2155594,633298,Tue Nov 07 17:19:24 +0000 2017,"Hey @ATT, Any idea on when I’ll be receiving my #IPhoneX? My order has been processing for few days now.",2155593,ATT,Wed Nov 08 20:45:00 +0000 2017,"@633298 Hey Jarrett! We'd be happy to check on your iPhone X order. Please DM me your phone, and order number and we will check it out! ^AlinaW",2155592
2155599,633300,Tue Nov 07 16:27:46 +0000 2017,I wish the USMNT had that 2nd friendly because there's 21 players and only 90 minutes to go around. Won't get many minutes to watch guys,2155598,ATT,Wed Nov 08 20:28:17 +0000 2017,"@633300 There's a lot to look for moving forward! We love your soccer passion, follow &amp; DM us we have something for you! #SoccerEverywhere",
2155601,214682,Tue Nov 07 19:18:23 +0000 2017,"I hope we haven't seen the last of Cameron's talent &amp; will to win on the USMNT.
https://t.co/EFtGNIfeCW",2155600,ATT,Wed Nov 08 20:27:49 +0000 2017,"@214682 He's an incredible player! We love your soccer passion, follow &amp; DM us, we have something for you. #SoccerEverywhere",
2155603,633301,Wed Nov 08 03:28:44 +0000 2017,"The ACTUAL first openly gay male athlete in the US is retiring (again). Robbie Roberts was never credited for his courage even though he played for the USMNT &amp; still chose to come out &amp; live his truth in the face of hatred.

https://t.co/1isdnRq3TT",2155602,ATT,Wed Nov 08 20:27:16 +0000 2017,"@633301 He was very brave! We love your passion! Follow and DM us, we have something for you. #SoccerEverywhere",
2155605,633302,Wed Nov 08 06:46:05 +0000 2017,@85434 @633303 Time for new leadership of the #USMNT @167571 so ur boy @633303 is throwing his hat in the ring for el presidente,2155604,ATT,Wed Nov 08 20:26:30 +0000 2017,"@633302 We love your soccer passion! Follow and DM us, we have something for you! #SoccerEverywhere",
2155608,633304,Mon Nov 06 02:54:47 +0000 2017,Gooooooooo Dynamo!! #HOUvPOR #PORvHOU #HoustonStrong #ForHoustonForever #ForeverOrange #MLSCupPlayoffs,2155607,ATT,Wed Nov 08 20:25:26 +0000 2017,"@633304 We love you soccer passion! Follow and DM us, we have something for you. #SoccerEverywhere",
2155610,173439,Mon Nov 06 01:45:12 +0000 2017,Houston at Columbus for MLS Cup. The matchup we deserve.,2155609,ATT,Wed Nov 08 20:24:55 +0000 2017,"@173439 That would certainly be fun! We love you soccer passion. Follow and DM us, we have something for you. #SoccerEverywhere",
2155613,321359,Mon Nov 06 01:59:55 +0000 2017,Rode the Astros wave and they won so I’m gonna ride the Dynamo wave now let’s go Brian Ching!!!! #ForeverOrange https://t.co/1ViaBKrYSv,2155611,ATT,Wed Nov 08 20:24:22 +0000 2017,"@321359 We love you soccer passion! Follow and DM us, we have something for you. #SoccerEverywhere",2155612
2155615,633305,Wed Nov 08 19:21:16 +0000 2017,@633306 @ATT Lies lies lies lies lies lies lies lies lies lies lies lies lies lies lies lies lies &amp; how do we pay for it?  The middle class that’s who! Look it up! Lies lies lies lies lies lies lies  lies lies lies lies lies lies lies lies lies lies lies lies lies lies lies lies lies lies lie,2155614,ATT,Wed Nov 08 19:28:00 +0000 2017,@633305 Hi!  Thanks for reaching out to us via Social Media.  How can we help you today?  We await your response with an eagerness to help!  ^TwaC,
2155620,633307,Wed Nov 08 18:20:54 +0000 2017,@633308 @1033 @ATT @85426 @186588 @1108 @124960 Y gracias @ATT,2155619,ATT,Wed Nov 08 18:27:00 +0000 2017,"@633307 @85426 Hola Gustavo. Queremos que tengas la mejor experiencia con nosotros, en que podemos ayudarte? ^NeceyJ",
2155620,633307,Wed Nov 08 18:20:54 +0000 2017,@633308 @1033 @ATT @85426 @186588 @1108 @124960 Y gracias @ATT,2155621,ATT,Mon Nov 13 19:21:32 +0000 2017,"@633307 Hola Gustavo, sería un placer poder asistirte con tus dudas y preocupaciones que puedas tener el día de hoy. Por favor, mandarnos un DM para poder obtener más información y poder ayudarte. ^RobertB",
2155620,633307,Wed Nov 08 18:20:54 +0000 2017,@633308 @1033 @ATT @85426 @186588 @1108 @124960 Y gracias @ATT,2155622,ATT,Tue Nov 14 18:18:28 +0000 2017,"@633307 Hola Gustavo, sería un gusto poder asistirte con tus dudas, para lograr los mejores resultado necesito ponerme en contacto contigo. Si me puedes mandar un DM con tu número de teléfono para conversar sobre la situación seria genial. ^RobertB",
2155620,633307,Wed Nov 08 18:20:54 +0000 2017,@633308 @1033 @ATT @85426 @186588 @1108 @124960 Y gracias @ATT,2155623,ATT,Sun Nov 12 20:48:28 +0000 2017,"@633307 @85426 Hola Gustavo, sería un placer poder asistirte con tus dudas y preocupaciones que puedas tener el día de hoy. Si pudieras mandarnos un DM (Direct Message o Mensaje Directo) para poder obtener más información sobre tu situación. ^RobertB",
2155626,138751,Thu Nov 02 12:48:08 +0000 2017,My data plan renewed in Nov 1 but @att @85427 has me still throttled back. @att is the 100% worst company on Earth.,2155625,ATT,Wed Nov 08 18:15:00 +0000 2017,"@138751 @85427 Hey, there! We don't want your data to be throttled if it reset. Please DM us more details and your account info. So we can help!^ADaD",
2155630,633310,Wed Nov 08 16:36:07 +0000 2017,@270446 @633311 Could you find someone who will tell us if the hack of those use YahooMail includes access ATT mail accounts?,2155629,ATT,Wed Nov 08 18:10:01 +0000 2017,@633310 Yes - they host our email account service for customers. We recommend that you change your password if you haven't already done so.,
2155632,633312,Thu Nov 02 15:23:17 +0000 2017,@ATT can expect a lawsuit coming their way for what they’ve done to me.,2155631,ATT,Wed Nov 08 18:07:30 +0000 2017,@633312 Hi Shawn - we'd like to address this asap. Can you direct message us with more information regarding your issue?,
2155634,633313,Wed Nov 08 17:13:34 +0000 2017,@ATT 2 months now of being lied to but taking 100% of my money. Customer service doesn’t exist. At least with Cox I talked to local management not 3rd party installers,2155633,ATT,Wed Nov 08 17:43:36 +0000 2017,"@633313 Hey, Wayne We understand that it's frustrating not being able to get the full speed. Optimize your speed. https://t.co/kbGxwC0h9W ^CurtisK",
2155636,633314,Wed Nov 08 16:03:32 +0000 2017,@ATT I requested an unlock code for my old phone I had bought with ATT- a highly disappointing experience.After multiple requests and 30-50 mins phone calls they just keep sending me the code that isn't working!They just don't  care.Beware of their tech support and custom service,2155635,ATT,Wed Nov 08 16:38:56 +0000 2017,"@633314 Good morning, Ama! Please DM us so that we can assist you with unlocking your device. We are eager to help you via social media. ^ChristiM",
2155638,633315,Wed Nov 08 03:53:03 +0000 2017,"Hey @ATT, you're internet sucks for watching YouTube videos. My Gigapower line can't even buffer in 360p...",2155637,ATT,Wed Nov 08 16:23:01 +0000 2017,@633315 That's not good. Follow/DM your account and contact info and we can help and look into that for you. ^DavidT,
2155643,633316,Wed Nov 08 14:07:07 +0000 2017,"Of course @ATT is acting up again. I've been receiving texts all morning and then all of a sudden, I can't send any out, only receive. Wasn't like my boss was texting me about work or anything important.",2155642,ATT,Wed Nov 08 14:35:31 +0000 2017,"@633316 Hi, Chris! We would love to resolve your mobile concerns for you! Could you please DM us so we may better assist you. ^BrandonM",
2159115,634201,Sun Oct 29 02:37:27 +0000 2017,.@ATT couldn’t make it harder to order the iPhone X online. They canceled my order &amp; now call center is closed &amp; online chat couldn’t help.,2159113,ATT,Sun Oct 29 03:46:28 +0000 2017,@634201 Hey Christina! Please DM us your phone and account number so we can help. We want you to get the new Iphone X! ^TyroneP,2159114
216508,167552,Sat Sep 30 04:58:17 +0000 2017,"So, thank you @ATT for giving me respect and helping me gain a real phone plan and an iPhone8 #goodbyemetropcs https://t.co/i8NBeZ8NBe",216506,ATT,Wed Oct 04 22:00:32 +0000 2017,"@167552 Welcome to the #ATTFamily, Jessica! We're so happy you're here. https://t.co/KTuPKYTEg9",216507
216511,167553,Wed Oct 04 20:06:41 +0000 2017,@ATT I’m talking to someone online now. If they can offer me some good internet speeds   I’m there!  I know you guys have the real promotion!,216510,ATT,Wed Oct 04 21:48:00 +0000 2017,"@167553 Hello Josh, we thank you for reaching out. This link has our internet information. https://t.co/AsgzIGynhO ^RickeyY",
216513,167553,Wed Oct 04 19:15:21 +0000 2017,Just to let you guys know @116136 sucks. Nothing but lies from customer support. @ATT here I come,216512,ATT,Wed Oct 04 19:58:27 +0000 2017,"@167553 Hey Josh, we'd love to have you join our team! Let us know if you need assistance! ^PaigeR",216511
216515,167554,Wed Oct 04 21:32:09 +0000 2017,As soon as I move back home I’m switching right back to @att internet because @115900 @139671 @comcastcares IS TRASH. I can’t STAND yall,216514,ATT,Wed Oct 04 21:43:00 +0000 2017,"@167554 Hello KDubb, we would be delighted to welcome you back. This link has our new offers. https://t.co/sT8Qg99XYb ^RickeyY",
216517,167555,Wed Oct 04 20:42:28 +0000 2017,@ATT I have DM about 3 hours ago,216516,ATT,Wed Oct 04 21:36:36 +0000 2017,"@167555 We would love to assist you with your low internet speeds, but we haven't received your message yet. Please DM us so we can help.",
216520,167555,Wed Oct 04 15:49:04 +0000 2017,Internet service is completely out @117735 @ATT  please help SOS,216518,ATT,Wed Oct 04 17:57:00 +0000 2017,@167555 Thanks for reaching out to us in regards to your internet services. Please DM us for further assistance. ^ArlaF.,"216519,216517"
216523,167556,Wed Oct 04 21:12:06 +0000 2017,"@ATT So long story short, you suck. Time to cut the cord and leave you bastards",216521,ATT,Wed Oct 04 21:21:45 +0000 2017,"@167556 We would love the chance to set things right, Brian. Please join us in a DM so that we may best assist you. ^MikeH",216522
216525,167557,Wed Oct 04 02:32:43 +0000 2017,"The ""I believe that we will win"" chants are back."" #USMNT",216524,ATT,Wed Oct 04 21:13:32 +0000 2017,"@167557 @167557 It's going to be a great match! Follow and DM us, we may have something for you. #SoccerEverywhere",
216528,167558,Wed Oct 04 20:28:42 +0000 2017,"@167559 @ATT maybe.or dog kisses,  I just can't handle the audacity &amp; faux care that they are. I am tired of choosing a giant douche or turd sandwich",216526,ATT,Wed Oct 04 20:37:00 +0000 2017,@167558 We really don't want you to feel that way. What can we do to get you to love your service again? DM us so we can talk. ^EG,216527
216532,167558,Wed Oct 04 19:31:49 +0000 2017,"I have a recommendation, everyone buy @ATT stock but then dump all of their services-bc they suck-period, can't wait to switch!!!!",216533,ATT,Wed Oct 04 19:42:30 +0000 2017,@167558 Hi! We're sorry you have not received the experience you deserve. Can you DM us with details as to what happened? ^YanD,
216537,167560,Wed Oct 04 19:45:53 +0000 2017,"@ATT If you quote one thing and install another, don't be surprised to see customers go elsewhere. Either stick to your word or lose my business.",216535,ATT,Wed Oct 04 20:01:36 +0000 2017,"@167560 Hey, Matt, we would love take a look into this matter for you. Dm us your account number so we can get this fixed. ^OmairZ",216536
216544,167561,Wed Oct 04 19:40:08 +0000 2017,"@ATT ""manager"" John, ID: # 444816. Just hung up on me after a 45 minutes on hold... misrepresentations and lies in order to switch to @ATT..",216542,ATT,Wed Oct 04 19:52:57 +0000 2017,"@167561 Hi, Uxsunn. We understand your frustration and want to help. How may we be of service? We eagerly await your reply. ^VeneM",216543
216547,167563,Wed Oct 04 19:08:00 +0000 2017,Hey @ATT why isn’t my LTE working today? My 4Gs running wayyyyy faster than my LTE,216546,ATT,Wed Oct 04 19:28:06 +0000 2017,"@167563 Hey Natasha! Let's see what's going on with your LTE network, DM us your wireless number for more help! ^PrisC",
216549,167564,Wed Oct 04 17:28:56 +0000 2017,@122986 is Pixel2 available with ATT? #MadeByGoogle. I am super impressed with the phone but want to stay @ATT,216548,ATT,Wed Oct 04 19:26:29 +0000 2017,"@167564 Good Afternoon, Dinesh! We're just as excited as you are for this device! Check https://t.co/GHZeyHE3xH for updates. ^AyomideO",
216551,167565,Wed Oct 04 18:46:11 +0000 2017,"@ATT cheesy responses only make it worse. Seriously, I'm not a fan.",216550,ATT,Wed Oct 04 19:07:03 +0000 2017,@167565 We aim to keep all of customers happy! We would love to get to the bottom of this. Let us know how we can help you. ^NicJ,
216553,167565,Wed Oct 04 18:24:08 +0000 2017,Oh how I hate @ATT and now @117830. It's like torture calling customer service. #why?,216552,ATT,Wed Oct 04 18:36:31 +0000 2017,@167565 Give us a chance to turn your frown upside down! Tell us more about your concerns so we can see how we can assist you! ^NicJ,216551
216555,167566,Wed Oct 04 18:40:14 +0000 2017,They say never say never! But I will NEVER use @ATT wireless service again!! Prices for there wireless is ridiculously high!,216554,ATT,Wed Oct 04 18:48:38 +0000 2017,"@167566 Hi there, Alisha! We're saddened to hear you feel this way about us. Please send us a DM for further assistance. ^GageC",
216557,167567,Tue Oct 03 18:14:26 +0000 2017,@ATT No phone service on his cell.  He's trying again.,216556,ATT,Wed Oct 04 17:33:32 +0000 2017,@167567 we want you to feel you’re getting the service you deserve. Pls DM us your account info ^ATTCareTeam,
216560,167568,Wed Oct 04 15:32:54 +0000 2017,@ATT Who do I contact to remove or move an pole anchor line that’s blocking my driveway and preventing use? #SanAntonio #ATT,216559,ATT,Wed Oct 04 15:50:40 +0000 2017,"@167568 Hi Vicky, we'd be happy to assist you with this issue, Please DM us your address and phone number. ^PaigeR",
216562,167569,Tue Oct 03 20:36:50 +0000 2017,"@ATT born and raised here in Portland, Oregon... I sure have! &lt;3 :) #SoccerEverywhere",216561,ATT,Wed Oct 04 15:50:06 +0000 2017,"@167569 @167569 That's awesome, we love watching him play too! Follow and DM us, we have something for you! #SoccerEverywhere",
216564,167569,Sun Oct 01 16:05:32 +0000 2017,@123633 @167570 @167571 Always proud to have him on our National squad! 💪,216563,ATT,Tue Oct 03 20:23:16 +0000 2017,@167569 Darlington is a special player! Have you ever seen him play live before? #SoccerEverywhere,216562
216567,167572,Wed Oct 04 13:55:10 +0000 2017,"@117735 @ATT I've called your Loyalty Team five times. Each representative says my money will be refunded in a ""few days."" It hasn't been.",216566,ATT,Wed Oct 04 15:50:00 +0000 2017,"@167572 Yikes, Michelle! That's not good news at all. Please send us a DM with further details of your concerns. ^MeciS",
216570,167573,Wed Oct 04 15:20:27 +0000 2017,@ATT I called them 4 times and didn’t get anywhere. I’ll try again later.,216569,ATT,Wed Oct 04 15:22:28 +0000 2017,"@167573 Ok, They are the only department to port you into AT&amp;T. If you are porting out contact the new carrier. Thank you for understanding",
216572,167573,Wed Oct 04 13:44:39 +0000 2017,Spent more time on the phone with @ATT trying to finalize my port than I have spent on the phone this entire year. And still got nowhere.,216571,ATT,Wed Oct 04 15:20:00 +0000 2017,"@167573 Hello Adam,To complete a number port you have to contact our porting department at 888-898-7685. please DM us for further questions",216570
216574,167574,Wed Oct 04 14:21:17 +0000 2017,Time to go wait for 3838383 hours at the Apple store to see if they can fix my phone since @ATT couldn’t🙃🙃🙃 #stupidupdate,216573,ATT,Wed Oct 04 15:15:35 +0000 2017,"@167574 Hey, Dina, we would love to help with your update issue. Could you please Dm us your wireless number associated to the account? ^OZ",
216577,167575,Wed Oct 04 14:45:11 +0000 2017,Hi @ATT  How do I get full refund. CustServ says your rules don't allow. been overcharged since 4/17 &amp; I would like FULL refund. Please help,216575,ATT,Wed Oct 04 14:49:00 +0000 2017,"@167575 Good morning, Terri. Please DM us with your service type and account info for better assistance. ^BrianaB",216576
216580,167576,Wed Oct 04 13:34:02 +0000 2017,"@ATT Just sent a message, but I'll admit that this does not give me confidence in my decision to leave Comcast.",216578,ATT,Wed Oct 04 14:19:01 +0000 2017,"@167576 Hi there. Could you please provide us with your account number for better assistance?
^QB",216579
216583,167577,Wed Oct 04 06:22:41 +0000 2017,Ever since the hurricane my phone service hasn't been the same .. what's up @ATT,216582,ATT,Wed Oct 04 14:02:02 +0000 2017,@167577 Good morning! Try this link and let us know how this works for you. DM us for further assistance! ^GageC https://t.co/bQmUnPaxlE,
216586,154813,Wed Oct 04 13:33:22 +0000 2017,Hey @ATT @117735 dm please because I need help w/ a question.,216584,ATT,Wed Oct 04 13:42:11 +0000 2017,"@154813 Good morning, We would love to further assist you. Can you please DM with your question?  ^ JC Social Media Specialist",216585
216588,167578,Wed Oct 04 06:55:27 +0000 2017,"@167579 @ATT @117735 (Notbc of att, bc had folks over to the concrete jungle(house)",216587,ATT,Wed Oct 04 13:17:25 +0000 2017,@167578 Hey there! We want you to get the service you deserve! Send us a DM so that we can better assist you!^SD,
216599,167580,Wed Oct 04 02:23:27 +0000 2017,@ATT @117830 your customer service is useless!  My bill went up by $60 at the end of my contract and I'm told no way to lower it,216598,ATT,Wed Oct 04 12:46:32 +0000 2017,@167580 We'd like to help! Could you DM us with more information about concerns to better assist you? We await your response! ^AbayomiO,
216601,167581,Wed Oct 04 03:53:14 +0000 2017,@ATT when is the internet service going to be available in the Ballantyne area in Charlotte? The entire community is tired of @Ask_Spectrum,216600,ATT,Wed Oct 04 12:35:29 +0000 2017,"@167581 Oh no, Thiago! Let us assist you with internet outage issues. Please DM your account info to begin. We love to help! ^ToyaL",
216603,167582,Wed Oct 04 01:42:04 +0000 2017,@ATT I have a Att SIM card can l use my SIM card into a new iPhone 7 with simfree. Am l still able use the phone and the data plans？,216602,ATT,Wed Oct 04 12:11:26 +0000 2017,@167582 We'd like to offer assistance with your SIM concerns! Could you DM us with more information to better assist you. ^AbayomiO,
216605,167583,Wed Oct 04 01:43:45 +0000 2017,@ATT trying to set-up internet install appt and your system/phone reps keep adding 2 weeks to our scheduled date! Help!!,216604,ATT,Wed Oct 04 12:04:28 +0000 2017,@167583 Hi! Please send us a DM asap so we can look into why your appointments keep getting delay. We are eager to help !  ^ MeccaD,
216609,167584,Wed Oct 04 02:38:03 +0000 2017,@117735 @115858 @ATT My first @115858 iPhone and every release after that has been with @ATT cheers to taking care of your “valued” customers 🥂,216607,ATT,Wed Oct 04 12:02:55 +0000 2017,@167584 Good morning Ace! We're you able to get your shipping address changed? Are you having any concerns? DM us if you do! ^TaeJ,216608
216618,167585,Wed Oct 04 00:22:21 +0000 2017,@ATT can I use my dads upgrade to get myself the iPhone 8+ I’ll cry if I can’t so keep that in mind lol 😊💝,216617,ATT,Wed Oct 04 05:29:00 +0000 2017,"@167585 Hi, Conn. We will be glad to see you have that new device that you so desire. Can you DM us to discuss available options? ^WaleA",
216620,167586,Wed Oct 04 18:31:25 +0000 2017,@ATT I’m moving and have not been pleased with Direct TV.  I called to cancel and was told I would be charged $260.  6 months remain on contract,216622,ATT,Wed Oct 04 18:51:33 +0000 2017,"@167586 Hello Andre', we would for you too stay. We are here to help you with your bill. Please DM your account number? ^RickeyY",
216621,167586,Tue Oct 03 23:55:21 +0000 2017,So @117830 @ATT willing to lose a 15 year customer over a $200 cancellation fee? @117830 isn’t a good product but I’ve been loyal to @ATT,216619,ATT,Wed Oct 04 04:16:56 +0000 2017,@167586 We apologize for the delay. We definitely don't want to lose a 15 year customer. Dm more details for further help. Thanks. ^RenaB,216620
216624,167587,Wed Oct 04 01:20:24 +0000 2017,Thank you @ATT for being supportive and generous during and after hurricane Irma. Great service. Extremely happy.,216623,ATT,Wed Oct 04 03:30:00 +0000 2017,"@167587 Yovany, thank you for being part of our #ATTFamily! ❤️",
216626,167588,Tue Oct 03 23:05:44 +0000 2017,"I always love coming home after a stressful work day to no internet....thanks, @ATT",216625,ATT,Wed Oct 04 02:19:30 +0000 2017,"@167588 Oh no, Lillian! Coming home to meet no internet service can be frustrating. Please DM us details, lets make you happy again.",
216629,167589,Wed Oct 04 01:48:06 +0000 2017,@ATT It says I can’t dm you.,216627,ATT,Wed Oct 04 02:03:01 +0000 2017,@167589 Have you made sure you're following the AT&amp;T twitter page that's necessary in order to DM us? We can't wait to hear back! ^MikeM,216628
216631,167589,Tue Oct 03 22:55:33 +0000 2017,"@ATT Yeah sure Id love to take care of. What do you think is fair for blantwnt disregard for the DNC list, and super rude unprofessional service?",216630,ATT,Tue Oct 03 23:20:56 +0000 2017,@167589 Your frustrations aren't taken lightly with us! Please slide in our DM for elaboration on your concerns! We're here! ^JewelR,216629
216633,167589,Tue Oct 03 21:21:12 +0000 2017,@117830 34 mins hanging up now. Your customer service is seriously the worst. @ATT is so good too. Im seriously considering just cancelling,216632,ATT,Tue Oct 03 21:40:31 +0000 2017,@167589 We're sorry you feel that way - is there something we can do to help? ^michr,216631
216635,167591,Tue Oct 03 01:10:22 +0000 2017,Just had fraud phone upgrade on my account with @12299. Keep calling their fraud line with no answer. Ridiculous! #frustrated,216634,ATT,Tue Oct 03 22:48:53 +0000 2017,"@167591 Hi Arash, try to DM us here. We can help escalate to our fraud team.",
216638,167592,Tue Oct 03 22:00:51 +0000 2017,@ATT I don’t have an account with you guys yet... but I want to open one!,216637,ATT,Tue Oct 03 22:21:55 +0000 2017,@167592 We would be glad to have you as apart of the family Veronica. What service/s are you interested in? DM us and tell us more. ^KST,
216640,167592,Thu Sep 28 02:50:10 +0000 2017,"@116021 why do I pay so much for ""fast speed internet"" and have no internet 4/7 days a week. Maybe I should switch to @ATT #NeedInternet",216639,ATT,Thu Sep 28 13:04:14 +0000 2017,"@167592 We want to try and correct this for you, Veronica! Could you DM us your acct #? This way we can help you out more. Thanks! ^AkilahS",216638
216642,167593,Tue Oct 03 19:59:43 +0000 2017,@ATT is there a monthly data limit for your fiber optic? Really would love to drop this Comcast nonsense.,216641,ATT,Tue Oct 03 20:37:25 +0000 2017,"@167593 Hey there, we would love to assist you with your fiber internet concerns. DM us details. We are here to help! ^MakH",
216644,167594,Fri Sep 29 17:51:47 +0000 2017,Shout out to @ATT and the awesome #customerservice for ensuring I will be a happy customer. #ThankYou #happycustomer,216643,ATT,Tue Oct 03 20:31:37 +0000 2017,@167594 We're so lucky to have you as part of the #ATTFamily! We are always here if you need us. https://t.co/O3HEXPoGXO,
216646,167595,Tue Oct 03 19:40:26 +0000 2017,Techs get paid 4 their time by @ATT. Is @ATT going to pay me for my wasted time? #compensation #badcustomerservice,216645,ATT,Tue Oct 03 20:25:00 +0000 2017,@167595 we apologize for any inconvenience with your technician appointment. Where you able to reply Accept? Laura.,
216648,167596,Tue Oct 03 20:15:12 +0000 2017,@ATT Anna is ac891h is is on my case now wanting me to pay a early disconnection fee for dtv which they said att y'all would pay,216647,ATT,Tue Oct 03 20:22:46 +0000 2017,"@167596 We understand your frustration and would love to help. Kindly, dance over to our DM where we can better assist you. ^DiaD",
216650,167597,Tue Oct 03 22:18:21 +0000 2017,@ATT Me? I am a @123633 season ticket holder. I go to every home match. Every. Single. One.,216652,ATT,Wed Oct 04 15:51:08 +0000 2017,"@167597 @167597 Wow, you are a true fan! We love your soccer passion, follow and DM us, we may have something for you! #SoccerEverywhere",216653
216651,167597,Thu Sep 28 17:53:41 +0000 2017,"@123633 MVP! MVP! MVP!
#RCTID",216649,ATT,Tue Oct 03 20:21:38 +0000 2017,@167597 He has been on fire this season! Have you had the chance to make it out to a game yet? #SoccerEverywhere,216650
216656,167596,Tue Oct 03 19:42:08 +0000 2017,@ATT y'all said in writting that my bill would be 86 bucks a month now its 300,216655,ATT,Tue Oct 03 19:59:32 +0000 2017,@167596 We definitely want to address your bill fluctuating to $300. Please send us a DM with your account number. Thanks ^Michr,
216658,167598,Tue Oct 03 18:54:26 +0000 2017,@ATT Uh how do I DM you when there's no link? Smh,216657,ATT,Tue Oct 03 19:08:00 +0000 2017,@167598 Hello! All you need to do to DM us is follow us first and you will then have the option to Direct Message us. We'll be here ^KrisE,
216660,167598,Tue Oct 03 18:35:22 +0000 2017,@ATT  https://t.co/xs8jDR7yzv,216659,ATT,Tue Oct 03 18:53:29 +0000 2017,@167598 Hello again! We see you must be having speed issues according to the photo posted. DM us if you would like us to help! ^KrisE,216658
216662,167598,Tue Oct 03 18:05:22 +0000 2017,Do you any promotions? I am leaving @ATT @Ask_Spectrum,216661,ATT,Tue Oct 03 18:17:36 +0000 2017,@167598 Hey there! We would sure hate to see you go. Should there be any way we can help you please DM us and stay in the family! ^KrisE,216660
216664,167599,Tue Oct 03 16:11:45 +0000 2017,@att is the absolute worst in cs you are really gonna make me go to court for a $25 you made but won't pay for it.,216663,ATT,Tue Oct 03 19:04:27 +0000 2017,@167599 We're eager to look into that $25 for you! Be sure to follow us and DM your account number and a brief explanation.^LarL,
216666,167600,Tue Oct 03 18:20:40 +0000 2017,@167601 Not sure how to do that privately,216665,ATT,Tue Oct 03 18:40:25 +0000 2017,"@167600 Hi, Dianne - please click the envelope icon at the bottom of this post! That should allow you to direct message us. Thank you!",
216670,167602,Tue Oct 03 16:46:48 +0000 2017,"@ATT @117830 your service SUCKS!! The MF ing thing keeps freezing up! I'll let people know.
I'm a cont so I'll let people know 4 2 years",216669,ATT,Tue Oct 03 17:56:51 +0000 2017,"@167602 We know how irritating slow service can be, we'd be more than happy to help. Please DM us more details. ^JWillie",
216672,167603,Tue Oct 03 17:40:59 +0000 2017,@ATT can you please improve your combined customer service phone line? I had to repeat myself several times to get nowhere.,216671,ATT,Tue Oct 03 17:54:30 +0000 2017,"@167603 Hello, Daze! We appreciate your feedback and will keep that in mind for future updates. DM us should you need us! ^KrisE",
216674,167604,Tue Oct 03 16:32:14 +0000 2017,@ATT thank you 917-412-5906,216673,ATT,Tue Oct 03 16:43:01 +0000 2017,@167604 In order to protect your privacy please remove your phn# from public view. DM us for help. We await your response ^MakH,
216676,167604,Tue Oct 03 16:17:04 +0000 2017,"@ATT who do i contact, my phone constantly never gets more than 2 bars even in open areas !!",216675,ATT,Tue Oct 03 16:31:27 +0000 2017,"@167604 Hello, Willy, we'd love to assist you with your phone service. DM us details and your phone#. We are here to help. ^MakH",216674
216678,167605,Tue Oct 03 15:40:14 +0000 2017,"My @115900 bill just went up now that my 2 year ""promotional period"" is over. Looks like Im switching back to @ATT for a couple years. 😂",216677,ATT,Tue Oct 03 15:44:26 +0000 2017,@167605 We understand wanting more bang for your buck! Check out our current deals here https://t.co/6RA5tvkJee ^PaigeR,
216680,167606,Tue Oct 03 14:42:01 +0000 2017,"@ATT I am aware of federal laws, giving a status update on a general area does not break these laws.",216679,ATT,Tue Oct 03 14:58:00 +0000 2017,"@167606 We will not be able to help unless we verify that you are an authorized user, and we can only do that via DM. ^AntB",
216682,167606,Tue Oct 03 14:16:59 +0000 2017,@ATT Let's deal with this publicly look up the service problems in 33138 between NE 82ns and NE 80th Street. Why does it take 3.5 weeks to fix,216681,ATT,Tue Oct 03 14:38:00 +0000 2017,"@167606 To avoid breaking any Federal &amp; State laws that are in place to protect consumer information, we must speak via DM. ^AntB",216680
216684,167606,Tue Oct 03 02:06:28 +0000 2017,@117735 @117735 @ATT Att still no service... Should I switch to @116136,216683,ATT,Tue Oct 03 12:14:27 +0000 2017,"@167606 Kristian, we want to help restore your service. DM us your account number so we can take a look into your account ^AntB",216682
216687,160288,Tue Oct 03 14:35:57 +0000 2017,@ATT I handled it myself. Because AT&amp;T gave me customer service a level below poor.,216686,ATT,Tue Oct 03 14:41:00 +0000 2017,"@160288 We hate to hear you received poor customer service! In the future remember, we're available to assist  via social media! ^PaigeR",
216692,167607,Mon Oct 02 23:44:47 +0000 2017,Thank you @ATT your staff at 31 E17st. NYC went above and beyond in helping me find solar chargers. 👊👊👊,216689,ATT,Tue Oct 03 14:09:33 +0000 2017,"@167607 When you needed to know where to go, you didn't have to eenie, meenie, miney, mo. Glad we could help!","216690,216691"
216695,167611,Tue Oct 03 03:53:36 +0000 2017,"Hey @ATT ! For what we pay you every month, you think you’d let us use the other  two bars on our phones.",216694,ATT,Tue Oct 03 12:37:56 +0000 2017,"@167611 Hi Michael, keep us informed on areas that need improvement with our Mark the Spot app! https://t.co/nGh6SrVUHm ^PaigeR",
216697,167612,Tue Oct 03 04:12:23 +0000 2017,@ATT customer service is horrible. I've been trying to get my internet activated for a week. They've taken my card number twice and still no internet. #nothappy,216696,ATT,Tue Oct 03 12:34:53 +0000 2017,"@167612 Good Morning Danielle, Could you dm us the 9-digit account number so we can further assist you. Thanks!
DannyB",
216699,167613,Tue Oct 03 03:17:58 +0000 2017,@ATT My data is still off too!,216698,ATT,Tue Oct 03 12:17:54 +0000 2017,"@167613 Brandi, let's find out what happened! DM us your account number so we can take a closer look/ ^AntB",
216702,167614,Tue Oct 03 01:25:52 +0000 2017,@ATT been on hold for over 21 minutes and counting.... step up your game or I’m cheating on you with @115900,216701,ATT,Tue Oct 03 11:48:51 +0000 2017,@167614 Hello Anthony! There are no wait times here. How may we assist you? We eagerly await your reply. Thanks! ^ErinJ,
216704,167595,Tue Oct 03 00:47:10 +0000 2017,@ATT  had an appt for install from 12-4. U no showed. Best rescheduled offer was next week. Comcast it is!#gokickrocks,216703,ATT,Tue Oct 03 11:21:00 +0000 2017,"@167595 Hi James, we hate to hear our tech failed to show up! DM us your account # let us try to get a tech out sooner! ^PaigeR",
216706,167615,Mon Oct 02 22:50:44 +0000 2017,"Reason’s I hate AT&amp;T? 

1) Some1 hacked my account &amp; put GA w/zip as my address. Never logged in until today.!

2) Log of calls/texts listed",216705,ATT,Tue Oct 03 04:12:23 +0000 2017,"@167615 Hi, we'd like to look into this - please send us a DM with your contact and account info.",
216708,167616,Tue Oct 03 02:13:32 +0000 2017,"Dear @ATT, when are bringing fiber to zip code 35222? I’m sick of being overcharged by @115955 for TV+’30/5’. What a ripoff. $150+/mo.",216707,ATT,Tue Oct 03 02:33:00 +0000 2017,"@167616 Hi, Brent.  AT&amp;T is bringing fiber to your area soon. Check our link: https://t.co/IIraPk704W to receive update. ^WaleA",
216710,167617,Mon Oct 02 23:16:39 +0000 2017,".@ATT Who can tell me when Internet 1000 (1,000 megabit fiber) will be available on my street. The streets around me have it. Why not us?",216709,ATT,Mon Oct 02 23:41:28 +0000 2017,@167617 Hi. Use the following link to check for services and be alerted on future availability: https://t.co/OC51HxUEmh ^JamesV,
216712,167618,Sat Sep 30 16:11:28 +0000 2017,"Umm, why is @ATT sending me e-mail about the Equifax breach and how to respond? Seems phishy, no?",216711,ATT,Mon Oct 02 22:08:00 +0000 2017,@167618 You can find more information here: https://t.co/EDhZeGAbW1,
2167610,636062,Sat Nov 25 11:21:35 +0000 2017,turns out russia is *not* an @att international day pass country. Got a sweet courtesy message i had $400 in roaming charges after an hour at the airport though. fml,2167609,ATT,Sat Nov 25 13:29:00 +0000 2017,"@636062 Oh no, Rromanchuk! We understand no one likes surprise charges; especially when they are $400 worth. We want to see what we can do about this for you, so may you please DM us your wireless number? We're looking forward to hearing back from you! ^MarkaylaE.",
2170350,636673,Thu Nov 09 03:20:59 +0000 2017,"@ATT @117830 you need to get your *^%# together. Trying to order TV/internet. Called two days in a row. 4 different people. 4 different prices, and no one knows anything. No wonder you’re losing customers. Guess I’ll call @247",2170349,ATT,Thu Nov 09 03:45:27 +0000 2017,@636673 We're glad to help out with your TV/Internet inquiry. Check link for U-verse service here https://t.co/htcN3HK5Ig We hope this helps. ^NdyE,
2186426,640293,Thu Nov 09 19:40:14 +0000 2017,@ATT Done. Be here soon!,2186428,ATT,Thu Nov 09 19:47:31 +0000 2017,"@640293 We're expanding every day! We hope we can be in your area soon too! Thanks, we appreciate your patience, Benjamin. ^VeroP",
2186427,640293,Thu Nov 09 18:41:56 +0000 2017,Oh hey another @115955 outage. I️ cannot wait for @ATT to have fiber optic cables in my area.,2186425,ATT,Thu Nov 09 18:51:32 +0000 2017,"@640293 Hi, Benjamin! We hope you're having a good day. You can actually  sign up here to be notified when fiber is available in your area! https://t.co/16VKafjuCm. Thank you! ^VeroP",2186426
2186431,640294,Wed Nov 08 20:12:07 +0000 2017,"@221831 @ATT You’re not the only one that was lied, I mean, misled.",2186430,ATT,Thu Nov 09 16:52:01 +0000 2017,"@640294 I have sent you a couple DMs with my direct info. I would love to get this resolved for you, please reply to my messages or give me a call. Thank you and I look forward to resolving this concern for you! ^AlyssaL",
219150,168263,Thu Oct 05 02:54:28 +0000 2017,"@ATT I can’t DM you, I guess you have to be following me.",219152,ATT,Thu Oct 05 11:13:00 +0000 2017,"@168263 Hi Tavares. In order to DM us you must first follow our page.
^QB",219153
219151,168263,Thu Oct 05 01:09:20 +0000 2017,@ATT I need help from you guys.,219149,ATT,Thu Oct 05 02:00:01 +0000 2017,@168263 We are here to the rescue! What was it you needed help with today? Please tell us in a DM so we can get started! ^ErnL,219150
219155,168264,Thu Oct 05 00:46:53 +0000 2017,"@117735 who can I talk with about switching service from @115955 to 
@ATT?",219154,ATT,Thu Oct 05 01:38:00 +0000 2017,@168264 Your in the right place! Welcome to the family! We'd love to help you this evening! Please Dm us your information! ^BriT,
219157,168265,Thu Oct 05 00:51:47 +0000 2017,@ATT got your wifi installed this morning and I'm already having problems with it 🙃 anyone know of a better internet provider??,219156,ATT,Thu Oct 05 01:32:58 +0000 2017,@168265 That's crazy to have problems with your wifi already.We can help. Troubleshoot here:  https://t.co/dC72alrCgp    ^Michr,
219159,168266,Tue Oct 03 17:11:25 +0000 2017,"@att #att No word since Fri.,when u promised to look into bogus DirecTV charges. Didn’t need customer survey from “ATT cares. “ Need help!",219158,ATT,Thu Oct 05 01:32:00 +0000 2017,"@168266 I do apologize, Pat. I will transfer you over to DirecTV side. You are in DIRECTV NOW different department.",
2195250,132544,Fri Nov 10 20:54:57 +0000 2017,"@AsurionCares Original phone with a MFG defect 2 months outside the MFG warranty. So no, I will not pay a deductible because this issue is not my fault. It’s @115858 and @ATT. Please relay that to Kevin Taweel’s office. I’ve already explained it to them.",2195254,ATT,Fri Nov 10 23:21:33 +0000 2017,"@132544 We are here to take a deeper look into your device warranty, Jake! Please DM us with your account number so we could take a deeper look. We look forward to your response. ^ShamW",
2198043,642945,Thu Oct 19 04:52:01 +0000 2017,"@136084 Thank you @ATT, thank you for making the world a better place for our children with your corporate sponsorship",2198042,ATT,Thu Oct 19 13:44:52 +0000 2017,"@642945 We're only trying to do our part, but thanks for the shoutout!",
2199467,643298,Fri Nov 03 12:52:12 +0000 2017,@ATT hey. Thanks again for suckering me into this plan where you throttle my data. Makes me feel like im punished for being poor. Nice 👍🏻,2199465,ATT,Thu Nov 09 21:51:00 +0000 2017,@643298 We'd love to turn things around for you regarding your data. DM us your service type and account number. We're here to investigate the best possible solutions for you. ^ShamW,2199466
2199469,643299,Thu Nov 09 20:28:33 +0000 2017,@ATT #attishorrible,2199468,ATT,Thu Nov 09 21:30:11 +0000 2017,"@643299 We want you to be happy with your switch to AT&amp;T, Miguel! Let's see what we can do to enhance the quality of your service and get you the promotion you were expecting. DM us your service type so we can get the ball rolling on getting things turned around! We're here! ^PrisC",
2199472,643300,Fri Nov 03 17:20:45 +0000 2017,Awesome experience with my local @ATT store. I had a major preorder issue and they fixed it. I am getting my phones as we speak!!!,2199471,ATT,Thu Nov 09 21:20:36 +0000 2017,"@643300 Thanks for sharing the #ATTLove! We hope you're enjoying your new phone, Douglas! https://t.co/QQBEIg9rrr",
2199475,643301,Thu Nov 09 02:25:38 +0000 2017,"@643302 @ATT I haven't checked, probably should.   Work harder. :)",2199474,ATT,Thu Nov 09 19:31:33 +0000 2017,"@643301 Of course there's veteran discount! Check all of our military discounts here: https://t.co/1ZVHGtJZZa. Thank you for serving our country. If you have any other questions, please let us know. We're always here to help. ^VeroP",
2206879,288872,Fri Nov 10 00:38:49 +0000 2017,@ATT Can we just trace the call..it was Tuesday. lasted almost an hour..his name was Tyan,2206882,ATT,Fri Nov 10 01:00:20 +0000 2017,"@288872 Avay please send us a private message to provide you with further details about your request, thank you very much. ^Maria A. Social Media Tea,",
2206881,288872,Thu Nov 09 23:51:33 +0000 2017,"@ATT How can I send u the recent call recording, coz thts where Tyan from loyalty dept did all the changes ..",2206878,ATT,Fri Nov 10 00:12:00 +0000 2017,"@288872 Can we try the audio tweet option? Please check the following page https://t.co/kmVozvwuOk
^Maria A. Social Media Team","2206879,2206880"
2206884,288872,Thu Nov 09 23:04:54 +0000 2017,i m coming too...it be 4 lines bye bye @ATT https://t.co/NqDZuR11Ze,2206883,ATT,Thu Nov 09 23:42:25 +0000 2017,"@288872 Avay we do not want to lose you, please send us a direct message with the transcript to better assist you.
 ^Maria A. Social Media",2206881
2206886,258765,Tue Nov 07 19:24:02 +0000 2017,@645231 @Ask_Spectrum @ATT I would die of happiness,2206885,ATT,Thu Nov 09 23:54:31 +0000 2017,@258765 We would love to have your business!  Check us out at  https://t.co/5CABda4vOt Thx! ^MikeY,
2206897,645232,Thu Nov 09 23:26:00 +0000 2017,"@115858 @ATT how come you can walk into places like Best Buy and get the new iPhone X today, but i preordered mine 2-3 weeks ago and turned in my iPhone and paid for it then but it’s still not here?",2206896,ATT,Thu Nov 09 23:34:30 +0000 2017,"@645232 Hello Will, thank you very much for contacting-us today. We are delighted to help with your iPhone X  order or pre-order issue. DM us details! Also visit https://t.co/hEdQIFpmAe For more help &amp; support. Thanks. ^MonF",
2206899,288872,Thu Nov 09 20:13:12 +0000 2017,On my way to FedEx to return @ATT ➡️(Absolute Total Torture) 15yrs &amp; they call me lair ..here I come @115913 ..I will have thanksgiving with @115911 #netflixonus https://t.co/a8yC3cmlt4,2206898,ATT,Thu Nov 09 22:45:00 +0000 2017,"@288872 Away I regret the way you are feeling, we do not want to lose you as an important member of our company. I'm also seeing the credit was already applied by the previous agent.
^Maria A. Social Media Team",
2212011,646514,Thu Oct 19 14:53:45 +0000 2017,Day 4 and still cant get incontact with @ATT about a random one time charge no one can explain but wants me to upgrade #Uverse,2212010,ATT,Thu Oct 19 14:59:39 +0000 2017,@646514 Hey valued customer! We are glad you reached out to us! Please DM us so we can assist you with your billing concerns.^CynthiaO,
2213987,646976,Fri Nov 03 22:29:45 +0000 2017,@ATT No combined bills and still a big mess and costly late fees restart fees service fees,2213986,ATT,Fri Nov 10 05:01:34 +0000 2017,@646976 Hello Brenda Follow/dm and lets turn this around for you ^Ariane.J https://t.co/7m6RT3Hk4n,
2213992,646977,Fri Nov 10 02:59:55 +0000 2017,Haha $300 💵 trade-in credit??? #ATT @att @117735 Should I just give you my $1000 iphone📱?? #ATTsteals Sending mail like I actually signed up for this💩 is the lowest of the low. #SaveYourPaper #SaveTheTrees 🌲,2213991,ATT,Fri Nov 10 03:34:01 +0000 2017,@646977 Good evening John! We appreciate you for reaching out to our social media team! Learn more about our Do Not Mail list here: https://t.co/sIY5SzXdtS . Let us know if you have any questions or concerns. We're always here to help! ^TinaT,
2221953,202680,Fri Nov 10 12:03:24 +0000 2017,I don’t see the point in paying @115948 when you can’t stream it for free @ATT. I even have your WiFi and it takes forever to pre-download songs🤦🏽‍♀️.,2221952,ATT,Fri Nov 10 13:26:05 +0000 2017,"@202680 Good morning, Joy! Thank you for reaching out to AT&amp;T via social media. Learn more about our unlimited data plan here: https://t.co/Oehx7iiIOP Also, have you tried troubleshooting your device? https://t.co/N58RouqLjS Let us know how this helps. We're here to assist! ^ChristiM",
2221955,648940,Fri Nov 10 04:31:20 +0000 2017,I wanna know why in 2017 it is still okay for me to pay the same amount for my shoddy cell service as everyone else who has great service. How@is@that fair?! What’s really good @ATT ?!?,2221954,ATT,Fri Nov 10 12:57:30 +0000 2017,"@648940 Tima, We are saddened to hear you feel you have shoddy cell service! Let's take a look at your account, and get you in the right direction! Send us a DM with details about your concerns, account number, and best contact number included? Bounce back with AT&amp;T! ^PegN",
2221957,648941,Fri Nov 10 07:04:34 +0000 2017,I’m officially so completely over @ATT 1.5 months of our WiFi &amp; uverse being complete crap and four trips from their repair men and our stuff still isn’t fixed. I’m the only one awake &amp; on the WiFi on my phone &amp; it’s still so slow you’d think all of Arkansas was using it,2221956,ATT,Fri Nov 10 12:49:30 +0000 2017,@648941 Allow us to further investigate the issues you are having with your wifi services Emma! Please send us a private message so we can proceed thanks. ^Kj,
2226279,649885,Wed Oct 18 21:26:40 +0000 2017,I thought she was dead 💁🏽??? https://t.co/g2rN9tYKlE,2226278,ATT,Thu Oct 19 15:51:41 +0000 2017,@649885 She's dead but she still loves you! https://t.co/2tEHMXhwjK,
2226284,649886,Thu Oct 19 15:21:45 +0000 2017,@ATT Why am I paying 2018 prices for 2008 internet technology? Totally unacceptable.,2226283,ATT,Thu Oct 19 15:43:00 +0000 2017,@649886 Hey! We would love to help you with your issue! Could you DM us more info on the situation? We would like to help! ^NikkiM,
2226288,644347,Thu Oct 19 15:12:53 +0000 2017,"Who is going to offer better service for the $$$? 67210 area code

@116021 @CoxHelp or @ATT @117735",2226287,ATT,Thu Oct 19 15:32:29 +0000 2017,@644347 Hey! Check out our link https://t.co/XfRcMVtQPJ for current prices in your area! DM us if you have questions! ^NikkiM,
2235886,600727,Fri Nov 10 17:09:16 +0000 2017,"@ComcastCares
#mobile_Care You decided to cancel the technician scheduled for today because there was a reported “outage”. That would have been nice to know. Maybe he’ll show tomorrow. Maybe I’ll switch to @ATT",2235887,ATT,Fri Nov 10 18:05:31 +0000 2017,@600727 Good afternoon BJ. We would be eager to assist you in finding out what best fits you. We would love to have you on the AT&amp;T family. Feel free to DM us for more details or any questions or concerns you may have. We look forward to your response. ^NeceyJ,
2238361,439133,Fri Nov 10 17:47:11 +0000 2017,"@ATT You guys certainly didn't show ANY appreciate to my 77yo father-in-law who is a new customer, when you played the bait &amp; switch card on him. HE'S a veteran. You guys should be ashamed of how you've treated him!",2238360,ATT,Fri Nov 10 19:29:28 +0000 2017,@439133 Also could you please follow us so we will be able to receive your DM. Thank you in advance. ^NataliaC Social Media S.,
2238361,439133,Fri Nov 10 17:47:11 +0000 2017,"@ATT You guys certainly didn't show ANY appreciate to my 77yo father-in-law who is a new customer, when you played the bait &amp; switch card on him. HE'S a veteran. You guys should be ashamed of how you've treated him!",2238362,ATT,Fri Nov 10 19:26:32 +0000 2017,@439133 Hello Mimi! In order to review the account information could you please DM's us the Account or wireless number? We'd truly like to assist you with this. looking forward to your next outreach. All about you! ^NataliaC Social Media S.,
2238373,123362,Thu Nov 09 02:50:59 +0000 2017,@att your insurance carrier for iPhones sucks! My mom @85432 is on her 3rd refurbished replacement in 2 weeks. Now she can’t charge phone and listen to music at same time because they “upgraded” her to the 7,2238372,ATT,Fri Nov 10 19:18:29 +0000 2017,@123362 @85432 Hi Julie! I would be happy to assist you with your device concerns. Please DM me so we can get this resolved for you! ^CorieC https://t.co/7m6RT3Hk4n,
2238375,652687,Fri Nov 10 18:40:30 +0000 2017,"@ATT You’ve been very inattentive to my needs for over a year, now. Sure, you sweet talk me now and then but we both know you’re just trying to smooth things over - like I can forget about all the cold, disinterested conversations. The lonely silence. I have NEEDS!",2238374,ATT,Fri Nov 10 18:44:55 +0000 2017,"@652687 We understand that you feel as though our relationship is ruined, but we believe its never too late! Want to turn this around and start a clean slate with you. Give a chance to make things right! If we can be of assistance to you, please direct message us so we can help! ^TomJ",
2238378,652687,Fri Nov 10 18:31:07 +0000 2017,@ATT “h”? Is that all you have to say for yourself?,2238377,ATT,Fri Nov 10 18:36:25 +0000 2017,"@652687 Hey, Joshua. We thank you for reaching out to us. We understand you have a concern regarding the trade in of a phone. We are here to help with that. Please direct message us details, as well as your phone number so we can look into this for you! ^TomJ",2238376
2238380,652687,Fri Nov 10 17:33:54 +0000 2017,WWWOOOOWWW - asked this @ATT agent for honesty about what she saw that others didn’t and got it: the Indian call center they spun up to handle extra volume (with whom I dealt exclusively until today) apparently didn’t want the trouble. “There’s no way they couldn’t notice this.”,2238379,ATT,Fri Nov 10 18:30:35 +0000 2017,@652687 h,2238378
2238382,157031,Fri Nov 10 17:23:34 +0000 2017,@ATT @ATT can't DM you. Sorry! Basically I spent 3 hours at your store last night have been on 8 phone calls to you today and still no one can make Wi-Fi calling work on my phone. Advanced tech support was rude and interrupting me and support tickets were submitted improperly,2238381,ATT,Fri Nov 10 17:34:31 +0000 2017,@157031 Yikes! We really want to make this right! Could you try following us and then sending the DM? Let's see if that works! ^JasT,
2238384,157031,Fri Nov 10 17:09:43 +0000 2017,"@att advanced tech support was extremely rude, interrupted me multiple times. So frustrated with this company. Now they're telling me that my support tickets were not even submitted corrected by @att employees. WHAT GOES ON THERE?!",2238383,ATT,Fri Nov 10 17:16:51 +0000 2017,@157031 Oh no Sarah! We hate to hear that you treated this way! We never want to be rude to our family. We sincerely apologize and want to make this right. Please DM us a little more detail about your support concerns. We are awaiting your response. ^JasT,2238382
2238386,652688,Thu Nov 09 20:15:40 +0000 2017,@ATT Your garbage customer service sux. pray you guys collapse and have your monopoly eviscerated. https://t.co/ZV0JfkRniD,2238385,ATT,Fri Nov 10 16:58:58 +0000 2017,@652688 Let us know if assistance is needed. You can DM us here with details. ^CurtisK,
2242295,311762,Fri Nov 10 17:10:28 +0000 2017,@ATT @118062 Now waiting for the 13th for the new making of a song! #reputationoutnow,2242294,ATT,Fri Nov 10 22:24:00 +0000 2017,@311762 We can hardly wait - it's going to be TAY-mazing! #TaylorSwiftNOW,
2242299,321359,Fri Nov 10 17:08:51 +0000 2017,@ATT @118062 I love Taylor Swift!!,2256500,ATT,Fri Nov 10 23:52:39 +0000 2017,@321359 @118062 The feeling is mutual! ❤️ #TaylorSwiftNOW,
2242300,658678,Sat Nov 11 00:39:52 +0000 2017,@ATT @88848 @118062 I really hope Taylor comes to my state this era!!!,2262470,ATT,Sat Nov 11 03:24:28 +0000 2017,@658678 That would be TAY-mazing! #TaylorSwiftNOW,
2242307,679384,Sat Nov 11 02:30:22 +0000 2017,@ATT @118062 What channel was it on?  I looked for it.,2350549,ATT,Mon Nov 13 14:55:01 +0000 2017,"@679384 @118062 Only @117830, @127550 + @126768 customers have access to #TaylorSwiftNOW. Head to https://t.co/np3t3RrT2e Swift for more information.",
2242308,679383,Sat Nov 11 16:44:55 +0000 2017,@ATT @118062 @ATT what’s your favorite song,2350546,ATT,Mon Nov 13 15:06:27 +0000 2017,@679383 @118062 Do we need to pick just one? 😉 #TaylorSwiftNOW,
2242316,345643,Fri Nov 10 20:52:56 +0000 2017,@ATT @117735 do you really care? Seems you never reply to direct messages. https://t.co/m6tasDwD4l,2242315,ATT,Fri Nov 10 21:57:00 +0000 2017,"@345643 Hello, Brad. We actually care about you and we are here just to look into your issue for you. Can you please give us details regarding the picture you have sent to us. We are eager to help. ^WaleA. Social Media Specialist.",
2242318,176635,Tue Nov 07 18:54:57 +0000 2017,@ATT @117735 @126768 https://t.co/SzhvYmb68s,2242317,ATT,Fri Nov 10 21:05:00 +0000 2017,"@176635 Hello, we apologize for the late reply. Do you still need help? ^Matt P",
2242322,653718,Sat Nov 04 01:25:03 +0000 2017,"@ATT I've had to call at least once a month since we've signed with you to fix a mistake on your side, and HAVE BEEN CHARGED to have you fix mistakes on your end of the process. Absolute robbery",2242321,ATT,Fri Nov 10 20:41:00 +0000 2017,"@653718 Hi there, we'd like to look into this further. Can you please send us your account number and contact information? Thanks!",
2242327,439133,Fri Nov 10 20:31:36 +0000 2017,@ATT Only @117735 is available for me to DM. https://t.co/pQfNi4caqo,2242326,ATT,Fri Nov 10 20:39:26 +0000 2017,@439133 Hey! Yes that's us! :) Please send me a DM either with the account or phone number. ^NataliaC Social Media Specialist.,
2242329,439133,Fri Nov 10 19:56:26 +0000 2017,@ATT You'll have to follow me as well. I can't DM you yet.,2242328,ATT,Fri Nov 10 20:24:28 +0000 2017,"@439133 Thank you for your Reply Mimi, Twitter was updated so there is no need to Follow us or need to follow you in order  to DM. Could you please try one more time? ^NataliaC Social Media S.",2242327
2242331,653720,Fri Nov 10 20:20:05 +0000 2017,Hey @ATT my #iPhoneX ship date said 11/2 to 11/10. Wells It's now the 10th &amp; no email confirming shipment &amp; no estimated ship date now on my order. My friends who ordered a week after me got theirs today! #annoyed #whereismyphone #att,2242330,ATT,Fri Nov 10 20:29:02 +0000 2017,@653720 That's not what we like to hear Scott! Let's check on your order for you. Dm us your cell number and let's get this issue resolved the best way we can. We look forward to hearing back from you with this information! ^JaredA,
2242363,431132,Wed Oct 18 20:13:20 +0000 2017,@ATT how do I go about changing my number for my iPhone,2242362,ATT,Thu Oct 19 17:11:30 +0000 2017,@431132 I can help you with that! Please send us a DM with your AT&amp;T wireless phone number. I look forward to hearing from you! ! ^MariaB,
2242366,653732,Wed Oct 18 22:10:51 +0000 2017,Shout out to the AT&amp;T lady who said I was really pretty 😁,2242365,ATT,Thu Oct 19 16:49:01 +0000 2017,"@653732 So you agree, you think you're really pretty? 😉  Thanks for being part of the #ATTFamily! We're lucky to have you, Megan 💓",
2242368,653733,Thu Oct 19 16:02:55 +0000 2017,Yo @ATT how do you have your name on an iconic building and have virtually no service in Nashville?,2242367,ATT,Thu Oct 19 16:10:01 +0000 2017,"@653733 Hello Trenton, we are here for you! Can you provide a few more details about your concerns so we can properly assist you.^NicJ",
2256487,657192,Sat Nov 11 00:43:15 +0000 2017,"@285726 Thanks. @219259 actually got back to me 1 hour and 43 minutes later, I’ll see what they have to say. @117735 @ATT @117830",2256485,ATT,Sat Nov 11 01:08:00 +0000 2017,"@657192 Our apologies, Jack! DM us and clarify your account and best contact number, so we may assist you further with your pricing and signal/ reception concerns. We'll be patiently awaiting your response! Thanks in advance. ^BrittB",2256486
2256495,657194,Sat Nov 11 00:21:11 +0000 2017,@ATT apparently offers a $40 promotion then tries to charge you $60. CS said they would fix it but they have not. 😡 I wish @175 would service my area.,2256494,ATT,Sat Nov 11 00:27:00 +0000 2017,@657194 We appreciate you reaching out via social media. We know the frustration from being charged more than was told. Please DM us with your concerns and account number and we would be glad to look into this for you. we await your reply. ^AndM,
2256497,657195,Sat Nov 11 00:04:49 +0000 2017,Make sure everyone knows NOT to purchase service through @ATT,2256496,ATT,Sat Nov 11 00:23:28 +0000 2017,"@657195 Oh no, our apologies! We'd be more than happy to help with your order concerns. Do you have an order number? DM us with your account and best contact number, so we may properly assist you further. We're awaiting your response! ^BrittB",
2256499,657196,Fri Nov 10 06:13:00 +0000 2017,Got theses sweet AT&amp;T  Justice League posters. @88664  and the Justice League small poster from @88665 &amp;coffee. #justiceleague #AT&amp;T #dccomics #dceu https://t.co/JM1QXW9ZBk,2256498,ATT,Sat Nov 11 00:03:00 +0000 2017,@657196 Who’s your favorite hero? #Batman #WonderWoman #TheFlash #Aquaman #Cyborg  #JoinTheLeague https://t.co/m0u8OFAOb6,
2256502,657197,Fri Nov 10 22:21:16 +0000 2017,"If a carrier like @ATT no longer subsidizes the cost of an iPhone, then why do I have to pay an upgrade fee to get a new phone?",2256501,ATT,Fri Nov 10 23:45:00 +0000 2017,"@657197 Hey there, we can understand the confusion with the upgrade fee to get a new phone and would be happy to assist. Please DM us your account number so that we can look into this for you. ^TiffH",
2256504,657198,Sat Nov 04 17:32:53 +0000 2017,Thanks @117735 @ATT technician came out today to switch to 75mps service.  Said he couldn’t finish and left me with no int or tv service!!,2256503,ATT,Fri Nov 10 23:07:30 +0000 2017,"@657198 Hello, Kris please reach out to in a dm to reassure us this issue was fixed. ^Ariane.J https://t.co/7m6RT3Hk4n",
2262472,658679,Sat Nov 11 02:40:53 +0000 2017,"@ATT Gee, thanks for all your “help” [crickets]",2262471,ATT,Sat Nov 11 03:15:25 +0000 2017,"@658679 Hey there, Kevin we want to help resolve your billing concerns. Would you kindly DM us your account number and cell number so that we can look into this for you. We await your reply ^AndM",
2262474,658679,Sat Nov 11 02:00:10 +0000 2017,"Call w/ @ATT: Your contract’s over; we’re hiking your rate 30%
Me: Cancel my service.
Att: Oh, that would break your contract - pay up!",2262473,ATT,Sat Nov 11 02:21:28 +0000 2017,@658679 Hi Kevin! Can you please let us know exactly what happen? We are here to assist you with all your service issues. What line of service do you have U-Verse or DirecTV? What is your account number? DM us we will be awaiting your response. ^WillP,2262472
2262476,658680,Sat Nov 11 03:38:03 +0000 2017,"@ATT i meant like date, time, and location i cant seem to find any. Thanks!",2262478,ATT,Sat Nov 11 04:37:12 +0000 2017,"@658680 11 Fulton St, New York, NY (corner of Front &amp; Fulton)
Sunday, November 12:  11am – 9pm
Monday, November 13: 11am – 2pm
Tuesday, November 14:  11am – 2pm
Wednesday, November 15: 11am – 9pm
Thursday, November 16: 11am – 9pm",
2262477,658680,Sat Nov 11 00:55:32 +0000 2017,@ATT @121574 Can you give some more information on the NY Taylor Pop up shop,2262475,ATT,Sat Nov 11 03:10:28 +0000 2017,@658680 Fans of all ages are invited to this open-to-the-public event that will feature the new line of reputation merchandise and amazing experiences!,2262476
2262480,502666,Sat Nov 11 02:22:33 +0000 2017,Hey @ATT why is my internet speed 220.382dn/46.699up when I pay for Fiber? @117735 #ATT #speedtest #cedarparktowncenter #Ethernetport,2262479,ATT,Sat Nov 11 02:31:00 +0000 2017,"@502666 Hi, there. We know how upsetting it can be not to have the quality of internet service one has paid for. This is not the kind of experience we want for you. Let us help you look into your service issue by providing your account and contact number. We await your reply. ^WaleA.",
2269616,660419,Sun Oct 08 21:16:07 +0000 2017,X #CowboysNation #Sweepstakes @ATT https://t.co/VBB2GzWy7j,2269615,ATT,Thu Oct 19 18:18:02 +0000 2017,@660419 Hi! Can you please send us a DM? We have some great news for you!,
2269644,660428,Thu Oct 19 16:26:40 +0000 2017,"Order a $800 phone,doesn't even ship for a week. Nice job @ATT #helloTmobile #horriblebuisness",2269643,ATT,Thu Oct 19 17:56:31 +0000 2017,@660428 Let us investigate that order! Submit a DM containing your phone number so that we can adequately and efficiently assist you. ^LarL,
2269646,660429,Wed Oct 18 19:39:45 +0000 2017,Either my phone is on the fritz already or @ATT is having an intermittent outage they're not telling people about 🤔,2269645,ATT,Thu Oct 19 17:40:33 +0000 2017,"@660429 We don't like to hear that, Ash. Please DM us with your account number and contact info so we can look into this for you.",
2274304,661524,Sat Nov 11 02:36:16 +0000 2017,"Yeah.. you’re doing it right sweetie!!! 

#reputation https://t.co/VLB13jsSdW",2274303,ATT,Sat Nov 11 04:50:29 +0000 2017,@661524 We agree - simply TAY-mazing! #TaylorSwiftNOW,
2278048,662425,Sat Nov 11 18:00:16 +0000 2017,@ATT @662426 @118062 So far away.. 😣,2278047,ATT,Sat Nov 11 18:39:31 +0000 2017,@662425 Follow us on social to stay updated on future #TaylorSwiftNOW events!,
2278055,667887,Sun Nov 12 08:16:10 +0000 2017,@ATT @121574 @118062 For I enrty any tickets or anything required?,2301265,ATT,Sun Nov 12 17:41:00 +0000 2017,"@667887 Hi! This event is free and open-to-the-public. For more information on the reputation Pop Up in NYC, visit: https://t.co/Vroo72u5mA",
2278159,668622,Sun Nov 12 04:31:15 +0000 2017,@ATT @118062 I’m so excited to go tomorrow!!,2304398,ATT,Sun Nov 12 19:59:00 +0000 2017,@668622 We can't wait to hear how much you loved it!,
2278165,664556,Sat Nov 11 23:13:49 +0000 2017,@ATT @118062 What are the hours of the store ?,2287286,ATT,Sun Nov 12 02:07:29 +0000 2017,"@664556 Hi, Jessica! The event hours are Sunday, November 12:  11am – 9pm
Monday, November 13: 11am – 2pm
Tuesday, November 14:  11am – 2pm
Wednesday, November 15: 11am – 9pm
Thursday, November 16: 11am – 9pm",
2278166,664879,Sat Nov 11 23:13:27 +0000 2017,@ATT @118062 Can’t wait!!!!!!! What time should I️ come!,2288533,ATT,Sun Nov 12 03:43:55 +0000 2017,"@664879 Hi Shaye,on Sunday, November 12 the hours are 11am – 9pm.",
2278182,668685,Sun Nov 12 20:07:54 +0000 2017,"@ATT @118062 Will you guys please do one in Washington, D.C. 😭 I WOULD SO BE THERE 🙋🏻💁🏻",2304660,ATT,Sun Nov 12 20:28:28 +0000 2017,"@668685 At this time, the NYC Pop Up is the only one we have planned. Follow us on social to stay updated on future #TaylorSwiftNOW events!",
2279961,662827,Sat Nov 11 18:00:07 +0000 2017,"@117830 @89431 ya deberían cambiarle a este pobre, de mas pequeño era un poco pasable, pero ahora es un tipo ridículo https://t.co/ymRilnI63x",2279960,ATT,Sat Nov 11 19:47:01 +0000 2017,@662827 Asistencia en espanol esta disponible por telefono llamando al 888-388-6622,
2281294,663140,Sat Nov 11 19:29:28 +0000 2017,"Really crappy customer service from @ATT for my wireless service today. Lots of chat, no help and agent supervisor signs off. Loyalty pays. #FAIL",2281293,ATT,Sat Nov 11 20:51:25 +0000 2017,"@663140 Hi, Patrick! It hurt us to know that you feel like you're not getting the service you deserve. We'd love to assist &amp; better your experience here. DM details to your wireless issue &amp; also provide your wireless number to best assist your concern. We await your reply. We care! ^NdyE",
2283850,9945,Sat Nov 11 06:01:28 +0000 2017,@att Trying to complete a # port to wireless. Rep at port center confirms current carrier has already confirmed the # but can’t change my wireless acct b/c system is set to complete the port days from now in spite of the confirmation. Makes no sense.,2283847,ATT,Sat Nov 11 12:46:00 +0000 2017,"@9945 Good morning, DGL! We understand you're eager to get your wireless number ported and see why it's taking so long to be completed. We're more than happy to help you with this. First, may you please DM us your current wireless number? We can't wait to hear back from you! ^MarkaylaE","2283848,2283849"
2283852,502666,Sat Nov 11 10:22:29 +0000 2017,Hey @ATT why is my internet speed 254.868dn/60.454up when I pay for Fiber? @117735 #ATT #speedtest #cedarparktowncenter #Ethernetport,2283851,ATT,Sat Nov 11 12:00:33 +0000 2017,@502666 Hello! We hate to hear your having an issue with your internet speed. Try troubleshooting your device at https://t.co/oWhScs2AUB. ^ErinJ,
2287823,664692,Sun Nov 12 01:56:12 +0000 2017,We should be able to bill spam callers for using our cell minutes. (Psst @att),2287822,ATT,Sun Nov 12 02:45:34 +0000 2017,"@664692 Hello Bryan, thank you very much for reaching out to us today. Are you receiving constant spam calls on your wireless cell service? If we are correct, please do tell us how often the spam callers repeat? DM us more details. Thank you. ^MonF",
2290473,442235,Thu Oct 12 14:38:31 +0000 2017,"Thanks for the 50KB/s connection today during conference calls, @ATT. Can we get fiber like the rest of my town now? TIA.",2290472,ATT,Thu Oct 19 19:41:32 +0000 2017,@442235 Thank you for reaching out us about your 50KB/s connection. Can you provide your acct# in a DM so we can further assist.^CrysS,
2290475,665339,Thu Oct 19 00:03:25 +0000 2017,"Okay AT&amp;T, we gotta talk because this was my plan as soon as the music vid came out so don't steal my thunder thx https://t.co/V0WEksTaxc",2290474,ATT,Thu Oct 19 19:38:47 +0000 2017,"@665339 Ok, Kate, let's talk about it. Which Taylor are you? https://t.co/Sn2syhrKoN",
2290477,665340,Thu Oct 19 19:00:03 +0000 2017,@ATT : overpriced service = total garbage,2290476,ATT,Thu Oct 19 19:29:42 +0000 2017,"@665340 Oh no , J! DM us with more details on your service concerns. We're looking forward to hearing back from you soon. ^BrittB",
2290479,219830,Thu Oct 19 13:57:36 +0000 2017,Humbled to say I have ✌🏻 NEW GUINNESS WORLD RECORDS (@134996). Thanks to my @ATT family for help making this happen! #AttAthlete https://t.co/ychDvGGWt0,2290478,ATT,Thu Oct 19 19:05:27 +0000 2017,@219830 What an all-star! 🎉 You’re serious #goals! 😀⚽️,
2290486,665341,Thu Oct 19 18:52:26 +0000 2017,"@ATT congratulations you are officially the most anti-customer company. I had the single worst experience. Bait and switch, opacity, complexity, and wasting time are your primary tools so customers back down and just PAY. I have chat transcript for you.",2290485,ATT,Thu Oct 19 19:01:31 +0000 2017,@665341 Allow us to turn this experience around! Send us a DM with details on what we can assist you with. Awaiting your reply! ^TinaT,
2297248,656276,Sun Nov 26 14:50:46 +0000 2017,@ATT ill try going in. thanks🙃,2297247,ATT,Sun Nov 26 15:08:46 +0000 2017,"@656276 Not a problem! Our store representatives will be more than happy to assist you with obtaining a replacement charger for your device! In the future, if you have any other questions or concerns, please DM us and we will be more than happy to assist you! ^YanD",
2297250,656276,Sun Nov 26 13:59:08 +0000 2017,@ATT it’s an iPhone roped charger and i got it last year from one of your stores,2297249,ATT,Sun Nov 26 14:48:04 +0000 2017,"@656276 Oh no. We hate to hear your rope charger from last year no longer works. Have you tried going to your local AT&amp;T store to purchase another one? If not, here is a link to order online: https://t.co/ceyPINrZGh Let us know if this works for you. Awaiting your response. ^JaquellaL",2297248
2297252,656276,Sat Nov 25 23:07:15 +0000 2017,hey why is my charger not working um?? @ATT,2297251,ATT,Sun Nov 26 13:02:29 +0000 2017,@656276 Hey there. Thank you for reaching out to the social media team! We know how frustrating it can be when your charger doesn’t work. How long have you had the charger? What type of phone does it charge? Can’t wait to hear back from you. ^JaquellaL,2297250
2297254,666908,Sun Nov 26 13:44:16 +0000 2017,@666909 @ATT @29360 @853 @1033 Direct TV = AT&amp;T 😑😂,2297253,ATT,Sun Nov 26 13:53:25 +0000 2017,"@666908 Greetings Luis, how may we be of assistance to your needs? Provide us details of your service concerns via message &amp; we'd be happy to further look into some possible options for this matter. Let us know! ^Niesha J.",
2297368,666937,Sun Nov 26 19:15:14 +0000 2017,"@ATT @53834 @90153 The last @ATT person I DM’d said my home internet bill would go from $79/mo. to $40/mo.  Then you just went ahead and charged me $79/mo. again.  When I called, an ATT representative told me that person wasn’t authorized to give a discount and the bill would remain $79/mo.  #Liars",2297370,ATT,Sun Nov 26 19:23:29 +0000 2017,"@666937 @53834 @90153 We would love to get down to the bottom of your billing issue. Please DM us your account number, so we may properly assist you with a resolution. We are here for you and look forward to hearing back from you. Thanks! ^ErinJ","2297371,2297372"
2297369,666937,Sun Nov 26 13:28:25 +0000 2017,"Cancelling @117830 &amp; @ATT internet to have @53834 (@90153) re-installed.  I won’t pay companies that lie, have poor customer service, and overcharge your account.  I suggest everybody stay far, far away from @219259.",2297367,ATT,Sun Nov 26 13:43:52 +0000 2017,"@666937 @53834 @90153 Hello! Thank you for reaching out to us. We definitely don't want to lose a valued customer. Please DM us details on the issue you're having, so we may properly assist you with a resolution. We are here for you and look forward to hearing back from you. Thanks! ^ErinJ",2297368
2297371,666937,Sun Nov 26 19:33:16 +0000 2017,@ATT @53834 @90153 I don’t know what my account number was,2297373,ATT,Sun Nov 26 19:56:29 +0000 2017,"@666937 @53834 @90153 Okay, that's fine. Try locating your account number at https://t.co/rojGkJEwHv. If not, please provide us with your service address and phone number. Thanks! ^ErinJ",2297374
2297376,666938,Sun Nov 26 06:25:45 +0000 2017,@666939 @ATT Ever since I got my new phone it freezes and glitches 24/7. But they want me to pay 725 because prior to the issue my battery fried out and I have ONE SCRATCH. I can't wait to pay this phone off and get a new carrier.,2297375,ATT,Sun Nov 26 13:27:25 +0000 2017,"@666938 Hi, Cait! Having to pay $725 to repair your phone because of one scratch and a fried out battery can be frustrating, so we can understand your current disappointment with your wireless service. Please DM us with more details and your account number. We are here to help! ^YanD",
2297379,666940,Sun Nov 26 06:16:27 +0000 2017,@666941 Right? My family has been a customer of @ATT for at least the last 10 years and im charged a 25 dollar activation fee to upgrade my phone to lock myself into another 2 years of service?,2297378,ATT,Sun Nov 26 13:21:58 +0000 2017,"@666940 Hi, Tim! We understand your frustration with having to pay a $25 activation fee. We greatly appreciate your service of 10 years and do not want to jeopardize our relationship! Please DM us with more details and what we can do for you! We wan to turn this experience around! ^YanD",
2297382,666942,Sun Nov 26 04:27:50 +0000 2017,"@ATT I ordered direct tv a while back.. I've had 3 appointments since then (the 13th, the 17th, and today the 25th) and still nobody has shown.. after the 17th I called and was promised 50 bucks off my 1st bill and a $200 gift card",2297381,ATT,Sun Nov 26 13:15:27 +0000 2017,"@666942 Hey,Jason.Sorry to hear you are having trouble installing your Direct TV.This is not the impression we want to leave on our new AT&amp;T family members.Please DM us your account/phone number,and your billing address with the best time to call so we can get started.^AlonzoW",
2297384,666943,Sun Nov 26 04:38:16 +0000 2017,Hey @ATT @117735 just wanted to let you know I will be dropping your WiFi first thing Monday morning. Why pay for extra speed and be slower than everyone else’s base package?,2297383,ATT,Sun Nov 26 13:13:00 +0000 2017,@666943 Oh no Thomas! we are displeased to hear that you will be cancelling your WiFi services with us. Allow us the chance to turn this around here is a link to assist with your speeds let us know if this help you. We look forward to hearing back from you! https://t.co/kZWosnruoI ^J.H.,
2299892,667527,Sun Nov 12 15:57:07 +0000 2017,Boy am I getting tired of having no service from @ATT when I'm on @429805 #silverline and @19175 ! Thinking of switch...,2299891,ATT,Sun Nov 12 16:25:35 +0000 2017,@667527 Hello! We're to help with your data concerns! We know how important having a seamless data connection is when riding the MBTA! Hop in the link for steps to correct our connection concern! https://t.co/7ESCRuaHHJ DM us your phone number for further assistance! Let's talk! ^DanaS,
2300962,667811,Sun Nov 12 15:36:57 +0000 2017,Please bring #repPopUpATT to Chicago! 😘🙏🏼 @121574 @ATT,2300960,ATT,Sun Nov 12 17:23:00 +0000 2017,"@667811 At this time, the NYC Pop Up is the only one we have planned. Follow us on social to stay updated on future #TaylorSwiftNOW events!",2300961
2300964,667811,Mon Nov 13 00:48:17 +0000 2017,@312502 @ATT You are so right!!!!,2300965,ATT,Mon Nov 13 01:13:30 +0000 2017,"@667811 We love your enthusiasm! The NYC Pop Up is the only one we have planned at this time, but . follow us on social to stay updated on future #TaylorSwiftNOW events!",
2300968,667812,Sun Nov 12 15:42:43 +0000 2017,Hey @121574 @ATT can we get a #reputation pop up shop in Nashville???,2300966,ATT,Sun Nov 12 17:22:00 +0000 2017,"@667812 At this time, the NYC Pop Up is the only one we have planned. Follow us on social to stay updated on future #TaylorSwiftNOW events!",2300967
2300970,534560,Sun Nov 12 15:48:41 +0000 2017,Can you please make Nashville or Atlanta your next stop @121574 @ATT 🖤💕 #repPopUpATT,2300969,ATT,Sun Nov 12 17:14:31 +0000 2017,"@534560 At this time, the NYC Pop Up is the only one we have planned. Follow us on social to stay updated on future #TaylorSwiftNOW events!",
2302401,668149,Sun Nov 12 05:32:57 +0000 2017,@121574 @ATT That was amazing,2302400,ATT,Sun Nov 12 18:42:54 +0000 2017,@668149 Or TAY-mazing! #TaylorSwiftNOW,
2302474,315175,Sun Nov 12 05:28:29 +0000 2017,@121574 @ATT I live on the other side of the country so I'll just be dancing while blasting Reputation in my room 😂 #TaylorOnSNL,2304993,ATT,Sun Nov 12 20:30:00 +0000 2017,"@315175 Hey Hey!! At this time, the NYC Pop Up is the only one we have planned. Follow us on social to stay updated on future #TaylorSwiftNOW events!",
2302479,679379,Mon Nov 13 07:33:42 +0000 2017,@121574 @ATT Yesssssss! 👏😍,2350532,ATT,Mon Nov 13 16:10:00 +0000 2017,@679379 It's going to be TAY-rrific!😍 #TaylorSwiftNOW,2350533
2302484,668150,Sun Nov 12 17:10:37 +0000 2017,"@att Your customer service is failing you! You are trying to limit your costs, but it will ultimately cost your company! I have tried to reach out through @117735 as well! To include DM as requested and still nothing!",2302483,ATT,Sun Nov 12 18:37:00 +0000 2017,"@668150 Hi, thanks for reaching out. Please DM us what service you have and how we can help. We aim to offer you stellar customer service! ^EG",
2302801,668229,Sun Nov 12 18:44:20 +0000 2017,Can @ATT's #repPopUpATT come to DC? Nothing ever does and it would be lovely to grab some of that @118062 merch,2302800,ATT,Sun Nov 12 18:48:00 +0000 2017,"@668229 At this time, the NYC Pop Up is the only one we have planned. Follow us on social to stay updated on future #TaylorSwiftNOW events!",
2303221,668326,Sun Nov 12 19:02:42 +0000 2017,So um can the #RepPopUpATT come to Texas pretty please @ATT @118062,2303220,ATT,Sun Nov 12 19:10:00 +0000 2017,"@668326 At this time, the NYC Pop Up is the only one we have planned. Follow us on social to stay updated on future #TaylorSwiftNOW events!",
2304112,668546,Sun Nov 12 04:32:08 +0000 2017,@668547 @121574 @ATT I’ll be there tomorrow!!! #tspress #reputation,2304111,ATT,Sun Nov 12 19:56:00 +0000 2017,@668546 Be sure and let us know how much you loved it!,
2304391,668618,Sun Nov 12 19:18:02 +0000 2017,"@121574 @ATT WHOEVER IS IN CHARGE, open a pop up shop in chicago thx",2304390,ATT,Sun Nov 12 20:12:00 +0000 2017,"@668618 Hey Hey!! At this time, the NYC Pop Up is the only one we have planned. Follow us on social to stay updated on future #TaylorSwiftNOW events!",
2304393,668619,Sun Nov 12 19:19:50 +0000 2017,"@117830 @121574 Will the ‘reputation’ Pop Up Shop be available in other cities, or is it just in NYC??",2304392,ATT,Sun Nov 12 20:04:00 +0000 2017,"@668619 At this time, the NYC Pop Up is the only one we have planned. Follow us on social to stay updated on future #TaylorSwiftNOW events!",
2304396,668620,Sun Nov 12 19:36:26 +0000 2017,YES PRETTY PRETTY PLEASE! @ATT #RepPopUpATT https://t.co/oIdrJz4GeV,2304394,ATT,Sun Nov 12 20:01:00 +0000 2017,"@668620 Hey!! At this time, the NYC Pop Up is the only one we have planned. Follow us on social to stay updated on future #TaylorSwiftNOW events!",2304395
2304665,126207,Sun Nov 12 19:35:47 +0000 2017,@294991 @118062 @117830 @127550 But. But. But. I want that merch now!!!!,2304661,ATT,Sun Nov 12 20:27:00 +0000 2017,"@126207 Hey Dakota- At this time, the NYC Pop Up is the only one we have planned- are you close? Follow us on social to stay updated on future #TaylorSwiftNOW events!","2304662,2304663,2304664"
2304668,668687,Sun Nov 12 19:10:21 +0000 2017,@121574 are the free pop sockets only in the nyc att stores? or all over the us?,2304667,ATT,Sun Nov 12 20:14:25 +0000 2017,"@668687 At this time, the NYC Pop Up is the only one we have planned. Follow us on social to stay updated on future #TaylorSwiftNOW events!",
2306003,669020,Sun Nov 12 22:10:46 +0000 2017,I’m sooooo excited to go ahhhh https://t.co/MVwLEDIPOW,2306002,ATT,Mon Nov 13 00:07:51 +0000 2017,@669020 We cannot wait to see you there!,
2306005,669021,Sun Nov 12 23:59:55 +0000 2017,@ATT @121574 please do more pop up stores throughout the US please 💞💞,2306004,ATT,Mon Nov 13 00:03:37 +0000 2017,"@669021 At this time, the NYC Pop Up is the only one we have planned. Follow us on social to stay updated on future #TaylorSwiftNOW events!",
2306007,126283,Sun Nov 12 22:13:52 +0000 2017,I can’t believe I was seating in @118062 throne 😭😍❤️ thank you @ATT for the POP UP STORE!!! Flying from Texas was so worth it! The merch was exclusive and amazing! The props and outfits were beautiful!!!! Great TS experience! #repPopUpATT @121574 https://t.co/PFdWnwbHKn,2306006,ATT,Mon Nov 13 00:03:34 +0000 2017,@126283 Best day EVER! ❤️,
2307692,669430,Mon Nov 13 00:47:01 +0000 2017,@ATT @118062 Is this coming to L.A.? My Swiftie is obsessed,2307691,ATT,Mon Nov 13 01:20:55 +0000 2017,"@669430 At this time, the NYC Pop Up is the only one we have planned. Follow us on social to stay updated on future #TaylorSwiftNOW events!",
2307703,626807,Mon Nov 13 00:45:02 +0000 2017,@ATT @397656 @118062 You guys coming to Texas?  😢,2350494,ATT,Mon Nov 13 17:11:57 +0000 2017,"@626807 At this time, the NYC Pop Up is the only one we have planned. Follow us on social to stay updated on future #TaylorSwiftNOW events!",
2307704,239061,Mon Nov 13 00:44:54 +0000 2017,@ATT @118062 Do we get one in the west coast???,2350493,ATT,Mon Nov 13 17:40:00 +0000 2017,"@239061 At this time, the NYC Pop Up is the only one we have planned. Follow us on social to stay updated on future #TaylorSwiftNOW events!",
2307721,637621,Mon Nov 13 14:27:46 +0000 2017,@ATT @118062 The pop up shop will stay in NYC till this weekend? Cause I'll be in NYC Friday and Saturday!!,2350511,ATT,Mon Nov 13 16:26:33 +0000 2017,"@637621 Hey there, the Taylor Swift NOW reputation Pop Up will run from Nov. 12-16 in NYC. At this time, the NYC Pop Up is the only one we have planned. Follow us on social to stay updated on future #TaylorSwiftNOW events!",
2307728,713356,Wed Nov 15 02:08:30 +0000 2017,@ATT @118062 😍😍😍,2500550,ATT,Wed Nov 15 18:19:44 +0000 2017,"@713356 We’re loving it, too!",
2312179,670544,Sun Nov 12 21:56:06 +0000 2017,"@670545 @ATT @117735 After 5 hours they did resolve it, I think. Lol",2312177,ATT,Sun Nov 12 22:00:00 +0000 2017,"@670544 I'm glad it was resolved! I apologize again for the frustration of the call; we do not want that for our customers. If you have any questions or concerns in the future, feel free to reach back out to us on social media! We're happy to help. ^RiAnnB",2312178
2312285,670574,Fri Oct 13 10:00:55 +0000 2017,"@ATT @119777 cant wait!
#JusticeLeague will be the epic tale I always wanted from a JL film",2312283,ATT,Thu Oct 19 22:07:37 +0000 2017,"@670574 @119777 We’re geeking out, too! Who’s your favorite hero? We're guessing #Batman #JoinTheLeague",2312284
2312290,670575,Thu Oct 19 21:46:05 +0000 2017,@670576 @ATT my wifi disconnects from my phone every 5 minutes. so annoying.,2312289,ATT,Thu Oct 19 21:57:30 +0000 2017,@670575 Good afternoon Karen! We're sorry about your connection problems! Try this link to troubleshoot! https://t.co/OaIriBdJfZ ^AdiS,
2312337,670586,Thu Oct 19 20:59:25 +0000 2017,"When someone yells at me and bangs their fist on the table - as a manager of an @ATT store, they’re lucky to walk away breathing",2312336,ATT,Thu Oct 19 21:08:00 +0000 2017,@670586 We apologize for your regretable instore experience. Please allow us to change your perception and DM your concerns? ^RickeyY,
2319380,672279,Thu Oct 19 22:34:30 +0000 2017,Sure wish the @117735 trek 2 HD tablet could read usb flash drives!,2319379,ATT,Thu Oct 19 22:57:29 +0000 2017,@672279 Hi Shane! I would be happy to assist you today. Please follow and DM us your mobile account information! Thank you. ^CorieC,
2320166,672441,Mon Nov 13 13:11:41 +0000 2017,Unbelievable- I asked simply to combine my @10136 and @att bill and NO ONE mentioned it would double the first month! #oneincome #tooexpensive,2320165,ATT,Mon Nov 13 13:22:00 +0000 2017,"@672441 Good morning, Lisa! We'd like to looking into your double charge on your bill. We apologize for the miseducation of what would happen if combined. Could we get you to DM us your account number? We want to try and see what can be done/switched around for you. Thanks you! ^AkilahS",
2329356,674458,Thu Oct 19 21:50:27 +0000 2017,@ATT @160143 @126768  huge issues and lack of customer service - no one does what they say - need head quarters #,2329355,ATT,Fri Oct 20 00:07:32 +0000 2017,"@674458 Kathryn, we don't want you to feel that way! We are here to help via social media. PM the details that you are having? ^SierraM",
2336030,136677,Thu Oct 19 22:28:18 +0000 2017,"Hey @ATT @117735 u have an amazing employee who is very smart, friendly and a total asset to your company! Promote him &amp; keep him! https://t.co/V5MPKuEC1z",2336029,ATT,Fri Oct 20 02:34:33 +0000 2017,"@136677 Hello Adnan and Samia, thanks so much for sharing your experience - we will make sure your kudos get back to Jose! 😎🏆🎉",
234097,171740,Thu Oct 05 04:43:45 +0000 2017,@att My new #iPhone8 says that there is no SIM card. What do I do?,234096,ATT,Thu Oct 05 12:43:27 +0000 2017,@171740 Oh no Tobey! That's not good! We recommend this link https://t.co/QovQUngkKg . DM us if you still need help! ^KylieL,
234099,171741,Thu Oct 05 01:50:32 +0000 2017,@ATT I just got a call to my phone by my own number. What is a possible reason for that?,234098,ATT,Thu Oct 05 11:58:00 +0000 2017,@171741 We are here to help! Could you DM us with more information to further assist you? We await your response. ^AbayomiO,
234101,171742,Thu Oct 05 02:36:31 +0000 2017,Why does the WiFi in my room only work in the bathroom @ATT explain yourselves,234100,ATT,Thu Oct 05 11:48:00 +0000 2017,"@171742 Hi there, we'd be happy to look into why your WIFI signal is weak in some areas! Please DM us your account number. ^PaigeR",
2350496,443149,Sun Nov 12 23:57:38 +0000 2017,@ATT It was amazing! Worth the 2 hour wait https://t.co/Fs99Nde8hw,2350495,ATT,Mon Nov 13 17:09:43 +0000 2017,"@443149 Would you say it was TAY-mazing? 😉Thanks for joining us, Callie!",
2350502,239053,Sun Nov 12 22:35:23 +0000 2017,@ATT Will there be one in LA?,2350507,ATT,Mon Nov 13 17:08:07 +0000 2017,"@239053 At this time, the NYC Pop Up is the only one we have planned. Follow us on social to stay updated on future #TaylorSwiftNOW events!",
2350509,679376,Mon Nov 13 00:33:11 +0000 2017,@90565 @ATT UGH until when?!,2350508,ATT,Mon Nov 13 17:07:22 +0000 2017,@679376 Hi Elisa! The Pop Up will be taking place until November 16 in NYC. Come help us celebrate!,
2350513,679377,Tue Nov 14 09:23:35 +0000 2017,@ATT @117830 @127550 @126768 I downloaded direct tv now and signed up. how do i find it? I only see 3 episodes? @ATT,2350515,ATT,Tue Nov 14 17:16:22 +0000 2017,@679377 Head to https://t.co/zh0Rd9S1zS for more information on #TaylorSwiftNOW!,
2350514,679377,Mon Nov 13 15:02:26 +0000 2017,@ATT @679378 @118062 @127550 how do u get this if ur a comcast customer??? @ATT,2350512,ATT,Mon Nov 13 16:21:27 +0000 2017,"@679377 Hi Amanda, only @117830, @127550 + @126768 customers have access to #TaylorSwiftNOW. Head to https://t.co/np3t3RJuqO Swift for more information.",2350513
2350517,129176,Mon Nov 13 14:54:49 +0000 2017,@ATT @118062 @127550 This is going to be so cool! #TaylorSwiftNOW,2350534,ATT,Mon Nov 13 15:53:39 +0000 2017,"@129176 @118062 @127550 New episodes of “The Making of a Song” will go live each week. You can watch other behind-the-scenes videos, concerts, interviews and more spanning Taylor’s entire career on Taylor Swift NOW. #TaylorSwiftNOW",
2350518,681590,Mon Nov 13 19:01:16 +0000 2017,@ATT @118062 @127550 I love her so much OMG,2360089,ATT,Mon Nov 13 19:02:33 +0000 2017,@681590 The feeling is mutual! Watch more episodes of The Making of a Song on #TaylorSwiftNOW. Head to https://t.co/zh0Rd9S1zS   for more information.,2360090
2350519,668620,Mon Nov 13 17:16:59 +0000 2017,@ATT @118062 @127550 My baby!  I love her so so much!!!!!,2360097,ATT,Mon Nov 13 18:55:55 +0000 2017,@668620 We ❤️ her too! Watch more episodes of The Making of a Song on #TaylorSwiftNOW. Head to https://t.co/zh0Rd9S1zS  for more information.,2360098
2350520,681592,Mon Nov 13 17:16:11 +0000 2017,@ATT @320191 @118062 @127550 Ahhhh that wink.. Gets me every dang time.,2360101,ATT,Mon Nov 13 18:48:00 +0000 2017,"@681592 Us too, Becky! Watch more episodes of The Making of a Song on #TaylorSwiftNOW. Head to https://t.co/zh0Rd9AqIk for more information.",
2350521,239053,Mon Nov 13 19:04:59 +0000 2017,@ATT @118062 @127550 I LOVE THIS ALREADY!,2360088,ATT,Mon Nov 13 19:19:43 +0000 2017,@239053 @118062 @127550 We're loving it as much as you! Watch more episodes of The Making of a Song on #TaylorSwiftNOW. Head to https://t.co/zh0Rd9S1zS    for more information.,
2350522,681589,Mon Nov 13 18:56:23 +0000 2017,@ATT @118062 @127550 THIS IS PERFECTTTT,2360087,ATT,Mon Nov 13 18:58:20 +0000 2017,@681589 Isn't it Tay-rrific!? We ❤️ that you're loving it,2360086
2350523,685290,Mon Nov 13 23:56:18 +0000 2017,"@ATT @118062 @127550 I’m addicted, I’ve been watching them over and over again all afternoon 🤷🏻‍♀️",2375847,ATT,Tue Nov 14 00:00:40 +0000 2017,@685290 We could watch The Making of a Song all day long!,
2350524,683758,Mon Nov 13 14:57:42 +0000 2017,@ATT @397656 @118062 @127550 that's awesome ! ! taylor taylor i love you☀ ☀ ☀ ☀ ☀ ☀ ☀ ☀ ☀ ❤ ❤ ❤ ❤ ❤ ❤ ❤ ❤,2369229,ATT,Mon Nov 13 22:55:32 +0000 2017,@683758 We love Taylor THIS much! #TaylorSwiftNOW https://t.co/nChKYDcGdP,
2350525,683754,Mon Nov 13 22:57:54 +0000 2017,@ATT @683755 @118062 @127550 TAYLOR 💕🔥,2369205,ATT,Mon Nov 13 23:33:15 +0000 2017,@683754 Same! We can’t get enough! #TaylorSwiftNOW https://t.co/rdlwqCkUKf,
2350526,311762,Mon Nov 13 15:02:07 +0000 2017,@ATT @118062 @127550 Yes yes yes,2369228,ATT,Mon Nov 13 22:58:37 +0000 2017,@311762 Make sure to tune-in for more new episodes on #TaylorSwiftNOW! https://t.co/qDxtsY8ZLu,
2350527,683756,Tue Nov 14 04:26:59 +0000 2017,@ATT @118062 @127550 I love her more than words can say. My heart actually hurts the longer I watch this...,2424316,ATT,Tue Nov 14 17:13:43 +0000 2017,"@683756 Same! We just can’t get enough, Rebecca! #TaylorSwiftNOW https://t.co/IhCrVLRcmp",
2350528,696203,Tue Nov 14 17:18:21 +0000 2017,@ATT @118062 @127550 She's such a genius and loooove that we have the opportunity to see her create her masterpiece!,2424314,ATT,Tue Nov 14 17:22:03 +0000 2017,"@696203 Amanda, we’re fascinated by Taylor’s creative process, too! #TaylorSwiftNOW https://t.co/AVsxen57Z1",
2350529,696204,Tue Nov 14 00:46:58 +0000 2017,"@ATT @118062 @127550 NEVER STOP POSTING VIDEOS LIKE THIS!!! That's amazing, thank youuuuuu AT&amp;T ❤️",2424315,ATT,Tue Nov 14 17:18:20 +0000 2017,"@696204 We’re loving it, too! We could watch The Making of a Song all day long! #TaylorSwiftNOW https://t.co/9LIfzfjW4X",
2350530,236811,Tue Nov 14 17:32:42 +0000 2017,"@ATT @118062 @127550 I. NEED. MORE. !!
Love seeing Tay work her magic BTS..like being a ""fly on the wall"" #reputation 
 #TaylorSwiftNOW https://t.co/HVSUXc1kS9",2433413,ATT,Tue Nov 14 19:52:00 +0000 2017,"@236811 We’re fascinated by Taylor’s creative process, too! https://t.co/Sx3i4FO6AF",2433414
2350536,679380,Mon Nov 13 15:07:39 +0000 2017,wtf @ATT . Your installer ripped apart my father-in-laws brand new cat6 patch panel and terminated the cables directly to the gateway. Why go through that trouble? There were patch cables right next to it! FIX THIS.,2350535,ATT,Mon Nov 13 15:29:38 +0000 2017,"@679380 Good morning, Andrew. We want to make sure your property and time are always respected. What service was the installation for? (eg: U-Verse, DirecTV) If you could, follow/DM us with this information along with your acct #, so we can start working towards a solution. ^TFran",
2350538,679381,Sat Nov 11 20:58:08 +0000 2017,"@ATT I canceled my account on 7/5/17, how do i get my credit I was promised for the past four months? #tiredofcallingattnoresults",2350537,ATT,Mon Nov 13 15:29:00 +0000 2017,"@679381 Hey, Jessica! Thank you for reaching out to the social media team. We’ll be glad to assist you but first, could you follow and provide us in a DM with your service type? (DSL, DTV, Wireless) We would love to get that promised credit to you. Awaiting your response! ^JaquellaL",
2350540,342917,Sun Nov 12 22:51:37 +0000 2017,"@117830 @219259 @ATT @117735 @90826 

What the heck is up with the terrible #NFLSundayTicket today? https://t.co/dwOkDs4gUi",2350539,ATT,Mon Nov 13 15:18:00 +0000 2017,"@342917 Hey, Matthew! Thanks for reaching out to the social media team. We know it's frustrating having issues with your NFL Sunday ticket. Are you still experiencing troubles? If so, follow and shoot us a DM so we can make the next field goal in time. ^JaquellaL",
2350542,679382,Mon Nov 13 10:15:16 +0000 2017,"@ATT Hi i got a package from AT&amp;T through ups and I returned the package with returnlabel which provided by AT&amp;T, I dropped the package at usps location and I didn’t noted the tracking number and usps didn’t provided any tracking details either, is there a way to find the package",2350541,ATT,Mon Nov 13 15:13:00 +0000 2017,"@679382 Hi Vicky! Thanks for reaching out to us via Social Media today regarding your return of your Apple Watch III.  We would love to help and there is away of getting your tracking info. Can we have your telephone number with account to help you out? Thank you , NikkiM",
2350544,661301,Sun Nov 12 00:07:57 +0000 2017,Super thankful for a customer associate named Joziel B. from #ATT @ATT who was incredibly helpful after I called FOUR times (!!) and was getting nowhere!,2350543,ATT,Mon Nov 13 15:06:27 +0000 2017,@661301 Hey! We're glad to hear Joziel B. was able to help you get your issue resolved. We strive to give each &amp; every customer superior service. Please do not hesitate to send us a DM with any future question or concerns. We're here &amp; eager to assist! ^ChristiM Social Media Specialist,
2350548,118411,Sun Nov 12 14:54:15 +0000 2017,@117735 @ATT why would you change your mobile app. Now I have to link my accounts that were always available previously. No communication not intuitive.,2350547,ATT,Mon Nov 13 15:05:01 +0000 2017,"@118411 Hey Max, thanks for reaching out to our social media team. We apologize for the inconvenience of having to link all your accounts once again, if you have any issues doing so please let us know. We would be more than happy to help. ^VeroP",
2350551,679385,Mon Nov 13 02:57:03 +0000 2017,"You know, @ATT, I pay you guys over $400 every month. You’d think I could have unlimited high speed data without bundling with @117830",2350550,ATT,Mon Nov 13 14:50:55 +0000 2017,"@679385 Dylan, we are saddened to hear you are dissatisfied with your bundle price! Let's take a look at your account, and get you in the right direction! Send us a DM with details about your concerns, account number, and best contact number included! Bounce back with AT&amp;T! ^PegN",
2360084,681588,Mon Nov 13 19:34:33 +0000 2017,Had so much fun at the #RepPopUpATT today! #taylorswift #att #reputation #rep https://t.co/ZolKlYzSv5,2360083,ATT,Mon Nov 13 20:05:00 +0000 2017,"@681588 Thanks for coming, Liss!",
2360086,681589,Mon Nov 13 19:01:43 +0000 2017,@ATT Most definitely IS !!! Love that we’re being shown the song writing process while getting to see Taylor have fun 😍😍😍,2360085,ATT,Mon Nov 13 19:31:25 +0000 2017,@681589 Us too! It's fun to take a closer look at the songwriting process to see how it comes together. #TaylorSwiftNOW,
2360090,681590,Mon Nov 13 19:31:59 +0000 2017,@ATT Oh I’ve already seen it!!! 😍 so amazing,2360091,ATT,Mon Nov 13 23:35:24 +0000 2017,"@681590 Watch out, Elba! More episodes of The Making of a Song are coming soon. #TaylorSwiftNOW https://t.co/EGSNieaGkS","2360092,2360093"
2360098,668620,Mon Nov 13 19:02:10 +0000 2017,@ATT I will watch all of them over and over again!!!! ❤️❤️❤️,2360099,ATT,Mon Nov 13 22:53:21 +0000 2017,"@668620 BRB, memorizing ALL the lyrics. #TaylorSwiftNOW https://t.co/7quZ74zVet",2360100
2360103,681593,Mon Nov 13 17:39:48 +0000 2017,@117735 @ATT @117735 run my biz on from home on ATT internet and am given an 8:30-12:30 window on an unresolved problem from Saturday. Terrible!,2360102,ATT,Mon Nov 13 18:30:01 +0000 2017,"@681593 Yikes, Laurence! We understand how frustrating it could be trying to work from home with no internet or TV service. We'd love to help you figure out the cause here. Can you DM us your account number along with your service type for further assistance? We're here for you! ^MiimiiH",
2360107,681594,Mon Nov 13 00:35:35 +0000 2017,.@225659 now available on my @117830 @ATT That is awesome !!!,2360106,ATT,Mon Nov 13 18:28:07 +0000 2017,"@681594 The excitement is mutual, Sean! https://t.co/Tf6JrJAHvD",
2360110,681595,Mon Nov 13 18:07:37 +0000 2017,"Bleh, thanks to @ATT's almost non-existent reception at home, I missed a call from an employer.",2360109,ATT,Mon Nov 13 18:23:02 +0000 2017,"@681595 Hi there. We regret to hear your are having problems with reception in your area. Can you provide us with your wireless number so we can get the ball rolling? We want you to be able to use your device.
^QB",
2369207,311763,Mon Nov 13 22:53:45 +0000 2017,@ATT Can't wait to see more!,2369206,ATT,Mon Nov 13 23:23:27 +0000 2017,@311763 Watch out! More episodes of The Making of a Song are coming soon.,
2369209,311763,Mon Nov 13 21:55:58 +0000 2017,@ATT @118062 @127550 This is sooo good!,2369208,ATT,Mon Nov 13 22:52:52 +0000 2017,"@311763 We’re loving it, too! https://t.co/lakHChMlYr",2369207
2369215,683756,Mon Nov 13 21:04:07 +0000 2017,"@ATT @118062 @127550 @121574
  #CIWYW  is our favorite song! We cant wait for the #reputationStadiumTour ...my daughter's first concert will be @118062 of course!
#Swifties
#reputaylurking https://t.co/zdHn1pXRxF",2369223,ATT,Mon Nov 13 23:08:00 +0000 2017,"@683756 We’re loving it, too!",
2369220,143491,Mon Nov 13 23:05:56 +0000 2017,"@143560 @115858 @ATT Yesterday AT&amp;T said my order was backordered. But today I got the email saying delivery tomorrow. So, you never know... :)",2369219,ATT,Mon Nov 13 23:16:49 +0000 2017,@143491 @143491 If there is any confusion on how to check your order status go here; https://t.co/DcWjwyvr5W Let us know if this was helpful! ^BriT,
2369225,683757,Wed Nov 08 19:01:28 +0000 2017,@ATT- Alexander did an awesome job helping me set up my new TV service today.,2369224,ATT,Mon Nov 13 23:03:29 +0000 2017,"@683757 Hi Andrea, we're glad you had a great experience! Thank you for sharing the #ATTLove.",
2369227,476994,Mon Nov 13 21:40:24 +0000 2017,"@117830 @ATT @121574 I️ can’t get over how amazing the first episode of #TheMakingOfASong with #CallItWhatYouWant is! It is so cool to get to see Taylor’s process of making amazing songs! I️ can’t wait for the next song, thank you for making this! https://t.co/s054S9A6zk",2369226,ATT,Mon Nov 13 23:00:03 +0000 2017,@476994 What was your favorite part of the episode?,
2369233,683760,Mon Nov 13 22:43:30 +0000 2017,@ATT Could I at least have service set up before you guys start to disappoint??!,2369232,ATT,Mon Nov 13 22:54:34 +0000 2017,@683760 We hate to hear that you had this experience with our technician! Dm us the service type your getting installed and your account number and let's see what we can do to get your service up and running as soon as possible. We are eager to hear back from you! ^JaredA,
2369237,683761,Mon Nov 13 22:03:37 +0000 2017,@176291 @118062 THIS IS MY 21ST BIRTHDAY I CANT WAIT OMG!!!,2369236,ATT,Mon Nov 13 22:23:09 +0000 2017,@683761 No better way to celebrate than with Taylor Swift! https://t.co/8WR6BuNGe9,
2369240,683762,Fri Nov 10 17:50:38 +0000 2017,@167829 @92624 His celebration gives me all the feels,2369239,ATT,Mon Nov 13 22:07:23 +0000 2017,"@683762 That was an incredible goal! Follow and DM us, we may have something for you! #SoccerEverywhere",
2369243,683763,Mon Nov 13 05:55:24 +0000 2017,@167829 TWO STARS!! ⭐️⭐️💚💙🏆🏆 #ebfg #DefendOurCup https://t.co/ZZlOMerBvG,2369242,ATT,Mon Nov 13 22:06:57 +0000 2017,"@683763 Looking forward to great playoff action! Follow and DM us, we may have something for you! #SoccerEverywhere",
2369245,683764,Mon Nov 13 03:27:11 +0000 2017,@167829 He gets it... @683765 is one of us... 💙💚⭐️,2369246,ATT,Mon Nov 13 22:06:26 +0000 2017,"@683764 This is going to be an intense round! Follow &amp; DM us, we may have something for you! #SoccerEverywhere",
2369248,683766,Sun Nov 12 18:35:10 +0000 2017,@683767 who do you think will make the MLS Cup since there are only 4 teams left? Hope my Sounders make it there again!,2369247,ATT,Mon Nov 13 22:06:02 +0000 2017,"@683766 It's going to be a great matchup! Follow and DM us, we may have something for you. #SoccerEverywhere",
2369250,683768,Sun Nov 12 18:04:59 +0000 2017,Im really excited for the 21st. Let’s make more history for Houston!! #ForeverOrange #Dynamo,2369249,ATT,Mon Nov 13 22:05:36 +0000 2017,"@683768 We love your soccer passion! Follow and DM us, we have something for you #SoccerEverywhere",
2369252,683769,Fri Nov 10 22:02:33 +0000 2017,Well how about the name of this road...this is the street where Columbus Crew is located ...I like it! @92623 https://t.co/Nq6vW7ms22,2369251,ATT,Mon Nov 13 22:05:08 +0000 2017,"@683769 That's pretty cool, have you made it out to a game yet this season?",
2369254,435178,Tue Nov 07 21:31:14 +0000 2017,"@203692 @92622 Enjoy your new adventure. Congrats, if we host the finals you should come and visit .",2369253,ATT,Mon Nov 13 22:04:29 +0000 2017,"@435178 You are a classy fan! We love your soccer passion, follow and DM us, we may have something for you #SoccerEverywhere",
2369257,683770,Mon Nov 13 21:20:01 +0000 2017,@ATT How does an order for service installation get lost? and then scheduled for weeks away? Here's hoping @137524 decides to take on ISPs next.,2369256,ATT,Mon Nov 13 21:30:28 +0000 2017,"@683770 Hey there, Lauren. We'd be more than happy to look into this for you. Can you DM us more details on this? We look forward to hearing from you. ^SheaD",
2369259,683771,Mon Nov 13 20:59:07 +0000 2017,"First @ATT insurance says you should wait 3-5 days, then said 10+ When I claimed they promise VET’s day I would have my new phone.  #liars",2369258,ATT,Mon Nov 13 21:12:30 +0000 2017,"@683771 Hi Jeffrey! We appreciate you for reaching out to our social media team! We understand the frustration and anxious feeling you're having with anticipating your new device. If you have any questions or concerns, please send us a DM with details, we're here to help! ^TinaT",
2369261,683772,Mon Nov 13 20:53:04 +0000 2017,@ATT Our Family account is chewing up data at a ridiculous pace. Our WiFi at home shows one bar and keeps cutting out. We hear same complaints from others in LA area. Please do something and correct the billing.,2369260,ATT,Mon Nov 13 21:10:03 +0000 2017,"@683772 We would also be delighted to assist you with your internet complications, Harry! If you could shoot us a DM, so we can get the ball rolling on this for you. We look forward to hearing your response! ^JewelR",
2369261,683772,Mon Nov 13 20:53:04 +0000 2017,@ATT Our Family account is chewing up data at a ridiculous pace. Our WiFi at home shows one bar and keeps cutting out. We hear same complaints from others in LA area. Please do something and correct the billing.,2369262,ATT,Mon Nov 13 21:08:36 +0000 2017,"@683772 We appreciate you for reaching out to us in regards to your family's data plans, and also your home WiFi! If you are looking to change your family's data plans take a look here and discover the plan that best suits you and your family's data usage! https://t.co/EnaxVmMG5b ^JewelR",
2375846,483464,Thu Nov 09 04:43:05 +0000 2017,"Hey, @ATT @117735, where is our Android security update for LG G5? For that matter, where is our Android 8.0?",2375845,ATT,Tue Nov 14 00:01:27 +0000 2017,"@483464 Hi, Neko! You can always check for updates and how to steps for your LG G5 here https://t.co/4f2ROPvWMK Let us know if this helps! We're here for you! ^ChasH",
2380752,686451,Tue Nov 14 02:49:58 +0000 2017,"I pledged to never drive distracted again, because distracted driving is never OK. Join the movement at https://t.co/wAWEtlY0CD #ItCanWait",2380751,ATT,Tue Nov 14 04:18:24 +0000 2017,"@686451 Thanks for taking the pledge! When it comes to distracted driving, we're glad you're not clowning around. #ItCanWait",
2386934,687845,Tue Nov 07 12:13:39 +0000 2017,"AAAARRRGH! @119033 @ATT  if my account is compromised why is your password reset service also broken!?
#nocustomerservice
#fixthis",2386932,ATT,Sat Nov 11 16:09:26 +0000 2017,"@687845 Hello Leigh, thank you for reaching out to us. We understand that you are needing help with resetting your Yahoo email password. We are happy top look into this, we are here for you! Could you DM your account number, please? We will look forward to your response. ^JarF",2386933
2388473,688197,Tue Nov 14 13:48:51 +0000 2017,"@ATT i cant dm you, the option osnt available unless you follow me. i basically just want to know if i can watch taylor swift now on the uverse app. it seems like it is only available to direct tv now is this true??",2388475,ATT,Tue Nov 14 14:04:32 +0000 2017,"@688197 Hello Justyna , We did understand your frustration. Please follow us to initiate the DM. Can we get the account number. We can verify which app the it will be available in your area? ^FizzA",
2388474,688197,Tue Nov 14 01:52:02 +0000 2017,@ATT why cant i watch taylor swift now on the uverse app?,2388471,ATT,Tue Nov 14 05:41:30 +0000 2017,"@688197 Hello there, we would love to help with your U-verse application errors or problems you are having unexpectedly. DM us details and we can look into the application issue. Thank you, we are waiting for the next reply. ^MonF","2388472,2388473"
2409460,692803,Tue Nov 14 15:31:09 +0000 2017,Still struggling to process the absolute banger of a party @118062 threw last night. What an incredible event! @121574 @ATT #repcelebrationATT #TaylorSwiftNOW,2409459,ATT,Tue Nov 14 16:08:44 +0000 2017,@692803 Victory dance! https://t.co/iNtUOdb4MU,
2409462,129177,Tue Nov 14 15:57:02 +0000 2017,@ATT's Making of a Song series on @127550 is the best. Amazing to see the passion @118062 puts into her songs. Artistry at work! #TaylorSwiftNOW,2409461,ATT,Tue Nov 14 15:58:59 +0000 2017,@129177 Glad you liked it! We're doing a little victory dance! https://t.co/qVmWjOxF3n,
2409464,692804,Tue Nov 14 15:10:10 +0000 2017,"Gettin' @att installed today, hopefully it's a real relief from @115955.",2409463,ATT,Tue Nov 14 15:18:00 +0000 2017,"@692804 Hi, Chan! We are extremely excited for you to be joining us. If you ever have any questions or concerns, please feel free to reach out to our social media team. We are here for you. ^MeciS",
2409466,692805,Fri Nov 10 17:31:49 +0000 2017,I have never missed a payment or been late with you guys for the entirety that I've been with you. Really making me debate canceling this iPhone x order from @ATT and just picking it up somewhere else,2409465,ATT,Tue Nov 14 15:15:00 +0000 2017,"@692805 Hi, King! That's definitely something awful to go through! Please DM us your Account/Wireless Number so we can help you best! Thanks in advance! ^DaniG ATT Social Media Specialist",
2409468,692806,Fri Nov 10 11:41:59 +0000 2017,"I want to upgrade my daughter's phone, can I buy it now and activate it on Christmas and will her old phone still work until then? @ATT #att",2409467,ATT,Tue Nov 14 14:33:33 +0000 2017,"@692806 Not to worry, Ashley! We've got you covered. We understand you want to get an upgrade for your daughter, as a gift at Christmas time?! Let's try to keep the old device active until than. Could you verify your phone number for us? Eager to help you out. We're a click away!^AkilahS",
2424128,681591,Tue Nov 14 17:03:08 +0000 2017,@ATT @118062 😭😭😭😭 I love her so much,2424126,ATT,Tue Nov 14 18:50:08 +0000 2017,@681591 We love Taylor THIS much! https://t.co/NW1fGlTVat,2424127
2424132,700468,Tue Nov 14 18:51:21 +0000 2017,@ATT @118062 THANK YOU FOR MAKING MY DREAM OF TEN YEARS COME TRUE GUYS!!! It was such an amazing night!!,2442695,ATT,Tue Nov 14 22:08:34 +0000 2017,@700468 @118062 We're glad you had a blast! What was your favorite part of the #repCelebrationATT? 😍,
2424134,696186,Tue Nov 14 16:28:21 +0000 2017,@ATT @118062 everyone looks so happy 😍,2424157,ATT,Tue Nov 14 18:37:36 +0000 2017,"@696186 Taylor can always put a smile on our face, Kate!","2424158,2424159"
2424137,698330,Tue Nov 14 18:38:25 +0000 2017,@ATT @118062 I️ still haven’t stopped crying about I️t,2433419,ATT,Tue Nov 14 19:11:37 +0000 2017,@698330 Don’t blink or you’ll miss it! https://t.co/M0bfDcVQ7S,2433418
2424138,698332,Tue Nov 14 18:09:54 +0000 2017,@ATT @118062 THANK YOU SM FOR THIS AMAZING EXPERIENCE❤️,2433425,ATT,Tue Nov 14 19:05:52 +0000 2017,"@698332 You're welcome, Amanda! Thanks for joining us!",
2424142,713352,Wed Nov 15 19:23:27 +0000 2017,@ATT @118062 Thank you for this night 😭😭,2500541,ATT,Wed Nov 15 19:27:01 +0000 2017,"@713352 Glad you enjoyed it, Aliza!",
2424143,713362,Tue Nov 14 21:45:21 +0000 2017,@ATT @118062 It was the most magical night! Thank you so so much for everything!!! 😭💙💙❤️❤️,2500567,ATT,Wed Nov 15 17:25:37 +0000 2017,"@713362 You're welcome, Natasha! Thanks for joining us!",
2424151,696183,Tue Nov 14 17:02:17 +0000 2017,hello I was here ✨ thanks @121574 😘😘😘 https://t.co/8cuEUwZ20J,2424150,ATT,Tue Nov 14 18:49:00 +0000 2017,"@696183 Thanks for joining us, Grace!",
2424153,696184,Tue Nov 14 17:06:58 +0000 2017,Look what you made me do.... skipped out of work early to check out #taylorswiftnow @ATT before the crowds! Love the #reputation pop up! #swifties #taylorswift #watchthethrone https://t.co/xDsW5onY5r,2424152,ATT,Tue Nov 14 18:48:08 +0000 2017,@696184 Tay-Mazing! https://t.co/lqYK4r4pHU,
2424156,631138,Tue Nov 14 16:35:39 +0000 2017,Thank you so much for an incredible night https://t.co/PEQFSvnhqI,2424154,ATT,Tue Nov 14 18:41:38 +0000 2017,"@631138 You're welcome, Leanne! Thanks for joining us!",2424155
2424161,564155,Tue Nov 14 16:27:24 +0000 2017,Best day of my life THANK YOU!!!!! https://t.co/wbwNMJtcqc,2424160,ATT,Tue Nov 14 18:36:27 +0000 2017,"@564155 You're welcome, Natalie! Thanks for joining us!",
2424163,696188,Tue Nov 14 15:06:11 +0000 2017,@ATT @118062 @127550 Great song!!,2424162,ATT,Tue Nov 14 18:29:33 +0000 2017,@696188 That’s the truth! https://t.co/DmWdYgxoHE,
2424196,696193,Tue Nov 14 12:02:41 +0000 2017,@ATT @118062 @127550 Love this song...,2424285,ATT,Tue Nov 14 18:19:35 +0000 2017,"@696193 No words for how much we love this song, Connie! #TaylorSwiftNOW https://t.co/Hrk6Op6j15",
2424197,696192,Tue Nov 14 12:03:37 +0000 2017,@ATT @118062 @127550 So cool,2424284,ATT,Tue Nov 14 18:20:27 +0000 2017,"@696192 Taylor can always put a smile on our face, Emma! ☺️",
2424217,713357,Tue Nov 14 22:40:27 +0000 2017,@ATT @118062 @127550 Great song! Thank you!,2500551,ATT,Wed Nov 15 17:50:30 +0000 2017,"@713357 BRB, memorizing ALL the lyrics.",
2424222,696189,Tue Nov 14 14:11:09 +0000 2017,@696191 @ATT @118062 @127550 1. I am a proud Att subscriber  2. I already watched this 🤣🤣🤣,2424220,ATT,Tue Nov 14 18:27:11 +0000 2017,"@696189 We could watch The Making of a Song all day long, Amanda! https://t.co/tIuk0yZDsw",2424221
2424262,696194,Tue Nov 14 11:53:46 +0000 2017,@ATT @118062 @127550 I like her music.,2424286,ATT,Tue Nov 14 18:18:00 +0000 2017,"@696194 Same! We can’t get enough!, Katrina! #TaylorSwiftNOW",
2424288,696195,Tue Nov 14 10:36:56 +0000 2017,"Taylor at reputation celebration party 🎈 
#rep #reputation #AT&amp;T #taylorswiftnow https://t.co/blwcD3tMGM",2424287,ATT,Tue Nov 14 18:15:40 +0000 2017,"@696195 Thanks for joining us, Shraddha!",
2424290,696196,Mon Nov 13 21:01:34 +0000 2017,@225694 Pipa #SaveTheCrew,2424289,ATT,Tue Nov 14 17:52:40 +0000 2017,@696196 That would be big for him! Are you planning on going to the game to see him play? #SoccerEverywhere,
2424292,418437,Mon Nov 13 15:34:52 +0000 2017,@225694 Pipa,2424293,ATT,Tue Nov 14 17:52:08 +0000 2017,@418437 That would be big for him! Are you planning on going to the game to see him play? #SoccerEverywhere,2424294
2424294,418437,Tue Nov 14 18:00:00 +0000 2017,@ATT Season ticket holder. I see him play weekly.,2424295,ATT,Wed Nov 15 21:05:07 +0000 2017,"@418437 Wow, you are a committed fan. We love your soccer passion, follow and DM us, we may have something for you! #SoccerEverywhere",
2424297,696197,Sun Nov 12 18:11:31 +0000 2017,@203692 SELL IT OUT! looks like less than 200tix left and many are single seats #nobluedots #savetheCrew,2424296,ATT,Tue Nov 14 17:51:45 +0000 2017,@696197 It's going to be a great game! Are you planning on going? #SoccerEverywhere,
2424300,696198,Tue Nov 14 18:16:42 +0000 2017,@ATT absolutely. Wouldn't miss it for the world. Even more so than usual since we're doing whatever it takes to #SaveTheCrew,2424302,ATT,Wed Nov 15 21:04:44 +0000 2017,"@696198 We love your soccer passion, follow and DM us, we may have something for you! #SoccerEverywhere",2424303
2424301,696198,Mon Nov 13 15:43:13 +0000 2017,@203692 #BeatTFC #SaveTheCrew,2424299,ATT,Tue Nov 14 17:51:16 +0000 2017,@696198 That's going to be a great game! Are you planning on going? #SoccerEverywhere,2424300
2424303,696198,Wed Nov 15 21:22:49 +0000 2017,@ATT done!,2424304,ATT,Wed Nov 15 21:43:27 +0000 2017,@696198 Thank you for doing so. Do you have any questions and concerns? We are so glad that you reached out to us on twitter. Thanks ^michr,
2424307,696199,Tue Nov 14 07:36:34 +0000 2017,"I can't thank @121574 @ATT &amp; @118062 enough for tonight, I think I'm dreaming, I just can't believe after 11 years it finally happened ❤️ #repCelebrationATT #TaylorSwiftNow",2424306,ATT,Tue Nov 14 17:45:09 +0000 2017,"@696199 Taylor can always put a smile on our face! Thanks for joining us, Ashley! https://t.co/LqE4ttPU3n",
2424309,696200,Tue Nov 14 05:50:33 +0000 2017,Best friend. Best night. Thank you @118062 @121574 @ATT #repCelebrationATT #TaylorSwiftNOW https://t.co/EvksseDsaD,2424308,ATT,Tue Nov 14 17:43:33 +0000 2017,"@696200 You're welcome, Erin! Thanks for joining us. ❤️",
2424311,696201,Tue Nov 14 03:55:48 +0000 2017,Hey @ATT if I ever get married can you plan my wedding reception because the #repCelebrationATT was AMAZING #TaylorSwiftNOW,2424310,ATT,Tue Nov 14 17:42:00 +0000 2017,"@696201 You mean Tay-Mazing! Thanks for joining us, Taylor! ❤️",
2424313,696202,Fri Nov 10 16:45:10 +0000 2017,Some nice guy hacked my at&amp;t account paid off my phone and bought two new iPhones and an iPad Pro to be shipped to my house. But it was with a stolen credit card and now my phone doesn’t work...  going to kill whoever it is.,2424312,ATT,Tue Nov 14 17:41:00 +0000 2017,"@696202 Hi Ryan, we'd like to look into this for you. Please DM us with your contact info and account number. Thank you!",
2424318,696205,Tue Nov 14 02:12:17 +0000 2017,@121559 @127550 @ATT Omfg why is she so stunning always.,2424317,ATT,Tue Nov 14 16:29:33 +0000 2017,@696205 Swoon.,
2433404,698321,Tue Nov 14 21:33:00 +0000 2017,"@ATT And how am I supposed to DM you my account number when I cannot DM your account ? I'm a full time student , not having internet is not an option . @115900 could install it next day . I've had AT&amp;T my entire life . I thought you treated loyal customers better than this .",2433403,ATT,Tue Nov 14 21:42:37 +0000 2017,"@698321 We understand your frustration and apologize for the inconvenience due to our technicians delay. We want to possibly generate a resolution for you. Jolene, please follow AT&amp;T Cares, you will be allowed to direct message us. We are standing by, awaiting your response! ^TesiaT",
2433406,698321,Tue Nov 14 20:30:42 +0000 2017,@ATT I am beyond disappointed in your installation process . Two week wait to install my internet ? This is beyond unacceptable .,2433405,ATT,Tue Nov 14 20:56:30 +0000 2017,"@698321 We never want to disappoint our family members, Jolene! Your experience with us should be nothing short of amazing! Let's get things back on track for you. DM us your account number so we can explore your options for a more suitable internet installation date! We're here. ^PrisC",2433404
2433408,698322,Tue Nov 14 20:25:38 +0000 2017,I LOST MY WEDDING RING YESTERDAY WHEN I WAS INSIDE #repPopUpATT I CALLED DIRECT TV AND THEY DIDN'T GIVE ME ANY CONTACT TO #TaylorSwiftNOW PLEASE RT @121574 @397656 #taylorswifttix @698323 @662426 @698324 @698325 #reptaylurking https://t.co/NRjo9bbxd8,2433407,ATT,Tue Nov 14 21:10:01 +0000 2017,"@698322 Hi Cecilia, we want to help! Can you please DM us your contact info? Thank you!",
2433410,698327,Tue Nov 14 23:23:20 +0000 2017,@ATT is #TaylorSwiftNOW available in the Philippines??,2433412,ATT,Wed Nov 15 17:55:54 +0000 2017,"@698327 Ali, at this time, #TaylorSwiftNOW is only available in the U.S.",
2433411,698326,Tue Nov 14 17:24:15 +0000 2017,"@ATT @118062 @127550 I LOVE Taylor's new album, especially.....ARE YOU READY FOR IT!!!",2433409,ATT,Tue Nov 14 19:52:45 +0000 2017,"@698326 Glad to hear you’re ready for it, Janine! https://t.co/9eTaTCq2fS",2433410
2433416,698329,Tue Nov 14 19:30:18 +0000 2017,"Yup, that would be me! @118062 @121574 https://t.co/slZ9ycEaQz",2433415,ATT,Tue Nov 14 19:39:03 +0000 2017,@698329 Same! We can’t get enough!,
2433418,698330,Tue Nov 14 19:12:28 +0000 2017,@ATT XSUTDIBE THANK YOU SO MUCH FOR LAST NIGHT. I️T WAS SO MAGICAL 😭😭😭,2433417,ATT,Tue Nov 14 19:25:24 +0000 2017,"@698330 Thanks for joining us, Dakota! ☺️",
2433421,572502,Mon Nov 13 22:22:27 +0000 2017,Ever feel like inconveniencing someone by asking them basic questions about what they are employed to be experts on? Head down to @ATT #DTLA &amp; all your dreams will come true.,2433420,ATT,Tue Nov 14 19:10:38 +0000 2017,@572502 Hello Megan! I just got your case.  If you could please Live Chat with me using this link  &lt;link&gt;https://t.co/AcKMP3RzWl&lt;/link&gt; or call me (877) 929-5551 ext. 149155 so I can look into this for you.  ^MichaelA.,
2433424,698331,Tue Nov 14 19:01:33 +0000 2017,@att  I just spent last night and this morning working with support to get a iPad cellular working again. You need to train your people.,2433423,ATT,Tue Nov 14 19:06:18 +0000 2017,"@698331 Good afternoon, we understand that you are experiencing issues with your iPad. Were you able to get your issues resolved?  DM us details on what your experiencing and your account number. We are eager to assist. ^MakH",
2433427,698333,Tue Nov 14 17:37:10 +0000 2017,It truly was the best night EVER!!!! #RepCelebrationATT #TaylorSwiftNow @121574 https://t.co/53t0LNYFBg,2433426,ATT,Tue Nov 14 18:58:52 +0000 2017,"@698333 Thanks for joining us, Kelsey!",
243621,173869,Thu Oct 05 13:20:58 +0000 2017,"@ATT my promo for direct tv has finished, I always pay on time and been customer 3 years. Customer service say there no promo for me. Help",243620,ATT,Thu Oct 05 13:32:33 +0000 2017,@173869 We'd like to help you. Please send us a DM with your account info so we can take a look. We await your response! ^AbayomiO,
243623,173870,Thu Oct 05 02:51:40 +0000 2017,"Hey @ATT , what happened in the last 48 hrs that made service ""no longer available in my area""?",243622,ATT,Thu Oct 05 12:51:43 +0000 2017,"@173870 Hi, Dan! Let us assist you with service error cut offs. Please DM us your account info to begin. We love to help! ^ToyaL",
2436810,699061,Sun Oct 29 02:13:26 +0000 2017,You know you’re a true nerd when it’s Halloween weekend and you’re looking at the justice league in AT&amp;T 😂 https://t.co/6zDns1lG9n,2436809,ATT,Sun Oct 29 14:53:00 +0000 2017,@699061 Glad to see you’re celebrating Halloween the right way with #JusticeLeague - check out more at https://t.co/mGbVQEp3UK,
2438122,699364,Tue Oct 24 01:59:48 +0000 2017,.@att double charges me for 4yrs. Out $9k and they stonewall me. @117735 @126768 will post my story soon.,2438121,ATT,Sun Oct 29 15:29:00 +0000 2017,"@699364 Hi Chris, we are here to help you! Please DM us your account and wireless number to check into this further! Thanks.",
2442694,700467,Fri Nov 10 01:29:31 +0000 2017,@ATT Being helped right now by Reese &amp; Liz in the Summerhill/W Lake Mead store here in Vegas-AMAZING SERVICE! 🙌🏻🙌🏻🙏🙏,2442693,ATT,Tue Nov 14 23:02:34 +0000 2017,"@700467 Hi Jamie, thanks for sharing the #ATTLove!",
2451624,702519,Sat Oct 28 22:22:40 +0000 2017,"i threw on:
-an undershirt
-my man of steel crest tshirt
-black jeans
-boots
-cape

and successfully got the @ATT justice league posters",2451623,ATT,Sun Oct 29 17:29:28 +0000 2017,@702519 Thanks for channeling your inner super hero with us! #JoinTheLeague https://t.co/mGbVQEp3UK,
246206,174487,Thu Oct 05 15:06:48 +0000 2017,I think I need to do a review on my internet service and how @ATT#Gigapower somehow struggles to let me see my own 4K videos on @126972.,246205,ATT,Thu Oct 05 15:13:30 +0000 2017,@174487 Hello! If you ever need assistance with your services please let us know. We are always here for our family! ^KrisE,
246208,174488,Thu Oct 05 14:34:01 +0000 2017,"@ATT  I know you've got a lot going on, but can you tell me when service in a Northern California will be working again? Thanks!",246207,ATT,Thu Oct 05 14:51:46 +0000 2017,@174488 Good morning Mike! Please DM us your account number for further assistance. We are eager to hear back from you! ^GageC,
2477365,708117,Wed Nov 15 02:41:37 +0000 2017,.@ATT up until last month my bill has been due on the last day of the month and now it's due on the 10th. And no I'm not behind you've always been paid in full. Cash grab for a sell or what? Your service is actually good but your billing is atrocious,2477364,ATT,Wed Nov 15 13:23:00 +0000 2017,@708117 Good morning! Thank you for reaching out to AT&amp;T via social media. Please send us a DM with details of your billing concerns and your account number so that we may take a look. We're here and eager to assist! ^ChristineM Social Media Specialist,
2480415,708814,Sun Oct 29 08:33:04 +0000 2017,@617402 @ATT Safety first to have safe tea with your family.,2480414,ATT,Sun Oct 29 21:59:28 +0000 2017,"@708814 We want you to enjoy your tea time too, Jayesh! Have you taken the pledge yet? https://t.co/32dNkmjZJ7",
2488371,696204,Wed Nov 15 16:34:52 +0000 2017,@126283 @118062 @121574 @ATT WOW CONGRATS!!! Beautiful picture!! ❤️🐍,2488370,ATT,Wed Nov 15 16:37:07 +0000 2017,@696204 Thanks for the love! We're doing a little victory dance! https://t.co/V137bItHur,
2488377,710653,Wed Nov 15 07:11:57 +0000 2017,My favorite pop star and my favorite telecommunications company in one tweet 😍 https://t.co/4ISgr5tTXx,2488376,ATT,Wed Nov 15 15:33:10 +0000 2017,@710653 Thanks for the love - we're doing a little victory dance! https://t.co/rtMofXlRa9,
24920,121391,Sat Nov 25 23:40:33 +0000 2017,1st world problem of the day...@ATT  tech tells you he needs 2 replace your dvr and you will lose all your shows😱,24919,ATT,Sun Nov 26 00:05:56 +0000 2017,"@121391 Thanks for reaching out to us with your technical DVR issue, Denise! We are definitely here to take a deeper look into some options for you. Please DM us with your account number and service address. We look forward to hearing back from you. ^ShamW",
24922,121392,Tue Nov 21 19:26:09 +0000 2017,Shout out to @ATT for sending Gary in one day to fix my 96 yo mom’s phone. Her only connection to family. Getting thru the phone prompts was not easy but Brooke was very helpful. #grateful,24921,ATT,Sat Nov 25 23:54:28 +0000 2017,@121392 We are glad to know the issue is resolved. We are grateful for you! #ATTFamily,
24925,121393,Sat Nov 25 21:57:11 +0000 2017,Thanks @ATT for the agent providing the incorrect information and having to go to the wrong store; still my problem persists. #att #attwireless #fail 🤬#apple #iphonex 🤬🤬,24923,ATT,Sat Nov 25 23:49:55 +0000 2017,@121393 Hello Frank! We don't like to see that the agent provided you with the incorrect information.Let's fix the problem now once and for all. Is there something we can help you with? We look forward to hearing back from you today. ^michr,24924
24927,121394,Sat Nov 25 23:02:35 +0000 2017,How much is the iPhone 8 Plus with a new service @ATT @117735,24926,ATT,Sat Nov 25 23:12:55 +0000 2017,"@121394 Hi Honey! We are happy to assist you with providing you with our wireless service prices! The following link will provide you with more information: https://t.co/7gpMQbyccL Please DM us if you have any further questions! We will be standing by, ready to assist! ^YanD",
24929,121395,Sat Nov 25 22:05:45 +0000 2017,@ATT Want faster home internet but rep told me no faster and no plans for it even though I’m a block from subdivisions w/ fast internet.,24928,ATT,Sat Nov 25 22:13:27 +0000 2017,@121395 We'd love to look into your internet service options! Could you please DM us so that we can take a look together? ^GarW,
24931,121395,Sat Nov 25 18:35:55 +0000 2017,So over @att who can’t run lines 1 block away so I can get something faster than overpriced 10mbps. To bad it’s my only option. 😤,24930,ATT,Sat Nov 25 18:51:27 +0000 2017,@121395 Hello. Could you follow and DM us some more information on what's going on. Do you need faster speed internet for your home or office? We'd like to get a chance to turn the situation around for you. ^MubC,24929
2495149,712140,Sun Oct 29 21:16:36 +0000 2017,"*In a busy @ATT store* 

15-20 other people: ""Can we preorder the iPhone X here??"" 

Me: ""You guys still got the Justice League posters?""",2495148,ATT,Mon Oct 30 00:39:00 +0000 2017,"@712140 Thanks for channeling your inner superhero with us, Killian! #JoinTheLeague https://t.co/mGbVQEp3UK",
249738,175360,Thu Oct 05 15:59:10 +0000 2017,"@175361 @ATT I hope one is going to the USVI also, communication is key to rebuilding and getting information.",249737,ATT,Thu Oct 05 16:45:33 +0000 2017,@175360 Hi Reggie! We understand how hard it must be having difficulty connecting to your loved ones. Please DM us so we can help! ^GarW,
2497386,712652,Mon Oct 30 01:03:00 +0000 2017,Went to at&amp;t to get free Justice League posters today! https://t.co/tDeq365IRs,2497385,ATT,Mon Oct 30 01:55:00 +0000 2017,"@712652 Yesss! We can’t save the world alone, so we're glad you could join us. #JoinTheLeague https://t.co/mGbVQEp3UK",
249744,175362,Thu Oct 05 01:51:57 +0000 2017,Called AT&amp;T with yet another billing problem…they kept asking for my phone number. Does @ATT not have caller ID?,249743,ATT,Thu Oct 05 16:40:25 +0000 2017,"@175362 We ask that you excuse the delay, Trace! We want to try and turn your experience around. Could you DM us? We're here ^AkilahS",
2500543,713353,Tue Nov 14 23:52:07 +0000 2017,"One time @ATT &amp; @127550 invited me to a party in Houston. I got my hair &amp; makeup done &amp; was 90% sure I was meeting @118062 🙈

Even though we didn’t meet her, was still my favorite night ever! So blessed for all the memories I have bc of Tay. #blessed @121574 https://t.co/b5LHJHWaGj",2500542,ATT,Wed Nov 15 18:00:31 +0000 2017,"@713353 Thanks for joining us, Caitie!",
2500545,713354,Wed Nov 15 04:10:06 +0000 2017,@118062 Love it! Wish I had direct tv!!!,2500544,ATT,Wed Nov 15 18:32:00 +0000 2017,"@713354 #TaylorSwiftNOW is available exclusively on @117830, @127550 + @126768. Head to https://t.co/zh0Rd9AqIk for more information!",
2500549,713355,Wed Nov 15 02:20:44 +0000 2017,I need direct TV in my life...#taylorswiftnow #reputation,2500548,ATT,Wed Nov 15 18:20:52 +0000 2017,"@713355 #TaylorSwiftNOW is available exclusively on @117830, @127550 + @126768. Head to https://t.co/zh0Rd9AqIk for more information!",
2500553,713358,Fri Nov 10 05:21:13 +0000 2017,@ATT fire Cesar in the Tinguan customer center.Horrendous Rudeness !!!!,2500552,ATT,Wed Nov 15 17:37:01 +0000 2017,"@713358 Hi Taras, please send us a DM with additional details on this matter.",
2500555,300318,Tue Nov 14 22:17:30 +0000 2017,"@ATT @117830 I just wanted to thank you for partnering with Taylor for #TaylorSwiftNow! I am absolutely loving the bts &amp; the making of a song videos….it’s like I have a whole new world to learn about #Reputation in.  Thank you, thank you, thank you. You guys are the best!! 🐍",2500556,ATT,Thu Nov 16 22:01:38 +0000 2017,"@300318 We're loving it, too! https://t.co/p4zCLQstGX",
2500555,300318,Tue Nov 14 22:17:30 +0000 2017,"@ATT @117830 I just wanted to thank you for partnering with Taylor for #TaylorSwiftNow! I am absolutely loving the bts &amp; the making of a song videos….it’s like I have a whole new world to learn about #Reputation in.  Thank you, thank you, thank you. You guys are the best!! 🐍",2500554,ATT,Wed Nov 15 17:36:44 +0000 2017,"@300318 Watch out, Katelyn! More episodes of The Making of a Song are coming soon. #TaylorSwiftNOW https://t.co/Qx93HvuP4F",
2500558,713359,Tue Nov 14 22:06:13 +0000 2017,OHHHHHH MYYYYY GODDDD I AM SCREECHING @118062 @121574 @ATT #repCelebrationATT #reputation @713360 😭😭😭😭😭 https://t.co/L5n0UfXV3D,2500557,ATT,Wed Nov 15 17:32:44 +0000 2017,"@713359 Nothing beats a Taylor selfie! Thanks for joining us, Hannah! https://t.co/jKKebZk7kv",
2500564,713361,Tue Nov 14 22:35:27 +0000 2017,@118062 @121574 @ATT @379972 #reputation #reputaylurking #myreputation the best album released to date https://t.co/mGOBxwtaJX,2500563,ATT,Wed Nov 15 17:29:39 +0000 2017,@713361 Same! We can’t get enough! https://t.co/nt34KPIF1e,
2500566,490258,Tue Nov 14 21:55:12 +0000 2017,Best night of my entire life https://t.co/vg0ZTK3WRK,2500565,ATT,Wed Nov 15 17:28:25 +0000 2017,"@490258 Couldn’t have said it better! Thanks for joining us, Kayla!",
2500569,713363,Wed Nov 15 12:40:34 +0000 2017,"Hold on to the memories, they will hold on to you. #repCelebrationATT @118062 @121574 @ATT https://t.co/AgEcHeQGS2",2500568,ATT,Wed Nov 15 17:20:54 +0000 2017,"@713363 Thanks for joining us, Meg!",
2507745,714959,Tue Nov 21 13:28:02 +0000 2017,@ATT @117735 Still getting emails regarding an account which is incorrectly using my email address.  __email__ I'm in Scotland.,2507746,ATT,Tue Nov 21 13:52:35 +0000 2017,"@714959 Hey Robert, thanks for reaching back out to our team. We appreciate you letting us know you're still receiving another customers email account.  We apologize that this is taking longer than expected, please bear with us as we escalate further. ^VeroP",
2507745,714959,Tue Nov 21 13:28:02 +0000 2017,@ATT @117735 Still getting emails regarding an account which is incorrectly using my email address.  __email__ I'm in Scotland.,2507744,ATT,Sun Nov 26 18:50:33 +0000 2017,@714959 Hi there!  Please follow @117735 so we can work on getting this resolved via DM.  Thx! ^MikeY,
2507748,714960,Sun Nov 26 16:18:45 +0000 2017,"I sure wish @att would actually send a tech out to check the tower near me instead of telling me to restart my phone.  Or actually do something with the ticket I submitted instead of just closing it.   And no, the new SIM didn’t work either.",2507747,ATT,Sun Nov 26 17:57:00 +0000 2017,"@714960 Good morning, thank you for reaching out to us. We understand you have some concerns about your service. Please DM us a few details as to what you have been experiencing so we can further assist you. We patiently await your reply. ^NicJ",
2507950,715010,Wed Nov 15 12:57:26 +0000 2017,@203692 @97403 @97404 @97405 @97406 Can't wait for Tues! You guys will dominate at home!!!,2507949,ATT,Wed Nov 15 21:02:26 +0000 2017,"@715010 You are a class act! We love your soccer passion, follow &amp; DM us, we may have something for you #SoccerEverywhere",
2507953,715011,Tue Nov 14 21:22:06 +0000 2017,7 days 😍 #CrewSC,2507952,ATT,Wed Nov 15 21:01:50 +0000 2017,"@715011 It's going to be a great game. We love your soccer passion, follow &amp; DM us, we may have something for you! #SoccerEverywhere",
2507958,715012,Sat Nov 11 16:58:09 +0000 2017,"I’m fairly disappointed with @117735 @ATT. I needed just a little help trying to upgrade my phone due to in store representatives mis information and was told sorry nothing we can do. Was told I’d be reached out to, that was 3 days ago. NOT a great experience.",2507954,ATT,Wed Nov 15 20:45:00 +0000 2017,"@715012 Hi Andrew, we want to help. Can you DM us your account number, contact information and more details? Thank you!","2507955,2507956,2507957"
2507960,715013,Sat Nov 11 15:22:19 +0000 2017,"@ATT Absolutely fantastic experience with Bryan Lawson @ Redding, CA store on Browning St. on 11/5/17. Helped with new iPhones for my husband &amp; I plus DirectNow. Count not have been a better experience!",2507959,ATT,Wed Nov 15 20:25:00 +0000 2017,"@715013 Thanks for sharing, Debbie. We're glad to hear Bryan provided excellent customer service!",
2507962,715014,Wed Nov 15 19:24:53 +0000 2017,Still can't get over how nice and amazing the other taylor swift fans and the workers at @ATT were yesterday at the pop up shop! #TaylorSwiftNow #RepPopUpATT,2507961,ATT,Wed Nov 15 20:20:27 +0000 2017,"@715014 Thanks for coming, Casey!",
2507965,715015,Sat Nov 11 15:09:22 +0000 2017,@ATT @117830 shout out to Vickie from rewards dept in providing assistance with my acct. Should receive reward in a couple of weeks. If I do not you'll be hearing from me again.   #finallysomecustomerservice,2507963,ATT,Wed Nov 15 20:18:30 +0000 2017,@715015 @117830 We're glad to hear Vickie provided above-and-beyond customer service!,2507964
2507967,715016,Wed Nov 15 15:58:00 +0000 2017,@att.com  Your switcher program is the worst,2507966,ATT,Wed Nov 15 19:54:27 +0000 2017,"@715016 Val I would like to continue assisting you with this matter, would you please send me a DM to get in contact with you and be able to get this issue taken care off. ^RobertB",
2507967,715016,Wed Nov 15 15:58:00 +0000 2017,@att.com  Your switcher program is the worst,2507968,ATT,Thu Nov 16 18:42:30 +0000 2017,"@715016 Val I would like to continue looking into your case, would you please send me a DM to proceed with your account. ^RobertB",
2517930,192615,Thu Nov 16 00:02:46 +0000 2017,"@ATT It would have been helpful for you to post that it was down 
Also that people could reset their phones by using #airplane mode on/off
#ATT #CellPHone #PhoneFix #TechHack",2517929,ATT,Thu Nov 16 00:25:35 +0000 2017,@192615 We're glad your service issue is been resolved. We appreciate your helpful tips and will pass it on to the management. Please always reach out to us in future and let us know how we may help out. We're here for you! ^NdyE,
2517932,192615,Wed Nov 15 22:56:16 +0000 2017,@717239 @717240 @ATT Thanks I did that and it works now! #Victory #ATT #AirplaneMode #TechFix #PhoneHack,2517931,ATT,Wed Nov 15 23:57:01 +0000 2017,"@192615 Glad to hear that worked, CherryLA! We are here to help anytime! Is there anything else we can help you with? If so feel free to reach out via Social Media. We're here for you!^JimiH",2517930
2517936,717241,Wed Nov 15 23:52:17 +0000 2017,"@ATT I pay you guys too much money each month to be dealing with this problem. Can't make or get any calls. I am in Tallahassee, Fla.",2517935,ATT,Thu Nov 16 00:25:00 +0000 2017,@717241 We are aware of the service issue in your area and are working to fix it. ^BriT,
2517941,717242,Wed Nov 15 23:17:18 +0000 2017,@717246 @ATT Rebooting and resetting network setting would not have worked to correct the issue. It was a network outage. Can't find a statement from ATT on what the issue was.,2517937,ATT,Thu Nov 16 00:21:42 +0000 2017,"@717242 If you've experienced an issue when making wireless calls, please restart your device - that should resolve the issue. ^RyanB","2517938,2517939,2517940"
2517945,717247,Wed Nov 15 23:15:39 +0000 2017,@ATT The person I spoke to on DM said there were no outages. But I’m on a message board where thousands of people are having this problem all over the US right now. I can’t even keep up bc so many people keep adding new outage areas.,2517943,ATT,Thu Nov 16 00:18:38 +0000 2017,"@717247 If you've experienced an issue when making wireless calls, please restart your device - that should resolve the issue. ^RyanB",2517944
2517948,717249,Thu Nov 16 00:18:47 +0000 2017,@ATT When I restarted my phone a few min ago it started to work again. However I see many people saying that didn’t work for them. My zip is 91384.,2517950,ATT,Thu Nov 16 00:48:34 +0000 2017,"@717249 Thank you for providing us with your zip code Robert! Could you power down your phone for thirty seconds before turning it back on? After it cycles through, the device should connect with the closest, strongest signal. Please try that and see if it works.Let us know! ^ TinaT",2517951
2517949,717249,Wed Nov 15 23:39:51 +0000 2017,@ATT @717250 Hey @att can you “hope” us some cell service? #nationwideoutage,2517947,ATT,Thu Nov 16 00:17:00 +0000 2017,"@717249 Good evening, Robert, we understand that you are unable to make or receive calls on your wireless device and we'd love to look into whats going on. In order to properly address your concerns please provide us with your zip code. We patiently await your response. ^MakH",2517948
2517951,717249,Thu Nov 16 00:49:11 +0000 2017,@ATT Yes. As noted. I did so prior to your reply and it worked.,2517952,ATT,Thu Nov 16 01:39:00 +0000 2017,"@717249 Awesome! Glad that your device is working! Is there anything else we can help you with Robert? Let us know, we are awaiting on your reply! ^TinaT",
2517954,717250,Wed Nov 15 23:21:12 +0000 2017,"@118062 A blog post is to come! But in the mean time, I want to give the world's biggest thank you to @121574 and @ATT for this absolute dream come true. I am completely over the moon. ❤️ #repCelebrationATT #taylorswiftnow",2517953,ATT,Wed Nov 15 23:35:25 +0000 2017,"@717250 You're welcome, Natasha! Thanks for joining us, we hope you had a great time.",2517949
2517957,717251,Wed Nov 15 23:08:56 +0000 2017,@att @117735. Service out in Hartford CT  area?,2517956,ATT,Thu Nov 16 00:10:00 +0000 2017,"@717251 Thank you for reaching out to us here on social media! So we can properly answer your question, can you please specify which AT&amp;T service you're having issues with? We eagerly await your reply! ^MikeM",
2517959,717252,Wed Nov 15 23:04:30 +0000 2017,@717253 @ATT Huge outage I guess 🤦🏼‍♀️,2517958,ATT,Thu Nov 16 00:10:00 +0000 2017,"@717252 Currently there is an outage affecting wireless services in your area, Kenzie. Please know that technicians are working to restore your services at this time. We apologize for any inconvenience this may cause and we appreciate your patience while we restore your services.^JimiH",
2517963,297597,Wed Nov 15 23:13:39 +0000 2017,What is going on with the @ATT mobile service? No ones phones work,2517962,ATT,Thu Nov 16 00:08:28 +0000 2017,"@297597 Hey there, Stephanie! Thanks for contacting us. At this time we are aware of the service issue. Please give us a moment while we get your services back up. Remember, if you have any other questions or concerns, don’t hesitate to contact the social media team. ^JaquellaL",
2517965,605738,Wed Nov 15 23:53:04 +0000 2017,"@717254 @ATT Toggle airplane mode. Fixed for many of us. If not, power cycle while in airplane mode.",2517964,ATT,Thu Nov 16 00:01:34 +0000 2017,"@605738 Hello,Chip. Thank you for sharing your knowledge on how to troubleshoot the wireless calling issue. From our part, we are working diligently to restore services. Thank you for your patience and understanding. ^WaleA Social Media Specialist.",
2517969,717255,Wed Nov 15 23:06:06 +0000 2017,"@605738 @717256 @ATT thanks for trying to help!  still not able to make calls, though I can text and use data.  we will continue to monitor for resolution",2517968,ATT,Wed Nov 15 23:52:36 +0000 2017,"@717255 Barabara, thank you for reaching out to us about this concern with not being able to make calls. We are aware of this and have our techs working to get everything back up asap! We appreciate your patience with us! If there is anything else let us know in a DM! ^ErnL",
2517975,717257,Wed Nov 15 23:38:05 +0000 2017,@ATT might be nice to let your customers know you are having technical issues. No phone service,2517974,ATT,Wed Nov 15 23:51:43 +0000 2017,"@717257 Hey, Ryan! We don't want you to be experiencing service problems with your device. Have you tried power cycling it yet? If that doesn't work, send us a DM with your address, phone number, and details about your issue. We're looking out for you here! ^SkyH",
2517977,717258,Wed Nov 15 23:42:34 +0000 2017,@ATT is there a cut off time for the #TaylorSwiftNOW pop up? I have work and want to make it around 7 tomorrow. Plz let me know,2517976,ATT,Wed Nov 15 23:48:01 +0000 2017,@717258 Hi there - the Pop Up will go until 9pm tomorrow. Hope you can make it!,
2517979,717259,Wed Nov 15 23:07:01 +0000 2017,@605738 @ATT It worked. Thanks for the info. Now if I can get the people I call to do the same.,2517978,ATT,Wed Nov 15 23:46:32 +0000 2017,"@717259 Hi, Jon. Sorry for the late response, but Chip beat me to it! Could you remove your phone number from public for your own security and DM us that and your concerns about your order? We're looking forward to hearing back from you. ^JamesV",
2517983,717260,Wed Nov 15 22:57:56 +0000 2017,@ATT I’m expecting a credit in my nex bill since my phone is useless right now,2517982,ATT,Wed Nov 15 23:46:32 +0000 2017,"@717260 Hello, Nikki! We definitely understand the frustrations of not being able to use your services. Our social media team is here to help! Please send us a private message with your zip code. We'd love to take a closer look into this issue for you. Thanks! ^AyaM",
2517985,389008,Wed Nov 15 23:43:19 +0000 2017,Y’all need to give everyone in Houston a month or 2 of credit because the service ain’t been right since the hurricane @ATT,2517984,ATT,Wed Nov 15 23:46:00 +0000 2017,@389008 Thanks for reaching out to us! We definitely understand your concern or frustration and we apologize for the inconvenience. As we have our engineers in the field working towards a resolution. We greatly appreciate your patience at this moment. ^ShamW,
2517987,717261,Wed Nov 15 22:52:03 +0000 2017,The AT&amp;T guy cut my internet bill in HALF with a new offer 😭😭😭 and added a $40 credit. (I was severely overpaying for like a year!!) Good customer service @ATT !! I will not be switching to Spectrum lol,2517986,ATT,Wed Nov 15 23:40:37 +0000 2017,"@717261 We are ecstatic to hear that we were able to save you some money by cutting your internet bill in half, Jannet! We appreciate the shout out! If there's ever anything we can assist you with in the future, please don't hesitate to reach out to us! ^MikeM",
2517989,717262,Wed Nov 15 22:27:42 +0000 2017,@ATT seriously??! What’s going on with your cellphone service. I don’t pay $400 a month for a phone I can barely use!,2517988,ATT,Wed Nov 15 23:34:01 +0000 2017,@717262 We apologize for the inconvenience of not being able to make or receive calls J.W.. We are aware of this issue and are working hard to restore your service. Thank you for reaching out to us today and we're always here to help! -JaredA Social Media Specialist,
2517991,717263,Wed Nov 15 22:46:37 +0000 2017,@ATT WTF is wrong with my phone?? You are costing me money right now!!!,2517990,ATT,Wed Nov 15 23:33:29 +0000 2017,@717263 That's never what we like to hear Allison! Can you please provide us more details on the issue your having with your device? We are eager to hear back from you with more information! ^JaredA,
2517993,590266,Wed Nov 15 22:35:26 +0000 2017,@att is there a service outage affecting voice services in 95012.,2517992,ATT,Wed Nov 15 23:25:33 +0000 2017,@590266 We apologize for the inconvenience of not being able to make or receive calls Ricardo. We are aware of this issue and are working hard to restore your service. Thank you for reaching out to us today and we're always here to help! -JaredA Social Media Specialist,
2517995,717264,Wed Nov 15 22:47:36 +0000 2017,@att @117735  please post update on outage and when restoration is expected.,2517994,ATT,Wed Nov 15 23:22:00 +0000 2017,"@717264 We regret to hear that your service is down. There is currently no ETA, however our technicians are working diligently to get this resolved for you as quickly as possible. We appreciate your patience!
^QB",
2517998,717265,Wed Nov 15 22:38:10 +0000 2017,@717266 @ATT @115858 AT&amp;T.  Outage nationwide,2517997,ATT,Wed Nov 15 23:14:35 +0000 2017,@717265 That's never what we like to hear Tanis! We are aware of the issue and are working diligently to restore services. Thank you for reaching out to us today! ^JaredA,
2517999,717266,Wed Nov 15 22:29:51 +0000 2017,"Uhm, all of a sudden I️ can’t receive or make phone calls... is this an @ATT problem or an @115858 problem?!?",2518000,ATT,Wed Nov 15 23:01:36 +0000 2017,"@717266 Hi Victoria. Could you turn off your device for thirty seconds or so before powering it back up? After it cycles through, the phone should reconnect with the closest, strongest wireless signal. Please try this and let us know if it did the trick. ^JamesV",
2518002,717267,Wed Nov 15 23:02:29 +0000 2017,@478696 @ATT I'll try that. I've already restarted a few times.,2518001,ATT,Wed Nov 15 23:14:01 +0000 2017,"@717267 We regret to hear you're experiencing issues. Please tell us your service type and your address with zip code in a DM, so that we may further investigate this situation! We certainly appreciate your patience! ^VeneM",
2518002,717267,Wed Nov 15 23:02:29 +0000 2017,@478696 @ATT I'll try that. I've already restarted a few times.,2518003,ATT,Wed Nov 15 23:13:00 +0000 2017,"@717267 We regret to hear you're experiencing issues. Please tell us your service type and your address with zip code in a DM, so that we may further investigate this situation! We appreciate your patience! ^VeneM",
2518011,717268,Thu Nov 16 00:23:01 +0000 2017,@ATT Just make sure @717269 can use her phone please,2518013,ATT,Thu Nov 16 01:10:00 +0000 2017,"@717268 We know how upsetting it can be to be unable to make a call on your device. Can you try going on airplane mode for 30 seconds, then turn on your signal or power cycle your device while on plan mode.  Thank you for your patience and understanding. ^WaleA Social Media Specialist.",
2518012,717268,Wed Nov 15 22:34:12 +0000 2017,@717269 @ATT I’m back up,2518010,ATT,Wed Nov 15 23:10:37 +0000 2017,@717268 Awesome! Feel free to reach out with any other questions or concerns. We're always her eto help! ^ShamW,2518011
2518015,717268,Thu Nov 16 02:02:34 +0000 2017,@717269 @ATT I️ can rest easy now. My work is done.,2518016,ATT,Thu Nov 16 02:16:30 +0000 2017,@717268 May we ask if the troubleshooting we sent to you worked? Is your phone now working properly? We will like to hear from you again. ^WaleA.,
2518021,717270,Wed Nov 15 22:21:26 +0000 2017,@188650 @ATT No service at all wtf,2518020,ATT,Wed Nov 15 22:45:00 +0000 2017,"@717270 Hey there! We definitely want to look into the primary cause of that disrupted service for you. Follow / DM us your city and state, mobile phone number, and brief details of your experience so that we may provide adequate assistance. We're eagerly awaiting your response! ^LarL",
2523923,718742,Sun Nov 12 02:55:12 +0000 2017,"@ATT @136958 I keep getting scam calls from this number pretending to be AT&amp;T, asking for security code / social: (877) 782-8870",2523922,ATT,Thu Nov 16 02:13:00 +0000 2017,"@718742 Hi there - for information on protecting yourself from phone scams, please see here: https://t.co/Erao5tCjRp",
2523925,718743,Wed Nov 15 23:27:36 +0000 2017,Is there an @ATT outage right now? Can’t make calls. #attdown,2523924,ATT,Thu Nov 16 01:43:24 +0000 2017,"@718743 We're glad to read that your wireless service is back up and running, Kelly! If you have any questions, please DM us. We're here for you!^KarZ",
2523928,718744,Thu Nov 16 01:29:39 +0000 2017,Hello to everyone but @ATT,2523927,ATT,Thu Nov 16 01:43:00 +0000 2017,"@718744 Hello, I would like to assist you with your issues and concerns today, if you could please send us a DM so we may resolve your concerns. Thank you. ^RobertB",
2523933,318588,Thu Nov 16 01:25:00 +0000 2017,"@ATT no, it doesn't. Please post a public answer to this problem and what you are doing to resolve.",2523929,ATT,Thu Nov 16 01:37:56 +0000 2017,"@318588 Thanks for reaching out and making sure we're aware of your wireless service issues. If you're currently experiencing issue when making wireless calls, please restart your device - that should resolve the issue. Thanks for your patience &amp; understanding. We're here for you! ^NdyE","2523930,2523931,2523932"
2523953,719642,Thu Nov 16 01:31:51 +0000 2017,"@ATT That doesn't work.... Online help either, https://t.co/3erurn4zNJ",2527412,ATT,Thu Nov 16 04:43:28 +0000 2017,"@719642 Hello, Marcela! Have you tried turning Airplane mode on and then off again? Please advise in a DM along with the phone number on your account for assistance! We're here for you and will be awaiting your response! ^EdwardJ",
2523974,725262,Thu Nov 16 14:12:09 +0000 2017,"@ATT wow, after all those tweets to you, not ONE person is in the hot seat. Not one reach out. Tells what kind of company you are.",2553631,ATT,Thu Nov 16 14:33:27 +0000 2017,"@725262 Good morning, Jason.  We do apologize for the delayed response. Do you mind private messaging us with your account info so that we may properly assist? We'll be waiting to hear back from you. ^BrianaB",
2523988,743806,Thu Nov 16 01:27:37 +0000 2017,@ATT I have already tried multiple times. Any other ideas?,2634666,ATT,Fri Nov 17 17:41:33 +0000 2017,"@743806 Hello, Don. We will be more than glad to assist you today. Could you please send us a DM with your wireless phone number and inquiry. We look forward to hearing from you.^ Juan V. Social Media Specialist",
2523991,747909,Thu Nov 16 21:48:52 +0000 2017,"@ATT Your company, service and customer service is garbage",2651857,ATT,Fri Nov 17 21:37:43 +0000 2017,"@747909 It appears we are not able to direct message you, please direct message us back and we will get in contact to help you resolve your concerns.",
2523992,747903,Sat Nov 18 02:48:22 +0000 2017,@ATT I’m having major static issues with my iPhone 8 Plus. Just started today. Please let me know if there a solution to this problem.,2651839,ATT,Sat Nov 18 04:20:31 +0000 2017,@747903 If you have you a chance to troubleshoot please follow this link https://t.co/nMjPl4rJhi Let's us know if this helps. Reply with your account info and phone number and will response,
2523997,780740,Sat Nov 18 14:23:56 +0000 2017,@ATT My daughter has been trying to contact your fraud department without success. She was on hold for over an hour on Thursday &amp; was supposed to get a call yesterday. Nothing. Do you not care about fraudulent accounts?,2798223,ATT,Tue Nov 21 23:09:32 +0000 2017,@780740 Hi Erin - we'd like to help you with this issue. Can you please DM us with your contact information so we can get in touch with you? Thank you.,2798224
2524000,718750,Thu Nov 16 00:31:42 +0000 2017,"Dear @ATT thanks for informing me I’m eligible to upgrade to the new iPhone for FULL PRICE! 

News Flash! 
If I pay full price, I’m always eligible for an upgrade. 

I may need to explore my provider options.",2523999,ATT,Thu Nov 16 01:28:30 +0000 2017,"@718750 Hello, Ben! We would hate to see you go. We'd be more than happy to explore your upgrade options. Please send us a private message with your account number. We look forward to hearing from you! Thanks! ^AyaM Social Media Specialist",
2524002,718751,Wed Nov 15 23:48:56 +0000 2017,@ATT if your phone is not able to receive or make calls. Try turning it into airplane mode and off. It fixed it for my husband and I.,2524001,ATT,Thu Nov 16 01:09:35 +0000 2017,"@718751 Thanks, Trista for sharing that information! Glad that resolved your issue. If you have any additional concerns, please feel free to reach back out to us! We're always here to help! ^BriT",
2524004,718752,Thu Nov 16 00:49:24 +0000 2017,@605738 @718753 @ATT Didn’t work,2524003,ATT,Thu Nov 16 00:53:30 +0000 2017,"@718752 We are aware of the problem and are working to correct it. In the mean time try to reset your phone using this troubleshooting link, please contact us if the problem persists. https://t.co/OVSEC5MHDn ^JoyM",
2524010,261345,Thu Nov 16 00:45:21 +0000 2017,@718754 @ATT @117735 Put on airplane mode then reconnect it fixes it,2524009,ATT,Thu Nov 16 00:49:31 +0000 2017,@261345 That's Great! Glad you are back in service. Thank you so much for reaching out. ^TMJo,
2524013,718755,Wed Nov 15 23:24:15 +0000 2017,@ATT why is my cell phone not making or receiving phone calls.,2524012,ATT,Thu Nov 16 00:41:01 +0000 2017,"@718755 Hey there, Randall! Thanks for reaching out to the social media team. At this time we're aware of the service issue, and are working diligently to restore services. For faster results, restart your device. Let us know if this works for you. Awaiting your response. ^JaquellaL",
2524015,499013,Wed Nov 15 23:07:36 +0000 2017,In #cincinnati no @att service.   Can’t make or receive call #att #outage,2524014,ATT,Thu Nov 16 00:35:46 +0000 2017,"@499013 We agree that inoperable service is a real pain, Lori! We want to look into that for you. Please follow / DM us the contact number associated with your account and type of phone service (landline or mobile) so that we may further assist you. We're waiting for your response! ^LarL",
2527414,719643,Thu Nov 16 04:35:16 +0000 2017,@719644 @719645 @ATT The airplane mode fix worked for some but others had to reboot. Wonder what happened. Nice to have the SM option to find help,2527413,ATT,Thu Nov 16 04:41:55 +0000 2017,"@719643 Glad to hear that this issue has been resolved, Darlene! If you need anything in the near future, let us know! We're here for you and eager to help! ^EdwardJ",
2527422,717264,Thu Nov 16 03:52:39 +0000 2017,"@717239 @ATT @117735 Well, when I try it says that I need to call @6674&amp;T. Hahaha. So again, no dice, but thanks for the suggestion.",2527421,ATT,Thu Nov 16 04:22:28 +0000 2017,"@717264 We suggest that until service is up an running again, that you turn on the WIFI calling feature on your phone. To learn more, please click this link: https://t.co/sLR9aOVBxj Let us know if this works for you. Thank you for your continued patience. ^MakJ",
2527426,719646,Thu Nov 16 01:22:23 +0000 2017,@ATT Put it in airplane mode and then back. Phone working now.,2527425,ATT,Thu Nov 16 03:58:00 +0000 2017,"@719646 We're glad to hear you phone is working again, Tman! If you need anything else, please don't hesitate to reach out to us again here on social media! ^SkyH",
2527581,719686,Thu Nov 16 03:44:02 +0000 2017,"Hey @ATT your internet is garbage. Looks like I'm calling @39620 tomorrow to switch from your slow, outage riddled service.",2527582,ATT,Thu Nov 16 13:20:32 +0000 2017,"@719686 Oh no, Alex! We hate to hear that your internet service hasn't been up to speed, we don't want to see you go! Can you send us a DM and tell us how long you have been experiencing this? We want to get to the bottom of this as quickly as possible! ^JalG",
2529496,720143,Thu Nov 16 07:43:24 +0000 2017,"@ATT Wale
Not really doing a greT job here
Problem resolved after I looked up possible solutions 
Your company still hasn’t explained how it happened 
Transparency not your strong suit is it?",2529498,ATT,Thu Nov 16 13:02:31 +0000 2017,@720143 Great! Its good to hear that your service is back and you can now use your device. We appreciate your time and patience over the length of time. We at AT&amp;T strive daily to continually be the best and serve you in the best way. Thanks for being part of the AT&amp;T family! ^YS,
2529497,720143,Thu Nov 16 05:46:50 +0000 2017,"@ATT Yeah it didn’t 
Evidently your LTE Network was having issues all over the country - and canned responses to annoyed customers doesn’t help",2529495,ATT,Thu Nov 16 06:15:00 +0000 2017,"@720143 Can try going on airplane mode for 30 seconds, then turn on your signal or power cycle your device while on plan mode? Let's know if this works. ^WaleA Social Media Specialist",2529496
2529500,720143,Thu Nov 16 05:31:23 +0000 2017,"Ahem
@att What is the believed cause of the rolling nationwide outage? As customers we should be given some info other than “we’re working on it”
Thanks
#threehoursdown",2529499,ATT,Thu Nov 16 05:42:30 +0000 2017,"@720143 We know how upsetting it can be to be unable to make a call on your device.  If you've experienced an issue when making wireless calls, please restart your device - that should resolve the issue. ^WaleA. Social Media Specialist.",2529497
2529502,720144,Thu Nov 16 01:31:28 +0000 2017,As much as I️ pay y’all a month ?😡 @ATT @117735,2529501,ATT,Thu Nov 16 06:13:00 +0000 2017,"@720144 Hello, Brooke! We want to know how we can help you. Please reply with your account and phone number and we will respond. Thanks for reaching out to AT&amp;T. We appreciate your business. ^TyroneP",
2529504,117691,Thu Nov 16 02:12:01 +0000 2017,"Impossible to schedule in-store appointment with @ATT, can’t call in store, phone tree takes 10 min to tell you use the app (that doesn’t work), and the website, which from scheduling takes you to “find a store” and then no matter what you click sends you to a product page.  😤",2529503,ATT,Thu Nov 16 05:50:24 +0000 2017,@117691 Hi Sophia. We want you to know that we can handle all of your concerns right here through social media. Could you please send us a DM with more details? We are more than willing to assist you in any way we can. We look forward to speaking with you soon. ^MakJ,
2529505,117691,Thu Nov 16 07:35:00 +0000 2017,"@ATT After four hours, you can imagine that this is no longer necessary, but thank you.",2543379,ATT,Thu Nov 16 12:56:00 +0000 2017,"@117691 Hi, The apologize for the delay! We understand that your matter has been handle! If you ever need us in the future, please feel free to reach back out to us! We will do all that we can for you!-ROnH",
253918,176360,Thu Oct 05 16:48:31 +0000 2017,"@126768 I'm not a moron.  I know how to DM, but it won't let me DM @126768.  Hm.  Could you make this any more difficult?",253917,ATT,Thu Oct 05 17:54:00 +0000 2017,@176360 If you are having issues DM us. Please click here https://t.co/rycI6d7q8T Let us know if you need any further help!  ^AsiaC,
254956,176619,Tue Oct 03 00:24:13 +0000 2017,@ATT New U-verse customer as of Friday. Miserable with all the problems I am experiencing. Have addressed most but need help setting up...,254955,ATT,Thu Oct 05 18:07:49 +0000 2017,@176619 We want to help! Please dm your account and contact number so our next available manager can help! Thanks!^TammyY,
2553621,725258,Thu Nov 16 13:31:54 +0000 2017,"And lastly, I want to say a HUGE thank you to @121574 and @ATT for absolutely everything about those few days. Between the Pop up shop and keeping the surprise hidden, they were so attentive and kind and amazing to all of us.",2553620,ATT,Thu Nov 16 15:28:08 +0000 2017,"@725258 Aw shucks, Liz! We do it for amazing fans like you!!! https://t.co/SNlcoYLNfF",
2553624,725259,Thu Nov 16 14:11:13 +0000 2017,@ATT what’s up with the poor network lately?,2553623,ATT,Thu Nov 16 14:55:30 +0000 2017,@725259 Hello! Thanks for reaching out to us here! We are always here to assist you! Please shed more light on your inquiry about the network. Kindly give us more details on what you're experiencing in a direct message. Looking forward to hearing from you. Thanks! ^YS,
2553626,725260,Fri Nov 17 15:00:27 +0000 2017,@ATT I took my phone to Apple and they said my phone is completely shot and my warranty expired so it’ll run me $350 for a new phone 🤷🏻‍♂️ I went to my carrier AT&amp;T filed a insurance claim and I’m being mailed a new one for $112 🤦🏻‍♂️,2553628,ATT,Fri Nov 17 15:14:30 +0000 2017,@725260 Hello Victor! Thanks for reaching back to us. We are glad that you are going to receive a new phone in the mail. Please let us know if you need further assistance. We are always here for you and we do value you being a loyal customer to AT&amp;T. ^RazR,
2553627,725260,Thu Nov 16 12:00:45 +0000 2017,"@ATT I’m having internal issues with my iPhone 7 Plus. @115858 says the issue with my phone is super rare. Because my warranty expired last month, I have to pay hundreds of dollars. 🤦🏻‍♂️",2553625,ATT,Thu Nov 16 14:54:00 +0000 2017,"@725260 Hello Victor! Thanks for reaching out to us through social media department, we are more than happy to further assist you with your phone internal issues, Kindly DM us more details regarding what's going on with your device along with your wireless number to better assist. ^RazR",2553626
2553630,725261,Thu Nov 16 14:08:11 +0000 2017,If you have any sort of anger issues or self inflicted violence I would suggest never calling the @ATT cust support line. Like talking to a wall and helpless,2553629,ATT,Thu Nov 16 14:38:00 +0000 2017,"@725261 Curt, we are upset to hear you feel our customer support is not helping you! Let us take a look at your account, and get you in the right direction! Send us a private message with details about your concerns, account number, and best contact number included! Thank you, ^PegN",
2553633,725263,Thu Nov 16 14:08:58 +0000 2017,@725264 @ATT It worked. Thanks a mil!! 🤗🤗,2553632,ATT,Thu Nov 16 14:15:00 +0000 2017,"@725263 Hey, Gwen! Were you able to get everything resolved on your end or are you still needing assistance? Feel free to let us know, we're always here to help! Thanks! ^JalG",
2553636,725265,Thu Nov 16 05:03:58 +0000 2017,@99016 I’d be happy if @ATT could get my bill right after a year of trying. Worst customer service I’ve ever dealt with,2553635,ATT,Thu Nov 16 13:30:35 +0000 2017,"@725265 @99016 Hey Tj, thanks for reaching out to us! We don't like to hear you're dealing with billing issues. Could you please DM with your account information? We would be more than happy to get things straightened out. ^VeroP",
2561087,726894,Thu Nov 16 16:56:57 +0000 2017,@ATT restarted iPhone 6 Plus after connection issues and now says NO SIM 💔 #attoutage @115858,2561085,ATT,Thu Nov 16 17:16:00 +0000 2017,@726894 Oh no Krutarth! That's not what we like to hear at all. Let's make sure that your sim card is working properly and your service is restored. Can you please Dm us your cell number? We are eager to hear back from you! ^JaredA,2561086
2561089,726895,Thu Nov 16 15:33:38 +0000 2017,@ATT Thank you for the BEST night of my life. #repCelebrationATT,2561088,ATT,Thu Nov 16 16:54:32 +0000 2017,@726895 We're so glad you enjoyed #TaylorSwiftNOW!,
2561091,726896,Thu Nov 16 16:49:31 +0000 2017,@ATT 33158,2561093,ATT,Thu Nov 16 20:39:26 +0000 2017,"@726896 Hey there! There was a nationwide outage that is now resolved. Restarting the device may be required two to three times to clear the issue. We hope this works out for you, please let us know if it doesn't! We appreciate your loyalty to AT&amp;T. ^BayO",
2561092,726896,Thu Nov 16 16:39:37 +0000 2017,@ATT #nopaynoway you must solve your connectivity issues here in so Fla. getting through 1/2 the time should cost U too!,2561090,ATT,Thu Nov 16 16:49:00 +0000 2017,@726896 Thank you for providing us with your concern on connectivity issue. Can you tell us what your zip code. We're currently working on making service better in all areas in the US. We're eager to hear your response.^PeyL,2561091
2561095,726897,Thu Nov 16 00:59:34 +0000 2017,Yo seriously... is the entire @ATT mobile network down or something?  I'm not the only one who can't make or receive phone calls.,2561094,ATT,Thu Nov 16 16:43:15 +0000 2017,@726897 Morning! I regret to hear you are having trouble with your AT&amp;T service. To best assist you please direct message us with your account information. Thank you!  ^HeidiM,
2561097,726898,Thu Nov 16 00:57:29 +0000 2017,@118062 so I’ve been to the #RepPopUpATT like a few times... so I’m pretty sure I’m the only person that brought a tea cup! #taylorswift @121574 #reptaylurking #atnt #beststaff #bestpopup https://t.co/8kXTnE8s3A,2561096,ATT,Thu Nov 16 16:18:41 +0000 2017,@726898 We're so glad you enjoyed the #TaylorSwiftNOW pop up! https://t.co/WLrWt8PvgM,
2561099,726899,Thu Nov 16 05:04:44 +0000 2017,"@ATT Received my new iphoneX this afternoon and after 40 minutes on hold, still the operator could not get someone to help me get cellular on my phone.  I have wifi only! PLEASE HELP!  Trying to transfer service from my old phone phone to the new.",2561098,ATT,Thu Nov 16 16:15:00 +0000 2017,"@726899 Hi, Danielle! We'd love to assist you with transferring your old phones information onto your new phone. Can you provide us with your phone number so we can further assist you? We're eager to help and we hope to hear from you soon.^PeyL",
2561102,726900,Thu Nov 16 15:14:57 +0000 2017,"@ATT it's no wonder you are losing so many customers, I've been placed on hold 3 times for over 30 to be dropped each time. A joke of a company.",2561100,ATT,Thu Nov 16 15:42:00 +0000 2017,"@726900 Hello Roberto, it saddens us to hear you've been on hold for over 30 min 3 times. We want all our customers to feel appreciated it and loved. Let us prove we are serious about providing great customer service. Please Follow/DM us with details and your account number. ^TynM",2561101
2567700,728359,Thu Nov 16 00:46:36 +0000 2017,@203692 @99486 We've got your back and will be in the stands cheering for the best team in MLS!! Let's win it all!!,2567699,ATT,Thu Nov 16 18:14:56 +0000 2017,"@728359 @728359 wow you are a classy fan! We love your soccer passion, follow &amp; DM us, we may have something for you! #SoccerEverywhere",
2568455,728520,Mon Oct 30 15:47:27 +0000 2017,"That tech, @att and @117735, left my house without telling me why. I had to call him at the end of the day to figure out where he was.",2568454,ATT,Mon Oct 30 15:57:21 +0000 2017,@728520 We hate to hear that the tech left your home without notice Andrew! Dm us more details on the issue your experiencing. ^JaredA,
2568457,289871,Mon Oct 30 14:39:17 +0000 2017,"@ATT Can you turn my cellphone back on, I forgot to get an extension 😢",2568456,ATT,Mon Oct 30 14:42:32 +0000 2017,@289871 Hi Chad - we're on it. Can you DM us more info and we'll look into this asap?,
2569454,728759,Mon Nov 13 00:32:28 +0000 2017,I️ just need to know if this pop up store is coming to LA so I️ can make plans to go and tell people what to get me for Christmas @121574 @ATT,2569453,ATT,Mon Nov 13 02:29:52 +0000 2017,"@728759 Hi Melanie - as of now, the NYC Pop Up is the only one we have planned. Follow us on social to stay updated on future #TaylorSwiftNOW events!",
256995,177131,Thu Oct 05 18:29:35 +0000 2017,@ATT I can’t.,256994,ATT,Thu Oct 05 18:34:00 +0000 2017,@177131 We are here to help! What seems to be keeping you from being able to DM us? We await your response. Thanks! ^TomJ,
256997,177131,Thu Oct 05 05:33:35 +0000 2017,@ATT your service suckssss. I haven’t been able to load a page on LTE in dayssss! Get it together.,256996,ATT,Thu Oct 05 12:24:28 +0000 2017,@177131 We know slow network connections are annoying! Please DM us your location and phone number for assistance. ^PaigeR,256995
256999,177132,Thu Oct 05 17:57:05 +0000 2017,"A day later &amp; still getting the middle finger from @ATT @117735. But don't be late on the bill!
#Priorities (Hint, it ain't customers!)",256998,ATT,Thu Oct 05 18:31:38 +0000 2017,"@177132 We hear you, Sonia! Follow us and DM your account number and brief details so that we may provide adequate assistance. ^LarL",
2571293,583973,Sat Oct 28 20:03:14 +0000 2017,@203692 @41892 2 Blocked PKs and guessed right on the one that went in and hit the post!,2571292,ATT,Mon Oct 30 16:26:40 +0000 2017,"@583973 Such an amazing performance. We love your soccer passion, follow &amp; DM us, we may have something for you! #SoccerEverywhere",
2571296,729169,Mon Oct 30 15:29:57 +0000 2017,Charging a $5 convenience fee is inconvenient. @Att,2571295,ATT,Mon Oct 30 16:05:32 +0000 2017,"@729169 Hi Keith. Thanks for reaching out via social media. IS there anything we can assist your with today?
^QB",
2577616,730827,Thu Nov 16 17:02:43 +0000 2017,Just found out I get #TAYLORSWIFTNOW thanks to U-verse 🤯🤯@ATT,2577615,ATT,Thu Nov 16 21:36:10 +0000 2017,@730827 Don't forget to watch The Making of a Song for even more behind-the-scenes moments! https://t.co/dCzNk2nEth,
2577618,376669,Thu Nov 16 03:57:36 +0000 2017,This @ATT outage crazy....at least I’ll be in @127051 tomorrow...once my device arrives and I port out.,2577617,ATT,Thu Nov 16 20:42:47 +0000 2017,"@376669 Hey there, Eduardo! It breaks our heart to see you go, we hate to have to end like this! Please send us a DM and tell us what we can do to change your mind! We look forward to your reply! ^JalG",
2577620,730828,Thu Nov 16 20:24:00 +0000 2017,@att Thanks to your amazing phone tech Zach S. who helped me get my phone up and running again!,2577619,ATT,Thu Nov 16 20:31:10 +0000 2017,@730828 Thank you for letting us know about the wonderful experience you had with our tech Allie. We appreciate your feedback and we are always here to help when you need us! ^JaredA,
2577622,730829,Thu Nov 16 19:27:09 +0000 2017,"@ATT Well, there's no option for ""only send special offers that are available in my area"" or ""only send special offers for services in which I don't already subscribe"" or ""don't offer me $100 to sign up for something that I actually already have and now can't have $100 offer""",2577621,ATT,Thu Nov 16 20:06:30 +0000 2017,"@730829 Hey there, Lisa! To set those options you're interested in try taking advantage of the chat provided in the link https://t.co/HFO5PwgQoU. Our knowledgeable agents are waiting to provide assistance at a moment's notice. Please reach out to us should you require further help. ^LarL",
2577624,730829,Wed Nov 15 16:26:56 +0000 2017,@att marketing department - please don't send a current customer an offer for service she already has and where parts of the offer aren't even available in her service area.  #misleading #disappointment,2577623,ATT,Wed Nov 15 16:35:01 +0000 2017,"@730829 We hear you, Lisa, and definitely want to help you with that! Learn how to manage your marketing preferences simply by visiting here https://t.co/BVbZCHAlzn. In the meantime, we'll provide any future assistance with any AT&amp;T products and services should you ever require it. ^LarL",2577622
2577626,730830,Wed Nov 15 20:43:11 +0000 2017,We have had an ongoing @ATT issue and can’t get anyone to call us back.  Why no resolution?  @117735 ..... or clearly does not care.,2577625,ATT,Thu Nov 16 20:01:30 +0000 2017,"@730830 Hello, Kristin! DM us with more details on your on your service concerns. We appreciate you as  a loyal customer and want to make things right. We're looking forward to hearing back from you soon, so we may properly assist you further. Thanks in advance! ^BrittB",
2583815,732210,Thu Nov 16 22:16:42 +0000 2017,.@ATT What caused the glitch to some users? We’re all concerned. What is your official statement?,2583814,ATT,Thu Nov 16 23:43:32 +0000 2017,"@732210 Good evening, Erica, our team would love to assist you with any questions or concerns that you might have. Kindly direct message us details on what you are experiencing along with your account number. We are here for you. ^MakH",
2583817,686581,Wed Nov 15 20:34:26 +0000 2017,@ATT Is it gonna come to LA? ☺️,2583816,ATT,Thu Nov 16 23:33:29 +0000 2017,"@686581 At this time, the NYC Pop Up is the only one we have planned. Follow us on social to stay updated on future #TaylorSwiftNOW events!",
2583822,554666,Thu Nov 16 22:38:57 +0000 2017,"Sitting on @118062's #lookwhatyoumademedo throne at the #reputation Pop Up sponsored by @ATT 
#TaylorSwiftNow https://t.co/VeIF12KE1r",2583821,ATT,Thu Nov 16 22:42:37 +0000 2017,@554666 Tay-Mazing! https://t.co/BQjVx5O76M,
2583824,732211,Thu Nov 16 22:01:26 +0000 2017,Hey @ATT are people still having problems? I havent received a text or Snapchat in the last 4hrs #ATTOutage,2583823,ATT,Thu Nov 16 22:30:00 +0000 2017,@732211 Everything is back on track now. Have you tried powering off your device? Let us know if we need to further assist you. ^Michr,
2583826,627687,Thu Nov 16 22:24:45 +0000 2017,@ATT It does not give me a option to private message you on Twitter...?,2583825,ATT,Thu Nov 16 22:29:00 +0000 2017,"@627687 We understand, it can be a little tricky. Just follow us, at least for now and then the option should appear to DM us the information so that way it remains private for safety. We hope that works for you and are patiently waiting! ^TiffH",
2583828,627687,Thu Nov 16 22:11:06 +0000 2017,@ATT when will I receive my iPhone x😩😩😩😩😩😩😩😩😩😩😩🙏🏻🙏🏻,2583827,ATT,Thu Nov 16 22:23:30 +0000 2017,"@627687 Hey Raquel, we appreciate your anticipation of receiving your new device. Please DM us your order number and mobile phone number and we'll be happy to check to see when you should be getting your new iPhone. ^TiffH",2583826
2583830,732212,Thu Nov 16 21:24:41 +0000 2017,@ATT @118062 will the pop up shop be coming to other cities in the US?,2583829,ATT,Thu Nov 16 21:56:00 +0000 2017,"@732212 At this time, the NYC Pop Up is the only one we have planned. Follow us on social to stay updated on future #TaylorSwiftNOW events!",
2584394,157031,Thu Nov 16 22:57:38 +0000 2017,"Funny story: It's been almost a week since I've talked to @115858 and @att and wi-fi calling still won't turn on, on my brand new iPhone 8. What's a girl gotta do to get a working smart phone around here? #Opentosuggestions #help #seriouslytho",2584395,ATT,Fri Nov 17 02:49:00 +0000 2017,"@157031 Hello Sarah, thank you for contacting us today. How can we help you with the WiFi calling failures or calling service issue? DM us details to the WiFi calling &amp; the issue. Thank you. ^MonF",
259221,177646,Thu Oct 05 19:28:51 +0000 2017,"@ATT I live 10 miles from the Mexico border, and I get a better @174794 signal than I do from an American carrier!  What’s the deal AT&amp;T?",259220,ATT,Thu Oct 05 19:57:10 +0000 2017,@177646 Oh no! We can help. Could you please DM us your zip code so that we can further investigate this lack of connection. ^MeciS,
2595932,735034,Thu Nov 16 23:19:34 +0000 2017,Waited 34 minutes for help at @122848 in Columbus... ended up walking out. Might just pay more at @ATT for my wife’s new phone and service just for the better customer service. #pathetic,2595931,ATT,Fri Nov 17 02:31:00 +0000 2017,"@735034 Hello there! Joining AT&amp;T is a great thought to consider at this time. We take your issues with all sense of responsibility and give you the best service that you need. Can you DM us the kind of service you want, so we can discuss our various deal options for you? ^WaleA.",
2595935,343621,Fri Nov 17 01:59:44 +0000 2017,@ATT y'all gonna let this happen? Jw. https://t.co/PJcEZyxXbF,2595934,ATT,Fri Nov 17 02:09:27 +0000 2017,"@343621 Hello, Arely. We understand how much you want your internet to operate at a high speed without any trouble. Please allow us help you. Can you send us details of your internet service issue as well as your contact and account number, in a DM. We hope to hear from you soon. ^WaleA.",
2595937,573913,Fri Nov 17 06:01:04 +0000 2017,@ATT The number: 323-662-9868. Check the records and you'll see that a fax was not sent or received for YEARS. We canceled the service YEARS ago. And you are willing to refund us for only two months service. And I have now talked to 3 people on the phone and 4 on social media.,2595939,ATT,Fri Nov 17 06:35:00 +0000 2017,@573913 Thank you for responding back! Having to deal with this for years is unacceptable! We understand how you're feeling. We're working on your account. Thank you for being apart of the AT&amp;T family! If you have any other questions or concerns please feel free to contact us back! ^RiRi,2595940
2595938,573913,Fri Nov 17 00:19:26 +0000 2017,"Say @ATT&amp; @117735, are NathanG, KeithB, &amp; OmairZ real people? Or are they robots? &amp; do you actually ever help anyone or do you just pretend you will or or or?",2595936,ATT,Fri Nov 17 01:55:04 +0000 2017,"@573913 Hello, Dinah you've been charged for a fax number you haven't used in years? Out of $2000 you only was credited $52.00? That's not how we do business! Dm the number you're being charge so we can eradicate this! Thank you for your patient! Look forward to hearing from you! ^RiRi",2595937
2598829,735757,Fri Nov 17 03:55:48 +0000 2017,The situation with @ATT yesterday with no explanation has me feeling like Larry David in the Curb episode where no one will let him know what the disturbance in the kitchen was @117735,2598828,ATT,Fri Nov 17 04:58:51 +0000 2017,"@735757 Hello there! We know how upsetting it can be to be unable to make a call on your device. Can you try going on airplane mode for 30 seconds, then turn on your signal or power cycle your device while on plan mode.  Thank you for your patience. ^WaleA Social Media Specialist.",
2605636,737222,Thu Oct 26 16:07:07 +0000 2017,@ATT @119777 ❤❤❤😍,2605634,ATT,Mon Oct 30 19:13:32 +0000 2017,@737222 Are you nerding out as much as we are?! #JoinTheLeague https://t.co/m0u8OFAOb6,2605635
2605642,737223,Mon Oct 30 18:36:43 +0000 2017,// I got three of the Justice League posters from AT&amp;T,2605641,ATT,Mon Oct 30 19:11:33 +0000 2017,@737223 Thanks for channeling your inner super hero with us!  Check out more at https://t.co/mGbVQEp3UK. #JoinTheLeague,
260707,178064,Thu Oct 05 20:41:10 +0000 2017,"@ATT  I’ve had no cell phone service today. Is there a way to report this, find the study’s of getting service back?",260706,ATT,Thu Oct 05 20:55:32 +0000 2017,@178064 Hi Amy! Thanks for reaching out. Please DM us details of your cell service concerns. We're here awaiting your reply! ^JornaiS,
260709,178065,Thu Oct 05 20:15:53 +0000 2017,@ATT @165273 why can’t I stream the game on my phone? For shame! #astros #RedSox,260708,ATT,Thu Oct 05 20:39:33 +0000 2017,@178065 Unable to view the game? Let us look into that for you! Follow us and DM your account number and brief explanation. ^LarL,
2608007,641514,Sun Oct 29 08:47:11 +0000 2017,@119777 @ATT Can we get these posters in the UK?,2608005,ATT,Mon Oct 30 21:21:31 +0000 2017,"@641514 Hey Jonathan, check out https://t.co/25O8MW8DYr for more #JusticeLeague exclusives! #JoinTheLeague",2608006
2608035,737730,Mon Oct 30 15:30:14 +0000 2017,Happy Match Day from our own little “Timber Joey”.  #MLSCupPlayofffs #RCTID https://t.co/XGoJN5xFy9,2608034,ATT,Mon Oct 30 20:44:55 +0000 2017,"@737730 Looking good! We love your soccer passion. Follow and DM us, we have something for you! #SoccerEverywhere",
2608039,737732,Mon Oct 30 17:14:45 +0000 2017,"Getting ready for the Timbers game tonight by watching highlights of their last playoff game. That one went pretty well, if I recall #RCTID",2608038,ATT,Mon Oct 30 20:43:54 +0000 2017,"@737732 We love your soccer passion! Follow and DM us, we have something for you! #SoccerEverywhere",
2608043,737734,Fri Oct 27 22:03:06 +0000 2017,@203692 Thank you to all the hard working staff and @78930 doing their best to make sure we fill that stadium on Tuesday. Columbus 💛's you!,2608042,ATT,Mon Oct 30 20:43:08 +0000 2017,"@737734 You are a fan with true class! We love that soccer passion, follow and DM us we may have something for you! #SoccerEverywhere",
2608048,737736,Mon Oct 30 07:06:59 +0000 2017,@167829 Defense wins championships. #sounderstillidie,2608047,ATT,Mon Oct 30 20:37:11 +0000 2017,"@737736 You're absolutely right. We love your soccer passion, follow &amp; DM us, we may have something for you! #SoccerEverywhere",
2614675,739126,Fri Nov 17 04:18:39 +0000 2017,Whoa.. @ATT is giving me 2 months free Showtime &amp; HBO.. They must be getting ready for a huge price increase.. but for now i'll take it.. catching up on #Homeland !! Thx @att,2614674,ATT,Fri Nov 17 12:48:00 +0000 2017,"@739126 Hey, TK! You're more than welcome! We're so happy that you're enjoying your 2 months of free Showtime and HBO. We're always here if you need us, so feel free to send us a DM anytime. Have a great weekend! ^MarkaylaE.",
2614678,739127,Thu Nov 16 15:26:59 +0000 2017,I cannot wait to move from #LaJolla @ATT internet and cell service is so horrible. I don't care how much it costs me to cancel the service either. That's how bad it is. Hurry up January so I can get out of this place and the crap service,2614676,ATT,Fri Nov 17 12:15:30 +0000 2017,"@739127 It saddens us to hear you want to go! Please allow us to turn things around for you here, via social media? Please send a DM with details of whats going on. We hope to hear from you soon! ^ChristiM Social Media Specialist",2614677
261654,178312,Thu Oct 05 20:49:16 +0000 2017,@ATT also your cell service has become unreliable so as soon as I can I will switch to Verizon. That is all.,261650,ATT,Thu Oct 05 21:21:01 +0000 2017,@178312 We don't like to hear that you feel U-verse is junk. We can help. Why do you feel that way? Reach back out soon. ^Michr,"261651,261652,261653"
261656,178313,Thu Oct 05 21:43:02 +0000 2017,@ATT I’ve lived here for 4 months and have only had 1 bar the entire time lmao,261658,ATT,Thu Oct 05 22:30:13 +0000 2017,@178313 Oh my one bar at a time is horrible. We can help. Troubleshoot here: https://t.co/LbriYl4Y5t  ^Michr,
261657,178313,Thu Oct 05 20:58:47 +0000 2017,@ATT why is the service trash in ALL of downtown LA?!,261655,ATT,Thu Oct 05 21:15:00 +0000 2017,"@178313 hey, lanie, we'd love look into your service concerns. DM us details on the issue you're having. We are eager to assist. ^MakH",261656
2619592,740250,Fri Nov 17 14:31:16 +0000 2017,"@ATT - do y’all plan on putting any towers up near the wylie, tx area? I pay an arm and a leg for next to nothing service...",2619591,ATT,Fri Nov 17 15:23:31 +0000 2017,"@740250 Good morning, Justin! Use the AT&amp;T Mark the Spot app to report dropped calls, network issues, and receive network improvement notifications. https://t.co/IAu6JVzBME ^BrianaB",
2619595,740251,Tue Nov 14 16:28:15 +0000 2017,@ATT hello from Upper Michigan. The AT&amp;T service works great here. Better than ever to be honest. Keep up the good work ☺️,2619593,ATT,Fri Nov 17 14:53:25 +0000 2017,"@740251 Hi Brian, thanks for letting us know. We love to hear that you're enjoying your service! - Jenn S.",2619594
2628699,742422,Wed Nov 15 22:41:55 +0000 2017,"OK we're going to get discounts on our stupid-high phone bills for this @ATT outage, right? https://t.co/gasi4LoNIk",2628698,ATT,Fri Nov 17 17:20:30 +0000 2017,"@742422 Hi Jen! Please DM us your account details, we eager to help you checking the bill discount you will have for the LTE outage. ^Ana B, Social Media Specialist.",
2628702,742423,Fri Nov 17 15:04:00 +0000 2017,Had an appointment with @ATT today. No one showed up and have now been on the phone for 50 minutes only to find out I don’t have an account anymore? Why did I try and switch from @115900 🤦🏽‍♂️,2628701,ATT,Fri Nov 17 15:58:28 +0000 2017,"@742423 Good morning, Jony! We understand how inconvenient this must be for you, and hope you will give us the chance to turn things around for you. So that we can look into what happened to your appointment, please provide us with more details in a direct message. Thanks!  ^KeishaB",
2628705,742424,Fri Nov 17 15:41:10 +0000 2017,@ATT why am I paying $40.00 for Visual Voicemail(I was told I can’t take it off) when @126302 has an entire plan for $45.00.,2628703,ATT,Fri Nov 17 15:46:00 +0000 2017,"@742424 Good morning, Amy! We don't want to see you go, we would love to take a look into your account and see why you're paying $40 for visual voicemail, may you send us a DM with your wireless number so we can get this going for you? Thanks, we look forward to chatting with you! ^JalG",2628704
263412,178775,Sat Nov 25 00:39:57 +0000 2017,My last 8 months of U-Verse. (April had a PPV purchase) I haven’t changed anything and there’s no consistency. @117735 @ATT @126768 🤔🤔🤔 https://t.co/FDuljxn9gO,263413,ATT,Mon Nov 27 19:08:01 +0000 2017,"@178775 Chris thank you for answering my call, hope you had the best solution possible for your monthly charges, if there is anything else I can help you with please let me know, Enjoy the rest of your day and have a great week! ^Dioselina Q. Social Media Specialist.",
263412,178775,Sat Nov 25 00:39:57 +0000 2017,My last 8 months of U-Verse. (April had a PPV purchase) I haven’t changed anything and there’s no consistency. @117735 @ATT @126768 🤔🤔🤔 https://t.co/FDuljxn9gO,263411,ATT,Sat Nov 25 00:53:29 +0000 2017,"@178775 Chris thank you much for the share, I will explore options to offer depending on the accounts eligibility for them and will contact with accurate information on Monday afternoon. have a rested night and enjoy your weekend. ^Dioselina Q. Social Media Specialist.",
263415,178776,Fri Nov 24 23:52:17 +0000 2017,@178777 @ATT We are moving and have to have att for cable and internet. They haven’t even installed it yet and I am already dissatisfied. @ATT,263414,ATT,Fri Nov 24 23:56:54 +0000 2017,"@178776 Good evening, we understand that you are experiencing issues with having your service installed. Allow us the opportunity to turn this around! Kindly DM us details along with your account number. We hope to hear from you soon. ^MakH",
2634664,743805,Fri Nov 17 02:08:43 +0000 2017,@118062 @121574 @ATT @127550,2634663,ATT,Fri Nov 17 17:55:47 +0000 2017,@743805 That makes two of us 😉 Thank you for joining!,
2639521,744926,Fri Nov 17 20:54:09 +0000 2017,It's sad how @ATT &amp; @117830 have overcharged my mother and constantly failed to follow through after she spends precious time fix their mistakes.,2639520,ATT,Fri Nov 17 21:13:32 +0000 2017,@744926 We do offer our apologies for the inconveniences the billing issues are causing your mother. We would be delighted to help turn things around. Are you an authorized user on her account? Let us know we await your reply. Thanks! ^KShanT,
2639523,744927,Wed Nov 15 16:46:59 +0000 2017,@203692 I love one touch passes😍,2639522,ATT,Fri Nov 17 20:50:36 +0000 2017,"@744927 @744927 they are looking good! We love your soccer passion, follow &amp; DM us, we may have something for you! #SoccerEverywhere",
2639526,744928,Fri Nov 17 20:21:20 +0000 2017,@ATT have no service,2639525,ATT,Fri Nov 17 20:35:29 +0000 2017,@744928 Dustin we would love to help. Please DM us and tell us what service it is that isn't working in your area. We are eager to get your services back as quickly as possible. We await your reply. Thanks! ^KShanT,
2639528,744929,Fri Nov 17 19:27:03 +0000 2017,".@att. Seriously-plz Help!
Modem is broken-that's all
No exchange/repair until Tuesday! Really? Just bring it to me I will plug in. HELP!",2639527,ATT,Fri Nov 17 20:29:00 +0000 2017,@744929 Oh no! We can definitely assist you with replacing your broken modem to a new one. We do understand the importance of having a reliable internet service for your daily needs. Kindly send us a DM with your account number to get this matter resolved. Thanks for reaching out! ^RazR,
2639530,744930,Sun Nov 12 06:16:03 +0000 2017,@ATT #digitallife Biggest mistake ever.,2639529,ATT,Fri Nov 17 20:11:00 +0000 2017,"@744930 I am sorry to hear you are having trouble logging into the app. We definitely want to assist you with this. Can you please direct message me your address, call back # and Digital Life account # (if you have it). 
Brooke.G Digital Life / Social Media Team",
2645147,746306,Tue Oct 24 18:37:49 +0000 2017,@ATT how come customer service can’t fix a simple thing? Where is the credit for my phone I gave you? I called 30 times!,2645146,ATT,Tue Oct 31 04:54:00 +0000 2017,@746306 Hi Melissa! Can you DM your account number and let us know about this credit issue in detail? We are here to assist you. ^WillP,
2651796,159327,Sun Nov 19 02:00:17 +0000 2017,"@ATT @117735 @562 @115725 @369177 6/ Without competition, there is no incentive for reliability.  Ur subject 2 ppl who deem ur worth 4 their service.  This is Orwell 101.",2651795,ATT,Sun Nov 19 02:51:29 +0000 2017,"@159327 @562 If there is anything I can do to help you correct this and show you that AT&amp;T truly does appreciate your loyalty and business, let me know. My office hours are from 12pm-9pm central standard time this weekend. Please send a DM if you would like further assistance.  ^JasonL",
2651803,747893,Sat Nov 18 22:22:18 +0000 2017,@ATT @117735 we will be anticipatorily repudiating our U-verse service contract next week if our service has not been restored and switching to @115900,2651801,ATT,Sun Nov 19 01:01:00 +0000 2017,"@747893 Gustav, we appreciate your patience with us. If you could, please confirm your account and phone number in a DM so we may contact you. We are working to find a solution for your service interruption as we speak. Thanks for being a part of AT&amp;T! ^TyroneP",2651802
2651805,691869,Tue Nov 14 19:06:23 +0000 2017,"@ATT - Question about your new Fiber option! If we sign up for the 1 year contract option &amp; move 4 months from now, and Fiber isn't available where we move, what happens with the contract? We wouldn't want the slower/older option.",2651804,ATT,Sun Nov 19 00:42:25 +0000 2017,@691869 HI Tiffany. Please follow/DM us and we can discuss the account specifics in detail with you. Thanks for your patience. ^AT&amp;T Social Media Team,
2651807,747896,Sat Nov 18 23:49:01 +0000 2017,@ATT I can’t DM you.,2651806,ATT,Sun Nov 19 00:02:36 +0000 2017,"@747896 Thank you for your quick response sir.  Please verify that you are following us in order to make sure

-Alex M. Social Media Specialist. 10-7PM CST Tue-Sat. https://t.co/7m6RT3Hk4n",
2651809,747896,Sat Nov 18 17:50:17 +0000 2017,@747897 @ATT @115725 @115911 Our bass player has tmobile n I’ve seen how it works. International is cool. But it doesn’t work so great.,2651808,ATT,Sat Nov 18 23:39:25 +0000 2017,"@747896 Good afternoon Phil. Would you kindly DM us?  We'd like to see what we can do to help make this right for you sir.

^AlexM. Social Media Specialist.",2651807
2651813,747898,Sat Nov 18 22:29:46 +0000 2017,@119777 @ATT Just great movie !! Thank you DC team !! B-) 👍,2651812,ATT,Sat Nov 18 23:46:55 +0000 2017,@747898 Who’s your favorite hero? #Batman #WonderWoman #TheFlash #Aquaman #Cyborg  #JoinTheLeague https://t.co/m0u8OFAOb6,
2651817,747899,Sat Nov 18 18:15:03 +0000 2017,@ATT I can’t message you anymore cause I’m going The the ATT store now and I’m trading it in and I’m gonna have to wait so long for the phone ;(,2651816,ATT,Sat Nov 18 18:36:01 +0000 2017,@747899 Hello Jonathan! We will be more than happy to further assist you through social media department to get your new iPohne X. If you have changed your mind kindly reach back to us with your phone number for further assistance. Thanks for being a loyal customer to AT&amp;T! ^RazR,
2651819,747899,Sat Nov 18 17:52:11 +0000 2017,"Tell me how I get the iPhone 8+ for AT&amp;T and my mom says, “do you want the iPhone X?” And I’m like “HELL YEAH” So now I have to trade in my 8+ and I won’t get the X until probably December 30th!!! @ATT can you like send me an iPhone X now please?",2651818,ATT,Sat Nov 18 18:12:05 +0000 2017,@747899 Hello Jonathan! We do understand how much you are excited to get the iPhone X and we would like to try our best to make that happen for you. Kindly send us a DM with your wireless phone number so we can review your options and further assist you with your inquiry. Thanks! ^RazR,
2651821,747900,Sat Nov 18 17:17:07 +0000 2017,@ATT overpriced,2651820,ATT,Sat Nov 18 17:36:30 +0000 2017,"@747900 Hey there, Edvardas! We hate to hear that you think we are overpriced. We know our customers wants quality service and products, so that is what we aim to provide. Do you not feel your are getting your money's worth? Feel free to DM us so we can assist! Thanks! ^MarkaylaE.",
2651835,747901,Sat Nov 18 02:56:52 +0000 2017,"@ATT I'm having a problem with my onstar 4g lte. I pay for it, yet my cell phone cannot pick up the signal inside my car...",2651834,ATT,Sat Nov 18 13:03:30 +0000 2017,@747901 @747901 The social media care team are here for you and we'd like to help. Can you send us a DM with more information about your service concerns to further investigate and offer assistance? We await your response! ^AbayomiO,
2651837,747902,Sat Nov 18 02:51:23 +0000 2017,@ATT Your price dispatched someone and it was fixed in less than 10 mins. Why is it that customer svc. couldn't just make that happen?,2651836,ATT,Sat Nov 18 05:46:54 +0000 2017,"@747902 Hello there, thank you so much for returning your reply. We thank you for contacting us through AT&amp;T. If you ever need more help or assistance please contact us again to extend your customer support &amp; service through our social media customer service. ^MonF",
2651841,747904,Sat Nov 18 01:52:05 +0000 2017,@747905 Me ha sido imposible ingresar a @747905 a través de @117830. Escribo desde Chile. Por favor alguna respuesta. @27688,2651840,ATT,Sat Nov 18 02:08:27 +0000 2017,@747904 Hola Jimmy! Asistencia en espanol esta disponible por telefono llamando al 888-388-6622. ^JoyM,
2651844,747906,Sat Nov 18 00:53:51 +0000 2017,@ATT Just giving props to Mary for at least trying to assist. She was the first in 2 weeks!,2651843,ATT,Sat Nov 18 01:03:40 +0000 2017,"@747906 Thank you for clarifying that Mary was able to hel py ou fill out forms regarding your billing issue. Can you please provide your account number, service type and a good contact number in a DM, so we can properly investigate your billing issue. We await your reply. ^WaleA.",
2651847,747906,Sat Nov 18 00:19:17 +0000 2017,@ATT finally got to talk to someone with knowledge!  Y'all have a gem with Mary in AR!,2651846,ATT,Sat Nov 18 00:49:32 +0000 2017,"@747906 We are glad our rep, Mary was able to help you regarding your billing issue. May we know if your billing issue has been resolved or you will still like us to assist you from here? We hope to here from you soon. ^WaleA.",2651845
2651849,224118,Thu Nov 16 19:08:22 +0000 2017,I wonder if @ATT is ever going to come back and bury this cable or if I'm going to keep tripping over it every day. https://t.co/UNSA4g9yIk,2651848,ATT,Sat Nov 18 00:36:24 +0000 2017,@224118 Follow/DM with your account information and we'll be glad to assist you.^JeremyN,
2651851,747907,Fri Nov 17 16:19:28 +0000 2017,my favourite part of @ATT now's @118062 's making of a song are her retainers ♡ like the cutest weetle fwog singing abwout her weetle wuve ♡,2651850,ATT,Fri Nov 17 23:13:49 +0000 2017,@747907 We can’t get enough of “The Making of a Song!” #TaylorSwiftNOW https://t.co/uPxcuHE8jN,
2651853,747908,Fri Nov 17 21:00:52 +0000 2017,"Sweet @ATT repair guy, fixing lines the past few hours. Had a NICE Ladder #Truck! He laughed when he realized I knew all about trunk lines. But I used to be an #ArtDirector at a Sat Station, working w/ #TelCo Nerds all day. 
Have a Happy Birthday Ben!🦃",2651852,ATT,Fri Nov 17 21:52:30 +0000 2017,"@747908 Hi, Kay! Thank you for your feedback on your experience with AT&amp;T technician, Ben! We always strive to provide nothing short of high quality work and excellent customer service, so we're glad to hear this was no exception! Tweet us if you need us! ^DanC",
2651856,399192,Fri Nov 17 15:37:55 +0000 2017,"Another nail in the @Att coffin: Just received alert saying as of next month my merged email account will be un-merged, causing additional (and unnecessary IMP) steps to view ALL messages.",2651855,ATT,Fri Nov 17 21:48:32 +0000 2017,"@399192 Hello, Paula, we apologize for the delay. Our team would love to assist you with any questions or concerns that you might have. Were you able to get the help you need? If not kindly send us a DM containing details on what you're experiencing. We are here for you. ^MakH",
266763,179564,Thu Oct 05 23:33:37 +0000 2017,"when according to @att automated data tracker, i didn't go over and i was at home on my wifi.",266762,ATT,Thu Oct 05 23:38:00 +0000 2017,"@179564 We'd be delighted to try and remove that $5 data charge! Please DM us your phone number, time zone, and best time to call. ^MikeM",
2678476,13705,Fri Oct 27 13:14:45 +0000 2017,Ordered iPhoneX this morning from AT&amp;T. Talk about simple process. Didn’t even need to pull out credit card. Great job ATT,2678475,ATT,Tue Oct 31 14:05:28 +0000 2017,"@13705 Woohoo, we love to hear that, Will! Thanks for being part of the #ATTFamily.🎉",
2678478,753727,Fri Oct 27 13:29:13 +0000 2017,"#welcometotheweekend 
#jointheleague @ AT&amp;T https://t.co/8mj8iPdANc",2678477,ATT,Tue Oct 31 14:00:39 +0000 2017,"@753727 Now, THAT looks like fun! Thanks for channeling your inner super hero with us, Wesley! #JoinTheLeague https://t.co/mGbVQEp3UK",
2681303,455716,Tue Oct 31 14:33:38 +0000 2017,"@ATT does Internet had available on Porter, TX area?",2681302,ATT,Tue Oct 31 15:54:26 +0000 2017,"@455716 Hello, we are here for you! Can you provide a few more details about your concerns so we can properly assist you. ^NicJ",
2683388,209380,Sun Nov 05 16:15:42 +0000 2017,Beyond frustrated with @ATT customer support... pass me off to three different people then the order line can't see my updated account! #WTF,2683387,ATT,Sun Nov 05 19:35:09 +0000 2017,"@209380 Hi, Brian. Can you please DM us with more details about this situation, we definitively want to help. SebastianB - Social Media Specialist",
2687950,755791,Sun Nov 19 05:33:32 +0000 2017,@755792 @ATT I pay more than that with all my lines including iPads.,2687949,ATT,Sun Nov 19 13:49:52 +0000 2017,"@755791 Hey there, Sarah. We would love to go over the different options we may have that will work better with your budget. Can you please DM us more details about the plans/services you have? We look forward to your reply. ^SheaD",
2687951,755792,Sat Nov 18 22:36:14 +0000 2017,"Anybody else pay $400 a month for phone, tv, and internet from @ATT ??",2687957,ATT,Sun Nov 19 17:33:00 +0000 2017,@755792 I would be happy to review your account. Please DM us your contact information. ^Susan T,2695856
2687959,755793,Sun Nov 19 04:25:12 +0000 2017,@ATT @117735 @126768 cable keeps mysteriously coming back on one tv and then cutting out on the other. Thanks for making our apt feel like the fkn twilight zone!!,2687958,ATT,Sun Nov 19 13:38:00 +0000 2017,@755793 Hi rena! Thanks for reaching out to us via Social Media. We apologize for the experience you are having. Could you give us more details also your account number with telephone number to further assist you ? look forward to hearing from you.NikkiM,
2691218,756552,Sun Nov 19 14:34:43 +0000 2017,@ATT Research this thoroughly first Twitter Family. AT&amp;T are slick scam artist with a well-known name. We all kno wut our well known names r now😲,2691216,ATT,Sun Nov 19 14:53:34 +0000 2017,@756552 Oh no! We never want our customers to feel scammed! We strive to assure that our customers are treated with respect. We sincerely apologize for making you feel any other way. We want to make this right. Please DM us your account number. We are awaiting your response. ^JasT,2691217
2691224,756553,Sun Nov 19 15:45:36 +0000 2017,@ATT No help!! Is it on U-Verse? Directory says NO!! @232931 @31868 https://t.co/pdrkLZdvAM,2691227,ATT,Sun Nov 19 16:40:59 +0000 2017,"@756553 Hey there, Jim! Broadcast networks will occasionally relocate a program to another channel. Try finding the LGPA Tour with this U-verse TV Channel Finder https://t.co/AQzsrqsftd. Feel free to reach out to us regarding any future assistance with AT&amp;T products and services! ^LarL",
2691225,756553,Sun Nov 19 13:18:03 +0000 2017,@31868 @232931 What time is the tournament going to be broadcast? I can’t find the listing on @ATT U verse directory!!,2691223,ATT,Sun Nov 19 14:39:09 +0000 2017,"@756553 Hey there, Jim! We understand that you want to watch the LPGA tour. We here on  the social media team are here to help you out! If you follow this link it will be able to show you tee times and schedules for the tournament. https://t.co/VVuEYR9cv5. We hope this helps! ^AndrewM",2691224
2695851,757572,Sun Nov 19 07:08:07 +0000 2017,@att 15x someone tried to open an account in my name AND you gave my current number to another account. Not happy!! #fraud,2695850,ATT,Sun Nov 19 18:02:00 +0000 2017,"@757572 Hi Stephanie, we'd like to look into this. Please send us a DM with your account and contact info as well as any additional details you can provide.",
2695853,614137,Sat Nov 18 19:31:38 +0000 2017,This is ridiculous with the amount of money we pay every month for phone service I’m on day 3 of NO SERVICE! @ATT GET IT TOGETHER.,2695855,ATT,Mon Nov 20 19:04:50 +0000 2017,"@614137 Hey Theresa, in order to communicate with you over a more secure line, I do need you to give us a follow back. Once you follow back, I can then send you the chat link as we discussed. Thank you. ^AllyR.",
2695853,614137,Sat Nov 18 19:31:38 +0000 2017,This is ridiculous with the amount of money we pay every month for phone service I’m on day 3 of NO SERVICE! @ATT GET IT TOGETHER.,2695852,ATT,Sun Nov 19 17:58:00 +0000 2017,@614137 Hey Theresa! Could you please give us a follow back so I can send you a direct message? Thank you so much! I look forward to speaking with you. ^AllyR.,
2695853,614137,Sat Nov 18 19:31:38 +0000 2017,This is ridiculous with the amount of money we pay every month for phone service I’m on day 3 of NO SERVICE! @ATT GET IT TOGETHER.,2695854,ATT,Sun Nov 19 23:33:29 +0000 2017,"@614137 Hi Theresa, do you think you can give us a follow back so that I can send you a Direct Message regarding your concern? Thank you. ^AllyR.",
2695856,755792,Sun Nov 19 19:18:26 +0000 2017,@ATT I can’t dm you because you don’t follow me,2695857,ATT,Sun Nov 19 19:51:26 +0000 2017,@755792 Please try to send us a DM @117735. You should be able to send your contact information. ^SusanT,
2701171,758773,Sun Nov 26 21:38:47 +0000 2017,@104085 @ATT They did the same crap to me! I sent my phone back within the 10 days and they keep calling me saying they’re going to make me pay! Its the worst customer service and they have no idea what they’re doing.,2701170,ATT,Sun Nov 26 21:48:01 +0000 2017,"@758773 @104085 Hello there, thank you so much for contacting us today! We have read you are being charged to pay for a phone that was sent back to us. DM us details on the phone for further help. ^MonF",
2701174,619475,Sun Nov 26 20:07:11 +0000 2017,I called @ATT and the customer service agent told me “his superior” would be calling me back in 3-5 minutes. It’s been 20... is this a prank? Or did @ATT just play me? https://t.co/cIeX5tGFGk,2701173,ATT,Sun Nov 26 20:19:30 +0000 2017,"@619475 Hello! Thank you for reaching out to us. How may we assist you? Please DM us details on the issue you're having, so we may properly assist you here. Thanks! ^ErinJ",
2701464,758837,Thu Nov 16 11:07:52 +0000 2017,"@ATT hey, what's wrong with recent ATT account? I am a military member station in oversea area, I am unable to login to see my account activity or pay my bill without using VPN to fake myself back into USA.",2701463,ATT,Sun Nov 19 20:15:00 +0000 2017,"@758837 Hi there, Rex! Thank you for reaching out to us today regarding your log-in issues while stationed overseas! To best serve you while out of the country; please call +1-314-925-6925 (free from device) or chat! https://t.co/UH6fvkNraw. -GageC. Social Media Specialist",
2701466,758838,Thu Nov 16 21:23:52 +0000 2017,@758839 Oh ok but I still haven't received a security patch from @ATT ruining the lil experience,2701465,ATT,Sun Nov 19 19:24:12 +0000 2017,"@758838 Hey there, Harry. We would be more than happy to assist you today! Could you please follow/DM us with more detail on this? We look forward to hearing from you. ^SheaD",
2701471,758840,Thu Nov 16 15:23:36 +0000 2017,I’m genuinely intrigued.   Has anyone ever called @att customer service and had a positive experience?   I wouldn’t wish this on anyone.... ever.,2701470,ATT,Sun Nov 19 19:21:00 +0000 2017,@758840 Hello Nick! We are truly saddened that you have had a bad experience with our customer service. Let us turn that experience around. DM us with more details regarding your concern for further help. We are eagerly waiting for your response! Thanks for your loyalty with AT&amp;T! ^RazR,
2701473,758841,Mon Nov 20 00:30:00 +0000 2017,@ATT I followed you but still can’t DM you,2701475,ATT,Mon Nov 20 00:55:01 +0000 2017,"@758841 Alright Sean, it seems you’re having a bit of trouble Dm us https://t.co/kZurA53GgP try out this link for us then please send acct info.",2701476
2701474,758841,Sun Nov 19 18:49:10 +0000 2017,@758842 @ATT Wait until they install it in a place that you don’t want or is inconvenient for you and then charge $99 for it... #ForRealLife,2701472,ATT,Sun Nov 19 19:14:29 +0000 2017,@758841 Hello Sean. We would like to know what happened with during the installation and how you were inconvenienced. Follow and then DM us your experience and your account number so we can see how we can improve our services. ^MubC Social Media Specialist,2701473
2701479,758843,Sun Nov 19 16:23:35 +0000 2017,"@ATT We have given you enough time to fix the bugs in our internet and tv service since Hurricane Irma outages. Our internet goes down for a minute or two at a time several times a day. It did not do that before.We are in Sebastian, FL. We will be looking for another service.",2701478,ATT,Sun Nov 19 18:45:32 +0000 2017,@758843 Hello! We would love to help and find out exactly what is going on with your internet and have it resolved. Could you please Direct Message us your account number so we can look further into this matter? We look forward to hearing back from you.  ^OmairZ,
2705575,759867,Sun Nov 19 22:10:13 +0000 2017,A quién de  estos debo dirigirme: @30382 @117830 @27688 para que solucionen un problema técnico que venimos reclamando desde hace un mes y medio??,2705574,ATT,Sun Nov 19 22:25:48 +0000 2017,@759867 Asistencia en espanol esta disponible por telefono llamando al 888-388-6622. ^Ga.S,
2705577,759868,Sun Nov 19 20:58:59 +0000 2017,@ATT What will take for you to get an installer to Simla from Colo Spgs to get our already est svc turned on?,2705576,ATT,Sun Nov 19 22:12:30 +0000 2017,"@759868 Hey there, Mel! Thank you for reaching out to us today about getting an installer out to SImla from Colo Spgs! We'd be more than happy to take a closer look at getting your already established serviced turned on! Please DM us your service address! -GageC. Social Media Specialist",
2705580,759869,Sun Nov 19 20:01:16 +0000 2017,Anyone know how to get an @ATT shipping label to ship my next upgrade return device. Att messed up printing it and can’t get me a new one.,2705578,ATT,Sun Nov 19 21:40:52 +0000 2017,"@759869 Hey Alex! We see that you need a return shipping label. We can help. Can you please provide your wireless number, so that we may begin? We look foward to hearing back from you. ^Michr",2705579
2705582,684578,Sat Nov 18 19:51:19 +0000 2017,In other news @ATT still sucks.  #YouHadOneJob https://t.co/5GaDafYCgV,2705581,ATT,Sun Nov 19 21:08:33 +0000 2017,"@684578 Good Afternoon! I apologize I missed you when I reached out. I understand you are experiencing service issues. Here is a link which will connect us through a live chat, https://t.co/ljWNB32WBJ it will be available for the 30 minutes. You can reach me at 877-929-5551 Ext 149101.",
2709504,760852,Mon Nov 20 00:12:10 +0000 2017,@ATT finally shipped my iPhone X #blessed 🙏🏾,2709503,ATT,Mon Nov 20 00:27:28 +0000 2017,"@760852 Hey there, Rome! We're happy that your device has been shipped and will be in your hands soon! We love seeing our family with a smile on their face! If you ever need anything, send us a DM with your phone number. We love to hear from our customers! ^SkyH",
2713148,761677,Mon Nov 20 03:06:56 +0000 2017,@ATT But if u have an issue u will get a bot to respond and get no help. Otherwise fine!,2713146,ATT,Mon Nov 20 03:17:31 +0000 2017,"@761677 Hello Dub, thank you so much for returning your reply. We understand getting a robotic response does give off frustration. And want you to know we are here for your U-verse internet problems. Is this U-verse or DSL internet? DM us details to the outages. ^MonF",2713147
271532,180799,Fri Oct 06 00:53:20 +0000 2017,"@ATT To your credit, customer service already took care of it",271531,ATT,Fri Oct 06 02:40:36 +0000 2017,@180799 Thank you for your feedback! We're happy you were able to resolve this today! Reach back out for additional questions! ^BriT,
2715855,762358,Mon Nov 20 04:16:51 +0000 2017,Okay.. @115858 and @ATT ..my iPhone X taking too long to get shipped off.. I️ need answers,2715853,ATT,Mon Nov 20 05:26:01 +0000 2017,"@762358 Hello, Deon! We hate to hear you haven't received your device. We want to help. Please let us know if you ordered from AT&amp;T or another source. If you did order your device from us, you can check out this link https://t.co/3Zrt56Poc2 . Thanks for reaching out to AT&amp;T! ^Tyrone",2715854
2715858,762359,Mon Nov 20 04:54:59 +0000 2017,@ATT it's not letting me DM y'all 🙄,2715856,ATT,Mon Nov 20 05:20:06 +0000 2017,@762359 Not to worry. Try following our account first and then you should be able to send the dm. We'll be right here waiting to help you. Thanks ^JusT,2715857
2715860,762359,Mon Nov 20 04:46:13 +0000 2017,WHERE TF IS MY IPHONE X @att 😭😠,2715859,ATT,Mon Nov 20 04:51:54 +0000 2017,@762359 Good evening. We noticed you were looking for your new device. Did you recently place an order or are expecting an upgrade? Send us a dm with a few more details and we'll be sure to help you locate your iphone x. Get back to us. ^JusT,2715858
2718228,762878,Mon Nov 20 06:38:05 +0000 2017,@ATT Is it safe to dm y’all that much information?,2718230,ATT,Mon Nov 20 12:48:24 +0000 2017,"@762878 Good morning, Veronica! Keeping your account information private is our main concern, and we'd love to get your email address updated. Kindly DM is your account number and correct email address. As well as the type of service you have with us so we can get started. ^KeishaB",
2718229,762878,Mon Nov 20 05:29:15 +0000 2017,"Hey @ATT , stop sending emails about my account to the WRONG EMAIL ADDRESS no matter how many times I correct it! Not cool.",2718227,ATT,Mon Nov 20 06:28:00 +0000 2017,"@762878 Hey, Veronica, let's fix your account. We hate to hear someone else has access to your emails. To get this fixed we will need the following in a dm: Your account number, contact number, service address, Name, and att service currently used. Thanks for reaching out to AT&amp;T ^Tyrone",2718228
272365,7846,Wed Oct 04 19:36:14 +0000 2017,@181013 Well the problem is I have a complicated cellular account with a lot of layers of security so it’s more on ATT’s fault,272366,ATT,Fri Oct 06 18:38:00 +0000 2017,"@7846 Hi Justine! I am happy to help. Please DM us your AT&amp;T mobile phone number, I look forward to speaking with you! ^CorieC",
272365,7846,Wed Oct 04 19:36:14 +0000 2017,@181013 Well the problem is I have a complicated cellular account with a lot of layers of security so it’s more on ATT’s fault,272363,ATT,Fri Oct 06 02:47:24 +0000 2017,"@7846 Hi Justine!. Please DM us with the best AT&amp;T mobile number to reach you on, and a brief summary of your problem. Thanks!",272364
272365,7846,Wed Oct 04 19:36:14 +0000 2017,@181013 Well the problem is I have a complicated cellular account with a lot of layers of security so it’s more on ATT’s fault,272367,ATT,Sat Oct 07 17:16:00 +0000 2017,@7846 Hi Justine! I would be happy to assist you. Please DM us your wireless phone number. Thanks! ^CorieC https://t.co/7m6RT3Hk4n,
273095,181222,Fri Oct 06 00:50:57 +0000 2017,"@117735 @ATT if a customer wants to cancel, you cannot hold us hostage!! i expect this to b taken care of immediately!! @119736",273093,ATT,Fri Oct 06 03:49:00 +0000 2017,"@181222 Hello Jennifer, we can assist here over social media and support ahead. Please DM us the service being cancelled. ^MonF",273094
273098,181224,Fri Oct 06 07:28:40 +0000 2017,"@ATT on top of that I had to go up to them and say hello no friendly introduction I'm here to help you from staff at all, terrible service",273101,ATT,Fri Oct 06 14:20:29 +0000 2017,"@181224 Hey Ronald! Thank you for being a loyal customer, we apologize for any inconveniences. Please DM us more details.^CynthiaO",
273100,181224,Fri Oct 06 00:48:31 +0000 2017,@ATT and this god awful in store customer service been waiting 20 minutes while it’s just staff standing around and I’m just picking up!,273097,ATT,Fri Oct 06 03:44:28 +0000 2017,"@181224 Hello, Ronald thank you for taking the time to reach out to us. Sorry for the late reply. Please DM us details. ^MonF","273098,273099"
273103,181225,Fri Oct 06 03:27:15 +0000 2017,"Hey, if you are using Comcast's internet, you need to switch to @ATT right now. Their internet is faster than you would ever think.",273102,ATT,Fri Oct 06 03:33:00 +0000 2017,"@181225 Oh, yes! Jakub. AT&amp;T provides super fast internet service with 99% reliability. Thank you for being part of the AT&amp;T family.",
273800,181430,Sat Oct 07 04:00:32 +0000 2017,@ATT Thank you James for your follow up.,273804,ATT,Sat Oct 07 04:12:53 +0000 2017,@181430 We'd love to investigate this. Could you DM us and provide your account number? Please let us know. ^JamesV,273805
273803,181430,Fri Oct 06 01:39:04 +0000 2017,@ATT This is a show only.  How about over charging my account with no service claiming you are not responsible to bring wi fi.,273798,ATT,Fri Oct 06 04:33:24 +0000 2017,"@181430 Hi, Magda. Could you send a DM and let us know what's going on? We're here to help. ^JamesV","273799,273800,273801,273802"
2738748,767356,Mon Nov 20 15:58:10 +0000 2017,@ATT i need an iphone 8 plus 😂,2738747,ATT,Mon Nov 20 16:39:00 +0000 2017,"@767356 Hey there, Carm! Check out our wireless deals here https://t.co/01xAR0l2ha Let us know if you are needing any further assistance. Have a great day! ^AsiaC",
2738750,767357,Tue Nov 21 14:59:43 +0000 2017,"@ATT For the record, I provided you the information in a DM and you still haven’t helped me.  Sad!",2738752,ATT,Tue Nov 21 15:05:31 +0000 2017,"@767357 Michael, our records do not indicate that you have sent us a DM. In order for us to begin assisting you, we will need to move this conversation into DMs. This is to protect your personal sensitive private information. Please DM us your account number! We would love to help! ^AntB",
2738751,767357,Mon Nov 20 14:08:09 +0000 2017,"@117735 This is your last chance to make this right. In my experience, @ATT takes its customers for granted. I’m livid with your company right now (and that’s before I have to explain to everyone I work with why I’m not in the office.)",2738749,ATT,Mon Nov 20 16:16:35 +0000 2017,"@767357 Hi, Michael. We can help you here. We definitely understand how frustrating this can be. Could you please provide us with further details of your lack of connection. Is the modem turning on at all? We want to do our best to assist you accordingly. We have your back. ^MeciS",2738750
2738756,767358,Wed Nov 15 17:02:55 +0000 2017,"@ATT #About 2 change to #Comcast #Xfinity - 2 weeks, and over 7 calls, and now 2 #NOSHOW install dates - #badcustomerservice #Sad #nointernet #noTV #Nohelp",2738755,ATT,Mon Nov 20 15:47:33 +0000 2017,"@767358 Good morning! We want to help! At your convenient, please dm your order or account number, full address including zip code, along with your best contact number so that our next available manager can look into this for you further. Thanks! ^Tammy Y., AT&amp;T Social Media Manager",
2738759,189961,Mon Nov 20 15:24:58 +0000 2017,"amazing, @126768 tech supposedly found some issue and working on it. how about @att just put fiber ALL THE WAY!",2738757,ATT,Mon Nov 20 15:29:00 +0000 2017,"@189961 Hello, we see you have a technician working on your U-Verse connection, but is there anything else we can assist you with today? We're here to help, let us know! ^JalG",2738758
2738761,767359,Mon Nov 20 15:18:14 +0000 2017,@117830 I already have. No reply. These automated messages are infuriating. I remember when @117830 used to be a real company. Now you’re as dysfunctional as @ATT always has been.,2738760,ATT,Mon Nov 20 15:24:31 +0000 2017,@767359 Thank you for clarifying.Our social media team would love to look into you receiver concerns.Please DM use with your account number so we can get started.We eagerly await your response remember we are here for you.^AlonzoW,
2744047,768547,Mon Nov 20 18:21:01 +0000 2017,Wow @115955 did not even come close to @ATT price for #internetservice - looks like I will be an AT&amp;T after all - that’s if AT&amp;T upholds their offer (kinda holding my breath here) 🤭,2744045,ATT,Mon Nov 20 18:46:00 +0000 2017,"@768547 Good Afternoon, Jamie. We would love to take a closer look at the offer you received for our services. Can reach back out to us with more details in a direct message? We hope to hear back from you soon. ^SarahY Social Media Specialist",2744046
2744050,767944,Mon Nov 20 17:43:34 +0000 2017,"What kind of credit are you gonna give me, @ATT , for leaving me stranded without any service? #WhyDoIPaySoMuchMoneyToYouEveryMonth #YourNetworkSucks",2744048,ATT,Mon Nov 20 17:55:00 +0000 2017,"@767944 Hi there, Ryan! We'd be delighted to look into your options of receiving a credit for your time without service. Can you please clarify what services you have with us and provide more details of the service troubles you have experienced? We eagerly await your reply! ^PrisC",2744049
2744052,768548,Mon Nov 20 15:49:00 +0000 2017,"@ATT when did the start pull credit two times..with Equifax non the less.https://t.co/Q2SqB8GNeV

This is the company you using..wow",2744051,ATT,Mon Nov 20 17:53:00 +0000 2017,"@768548 Hey there, DM us with more details in regards to your credit. Also, provide us with your best contact information. We're looking forward to hearing back from you soon so we may properly assist you further. Thanks in advance! ^BrittB",
2744054,768549,Sun Oct 15 17:11:04 +0000 2017,I watch college football with a few of my friends! #SECATTcontest https://t.co/RFRyw2m1bI,2744053,ATT,Mon Nov 20 17:11:14 +0000 2017,@768549 @768549 you have been selected as a finalist in the #SECATTcontest 🏈 Please follow and DM us within 48 hours for more info!,
2745235,768827,Tue Oct 31 00:38:12 +0000 2017,I tried to watch NYRB/TFC. Finding @255963 @34971 replay more interesting even though I watched it Saturday and know the outcome. Sorry @225694,2745234,ATT,Tue Oct 31 17:30:48 +0000 2017,"@768827 Maybe attending a match would change your mind? Follow and DM us, we may have something for you! #SoccerEverywhere",
2745237,768828,Mon Oct 30 23:10:36 +0000 2017,"It’s MLS Playoffs and Toronto is playing NYRB tonight. 

Mute me as necessary.",2745236,ATT,Tue Oct 31 17:28:45 +0000 2017,"@768828 That was such a great match! Follow and DM us, we may have something for you! #SoccerEverywhere",
2745239,768829,Mon Oct 30 23:38:05 +0000 2017,"huge road goal for TFC , absolute class by Vazquez and Altidore #COYR #TFCLive",2745238,ATT,Tue Oct 31 17:26:49 +0000 2017,"@768829 That was an incredible goal! Follow &amp; DM us, we may have something for you! #SoccerEverywhere",
2745242,490150,Mon Oct 30 00:26:09 +0000 2017,@167829 HONEYBADGERRRRRRRR,2745241,ATT,Tue Oct 31 17:16:14 +0000 2017,"@490150 lol that was a great game! We love your soccer passion, follow &amp; DM us, we may have something for you! #SoccerEverywhere",
2745245,768831,Tue Oct 31 01:55:42 +0000 2017,@167829 The right mentality 👍,2745244,ATT,Tue Oct 31 17:15:02 +0000 2017,"@768831 Totally! We love your soccer passion, follow &amp; DM us, we may have something for you #SoccerEverywhere",
2746506,209129,Mon Nov 20 22:15:17 +0000 2017,"hey @ATT, @49737, @146505, whichever one of you gets gigabit service in oakland without a bandwidth cap first gets my money away from @116136. second month in a row going over my bandwidth cap.",2746507,ATT,Wed Nov 22 01:00:28 +0000 2017,@209129 Thank you for reaching out to us regarding gigabyte service. We are delighted to show you what we have. Please read more about out AT&amp;T Fiber coverage areas here: https://t.co/huLOQi8kDz  ^michr,
2759510,772138,Tue Nov 21 02:22:05 +0000 2017,"@ATT Roku, Android, Android tablet.
All are out and won't let me sign in.",2759508,ATT,Tue Nov 21 03:00:46 +0000 2017,@772138 Thanks John for that info.  Please chat in with this help link  https://t.co/p2Ca6OxyEN   and we can check your acct.,2759509
2759512,772138,Tue Nov 21 01:17:29 +0000 2017,"@772139 Mine is still out and they are not informing us what's going on or tweeting at all.
So I had to report their Twitter accounts as hacked.
Be careful you might have signed into a #rogue #DirecTVNow account if you had to resign in.",2759511,ATT,Tue Nov 21 01:52:03 +0000 2017,"@772138 Hi John, sorry for the delay.  What device or devices are you using please?",2759510
2759515,772140,Tue Nov 21 01:45:47 +0000 2017,@ATT so tell me why I’m getting charged for an IPhone 7 Plus on my phone bill that I don’t have and No one can help me. All your representatives send to the next then next then next. Next move @119737,2759514,ATT,Tue Nov 21 02:42:25 +0000 2017,"@772140 Good evening, Yvonne. We never want you to be charged for a device you don't have. Please follow/DM us with more details, along with the account phone number so we can help get to the bottom of this. We look forward to hearing from you. ^TFran",
2759517,772141,Fri Nov 17 16:53:23 +0000 2017,Anyone else with @ATT having fraud issues? I had someone file a warranty claim and get a phone mailed to them with no contact from @ATT to verify identity. Also no help from them,2759516,ATT,Tue Nov 21 02:26:36 +0000 2017,@772141 Hi Elizabeth! What's wrong? Can you tell us more in detail in a DM. We want to know what happen in order to try to help you in the best way. We await your detailed story on the situation. ^ WillP,
2759519,772142,Fri Nov 17 23:02:02 +0000 2017,"@ATT Trying to fix fraudulent activity on my account * Transferred 5 times, then hung up on * Called back and transferred twice more * Been on hold to talk to the Fraud dept. for 51 minutes. I'm beginning to think you don't like me (or want my business). &lt;sad face&gt;",2759518,ATT,Tue Nov 21 02:23:47 +0000 2017,"@772142 Hello, Charles. We take fraud complaint from our customers very seriously. We appreciate you as our customer and we are here to help you get to the bottom of the fraud issue. Can you please DM us details of the fraud you noticed on your account? We hope to hear from you. ^WaleA.",
2761900,772696,Tue Nov 21 04:24:35 +0000 2017,@ATT @117735 This doesn't even account for the Thanksgiving travel season that brings me here.,2761898,ATT,Tue Nov 21 04:49:35 +0000 2017,@772696 We understand your frustration regarding your service signal issue. Can you please DM your wireless number and a good contact number so we can properly investigate your service signal issue. We hope to hear from you again. ^WaleA. Social Media Specialist.,2761899
2771614,395616,Tue Nov 21 14:33:16 +0000 2017,@ATT Will likely wait until after the merger calamity. Would hate to switch from A to B only to be sold back to A.,2771616,ATT,Tue Nov 21 14:42:00 +0000 2017,"@395616 No worries, we totally understand you wanting to wait until the merger happens before switching. The social media care team will be here to offer further assistance when you finally make your decision about when to switch. Is there any other way we can assist you today? ^AbayomiO",
2771615,395616,Tue Nov 21 05:22:11 +0000 2017,@Ask_Spectrum Carolina is playing basketball and you feel the need to do maintenance in the Tar Heel state. Terrible CS and outrageous prices.  Y'all are great advertising for @ATT.,2771613,ATT,Tue Nov 21 12:59:31 +0000 2017,"@395616 Hi there, Koty! We would like the opportunity to show you some of the great cable TV and pricing offers we have available to our customers to be able to watch your college games. DM us for more information. We await your response! ^AbayomiO",2771614
2771618,774742,Tue Nov 21 07:03:20 +0000 2017,@476272 I have @ATT And usually don’t have issues but it’s getting so expensive and i hate that u can only do payment plan to get a new phone or buy full price. No discounts for loyalty! I liked the old way!,2771617,ATT,Tue Nov 21 12:40:30 +0000 2017,"@774742 Good morning, Vanessa! We appreciate your feedback. We strive to satisfy all customers to the best of our abilities. Please send us a DM with your mobile number &amp; which device you are looking to upgrade to &amp; we will review your acct. We're here and eager to assist you! ^ChristiM",
2791738,779168,Tue Nov 21 20:40:44 +0000 2017,"@ATT Home service. Happens at the tail end of every month. As soon as I pay my bill (before the due date, mind you) my speeds increase again. This is in Prattville, AL. DSL because U-Verse isn't available out here yet.",2791740,ATT,Tue Nov 21 22:24:28 +0000 2017,@779168 Thanks for that information. Could you please direct message us your account number? We apologize to hear that this happens at the tail end of every month especially after you pay your bill before your due date. We look forward to hearing back from you. ^FredrickC,
2791739,779168,Tue Nov 21 20:17:31 +0000 2017,Doesn't look like I'll have a video up today. My internet is creeping. Only a third of a video uploaded and it's been uploading since yesterday afternoon. Thank @ATT for choking my internet at the end of the month. Buncha assholes. I pay my bill. There's no reason for this crap.,2791737,ATT,Tue Nov 21 20:30:45 +0000 2017,@779168 We know that waiting on videos to upload has to be the most annoying feeling in the world.  We are more than happy to find what is causing your slow internet speeds. Can you please clarify if this is pertaining wireless or home service? We are waiting to hear back from you.^michR,2791738
2791742,759915,Tue Nov 21 20:11:40 +0000 2017,@ATT your technical support is completely useless... running diagnostics every time we call for the same issue is more of an excuse to switch providers to Spectrum.,2791741,ATT,Tue Nov 21 20:14:33 +0000 2017,"@759915 Hi, Rosie. We would hate to lose you as a valued customer. Please DM us with detail about the issue you're experiencing so that we may assist properly. We hope to hear back from you. ^BrianaB",
2791744,573913,Sun Nov 19 17:27:32 +0000 2017,"Hey @ATT &amp; @117735, I'm talking to all of you who've abandoned the cause—RiRi, OmairZ, KevinB, NathanG, NathanG's supervisor (her too)—w/o so much as ""goodbye"": is this what you get paid for? What a racket...",2791743,ATT,Tue Nov 21 19:19:32 +0000 2017,"@573913 I am unable to locate the account with the information provided. Can you confirm the service type? 
^Dianna",
2791746,365926,Tue Nov 21 18:42:39 +0000 2017,@ATT is so trash their techs never show up wasted my morning and when I call have the nerve to say sorry we overbooked would you like to reschedule for tomorrow? So y’all can waste my time again nah I don’t even want your service anymore.,2791745,ATT,Tue Nov 21 18:53:01 +0000 2017,@365926 Oh no! We never want to waste your time! Could you please DM us you account number so that we may investigate this? We would hate to see you go.We are awaiting your response. ^JasT,
2791748,779169,Tue Nov 21 18:04:53 +0000 2017,I never knew how impatient I was until this damn #iphoneX #iphone10 launched😩 and @ATT @AppleSupport ain’t making it no better #ijustwantmyphone,2791747,ATT,Tue Nov 21 18:20:00 +0000 2017,"@779169 Good afternoon, Jessica, our team would love to look into whats going on with your iPhone order. Kindly DM us details and the primary phone number on your account. We hope to hear from you soon. ^MakH",
2798218,780739,Tue Nov 21 18:20:53 +0000 2017,@121574 These BTS videos have been one of the best parts about this release! #TaylorSwiftNow @ATT  @118062,2798217,ATT,Tue Nov 21 23:11:33 +0000 2017,@780739 Can't wait to watch them all! https://t.co/Pt0D8MxE8c,
2798221,580542,Tue Nov 21 21:38:53 +0000 2017,@121574 Uhm I don't have at&amp;t and this is my fav song please help,2798225,ATT,Tue Nov 21 21:46:32 +0000 2017,"@580542 Hi Paje, #TaylorSwiftNOW is available exclusively on @117830, @127550 + @126768. Head to https://t.co/np3t3RrT2e Swift for more information.",
2802818,222717,Tue Nov 21 17:15:26 +0000 2017,Okay where do I sign up because I need this in my life https://t.co/jhu9ucwEwo,2802817,ATT,Tue Nov 21 23:25:00 +0000 2017,"@222717 #TaylorSwiftNOW is available exclusively on @117830, @127550 + @126768. Head to https://t.co/np3t3RJuqO Swift for more information.",
280376,154047,Thu Sep 07 22:56:09 +0000 2017,@ATT  https://t.co/cS7Cm1GjBX,280374,ATT,Mon Sep 11 18:09:00 +0000 2017,@154047 Hi Ido. Can you please send a DM w your address and contact info so we can look into this for you?,280375
2806508,272993,Wed Nov 22 02:04:18 +0000 2017,"@ATT I am unable to DM you. (see screenshot)

The problem is: Why am I paying for insurance if it costs the same to just having the repair done directly with the manufacturer? https://t.co/ZDTjPSUXx1",2806509,ATT,Wed Nov 22 02:54:41 +0000 2017,@272993 We can help you investigate the reason why you had to pay the same amount charged by the manufacturer despite your insurance on the device. However we need to get your contact number and account number in a DM to commence our investigation. Please try to DM again. ^WaleA. https://t.co/7m6RT3pIFN,
2812000,784114,Tue Nov 21 22:55:42 +0000 2017,"@ATT @117735 I just switched to AT&amp;T for internet, and you are not honoring the monthly price your sales team quoted me.  We agreed upon a contract and now you are bait-and-switching me. #internetwoes #ATT #ISP #badcustomerservice",2811999,ATT,Wed Nov 22 06:41:00 +0000 2017,@784114 Hi Shelby. Give us a chance to look into these monthly prices you were quoted. We want to make sure that we can get this issue rectified   Please Dm us more information as well as your account number so that we can get started. We look forward to your reply.  ^KO,
2812002,237939,Tue Nov 21 20:16:49 +0000 2017,@ATT has the worst in store customer service ever. Pay my bill or I’m suing,2812001,ATT,Wed Nov 22 06:32:00 +0000 2017,@237939 Hi! Could you send us a DM and fill us in on what happened in the store and how we can help? We're looking forward to hearing back from you. ^JamesV,
2812004,784115,Wed Nov 22 03:24:19 +0000 2017,"Hey @ATT I checked availability at my address, now says Fixed Wireless is available, after it recognizes my service, it says it’s not available. So can I get fixed wireless or?",2812003,ATT,Wed Nov 22 06:27:24 +0000 2017,"@784115 Hey, really quick could you DM us your address and zip code so that we can better assist you? we are eagerly awaiting your response! -ShaJ",
2812006,773782,Tue Nov 21 22:21:26 +0000 2017,"Hi @ATT why does your site say it's free to port your number but when I came to the store they said it's $100 ""to hold my number""? And that I can't port it into prepaid? None of this was on your site",2812005,ATT,Wed Nov 22 06:17:26 +0000 2017,"@773782 Hello, Nica. We want you to have the best of customer experience with us and we certainly will not want you getting worried about a porting fee. Can you please DM us your wireless number and contact number so we can investigate properly your number porting issue. ^WaleA.",
2813873,784543,Mon Nov 27 00:36:30 +0000 2017,"Thank you for your prompt response to my sarcasm. I’m gonna stick with them through the good times and the bad. 

Sincerely, Joel https://t.co/dJmWmVhI0N",2813872,ATT,Mon Nov 27 00:45:34 +0000 2017,"@784543 Alright, Thank you, joey for the kind words. We hope your team starts doing better and that you have a great time this season. Thank you for being a great customer. If you ever need any assistance will your service please reach out to us, we would love to help you out.^GG",
2819128,785804,Mon Nov 27 03:05:58 +0000 2017,"@7147 @ATT what's up with the #volumeissues lately, including now with @2397. Background music is so loud it drowns out the actual audio. #fail #annoying",2819127,ATT,Mon Nov 27 03:47:27 +0000 2017,@785804 OMG Heather! I know with background music so loud and it drowns the actual audio has to sound horrible. We are more than happy to check the sound quality on our end. Can you please dm your account number? We look forward to hearing from you. ^Michr,
2819130,785805,Mon Nov 27 02:40:59 +0000 2017,"@785806 @ATT Same here, with taxes.  Best deal anywhere.  Why pay for a bunch of stuff i don't need.",2819129,ATT,Mon Nov 27 03:24:30 +0000 2017,@785805 Hey Bob! Plenti is a rewards program where you earn points for shopping with your favorite retailers. Learn more here: https://t.co/17RAWNJkoO ^michr,
2819146,788938,Mon Nov 27 11:35:23 +0000 2017,"@ATT As if I don't pay enough to at&amp;t a month,they want more,maybe if they provided good service it would help. Smh.",2834090,ATT,Mon Nov 27 14:06:00 +0000 2017,@788938 Thanks for reaching out to social media about your concerns.Please DM us your account number and details about the issue at hand.We would be more then happy to enhance your customer experience with some grand customer service. Remember we are always here ready to assist.^AlonzoW,2834091
2823077,786651,Sun Nov 26 02:09:40 +0000 2017,Thanks for the WORST internet @ATT,2823076,ATT,Mon Nov 27 06:29:56 +0000 2017,@786651 Hi Austin! What internet issues do you seem to be having? Maybe we could help. Can you DM us what service type you have U-verse or DirecTV? What is your account number? We look forward to your response. ^WillP,
282681,183351,Fri Oct 06 03:34:07 +0000 2017,@ATT why is your service so terrible. Like. Seriously. This is ridiculous.,282680,ATT,Fri Oct 06 11:58:27 +0000 2017,"@183351 Hey, Alicia! We hate to hear that you're having problems with our service. Can you DM us details so we can assist you? ^MarM",
2830876,502666,Sun Nov 12 12:22:26 +0000 2017,Hey @ATT why is my internet speed 279.739dn/56.879up when I pay for Fiber? @117735 #ATT #speedtest #cedarparktowncenter #Ethernetport,2830875,ATT,Sun Nov 12 12:47:27 +0000 2017,"@502666 Good morning, we understand you are inquiring about your AT&amp;T Fiber internet speed. You've come to the right place. Check out https://t.co/t8KsgkqPq1 for details about your speed. Click on ""see details"" right under the price rate listed. We are always here for you. ^NicJ",
2834094,788941,Sun Nov 26 21:21:18 +0000 2017,@ATT you have failed to install my internet for 2 days. Several phone calls in and I can’t even get a manager. #incompetent #wastedmyweekend,2834093,ATT,Mon Nov 27 13:04:00 +0000 2017,"@788941 Thanks for reaching out to us, Scott. DM us your account number, so we can see what's going on with your internet install. We're standing by! ^PrisC",
2834097,788943,Mon Nov 27 14:55:47 +0000 2017,@ATT Its working now- thank you!,2834099,ATT,Mon Nov 27 15:21:33 +0000 2017,"@788943 We are glad to hear your concerns has been resolved. If you require any further assistance, we are here for you! ^NicJ",
2834098,788943,Sun Nov 26 19:21:53 +0000 2017,What’s up with my @ATT ?? Can’t connect at my house.  Help 😫,2834096,ATT,Mon Nov 27 12:44:30 +0000 2017,"@788943 Good morning, thank you for reaching out to us. We  understand you are experiencing some issues with your service. We would love to help you with this! DM us a few details of  what you have been experiencing so we can further assist you. We patiently await your reply. ^NicJ",2834097
2834101,788944,Sun Nov 26 06:17:59 +0000 2017,@ATT I spent 30 mins with you on your live chat and 2 weeks later I still don’t have what I requested? #letdown #stillwaiting #SwitchCellProviders,2834100,ATT,Mon Nov 27 12:28:30 +0000 2017,@788944 Good morning Kory. No one should have to wait 2 weeks to get an answer. We are saddened to hear our customer service representatives let you down. Give us a chance to make this right. Follow/DM us details of your issue and service type. We look forward to hearing from you.^TynM,
283928,183626,Fri Oct 06 07:33:45 +0000 2017,Two weeks after @ATT cancels my #iphone8 pre-order .. I'm still not refunded for the tax amount &amp; all they did was make a case.  🙄🙄,283927,ATT,Fri Oct 06 13:10:00 +0000 2017,@183626 We assure you this is not the way we conduct business! Please send us a DM so we can further assist you thanks. ^Kj,
283930,183627,Fri Oct 06 03:12:00 +0000 2017,"Why is the @ATT service @13819 so bad?  @ATT, I know y'all spend millions to have your name here, try spending a few $ on the service.",283929,ATT,Fri Oct 06 13:04:00 +0000 2017,@183627 Hi Stephen! We'd love to make this right for you! Tell us more of your concerns! DM us your account number and concerns! ^DanaS,
2844343,791262,Mon Nov 27 17:24:51 +0000 2017,"@ATT Now I’m headed to work with no resolution and I’m upset beyond belief because I only had service for 2 weeks. Need that internet for my classes. But nooooo, now I’ve gotta wait &amp; call someone on my break. Not impressed with your customer service @ATT",2844342,ATT,Mon Nov 27 17:38:39 +0000 2017,"@791262 Hi! We don't like to hear our AT&amp;T family members upset with our customer service. We appreciate you for reaching out to us here! To assist you with your internet service, please send us a DM of your service type, service account number, service address and phone number. ^YettyS",
2844348,766292,Mon Nov 27 17:19:37 +0000 2017,"Call @ATT rep for an Apple Watch and she tells me she’ll waive the activation fee. Schedules a call back with me, but never calls back. Buy in the AT&amp;T store instead and get hit with a giant fee. Happy 13 Years to you too!",2844345,ATT,Mon Nov 27 17:35:00 +0000 2017,"@766292 Yikes, David we are sadden to hear about the customer service experience you received and communication error about our apple watch. Let us help get that fee taken care of. Direct message us your account info so we can explore some options! We await your response.^LachS","2844346,2844347"
2844351,791263,Fri Nov 24 11:40:54 +0000 2017,@8327 @ATT why can’t I watch mornings with Maria on my iPhone? This has been going on for weeks https://t.co/SbxJwtkpGy,2844350,ATT,Mon Nov 27 17:20:00 +0000 2017,"@791263 Hi Joe-Annis, thanks for reaching out. Our goal is to resolve this matter quickly and reasonably, and we appreciate your patience while we attempt just that.",
2844353,178776,Mon Nov 27 16:03:34 +0000 2017,@att told me their installation tech would be here between 9-11 this morning. It is 11:03 and I have heard nothing from them. I even called to verify that he was coming today and was told yes. So...yeah there’s that to add to the list. #youjustmadethelist #Unhappy,2844352,ATT,Mon Nov 27 16:18:00 +0000 2017,"@178776 Hello, Brain! It would be our pleasure to investigate where your technician is and address these issue. Can you please DM us your order number so we can take a closer look at these issues. We look forward to hearing from you soon. ^EdwinE",
2844355,791264,Mon Nov 27 15:06:25 +0000 2017,"@ATT having problems accessing websites. A 404 error keeps coming up, even with bookmarked sites and I have verified the address is typed correctly. How can we fix this issue?",2844354,ATT,Mon Nov 27 15:20:27 +0000 2017,"@791264 Hello Heidi! Thanks for reaching out to us about the 404 error message you are getting. We would love to help you with that here today, please click here:https://t.co/NDRac5T7mG. Contact us through a direct message if you need further assistance! We are always here! ^YettyS",
2844357,791265,Mon Nov 27 14:31:45 +0000 2017,"@att Loyal 10+ yr customer here but not eligible for the iPhone 8 BOGO because I already have 4 lines?! Thanks for nothing, way to ""reward"" loyalty, smh!  #att #attFail #bahhumbug",2844356,ATT,Mon Nov 27 15:15:38 +0000 2017,"@791265 Good morning Cristin, thank you for reaching out to us. We understand you are interested in the IPHONE 8 BOGO but have been informed of not being eligible. Please DM us your account/phone number so we can further review your account. We patiently await your reply! ^NicJ",
2854925,587657,Thu Nov 23 01:58:58 +0000 2017,@ATT I can't get some calls and I need to talk to my parents in Puerto Rico. It was working fine after the hurricane and now it's not working. Pls help,2854924,ATT,Mon Nov 27 18:16:28 +0000 2017,"@587657 Hey Wilfred, thank you for reaching out to us. We understand you have concerns about your service. Please DM us a details of what you have been experiencing along with your service type account and phone number so we can review your account. We patiently await your reply. ^NicJ",
2854927,793596,Sat Nov 25 16:48:57 +0000 2017,@ATT we cancelled your service in August and we are still dealing with your errors. Please train your staff correctly and send information you say you are going to send. This is getting way too out of hand. I am one bad interaction away from contacting a lawyer.,2854926,ATT,Mon Nov 27 18:14:00 +0000 2017,@793596 Hey Becca. We know how frustrating it can be to deal with a problem you thought you resolved months ago. We want to help you sort out these errors. Follow/DM us details so we can help assist. We look forward to hearing from you. –TynM Social Media Specialist,
2854929,793597,Sun Nov 26 20:25:53 +0000 2017,@ATT  please do another trade in ; iPhone 7+ for iPhone X 😫😫,2854928,ATT,Mon Nov 27 18:12:27 +0000 2017,"@793597 Hi Shelby. Thanks for reaching out to us via social media, we'd be happy to assist you with trading in your IPhone7 for the IPhoneX. We understand you wanting to stay up to date on the latest IPhone. Can you DM us with your wireless number for more assistance?
^QB",
2854931,793598,Mon Nov 27 16:31:40 +0000 2017,what’s y’all price for a single line ? @ATT,2854930,ATT,Mon Nov 27 17:49:36 +0000 2017,"@793598 Hey,Jarred. Come on over to AT&amp;T, we'd be delighted to have you! Check out our great deals we have on our site https://t.co/Sy0qlyMXwK. Let us know if this was helpful and very detailed. Don't hesitate to reach back out for further questions or concerns!^LachS",
2854933,267708,Mon Nov 27 17:43:01 +0000 2017,@127550 @ATT @118062 I LOVED this episode!! @118062 was so cute in it 🤗,2854932,ATT,Mon Nov 27 17:49:08 +0000 2017,@267708 Yes! We love it too!,
2871938,797406,Mon Nov 27 20:26:18 +0000 2017,To be true to @118062 @ATT commercial I am eating cooking dough.  It's a hardship.  @121574 #reputation,2871937,ATT,Tue Nov 28 03:08:42 +0000 2017,@797406 We love your dedication!,
2871940,797407,Tue Nov 21 21:40:30 +0000 2017,@ATT Why do you keep knocking on my door when I have a no solicitation sign?  Do you really think I will become a customer of a company that repeatedly shows no respect to my request for privacy at my own home?,2871939,ATT,Tue Nov 28 03:05:27 +0000 2017,"@797407 Hi Jazz, can you DM us with the address where this occurred so we can look into this for you?",
2871942,797408,Tue Nov 28 00:31:26 +0000 2017,So @att didn’t provide me the return shipping label for my phone hope they don’t expect me to pay the late fee for returning when they didn’t give me the label to begin with,2871941,ATT,Tue Nov 28 00:49:01 +0000 2017,@797408 How are you doing today sir? We hope you are well. We want you to know that we are here for you. So we can assist you we will need you to DM/follow us the account number with more details of the issue. Thank you for being a part of the family. Eagerly awaiting your response. ^GG,
2871944,797409,Tue Nov 28 00:25:20 +0000 2017,"@ATT I received two fraudulent calls today. Called FTC both times. They recommended calling you as well. When I did so, I kept being passed on to someone else and kept being put on hold.",2871946,ATT,Wed Nov 29 20:33:30 +0000 2017,"@797409 To report any fraudulent phone calls, please visit https://t.co/tlZ9jzeBiK.",
2871945,797409,Mon Nov 27 19:38:43 +0000 2017,@ATT why is it so difficult to report fraudulent phone calls to you? I was on the phone for 30 minutes simply wanting to report fraud but gave up when I was put on hold for the 4th time.,2871943,ATT,Tue Nov 28 00:17:32 +0000 2017,@797409 Hi there - please DM us with more info so we can look into this for you.,2871944
2876433,798500,Sun Oct 22 19:14:57 +0000 2017,"Problem streaming with my @ATT for Netflix, fire stick, etc but it’s showing connected on phone",2876432,ATT,Tue Oct 31 19:26:29 +0000 2017,@798500 Hi! Oh no let see if we can get you streaming back in style! Please send us a DM so we can investigate this matter. ^EdwinE,
2876967,616403,Tue Nov 28 01:11:19 +0000 2017,"@110203 @ATT @126768 Thank you, @110203! It’s rare that I publicly complain about a company. This will be my second time in 2 years I’ve complained about @ATT",2876966,ATT,Tue Nov 28 05:00:35 +0000 2017,"@616403 Hello Daryl, thank you so much for getting in contact with us today! How can we help you? Did your service technician contact you upon arrival? Please direct message us more details to the situation and the no-show technician. Thank you. ^MonF",
2876970,701912,Mon Nov 27 23:35:12 +0000 2017,Oh wow I was just offered half my money back.  How's no thank you?  Stop adding things to our bills.  @ATT overcharges still SMH,2876969,ATT,Tue Nov 28 04:57:53 +0000 2017,@701912 Good evening! We understand your frustration regarding the charges to your account due to the NFL Sunday Ticket. We want to help! Your time is valuable to us! Can you please provide us your account number in a DM so we can get the ball rolling? Hope to hear from you soon! ^AdiS,
287778,184583,Fri Oct 06 14:47:50 +0000 2017,@184584 @115858 @ATT Can you pop the sim into another iPhone?,287776,ATT,Fri Oct 06 15:04:29 +0000 2017,"@184583 Hi there, Gordon!We'd be more than happy to assist you with that.Can you DM us with more details to further assist you? -MarM",287777
287779,184584,Fri Oct 06 04:01:42 +0000 2017,Huh. I can’t order a new @115858 phone on @ATT if my phone is dead and I can’t get a text msg...,287781,ATT,Fri Oct 06 18:45:51 +0000 2017,@184584 Hello Pamela! I would love to assist you today! Please follow/DM us for further assistance. :) ^Beth C.,297173
287783,184585,Fri Oct 06 13:32:06 +0000 2017,"Catch up on everything Justice League from @184586, @ATT and @160539 https://t.co/iyH9ZlMRO5 More to come! https://t.co/RJ5yOleND5",287782,ATT,Fri Oct 06 15:01:38 +0000 2017,@184585 Nerds unite! Come #JoinTheLeague with us! https://t.co/m0u8OFAOb6,
287785,184587,Thu Oct 05 02:42:22 +0000 2017,Man shout out to att for upgrading my phone since they didn't have the same one to replace it with. I'm fw them heavy now 😎,287784,ATT,Fri Oct 06 14:48:39 +0000 2017,"@184587 OOOH YEAAA. We're always here for you, Jacob! https://t.co/K93VtTZLB8",
2886889,800598,Tue Nov 28 14:02:23 +0000 2017,@ATT Your link is bad,2886891,ATT,Tue Nov 28 14:05:37 +0000 2017,@800598 We apologize for the confusion. Could you please DM us your account number and tracking number so that we may look into this for you? ^JasT,2886892
2886890,800598,Tue Nov 28 02:16:04 +0000 2017,@att What’s up with @123967 they have my phone going back and forth from SoCal to Seattle. #WTF,2886888,ATT,Tue Nov 28 12:42:57 +0000 2017,@800598 Oh no Hex! We want to help with your tracking concerns. Shoot us a DM with more details. We are awaiting your response. ^JasT https://t.co/7m6RT3Hk4n,2886889
2886892,800598,Tue Nov 28 14:07:02 +0000 2017,@ATT  https://t.co/qxADNZXJaP,2886893,ATT,Tue Nov 28 14:10:02 +0000 2017,@800598 Oh no! Let's see if following us will enable the Direct Messaging option. Let us know if this helps. ^JasT https://t.co/7m6RT3Hk4n,
2888541,800930,Wed Nov 08 21:32:58 +0000 2017,@ATT BTW the address for the fraudulent charge? It was to a holiday inn. @ATT: This is not suspicious at all! Let's approve this order!,2888540,ATT,Mon Nov 13 22:58:30 +0000 2017,"@800930 Hi Thao, we want to help you. Can you DM us with additional details?",
2893818,802024,Tue Nov 28 11:47:17 +0000 2017,Well @ATT #IsaRipOff Once again having to fight for what is owed to me.... First it was my trade in $... now They ripped me out of 140.00 #BeyondPissed right now!!!!!!!!,2893817,ATT,Tue Nov 28 14:49:00 +0000 2017,@802024 Good morning! We apologize for the inconvenience. We understand how frustrating this may be. Do you mind private messaging us with the contact number linked to the account so that we may better assist? We'll be waiting to hear back from you. ^BrianaB,
2903332,804101,Tue Nov 28 18:18:25 +0000 2017,I am getting @ATT on Thursday and I can’t wait to have #TaylorSwiftNow Sooooo excited!! #taylorswift,2903330,ATT,Tue Nov 28 18:24:42 +0000 2017,@804101 Getting an up close look at #reputation like... https://t.co/6UgmRHWdYN,2903331
2903334,239062,Tue Nov 28 17:02:59 +0000 2017,@ATT @118062 @127550 LOVE THIS SONG SO MUCH!! https://t.co/fUy6iHGUhg,2903333,ATT,Tue Nov 28 17:37:31 +0000 2017,@239062 She's the 👑 of our ❤️,
2903336,806161,Tue Nov 28 19:24:41 +0000 2017,@ATT @806162 @118062 @127550 Yes it’s so good!!,2912225,ATT,Tue Nov 28 21:11:48 +0000 2017,@806161 This song makes us feel SO GOOD! https://t.co/2Ri4kbWmRx,
2903338,771325,Tue Nov 28 16:14:43 +0000 2017,How soon until I get an update on my #iPhoneX?! @ATT,2903337,ATT,Tue Nov 28 17:18:00 +0000 2017,"@771325 Hey, Julisa thanks for reaching out! We would be more than happy to look into when your next upgrade will be. Please direct message us your account information so we can look further assist you. ^TeciR",
2903340,804102,Tue Nov 28 15:15:28 +0000 2017,@ATT Now I understand why your merger was stiff-armed by the government. You’re a freaking train wreck w/internet &amp; customer service. Installer doesn’t show up; over 2 he’s on phone cancelling before installation — and then you dare bill me for Service I don’t have? WTF AT&amp;T?,2903339,ATT,Tue Nov 28 17:14:01 +0000 2017,"@804102 My goodness, Kelen! We apologize for the delay with our tech not showing up. Could we get a opportunity to turn things around for you? Let's try and get you the full AT&amp;T experience you deserve. Could you inform us of your service needs? As well as acct #? Thank you! ^AkilahS",
2903342,804103,Tue Nov 28 15:15:05 +0000 2017,"Anyone who realeases the AT&amp;T ""the making of ______,"" I want to thank you and your services to the swiftie community, we love you 👏👏👏",2903341,ATT,Tue Nov 28 17:10:37 +0000 2017,"@804103 Thank YOU for watching #TaylorSwiftNOW, Abigail! https://t.co/JFn91Td4TF",
2903344,420999,Tue Nov 28 03:20:31 +0000 2017,I can’t look I’m driving....I mean I can’t look because I’m texting and driving @804104 #itcanwait #putyourphonedown,2903343,ATT,Tue Nov 28 16:09:28 +0000 2017,"@420999 No problem, Tracie! As soon as you can read over my response, feel free to contact me back for any further inquiry! Have a nice day! Benjamin F, Social Media specialist.",
2903344,420999,Tue Nov 28 03:20:31 +0000 2017,I can’t look I’m driving....I mean I can’t look because I’m texting and driving @804104 #itcanwait #putyourphonedown,2903345,ATT,Wed Nov 29 15:15:03 +0000 2017,"@420999 Good morning Tracie! I just want to let you know that we can schedule a call back or a chat interaction when you be available and in this way we can talk about your case if you need further assistance. I'll be glad to assist you! ^Benjamin F, Social Media specialist.",
2912223,806160,Tue Nov 28 21:44:44 +0000 2017,"@ATT @117735 ... Do you care? When I asked for an email or physical address to share my experience none of your reps could give me a valid email address or working link ... So here I am, on social media.",2912222,ATT,Tue Nov 28 22:02:00 +0000 2017,"@806160 Hello Jenni! Thank you for reaching out to us. It's unfortunate, we longer offer assistance via email. We would love to assist you here and see what other credits can be offered to you. Please provide us with your acocunt number, so we may properly assist you. Thanks! ^ErinJ",
2912227,806163,Tue Nov 28 20:15:40 +0000 2017,Took some amazing photos woth my @ATT #iPhoneX today https://t.co/HR0YDAwKV0,2912226,ATT,Tue Nov 28 20:28:30 +0000 2017,"@806163 Very impressive, Uncle Louie G 👍👍",
2912229,298050,Tue Nov 28 20:08:39 +0000 2017,I went to @ATT today and I almost got the IPhone 8📱 trade in my IPhone 7📱 for the IPhone 8📱 but I did not do it .,2912228,ATT,Tue Nov 28 20:16:00 +0000 2017,"@298050 Hi, Taylor! We definitely want you to have a device you enjoy! Was there a particular reason why you decided not to? Our social media team would love to assist you in getting a new phone! Please private message your phone number along with some details. Thanks! ^AyaM",
29197,122422,Wed Nov 22 16:57:57 +0000 2017,@ATT Hi what form can I use for wireless for fraud,29199,ATT,Wed Nov 22 17:12:37 +0000 2017,"@122422 My goodness! We apologize for the hassle, Jake. Could we get you to provide your full name, best contact, and time to call? This would greatly help us both out, eagerly awaiting your next response! ^AkilahS",29200
29198,122422,Wed Nov 22 15:19:32 +0000 2017,@ATT question about service,29196,ATT,Wed Nov 22 16:21:01 +0000 2017,"@122422 We hate to hear of this happening to you, Jake! Check out our link on how to report fraud, We'd  greatly appreciate this from you, let's get this taken care of. https://t.co/bXqHLAm6XO. We ask that you reach back out to us if need be. We're a click away! ^AkilahS",29197
2921323,808521,Tue Nov 28 23:26:22 +0000 2017,"@ATT I was told that I need to get a NEW line for the AT&amp;T bogo (iphone8). I already have 3 existing lines, I don’t need a 4th. So this is essentially a deal for new customers. Been a customer for over 10 years...very disappointed that they won’t allow on my existing lines",2921322,ATT,Tue Nov 28 23:36:27 +0000 2017,@808521 Let's see what we can do to help Chandra! Can you DM us your wireless number so we can assist you with this BOGO? We look forward to hearing back from you! ^RoseC,
2921325,808522,Tue Nov 28 22:19:17 +0000 2017,"@718444 “Collect call from : MOM PICK ME UP!”
@ATT #southwesternbell #quarters #payphones",2921324,ATT,Tue Nov 28 22:52:38 +0000 2017,"@808522 Thank you for reaching out to us, Valdez! We're hear for you! Please let us know what we can do to better assist you. Thank you for being apart of the AT&amp;T family! We look forward to hearing from you! ^RiRi",
2921328,127117,Tue Nov 28 21:39:56 +0000 2017,@127550 @ATT Thank you for giving all of us a special inside look into @118062 writing processes. You're the real king of my heart!,2921327,ATT,Tue Nov 28 22:26:07 +0000 2017,"@127117 We’re fascinated by Taylor’s creative process, too! Make sure to tune-in for more new episodes on #TaylorSwiftNOW!",
2921330,808523,Tue Nov 28 21:37:02 +0000 2017,I want to watch but I cannotttt bc I don't have ATT and I wanna cry every time something new comes out 😭😭😭😭 https://t.co/GvySCbWJcn,2921329,ATT,Tue Nov 28 22:24:57 +0000 2017,"@808523 #TaylorSwiftNOW is available exclusively on @117830, @127550 + @126768. Head to https://t.co/zh0Rd9AqIk for more information.",
292696,185713,Fri Oct 06 16:20:00 +0000 2017,@ATT I can't dm you if you don't follow me...,292698,ATT,Fri Oct 06 17:07:26 +0000 2017,"@185713 Hi, Jake. Frustrated price increase with your U-verse acct? Follow us to DM your acct# so we can help. Standing by! ^MG",
292697,185713,Fri Oct 06 02:01:50 +0000 2017,@ATT you think a uverse rep will ever contact me who actually cares and help me out? Over/under 50%.,292695,ATT,Fri Oct 06 16:14:28 +0000 2017,"@185713 Can you DM us including your account number so we can work towards a resolution that best fits you?
^QB",292696
2926974,809810,Wed Nov 29 01:06:04 +0000 2017,@112040 @127550 @ATT @118062 Where tf do I watch,2926972,ATT,Wed Nov 29 03:27:58 +0000 2017,"@809810 #TaylorSwiftNOW is available exclusively on @117830, @127550 + @126768. Head to https://t.co/np3t3RJuqO Swift for more information.",2926973
2926977,809812,Wed Nov 29 01:56:27 +0000 2017,@ATT Only took you a month to reply.,2926976,ATT,Wed Nov 29 02:22:00 +0000 2017,"@809812 We regret the delay in our response and we hope to turn your customer experience around for you. Can you please DM us details regarding your billing issues together with your account number, service type and a good contact number. We are eager to help. ^WaleA.",
2926979,809812,Wed Nov 29 00:32:35 +0000 2017,Voila! After almost a month of #twitterwar @ATT here is a response! #persistence #attnightmare https://t.co/8VIIPYjAGv,2926978,ATT,Wed Nov 29 01:54:00 +0000 2017,"@809812 How are you doing? We understand how you feel about your January billing issue and we appreciate your patience so far. Can you please DM us details regarding your billing issues together with your account number, service type and a good contact number. We wantt to help you.^WaleA",2926977
2930989,810743,Tue Nov 28 13:00:03 +0000 2017,@810744 @ATT oh please don't act like your horseback riding up the side of the valcano instead of sipping Mai Tai's at a resort. if anything i'd say you and Sarah are prime time for some good social content bubba,2930988,ATT,Wed Nov 29 04:59:00 +0000 2017,"@810743 We apologize for the delayed reply, Chuck. We are here to help. It pains us that you've been without your internet services. Here's a link: https://t.co/F48iEDSl7z to troubleshoot your modem. Let us know if this helps. DM us your account number if you need further help.. ^RenaB",
2942610,812974,Wed Nov 29 13:29:38 +0000 2017,@ATT @118062 This is my favorite song from the album!  Very cool to see the bts work... 🎵💜 @121574,2942609,ATT,Wed Nov 29 14:11:30 +0000 2017,"@812974 We're so glad you're enjoying the BTS look at the 👑 of 🐍, Kara!",
2942614,812975,Wed Nov 29 12:39:15 +0000 2017,@812976 @ATT I wish there was a setting for iPhoneX called “give me 200pts extra scrollspace on all scroll views”,2942613,ATT,Wed Nov 29 13:55:35 +0000 2017,"@812975 Thanks for your feedback, Adam! We love hearing about what our customers think of our services! For further questions or comments, please feel free to come back to us here on social media. Thanks for being the best part of AT&amp;T. ^BayleighO",
2942617,812977,Wed Nov 29 03:49:06 +0000 2017,"@335698 I've had to explain to the @ATT tech who was installing my voice-over-internet service how to operate the phone in my garage with the mechanical rotary dial.  It still rings and receives inbound calls, but dialing out doesn't work.",2942616,ATT,Wed Nov 29 13:30:00 +0000 2017,"@812977 Good day, George! We see that a technician paid you a visit. Care to share your experience with us in a DM? We'd love to help you out if your phone is still unable to dial out.  If you need anything, feel free to reach out to us anytime. Take care! ^MarkaylaE.",
2951323,486202,Sat Nov 25 13:58:44 +0000 2017,"wow, @ATT I cannot believe you are willing to lose a customer of a $35 fee.",2951322,ATT,Wed Nov 29 16:58:40 +0000 2017,"@486202 Hello Mary, I am sorry for the delay, I need to bother you with some information so please follow us and then I will be able to help you as soon as possible. thank you. JuanH Social Media Specialist",
2951325,139511,Mon May 08 15:12:59 +0000 2017,Hello @ATT  Talking about the unfixed tower and lousy service in central #como on my radio show this morning. Do you have a plan for fixing?,2951324,ATT,Wed Nov 29 16:25:00 +0000 2017,@139511 @139511 It's important you have reliable cell service.  We’ll be happy to help you out!  Please send us a Direct Message with your account information so we can get started.  I look forward to speaking with you!  ^AmethystR https://t.co/7m6RT3Hk4n,
2951327,477325,Wed Nov 29 16:10:29 +0000 2017,"@ATT @117735 Congrats to ATT, they have managed to not send a statement, not set up autopay, withdraw money from my bank, and then send me a suspension notice! Trifecta",2951326,ATT,Wed Nov 29 16:21:26 +0000 2017,"@477325 Good morning, thank you for reaching out to us. We understand you've had funds withdrew, without setting up autopay, you didn't receive your monthly statement, but received a suspension notice. DM us your service type, account and phone number so we can review your account. ^NicJ",
2951329,814972,Wed Nov 29 19:01:50 +0000 2017,@ATT Acct 251900681. Please help me and my daughter.,2951331,ATT,Wed Nov 29 19:25:34 +0000 2017,"@814972 Thank you for providing us with your account number. Allow us some time to take a look at your account, so we may properly assist you with your billing issue. Please bear with us during this process. We appreciate your patience and cooperation!  ^ErinJ",
2951330,814972,Wed Nov 29 15:56:38 +0000 2017,@ATT @ATT One of the worst companies ever. I have AT&amp;T uverse and Internet. The customer service is really bad. My handicap daughter is home school. She has no internet to do her school work. ATT did not care.,2951328,ATT,Wed Nov 29 16:16:25 +0000 2017,@814972 Hello Richie!  We understand how important it is for you to have internet for your daughter that is home schooled. Allow us to assist you here with your billing issue. Please locate your acct number at https://t.co/rojGkJEwHv and provide it to us in a DM. Thanks! ^ErinJ,2951329
2951334,814973,Wed Nov 29 15:22:10 +0000 2017,@127550 @ATT @118062 You are just so wonderful! My granddaughter and I get so dramatic when we sing and dance to your songs! We love you! I've always wondered about your creative process. I love your energy and your heart!,2951332,ATT,Wed Nov 29 15:47:08 +0000 2017,"@814973 She's the 👑 of our ❤️, Kathi! Do you and your granddaughter have a favorite song? https://t.co/d1Fr5pelFt",2951333
2951352,814974,Tue Nov 28 23:04:11 +0000 2017,#Incompetence continues... @ATT called after 5 days cutting off service.  Then we chatted for 20 minutes before she said she couldn’t help.  Then they called after 2 hours to connect direct to @117830 and connected me to the generic order number like a stranger... still on hold https://t.co/TbadHTwru5,2951351,ATT,Wed Nov 29 15:31:00 +0000 2017,"@814974 In the meantime, Jason, I await for the requested information to proceed with the investigation in your favor from my end.  -Benjamin F, Social Media Specialist.",
2951352,814974,Tue Nov 28 23:04:11 +0000 2017,#Incompetence continues... @ATT called after 5 days cutting off service.  Then we chatted for 20 minutes before she said she couldn’t help.  Then they called after 2 hours to connect direct to @117830 and connected me to the generic order number like a stranger... still on hold https://t.co/TbadHTwru5,2951353,ATT,Wed Nov 29 15:29:32 +0000 2017,"@814974 Good morning Jason. I just want to share with you my willingness to help you in this complex case, and my commitment is to provide you with everything that I can do from my end, and take proper action according to the information you be provided with after calling Telco line.",
2951355,814975,Wed Nov 29 15:12:16 +0000 2017,@ATT Thank you,2951354,ATT,Wed Nov 29 15:14:30 +0000 2017,@814975 We are happy to hear that you have been helped. Is there anything else we can do for you today? We're here and eager to assist! ^ChristiM Social Media Specialist,
2951358,814975,Wed Nov 29 14:23:13 +0000 2017,"Why do I pay for 1Gb/s download speeds when I'm currently at 43.8Mb/s? I kno it says ""up to"" but this is a fraction... @ATT",2951357,ATT,Wed Nov 29 15:09:30 +0000 2017,"@814975 Good morning, Mandy! Thank you for reaching out to AT&amp;T via social media about your internet speeds. Have you tried troubleshooting your router? https://t.co/0Mh2MHnGWu Try this and get back to us if it doesnt work. We are here to help! ^ChristiM social Media Specialist",2951356
2951360,349033,Wed Nov 29 18:42:30 +0000 2017,"@ATT Rather than put my acct# on a public tweet I stopped by an AT&amp;T store.  While the tech provided helpful info about downgrading my Note4 to Lollipop from Marshmallow (which is causing the issue), I need a compatible @122609 Lollipop image for my @138021 Galaxy Note4.",2951362,ATT,Wed Nov 29 19:14:36 +0000 2017,"@349033 Hi, Billy! We definitely understand wanting to have a compatible software for your device. We're here to help! Please send us a direct message with your phone number and we'd be more than happy to look into your options and provide a solution. Thanks! ^AyaM",
2951361,349033,Wed Nov 29 13:19:41 +0000 2017,"@138021 update 6.0.1 pushed from @ATT broke my beloved Note4, apps functions incorrectly, charging &amp; battery life are random, @122609 Auto is broken.  I understand Apple makes a stable device, may have to change up my plans from Note8 to iPhone....",2951359,ATT,Wed Nov 29 14:34:55 +0000 2017,"@349033 My goodness, Billy! We hate to hear of your malfunction with your device. Could we get you to verify your account number? We truly value all our customers privacy. Let's see what can be done about the app download messing up your device. Peculiar, eagerly waiting on you! ^AkilahS",2951360
2951364,814976,Wed Nov 29 06:07:52 +0000 2017,@121574 @121566 @118062 @ATT Ugh I just love her so much. This is such a good song! I love the making of the songs from this album and seeing her work,2951363,ATT,Wed Nov 29 14:33:32 +0000 2017,"@814976 Seeing her work just makes you want to dance, doesn't it, Summer? https://t.co/wsgyoKx5Kn",
2951378,814977,Wed Nov 29 13:08:51 +0000 2017,"@30382 @117830 nunca me sentí tan mal atendido y boludeado. No me arreglan el servicio, no me solucionan nada, no podes dar de baja. Todo mal!! 😠😡",2951377,ATT,Wed Nov 29 14:25:00 +0000 2017,@814977 Asistencia en espanol esta disponible por telefono llamando al 888-388-6622. ^AkilahS,
2962476,817481,Wed Nov 29 18:17:03 +0000 2017,Really wish @att would offer some killer iPhone X deals.,2962475,ATT,Wed Nov 29 20:33:30 +0000 2017,"@817481 Good afternoon to you, Neely! Thank you for reaching out to us today via Social Media. Discover our current iPhone X deals here : https://t.co/c0GduElTD6 . Send us back a DM and let us know what you think! We're eager to hear from you! ^NSmart",
2962478,134194,Wed Nov 29 20:09:25 +0000 2017,@ATT I'll DM.,2962477,ATT,Wed Nov 29 20:13:14 +0000 2017,@134194 You can speak with us via DM whenever you're ready. Just let us know what type of wireless service (individual line/family plan) your looking for and we'll go from there! We're ready to get this rolling! ^JalG,
2962480,134194,Wed Nov 29 19:25:48 +0000 2017,"@ATT Joy, how can I reach you!! Please let me know or DM me. I have to make some quality changes. I hate to disappoint Sprint but I'm unhappy in an early business relationship.",2962479,ATT,Wed Nov 29 19:47:55 +0000 2017,"@134194 If you're interested in starting wireless service with us, we'll be happy to do so via DM on Twitter. If you would rather speak to someone over the phone you can call 888-333-6651 or you can also go to an AT&amp;T retail store. Let us know what works for you, Rhonda! ^JalG",2962478
2962482,121393,Wed Nov 29 00:57:31 +0000 2017,Thank you DanielaG from @117735 for the awesome customer service and getting my issue resolved🤗. You rock! @ATT,2962481,ATT,Wed Nov 29 20:12:31 +0000 2017,"@121393 Howdy again, Frank! And thank you so much! It makes me happy to know that I've been a help for you despite all the trouble! It has honestly been a great pleasure helping you so you could get the best out of your new iPhone! Have an awesome day! ^Daniela G ATT Social Media",
2962484,817482,Wed Nov 29 18:42:29 +0000 2017,"@ATT Nope. I already made it clear. You charged me for international roaming when I wasn't outside the U.S., which would lead me to believe that it's happened to lots of other people. Being close to the border is obviously not ""international"", so you're cheating people. NO EXCUSE",2962483,ATT,Wed Nov 29 20:05:29 +0000 2017,@817482 We'd like to help take a closer look and get to the bottom of this for you. Please share your account # and contact # if we can assist.,
2962486,817482,Sat Nov 25 04:44:40 +0000 2017,"@ATT I contacted customer service, but the problem is still a BIG problem. I contacted my attorney and he says its a class-action waiting to happen.
So, before it comes to that, how about you stop charging people for international roaming, when they never left the US?",2962485,ATT,Wed Nov 29 18:31:00 +0000 2017,@817482 Hi there - we'd like to help you with this issue. Can you please DM us your contact information at your earliest convenience? We look forward to hearing from you. Thank you.,2962484
2962488,817483,Thu Nov 30 05:50:33 +0000 2017,"@ATT Ummm, spoofing, or bad at your job. Pick one.",2962490,ATT,Thu Nov 30 06:14:28 +0000 2017,@817483 Is there any other thing you will like us to do for your today? We are here to help you. ^WaleA.,
2962489,817483,Wed Nov 29 18:55:02 +0000 2017,@117735 I spoke to an @ATT rep this morning and got the upgrade I wanted. I also pointed out that I was NOT able to do so via MyATT or with the live-chat assistant. My end of the problem is resolved. Thanks for reaching out!,2962487,ATT,Wed Nov 29 19:40:38 +0000 2017,"@817483 Great to here, Nataraj please feel free to contact us here anytime you need help ! We appreciate your loyalty and we are always here to assist you ! ^MeccaD",2962488
2962494,817484,Tue Nov 28 04:35:00 +0000 2017,HUGE THANKS TO CAPITOL BROADCASTING AND #ATT !!! SO EXCITED TO HAVE MY WRAL BACK!,2962493,ATT,Wed Nov 29 18:54:00 +0000 2017,@817484 🙌 🙌🙌 🙌,
2962496,817485,Tue Nov 28 21:47:00 +0000 2017,Spent hours waiting at @ATT (3 different trips there!!) bc they couldn’t get my photos to transfer from my old phone that I traded in. Go back today to find out they wiped my old phone entirely and sent it out without my knowledge. Worst customer service ever 😤😤,2962495,ATT,Wed Nov 29 18:42:33 +0000 2017,@817485 Hi Kelly - thanks for reaching out to us! We'd like to see how we can help you with this issue. Can you please DM us your contact information at your earliest convenience so we can assist you further? Thank you.,
2962498,817486,Wed Nov 29 18:22:02 +0000 2017,"@ATT still waiting for you to respond after your one lame auto reply on facebook....heard nothing...guess it's time to file complaint with AG
#badcustomerservice",2962497,ATT,Wed Nov 29 18:28:27 +0000 2017,"@817486 Hello, thank you for reaching out to us via social media. We do understand your frustration. Please go head and confirm the account number. We like to address it ASAP.-FizzA Social Media Specialist",
2962500,817487,Tue Nov 28 20:26:13 +0000 2017,"hey @ATT I assume your customer service chat windows on your site are bots like most websites but kudos to you for having such pleasant, helpful bots. not pushy, very informative, didn't feel artificial at all. 10/10 will buy service soon.",2962499,ATT,Wed Nov 29 18:23:07 +0000 2017,"@817487 Thank you for the #ATTLove, Kimmy! We're always here for you. https://t.co/NfVLbsttRy",
2962502,817488,Tue Nov 28 19:40:25 +0000 2017,"@att my account was hacked 4mo ago &amp; ATT didn't catch one of the charges added to my account. So I've been paying for someone's Apple Watch every month. I've visited two stores and talked to 6 phone reps. Nobody has been able to help me. Awful, insanely frustrating experience.",2962501,ATT,Wed Nov 29 17:57:01 +0000 2017,@817488 We don't like to hear this. Please send us a DM with your account and contact information so we can look into this.,
2971202,327928,Thu Nov 30 01:12:30 +0000 2017,@ATT Yup I have several times... How will this be different 😡,2971204,ATT,Thu Nov 30 01:34:21 +0000 2017,@327928 Because you entrusting your billing issue on the social media team to help you who takes your concerns with a sense of utmost responsibility. Please give us the chance to turn your customer experience around by providing in a DM your account and contact number. Thank you. ^WaleA,2971205
2971203,327928,Thu Nov 30 00:08:34 +0000 2017,@ATT Yeah pay me! 😡😡😡,2971201,ATT,Thu Nov 30 00:46:00 +0000 2017,@327928 We can look into your refund issue for you. Can you provide your account number and contact number in a DM so we can commence investigation into your refund request? Hope to hear from you again. ^WaleA.,2971202
2971205,327928,Thu Nov 30 01:43:24 +0000 2017,@ATT I did last month MattA,2971206,ATT,Thu Nov 30 03:29:32 +0000 2017,@327928 We understand your position on this but we believe we can still provide the help you need here. Can you please provide in a DM your account number and contact number? ^WaleA.,
2971207,327928,Wed Nov 29 23:21:22 +0000 2017,"If @ATT  pays me what they owe I'll take down this tweet it's only taken them since March of 2016 to yank my chain and keep ""promising me"" they will give me credit for my 2 phones valued at $900+ instead they try and give me $48 and $21!  When I get paid I'll delete this!",2971208,ATT,Wed Nov 29 23:34:52 +0000 2017,@327928 We understand that you now have a team member working on your refund concerns for you. We are not happy to see you feel this way. Is there any thing we can do here for you concerning your $900+ request? We hope to hear from you soon. ^WaleA.,
2971210,819540,Wed Nov 29 23:49:51 +0000 2017,@117830 @22287 porque no puedo ver el partido de Lanus por #DirectvPlay si en TV se puede ver !!! con el paquete que tengo!!! #LPM,2971209,ATT,Thu Nov 30 00:37:32 +0000 2017,"@819540 Hola Matias, Asistencia en espanol esta disponible por telefono llamando al 888-388-6622. https://t.co/7m6RT3Hk4n",
2971212,819541,Wed Nov 29 23:49:28 +0000 2017,@ATT you always quote me one price then deliver another!,2971211,ATT,Thu Nov 30 00:32:04 +0000 2017,"@819541 Hello Lucus,  we don't want you to feel like we are giving you the run around. What product or service are you checking out? We can look into it and give you an accurate price. Let us know! ^SierraM",
2971216,819542,Wed Nov 29 22:24:03 +0000 2017,"Staying a week in Vegas, just spent $80+$60=$140 on prepaid SIM cards that won't work and no refund. Thanks a lot @ATT and @113983.",2971214,ATT,Thu Nov 30 00:19:00 +0000 2017,"@819542 @113983 Oh no, that's not what we like to hear Magnus! Let's take a deeper look into this issue. Kindly provide us the phone number associated with your SIM cards for further assistance. Thanks! ^CarolM",2971215
2971217,819542,Thu Nov 30 00:28:08 +0000 2017,@ATT @113983 Also feel free to contact me on __email__,2971218,ATT,Thu Nov 30 03:43:28 +0000 2017,"@819542 @113983 We noticed that you have posted you phone number in a pubic post. For your safety we recommend that you remove your information from this post and send it to us in a Direct Message. Once we receive your message, we would be more than happy to assist you with your request. ^MakJ",2971219
2971222,819543,Wed Nov 29 22:12:04 +0000 2017,@ATT is #heartless . I lost everything I own in #hurricaneharvey and my insurance isn’t covering my contents since the water was rising. Had to start from scratch. Now ATT is charging me for the modems that I didn’t return? I should have given them back. #mold and all. #disgusted,2971221,ATT,Wed Nov 29 23:25:00 +0000 2017,"@819543 Thank you for bringing this to our knowledge Faustine,it is not fair that you are being charged for a modem that was lost in the hurricane and we would love to look into this. Please DM us with more information as well as your account number so we can sort this out for you. ^AyO",
2971224,819544,Wed Nov 29 22:23:24 +0000 2017,@819545 @ATT I hate how much I pay for Cable but we never have issues with TV or internet so it’s worth it unfortunately,2971223,ATT,Wed Nov 29 22:37:30 +0000 2017,@819544 Hey! We don't like to see that you have to pay so much for cable. Is there something we can help you with? Do you want to look into ways of decreasing your bill? Please reach back out to us with any concerns you may have. We look forward to hearing back from you. ^michr,
2971227,819546,Wed Nov 29 21:57:35 +0000 2017,"Tfw someone in California hacks into ur att account and upgrades your phones &amp; steals them. 

Working with fraud to reverse everything so our phones work again :(",2971226,ATT,Wed Nov 29 22:02:00 +0000 2017,"@819546 Hi, Meghan. We'd love to help resolve your issues. Could you send us a DM and fill us in? We're looking forward to hearing back from you. ^JamesV",
297173,184584,Fri Oct 06 21:18:42 +0000 2017,@ATT At the Apple store trying to sort,297175,ATT,Sat Oct 07 17:40:00 +0000 2017,@184584 Hello Pamela! Were you able to sort out your concern? Please let us know! Have a great weekend! :) ^Beth C.,
297173,184584,Fri Oct 06 21:18:42 +0000 2017,@ATT At the Apple store trying to sort,297174,ATT,Fri Oct 06 21:23:00 +0000 2017,"@184584 If you need help after, let me know! ^Beth C.",
297173,184584,Fri Oct 06 21:18:42 +0000 2017,@ATT At the Apple store trying to sort,297176,ATT,Tue Oct 10 17:41:00 +0000 2017,@184584 Good morning Pamela! Were you able to sort out your concern? Please let us know! Have a great rest of your day! ^Beth C.,
297178,186797,Fri Oct 06 18:11:44 +0000 2017,"@ATT @14429 @186798 Said I never stop singing #WonderWoman praises, don't y'all just love how Diana's always front &amp; centre😊 #JusticeLeague has already won💯 https://t.co/g9LLiYEurj",297177,ATT,Fri Oct 06 18:28:57 +0000 2017,"@186797 We’re geeking out, too! #JoinTheLeague https://t.co/m0u8OFAOb6",
297188,152294,Fri Oct 06 17:43:57 +0000 2017,@ATT There is no dm option,297185,ATT,Fri Oct 06 18:17:01 +0000 2017,@152294 Hey there! Simply follow our page to DM us. Here are those numbers for you as requested https://t.co/ytOpDLpdYa ^KrisE,"297186,297187"
297189,152294,Fri Oct 06 17:22:22 +0000 2017,What number can I call for Customer Service to speak with some1 in English @ATT ?,297191,ATT,Fri Oct 06 17:36:27 +0000 2017,@152294 Hi! I would be more than happy to help you from here! What seems to your concern? Dm us so we can chat! ^ GleneshaC,
2975323,820568,Wed Nov 15 22:57:05 +0000 2017,Why are my phones not working? @ATT @117735,2975322,ATT,Wed Nov 15 23:53:30 +0000 2017,"@820568 We'd love to look into why your phones are inoperable, William. Learn troubleshooting steps simply by visiting this link https://t.co/EbApEH4Gk2. We hope this information helps and please feel free to follow / DM us your mobile number if you require additional assistance. ^LarL",
2976292,820834,Thu Nov 16 15:04:28 +0000 2017,Hey @ATT your customer service prematurely disconnected my service and now they said that even though they made a mistake too bad. Is that really how you treat a 10 year customer?,2976290,ATT,Thu Nov 16 15:09:30 +0000 2017,@820834 We're sorry you've had this experience with us. Could you please Follow/DM us so that we can go into detail about this? ^ShaJ,2976291
2976294,820835,Thu Nov 16 06:41:01 +0000 2017,"@176071 Android user here. Cant receive incoming calls from certain numbers, days ""user not accepting calls"". Tried restarting, airplane off/on. Called ATT and new sig sent to phone. No luck. #frustrated @ATT",2976293,ATT,Thu Nov 16 14:02:38 +0000 2017,"@820835 No one likes having poor wireless signal, Renee! We'd like to turn this experience around for you at once. Could we get you to check out our troubleshooting link? https://t.co/0nQOg0iifH. Please feel free to reach back out for further help. We're just a click away! ^AkilahS",
2976296,820836,Thu Nov 16 03:13:01 +0000 2017,"@116021 Has decided to start charging us data overages for internet usage.
I never thought I'd say this... but, it's time to go back to @ATT 
GOD I wish fiber was available in my area!!!",2976295,ATT,Thu Nov 16 13:31:41 +0000 2017,"@820836 Hello! Thanks for your interest in getting the AT&amp;T fiber and also becoming a part of the AT&amp;T family. To get more details on AT&amp;T Fiber please click here:https://t.co/poKZJmVG7W. If you need further assistance at this time, kindly send us a direct message. Thank you! ^YS",
2976682,820939,Thu Nov 16 15:46:17 +0000 2017,"@ATT No, this is not helpful!  Our Internet is slow, there's only 2 bars.  We just had it installed!!!! Fix this!!",2976681,ATT,Thu Nov 16 15:50:00 +0000 2017,"@820939 We apologize for the miscommunication, to look further into this could you please DM us your account number? We want to help you get the service you pay for! ^BayleighO",
2976684,820939,Thu Nov 16 14:59:30 +0000 2017,"@ATT Our signal strength on desktop is 2 bars, less than fare. What's the problem,  @ATT?  We just had this equipment installed and THIS is the kind of connection we have! #WorstServiceEver https://t.co/PyLmnwyB4w",2976683,ATT,Thu Nov 16 15:37:00 +0000 2017,"@820939 Hey, Annette! Thanks for reaching out to us. We're saddened to hear about your experiences with your service when you just got it installed. Here is a link that provides basic troubleshooting: https://t.co/2koIxz80Yi Please let us know if this is helpful! ^BayleighO",2976682
2977163,725262,Thu Nov 16 20:00:27 +0000 2017,@ATT @117735 Still no response?! Keeping it classy. 17 year customer. Searching as we speak for a new provider!,2977162,ATT,Thu Nov 16 20:03:29 +0000 2017,"@725262 Good morning, Jason. We do apologize for the delayed response. Do you mind private messaging us with your account info so that we may properly assist? We'll be waiting to hear back from you. ^BrianaB",
2978457,821442,Fri Nov 17 15:39:48 +0000 2017,"I swear every single customer has something added to their bill that they are not aware of, TERRIBLE customer service. I've been a customer for years and there is no customer value either!! I am cancelling all my services today @ATT #CustomerService #ATTCustomerService",2978456,ATT,Fri Nov 17 15:44:00 +0000 2017,"@821442 Hi, Vanessa. We won't want to see you go! Could you Dm us with your account information? We would love to help getting those unwanted charges taken care for! We will do all that we can for you! Looking forward to your reply!^RonH",
2980160,821939,Thu Nov 30 01:19:00 +0000 2017,"Aha! Getting better @att 
download almost equals upload speed! #progress #isthiswhatIpaidfor?",2980159,ATT,Thu Nov 30 03:39:43 +0000 2017,"@821939 We apologize for the delayed reply, Carol. We're glad to hear your satisfied with your internet speeds. If you ever need assistance wit your services you can always reach out to us via social media. We're just a DM away. ^RenaB",
2980162,553394,Thu Nov 30 01:15:06 +0000 2017,@ATT u guys offer cable but not internet,2980164,ATT,Thu Nov 30 04:55:51 +0000 2017,"@553394 It may not be available in your area at this time but we're always adding to our infrastructure. Is there anything else we can assist you with? If so, please let us know. ^JamesV",
2980163,553394,Thu Nov 30 00:03:51 +0000 2017,@ATT  WHEN U GUYS GOING TO BRING GIG INTERNET TO MY AREA IN OHIO PLS  ILL PAY EXTRA FOR IT ILL PAY 1000 A MONTH PLS,2980161,ATT,Thu Nov 30 01:12:30 +0000 2017,@553394 Hello Joel. We know you are eager to get the Gig Internet in your area. We also want to give you the fastest internet service. Please see link:https://t.co/jRXE2802hM to request update on the availability of our Gig internet in your area. Let us know if link helps. ^WaleA.,2980162
2984263,822917,Fri Nov 17 01:21:21 +0000 2017,"@ATT @822918 @822919 Hi At&amp;T, I am at torrance in CA. Which AT&amp;T store are available to get Google Pixel 2 XL device? Please advise.",2984262,ATT,Mon Nov 20 18:01:25 +0000 2017,"@822917 Good morning! We'd love to assist you in finding the right AT&amp;T store to help get you the Google Pixel 2! Here is a link about Google Pixels: https://t.co/pvmyVlQRzW For further assistance, will you please DM us your address/zip code? We can't wait to help you out! ^BayleighO",
2987317,823690,Tue Nov 21 22:08:09 +0000 2017,"@823691 @ATT Right.  It was never really neutral:
1-People always bought the speed level they could afford given their distance from central offices.
2-Businesses always paid for the server bandwidth and speed they could afford via suppliers. Some use suppliers outside of their jurisdiction.",2987315,ATT,Tue Nov 21 22:48:00 +0000 2017,@823690 How are you doing? Thank you for contacting the AT&amp;T social media team. We are here to help you. Can you tell us what issue you want us to resolve for you today? ^WaleA.,2987316
2987335,823693,Mon Oct 30 19:16:39 +0000 2017,#JusticeLeague @ATT SHV ❤️ https://t.co/GSz5sguFqu,2987334,ATT,Tue Oct 31 21:49:09 +0000 2017,@823693 Glad to have you! It's a team effort! https://t.co/dq25jYhr4T,
2987338,475064,Tue Oct 31 15:17:24 +0000 2017,"@6674&amp;t The store told me I had to buy something in order to get a Justice League poster. Everywhere I read on,one said they were free.",2987336,ATT,Tue Oct 31 21:48:37 +0000 2017,"@475064 Oh no, Al. If you can please send us a DM with the store you visited, we'd like to help get to the bottom of this.",2987337
2987813,823827,Wed Nov 22 03:51:22 +0000 2017,@ATT where you pay a lot of money for no internet...,2987812,ATT,Wed Nov 22 06:13:00 +0000 2017,"@823827 How are you doing, K? Thank you for contacting the AT&amp;T social media team. We are here to help you look into your internet service issue. Can you please troubleshoot your device through this link:https://t.co/0Mh2MHnGWu? Let us know if link is helpful.  ^WaleA.",
298867,187235,Fri Oct 06 17:59:16 +0000 2017,@ATT @158861 My store did not receive their shipment of them.,298865,ATT,Fri Oct 06 19:16:51 +0000 2017,"@187235 DP Sorry for any inconvience, we don't have an Eta on that product. We want to keep you informed https://t.co/rLLkEaf0vV. ^NicJ",298866
298881,188315,Fri Oct 06 21:26:12 +0000 2017,@ATT @158861 I was hoping to pick up two V30s today in store. Learned from a rep they don't actually arrive in AT&amp;T stores until the 20th. Is this true?,302986,ATT,Fri Oct 06 21:48:43 +0000 2017,"@188315 Hello, Bernard! You can see all our latest  phones here: https://t.co/eAhYsKsSLY Let us know if this helps! ^JalG",302987
298883,187237,Fri Oct 06 18:31:37 +0000 2017,@ATT Coverage map shows we should have full coverage at our house but service has been terrible for years. Please advise,298882,ATT,Fri Oct 06 19:15:29 +0000 2017,"@187237 Frank, MicroCell acts like a mini cell tower and boosts your cell performance: Find out more her: https://t.co/aZXbbEaNeS ^AntB",
300336,187630,Fri Oct 06 20:21:43 +0000 2017,@187631 @117830 @ATT There customer service is the worse thing ever. I tried to get cable and Internet from them but the customer service people were 0 help,300335,ATT,Fri Oct 06 20:26:29 +0000 2017,@187630 Hi Jenna!  Can you let us know what issues you are having we'd love to help you. What interested in DirecTV or U-Verse?  ^WillP,
300341,187632,Fri Oct 06 19:26:50 +0000 2017,I say this because it's impossible to A-get an actual employee on the line &amp; B-get one that won't just transfer/hang up on you @ATT,300340,ATT,Fri Oct 06 19:45:28 +0000 2017,@187632 Hi there. We are sadden your feeling this way.Is there something we may assist with? Dm and let us know! We are here for you.^AshO,
302985,188314,Mon Oct 02 20:28:28 +0000 2017,"@ATT your Ohio technicians are amazing. Had a blast while they redid my connection, thank you for great service.",302984,ATT,Fri Oct 06 21:57:25 +0000 2017,"@188314 That's what we like to hear, Nathan! Thanks for sharing the #ATTLove 😁",
302987,188315,Fri Oct 06 21:52:28 +0000 2017,@ATT https://t.co/M0pujR21GG This is the press release that states the LG V30 would be in stores starting 10/06. It's not in stores. A bit misled,302988,ATT,Fri Oct 06 22:00:02 +0000 2017,"@188315 Hey, Bernard! You are always more than welcome to order here for no lines or hassle https://t.co/yD24AxedwL ^KrisE",
302991,188316,Fri Oct 06 21:30:29 +0000 2017,@ATT is full of crap! Keep telling me I have an upgrade! Just wait 1 more month! Then the month comes now I have to wait again! #time2switch,302989,ATT,Fri Oct 06 21:43:31 +0000 2017,"@188316 Hi, Domonic. Waiting for a whole month speaks volume on your patience. Can you let us know the issue with your upgrade via DM?^WaleA",302990
304264,188665,Fri Oct 06 22:28:20 +0000 2017,@ATT @188666 i have a few years ago with 1d!! help me out here at&amp;t :(((( ily,304266,ATT,Wed Oct 11 17:08:00 +0000 2017,"@188665 Follow and DM us, we may have something for you. #MusicsBest",304267
304265,188665,Wed Oct 04 22:45:25 +0000 2017,hi pls sell me ur tix to harry styles on october 11 in austin i still have his stand up in my room and i am in collEGE !!,304263,ATT,Fri Oct 06 22:26:41 +0000 2017,@188665 Wow! That is dedication. Have you seen him in concert before? #MusicsBest @188666,304264
304269,188667,Fri Oct 06 22:12:03 +0000 2017,I was responsible enough to set up an appointment &amp; spend the whole day waiting for the tech to show up---no show @ATT. Bad business ethics,304268,ATT,Fri Oct 06 22:16:19 +0000 2017,"@188667 Hi, Etoile! Our social media tea would love to help with your appointment! DM us details. ^ChasH",
304469,188707,Sun Oct 08 02:03:01 +0000 2017,"@10136 @ATT you both suck! Can't watch anything OnDemand, over priced and shitty CS! #netflix #slingbox #Hulu #DTVATTSUCK",304465,ATT,Sun Oct 08 04:50:01 +0000 2017,"@188707 What seems to be the issue, Melanie? Could you please elaborate more to us in a DM? We are happy to help if we can! ^RyanB","304466,304467,304468"
304472,188710,Sun Oct 08 01:16:33 +0000 2017,Awesome day looking at the @119777  &amp; @ATT  promo in #TimesSquare #AllIn #JoinTheLeague… https://t.co/LgOQ3EwQQ7,304470,ATT,Sun Oct 08 04:39:46 +0000 2017,@188710 Thanks for channeling your inner super hero with us! #JoinTheLeague https://t.co/m0u8OFAOb6,304471
304475,188711,Sun Oct 08 02:29:40 +0000 2017,@ATT refuses to give a statement credit to those users in Puerto Rico who lost access to the network during and after #HurricaneMaria.,304473,ATT,Sun Oct 08 04:36:00 +0000 2017,@188711 Please check our live blog with the latest relief efforts. https://t.co/2UHinVN0NU,304474
304901,136304,Sun Oct 15 20:53:27 +0000 2017,The updated @117830 Sunday Ticket app for the AppleTV is horrible. Congrats @ATT.,304899,ATT,Sun Oct 15 21:20:57 +0000 2017,"@136304 Hey, Bryan. We understand you have a concern regarding the updated app for Sunday Ticket. Please DM us details so we can help!",304900
304903,188793,Sun Oct 15 20:12:17 +0000 2017,When you switch to @ATT because they say it's so much more reliable than direct tv was but it goes out because of a little rain 😡,304902,ATT,Sun Oct 15 20:48:00 +0000 2017,"@188793 Hello, Ashley. We're not happy you are having issues with your DirecTV. Can you DM us details? We want to help.^WaleA",
306845,189264,Fri Oct 06 23:11:26 +0000 2017,@117830 @ATT partnership. Seems fish and from your caller ID,306844,ATT,Fri Oct 06 23:20:00 +0000 2017,@189264 Hi Julio! Thanks for reaching we out to us! Do not accept any offers from them! Click link!  https://t.co/QcgeowfHSf DM us! ^DanaS,
308151,189576,Fri Oct 06 23:04:47 +0000 2017,@117735 @ATT NO CALL NO ANYTHING THINKING MAYBE I SHOULD JUST USE SOMEONE ELSE,308149,ATT,Sat Oct 07 00:21:31 +0000 2017,"@189576 We regret that your tech didn't show! Please allow us to fix this! Can you DM us your address, and account number? ^BriT",308150
310150,190055,Sat Oct 07 01:46:07 +0000 2017,"#JusticeLeague AT&amp;T promo images.
These look so cool. 🔥 https://t.co/43cdqaQkCR",310148,ATT,Sat Oct 07 01:53:29 +0000 2017,@190055 Who’s your favorite hero? #Batman #WonderWoman #TheFlash #Aquaman #Cyborg  #JoinTheLeague https://t.co/m0u8OFAOb6,310149
310164,190058,Sat Oct 07 00:52:59 +0000 2017,"@175465 @117830 @ATT Yeah, my point is that even after the purchase I used to go to https://t.co/0KN1vamutS and it went to https://t.co/0KN1vamutS...",310159,ATT,Sat Oct 07 01:36:25 +0000 2017,"@190058 Hello there, thank you for reaching out to us. Are you having trouble with your purchase from our DirecTV site? DM us. ^MonF","310160,310161,310162,310163"
310168,190060,Sat Oct 07 00:18:56 +0000 2017,Yo @ATT what is going on?,310167,ATT,Sat Oct 07 01:26:00 +0000 2017,"@190060 Hello, Joaquin, we thank you for reaching out to us. It will be a pleasure to assist you. Please DM your concerns? ^RickeyY",
313169,190790,Sat Oct 07 01:50:17 +0000 2017,@116136 I hate your prices but I’m still switching after my @ATT contract expires...their internet is garbage,313168,ATT,Sat Oct 07 04:29:29 +0000 2017,"@190790 Hi, Ashley. Could you send us a DM and let us know what's happening with your internet? We're here to help. ^JamesV",
313801,190932,Sat Oct 07 02:22:35 +0000 2017,@ATT why is your service so bad like I'm not mad I'm just sad like this happens every day it goes down,313800,ATT,Sat Oct 07 05:22:28 +0000 2017,"@190932 Hi, Adrian. DM us and let us know what's going on. We're here to help. ^JamesV",
320807,192433,Sat Oct 07 04:11:53 +0000 2017,"@115900, just 14 months until I try your service again. @ATT #Uverse is complacent. I’ve been restarting DVR’s for 40 minutes.",320806,ATT,Sat Oct 07 12:29:26 +0000 2017,"@192433 Hey, Chris! We hate to hear that your DVR is not working properly. Can you send us your account # through a DM? Thanks! ^MarM",
321595,192616,Sat Oct 07 11:27:32 +0000 2017,@ATT my service is with you why is claro in my service now? I just renewed my contract with you AT&amp;T.,321594,ATT,Sat Oct 07 12:36:00 +0000 2017,"@192616 Hey there, Rebecca! DM us with further details on this billing concern. We're here for you! ^OmarG",
321609,192622,Tue Sep 26 02:35:29 +0000 2017,"@ATT Your internets great, its just the part of my family living in a rural place, it hard for good connection",321607,ATT,Tue Sep 26 03:40:25 +0000 2017,@192622 We know that can be hard. Can you DM us so we can try to get you a resolution for this signal issue? We want to help ^WillP,321608
321611,192622,Thu Sep 21 21:22:18 +0000 2017,@ATT Hey if you live in the country dont get at&amp;t it sucks at intiernet connection for rural communities,321610,ATT,Sun Sep 24 13:56:28 +0000 2017,@192622 We'd like to help. Could you DM us with more information on how to better assist you with internet connection? Thanks! ^AbayomiO,321609
322552,192835,Sat Oct 07 13:40:08 +0000 2017,my phone is running really slow it’s frustrating 💆🏻 @ATT can i get a free new phone or na,322551,ATT,Sat Oct 07 13:56:00 +0000 2017,@192835 Hello! Try troubleshooting your wireless device at https://t.co/7ESCRuaHHJ. Let us know if the link was helpful. Thanks! ^ErinJ,
322554,192836,Sat Oct 07 13:35:26 +0000 2017,@ATT why do we not have at&amp;t phone service this am. I can't even call and report.,322553,ATT,Sat Oct 07 13:56:00 +0000 2017,@192836 We'd like to help you! Can you send us a DM with more information to further assist you? We await your response! ^AbayomiO,
325716,193598,Sat Oct 07 14:22:23 +0000 2017,Go Big AND Go Home. ATT Fiber getting installed today!! #Gigapower #Gigabit #Fiber @ATT https://t.co/YXwXmMjiVc,325715,ATT,Sat Oct 07 15:41:00 +0000 2017,"@193598 Best day ever, Kevin! We know you're going to love your service - thanks for being part of the #ATTFamily. 👍",
325731,193599,Sat Oct 07 03:58:23 +0000 2017,As the years go by @ATT service gets worse 🤔💩📡,325730,ATT,Sat Oct 07 15:23:28 +0000 2017,@193599 Yikes! Let us assist you with AT&amp;T inquires. Please DM us your account and service info to begin. We can help! ^ToyaL,
325733,193600,Sat Oct 07 14:54:58 +0000 2017,@ATT @119777 Damn we walked passed this yesterday but thought you needed something more than our NYCC badges to get in :/,325732,ATT,Sat Oct 07 15:16:14 +0000 2017,@193600 Keep calm + #JoinTheLeague. https://t.co/m0u8OFAOb6 🙌,
325750,193601,Sat Oct 07 14:45:09 +0000 2017,I'm here at the @ATT store for the Justice League takeover event! #JusticeLeague #ATTInfluencer https://t.co/0B8M6JFhn6,325749,ATT,Sat Oct 07 15:13:54 +0000 2017,"@193601 Thanks for uniting with us, Jamie! #JoinTheLeague",
326973,193917,Sat Oct 07 16:46:46 +0000 2017,"@ATT Complete “no service” between Shade Gap and Shirleysburg, intermittent service between Spring Run and Shade Gap",326975,ATT,Sat Oct 07 17:04:27 +0000 2017,"@193917 Can you Direct Message us your wireless number and zipcode so we can help you look into the ""no service"" issue in your area?Wale",
326974,193917,Sat Oct 07 16:18:14 +0000 2017,"Dear @ATT  - PA 522 would appreciate some cell service.
Signed, parent of a Juniata student who has to make this trip.",326972,ATT,Sat Oct 07 16:41:00 +0000 2017,"@193917 Hi, John. Thank you for contacting the Social Media Team. Can you DM us the issue you are having with your cell service? ^WaleA",326973
326977,193918,Sat Oct 07 16:04:14 +0000 2017,@ATT @117735 If someone has been a long time loyal customer why would you treat them like trash? I seriously don't understand. Pathetic dishonest company,326976,ATT,Sat Oct 07 16:27:00 +0000 2017,"@193918 Hi. We value your loyalty, it's not our intent to lie to you. DM details of your issue to assist. Awaiting your reply. ^NdyE",
326981,193919,Sat Oct 07 16:14:25 +0000 2017,You are one of the very few. Many issues with @att apple watch series 3 support. be prepared to spend 3 hours trying to set up. https://t.co/lQfuebIezD,326980,ATT,Sat Oct 07 16:19:00 +0000 2017,@193919 We're trying to help! Please send us a DM with details and phone number. We're here for you! ^ChasH,
326983,193920,Sat Oct 07 15:45:51 +0000 2017,ATT signing with @193921 and @193922. Got a copy of signed #JusticeLeague book. #NYCC2017 https://t.co/kiwb8I35cY,326982,ATT,Sat Oct 07 16:14:00 +0000 2017,@193920 No need for the bat signal – Robert is on the case! Thank you for stopping by! https://t.co/m0u8OFAOb6,
326985,193919,Sat Oct 07 16:02:26 +0000 2017,Over 3 hours with @att trying to set up apple watch and still no cellular. Watch works great. @att outsourced tech support worst. @117735,326984,ATT,Sat Oct 07 16:08:00 +0000 2017,"@193919 Oh no, Mike! Our social media team would love to help you with your Apple Watch! DM us details. Can't wait! ^ChasH",
328392,194297,Sat Oct 07 15:57:57 +0000 2017,#Trouble when the @ATT tech is here for an hour and a half and needs to call a second tech to come by and help,328391,ATT,Sat Oct 07 17:09:37 +0000 2017,"@194297 Hi Derek. Are you still having issues while trying to get your service installed? If so, let us know so that we can help. ^KO",
330104,194585,Tue Nov 21 01:32:24 +0000 2017,Someone hacked into my @ATT account and ordered an iPhone on an installment plan! Called @ATT fraud line but was on hold for over 90 mins. Help!,330103,ATT,Thu Nov 23 00:03:56 +0000 2017,"@194585 Hi, we'd like to help. Please send us a DM with more details and make sure to include your account number and contact info.",
330106,194586,Mon Nov 20 23:26:23 +0000 2017,"@ATT your service sucks! Somebody hacked my line, bought phones and sent them to hotels and after 3 days of trying to talk to your fraud department, you just simply cancel my line!!!",330105,ATT,Thu Nov 23 00:01:24 +0000 2017,"@194586 Hi Luis, we'd like to look into this. Could you please provide more details including your account number and contact info via DM?",
330108,194587,Wed Nov 22 23:01:36 +0000 2017,"@ATT You guys really suck, router breaks down everyday and you send a repair guy over who does nothing and claims its fixed and leaves with it still broken",330107,ATT,Wed Nov 22 23:20:35 +0000 2017,"@194587 Hey, Thank you for bringing this to our attention. We want to help you get this resolved so you can get back to enjoying your services. Please send us a Direct Message of details of what is going on with your router, account number, service address and best contact number?^LachS",
330110,194588,Wed Nov 22 22:54:43 +0000 2017,@194589 @ATT I swear you have to go through like 6 reps just to get an American. They no showed me 11/17 and then said 11/28 was the soonest available slot for someone to come out. It’s terrible.,330109,ATT,Wed Nov 22 23:04:31 +0000 2017,@194588 We understand how much you want your service installed as a matter of urgency. We are here to help you. Can you please DM us details of your appointment issue together with your account number and phone number. We hope to hear from you soon. ^WaleA. Social Media Specialist.,
330112,194588,Wed Nov 22 22:30:15 +0000 2017,@194589 @ATT Join the club...dealing with this same issue for going on 2 wks...they no showed me last Friday. I work from home too. Smh,330113,ATT,Wed Nov 22 22:39:33 +0000 2017,"@194588 It is disappointing to hear about your installation issues, AJ! We want to turn this experience around for you! Can you please DM us with your account information and more details regarding your tech appointment? We are here to help. We hope to hear from you soon! ^YanD",
330116,137541,Wed Nov 22 21:31:11 +0000 2017,"As a @ATT / @117830 customer, does anyone know if I can access DirecTV on a Roku? Or is there an extra charge?",330115,ATT,Wed Nov 22 22:23:32 +0000 2017,@137541 We certainly have offers for Directv Now on Roku Chris! You can get more information here: https://t.co/TtHAJZzhdi . Let us know if this helps you!. We are eager to hear back from you! ^JaredA,
330445,194665,Thu Nov 02 13:48:13 +0000 2017,@ATT They have even disconnected my service twice this month and no one is able to fix the issue.They keep on transferring to diff departments,330444,ATT,Thu Nov 02 14:03:36 +0000 2017,"@194665 Good morning, Naveen! We don't want you to feel this way about our service. DM us you wireless number so we can help! ^OmarG",
331223,194872,Sat Oct 07 17:50:18 +0000 2017,I was so excited to be getting @ATT fiber in. But it's already been 2 weeks still fiberless. 😭least I don't have to pay until install.,331221,ATT,Sat Oct 07 18:03:29 +0000 2017,@194872 Hi ZednorRed! We'd love to get to the bottom of this with you! Tell us more about your concerns! DM us! Lets get started! ^DanaS,331222
331226,194873,Sat Oct 07 16:56:57 +0000 2017,@117735 Spoke to @ATT via phone. Detailed Billing now costs $1.99 per month. It used to be FREE.,331224,ATT,Sat Oct 07 18:00:54 +0000 2017,@194873 We want to assist you! Please Dm us with your concern? We are appreciate as a customer. Ready to help! ^GleneshaC,331225
331230,194874,Sat Oct 07 17:49:03 +0000 2017,"@ATT how many months will data roll over? If I have 1.5 GB of 3 GB in month of 1, and the only use 1 GB in month 2. What happens to the .5?",331229,ATT,Sat Oct 07 17:59:30 +0000 2017,"@194874 Hey Jeremy, thanks for contacting us regarding your roll over data,here's a link to learn more https://t.co/N0PvLIwnDg. VeroP",
332317,195133,Sat Oct 07 15:20:14 +0000 2017,@ATT I thought u were going to give bill credit to those affected by limited connectivity due to Hurricane Maria. I received my full bill!,332315,ATT,Sat Oct 07 18:44:00 +0000 2017,@195133 Hi Julio- thanks for reaching out! You’ll see the credits within 2-3 billing cycles.,332316
333505,195450,Sat Oct 07 18:57:15 +0000 2017,This is a story all about how my @ATT technician never showed up and I've been hurt before,333504,ATT,Sat Oct 07 19:01:27 +0000 2017,"@195450 We like your remix, Sean! We can help with your missed tech visit here. DM us more details of which service you have. ^SarahY",
334817,195790,Sat Oct 07 20:05:02 +0000 2017,I need @ATT to hook me up with the top of the line connection so I can live broadcast my gameplay on twitch please. ~ Thanks,334815,ATT,Sat Oct 07 20:17:00 +0000 2017,@195790 We'd love to help you start gaming hard! Please DM us so we can give you more details on your options. ^JWillie,334816
334819,195791,Sat Oct 07 19:58:46 +0000 2017,@117735 @ATT  so dissapointed in you guys!! Just got off the phone with one of ur worst customer service reps ever!!!,334818,ATT,Sat Oct 07 20:06:06 +0000 2017,@195791 We're sadden to hear about the experience you had. Please send us a DM with further questions and concerns. ^KalinaE,
336081,196175,Sat Oct 07 20:36:19 +0000 2017,@ATT Arkansas/South Carolina.  i wasn’t the only one.,336079,ATT,Sat Oct 07 21:11:00 +0000 2017,@196175 Thank you for providing us with the team names! Please DM us any error codes you may be seeing on your television. ^KalinaE,336080
336083,196175,Sat Oct 07 20:15:14 +0000 2017,has anyone else lost connection to game  on @ATT?,336082,ATT,Sat Oct 07 20:34:00 +0000 2017,"@196175 Hey, we'd love to assist you in finding out more about your lost of connection. Please DM us the football team game! ^KalinaE",336081
336087,196176,Sat Oct 07 21:03:17 +0000 2017,@ATT Can only DM to @117735,336086,ATT,Sat Oct 07 21:11:00 +0000 2017,@196176 There will be a specialist waiting to address your concerns from whichever one you choose. We are here for you. ^MakH,
336090,196176,Sat Oct 07 20:32:10 +0000 2017,"So @ATT installs the neighbors gig fiber, but takes mine out. And won’t dispatch until “sometime tomorrow”. Great service @ATT",336089,ATT,Sat Oct 07 20:36:00 +0000 2017,"@196176 Hello, Stephen, we'd love to look into your internet concerns. DM us details and your account #. We are eager to assist. ^MakH",336088
336092,196176,Sat Oct 07 20:43:09 +0000 2017,"@ATT @ATT I understand outages for unexplained reasons, but when your tech downs service, I would expect some consideration to resolve it quickly",336093,ATT,Sat Oct 07 20:53:43 +0000 2017,@196176 Allow us the opportunity to investigate your service concerns. Dm us details and your act#. We hope to hear from you soon. ^MakH,
336096,196177,Sat Oct 07 20:43:09 +0000 2017,@ATT what does one have to do to get a customer service rep to attend to my concerns?,336094,ATT,Sat Oct 07 20:52:28 +0000 2017,"@196177 Hi, Tricia! We would be more than happy to help you here on social media. Please DM us so that we can assist you. ^EdwinE",336095
336098,196178,Sat Oct 07 20:29:20 +0000 2017,@ATT how do I file an insurance claim for my broken iphone,336097,ATT,Sat Oct 07 20:48:29 +0000 2017,"@196178 Hi! Thanks for reaching out, please DM us your wireless number to investigate. We're here awaiting your reply! ^JornaiS",
336100,196179,Sat Oct 07 20:23:58 +0000 2017,@ATT what happened to ESPN in South Florida??? Hurry up!!!!,336099,ATT,Sat Oct 07 20:34:00 +0000 2017,"@196179 Hi, Mike! Let's get you back to the sports action! DM us with more details as what you're experiencing. We want to help! ^DanC",
337309,196487,Sat Oct 07 21:31:13 +0000 2017,@ATT is the absolute worst internet provider I've ever dealt with. So many issues &amp; their customer service is AWFUL!,337307,ATT,Sat Oct 07 21:35:43 +0000 2017,"@196487 Hey Nicole, that's not something we like to hear! Could you send us DM with details of your situation? Thanks! ^VeroP",337308
338526,196813,Sat Oct 07 22:34:44 +0000 2017,Thank you @ATT for wasting 2 hours of my day. Your customer support is terrible and untrained. Don't advertise offers you can't provide.,338524,ATT,Sat Oct 07 22:44:24 +0000 2017,@196813 Hi There! We never want you upset. Can you DM us and let us know what service issue your having. We await your response. ^ WillP,338525
340147,197236,Sat Sep 30 19:03:04 +0000 2017,"@ATT btw, I am still waiting to speak with someone for 15 minutes for the second time today.",340145,ATT,Sat Sep 30 19:07:53 +0000 2017,@197236 Our apologies for the experience Su. Could you please DM us your account number? We await your reply. Thanks! ^KShanT,340146
341231,197529,Sun Oct 08 00:38:26 +0000 2017,mom got a call from her own # saying it @ATT asking for last 4 ssn- hung up &amp; called AT&amp;T who admitted #hacking any announcement @120330 @136084,341230,ATT,Sun Oct 08 00:42:23 +0000 2017,@197529 This is caller ID spoofing - find out more here: https://t.co/jasOJm9PCM,
341233,197530,Sun Oct 08 00:48:16 +0000 2017,@ATT That did not work in the twitter app. I think I will go with my original plan of calling the retention team on Monday.,341235,ATT,Sun Oct 08 03:23:28 +0000 2017,@197530 We would be more than willing to help here! You sure you don't want to try again with us on social media? We are dedicated! ^ErL,
341234,197530,Sun Oct 08 00:20:18 +0000 2017,@ATT Where can I dm you?,341232,ATT,Sun Oct 08 00:33:27 +0000 2017,"@197530 You can DM us by following our page, going to the 3 dot menu next to the following button, and select Direct Message ATT! ^MikeM",341233
341237,197530,Sat Oct 07 23:56:17 +0000 2017,"I’m infuriated with my @ATT service. Why do I pay so much a month to not get service in my house, in my town, and on my commute?",341236,ATT,Sun Oct 08 00:18:29 +0000 2017,@197530 We understand the irritation of not having service where you need it most! Please DM us with your phone number for help! ^MikeM,341234
345812,198300,Sun Oct 08 02:10:11 +0000 2017,Justice League costume Display at Time Square AT&amp;T Store! #justiceleague #AquaMan #WonderWoman… https://t.co/pJMTSWWMgp,345810,ATT,Sun Oct 08 02:59:49 +0000 2017,@198300 Are you nerding out as much as we are?! #JoinTheLeague https://t.co/m0u8OFAOb6,345811
345814,198301,Sat Oct 07 23:57:50 +0000 2017,.@ATT spent the day at my house. Tech said “not leaving til your internet is installed.” TY for spending your Saturday w/ me #ATTCares https://t.co/kCB0yUm8H9,345813,ATT,Sun Oct 08 02:40:32 +0000 2017,"@198301 Thanks for the shout out, Erica! We appreciate you. 💯",
346497,198480,Sat Oct 07 18:54:51 +0000 2017,RT ATT: We're in a justiceleaguewb state of mind. #JoinTheLeague now: https://t.co/zEytDRwTI7 https://t.co/p3HKTVtU4Q,346496,ATT,Sun Oct 08 03:34:04 +0000 2017,@198480 Thanks for channeling your inner super hero with us! #JoinTheLeague https://t.co/m0u8OFAOb6,
359477,201135,Sun Oct 08 17:00:19 +0000 2017,@ATT I am unable too DM for some reason,359481,ATT,Sun Oct 08 17:13:00 +0000 2017,@201135 We are working to help people of Puerto Rico rebuild from Hurricane Maria and Irma. To learn more: https://t.co/iT278JNqx5  ^WhitK,359482
359480,201135,Sun Oct 08 15:25:48 +0000 2017,"@188711 @ATT Not only that people need to reboot phones 
And areas don't have electricity so how are they going to get communication",359474,ATT,Sun Oct 08 15:54:30 +0000 2017,@201135 Hey @201135 We want to help you! Will you please send us a DM so we can further assist you? We are always here for you! ^WhitK,"359475,359476,359477,359478,359479"
361637,201647,Sun Oct 08 17:22:23 +0000 2017,"@ATT after 10 years of putting up with crap, i try to get away and now att is holding my phone hostage. #Unlockmypropertynow",361636,ATT,Sun Oct 08 17:43:00 +0000 2017,"@201647 Hey, Ricardo. We know not being able to unlock your phone may be an inconvenience. DM us details so we can look into helping!",
361639,189686,Sun Oct 08 17:08:02 +0000 2017,@ATT @117735 Hi! I’ve been having issues with my iPhone since doing the #ios11 and #ios1102. Are you all able to help in any way?,361638,ATT,Sun Oct 08 17:42:31 +0000 2017,@189686 We're here to help! Follow us and send a DM containing your phone number and brief detail of your phone's behavior. ^LarL,
361642,201648,Sun Oct 08 16:24:37 +0000 2017,@ATT why I’m not getting good service in my house... what’s going on here,361640,ATT,Sun Oct 08 17:23:24 +0000 2017,@201648 Hey Danyell! Are you still having issues with your service? DM us so we can help! ^OmarG,361641
361644,201649,Sat Oct 07 19:32:41 +0000 2017,This car! https://t.co/UvM2wFNKxS,361643,ATT,Sun Oct 08 17:22:00 +0000 2017,@201649 Hey… that looks JUST like the Batmobile  🤔 https://t.co/m0u8OFAOb6,
361647,201650,Sun Oct 08 17:09:10 +0000 2017,"Thanks to @ATT , I am subjected to only one NFL game at 1:00...Jets @ Browns. This is 1st world hell on Earth",361645,ATT,Sun Oct 08 17:18:36 +0000 2017,"@201650 Send us a DM and let us know how we can help enhance your NFL watch experience, we're here to get you in the game! ^PrisC",361646
361650,201651,Sat Oct 07 19:47:13 +0000 2017,This cool stuff #JusticeLeague and #at&amp;t https://t.co/OuJtrbvZbW,361648,ATT,Sun Oct 08 17:18:00 +0000 2017,@201651 We’re so happy you could #JoinTheLeague! What’s your #superpower?,361649
361652,201652,Sun Oct 08 03:05:45 +0000 2017,I was just taking pics w this yesterday lol https://t.co/1DiftA9ail,361651,ATT,Sun Oct 08 17:03:00 +0000 2017,@201652 Thanks for channeling your inner super hero with us! #JoinTheLeague https://t.co/m0u8OFAOb6,
362288,201825,Sun Oct 08 17:28:54 +0000 2017,@ATT where on your web site does it show upload speeds for ATT home fiber internet plans?,362287,ATT,Sun Oct 08 18:11:06 +0000 2017,"@201825 Hey Curt, keeping our you up to speed is what matters! You can check out the speed tiers here https://t.co/4Gu7S4PWEw. ^NicJ",
362290,201826,Sat Oct 07 16:30:07 +0000 2017,"ACTUAL COSTUMES worn by the #JusticeLeague cast in the AT&amp;T store. 😵
#DCEU #DCComics #Promotion… https://t.co/RTqtSUiyw0",362289,ATT,Sun Oct 08 18:09:53 +0000 2017,@201826 How cool! Glad you were there to #JoinTheLeague and share in the excitement! There’s more here https://t.co/m0u8OFAOb6,
362294,201827,Sun Oct 08 17:45:09 +0000 2017,"@ATT Only problem is 30 day cycles, after being a customer for several years I lose a day every cycle. So far you got 1 free months pay from me.",362291,ATT,Sun Oct 08 17:55:55 +0000 2017,"@201827 Oh no! Andrea please send us a DM with more details so we can get this resolved ASAP, we eagerly await your response! ^GageC","362292,362293"
362306,207812,Mon Oct 09 13:29:06 +0000 2017,@ATT I’m never leaving y’all att. I just had to let y’all know how much I love y’all.,387901,ATT,Mon Oct 09 13:45:55 +0000 2017,@207812 We are happy to hear how much you love us &amp; happy to have you apart of the AT&amp;T family! We love and appreciate you. ^ChristiM,387900
362308,322911,Mon Oct 09 14:38:54 +0000 2017,@ATT No compromises. No annual contracts. And NO service. Only from AT&amp;T,854318,ATT,Mon Oct 09 14:41:10 +0000 2017,"@322911 Good Morning Matisse, How can we assist you today?
DannyB",854319
362312,212579,Mon Oct 09 21:59:28 +0000 2017,"@ATT I have AT&amp;T prepaid, love it.",409258,ATT,Mon Oct 09 22:55:45 +0000 2017,@212579 We're glad to here you love our service! We appreciate you for choosing us. Let us know if you ever need assistance! ^PaigeR,
362322,292224,Fri Oct 13 23:03:37 +0000 2017,@ATT And you conveniently forgot...NO customer service...,939015,ATT,Fri Oct 13 23:14:00 +0000 2017,@292224 Hello there. We don't want you feeling this way about your request. We are here to help. Can you DM us your issue? ^WaleA.,
362324,354850,Sat Oct 14 01:49:40 +0000 2017,@ATT I have att. Service degraded.  Told by att rep that 2 towers taken down bc too expensive for &gt;100 customers. But no reduction in bill.,991405,ATT,Sat Oct 14 11:27:00 +0000 2017,"@354850 Hey Sheila! Thank you for reaching out, we appreciate your loyalty! Please send us a DM so we can further assist you.^CynthiaO",991406
362333,392458,Sun Oct 15 17:31:55 +0000 2017,@ATT can you beat your subsidiary cricket wireless prices?,1158206,ATT,Sun Oct 15 17:49:00 +0000 2017,@392458 Hello! We would love to assist you with your question!  This will guide you to your answer https://t.co/333cIczZCT? ^KylieL,
362336,407199,Wed Oct 25 14:27:24 +0000 2017,@ATT Unlimited prepaid?,1224212,ATT,Wed Oct 25 15:24:42 +0000 2017,"@407199 Hello, Magana! How can we be of assistance today? We would love to help. Please provide details of what you need help with. ^DevD",
362369,653731,Thu Oct 19 16:56:06 +0000 2017,@ATT I pay a huge bill every month and my signal is only one always. Why is that?,2242364,ATT,Thu Oct 19 17:00:01 +0000 2017,"@653731 Hi Joe. We regret to hear your signal is always at one, we want you to get the service you pay for. Can you DM us details? 
^QB",
362388,201832,Sun Oct 08 17:34:59 +0000 2017,Boom 💥 https://t.co/7g3rsSOtoj,362386,ATT,Sun Oct 08 17:53:00 +0000 2017,@201832 Keep calm + #JoinTheLeague. https://t.co/m0u8OFAOb6,362387
362391,201833,Sun Oct 08 17:22:39 +0000 2017,I absolutely hate being an @ATT customer on Sundays! #NFL,362389,ATT,Sun Oct 08 17:48:00 +0000 2017,"@201833 We want you to love being an AT&amp;T customer 7 days a week! DM us and let us know how we can help, we're standing by!^PrisC",362390
363974,202261,Sat Oct 07 14:36:01 +0000 2017,I was there when the bat mobile first got there https://t.co/xqpqRFnX8e,363973,ATT,Sun Oct 08 19:14:28 +0000 2017,@202261 No need for the bat signal – Matt is on the case! Thank you for stopping by! https://t.co/m0u8OFAOb6,
363976,202262,Sun Oct 08 19:05:46 +0000 2017,@ATT Thank you for your quick response,363975,ATT,Sun Oct 08 19:14:00 +0000 2017,"@202262 No problem, we are here if you have any other questions or concerns! ^VeroP",
363978,202262,Sun Oct 08 18:58:06 +0000 2017,@ATT hi I’m in unlimited plus plan. How can I use HBO???,363977,ATT,Sun Oct 08 19:05:00 +0000 2017,"@202262 Hello Mahesh, to learn more how to activate your HBO click on this link https://t.co/dMbwn58T8l, we hope this helps! ^VeroP",363976
363981,202263,Sat Oct 07 07:40:06 +0000 2017,Does anyone know how long the Justice League AT&amp;T store will be there?,363979,ATT,Sun Oct 08 19:02:14 +0000 2017,@202263 Today is the last day! #JoinTheLeague and visit https://t.co/m0u8OFAOb6,363980
365159,202501,Sun Oct 08 19:37:40 +0000 2017,"@202502 @ATT OMG - they even told me to ""relax""... I was until they told me that and then basically called me a liar when I had copies of chats!",365156,ATT,Sun Oct 08 19:42:34 +0000 2017,"@202501 Hello Monika,we don't want our customers to be called liars.What seems to be the issue?Send us a DM,we would like to help!^VeroP","365157,365158"
365168,202503,Sat Oct 07 03:31:18 +0000 2017,Guys I walked by this today omg https://t.co/9IMxh89mp5,365167,ATT,Sun Oct 08 19:22:57 +0000 2017,@202503 We can’t save the world alone. Thanks for joining us! #JoinTheLeague https://t.co/m0u8OFAOb6,
366878,202901,Sun Oct 08 20:11:17 +0000 2017,I'm so pissed with @ATT right now.  no internet for 2 weeks then have the nerve to give me shitty customer service too,366877,ATT,Sun Oct 08 20:36:27 +0000 2017,@202901 We hate to hear your internet has been down all week. DM us and we'll see what we can do to help. We hope to hear from you! ^EG,
366880,202902,Sun Oct 08 20:22:53 +0000 2017,@ATT There is no option to direct message you...,366879,ATT,Sun Oct 08 20:35:00 +0000 2017,"@202902 Could you please follow us, and send us a DM so that we can assist you with your DVR canceling issue? ^GarW",
366883,202902,Sun Oct 08 20:12:38 +0000 2017,@117735 @ATT its totally ridiculous that my landlord has to call in to cancel an extra DVR when the service is in my name.,366882,ATT,Sun Oct 08 20:18:00 +0000 2017,"@202902 Hi, there! We would love to try and help get that DVR situation figured out! Could you please DM us your acct #? ^GarW",366880
368687,203355,Sun Oct 08 21:09:09 +0000 2017,@ATT Bot 6 Game 3 Reverse strikes again! Lost Signal! #circleofdeath #crappyservice #wepayforthiscrap,368686,ATT,Sun Oct 08 21:16:26 +0000 2017,@203355 Thanks for reaching out to us! Have you considered the AT&amp;T Microcell? It's a mini cell tower! https://t.co/0fCV0UmbH3 ^MikeM,
369926,203638,Fri Nov 03 18:39:31 +0000 2017,"@ATT I already talked to your service people and yes, yes you are.",369928,ATT,Fri Nov 03 18:50:28 +0000 2017,@203638 We want to give you a better experience. Can you please provide us with your account number? Tweet us back for further assistance. ^EuniceT,369929
369927,203638,Thu Nov 02 19:52:16 +0000 2017,AT&amp;T are dirty liars. Told me they would change my bill amount to original amount then didnt now won't fix it. @ATT  #boycottATT,369925,ATT,Fri Nov 03 18:30:00 +0000 2017,"@203638 Hi, Bethany we want to show you we are not liars. Can you plz DM us your service type and acct #? Tweet us back so we can help you! ^EuniceT",369926
369929,203638,Fri Nov 03 19:15:34 +0000 2017,@ATT I spoke with 7 different people. Will you give me the money back I missed sitting home from work waiting 4the install guy that didn't come,369930,ATT,Fri Nov 03 19:23:40 +0000 2017,"@203638 We are happy to look into options for how we can make this right, Bethany! Please DM us your account number so we can try to help! ^ChrisB",
370273,203686,Mon Nov 20 20:56:57 +0000 2017,@ATT Lmao. I’ve done that too much already. Even called your support team and had no help at all. Just don’t sell my number bro,370272,ATT,Mon Nov 20 21:11:32 +0000 2017,"@203686 We completely understand, and appreciate you reaching out. We will be taking the necessary steps to protect your information and prevent this from happening in the future. Should you have further questions feel free to reach out. ^TFran",
370275,203686,Mon Nov 20 20:42:58 +0000 2017,"@ATT hey, I love your service but stop selling my phone number out to people",370274,ATT,Mon Nov 20 20:55:00 +0000 2017,"@203686 Hey, Peyton. We're glad to hear you're enjoying our service, but we want to make sure you feel secure at all times. Do you mind giving us a follow/DM with more details and your acct. # so we can better assist you? We look forward to hearing from you. ^TFran",370273
370277,203687,Fri Nov 17 18:38:07 +0000 2017,@ATT @117735 57 of those mins were on hold. the remaining were w/ a condescending rep. who gave no resolution beyond “send it back” https://t.co/yl0e8zvku9,370276,ATT,Mon Nov 20 20:44:00 +0000 2017,"@203687 HI There, we apologize for your long wait on hold and we want to resolve your concerns of fraud as quickly as possible. Can you DM us more details about whats going on so we can further assist you? Patiently waiting to assist you. ^PaigeB",
370279,203688,Mon Nov 20 20:44:51 +0000 2017,@ATT Surprised at the few options available without signing a 24m contract. I have receivers from 2009 and no upgrade option without a contract even though I'm paying $160 a month. Will also be looking at @115725 for my company's 30 mobile accounts as a result.,370281,ATT,Mon Nov 20 21:34:00 +0000 2017,"@203688 Hello, Brent! DM us with your account and best contact number. Also, may you clarify if your account is a business or personal account?  We'd be more than happy to assist you further. We're looking forward  to hearing back from you soon! Thanks. ^BrittB",
370280,203688,Mon Nov 20 19:18:24 +0000 2017,@117830 @ATT thought the customer service would improve with the merger; couldn't be more wrong. Couldn't be worse. Called for tech support and was pushed to sign new contract. Really wish I had an option to go back to @116136!!!,370278,ATT,Mon Nov 20 20:40:36 +0000 2017,"@203688 Our apologies, Brent! Do you still need assistance in regards to your tech concerns? We value you as a loyal customer and appreciate you reaching out with your customer service and tech concerns and want to turn things around. We'll be patiently awaiting your response! ^BrittB",370279
370283,203689,Fri Nov 17 15:08:04 +0000 2017,@203690 @ATT Just one,370282,ATT,Mon Nov 20 20:26:33 +0000 2017,@203689 We are definitely here to take a deeper look into your billing concern. Please DM us with your account number so we could investigate the best possible solutions for you. We look forward to your response. ^ShamW,
370287,203691,Mon Nov 20 17:14:24 +0000 2017,@ATT Thanks for the kind words. Doesn't seem that I'm able to DM you however.,370286,ATT,Mon Nov 20 19:53:49 +0000 2017,"@203691 Sorry about that! Go ahead and DM us now, we may have something for you #soccerEverywhere",
370289,203691,Sun Nov 19 21:16:47 +0000 2017,@203692 Do it for Lamar! https://t.co/mSpBLK12So,370288,ATT,Mon Nov 20 17:09:10 +0000 2017,"@203691 A true legend! We love your soccer passion, follow &amp; DM us, we may have something for you! #SoccerEverywhere",370287
370292,203693,Fri Nov 17 17:30:20 +0000 2017,@203694 @ATT Let’s just say I need a new phone battery 👀,370291,ATT,Mon Nov 20 19:28:24 +0000 2017,"@203693 Hi Mike, thanks for sharing the #ATTLove!",
370293,203694,Fri Nov 17 17:18:47 +0000 2017,@203693 @ATT What did they pay you,370294,ATT,Fri Nov 17 17:24:30 +0000 2017,@203694 Hello! Thanks for reaching out to us here! We are always here to assist you! Kindly send us a Direct Message of your concern or inquiry today. Looking forward to hearing from you. ^YS Social Media Specialist.,
370328,203702,Sun Oct 08 21:18:43 +0000 2017,@117735 @ATT You have been charging my elderly dad for service that he cancelled in July! Just racking up charges on his cc! Outrageous.,370326,ATT,Sun Oct 08 21:53:35 +0000 2017,"@203702 Lisa, please DM us with more details and his account # so we can resolve this ASAP. We eagerly await your response! ^GageC",370327
371809,204074,Sun Oct 08 22:50:25 +0000 2017,@ATT how do I do a live chat to get help on unlocking my account that I haven’t actually made yet?,371808,ATT,Sun Oct 08 22:53:50 +0000 2017,"@204074 Kristen, thank you for reaching out! We would be more than happy to help! Please send us a DM with more details! ^ErnL",
371811,136532,Sun Oct 08 22:26:29 +0000 2017,OMG just got @ATT bill &amp; was so scared to open it bc of all the data we used last month due to Irma. We weren't charged for it 😭 #iloveatt 😍,371810,ATT,Sun Oct 08 22:46:00 +0000 2017,"@136532 We've got nothing but love for our wonderful customers, Evie! If you ever need anything, reach out to us on social media! ^MikeM",
371814,204075,Sun Oct 08 22:06:25 +0000 2017,@ATT @115858 why are you promoting shoplifting in your new ad?,371812,ATT,Sun Oct 08 22:31:34 +0000 2017,"@204075 Hello there, thank you for contacting us. Can you please better explain the advertisement and the concerns? DM us. ^MonF",371813
373943,204631,Mon Oct 09 00:00:38 +0000 2017,.@ATT has a new unlimited carrier pigeon plan. Same price with the same speeds. But at least you get a new pet,373942,ATT,Mon Oct 09 00:21:01 +0000 2017,@204631 We are sad to hear that you only have 1 bar. We can help. Troubleshoot here: https://t.co/xsCevWSrs7  ^michr,
375048,204931,Mon Oct 09 00:52:56 +0000 2017,@att when are you going to send me my box to return my old modem to you?!,375047,ATT,Mon Oct 09 01:12:32 +0000 2017,@204931 Visit this site for steps on how to return old modem to your local UPS: https://t.co/bFmpt9nCE1 ^michr,
376560,205329,Mon Oct 09 01:29:17 +0000 2017,@ATT Need this service out in the small towns..,376559,ATT,Mon Oct 09 02:43:32 +0000 2017,"@205329 Thanks for reaching out, Roy! We are doing everything we can to bring service all over the US. DM us if you need any help! ^MikeM",
377929,205680,Mon Oct 09 03:30:04 +0000 2017,Awesome Statues!! https://t.co/lIvUzdnxzg,377928,ATT,Mon Oct 09 04:06:27 +0000 2017,@205680 Who’s your favorite hero? #Batman #WonderWoman #TheFlash #Aquaman #Cyborg  #JoinTheLeague https://t.co/m0u8OFAOb6,
378655,205863,Mon Oct 09 01:41:31 +0000 2017,"Why every time I need to download something @115955 slows down to a crawl I’ll never know. I hope @ATT builds out the newly announced Gigabit in my area, I’d ghost Spectrum faster than Swayze",378654,ATT,Mon Oct 09 05:19:53 +0000 2017,"@205863 Hey, Jorge. We will be happy to have you join our great family. Please DM us to discuss internet package options available.",
385286,207226,Mon Oct 09 12:55:33 +0000 2017,"@ATT Service stops working throughout the day and in my neighborhood, the only speed you have is the least you offer.",385288,ATT,Mon Oct 09 14:57:29 +0000 2017,"@207226 Have you tried troubleshooting? If not, this will do the trick: https://t.co/IarvkmwaOg We have your back. ^MeciS",
385287,207226,Mon Oct 09 04:28:32 +0000 2017,Hey @ATT your DSL wifi is beyond horrible in my neighborhood. Customers deserve a working service &amp; promised @126768 when we signed on!!,385285,ATT,Mon Oct 09 11:48:00 +0000 2017,"@207226 Good morning , we'll be happy to help with your DSL wifi. For better assistance, could you provide us with more details? ^DreB",385286
385290,207227,Tue Oct 10 00:50:02 +0000 2017,"@ATT So I can leave roaming on, cellular on, and I’ll be a-ok?",385292,ATT,Tue Oct 10 01:34:32 +0000 2017,"@207227 Hello Antonia, visit this link to learn the difference on international roaming &amp; long distance at https://t.co/RHUCVKul5r  ^MonF",
385291,207227,Mon Oct 09 03:34:31 +0000 2017,"@ATT @117735 - if I've signed up for the Int'l Day Pass, is there any additional setup or app I need to download?",385289,ATT,Mon Oct 09 11:42:00 +0000 2017,"@207227 Hey Antonia! Nope ,there is no additional setup nor app that you need to download. Once you sign up your good to go. ^NeshaB",385290
385294,207228,Mon Oct 09 04:11:37 +0000 2017,@ATT can you explain why my router continues to shut off on its own?,385293,ATT,Mon Oct 09 11:40:00 +0000 2017,@207228 Allow us to take a deeper look into this concern! Please send us a private DM so we can proceed thanks. ^Kj,
387069,207628,Sat Oct 07 13:20:22 +0000 2017,@ATT why is reaching your small business support team harder than trouble shooting our own issues?,387068,ATT,Mon Oct 09 13:14:27 +0000 2017,@207628 We are here...let us know how we can help.  Thanks Carmine,
387071,207629,Mon Oct 09 13:04:47 +0000 2017,"@126511 @ATT @117735 Hey @138069 you should take a look at this... I confirmed it with the @ATT chat, I'll be billed ~$21 more for my apple watch after fees.",387070,ATT,Mon Oct 09 13:11:00 +0000 2017,"@207629 Hi, John! We never want you to pay more than what you agreed to. DM us your mobile number. We want to take a look for you! ^DanC",
387891,207811,Mon Oct 09 05:04:43 +0000 2017,Did you join up in @184586 ?! @ATT @119777 @186798 @127555 https://t.co/SigS0fVfWC,387889,ATT,Mon Oct 09 13:57:26 +0000 2017,@207811 We can't save the world alone. Thanks for channeling your inner super hero with us! #JoinTheLeague https://t.co/m0u8OFAOb6,387890
387900,207812,Mon Oct 09 13:47:16 +0000 2017,@ATT Gimme hug. https://t.co/tU6B9BnNHj,387898,ATT,Mon Oct 09 13:52:00 +0000 2017,"@207812 We love it! If you need any further assistance, please dont hesitate to send us a Direct Message. We are here for you! ^ChristiM",387899
387904,207813,Tue Oct 03 17:21:30 +0000 2017,@ATT @117735 contacted cust support via phone and chat who stated that they will reschedule due to uverse issue in my area #fail #noupdate,387903,ATT,Mon Oct 09 13:37:28 +0000 2017,"@207813 We are sorry to hear of the issues. We are happy to look into this for us, please follow/dm your acct information. ^BrandonP",
388777,207994,Fri Oct 06 02:53:43 +0000 2017,So cool! #entERtainment ❤ https://t.co/CtBXl3XaI6,388775,ATT,Mon Oct 09 14:12:00 +0000 2017,@207994 #JusticeLeague is recruiting! #JoinTheLeague and visit https://t.co/m0u8OFjcMw,388776
389584,208220,Mon Oct 09 14:53:45 +0000 2017,"@ATT  im a customer of att from 2006, and i have never been disgusted by your service, i have been calling to resolve a billing issue.",389583,ATT,Mon Oct 09 14:59:00 +0000 2017,"@208220 Hello, VJ! It would be our pleasure to shed light on your billing issues. Please DM us your the details of your issue. ^EdwinE",
389587,208221,Mon Oct 09 13:50:15 +0000 2017,@ATT  if you could surprise us with some signal in fajardo sometime later today I'd love you. I'm leaving this place soon 😭😭😭,389585,ATT,Mon Oct 09 14:30:43 +0000 2017,"@208221 Hi, Emil! We can help you here. Could you please DM us your zip code. We have your back. ^MeciS",389586
390320,208403,Mon Oct 09 15:12:16 +0000 2017,"Woke up to #SantaRosaFire, no cable, couldn't tether phone. @att rep who upgraded our plan didn't tell us that. You listening, @117735?",390319,ATT,Mon Oct 09 15:27:06 +0000 2017,"@208403 You're loud and clear, Jon! Follow us and send us a DM containing your account number so that we may adequately assist you. ^LarL",
391085,208600,Mon Oct 09 17:21:45 +0000 2017,@ATT Ha! We've been trying to get this resolved since March. The problem IS NOT on my side. Check your files for @83536  @83537,391087,ATT,Mon Oct 09 17:33:13 +0000 2017,"@208600 Good afternoon, Mindi! Allow us to further assist you. Kindly DM us with your account details. We're on stand by! ^NSmart",
391086,208600,Mon Oct 09 14:43:30 +0000 2017,@ATT @117735 that's .67 download and .01 upload. really.,391084,ATT,Mon Oct 09 15:53:01 +0000 2017,@208600 Hi Mindi! Let's optimize your internet speeds: https://t.co/PkxqpwohE6 Let us know how well this works. Thank you. ^Ga.S,391085
392071,208839,Mon Oct 09 16:25:22 +0000 2017,@att @117735 you hide the fine print when people are going through disasters? #HurricaneHarvey #falsehope,392070,ATT,Mon Oct 09 16:28:00 +0000 2017,@208839 Tina. we can help with your overage charges here. Kindly DM us your phone number for additional assistance. We are here for you.,
392073,208840,Mon Oct 09 16:13:30 +0000 2017,"@ATT no service for almost  amonth in PR, hope I would not be charge.",392072,ATT,Mon Oct 09 16:21:00 +0000 2017,"@208840 Hi, Petra. We hate to hear your service is down. Can you DM us your account # to further assist you? Thanks! ^MarthaM",
392075,208841,Mon Oct 09 16:16:23 +0000 2017,@ATT I already called in and took care of this. Thanks though.,392077,ATT,Mon Oct 09 16:34:31 +0000 2017,@208841 Great! We're happy to hear you issue was resolved. Thank you for being apart of the AT&amp;T family. We appreciate you!  ^ErinJ,392078
392076,208841,Tue Oct 03 18:33:05 +0000 2017,@117830 is awful since @ATT merger. I can add channels via chat but must call to cancel them? #betterthancableisnotgood,392074,ATT,Mon Oct 09 16:07:40 +0000 2017,@208841 Hello Ryan! We would be happy to assist you in canceling your channels here. Please DM us your acct number. Thanks! ^ErinJ,392075
392081,208843,Mon Oct 09 15:51:29 +0000 2017,@ATT and that every single customer service rep i’ve spoken to has out right hung up on me instead of answering questions,392079,ATT,Mon Oct 09 16:02:01 +0000 2017,@208843 We never want our customers to be treated that way. DM us more info so that we can look into getting you that iPhone.^KO,392080
392085,208844,Fri Oct 06 07:41:12 +0000 2017,Bruce Wayne's waynemobile https://t.co/MW9WMDqs6i,392083,ATT,Mon Oct 09 16:01:34 +0000 2017,@208844 Sweet ride! Are you nerding out as much as we are?! #JoinTheLeague https://t.co/m0u8OFAOb6,392084
392088,208845,Sat Oct 07 20:01:03 +0000 2017,"If the crowd at PP doesn't give you goosebumps, see a doctor.

#RCTID
#BAONPDX",392086,ATT,Mon Oct 09 16:00:12 +0000 2017,"@208845 Such an amazing atmosphere, we love your soccer passion! Follow and DM us, we may have something for you! #SoccerEverywhere",392087
394826,209552,Mon Oct 09 17:44:16 +0000 2017,@ATT I knew I should have stopped paying bills when The Donald hit us with that “You’ll see” comment..... https://t.co/11o5gL5BbI,394825,ATT,Mon Oct 09 17:54:26 +0000 2017,@209552 We do apologize for the service interruption. We are working to get your service restored. Thanks for your patience!^ErinJ,
394830,209553,Mon Oct 09 17:40:49 +0000 2017,Say @ATT y'all some hoes for this overcharging on my new @126768 acct. y'all don't think ppl pay attention 😤,394829,ATT,Mon Oct 09 17:47:04 +0000 2017,@209553 We hate to hear that you are being overcharged. Can you DM us so we may better assist you? ^BrandonM,
399806,210526,Fri Oct 06 14:42:28 +0000 2017,#att  shop #Timesquare actual costumes #JusticeLeague #nycc #photoops VR skip the line passes if you have att!! https://t.co/9bcvmh0uih,399805,ATT,Mon Oct 09 18:59:32 +0000 2017,"@210526 We’re geeking out, too! #JoinTheLeague https://t.co/m0u8OFAOb6",
399809,210527,Mon Oct 09 17:57:38 +0000 2017,"@ATT is there an outage in bristol,VT?",399807,ATT,Mon Oct 09 18:52:25 +0000 2017,@210527 Hi Chris! We can help you! We'd love to assist you! DM us your account number! We will research this! Speak to you soon!^DanaS,399808
399811,210528,Fri Oct 06 13:23:29 +0000 2017,Don't miss the #batmobile in #timessquare with #justiceleague swag at AT&amp;T this wkend. #comicon2017 https://t.co/CRNBkdQFaQ,399810,ATT,Mon Oct 09 18:37:28 +0000 2017,"@210528 •It’s not a bird, it’s not a plane, but literally IS the Batmobile! So glad you could get a pic! https://t.co/m0u8OFAOb6",
400771,210794,Mon Oct 09 17:35:38 +0000 2017,@ATT Can you could confirm if the new Google Pixel 2 &amp; Pixel 2XL will work on your network? Asking for some friends. TIA. #Android #Pixel2,400770,ATT,Mon Oct 09 19:16:28 +0000 2017,@210794 Thank you for reaching out to us! Could you DM us if the device has a sim port and being ported from another network? ^JaCS,
400774,210795,Mon Oct 09 19:00:36 +0000 2017,.@ATT any updates on the outage in Florida?  No home phone or internet service here,400772,ATT,Mon Oct 09 19:14:34 +0000 2017,@210795 We hate to hear that your having issues with the service in your area! Dm us your account number? Let's get this resolved ^JaredA,400773
402142,211118,Mon Oct 09 19:41:28 +0000 2017,@Att cell and Internet down in Humboldt. All ok here. Will let you all know when we are back up and running.,402140,ATT,Mon Oct 09 19:55:00 +0000 2017,"@211118 Hello Chris, anything we can do to help? Please DM outage details so we can rapidly assist you! We are awaiting your reply! ^TalyaM",402141
402144,211119,Mon Oct 09 19:41:23 +0000 2017,Soooooooo can i have my service back @ATT,402143,ATT,Mon Oct 09 19:47:32 +0000 2017,"@211119 Hey there, Jen! Can you DM us details of what's going on with your service so we can properly assist you? Thanks! ^MarthaM",
402147,211120,Mon Oct 09 19:20:33 +0000 2017,Thank you @ATT for making my internet slower when I went over my data. #LTE what is that?,402146,ATT,Mon Oct 09 19:35:27 +0000 2017,"@211120 Thanks for reaching out about the decrease in your data speed, Elias! Dm us more details on your concerns! Love to help! ^JewelR",
402964,211346,Mon Oct 09 20:14:53 +0000 2017,@ATT I have tried to submit a request more than 10x and to no avail. Representatives have told me it’s @ATT’s error &amp; nothing done. Outrageous!!,402963,ATT,Mon Oct 09 20:28:31 +0000 2017,@211346 A good way to get the ball rolling on unlocking your device is at https://t.co/j2s3WDYrW8.(eligibility requirements)^ErinJ,
402966,211346,Mon Oct 09 20:40:03 +0000 2017,@ATT Hello Tina.. I went on that site and as mentioned.. STILL UNABLE to unlock even though I meet all requirements. #annoyed,403977,ATT,Mon Oct 09 20:50:32 +0000 2017,"@211346 Please DM us your wireless number, so we may properly assist you in unlocking your wireless device. Thanks! ^ErinJ","403978,403979"
402967,211346,Mon Oct 09 19:24:10 +0000 2017,Leaving @ATT's service because of their inability to resolve my issue. I just need to unlock my old device!!,402965,ATT,Mon Oct 09 19:57:01 +0000 2017,"@211346 Hi Sharee, allow us to turn this around! Discover more about unlocking your device here: https://t.co/EQA4BBOwaS . ^TinaT","402966,402964"
402970,211347,Mon Oct 09 20:40:38 +0000 2017,@ATT I went to a store and got a new SIM. Thanks though,402972,ATT,Mon Oct 09 20:43:32 +0000 2017,@211347 We're glad to hear you got your problem resolved. Thanks for reaching out. We are always available via social media. ^RenaB,
402971,211347,Mon Oct 09 20:15:31 +0000 2017,"I call @ATT customer care to get my phone as modem working, and instead they kill my service. Now I have to go to store? My luck. 😡😡😡",402969,ATT,Mon Oct 09 20:21:37 +0000 2017,@211347 Allow us to properly assist you. DM us more details for further assistance with your wireless. We hope to hear back soon. ^RenaB,402970
402974,211348,Mon Oct 09 20:08:20 +0000 2017,@att phone service is boof!! Gahdamn what am I paying y’all for ?,402973,ATT,Mon Oct 09 20:17:01 +0000 2017,"@211348 We're saddened to hear you feel this way about us, please DM us your acc # so we can further assist the issue, thanks! ^GageC",
402976,211349,Mon Oct 09 19:17:11 +0000 2017,@ATT is there some kind of service disruption in Melbourne FL? The cell service is terrible on LTE and our uverse Internet is awful,402975,ATT,Mon Oct 09 20:04:30 +0000 2017,"@211349 Hi, Jordan! We see no confirmed network disruptions in your area. Please send us a DM with your account information. ^AyaM",
402979,126736,Mon Oct 09 19:42:35 +0000 2017,@ATT are you open today,402977,ATT,Mon Oct 09 20:00:01 +0000 2017,@126736 Hi Erin! We're here and ready to assist! Please DM us with what we can help you with today?  We await your response. ^CourtC,402978
403981,211625,Mon Oct 09 20:37:10 +0000 2017,@ATT thanks for ruining my upgrade some kind of error on your end and no call back or email i have to wait three days.,403980,ATT,Mon Oct 09 20:41:25 +0000 2017,"@211625 Hi, David! We're sad to hear that your upgrade didn't go as planned. DM us details so we can assist you. Thanks! -MarthaM",
403983,211626,Mon Oct 09 20:30:19 +0000 2017,"@ATT when can I get the gigapower, I got a note saying there were working on my area and my back yard, but no luck and saying its available",403982,ATT,Mon Oct 09 20:39:25 +0000 2017,@211626 We know you're eager to get gigapower. We can help. Can you please dm your address so that we can check availability?^MichR,
406541,211888,Mon Oct 09 20:38:26 +0000 2017,@att when is the deal up on the Cowboys stadium? I know you don’t support the comments made by Jerry Jones or do you?,406540,ATT,Mon Oct 09 21:24:52 +0000 2017,"@211888 Hi, Juan. Thank you for contacting us today. Can you DM us details of deal you will like us to look into for you today? ^WaleA.",
406543,211889,Wed Oct 04 14:38:00 +0000 2017,Was looking forward to switching everything to @ATT tech got here and diff. services than what I agreed at that price. Thanks for nothing!,406542,ATT,Mon Oct 09 21:23:00 +0000 2017,@211889 We'd like to help - please DM us with more info so we can investigate. ^FredrickC,
407380,212107,Mon Oct 09 21:46:41 +0000 2017,Why is @ATT fiber such a disaster? We switched in August and are still dealing with people trying to bury the line. 🤷🏼‍♀️ #howlongdoesittake,407379,ATT,Mon Oct 09 21:52:43 +0000 2017,"@212107 Hi, Ashleigh. Let's check the status of your unburied line. Could you DM us your account number? We're here to help. ^JamesV",
407382,212108,Thu Oct 05 14:46:40 +0000 2017,@ATT I replied via DM and have not heard anything back,407381,ATT,Mon Oct 09 21:44:32 +0000 2017,@212108 We see that you were told to dm about your experience. We are here to help. We don't show a dm. Please send again. ^Michr,
407384,212108,Wed Sep 27 21:10:07 +0000 2017,@117830 and @att why did you lie to me and tell me that id be able to watch the @1638 @166956 @19180 with your service?,407383,ATT,Wed Sep 27 21:22:25 +0000 2017,@212108 Hi. Could you send us a DM and let us know what's up with watching your teams? We're here to help. ^JamesV,407382
407386,212109,Mon Oct 09 20:37:26 +0000 2017,When @ATT just doesn’t show up to install my internet. No phone call. No email. Two hours of work wasted.,407385,ATT,Mon Oct 09 21:43:58 +0000 2017,"@212109 Tomas, we appreciate you reaching out about your missed installation.DM us your acct number and what services you have.^TinaT",
407388,212110,Mon Oct 09 20:44:22 +0000 2017,"@ATT Are you having an outrage in Woodward, Ok?",407387,ATT,Mon Oct 09 21:38:57 +0000 2017,@212110 Hi Mikeena! Thanks for tweeting us. Please DM the service you're having disruptions with. We're looking forward to helping. ^EG,
407390,212111,Mon Oct 09 21:01:59 +0000 2017,@ATT so Direct TV came over my neighbors to install new service on their home and the technician screwed up all of my services on my end😡😡😡,407389,ATT,Mon Oct 09 21:37:00 +0000 2017,"@212111 Hello Claudia, we understand your U-verse internet and telephone has no service. Please DM us more details to the issue. ^MonF",
407394,129088,Mon Oct 09 20:48:07 +0000 2017,@ATT So I went to @83579 a good deal BUT @ATT is holding my main phone hostage for 2 DAYS!! 2nd phone wants my to login to locked acct!!,407391,ATT,Mon Oct 09 21:34:01 +0000 2017,@129088 here to help! Learn how to unlock your 2nd phone : https://t.co/07Fvw3VDnh . Please DM us with any additional concerns. ^TinaT,"407392,407393"
408409,212352,Mon Oct 09 21:49:50 +0000 2017,@ATT Count the days. Still no signal. Thanks from all PR,408408,ATT,Mon Oct 09 22:11:28 +0000 2017,"@212352 Hey Xiomara,we value your patience during this trying time.We are working on restoring service as quickly as possible. ^JaCS",
408419,212353,Mon Oct 09 22:54:25 +0000 2017,@ATT We have 2 homes w DTV 5 phones and been customer over 20 years this isn't acceptable,408423,ATT,Tue Oct 10 00:14:00 +0000 2017,@212353 Can you DM so we can give you more details. May you DM us your acct # and service address? ^WillP,408424
408422,212353,Mon Oct 09 21:37:38 +0000 2017,@ATT been waiting for 3 days for my install .... completely unprofessional.,408416,ATT,Mon Oct 09 22:01:33 +0000 2017,@212353 Hi Montrice! We know waiting can sometimes be frustrating. We would like to apologize for the three day wait. ^ WillP,"408417,408418,408419,408420,408421"
409256,212578,Mon Oct 09 22:30:40 +0000 2017,AT&amp;T has the worst customer service. @ATT Get it together!,409255,ATT,Mon Oct 09 22:55:45 +0000 2017,@212578 Hi Daniel! Can you DM us and let us know what service issues your having? We would love to help you. ^WillP,
409260,212580,Mon Oct 09 22:38:06 +0000 2017,"@ATT  Terrible customer service at the Iowa St. location in Lawrence, KS.",409259,ATT,Mon Oct 09 22:50:38 +0000 2017,@212580 We're not fond of our customers being dissatisfied when they pay us a visit! DM us for enlightenment on your experience! ^JewelR,
409262,212581,Mon Oct 09 01:28:45 +0000 2017,Big shout out to peter from @ATT that via chat helped me getting my new phone 🙌🏼 you the man and y’all the best!! Thanks so much 👍🏼😘❤️,409261,ATT,Mon Oct 09 22:33:54 +0000 2017,@212581 We're glad Peter provided above and beyond customer service!,
409264,212582,Tue Oct 03 19:12:14 +0000 2017,Being skipped over in line for white customers is exhausting. Do better white people @att #racialfatigue #microaggressions,409263,ATT,Mon Oct 09 22:31:53 +0000 2017,"@212582 We are sorry to hear that. Please DM us with information about the incident, including the store, date and time.",
410029,212798,Mon Oct 09 22:50:45 +0000 2017,"@ATT Biggest rip-off of a company. Charged me 38% in taxes and fees on a PPV. Seriously? 38%? All I get when I call, we can't do anything.",410027,ATT,Mon Oct 09 23:05:30 +0000 2017,"@212798 PPV charges can be a pain, Bonnie! Let us look into that for you. Follow us and send a DM containing your account number. ^LarL",410028
411008,213027,Mon Oct 02 20:30:11 +0000 2017,@167571 fans! I'm giving away a signed jersey and some awesome soccer scarves thanks to @ATT Retweet for a chance to win! https://t.co/qjoR3iJKcr,411007,ATT,Mon Oct 09 23:54:26 +0000 2017,@213027 @167571 @19294 Congrats! You have been picked to win a soccer scarf and signed @213027 jersey! Please follow and DM us your email address,
411008,213027,Mon Oct 02 20:30:11 +0000 2017,@167571 fans! I'm giving away a signed jersey and some awesome soccer scarves thanks to @ATT Retweet for a chance to win! https://t.co/qjoR3iJKcr,411009,ATT,Tue Oct 10 00:16:57 +0000 2017,@213027 @167571 @213229 Congrats! You have been picked to win a soccer scarf and signed @213027 jersey! Please follow and DM us your email address,411759
411008,213027,Mon Oct 02 20:30:11 +0000 2017,@167571 fans! I'm giving away a signed jersey and some awesome soccer scarves thanks to @ATT Retweet for a chance to win! https://t.co/qjoR3iJKcr,411013,ATT,Mon Oct 09 23:47:19 +0000 2017,@213027 @167571 @189396 Congratulations! You have been selected to win a @167571 scarf! Please follow and DM us your email address,
411008,213027,Mon Oct 02 20:30:11 +0000 2017,@167571 fans! I'm giving away a signed jersey and some awesome soccer scarves thanks to @ATT Retweet for a chance to win! https://t.co/qjoR3iJKcr,411014,ATT,Mon Oct 09 23:53:16 +0000 2017,@213027 @167571 @83266 Congratulations! You have been selected to win a @167571 scarf! Please follow and DM us your email address,
411008,213027,Mon Oct 02 20:30:11 +0000 2017,@167571 fans! I'm giving away a signed jersey and some awesome soccer scarves thanks to @ATT Retweet for a chance to win! https://t.co/qjoR3iJKcr,411015,ATT,Tue Oct 10 00:15:45 +0000 2017,@213027 @167571 @83271 Congratulations! You have been selected to win a @167571 scarf! Please follow and DM us your email address,
411008,213027,Mon Oct 02 20:30:11 +0000 2017,@167571 fans! I'm giving away a signed jersey and some awesome soccer scarves thanks to @ATT Retweet for a chance to win! https://t.co/qjoR3iJKcr,411016,ATT,Mon Oct 09 23:45:15 +0000 2017,@213027 @167571 @615578 Congratulations! You have been selected to win a @167571 scarf! Please follow and DM us your email address,
411008,213027,Mon Oct 02 20:30:11 +0000 2017,@167571 fans! I'm giving away a signed jersey and some awesome soccer scarves thanks to @ATT Retweet for a chance to win! https://t.co/qjoR3iJKcr,411017,ATT,Mon Oct 09 23:43:55 +0000 2017,@213027 @167571 @83616 Congratulations! You have been selected to win a @167571 scarf! Please follow and DM us your email address,
411008,213027,Mon Oct 02 20:30:11 +0000 2017,@167571 fans! I'm giving away a signed jersey and some awesome soccer scarves thanks to @ATT Retweet for a chance to win! https://t.co/qjoR3iJKcr,411018,ATT,Mon Oct 09 23:51:48 +0000 2017,@213027 @167571 @750048 Congratulations! You have been selected to win a @167571 scarf! Please follow and DM us your email address,
411008,213027,Mon Oct 02 20:30:11 +0000 2017,@167571 fans! I'm giving away a signed jersey and some awesome soccer scarves thanks to @ATT Retweet for a chance to win! https://t.co/qjoR3iJKcr,411012,ATT,Tue Oct 10 00:09:45 +0000 2017,@213027 @167571 @38915 Congratulations! You have been selected to win a @167571 scarf! Please follow and DM us your email address,
411008,213027,Mon Oct 02 20:30:11 +0000 2017,@167571 fans! I'm giving away a signed jersey and some awesome soccer scarves thanks to @ATT Retweet for a chance to win! https://t.co/qjoR3iJKcr,411010,ATT,Mon Oct 09 23:48:13 +0000 2017,@213027 @167571 @329269 Congratulations! You have been selected to win a @167571 scarf! Please follow and DM us your email address,
411008,213027,Mon Oct 02 20:30:11 +0000 2017,@167571 fans! I'm giving away a signed jersey and some awesome soccer scarves thanks to @ATT Retweet for a chance to win! https://t.co/qjoR3iJKcr,411011,ATT,Mon Oct 09 23:46:27 +0000 2017,@213027 @167571 @38884 Congratulations! You have been selected to win a @167571 scarf! Please follow and DM us your email address,
411021,213028,Mon Oct 09 23:44:56 +0000 2017,Had a horrible experience dealing with @ATT @117735 this weekend. Got the huge run around,411019,ATT,Mon Oct 09 23:54:00 +0000 2017,@213028 Hi. We'd love to turn this experience around. Can you fill us in through a DM? We're here to help. ^JamesV,411020
411023,123688,Mon Oct 09 23:42:23 +0000 2017,@ATT I can't send you DM's.,411025,ATT,Tue Oct 10 00:26:01 +0000 2017,@123688 Here is a link that will assist you on knowing to Direct Message us for further assistance: https://t.co/pnHOMeQ9NM.  ^ArlaF.,
411024,123688,Mon Oct 09 23:15:25 +0000 2017,@ATT are u gonna fix the antennas in PUERTO RICO or do I change your company for a better one????????,411022,ATT,Mon Oct 09 23:39:44 +0000 2017,@123688 Thanks for reaching out to us in regards to your services not being available! Please DM us for further assistance. ^ArlaF.,411023
411027,213029,Mon Oct 09 23:37:22 +0000 2017,@ATT @213030 @213027 @167571 Trying to dm you but I can't.,411026,ATT,Mon Oct 09 23:39:13 +0000 2017,@213029 Our apologies -- go ahead and DM us again now!,
411029,213030,Mon Sep 25 16:10:50 +0000 2017,"Because you know I'm a giver...

RETWEET this to win a signed @213027 #USMNT jersey and a limited edition @ATT scarf! #SoccerEverywhere https://t.co/rFDk3UGlQs",411030,ATT,Mon Oct 09 23:41:13 +0000 2017,@213030 @213027 @612994 Congratulations! You have been selected to win a @167571 scarf! Please follow and DM us your email address,2072505
411029,213030,Mon Sep 25 16:10:50 +0000 2017,"Because you know I'm a giver...

RETWEET this to win a signed @213027 #USMNT jersey and a limited edition @ATT scarf! #SoccerEverywhere https://t.co/rFDk3UGlQs",411031,ATT,Mon Oct 09 23:25:35 +0000 2017,@213030 @213027 @615523 Congratulations! You have been selected to win a @167571 scarf! Please follow and DM us your email address,2081401
411029,213030,Mon Sep 25 16:10:50 +0000 2017,"Because you know I'm a giver...

RETWEET this to win a signed @213027 #USMNT jersey and a limited edition @ATT scarf! #SoccerEverywhere https://t.co/rFDk3UGlQs",411032,ATT,Mon Oct 09 23:29:17 +0000 2017,@213030 @213027 @615531  Congratulations! You have been selected to win a @167571 scarf! Please follow and DM us your email address,2081417
411029,213030,Mon Sep 25 16:10:50 +0000 2017,"Because you know I'm a giver...

RETWEET this to win a signed @213027 #USMNT jersey and a limited edition @ATT scarf! #SoccerEverywhere https://t.co/rFDk3UGlQs",411033,ATT,Mon Oct 09 23:37:53 +0000 2017,@213030 @213027 @615556 Congratulations! You have been selected to win a @167571 scarf! Please follow and DM us your email address,2081501
411029,213030,Mon Sep 25 16:10:50 +0000 2017,"Because you know I'm a giver...

RETWEET this to win a signed @213027 #USMNT jersey and a limited edition @ATT scarf! #SoccerEverywhere https://t.co/rFDk3UGlQs",411034,ATT,Mon Oct 09 23:31:59 +0000 2017,@213030 @213027 @83613 Congratulations! You have been selected to win a @167571 scarf! Please follow and DM us your email address,
411029,213030,Mon Sep 25 16:10:50 +0000 2017,"Because you know I'm a giver...

RETWEET this to win a signed @213027 #USMNT jersey and a limited edition @ATT scarf! #SoccerEverywhere https://t.co/rFDk3UGlQs",411035,ATT,Mon Oct 09 23:35:45 +0000 2017,@213030 @213027 @83614 Congratulations! You have been selected to win a @167571 scarf! Please follow and DM us your email address,
411029,213030,Mon Sep 25 16:10:50 +0000 2017,"Because you know I'm a giver...

RETWEET this to win a signed @213027 #USMNT jersey and a limited edition @ATT scarf! #SoccerEverywhere https://t.co/rFDk3UGlQs",411028,ATT,Mon Oct 09 23:34:38 +0000 2017,@213030 @213027 @213029 Congratulations! You have been selected to win a @167571 scarf! Please follow and DM us your email address,411027
411816,ATT,Wed Oct 04 18:00:01 +0000 2017,.@167571 fans! Retweet for a chance to win a ⚽ scarf or a signed @213027 jersey! #SoccerEverywhere #sweeps https://t.co/NcA7Bo0ru9 https://t.co/GUkvyM8xkA,411814,ATT,Tue Oct 10 00:00:25 +0000 2017,@167571 @213027 @213238 Congratulations! You have been selected to win a @167571 scarf! Please follow and DM us your email address,411815
411828,213239,Mon Oct 09 21:58:05 +0000 2017,"Seriously, what the hell, I though @ATT was supposed to at least DECENT customer service. What did I even switch to you guys for? @117735",411827,ATT,Tue Oct 10 00:28:02 +0000 2017,@213239 Hi Jesse! We aim to yield the best customer service. In a DM please provide us the details of your concern. Thanks. ^Ga.S,
41341,125061,Wed Nov 01 12:09:13 +0000 2017,@125062 @ATT They’ll take their money when they ship. First transaction was a hold charge to make sure you have the funds for the phone,41340,ATT,Wed Nov 01 15:21:03 +0000 2017,"@125061 Hi there, you're correct. To learn more about pre-order transactions you can view i t here: https://t.co/0UQUc7UgR9. Thanks!",
413438,213672,Mon Oct 09 16:26:23 +0000 2017,.@ATT Why pay for an extra number if my @1647 Gear cant keep synced? Randomly disconnects w/no notice even though site shows them paired.,413437,ATT,Tue Oct 10 01:15:00 +0000 2017,@213672 Can I please have you DM me so I may provide my contact info in a secure setting?  ^OliviaC,
417218,214545,Tue Oct 10 03:15:21 +0000 2017,@ATT Can't DM you.  Adding $23/mo to my existing bill for an iPhone is crazy (especially with &gt; 1 line).  Bring back 2 yr contracts.,417216,ATT,Tue Oct 10 03:25:44 +0000 2017,@214545 Hi Matt. We would love to assist you. Please do send us a DM with more details so we can look into your concern. ^AyomideO,417217
417220,214545,Mon Oct 09 23:23:25 +0000 2017,I just can't justify adding $23/mo/line to my @ATT bill to upgrade devices.  Anyone still offer 2 yr contracts?,417219,ATT,Mon Oct 09 23:56:49 +0000 2017,"@214545 Hello Matt, affordable plan pricing is important! Please DM us details so that we may assist you! We're here to help^TalyaM",417218
419334,215008,Tue Oct 10 00:12:41 +0000 2017,Greetings @ATT are you charging data overages for customers in Puerto Rico? There’s literally no access to WiFi in my area...,419333,ATT,Tue Oct 10 05:14:24 +0000 2017,@215008 Hi Edwin. We don't want to charge customers for service that they do not have access to. DM us your phone number so we can help.^KO,
419336,215009,Tue Oct 10 00:27:40 +0000 2017,@ATT @117830 Got transferred... #NotSurprised,419335,ATT,Tue Oct 10 05:04:33 +0000 2017,"@215009 Hi, Dave. We'd love to clear up your bill. Could you DM us the service type and other details? We're here to help. ^JamesV",
419339,215010,Tue Oct 10 00:06:48 +0000 2017,@ATT epic customer service fail. I've been dealing w/ 3 kinds of customer care for 6 hours. Epic epic fail.,419338,ATT,Tue Oct 10 05:02:00 +0000 2017,@215010 Hi Angela. We understand your frustration. Do let us help. DM us with details so we can get this fixed for you ASAP. ^AyomideO,
419792,215092,Tue Oct 10 00:33:07 +0000 2017,Ever since @ATT bought @117830 I feel like the customer service has taken a dip. Automated loopholes so frustrating!,419791,ATT,Tue Oct 10 05:37:26 +0000 2017,"@215092 Hi, Sam. What's going on with your DirecTV? Send us a DM and let us know what's going on and how we can help. ^JamesV",
426037,216335,Tue Oct 10 01:21:26 +0000 2017,"So I call @ATT  about my @126768 tv, our 7 boxes have been pixeling and they say “we can credit 50 on 230$ bill” for 1 month #terrible #att",426036,ATT,Tue Oct 10 11:58:04 +0000 2017,"@216335 Ouch, Christian! We want to get to the bottom of why you've been experiencing pixelation. May you please DM us? ^MarkaylaE",
426564,216455,Tue Oct 10 12:52:38 +0000 2017,"@ATT I’m being harassed, as you can see in the screenshots, and I’d like to receive a credit as a courtesy for the fee to change my number.",426566,ATT,Tue Oct 10 13:07:00 +0000 2017,"@216455 Could you dm us the phone number to further assist the issue. Thanks!
DannyB",426567
426565,216455,Tue Oct 10 05:23:07 +0000 2017,@ATT @117735 And just make the entire situation worse by making them pay because they’re being bothered CONSTANTLY,426563,ATT,Tue Oct 10 12:29:31 +0000 2017,"@216455 Good Morning, How can we assist you today?
DannyB",426564
426567,216455,Tue Oct 10 23:23:42 +0000 2017,@ATT You have YET to contact me,426568,ATT,Thu Oct 12 20:18:58 +0000 2017,@216455 Please call our account receivable department at 866-821-1125 to address your billing concern. ^TonyL,
426574,216456,Tue Oct 10 03:34:44 +0000 2017,"@ATT what is the estimated time for restoration of service in Arcata, CA?",426573,ATT,Tue Oct 10 12:21:10 +0000 2017,"@216456 Good Morning, Could you dm us the account number so we can further assist the issue. Thanks!
DannyB",
426576,216457,Tue Oct 10 03:08:46 +0000 2017,@ATT You have to love being a customer for years and never get your internet to run without constant latency issues. #terribleinternet,426575,ATT,Tue Oct 10 12:20:34 +0000 2017,"@216457 Hi, Cody! We want to have nothing but super fast internet for our loyal customers. DM us more info. We want to help! ^DanC",
426578,163404,Tue Oct 10 15:55:08 +0000 2017,@ATT Sure did.. nothing there.,426580,ATT,Tue Oct 10 16:52:37 +0000 2017,"@163404 Can you send us a DM including your email address and account number, so we  can take a further look in to this.^NicJ","426581,426582"
426579,163404,Tue Oct 10 02:26:08 +0000 2017,@ATT May I ask why? When in Live Chat it gives the option to add your email for a copy - so why was I never sent a copy? 🤔,426577,ATT,Tue Oct 10 12:11:39 +0000 2017,"@163404 Hi, Caroline. We want to help you get you a copy. Did you check your spam folder in your inbox? Let us know in DM. ^DanC",426578
426584,163404,Wed Oct 04 18:33:14 +0000 2017,@216458 @ATT So far no answers yet.... 🙄 lol,426583,ATT,Wed Oct 04 21:08:28 +0000 2017,@163404 I am sorry but we are not able to provide these. ^Social Media Manager,426579
426586,216459,Tue Oct 10 16:39:03 +0000 2017,@ATT You need to be following me in order for me to DM you. But I bet you already knew that.,426588,ATT,Wed Oct 11 18:55:27 +0000 2017,"@216459 Hey Jaycee. If you could please follow us and send us a DM, we would be able to better address your concerns. ^KeishaB",
426587,216459,Tue Oct 10 01:08:22 +0000 2017,Thanks to @ATT U-verse I missed the Cubs game and I’m missing the Bears game. All because of under-trainee technicians.good one there,426585,ATT,Tue Oct 10 12:07:11 +0000 2017,"@216459 Jaycee, can you send more details on the situation though a DM? We would love to help resolve your service disruptions! ^AntB",426586
427235,216616,Tue Oct 10 03:33:12 +0000 2017,@ATT why do I only have 1 bar of service at the #Yankees stadium when your an official sponsor? Lmk,427234,ATT,Tue Oct 10 12:55:00 +0000 2017,"@216616 We apologize for this delay, Ryan! We ask that you DM us for further assistance. We want to get your serv needs met! ^AkilahS",
427239,216617,Tue Oct 10 04:17:56 +0000 2017,My girlfriend jus got @ATT cell service &amp; freaked bc she can talk/text at same time I had Att since Cingular I was like 👍🏾,427237,ATT,Tue Oct 10 12:50:25 +0000 2017,@216617 Please send us a private message so we can further assist you. ^Kj,427238
427241,161085,Tue Oct 10 07:55:58 +0000 2017,@Ask_Spectrum in an outage now and there's been several (10+) service interruptions since the switch. Looking into @ATT,427240,ATT,Tue Oct 10 12:46:34 +0000 2017,@161085 We would love to add you to our growing family Allie! Could you please Dm us so we may better assist you? ^BrandonM,
427243,216618,Tue Oct 10 05:31:32 +0000 2017,Hey @ATT anyway I could get some cell service back anytime soon in Cranberry Township PA???? That’d be great thanks.,427242,ATT,Tue Oct 10 12:45:11 +0000 2017,@216618 We are aware of the outage in the PA Counties. We are working diligently to resolve inactive service as soon as possible. ^NicJ,
427245,216619,Tue Oct 10 15:32:32 +0000 2017,@ATT At which handle? It won’t let me DM you,427247,ATT,Tue Oct 10 15:40:00 +0000 2017,@216619 You would have to follow us for you to DM any account information We await your response Cameron! ^BrandonM,427248
427246,216619,Tue Oct 10 04:37:59 +0000 2017,"@ATT Since I have a grandfathered unlimited plan, does that mean my only option for upgrade is paying full price?",427244,ATT,Tue Oct 10 12:44:27 +0000 2017,"@216619 Hi, Cameron! We'd love to see if your upgrade will be full price under your grandfathered plan. DM us your mobile number! ^DanC",427245
427251,216620,Tue Oct 10 02:53:54 +0000 2017,@ATT any tips on how to get my new wifi hookup to work more consistently? Box 6ft at most from my TV and streaming keeps cutting in and out,427250,ATT,Tue Oct 10 12:39:01 +0000 2017,"@216620 Hey Mike, thanks for reaching out to us! We would love to help please DM us.^CynthiaO",
427253,216621,Tue Oct 10 01:23:01 +0000 2017,Has @ATT @117735 been having issues today with their wireless? Cause my phone been JUNK almost all day..,427252,ATT,Tue Oct 10 12:38:28 +0000 2017,"@216621 Good Morning, Natasha! DM us with your concerns. We'd love you help you! ^Dmya https://t.co/7m6RT3Hk4n",
427255,118492,Tue Oct 10 05:25:59 +0000 2017,@ATT I’m having very irritating issues with my uverse. Is this a problem you’re having as a whole? Everything here is connected.,427254,ATT,Tue Oct 10 12:34:00 +0000 2017,@118492 We would love to help you resolve all your U-Verse issues! Can you please DM us so we may better assist you? ^BrandonM,
428066,216798,Tue Oct 10 12:55:24 +0000 2017,"@ATT not a customer, but there is an above ground ATT fiber optic cable in my yard. It's been there since Feb/March...when is it going to get buried? It's a pain to move it everytime I cut the grass.",428064,ATT,Tue Oct 10 13:17:00 +0000 2017,@216798 We'd like to help! Can you send us a DM with more information to further assist you? We await your response! ^AbayomiO,428065
428905,217016,Thu Oct 05 12:43:40 +0000 2017,@117735 @ATT STILL has not refunded my money they wrongfully took in August and then mailed the refund check to the wrong address. 👎🏾,428904,ATT,Tue Oct 10 13:44:30 +0000 2017,"@217016 Hi Neil - we'd like to look into this for you. Please DM us your contact info, account number and address. Thank you.",
428907,193083,Tue Oct 10 12:50:52 +0000 2017,@ATT Oh &amp; then the rollover expires after 1 billing cycle.Maybe if they didn't expire 4 a bit then it would help. Every aspect of it benefits YOU,428906,ATT,Tue Oct 10 13:42:01 +0000 2017,"@193083 Hi, Arleen. We'd like to see what options we might have available! Please send us a DM so we can further assist you thanks. ^Kj",
428908,193083,Tue Oct 10 12:47:59 +0000 2017,@ATT So I either have to pay $15 every time I go over OR spend another $35 to get 25 gigs. Your policy doesn't help at all SMH,428909,ATT,Wed Oct 11 18:38:00 +0000 2017,@193083 May I request you direct message for me to continue . Thank you GeorgiaJ,756761
429824,217229,Tue Oct 10 14:08:21 +0000 2017,@ATT They're refusing to add data. I've been a long time customer. With no issues till the last 3 months and not one CSR told me to turn off data,429826,ATT,Tue Oct 10 14:34:28 +0000 2017,"@217229 Hi Gee! We are sorry to hear that, would it be possible if we can have your account number and phone to resolve this? NikkiM",429827
429825,217229,Tue Oct 10 13:47:01 +0000 2017,@ATT why not tell customers. If you don't turn off your mobile data while on why WiFi it still uses your data. And the refuse help?,429823,ATT,Tue Oct 10 14:03:41 +0000 2017,@217229 Hi ! Sorry to hear that with Wifi and mobile data https://t.co/I2a99DUlA7 here is a link to help you with Wifi/phone Nikkim,429824
431043,217496,Tue Oct 10 14:01:22 +0000 2017,@ATT Gordon Mansfield: Street lights are becoming technology hubs but not likely a one-size-fits-all approach will work. #Hetnetexpo2017,431042,ATT,Tue Oct 10 14:39:44 +0000 2017,"@217496 Hello, we are always here for you! Please provide some details of your concerns so we know how to assist you.^NicJ",
431046,217497,Tue Oct 10 13:49:36 +0000 2017,@ATT your LTE is SLOW AF. I need anger management now. Thanks a lot.,431045,ATT,Tue Oct 10 14:34:00 +0000 2017,@217497 Hi Maya! What seems to be the service issues your having can you explain this to us through a DM we here to help. ^WillP,
431883,142752,Tue Oct 10 15:30:02 +0000 2017,"@TMobileHelp @ATT is a pain to deal with. I love my phone and its in perfect shape/I own it, but am very unhappy w/their service/prices and fees.",431886,ATT,Tue Oct 10 15:45:19 +0000 2017,"@142752 Hello! We are here to help! DM us your phone number,and account number! We look forward to helping you update your plan!^DanaS",
432245,217808,Tue Oct 10 15:16:35 +0000 2017,@ATT customer service is useless. All I want to know if if my new address has their service.,432244,ATT,Tue Oct 10 15:22:32 +0000 2017,"@217808 Hi Ali, check for services available in your area here https://t.co/bJWSlAF8wy  Let us know if you need more help! ^PaigeR",
432247,217809,Tue Oct 10 15:12:29 +0000 2017,@ATT is such a joke how hard is it to call and transfer service been transferred 2 times and on hold now for 10 min,432246,ATT,Tue Oct 10 15:15:54 +0000 2017,@217809 Here's a link for transferring services https://t.co/ZlUfpgHrKg Let us know if you need any other help! ^ShamW,
432250,217810,Tue Oct 10 14:17:53 +0000 2017,"GUYS RED ALERT 🚨 

NEW #LWYMMDVideo BTS VIDEOS ON #TaylorSwiftNOW https://t.co/RpadMf6FWj",432248,ATT,Tue Oct 10 15:11:15 +0000 2017,@217810 We think you're going to love it! #TaylorSwiftNOW https://t.co/aFXfhIzgfl,432249
434275,218197,Tue Oct 10 15:03:57 +0000 2017,Waking up to 2 new #TaylorSwiftNOW videos omg,434274,ATT,Tue Oct 10 15:59:48 +0000 2017,@218197 Now that's the start of a TAY-rrific Tuesday - enjoy! 😍 #TaylorSwiftNOW,
434277,218198,Tue Oct 10 15:49:00 +0000 2017,On the phone 45 minutes with @att. Spoke to 6 CSRs and no resolution. So long DeathStar! Hello @218199.,434276,ATT,Tue Oct 10 15:52:40 +0000 2017,@218198 Please allow us to help! No wait time here! Can you DM us what concerns you're having? We want to resolve this for you today! ^BriT,
434280,218200,Tue Oct 10 15:07:21 +0000 2017,I HATE @ATT !!!!!! how do you open an account on my credit for equipment I have already returned?!,434278,ATT,Tue Oct 10 15:37:31 +0000 2017,@218200 Oh no! That's not what we like to hear. We would be happy to investigate! DM us your acct # and we can take a look! ^KylieL,434279
434282,218201,Tue Oct 10 15:06:19 +0000 2017,"@119777 @ATT Aaaaahhhhh so much awesomeness ,it hurts.",434281,ATT,Tue Oct 10 15:33:00 +0000 2017,"@218201 Ultimate squad goals. #JoinTheLeague, Simon. https://t.co/m0u8OFAOb6",
434295,217809,Tue Oct 10 15:26:43 +0000 2017,@ATT and getting transferred again where’s the #officeofthepresident when u need them,434294,ATT,Tue Oct 10 15:30:30 +0000 2017,@217809 DM us with your account number and service type. We're more than happy to assist. Look forward to your response. ^ShamW,
435573,218468,Tue Oct 10 16:23:37 +0000 2017,2/2 should let consumers know @ATT @117735 is aware of their shitty customer service &amp; their loyalty line is just as bad! #attdoesNOTcare,435572,ATT,Tue Oct 10 16:30:39 +0000 2017,"@218468 We want to help! Send us a DM of your concern so we can show you how much we care, we're eager to hear back from you. ^PrisC",
435575,218468,Tue Oct 10 17:32:07 +0000 2017,@ATT @117735 I’ve also sent over my contact info so I’m waiting a phone call/email! get off twitter and actually provide service to your customers!,624586,ATT,Tue Oct 10 17:55:00 +0000 2017,"@218468 We know you're frustrated, we want to make things right! DM us your account number so we can help, we're standing by!^PrisC",
435580,218469,Tue Oct 10 16:13:44 +0000 2017,"Gotta love the 2nd @ATT call today for an account we cancelled. It happens every day, and every call lowers the chance of coming back",435578,ATT,Tue Oct 10 16:25:00 +0000 2017,@218469 We apologize for the inconvenience.  Here's a link that you can examine to stop calls.  https://t.co/ZUysQRjUcj.  ^TwaC,435579
437698,218951,Wed Oct 04 20:18:58 +0000 2017,@ATT y'all really be scamming people and i'm very upset right now.,437697,ATT,Tue Oct 10 17:36:35 +0000 2017,"@218951 Ty, we don't like to hear that! What seems to be going on? Please DM us more details.",
437719,218952,Tue Oct 10 15:03:00 +0000 2017,@218976 @218977 @ATT Google Authenticator is great. Anything that doesn’t use your phone.,437699,ATT,Tue Oct 10 17:28:00 +0000 2017,@218952 I am so sorry you are having issues porting a number! Please DM me your account number so i may help further. ^GabrielA,"437700,437701,437702,437703,437704,437705,437706,437707,437708,437709,437710,437711,437712,437713,437714,437715,437716,437717,437718"
437739,218978,Tue Oct 10 17:15:18 +0000 2017,@ATT @117735 are you having service issues in the 33332 zip code area? I don't have service.,437738,ATT,Tue Oct 10 17:27:00 +0000 2017,"@218978 Ramon, let's take a look at your area! Please DM us details on what you're experiencing. Talk to you soon! ^KeeD",
437741,119627,Wed Oct 11 01:27:24 +0000 2017,@ATT Please help after 9 calls most of them lied to me! @117830 were the worst ever Since U bought them out their customer service sucks!,437743,ATT,Wed Oct 11 01:32:00 +0000 2017,@119627 We hear you loud and clear! We'd be delighted to help however we can! Please DM us with any and all of your AT&amp;T concerns. ^MikeM,
437742,119627,Tue Oct 10 17:17:18 +0000 2017,@ATT After the 5th phone call attempting to load the Att app on my iPhone 7 I gave up on your customer service:-(,437740,ATT,Tue Oct 10 17:21:31 +0000 2017,"@119627 Good afternoon! The social media team would love to turn this around for you, can you DM us details of how we can help? ^JalG",437741
442106,219827,Fri Oct 13 18:11:12 +0000 2017,"@ATT Thank you ATT for doing this! I missed the tickets this week, but I will try next week!",442105,ATT,Fri Oct 13 18:22:38 +0000 2017,"@219827 Hi, Pamela! We are glad to offer these tickets! We will see you next week! ^EdwinE",
442108,363735,Thu Oct 12 17:33:17 +0000 2017,@ATT how about you fix the internet speeds so i can actually view the photo you’ve posted instead of a blank image :) that would be a thanks,1030150,ATT,Thu Oct 12 18:03:29 +0000 2017,"@363735 Hi, Bryan! Internet lag can be such a drag! Our team would love to help! PM us your account number and details. ^ChasH",
442114,219828,Fri Oct 13 17:59:26 +0000 2017,"@ATT serious question, how is it possible that your cellular service could be so bad 20 miles out from the downtown of a metro area?",442113,ATT,Fri Oct 13 18:16:00 +0000 2017,"@219828 Phil, in order to better answer your question, pls DM us your cell # with details of specific problems you are having. ^PegN",
442116,219829,Fri Oct 13 17:11:28 +0000 2017,".@219830, @ATT, and I took it to the next level with this one. #ATTAthlete #SoccerEverywhere #trickshot #soccer #freestyle https://t.co/L4HHvksTIy",442115,ATT,Fri Oct 13 18:11:32 +0000 2017,@219829 Awesome shot! Talk about squad GOALS. 😎⚽️ #SoccerEverywhere,
442119,219831,Fri Oct 06 20:13:45 +0000 2017,Dear @att my whole day has been wasted waiting on an instillation person to come and now waiting on them to finish. Please do better,442118,ATT,Fri Oct 13 18:10:00 +0000 2017,"@219831 Our apologies for the your installation delay, Denise! Doing better is certainly our top priority! Next to your happiness! ^ChasH",
451812,222156,Wed Nov 29 22:37:43 +0000 2017,"Dear @ATT 
I’ve always been a fan of yours until recently. Most of your customers can’t have a phone conversation without the calls dropping every few minutes!!! 
Please put up a new tower in the Comanche, Erath and Hamilton area. 
Thanks, 
Frustrated in #TX",451811,ATT,Thu Nov 30 20:28:31 +0000 2017,"@222156 Hey! I understand you can your having service issues, Here is a link for us to chat in a private setting. https://t.co/GUsaRcey0l Or you may call me. You can reach me at  877-929-5551 Ext 149101. I am in the office Sunday-Thursday from 12PM-9PM CST. ^JeffH",
451814,222157,Thu Nov 30 18:51:14 +0000 2017,"@117735 Gracias me sirvió la ayuda, mejoro el audio, ahora como consejo deberían modificar el formato de los subtitulos de @33460 ya que se pierden en fondos claros, quizás agregando un borde más grueso o una sombra más lejana, una vez más gracias. https://t.co/oRrWNBv8gJ",451813,ATT,Thu Nov 30 19:34:00 +0000 2017,"@222157 Me alegra escuchar que tu problema de audio ha sido resuelto! Además, apreciamos sus comentarios y siempre estamos buscando formas de mejorar. Si tiene otros problemas en el futuro, tendremos el honor de ayudarlo. ^JaquellaL",
451818,222158,Thu Nov 30 18:33:20 +0000 2017,"@115990 Wow, that was fast!  Radio silence from @ATT  over there... I actually am already a FIOS customer, but have two wireless accounts to change over, and have extended family (about 8 accounts) that would switch with us!",451817,ATT,Thu Nov 30 19:07:33 +0000 2017,"@222158 Good afternoon, Jay! We truly appreciate you for being a loyal customer. Customer satisfaction is a top priority for our company. And we would like the opportunity to turn your experience around. DM us your account number, to better assist you. We're here to help! ^AsiaC",
451820,222158,Thu Nov 30 18:20:43 +0000 2017,"Hey @115725, @ATT  doesn't care about my decade of loyalty.  Want some new customers?  PS, just got married, about to extend that family!",451821,ATT,Thu Nov 30 19:05:00 +0000 2017,"@222158 Good afternoon, Jay! We truly appreciate you for being a loyal customer for such a long time. Customer satisfaction is a top priority for our company. We would like the opportunity to turn your experience around. DM us and let us know what's going on. We're here to help! ^AsiaC",
451823,139031,Thu Nov 30 18:38:02 +0000 2017,@ATT looking into switching from @116136 I have questions about your service?,451822,ATT,Thu Nov 30 18:45:28 +0000 2017,"@139031 Hi, Gary! How may we assist you today? We'll be waiting to hear back from you. ^BrianaB",
459877,224276,Fri Dec 01 00:55:00 +0000 2017,@ATT my order was placed a month ago; still “in progress” status....... frustrating,459876,ATT,Fri Dec 01 01:44:00 +0000 2017,"@224276 We're sorry to hear that your order is still processing, Hector. Please DM us with the primary account number and a good contact number so we can investigate this for you and see what the hold up is. The social media team is here to help! ^JasF",
459879,224277,Fri Dec 01 01:16:49 +0000 2017,Great evening at The Joule Hotel with @21265 @21266 @21267 #paveitforward https://t.co/GiPnehXfeS,459878,ATT,Fri Dec 01 01:26:22 +0000 2017,"@224277 @21265 @21266 @21267 Thanks for the pic, Joni! 👍We hope you enjoy the rest of the night.",
459881,224278,Fri Dec 01 00:23:48 +0000 2017,Thanks @117070 @ATT @3730 @3146 for including @224278's Lisa Rose in the conversation tonight! #paveitforward,459880,ATT,Fri Dec 01 00:38:46 +0000 2017,@224278 You're welcome! 👋,
459883,224279,Fri Dec 01 00:14:24 +0000 2017,3rd annual #PaveItForward Executive Leadership Event!  @117070 @Att @3146 @3730 https://t.co/OM3e3I7DfY,459882,ATT,Fri Dec 01 00:30:00 +0000 2017,"@224279 @117070 @3146 @3730 Thanks for joining us, Theron!",
459885,224280,Thu Nov 30 08:40:06 +0000 2017,@194615 @ATT SMH.  How about finding 4 $25.00 unauthorized purchases on your credit card from iTunes and being disconnected from their consumer complaint chat line FOUR times when you try to report it🤬 (and I’m not even the swearing type) LOL,459884,ATT,Thu Nov 30 23:55:56 +0000 2017,@224280 Oh no! It disheartens us to hear that you've been charged 4 times without authorization. We deeply apologize for the inconvenience. Send us back a DM and confirm your account number and what services you have with us for further assistance. We hope to hear back from you! ^NSmart,
459891,155699,Thu Nov 30 23:41:48 +0000 2017,At the @att @117070 #PaveItForward Executive event at @21268 rooftop. No surprise the bar is a popular place. https://t.co/cUftZC9NPK https://t.co/qQCbNWvmPm,459890,ATT,Thu Nov 30 23:47:39 +0000 2017,"@155699 @117070 @21268 Looks like you're having a great time, Mike. Enjoy! 👍",
459893,224281,Thu Nov 30 23:12:12 +0000 2017,3rd annual #PaveItForward event! Great event about to get started on inclusive leadership.  #lifeatatt https://t.co/kyilqFILRL,459892,ATT,Thu Nov 30 23:44:05 +0000 2017,"@224281 We hope you enjoy the event, Sara! 😃#PaveitForward",
46327,126283,Wed Nov 01 03:25:05 +0000 2017,@ATT any @118062 merch you're giving out? Lol Trick or Treat! 🕸🕷❤️🙏🏼,46326,ATT,Wed Nov 01 16:24:30 +0000 2017,"@126283 Joey, here's the latest on what we've got up our sleeve - coming soon on 11/13: https://t.co/emXplX8gjo  #TaylorSwiftNOW",
466580,226035,Fri Dec 01 01:51:31 +0000 2017,WTF @ATT @117735 sit down to watch @10392 &amp; every 3 minutes the TV freezes! Funny when it’s time for commercials there’s no freeze up. Your service truly leaves something 2B desired. #disappointment #nfl #football #service Always the same answer too! We’ll send somebody out.,466579,ATT,Fri Dec 01 03:12:30 +0000 2017,"@226035 @10392 Hello Greg, it saddens us to hear that your service is freezing up. Please give us a chance to further investigate that for you. In order to look further into your service issue, please verify what service your concern is with. We are patiently awaiting your response.^NeceyJ",
466582,226036,Fri Dec 01 21:48:39 +0000 2017,"@ATT Yes the ap was from AT&amp;T, at no point in the download or installation was an activation fee mentioned, wouldn't have been a surprise if it had been.   I will only send my # and acct# in a direct message",466584,ATT,Sat Dec 02 02:36:33 +0000 2017,@226036 We understand how you feel about getting billed for an App you believe to be free. Its quite upsetting to have to pay for what one has not plan for. Please DM your account and contact number so we can look at available options to get your bill reduced. We await your reply.^WaleA.,
466583,226036,Fri Dec 01 01:24:19 +0000 2017,@ATT Your customer service line is anything but helpful.  Chat ap also completely useless.  I guess having my business since 1998 and my paltry payment of $180/mo doesn't get me very far.  Maybe Verizon would appreciate my business,466581,ATT,Fri Dec 01 03:05:26 +0000 2017,"@226036 Hi, Alex! We value your loyalty to us. We're sorry to hear that your bill went up and you were charged a fee. The app that you download was it from AT&amp;T? Did you agree to any charges?  Please reply with your account and phone number and we will investigate. ^TyroneP",466582
466588,226037,Fri Dec 01 00:55:52 +0000 2017,Getting ready for jingle ball tomorrow night by watching all of @118062 videos on AT&amp;T now! Taylor is the queen of my heart!!!,466587,ATT,Fri Dec 01 02:38:29 +0000 2017,"@226037 You and us both, Amanda! 😍 Enjoy every minute of #TaylorSwiftNOW",
466590,226038,Fri Dec 01 01:27:31 +0000 2017,"@ATT For the past several weeks, my internet &amp; u-verse have been at 3rd-world levels. But, AT&amp;T is getting a nice tax break, &amp; a pass on consumer protection laws, so I guess I'll just have to suck it up. #ATT #attsucks",466589,ATT,Fri Dec 01 02:32:00 +0000 2017,@226038 Hello! We understand you're having issues with Uverse. We want to help. Please send us a dm for your account number and contact information and we'll be happy to investigate any event. Thanks for being a part of AT&amp;T! ^TyroneP,
466592,226039,Fri Dec 01 01:31:06 +0000 2017,"Just had the worst experience with @ATT iPhone 8 at @116062.  People did their best, but activation system(s) were terrible.  Don't recommend buying an iPhone at @116062.",466591,ATT,Fri Dec 01 02:26:00 +0000 2017,"@226039 Helle, Steve! We're sorry to hear your experience with AT&amp;T and our partners hasn't been pleasant. Please dm us your account number and contact info so we can help you with any issues you might have. Thanks for reaching out and Welcome to the family! ^TyroneP",
466595,226040,Fri Dec 01 01:22:51 +0000 2017,"@ATT why did you charge for service i could not even receive?
Unethical corporate behavior at it'sfinest..
#disappointedATT #ATT #neverATT",466594,ATT,Fri Dec 01 01:48:33 +0000 2017,"@226040 Hello, Douglas. We know how important budgeting is to you and won't want to see you pay for services you have not ordered. We are here to help you into your billing issues for you. Can you please DM us details of your billing issues? We await your reply. ^WaleA.",
471298,226035,Fri Dec 01 04:14:40 +0000 2017,"I am going to have to look into ending a one-sided relationship with @ATT fed up with having to use data at home instead of WiFi, my TV freezing every 5 minutes, LITERALLY!!! It’s pathetic! #NFL @143798 #dallas #washington #Cowboys #RedskinsvsCowboys #missing #retweet",471297,ATT,Fri Dec 01 06:41:52 +0000 2017,"@226035 Hello, Greg. We understand how important having a good internet service is to you. We hate to see you go through this kind of experience with your Uverse internet. We are here to help you. Can you please DM us your account and contact number? We hope to hear from you soon.^WaleA.",
471300,227216,Fri Dec 01 03:24:23 +0000 2017,"@ATT If I didnt know better I'd think this was just a ploy to keep nickel and diming us for crappy, overpriced routers.

Actually, not too farfetched.",471299,ATT,Fri Dec 01 06:14:25 +0000 2017,@227216 Hello there! We regret to hear that your router is not functioning as expected. Please don't let this bother you. We are her to help you. Can you please send us a DM with the details of the issue with your router as well as you account number and contact? ^WaleA.,
486032,230624,Fri Dec 01 13:20:45 +0000 2017,"@ATT Your iPhone X order process is horrid. I ordered on launch day, and my order status (ship date unspecified) has never been updated. Yet I can walk into any @127271 &amp; several @115858 stores and buy one today with NO waiting. Really poor reward for your customers. #badservice",486031,ATT,Fri Dec 01 15:29:00 +0000 2017,"@230624 Hello Preston, thank you for contacting us. We understand how frustrating it is to have to wait over a month for the iPhone X.  We value you as a customer and want to help locate your order. Follow/DM us your account and tracking numbers. We look forward to your reply. ^TynM",
486034,230625,Fri Dec 01 15:05:25 +0000 2017,@ATT Did that 3 days ago and have had no response,486033,ATT,Fri Dec 01 15:16:00 +0000 2017,"@230625 Today is a new day, we really want to assist you but it is hard without any information. Please send us more details so that we can resolve your issue in a speedy manner!^AdaD",
486035,230625,Fri Dec 01 14:47:04 +0000 2017,@ATT.              I need help,486036,ATT,Fri Dec 01 14:50:09 +0000 2017,"@230625 Hey there, Tim! We would love to assist you today. Please send us a DM regarding what you need assistance with. We look forward in speaking with you!^ADaD",
486038,230626,Fri Dec 01 06:08:26 +0000 2017,"I'm onto you @ATT. Build your web login to deliberately hang so that I give up and download your app just to pay, maybe even finally setup auto pay so we never have to interact again. ""We're almost there!""",486037,ATT,Fri Dec 01 13:20:28 +0000 2017,"@230626 Yikes, John! This doesn't sound good. We hate to hear that you've been having some trouble with our web login portal. We never want you to feel as if we are trying to coerce you into using our app; we like to give you options. Feel free to DM us. We'd love to help! ^MarkaylaE",
48651,126841,Wed Nov 22 22:03:11 +0000 2017,@ATT The @att account doesn’t follow me so it won’t let me DM you,48653,ATT,Wed Nov 22 22:41:27 +0000 2017,"@126841 We apologize for that Blake, you should be able to DM now. We are eager for your reply. ^RickeyY",
48652,126841,Wed Nov 22 21:44:08 +0000 2017,"@126842 @ATT Yep, I will say, iPhone X, totally worth it!",48650,ATT,Wed Nov 22 21:51:00 +0000 2017,"@126841 Hello Blake, we thank you for reaching out to us.  We will be delighted to assist you. Please DM the service that you have and let us know how we may assist you. That iPhone X is awesome! We thank you for your patience. ^RickeyY",48651
497559,233734,Fri Dec 01 17:47:19 +0000 2017,After 2 HOURS on hold/phone with @ATT I am now getting cable for $29 a month. Problem solved? Not really but if this is the only solution I’ll live.,497558,ATT,Fri Dec 01 17:56:01 +0000 2017,"@233734 Thanks Jessi, for responding back to us, we are happy to know that something was worked out for you and you are satisfied, we value you as a loyal customer and we appreciate your feedback, please feel free to connect with us at anytime, we are here for you. ^PaigeB",
497561,233735,Fri Dec 01 03:21:30 +0000 2017,@ATT And why does no one over there give a shit...,497562,ATT,Sat Dec 02 17:41:00 +0000 2017,"@233735 Hey, Danny! I didn't hear back from you yesterday and wanted to reach out again letting you know we are still here to work with you! Please send me a DM if you are still in need of assistance. Have a great day! ^NicoleH",
497561,233735,Fri Dec 01 03:21:30 +0000 2017,@ATT And why does no one over there give a shit...,497560,ATT,Fri Dec 01 17:32:00 +0000 2017,"@233735 I'm so sorry to hear about your new phone, Danny! We definitely understand the importance of receiving your shipments on time! I can help you with that! Please send me a direct message. I look forward to hearing from you! :) ^NicoleH",
497565,233736,Fri Dec 01 16:53:34 +0000 2017,Waiting on an @ATT technician to come to the house. Time slot 8am - 12pm....it is now 11:53am. No @ATT technician.,497564,ATT,Fri Dec 01 16:59:35 +0000 2017,@233736 Good morning. We know how frustrating it is to wait and no one shows up. We'd like to investigate this for you. Is the technician coming out to install U-verse or DirecTV? We’re patiently waiting for your reply. –TynM,
497567,233737,Fri Dec 01 15:48:47 +0000 2017,"@233738 @ATT They were hopefully getting a new box today and then they have to install it, that’s what they told us yesterday",497566,ATT,Fri Dec 01 16:38:00 +0000 2017,"@233737 Hi there, Dalton! We'd love to help you with getting an new receiver for your services. What can we do for you today? Big or small. We can handle it. For clarification, what services do you have with us? U-Verse, DTV or Wireless? Please send details via DM. Thanks. ^ToshaW",
497573,233734,Fri Dec 01 15:56:33 +0000 2017,Was given the “direct line” to cancellations and told there would be no wait. Now on hold for “approx 7 minutes” @ATT,497572,ATT,Fri Dec 01 16:01:33 +0000 2017,@233734 Hey Jessi. We understand how frustrating it is when you haven't received a credit for an over charged from 2 months ago. WE would hate yo see you go! Follow/DM us your service type and account number so we can investigate the $250 charge. We look forward to your reply. ^TynM,
497576,233739,Fri Dec 01 05:57:48 +0000 2017,"@ATT @233739  FEEL US!  MAKE THINGS BETTER FOR EVERYONE!
Technology is THE HOLY SPIRIT.  ONE thing at a time. 💜",497574,ATT,Fri Dec 01 15:31:32 +0000 2017,@233739 Hello Celaine! Thanks for reaching out to us through social media department. How may we assist you today? Kindly send us a DM with more details regarding your concern for further assistance. We are eagerly waiting for your response. ^RazR,497575
508600,236810,Fri Dec 01 18:03:25 +0000 2017,@ATT YASSSSS CANT WAIT OMFG,508599,ATT,Fri Dec 01 22:13:43 +0000 2017,"@236810 We can't wait either, Crystal!",
508602,236811,Fri Dec 01 18:13:55 +0000 2017,@ATT Sooo CHICAGO next pls?! #repPopUpATT,508622,ATT,Fri Dec 01 22:09:46 +0000 2017,"@236811 At this time, the Los Angeles Pop Up is the only future event we have planned. Follow us on social to stay updated on future #TaylorSwiftNOW events!",508623
508603,121566,Fri Dec 01 18:20:59 +0000 2017,@ATT @118062 @121574 So excited!! See you all there! #repPopUpATT,508621,ATT,Fri Dec 01 22:10:14 +0000 2017,@121566 See you there!,
508604,217810,Fri Dec 01 18:08:19 +0000 2017,"@ATT Sooo jealous 😍 how about Orlando, FL or Tampa, FL next??",508620,ATT,Fri Dec 01 22:10:49 +0000 2017,"@217810 At this time, the Los Angeles Pop Up is the only future event we have planned. Follow us on social to stay updated on future #TaylorSwiftNOW events!",
508606,239061,Fri Dec 01 19:16:49 +0000 2017,@ATT Thanks for listening to the fans. I said I would drive 3 hrs if there was a pop up in LA and so I am. Thanks!!!! Ahhhh!!,516557,ATT,Fri Dec 01 22:24:01 +0000 2017,"@239061 We can't wait to see you, Ana! It's going to be TAY-mazing #repPopUpATT",
508607,239060,Fri Dec 01 18:34:56 +0000 2017,@ATT YESSSS I CANT WAIT TO GO ITS RIGHT AFTER FINALS 😍😍,516556,ATT,Fri Dec 01 22:26:09 +0000 2017,@239060 What better way to celebrate😉 Can't wait to see you there! #repPopUpATT,
508608,239062,Fri Dec 01 18:09:26 +0000 2017,@ATT CAN THERE PLEASE BE ONE IN NASHVILLE NEXT ???,516558,ATT,Fri Dec 01 22:20:29 +0000 2017,"@239062 Hi, Lynsey! At this time, the Los Angeles Pop Up is the only future event we have planned. Follow us on social to stay updated on future #TaylorSwiftNOW events!",516559
508612,250392,Sat Dec 02 19:49:56 +0000 2017,@ATT OMG YES. I’VE BEEN WAITING FOR YOU GUYS TO ANNOUNCE THE DATES :D. CANT WAIT!,558161,ATT,Sat Dec 02 21:25:31 +0000 2017,@250392 🙌 YES! We can't wait to see you there.,
508613,260992,Sat Dec 02 23:30:25 +0000 2017,"@ATT brb, clearing my schedule from the 12th to the 16th. #repPopUpATT",595078,ATT,Sun Dec 03 16:18:27 +0000 2017,"@260992 🙌 Great idea, Emily! We can't wait to see you there. #repPopUpATT",
508614,127556,Fri Dec 01 18:20:35 +0000 2017,@ATT 😍😍😍😍😍😍😍🎉✨🙌🏼 what are going to be the times each day??,516560,ATT,Fri Dec 01 22:19:54 +0000 2017,@127556 Hi Missy! Hours of operation will be shared on the Facebook event page closer to opening day (Dec 12). #repPopUpATT,
508615,239063,Fri Dec 01 21:29:07 +0000 2017,"@ATT But like, is there an address?",516561,ATT,Fri Dec 01 22:16:46 +0000 2017,"@239063 Hi Nicole! The Santa Monica, CA. Location will be shared on the Facebook event page closer to opening day (Dec. 12). Stay tuned!",
508625,236812,Fri Dec 01 18:36:31 +0000 2017,@121574 @ATT My sister and I are going!!!!!!! We've just been waiting for the dates 😚😙😙😚😙😚😙,508624,ATT,Fri Dec 01 21:58:00 +0000 2017,"@236812 Can't wait, Brittany! Hours of operation will be shared on the Facebook event page closer to opening day (Dec 12).",
508647,236817,Fri Dec 01 18:51:16 +0000 2017,@121574 @ATT OMG!,508691,ATT,Fri Dec 01 21:28:00 +0000 2017,@236817 Isn't it TAY-mazing? We're just as excited as you are #repPopUpATT,
508648,236816,Fri Dec 01 18:50:57 +0000 2017,@121574 @ATT Can you guys PLEEEASE come to San Francisco?!?!?! 😭😭😭😭😭😭,508690,ATT,Fri Dec 01 21:31:00 +0000 2017,"@236816 Hi Jess! At this time, the Los Angeles Pop Up is the only future event we have planned. Follow us on social to stay updated on future #TaylorSwiftNOW events!",
508649,236828,Fri Dec 01 19:14:18 +0000 2017,@121574 @ATT Any chance the #repPopUpATT will come to texas?? Idk arlington maybe?... somewhere like that?,508709,ATT,Fri Dec 01 20:12:31 +0000 2017,"@236828 Hi, Sonia! At this time, the Los Angeles Pop Up is the only future event we have planned. Follow us on social to stay updated on future #TaylorSwiftNOW events!",
508650,236820,Fri Dec 01 20:59:48 +0000 2017,"@121574 @ATT So excited to see you all, hopefully on the 12th or perhaps for @118062 birthday on the 13th!",508695,ATT,Fri Dec 01 21:20:00 +0000 2017,"@236820 We're just as excited as you are, Maddi! See you there #repPopUpATT",
508651,236821,Fri Dec 01 21:16:09 +0000 2017,@121574 @ATT Going! 😀,508696,ATT,Fri Dec 01 21:19:00 +0000 2017,"@236821 See you there, Angel! #repPopUpATT",
508652,779490,Fri Dec 01 19:12:18 +0000 2017,@121574 @ATT OMG I WILL BE THERE,2793163,ATT,Fri Dec 01 20:39:00 +0000 2017,@779490 See you there!,
508653,236815,Fri Dec 01 18:47:50 +0000 2017,@121574 @ATT AMAZING,508689,ATT,Fri Dec 01 21:33:00 +0000 2017,@236815 Wouldn't you say it's...TAY-mazing? 😉,
508654,236827,Fri Dec 01 20:20:03 +0000 2017,@121574 @ATT Can you bring it to Chicago?????,508708,ATT,Fri Dec 01 20:27:27 +0000 2017,"@236827 Hi, Kylee! At this time, the Los Angeles Pop Up is the only future event we have planned. Follow us on social to stay updated on future #TaylorSwiftNOW events!",
508657,239054,Fri Dec 01 18:32:18 +0000 2017,@121574 @ATT Do you plan to pop up in #Chicago anytime soon?? 😄,516545,ATT,Fri Dec 01 23:57:00 +0000 2017,"@239054 Hi there! At this time, the Los Angeles Pop Up is the only future event we have planned. Follow us on social to stay updated on future #TaylorSwiftNOW events!",
508658,239053,Fri Dec 01 18:32:21 +0000 2017,@121574 @ATT OH MY GOD. I HAVE BEEN WAITING FOR THIS NEWS. MERRY SWIFTMAS TO ME. OH MY GOSH. 😍😍😍,516544,ATT,Fri Dec 01 23:58:00 +0000 2017,"@239053 We can't wait either, Meagan! It's going to be Tay-mazing!",
508667,252466,Sat Dec 02 22:21:24 +0000 2017,@121574 @ATT My little Tay Tay heart is so happy!!! Celebrating @118062 birthday at the pop up!!! WHAT A MAGICAL DAY it's gonna be! ✨🌈,565315,ATT,Sat Dec 02 23:55:00 +0000 2017,@252466 BEST DAY EVER! 🙌 #TaylorSwiftNOW,
508670,260991,Sun Dec 03 12:54:17 +0000 2017,@121574 @ATT How can I contact with you?I have some questions 💗 :) have a nice day,595077,ATT,Sun Dec 03 16:27:31 +0000 2017,@260991 How can we help you?,
508671,250389,Sat Dec 02 16:22:14 +0000 2017,@121574 @ATT Love this photo,558157,ATT,Sat Dec 02 21:34:00 +0000 2017,@250389 💞,
508683,236829,Fri Dec 01 19:14:31 +0000 2017,@121574 @ATT Will it be coming to the Bay Area bcuz I will really drive to LA if not 😭😭😭😭,508710,ATT,Fri Dec 01 20:10:32 +0000 2017,"@236829 At this time, the Los Angeles Pop Up is the only future event we have planned. Follow us on social to stay updated on future #TaylorSwiftNOW events!",
508684,236818,Fri Dec 01 19:00:11 +0000 2017,@121574 @ATT I’ll see you there! So excited 🤗🤗🤗,508692,ATT,Fri Dec 01 21:24:00 +0000 2017,@236818 Can't wait! #repPopUpATT,
508686,236813,Fri Dec 01 18:50:58 +0000 2017,Our @ATT internet is down for the 5th time in last three weeks. I hate to move on but that’s not good customer service.,508685,ATT,Fri Dec 01 21:55:50 +0000 2017,"@236813 Justin, thank you for reaching you about this issue. We want to make sure you get the service you need. Can you please DM us your contact and account information so we can look into this further? Thank you and we look forward to hearing from you!",
508688,236814,Fri Dec 01 18:45:19 +0000 2017,As If I wouldn’t be there💁🏼‍♂️ https://t.co/UbXPnfyHIX,508687,ATT,Fri Dec 01 21:36:31 +0000 2017,"@236814 See you there, Peter!! #repPopUpATT",
508694,236819,Fri Dec 01 21:14:59 +0000 2017,Ok but when does nashville get a #repPopUpATT ????? Hello??? @ATT please advise?,508693,ATT,Fri Dec 01 21:22:26 +0000 2017,"@236819 Hi Sarah. At this time, the Los Angeles Pop Up is the only future event we have planned. Follow us on social to stay updated on future #TaylorSwiftNOW events!",
508698,236822,Fri Dec 01 04:41:43 +0000 2017,#TFC https://t.co/C1VKFlZf6K,508697,ATT,Fri Dec 01 20:51:50 +0000 2017,"@236822 It's going to be a great rematch! We love your soccer passion, follow &amp; DM us, we may have something for you #SoccerEverywhere",
508700,236823,Thu Nov 30 15:46:55 +0000 2017,"@23251 thx for showing the  🌎 there is no giving up! 💯 given everytime on the pitch! Congrats, rest up, we need u in #mlscup 👏👏 https://t.co/5dqNwMLo0N",508699,ATT,Fri Dec 01 20:50:11 +0000 2017,"@236823 It's going to be a great rematch! We love your soccer passion, follow &amp; DM us, we may have something for you #SoccerEverywhere",
508702,236824,Fri Dec 01 13:56:42 +0000 2017,"Toronto FC v Seattle? I must be in the minority that is psyched for a rematch
#MLSCupFinal",508701,ATT,Fri Dec 01 20:48:33 +0000 2017,"@236824 It's going to be a great rematch! We love your soccer passion, follow &amp; DM us, we may have something for you #SoccerEverywhere",
508704,236825,Fri Dec 01 03:48:01 +0000 2017,Let's do the thing Sounders!,508703,ATT,Fri Dec 01 20:48:00 +0000 2017,"@236825 It's going to be a great rematch! We love your soccer passion, follow &amp; DM us, we may have something for you #SoccerEverywhere",
508707,236826,Thu Nov 30 19:41:56 +0000 2017,Can we just talk about how Toronto FC is going to the MLS cup again this year? Can’t wait to see them play again,508705,ATT,Fri Dec 01 20:47:26 +0000 2017,"@236826 It's going to be a great rematch! We love your soccer passion, follow &amp; DM us, we may have something for you #SoccerEverywhere",508706
508712,236830,Fri Dec 01 19:31:51 +0000 2017,@236831 @ATT omg same!!!! lets go together!,508711,ATT,Fri Dec 01 19:50:00 +0000 2017,@236830 Can't wait to see you both there!,
508714,236832,Fri Dec 01 18:55:06 +0000 2017,"@ATT @117735 Also means that they collect 2-days more of interest on those funds.  That $$ adds up.  But yeah, let’s give corporations a tax cut and screw everyone else because they obviously need so much help screwing over their customers.",508713,ATT,Fri Dec 01 19:47:26 +0000 2017,@236832 Hello! We would love to get your billing issue resolved. Can you please tell us what service is this billing issue is in regards to? We look forward to hearing back from you. Thanks! ^ErinJ,
508717,236833,Fri Dec 01 18:50:13 +0000 2017,"@117830 Hizo el anuncio de que transmitirá el mundial con tecnología 4k Full HD ¿Habrá que pagar adicional al Plan Oro? @23250 @22287 Si es así, mañana mismo pido la baja del servicio.",508716,ATT,Fri Dec 01 19:26:26 +0000 2017,"@236833 Hola Juan. Asistencia en espanol esta disponible 
por telefono llamando al 888-388-6622.
^QB",
51353,127548,Mon Oct 30 23:15:39 +0000 2017,@119777 @ATT FINALLY 😍😍😍😍,51352,ATT,Wed Nov 01 17:51:52 +0000 2017,@127548 Keep calm + #JoinTheLeague. 😍 https://t.co/m0u8OFAOb6,
51356,127551,Mon Oct 30 19:10:44 +0000 2017,@119777 @ATT Batman week wooooow my favourite kind of week!!!!!,51509,ATT,Wed Nov 01 17:41:30 +0000 2017,"@127551 We’re geeking out too, Neil! #JoinTheLeague https://t.co/m0u8OFAOb6",
51362,585260,Mon Oct 30 20:22:15 +0000 2017,@119777 @ATT Can't wait for this movie!,1976332,ATT,Wed Nov 01 17:44:00 +0000 2017,"@585260 We can't wait either, Elpidio! Who’s your fave hero? #Batman #WonderWoman #TheFlash #Aquaman #Cyborg  #JoinTheLeague https://t.co/m0u8OFAOb6",
51367,127552,Mon Oct 30 17:21:51 +0000 2017,@119777 @ATT Batman is awesome.,51510,ATT,Wed Nov 01 17:40:00 +0000 2017,"@127552 Are you nerding out as much as we are, Darius?! #JoinTheLeague https://t.co/m0u8OFAOb6",
51372,447458,Tue Oct 31 02:32:07 +0000 2017,@119777 @ATT knight is here. Go go Batsy,1408850,ATT,Wed Nov 01 21:33:07 +0000 2017,"@447458 We’re geeking out, too! #JoinTheLeague https://t.co/m0u8OFAOb6 https://t.co/HXvbyckquO",
51377,447457,Tue Oct 31 12:57:36 +0000 2017,"@119777 @ATT Flash: Batman what's your superpower again? 
Batman: My superpower is, I'm BATMAN!",1408849,ATT,Wed Nov 01 21:36:07 +0000 2017,"@447457 Are you nerding out as much as we are, Ed?! #JoinTheLeague https://t.co/m0u8OFAOb6 https://t.co/JIkKhFKvIy",
51380,127549,Wed Nov 01 17:30:11 +0000 2017,@ATT @118062 @127550 Omg I love it. I can't wait for the rest!,51379,ATT,Wed Nov 01 17:44:00 +0000 2017,@127549 SAME! 😍,
51390,585258,Wed Nov 01 16:41:59 +0000 2017,@ATT @127550 SOOOO EXCITED FOR THIS!! @118062 thank you so much for taking us into your songwriting process!,1976328,ATT,Wed Nov 01 17:30:08 +0000 2017,"@585258 We're just as excited as you are, Joe! Don't forget to catch The Making of a Song, here now – https://t.co/emXplX8gjo https://t.co/Y3eTfF1u2A","1976329,1976330"
51391,130159,Wed Nov 01 16:41:09 +0000 2017,@ATT @118062 @127550 PLEASE PUT THIS ON YOUTUBE SO THE INTERNATIONAL FANS CAN SEE IT ❤️❤️❤️,61829,ATT,Wed Nov 01 21:01:31 +0000 2017,@130159 Visit https://t.co/emXplX8gjo for a sneak peek of the first episode about the making of “Gorgeous.” #TaylorSwiftNOW,
51398,129170,Wed Nov 01 15:21:35 +0000 2017,@ATT @118062 @127550 My honey,58018,ATT,Wed Nov 01 19:58:16 +0000 2017,@129170 Isn't she the sweetest?😉 Have you seen The Making of a Song yet? #TaylorSwiftNOW https://t.co/emXplX8gjo https://t.co/CHUouQzu7Y,"58019,58020,58021,58022"
51399,129175,Wed Nov 01 15:22:27 +0000 2017,@ATT @118062 @127550 IM SCREABIKH,58034,ATT,Wed Nov 01 19:55:39 +0000 2017,"@129175 Same here, Paula 😱 Wasn't it beau-TAY-ful? 😍 #TaylorSwiftNOW https://t.co/SGcDAUAMc1","58035,58036"
51400,129177,Wed Nov 01 15:20:21 +0000 2017,@ATT @127550 I CANT WAIT! These are always my favorite. #TaylorSwiftNOW,58039,ATT,Wed Nov 01 19:47:06 +0000 2017,"@129177 The wait is over!! Catch The Making of a Song, here now – https://t.co/emXplX8gjo https://t.co/D3iIHxe8N1",
51401,585587,Wed Nov 01 15:21:51 +0000 2017,@ATT @118062 @127550 SO GORGEOUS,1977496,ATT,Wed Nov 01 20:04:35 +0000 2017,@585587 So gorgeous it actually hurts? 😉 Don't forget to catch The Making of a Song now! https://t.co/emXplX8gjo #TaylorSwiftNOW https://t.co/Z7hPFgNsvN,1977497
51409,588979,Thu Nov 02 00:41:43 +0000 2017,@ATT @118062 @127550 This is the most awaited update. Can't wait for the rest of it. Love you Tay ❤️,1990157,ATT,Thu Nov 02 01:08:00 +0000 2017,@588979 Make sure to tune in on 11/13 once the series officially launches! #TaylorSwiftNOW,
51413,129169,Wed Nov 01 15:21:50 +0000 2017,@ATT @118062 @127550 TAYLEGEND,58017,ATT,Wed Nov 01 20:02:34 +0000 2017,@129169 We ❤️ Taylor. Don't forget to catch The Making of a Song now! https://t.co/emXplX8gjo #TaylorSwiftNOW https://t.co/jH2pgcq5h9,
51415,587110,Wed Nov 01 15:22:41 +0000 2017,@ATT @118062 @127550 Nice song.... What the name of this song??? @118062,1983506,ATT,Wed Nov 01 22:11:27 +0000 2017,"@587110 It's called ""Gorgeous!"" Visit https://t.co/emXplX8gjo for a sneak peek of the first episode about the making of the song. #TaylorSwiftNOW",
51416,267709,Thu Nov 02 01:09:44 +0000 2017,@ATT @127550 THESE ARE MY FAVSS!!!! I love seeing @118062 be herself and a precious dork!!! Can't wait! #TaylorSwiftNOW,1385194,ATT,Thu Nov 02 01:20:35 +0000 2017,@267709 Ours too! We hope you enjoy! #TaylorSwiftNOW,1385195
51418,449509,Thu Nov 02 02:45:09 +0000 2017,@ATT @127550 I'm looking forward to  that day!!!!👻👻👻#TaylorSwiftNow,1417664,ATT,Thu Nov 02 03:00:41 +0000 2017,@449509 So are we! #TaylorSwiftNow,
51419,449508,Thu Nov 02 01:04:26 +0000 2017,@ATT @118062 @127550 Waiting for your new album😘,1417661,ATT,Thu Nov 02 03:34:00 +0000 2017,@449508 Be sure to tune in on 11/13 once the series officially launches! #TaylorSwiftNOW,
51420,303727,Wed Nov 01 15:27:49 +0000 2017,@ATT @118062 @127550 I always love the making of a song!,1419005,ATT,Wed Nov 01 23:01:03 +0000 2017,@303727 Us too! It's fun to take a closer look at the songwriting process to see how it comes together. #TaylorSwiftNOW,
51421,449826,Wed Nov 01 15:24:46 +0000 2017,@ATT @127550 I CANT WAIT! These are always my favorite.😍😘😘 #TaylorSwiftNOW,1419010,ATT,Wed Nov 01 22:54:28 +0000 2017,@449826 Ours too! Enjoy! #TaylorSwiftNOW 😊,
51422,449823,Wed Nov 01 15:24:57 +0000 2017,@ATT @118062 This makes me so happy since the song writing process intrigues me. Shame I can’t watch because I live in Australia 😩,1419006,ATT,Wed Nov 01 22:58:00 +0000 2017,@449823 Visit https://t.co/emXplX8gjo for a sneak peek of the first episode about the making of “Gorgeous!” #TaylorSwiftNOW,
51423,449825,Wed Nov 01 15:24:46 +0000 2017,@ATT @118062 @127550 Hays. I cant sleep because of this.,1419009,ATT,Wed Nov 01 22:55:01 +0000 2017,@449825 Who needs sleep?! #TaylorSwiftNOW,
51432,451602,Thu Nov 02 04:45:07 +0000 2017,@ATT @118062 @127550 She’s really amazing 😉,1427503,ATT,Thu Nov 02 04:57:34 +0000 2017,@451602 Don't forget to tune in on 11/13 once the series officially launches! #TaylorSwiftNOW,1427504
51440,453122,Wed Nov 01 15:25:08 +0000 2017,@ATT @118062 @127550 so cute awwww 😻😻😻,1434738,ATT,Thu Nov 02 13:16:07 +0000 2017,@453122  https://t.co/i25p7osbvF,
51441,453120,Wed Nov 01 15:25:52 +0000 2017,@ATT @118062 @127550 CAN'T WAIT IT'S SO COOOOOL,1434732,ATT,Thu Nov 02 13:35:07 +0000 2017,@453120  https://t.co/AyRhM7ICJ2,
51450,456232,Wed Nov 01 17:36:32 +0000 2017,@ATT @118062 @127550 Cutie 😘,1448929,ATT,Thu Nov 02 16:13:26 +0000 2017,@456232 Isn't she!? 😍  Don't forget to tune in on 11/13 once the series officially launches! #TaylorSwiftNOW,
51451,456231,Wed Nov 01 17:33:43 +0000 2017,@ATT @118062 @127550 THIS is why I will always be a Taylor fan! Seriously feeling this version way more...,1448928,ATT,Thu Nov 02 16:16:49 +0000 2017,"@456231 We ❤️ her too, Mari! We hope you enjoy! #TaylorSwiftNOW",
51452,456234,Thu Nov 02 14:01:19 +0000 2017,@ATT @118062 @127550 We don't need sleeping. We only need Taylor and this program and whatever Taylor releases ;&gt;,1448990,ATT,Thu Nov 02 15:56:00 +0000 2017,@456234 Yes! Let's hope she can put out enough songs to soundtrack our entire life!,
51453,456229,Thu Nov 02 12:13:18 +0000 2017,@ATT @127550 I'm so thankful for @ATT now we can see every behind the scenes and concerts!!! This is incredible! Thank you so much! 💖💖,1448926,ATT,Thu Nov 02 16:40:27 +0000 2017,"@456229 You are so welcome, Sakshi!",
51454,456235,Thu Nov 02 14:18:37 +0000 2017,@ATT @118062 @127550 Some nice synths at 0:18,1448991,ATT,Thu Nov 02 15:49:52 +0000 2017,@456235 Glad you like the song! We love it too.,
51455,456230,Wed Nov 01 16:52:42 +0000 2017,@ATT @118062 @127550 She is really beautiful 😍😍😍😍 https://t.co/xOJJUfGfpw,1448927,ATT,Thu Nov 02 16:18:01 +0000 2017,"@456230 We ❤️ her too, Ash! Don't forget to tune in on 11/13 once the series officially launches! #TaylorSwiftNOW",
51457,460666,Wed Nov 01 15:34:05 +0000 2017,@ATT @118062 @127550 HOW DO I GET ACCESS TO THIS IF I DON'T HAVE AT&amp;T???,1467635,ATT,Thu Nov 02 22:52:33 +0000 2017,"@460666 Hi Rachel! Only @117830, @127550 + @126768 customers have access to #TaylorSwiftNOW.",1467636
51458,230316,Wed Nov 01 15:22:10 +0000 2017,@ATT @118062 @127550 The making of Gorgeous was honestly soooo cool to watch omg.,1467641,ATT,Thu Nov 02 22:45:59 +0000 2017,"@230316 We couldn't agree with you more, Elizabeth!",
51460,462898,Wed Nov 01 15:22:30 +0000 2017,@ATT @118062 @127550 IM SO EXCITEDDD,1476847,ATT,Thu Nov 02 21:52:46 +0000 2017,@462898 We're just as excited as you are! We hope you enjoy! #TaylorSwiftNOW,
51465,603486,Fri Nov 03 03:57:36 +0000 2017,@ATT @118062 @127550 Love you Taylor!!,2041019,ATT,Fri Nov 03 04:20:25 +0000 2017,@603486 😍 🎤,
51477,617442,Sun Nov 05 04:04:18 +0000 2017,@ATT @118062 @127550 Love you,2088615,ATT,Sun Nov 05 04:29:27 +0000 2017,@617442 Make sure to tune in on 11/13 once the series officially launches! #TaylorSwiftNOW,"2088616,2088617"
51484,127556,Wed Nov 01 17:00:42 +0000 2017,@ATT @118062 @127550 You make so happy 😀 💿🖤✨🎊👏🏼😱,51525,ATT,Wed Nov 01 17:19:00 +0000 2017,"@127556 Isn't she lovely, Missy? 😍 Catch The Making of a Song, here now – https://t.co/emXplX8gjo",51526
51489,457049,Thu Nov 02 12:06:13 +0000 2017,"@ATT @118062 @127550 What if we are international fans, and we don't have the money to pay for having the channel and we want to see it??? 😭😭",1452352,ATT,Thu Nov 02 17:16:00 +0000 2017,"@457049 Hi Daniella, only @117830, @127550 + @126768 customers have access to #TaylorSwiftNOW.",
51492,447456,Wed Nov 01 15:22:34 +0000 2017,@ATT @118062 @127550 I can't believe you got me a birthday present. 11/13 what a good day,1408848,ATT,Wed Nov 01 22:16:00 +0000 2017,"@447456 Happy birthday, Betsy! What a great way to celebrate with #TaylorSwiftNOW. 😊🎂",
51494,470567,Fri Nov 03 07:22:58 +0000 2017,@ATT @127550 @ATT @127550 @118062 @121574  The songs we've heard from the album are AMAZING so far! So excited for this era❤️,1510348,ATT,Fri Nov 03 14:11:43 +0000 2017,@470567 So are we! https://t.co/wjGsNBbmuU,
51503,465313,Fri Nov 03 03:27:39 +0000 2017,@ATT @118062 @127550 What hair do you like more straight or curly?,1486868,ATT,Fri Nov 03 04:01:00 +0000 2017,@465313 She looks TAY-mazing either way! 💞,
51504,633299,Wed Nov 08 20:45:02 +0000 2017,@ATT @118062 @127550 She’s really amazing 😍😍😍💕,2155597,ATT,Wed Nov 08 21:18:00 +0000 2017,@633299 Isn't she TAY-mazing? We're glad you enjoyed!,
51512,127553,Wed Nov 01 17:17:16 +0000 2017,"it would be too much to switch my phone plan to @ATT, hardly have service just so I can watch #TaylorSwiftNOW",51511,ATT,Wed Nov 01 17:25:00 +0000 2017,"@127553 Hi Whitney! You can watch a sneak peek of our exclusive new series, The Making of a Song, here now – https://t.co/emXplX8gjo.",
51514,127554,Wed Nov 01 10:48:48 +0000 2017,"@ATT @127555 @119777 So I just found out about this and well... I’m gonna need all five, pronto.",51513,ATT,Wed Nov 01 17:24:00 +0000 2017,"@127554 #JusticeLeague is recruiting, Batmandrew! 😉 #JoinTheLeague and visit https://t.co/m0u8OFAOb6.",
51516,587101,Tue Oct 31 22:59:26 +0000 2017,@ATT @127555 @119777 I got all 5! This is awesome that you guys did this.,1983483,ATT,Wed Nov 01 22:17:07 +0000 2017,"@587101 Yes, Ethan! Talk about superhero powers! Thanks for joining the #JusticeLeague. For even more fun, check out https://t.co/mGbVQEp3UK https://t.co/Mvmt8ufkBT",
51520,587100,Tue Oct 31 20:04:10 +0000 2017,@ATT @119777 Thanks for the posters!  My kids are even more excited for the movie now!,1983482,ATT,Wed Nov 01 22:07:43 +0000 2017,"@587100 Awesome! They can’t save the world alone. Glad you and your kids could #JoinTheLeague, Brad! https://t.co/mGbVQEp3UK https://t.co/Jz2ZuZervj",
51521,587099,Tue Oct 31 22:06:41 +0000 2017,@ATT @127555 @119777 I got mine!,1983481,ATT,Wed Nov 01 22:10:23 +0000 2017,@587099 Glad to see you celebrated Halloween the right way with #JusticeLeague! Check out more at https://t.co/mGbVQEp3UK. https://t.co/GSIGcN9n80,
51528,127558,Wed Nov 01 03:10:09 +0000 2017,"Oh of course, I'm the AT&amp;T Now @118062 😂 HAPPY HALLOWEEN @121574 ‼️‼️‼️ https://t.co/8UcgTxD8XF",51527,ATT,Wed Nov 01 17:13:08 +0000 2017,"@127558 You nailed it, Shelby. Catch The Making of a Song, here now – https://t.co/emXplX8gjo https://t.co/qY96fQZRj5",
51530,127559,Wed Nov 01 17:06:01 +0000 2017,I still remember the day when my classmate asked what at &amp; t is doing bc it seems so quiet https://t.co/CIFhBqRKKi,51529,ATT,Wed Nov 01 17:11:56 +0000 2017,"@127559 We couldn't give it away, what's the fun in that? 😉 Make sure you check out what Taylor's up to NOW!",
516534,239048,Thu Nov 30 21:25:08 +0000 2017,@ATT @117735 your support person named CJ advised he was going to call me with a solution to my issue but two days later no call. Kudos to your customer service. Smfh,516532,ATT,Sat Dec 02 01:11:29 +0000 2017,@239048 Hi there! We Never want you to feel unimportant. Can you please send us your best contact number so we can try to resolve this phone unlock issue. We await your response and will be happy to help. ^WillP,516533
516536,239049,Sat Dec 02 00:36:56 +0000 2017,@239050 @ATT Terrible @ATT ! Is this your definition of ‘mobilizing your world’? More like disabling it. Refund her money!,516535,ATT,Sat Dec 02 00:51:00 +0000 2017,"@239049 How are you doing, Melissa? We see you are not happy about your charges. We don't want you feeling this way, We are here to help you. Can you please tell us in a DM what the issue is so we can help you look into resolving it? We hope to hear from you soon. ^WaleA.",
516539,239051,Sat Dec 02 00:28:58 +0000 2017,"@ATT horrible company, overcharged me every month for 4 months",516538,ATT,Sat Dec 02 00:38:00 +0000 2017,"@239051 Good evening, Joanne, our team would love to assist you with any questions or concerns that you might have. Kindly send us a DM containing details on what you are experiencing. We are here for you. ^MakH",
516541,239052,Sat Dec 02 00:11:12 +0000 2017,"@ATT Got it figured out with a supervisor finally, hopefuly next time they show. Thanks for your reply",516540,ATT,Sat Dec 02 00:21:00 +0000 2017,"@239052 Glad to hear that everything has been taken care of by our customer care management team, Cassi! In the meantime, if you have any further questions, concerns or inquiries please feel free to reach back out to us via social media. Remember, we are always here to help! ^ArlaF.",
516543,239052,Fri Dec 01 21:26:02 +0000 2017,"@ATT I ordered a triple bundle through you. Changed installation date 3 days ago to be today. Got a confirmation email. No call/no show. Call your reps, they don't have it on file. Supposed to come still, but changed time. Nothing. Call again. Have to wait till Monday. Total BS.",516542,ATT,Fri Dec 01 23:59:10 +0000 2017,"@239052 Hello Cassi. Thank your for reaching out to us. We apologize on behalf of the no call/no show. We know how important our customers' time is. Can you dm us
 your account info so that we can attempt to reschedule your install? Please get back to us when you can. Thanks. ^JusT",516541
516547,239055,Fri Dec 01 22:47:55 +0000 2017,@ATT @115858 I ordered a silver iPhone X and received a space gray one..I would call but for some reason my phone has no service.,516546,ATT,Fri Dec 01 23:24:30 +0000 2017,@239055 Hi Allie. We understand that you received the wrong iPhone X than the one you initially ordered. Please DM us your phone number so that we can look into what can be done to replace your iPhone with the one that you wanted. We look forward to hearing back from you. ^KO,
516549,239056,Fri Dec 01 23:03:27 +0000 2017,"@ATT  You pay for 12mbs... and you get 2.4 
Thrilled",516548,ATT,Fri Dec 01 23:14:58 +0000 2017,@239056 Hi! Could you send us a DM and fill us in on the situation? We're looking forward to hearing back from you. ^JamesV,
516551,239057,Fri Dec 01 22:39:46 +0000 2017,@ATT I need you to remove me completely from your physical mailing list. Please DM me so that I can share my address.,516550,ATT,Fri Dec 01 23:06:26 +0000 2017,@239057 Hi there! You can send us a private message to us here with your contact information. Send it back to us when you get a chance. Thanks. ^JusT,
516553,239058,Thu Nov 30 17:49:59 +0000 2017,"Someone has hacked my moms @ATT account ordering iPhones twice now. She deserves to be sent a free one now, thanks.",516552,ATT,Fri Dec 01 23:01:34 +0000 2017,@239058 Hi Tarysa. Can you please have your mom reach out to us with her account and contact information so we can look into this?,
516555,239059,Thu Nov 30 03:49:01 +0000 2017,@ATT thanks for the best customer service ever💓 never switching phone companies,516554,ATT,Fri Dec 01 22:58:36 +0000 2017,"@239059 We're so lucky to have you as part of the #ATTFamily, Meghan! We're always here if you need us https://t.co/d4BXNk0XCQ",
522392,240671,Sat Dec 02 00:46:14 +0000 2017,"@ATT ordered iPhone X 11/13. Now it says if I order today, I'll get it before my 11/16 order? Should I cancel and reorder?",522391,ATT,Sat Dec 02 02:00:34 +0000 2017,"@240671 Hi, Jeff! We want to make sure everything is going good with your original order before making the decision to canceling the order. Could you please DM us with your wireless number associated with the account? We thank you and look forward to chatting with you! ^ArlaF.",
522394,240672,Fri Dec 01 23:44:26 +0000 2017,Has your @117830 account ever show charges you did not make? We have! And they are refusing to remove it @240673 @ATT #Frustrating #fail @117735,522393,ATT,Sat Dec 02 01:48:27 +0000 2017,"@240672 Hello Reina, if you can DM us details like your service type and account number we will be happy to look into the movie charge for you and see if we can't do anything about it. ^JoyM",
526353,241795,Sat Dec 02 02:07:47 +0000 2017,There's only one downside to living in the country.... Having to rely on 1990's dsl internet technology @241796 @ATT,526352,ATT,Sat Dec 02 06:47:30 +0000 2017,@241795 Hello Ryan! What seems to be the issue your having today? Please let us know and we will look deeply into your service issue and try to help you get this resolved. ^WillP,
526355,241797,Sat Dec 02 01:56:17 +0000 2017,@ATT why is my internet not working I have an assignment due and I can't use my wifi. What the hell,526354,ATT,Sat Dec 02 06:29:28 +0000 2017,"@241797 Hello, Mallory. We cannot allow your internet service situation stop you from completing and submitting your due assignment. Please allow us help you from here. Can you troubleshoot your device with this link: https://t.co/0Mh2MHFhO2 ? Let us know if link works. ^WaleA.",
529918,242720,Sat Dec 02 05:37:16 +0000 2017,"@115858 @ATT I bought an iPhone 8 Plus, and hate it. Can I exchange for free for the regular 8?",529917,ATT,Sat Dec 02 07:01:29 +0000 2017,"@242720 Hey, Katie! We want you to be satisfied. Please click this link here: https://t.co/dENOB2Qory for more information. If you need further help, reply with your account number and contact information. Thanks for reaching out to AT&amp;T! ^TyroneP",
540683,245454,Sat Dec 02 11:44:04 +0000 2017,@ATT  how many jobs can we expect? Location? starting salary? #MAGA #TaxScamBill #jobscomingback #2018 #trickledown,540682,ATT,Sat Dec 02 14:43:01 +0000 2017,"@245454 Hi, Sean! Thanks for reaching out over social media also that is a great question! Any and all ATT job related questions can be found in the handy dandy link below. If you need any further assistance please message us we are only a click away.  https://t.co/RGlbaUtUUk ^EdwinE",
540685,245455,Sat Dec 02 06:48:54 +0000 2017,"@ATT your reps lie to customers!!!! Nobody is honest, different answers from every single rep, nobody knows how to do their job. “Unlimited choice” capped at 3mbps? Come on now. Making customers pay more to get basically nothing. #ripoff and I’ve been a customer for 10years+.",540684,ATT,Sat Dec 02 14:42:25 +0000 2017,"@245455 Hey there, Joe! We understand you are frustrated about your data being capped.   Can you please DM us, so we can try and work this out? We look forward in speaking with you!^AdaD",
549289,247907,Sat Dec 02 17:59:11 +0000 2017,".@att I sincerely hate your employees. Especially when you put stuff on my account when I don’t authorize it.  Your branch on big beaver in Troy, MI added items to my account without my approval.   Nothing but thieves.",549288,ATT,Sat Dec 02 18:03:00 +0000 2017,"@247907 Good afternoon, we understand that you are seeing charges on your account that you did not authorize. Allow us to take a closer look. To get started please DM us more details along with your account number. We look forward to working with you. ^MakH",
54954,128456,Tue Oct 31 00:27:18 +0000 2017,@119777 @ATT got emmm,54953,ATT,Wed Nov 01 18:06:34 +0000 2017,@128456 You’re a serious superhero! Thanks for being part of our Halloween fun! #JoinTheLeague  https://t.co/mGbVQEp3UK,
55483,128586,Wed Nov 22 18:48:56 +0000 2017,@ATT If I buy the iPhone X trough apple with AT&amp;T will it be useable with my European sim or will it be simlocked?,55482,ATT,Wed Nov 22 22:15:01 +0000 2017,@128586 Hello Max. The iPhone X will be network locked if purchased and activated through AT&amp;T. If you need more information on unlocking devices with AT&amp;T here's a link you can check out https://t.co/OPJsc2QopB. Follow/DM us if you have more questions. We'll be happy to help out. ^MubC,
558159,250390,Sat Dec 02 18:47:25 +0000 2017,@250391 Taylor Swift's making of songs on AT&amp;T it is the best and only show you should watch 😜,558158,ATT,Sat Dec 02 21:32:31 +0000 2017,@250390 We agree! 😆 #TaylorSwiftNOW,
558163,250393,Sat Dec 02 19:37:02 +0000 2017,"@ATT If a supervisor, two tech support personnel, and an Apple genius couldn’t figure it out, I don’t know why you would give a different outcome.",558162,ATT,Sat Dec 02 20:51:27 +0000 2017,"@250393 Hey there Adrianne. We are here for you and know that you haven't had any luck with people so far, but there was a reason that you reached out again to us.  All we need to get this ball rolling is for you to Dm us your Account Number. Thank you for being a patient customer. ^GG",
558165,250393,Sat Dec 02 19:11:55 +0000 2017,"@ATT We are three hours in. No one can tell us why we are being charged three to four times over our usual data usage limit, for the last 4-6 billing cycles...",558164,ATT,Sat Dec 02 19:34:49 +0000 2017,"@250393 Hi, Adrianne! We want to help you resolve why you have been charged 4 times the data amount for the past 4 to 6 billing cycles! Please DM us your phone number so that we can research your account further! We look forward to providing you a resolution for your overage! ^DanaS",558163
565317,252467,Sat Dec 02 22:20:52 +0000 2017,@252468 @ATT We got it back and repair guy was a UGA fan so I️ think the universe is back on our side!,565316,ATT,Sat Dec 02 22:41:31 +0000 2017,"@252467 Good day, Meredith!  Thanks for reaching out to us via Social Media concerning your U-verse being back up and running.  We appreciate you for giving us feedback about our services and products.  Feel free to reach back out to us with any question or concern you may have!.  ^Twac",
570404,253911,Sun Dec 03 01:22:45 +0000 2017,@ATT Thank you !,570403,ATT,Sun Dec 03 02:52:00 +0000 2017,"@253911 Not a problem, JR! We are more than happy to provide you with any assistance you need! In the future, if you have any other questions or concerns, please do not hesitate in sending us a DM! We will be standing by, ready and eager to assist! ^YanD",
570406,253911,Sun Dec 03 01:16:23 +0000 2017,@ATT Thanks for reaching out. But I believe it's the cbs app. Because I'm not having any problems with other networks.,570405,ATT,Sun Dec 03 01:21:03 +0000 2017,"@253911 Ok, J.R.! We hope that this issue gets resolved for you as soon as possible! If you have any further issues or questions for me then please feel free to come back to us. We are more than happy to help you with whatever issues you have! ^ShiannF",570404
570408,253911,Sun Dec 03 00:01:08 +0000 2017,@ATT  or @126235  @131187 #allaccess .. I don't know who is to blame but I'm canceling one of you! I pay monthly and the one championship game I wanted to see keeps buffering! Horrible service!!! #cancel,570407,ATT,Sun Dec 03 01:15:00 +0000 2017,"@253911 Hey there, J.R.! We are saddened to see that you are having this experience! Can you please send us a DM with your account information so that we can take a look at this for you! We eagerly wait to hear back form you! ^ShiannF",570406
570410,253912,Sun Dec 03 00:58:40 +0000 2017,"Dear @ATT &amp; @2108-verse, 
How is it you can bring all sorts of wonderful communications technology and entertainment content into our lives, but you can’t make a receiver box that will go more than 24 hours without losing the signal and having to be reset?",570409,ATT,Sun Dec 03 01:36:57 +0000 2017,"@253912 Hi. We want to help look into your receiver's signal issue &amp; help find possible solution that'd  enable you view your TV conveniently. Find troubleshooting here https://t.co/TyurrMngFO Let us know if this helps, for further assistance DM account number. We're here for you! ^NdyE",
570412,253913,Sun Dec 03 00:29:59 +0000 2017,@253914 @ATT It’s so frustrating!!!! If I have to pay for this I’m going to be so pissed,570411,ATT,Sun Dec 03 00:49:52 +0000 2017,"@253913 Oh no, Paige! We can only imagine how unsettling it is to receive a replacement that is malfunctioning and that you are receiving a black screen. We'd love to see what we can do for you, so may you please DM us your wireless number? We can't wait to hear from you! ^MarkaylaE.",
570417,253915,Sat Dec 02 23:08:32 +0000 2017,@253916 @ATT 10 7 Georgia,570416,ATT,Sun Dec 03 00:45:30 +0000 2017,"@253915 Hi there, Steven! We understand that you are concerned with your phone bill being a bit higher than you wanted. We'd love to see what we can do to help you out with this, so may you please DM us your wireless number? We're looking forward to hearing back from you! ^MarkaylaE.",
574162,255026,Sat Dec 02 22:22:59 +0000 2017,@ATT our home internet has been down for 6 days. Our bill is due tomorrow but we can’t get online to pay you for your shitty service.,574161,ATT,Sun Dec 03 05:05:50 +0000 2017,"@255026 Hello Quinn, thank you so much for contacting us today! How can we help you? And your home internet? Please direct message us if this is DSL or U-verse? Thank you, we await for your next reply. ^MonF",
58021,129172,Wed Nov 01 20:15:26 +0000 2017,@ATT @129170 yeah it’s way better than i expected ❤️ LOVED IT! #taylorswiftnow,58023,ATT,Thu Nov 02 22:58:26 +0000 2017,"@129172 We love to hear you're lovin' it, Kaylynn! #TaylorSwiftNOW",58024
58022,129173,Fri Nov 03 04:42:01 +0000 2017,@ATT @129170 REALLY LOVE IT @ATT LOVE YOU TAY❤️@118062,58026,ATT,Fri Nov 03 04:44:54 +0000 2017,@129173 She's the best! 💞 #TaylorSwiftNOW,
58024,129172,Thu Nov 02 23:30:18 +0000 2017,"@ATT It’s seriously a great way to connect with fans, thank YOU!! #TaylorSwiftNOW",58025,ATT,Fri Nov 03 00:51:32 +0000 2017,@129172 🙌 💞,
58030,129174,Thu Oct 26 15:53:19 +0000 2017,"@ATT Now 9 &amp; 10. Wow. Empower your customer service people to solve problems. Because every time I’m transferred, I get more angry.",58027,ATT,Wed Nov 01 19:56:01 +0000 2017,"@129174 Sally, we want to help. If your issue is still unresolved, please send us a DM with details and your account number.","58028,58029"
58038,129176,Wed Nov 01 15:49:32 +0000 2017,@ATT The Making Of A Song video with  @118062 making GORGEOUS was so cool.  #TaylorSwiftNOW,58037,ATT,Wed Nov 01 19:50:06 +0000 2017,@129176 Wasn't it TAY-mazing?! #TaylorSwiftNOW https://t.co/g5xyBNb2h5,
595026,260989,Sun Dec 03 16:58:32 +0000 2017,@ATT @ATT the issues continue with your call center saying one thing and your internet tech saying something different.  Why would I be charged for moving a modem when your original install is not giving me what I’m paying for..this is misleading,595025,ATT,Sun Dec 03 17:03:31 +0000 2017,@260989 Thank you for providing us with your phone number! We're eager to assist you with getting you a manager to call you. We apologize for all the inconvenience you've had to experience with our call center. A manager will be in contact with you.^PeyL,
595029,260990,Sun Dec 03 13:23:54 +0000 2017,@127550 @ATT @118062 Thanks for what you set in motion in Denver.,595028,ATT,Sun Dec 03 16:30:00 +0000 2017,"@260990 Anytime, David! #TaylorSwiftNOW",
595080,260993,Sun Dec 03 15:26:04 +0000 2017,"Otra vez 😡😡😡
Qué sucede con la película 🎥 ? 
@27687 @117830 @27688 
Algún problema técnico ???
Te pasa a ti también ?
RT https://t.co/wuB3dfAVK1",595079,ATT,Sun Dec 03 16:08:01 +0000 2017,@260993 Hola! Asistencia en espanol esta disponible visitando https://t.co/xUtiyts2J3 o por telefono llamando al 800-288-2020. ^DevD,
595082,260994,Sun Dec 03 15:27:07 +0000 2017,@27688 @23250 @117830 que pasa con los canales nacionales en HD q están congelados!!!!!,595081,ATT,Sun Dec 03 15:46:30 +0000 2017,"@260994 Michel, Asistencia en espanol esta disponible por telefono llamando al 888-388-6622. Gracias! ^PegN",
602206,262945,Sat Dec 02 01:22:53 +0000 2017,@ATT I would like you to know how frustrated I am with AT&amp;T.  I found out someone hacked my account and changed the address.  Added an authorized user.  Ordered a phone and I spent 40 min on hold with fraud then hung up on and waited 61 min before hung up on again.  Horrible,602205,ATT,Sun Dec 03 21:49:25 +0000 2017,"@262945 Hi Angie, we would like to help. Please DM us your account and contact info as well as any additional details you have.",
602208,262946,Sat Dec 02 21:28:49 +0000 2017,@ATT need fraud help  waited online for over 2 hours,602207,ATT,Sun Dec 03 21:43:27 +0000 2017,"@262946 Hi Adam, we would like to look into this. Please send us a DM and include your account and contact info as well as details about what is going on.",
602210,262947,Sun Dec 03 21:14:37 +0000 2017,@118028 @ATT the rep told me the 170$ was for 1 day bc theyre system needs SOME numerical value into the system&amp;all new customers pay this amt...,602209,ATT,Sun Dec 03 21:23:00 +0000 2017,"@262947 Hello, Brienna! We would be more than happy to discuss your questions or concerns regarding this $170 charge!  Please DM us with more details on your current situation so that we can get you the assistance you need. Rest assured, we are here to help! ^YanD",
602212,262948,Fri Dec 01 01:26:22 +0000 2017,".@ATT @117735 I need for you to fix the broadcasting of my ""hidden"" wifi. It's not so hidden.... Disabled must mean something else to you....",602211,ATT,Sun Dec 03 21:12:00 +0000 2017,@262948 You're loud and clear! That visible Wi-Fi is definitely something we want to look into for you. Please follow us and DM your account number along with your best contact number and brief details of your experience so we may get to the bottom of this. Eager for your response! ^LarL,
602215,262949,Sun Dec 03 20:40:33 +0000 2017,"Hi @ATT and @AsurionCares :) The refurbished phone you sent me started showing signs of touch-screen disease (a known issue on refurbished iphone6s+ models). Please help me understand why I have to pay you to replace it, when I'm the one being inconvenienced by this phone defect",602213,ATT,Sun Dec 03 20:52:36 +0000 2017,@262949 The frustration surrounding faulty phones is certainly understandable and we're eager to look into that unresponsive touch screen for you! Learn about refurbished phone warranties simply by clicking here https://t.co/30FHzwaokV. Let us know if you need further assistance. ^LarL,602214
610150,265058,Tue Nov 21 03:35:09 +0000 2017,@ATT lied to me about the package. Said it was more than I agreed to. Once they finally gave me a package I agreed to they gave me every excuse saying their system can’t send a confirmation email. I was on the phone over 1:20hr and the rep hung up on me.  😡,610149,ATT,Wed Nov 22 12:34:00 +0000 2017,"@265058 Good morning, Kaylee. We apologize for the delayed response. Are you still needing assistance? Please reach back out to us soon in a DM.  ^BrianaB",
610209,265073,Mon Oct 02 21:15:24 +0000 2017,"@ATT still no service.  When are you going to fix the issue in Lake Geneva, WI?",610208,ATT,Mon Oct 02 21:25:32 +0000 2017,@265073 Thanks for reaching out to us! Which service are you experiencing service interruptions with? DM us for more info! ^MikeM,
610518,265164,Mon Oct 02 17:00:18 +0000 2017,@ATT Installation*,610517,ATT,Mon Oct 02 17:10:00 +0000 2017,@265164 Do you need an installation appointment? We are here to help. Dm us more info about what's going on. Talk to you soon. ^michr,
616747,266339,Thu Oct 26 01:04:50 +0000 2017,"@116136 : spent 45 mins on phone to set up new internet acct, then cut off. Will @ATT set me up at 33062? #furious.",616746,ATT,Thu Oct 26 02:18:52 +0000 2017,"@266339 Hey, Don! We would love to see what options we may have to set you up with new service! DM us your best contact number and address. ^AsiaC",
616750,266340,Fri Oct 20 19:04:02 +0000 2017,@ATT @225694 I am beyond disgusted!!!!!,616749,ATT,Thu Oct 26 02:54:34 +0000 2017,"@266340 @225694 @266340 Lin, we want to get that turned around asap! However, is this still an ongoing concern with you service? Let us know! ^ErnL",
616761,266342,Thu Oct 26 02:29:48 +0000 2017,@117735 I have not seen progress @ATT,616760,ATT,Thu Oct 26 02:48:12 +0000 2017,"@266342 Have faith in us, we've got your back! DM us for information on our plan to credit customers impacted by the hurricane. We're here! ^PrisC",
616811,266351,Thu Oct 26 03:36:39 +0000 2017,...don’t you mean @52727 @att? #oneeternitylater https://t.co/OMdL0vjp5M,616810,ATT,Thu Oct 26 03:53:00 +0000 2017,"@266351 Yikes! Have you tried troubleshooting your router? If not, click this link: https://t.co/kEFNoaJkst Let us know if this helps! ^MakJ",
616813,266352,Thu Oct 26 01:40:43 +0000 2017,@ATT Update: still no internet.,616812,ATT,Thu Oct 26 02:45:44 +0000 2017,@266352 Please DM us your account number and phone number so we can look into your internet issue for you. We are here to help you. ^WaleA.,
61814,130158,Tue Oct 31 01:05:36 +0000 2017,@119777 @ATT Yaaaaaaa I got all 5 yesterday I love you 😍,61813,ATT,Wed Nov 01 21:24:37 +0000 2017,"@130158 EPIC! Thanks for joining the #JusticeLeague. For even more fun, check out https://t.co/mGbVQEp3UK https://t.co/sqWVzQlidO",
61816,447459,Tue Oct 31 00:09:52 +0000 2017,@119777 @ATT I got mine already https://t.co/Ol1GwC2MHh,1408851,ATT,Wed Nov 01 21:30:08 +0000 2017,@447459 Booyah! We’re so happy you could #JoinTheLeague! What’s your #superpower? https://t.co/m0u8OFAOb6 https://t.co/vdnid36Vbd,
61825,11113,Wed Nov 01 21:03:24 +0000 2017,@128950 @116136 @att - please help Farhad,61824,ATT,Wed Nov 01 21:19:36 +0000 2017,"@11113 Thanks, Mat! Please have @128950 send us a DM with more info so we can help!",
622289,267706,Wed Nov 22 17:30:05 +0000 2017,@ATT @118062 @127550 It does feel so good! My favorite song off of rep!!! 🎼❤️,622288,ATT,Wed Nov 22 17:34:50 +0000 2017,@267706 @118062 @127550 This song makes us feel SO GOOD! https://t.co/zpqq49CCBP,
622294,267707,Wed Nov 22 16:01:28 +0000 2017,@ATT @118062 @127550 I love this soooonggg and her laugh in that video 😍😍😍,622299,ATT,Wed Nov 22 17:32:01 +0000 2017,@267707 @118062 @127550 Hanging in the studio with Taylor is a RIOT! https://t.co/ZPRLy0k4be,
622295,239062,Wed Nov 22 16:00:46 +0000 2017,@ATT @118062 @127550 LOVE WATCHING THESE SO MUCH!,622296,ATT,Wed Nov 22 17:32:42 +0000 2017,@239062 @118062 @127550 Our favorite part goes like this… https://t.co/A9PntSGKIA,"622297,622298"
622301,267708,Wed Nov 22 01:15:02 +0000 2017,My dad deciding to switch to Direct TV this year was honestly one of the best things that has happened in my life. ALL THE TAYLOR SWIFT. @ATT #TAYLORSWIFTNOW @121574 @118062,622300,ATT,Wed Nov 22 17:27:41 +0000 2017,"@267708 Sometimes you can’t hold your excitement in. Don’t forget to tune into #TaylorSwiftNOW, NOW! https://t.co/Nd6Y2eF6BL",
622303,267709,Wed Nov 22 16:30:33 +0000 2017,My favorite part is when @118062 has trouble doing the RA TA TA TA part!! #taylorswiftnow https://t.co/mGbfNcBcFH,622302,ATT,Wed Nov 22 17:16:01 +0000 2017,@267709 LOL https://t.co/n0Ox1QKWwV,
622305,267710,Wed Nov 22 15:45:04 +0000 2017,"""the increase in fatalities has been largely among bicyclists, motorcyclists, and pedestrians—all of whom are easier to miss from the driver’s seat than, say, a 4,000-pound SUV—especially if you’re glancing up from your phone"". #ItCanWait https://t.co/c2au8rDfqz",622304,ATT,Wed Nov 22 17:08:28 +0000 2017,"@267710 Thanks for sharing, Barb! The impact of distracted driving on road safety is shocking but together we can spread why #ItCanWait. Keep sharing! 👍",
622307,267711,Wed Nov 22 16:34:21 +0000 2017,@267712 @ATT That's awesome (the regional ISP not your lawn. RIP lawn). Which ISP is it if you don't mind me asking? Thanks for fighting the good fight!,622306,ATT,Wed Nov 22 16:40:42 +0000 2017,"@267711 Hello, thanks for reaching out to our social media team. Is there anything we can assist you with today? If so, please let us know! ^VeroP",
622314,267709,Wed Nov 22 16:16:09 +0000 2017,I'm seriously considering switching to @ATT just do I can watch #TaylorSwiftNOW!!! I hate how I can't watch my beloved @118062!!!!,622313,ATT,Wed Nov 22 16:24:00 +0000 2017,"@267709 Hi Melissa! For more information, and to sign up for a 7-day trial of DIRECTV NOW, visit https://t.co/zh0Rd9AqIk. #TaylorSwiftNOW",
622316,267714,Wed Nov 22 07:36:53 +0000 2017,I’ve been so emotional today omg I started crying because we don’t have Direct TV so I can’t watch Taylor Swift Now,622315,ATT,Wed Nov 22 16:16:32 +0000 2017,"@267714 We don't like to hear that! For more information, and to sign up for a 7-day trial of DIRECTV NOW, visit https://t.co/zh0Rd9AqIk. #TaylorSwiftNOW",
622318,267715,Wed Oct 04 22:09:34 +0000 2017,@ATT Having a lot of issues with trying to watch an HBO show online through my account on U-verse. Keep receiving error code 3.8.,622317,ATT,Wed Oct 04 22:39:00 +0000 2017,@267715 We'd like to help - please DM us with more info so we can investigate. ^FredrickC,
623361,267969,Mon Oct 02 00:30:38 +0000 2017,@ATT Vieques needs temp cell service. Thanks.,623360,ATT,Mon Oct 02 05:02:00 +0000 2017,"@267969 Thank you for bringing this to our attention, Patricia! We will do all we can to bring cell service to Vieques asap! ^MikeM",
624293,268195,Mon Oct 02 05:00:04 +0000 2017,I called and reported an outage to @ATT and they said it was a problem on my end and the outage ended 30 min after I hung up.,624292,ATT,Mon Oct 02 13:44:30 +0000 2017,"@268195 Hello Chelle, If you're still having outage problem please don't hesitate to DM us for assistance. ^JC Social Media Specialist",
624577,268265,Tue Oct 10 16:23:39 +0000 2017,"Why tf my phone keep saying ""no service"" @ATT",624576,ATT,Tue Oct 10 18:12:33 +0000 2017,@268265 That's not what we like to hear Lane! Allow us to look into your service. Dm us your zip code and cell number. Thank you! ^JaredA,
624580,268266,Tue Oct 10 18:05:11 +0000 2017,@268267 @ATT @ATT DTV customer service is horrible!   Didn't used to be that way before they took over.  Frustrating!..hrs on the line with incompetence!,624579,ATT,Tue Oct 10 18:11:32 +0000 2017,@268266 We would love to resolve your DirecTV concerns could you please send us a DM so we may better assist you? ^BrandonM,
624581,268267,Tue Oct 10 16:47:41 +0000 2017,"why doesn't @ATT use English speaking operators I was transferred to St Petersburg Russia, what gives? American Telegram and Telegraph eh?",624585,ATT,Tue Oct 10 16:53:34 +0000 2017,"@268267 Hi There! Whatever issue you're having, we would love to address it here, via social media! DM us with you concerns. ^Dmya https://t.co/7m6RT3Hk4n",
624974,268331,Fri Oct 27 11:10:58 +0000 2017,"@ATT I ordered 2 iPhone 8’s, 7 days ago.  The estimated deliver date was 2 days ago. Still no email saying my order has been processed!",624973,ATT,Fri Oct 27 11:30:00 +0000 2017,@268331 Thanks for reaching out about your 2 iPhones.Please Dm us your phone number so we can get to the bottom of this seven day delay.^AlonzoW,
628571,140883,Sun Nov 19 20:37:58 +0000 2017,Just spent an hour with AT&amp;T in Boca Raton Mall . I am sure I have come out with brain damage. Welcome to the USA Alan . I forgot about this . @ATT @117735,628572,ATT,Tue Nov 21 18:11:00 +0000 2017,"@140883 @140883 , We are sorry to hear about your experience in Boca Raton Mall! Please DM us so that we can talk to you and get you the experience you deserve! ^ZachC",
628571,140883,Sun Nov 19 20:37:58 +0000 2017,Just spent an hour with AT&amp;T in Boca Raton Mall . I am sure I have come out with brain damage. Welcome to the USA Alan . I forgot about this . @ATT @117735,628570,ATT,Wed Nov 22 15:24:12 +0000 2017,@140883 Good morning! Were you still looking for a better experience and further assistance? Please DM us and let me know so we could provide it and more for you! ^ZachC,
628599,268901,Wed Nov 22 05:55:09 +0000 2017,"@ATT Why not look into it now, or frankly, 10 hours ago? Why wasn’t anyone with @ATT disturbed about this 1) when it happened, or 2) when we made 4 phone calls to customer service? Patience is low: you caused missed deadlines, lost income, lost work.",628598,ATT,Wed Nov 22 13:47:06 +0000 2017,"@268901 Hi Liz, I am sorry for the issues that you have had. Please follow/DM your account and contact info and we can look into that for you. ^DavidT",
628601,268901,Wed Nov 22 05:16:28 +0000 2017,@ATT But what happened today? Why did your employee break our internet and then literally walk away? Then another employee cancelled the “fix” appointment w/o telling us so the day was wasted waiting instead of going somewhere w/functional WiFi. WHY?,628600,ATT,Wed Nov 22 05:42:24 +0000 2017,@268901 We find it quite disturbing to hear that our tech broke your internet and your appointment was changed without notice. Please  be patient with us to look into all your internet issue for you tomorrow. Thank you for your understanding. ^WaleA.,628599
628603,268901,Wed Nov 22 04:25:28 +0000 2017,"No response, @117735 and @ATT ? It’s sure looking like you want to lose customers. https://t.co/0c0o1A7XLL",628602,ATT,Wed Nov 22 05:02:23 +0000 2017,"@268901 Hi, Liz! We understand how much you want your internet fix and we appreciate the urgency. Please be patient with us till tomorrow when our tech will come and fix your internet issue. We are here to help you and we will do our best to ensure your tech gets to you on time. ^WaleA.",628601
628606,268902,Wed Nov 22 13:31:25 +0000 2017,@268903 @268904 @ATT My bill is stupid but I never hear good things about anyone else. Plus not doing a deposit,628605,ATT,Wed Nov 22 13:44:08 +0000 2017,"@268902 Hey there, thanks for reaching out to our team. We take billing issues seriously and if you're experiencing that, please DM us to assist you. Thank you! ^VeroP",
628612,268905,Wed Nov 22 07:30:09 +0000 2017,@ATT I did come back.. that’s why I’m happy,628611,ATT,Wed Nov 22 13:24:00 +0000 2017,@268905 Great! We're happy to have you back. Thank you for being apart of the AT&amp;T family. We appreciate your business! ^ErinJ,
628614,268905,Wed Nov 22 06:09:21 +0000 2017,"@ATT No I’m happy, not complaining 😂",628613,ATT,Wed Nov 22 06:55:29 +0000 2017,"@268905 Thank you, Bretton! We truly love to hear that you miss us! We truly miss you as well! We would love for you to come back to the family! Please feel free to reach out to us! We look forward to hearing back from you! ^RiRi",628612
628617,268906,Wed Nov 22 12:21:15 +0000 2017,I didn’t realize how influential @123765 was until I tweeted about an issue I’ve had for a couple months with @ATT and @117830... in a matter of a few days @117735 resolved it,628616,ATT,Wed Nov 22 13:18:00 +0000 2017,"@268906 Thank you so very much! I was glad to help get this resolved! Thank you for your wonderful words and valued business with us! Have a great rest of your day! ^Tammy Y., AT&amp;T Social Media Manager",
628619,268907,Wed Nov 22 12:52:59 +0000 2017,Good morning to everyone except @ATT still. You still ow me money.,628618,ATT,Wed Nov 22 12:58:43 +0000 2017,"@268907 Hello there Justin, thank you for reaching out to us. Could you send us a DM with more details of your situation? We're here to help! 6VeroP",
63703,130641,Fri Nov 10 21:31:02 +0000 2017,@ATT no luck,63704,ATT,Fri Nov 10 23:34:01 +0000 2017,"@130641 Hello Alex, in order to DM us you will have to mark the follow in AT&amp;T Cares. the dm us and the system will recognize and send it through. ^GeorgiaJ",2238369
63703,130641,Fri Nov 10 21:31:02 +0000 2017,@ATT no luck,63701,ATT,Sat Nov 11 17:25:00 +0000 2017,"@130641 Hello Alex it is Georgia with AT&amp;T Social Media . Have you been able to follow us at AT&amp;T Cares?
If you need further assistance please reach out to us here at AT&amp;T Social Media. Thank you  ^GeorgiaJ",63702
63706,130641,Fri Nov 10 19:33:39 +0000 2017,@ATT I'm trying to DM you but I'm not getting that option.,63705,ATT,Fri Nov 10 21:25:33 +0000 2017,@130641 try now Alex.  ^GeorgiaJ https://t.co/7m6RT3Hk4n,63703
63708,130641,Fri Nov 10 18:13:54 +0000 2017,@130643 I will have to take a look since @ATT treated me like crap. I will look at @115725 and @115911 as well. Change is good.,63707,ATT,Fri Nov 10 19:19:00 +0000 2017,@130641 This is Georgia with AT&amp;T Social Media. I am inviting you to DM so that we can continue in a secure way with your situation. Thank you  ^Georgia,63706
63708,130641,Fri Nov 10 18:13:54 +0000 2017,@130643 I will have to take a look since @ATT treated me like crap. I will look at @115725 and @115911 as well. Change is good.,63709,ATT,Fri Nov 10 19:27:27 +0000 2017,@130641 Ales this is Georgia with AT&amp;T Social Media for your security may i impose on you to remove your  phone number from the public post. Thank you for being a valued AT&amp;T customer. ^GeorgiaJ,2790907
638538,271434,Wed Nov 22 19:33:06 +0000 2017,@ATT Do i DM you or @117735 ?,638537,ATT,Wed Nov 22 19:57:32 +0000 2017,@271434 You can DM us on the @117735 page. We'll be awaiting your DM. ^MiimiiH,
638540,271434,Wed Nov 22 19:19:13 +0000 2017,@ATT I wish i could DM you right now but my phone won’t load it 😬 I’ll try when I’m in some WiFi!,638539,ATT,Wed Nov 22 19:31:28 +0000 2017,"@271434 Not a problem, we'll be here waiting until you get the chance to be on WiFi. We just want to keep your information private and secure. Hope to hear from you soon! ^MiimiiH",638538
638542,271434,Wed Nov 22 18:59:32 +0000 2017,@ATT It’s been happening ever since I landed in NY for about 2 hours. I’ve rebooted the phone twice but it won’t let me download my photos from the cloud or anything for that matter. Thanks for the help!,638541,ATT,Wed Nov 22 19:10:00 +0000 2017,"@271434 Wow, two hours is a long time to go without your LTE working properly, especially if your in another state! Can you DM us the phone number on your account and your best contact number if it's different? We're awaiting your response. ^MiimiiH",638540
638544,271434,Wed Nov 22 17:28:15 +0000 2017,@ATT WHYYYYYYY is your LTE the slowest worst thing ever?! 😩 you’re killing me today,638543,ATT,Wed Nov 22 18:49:27 +0000 2017,"@271434 Oh no, Jackie! We'd love to assist you with getting your LTE where it should be. Have you tried any troubleshooting tips? How long has this issue been happening? Let us know. we're here to help brighten your day up. ^MiimiiH",638542
638546,271435,Wed Nov 22 18:39:50 +0000 2017,"9)
@ATT  you rip off any other US #military #Veterans today? Just checking.  Maybe you are moving on to #unwedMothers now. Got to keep those profits up, right? You really should change that @117735 name, since you obviously don’t. #DealingWithAtt",638545,ATT,Wed Nov 22 18:48:32 +0000 2017,"@271435 Hi Sheldon! To best assist you, please follow and DM us your concerns. Happy Holidays! ^Beth C.",
638548,271436,Wed Nov 22 18:08:19 +0000 2017,I don’t think ima pay this WiFi after this month @ATT y’all lost a customer,638549,ATT,Wed Nov 22 18:19:29 +0000 2017,@271436 Good afternoon! We are displeased to hear that you want to leave our AT&amp;T family. Please allow our social media team to turn this around for you so that you may consider staying. Please DM us your experience with your Wi-Fi services. We await your reply! ^ArlaF.,
638548,271436,Wed Nov 22 18:08:19 +0000 2017,I don’t think ima pay this WiFi after this month @ATT y’all lost a customer,638547,ATT,Wed Nov 22 18:33:31 +0000 2017,@271436 Hi Brad! We would hate to see you go! Send us a DM with more details regarding the reason of you wanting to leave us along with your account number so we can further assist you with resolving your internet service issue. We are eagerly waiting for your response. Thanks! ^RazR,
638553,271438,Mon Nov 20 01:20:09 +0000 2017,@ATT @271439 @19516 @271440 @271441 Too bad my cable is out for 5th time since nov 1st so can't watch anything!,638552,ATT,Wed Nov 22 18:21:00 +0000 2017,"@271438 The social media care team would love the opportunity to help you. Can you please DM us with more information about service concerns, your service type and account number to further investigate and provide assistance. We await your response! ^AbayomiO",
638560,139372,Wed Nov 22 17:09:13 +0000 2017,"Welp, Seahawks and Sounders are done. Can’t wait to watch WSU get wrecked yet again in the Apple Cup 😁",638559,ATT,Wed Nov 22 18:14:45 +0000 2017,"@139372 @139372 Next weekend's game is going to be intense! Follow &amp; DM us, we may have something for you! #SoccerEverywhere",
638562,271442,Wed Nov 22 04:54:01 +0000 2017,@167829 Great job Sounders! Now they come to our house!,638561,ATT,Wed Nov 22 18:14:22 +0000 2017,"@271442 @271442 that was such a huge win! We love your soccer passion, follow &amp; DM us, we may have something for you #SoccerEverywhere",
638564,271444,Wed Nov 22 04:45:40 +0000 2017,"@167829 Me celebrating the Sounders Victory right now

#GoSounders https://t.co/Fwkf1EmU7T",638568,ATT,Wed Nov 22 18:13:33 +0000 2017,"@271444 @271444 haha that was such a huge win! We love your soccer passion, follow &amp; DM us, we may have something for you #SoccerEverywhere",
638566,271443,Wed Nov 22 06:35:40 +0000 2017,@167829 Great game! It was fun to watch!,638565,ATT,Wed Nov 22 18:13:56 +0000 2017,"@271443 @271443 that was such a huge win! We love your soccer passion, follow &amp; DM us, we may have something for you #SoccerEverywhere",
638570,271445,Wed Nov 22 17:41:37 +0000 2017,That moment you realize your new apt offers atnt for which means you can get Taylor Swift Now https://t.co/u0pylhnWZN,638569,ATT,Wed Nov 22 17:53:07 +0000 2017,@271445 Dance party time! https://t.co/05T2onZerL,
641237,272158,Tue Oct 03 23:43:29 +0000 2017,Waiting forever for @ATT to frigging answer their phone.  Chat is busy.  Where do I get help????????,641236,ATT,Wed Oct 04 03:47:28 +0000 2017,"@272158 We're here for  you, Laura! We do apologize for the delay, we'd be happy to help you here. What can we do for you? ^TeciR",
641261,272164,Sat Sep 30 17:25:39 +0000 2017,@ATT THAT WOULD BE GREAT BUT YOUR DMS ARE CLOSED I CANT SEND YOU ONE UNLESS YOU OPEN THEM OR FOLLOW NE,641260,ATT,Tue Oct 03 17:22:34 +0000 2017,"@272164 Hey, OG YON! 
 I’ve ensured our Direct message is working, Please send a DM if you need any help so I can resolve any concerns ASAP!",
641263,272164,Sat Sep 30 00:40:07 +0000 2017,@272165 @ATT HOW?,641262,ATT,Sat Sep 30 14:51:36 +0000 2017,"@272164 Hey, OG YON, I can help you with that! The unlimited Plus plan supports hotspot! Send me a DM to get this feature added ASAP",641261
641267,272166,Fri Sep 29 02:19:34 +0000 2017,.@ATT just had Enjoy engineer home visit and totally fail to set up new iPhone. Think he was a scam. Please help,641266,ATT,Tue Oct 03 02:25:34 +0000 2017,"@272166 Hi, we'd like to help. Please send us a DM with more details as well as your account and contact info.",
641271,272168,Mon Oct 02 22:03:00 +0000 2017,@ATT I sent in the request and is was denied i bought it in 2016 and is was prepaid and the service expired,641270,ATT,Mon Oct 02 22:46:00 +0000 2017,"@272168 Hello Harold, you have come to the right place for unlocking help. Click and follow prompts. https://t.co/mN6uEq4ni9 ^RickyY",
644610,272993,Wed Nov 22 01:40:28 +0000 2017,"*sigh*... I pay @ATT $10/month for phone insurance with @116297. 
My phone screen cracked and I filed a claim. 
They charged me $225 to replace the screen. 

...But if I had filed a repair directly with Samsung, it would also be ~$225... (minus the $10/month fee.)",644613,ATT,Wed Nov 22 01:56:00 +0000 2017,"@272993 How are you doing, Nican? Thank you for contacting the AT&amp;T social media team. We know how upsetting it can be to be charged $225 for screen replacement. Please DM us what issue you will like us to help you with regarding your phone repair? We await your reply.  ^WaleA.",2806508
654160,275609,Wed Nov 22 20:33:07 +0000 2017,Trying to buy new phones only to find out there's been fraud on my account. On hold to report it with @ATT @117735 for 35 mins no answer,654159,ATT,Wed Nov 22 21:17:00 +0000 2017,"@275609 Hi, if you still need assistance with this issue, please send us a DM and include your account and contact info and any other additional details you can provide.",
654162,188912,Wed Nov 22 20:59:50 +0000 2017,"@29960 don’t sign up for this in your car, total rip off, extra fees they don’t tell you, data plan thru @ATT which is a joke. Definitely no care for customer",654161,ATT,Wed Nov 22 21:07:35 +0000 2017,"@188912 Hi Jeff, We want to turn your experience around for you. Please let us know if it's anything we can do for you. ^PaigeB",
654164,275610,Tue Nov 21 00:55:12 +0000 2017,"#ad

hiii . please join me in supporting .

&lt;3

 lgbt youth are 6x more likely to experience homelessness. please RT to help @att reach 100k views in support of @275611 ! 

#helplgbtyouth https://t.co/DxgfS7K9KQ",654163,ATT,Wed Nov 22 20:50:31 +0000 2017,@275610 We are truly grateful to have your support @275610 and to be working together to #HelpLGBTyouth.,
654166,275612,Fri Nov 17 18:50:09 +0000 2017,#Ad 40% of youth experiencing homelessness are LGBT. RT to help @ATT and the @275611 #HelpLGBTyouth! https://t.co/XhQO0kH1Dr https://t.co/mGz8Xh42vt,654165,ATT,Wed Nov 22 20:46:57 +0000 2017,@275612 Thank you @275612 for partnering with us to spread the word and #HelpLGBTyouth.,
654168,275613,Tue Nov 14 23:14:11 +0000 2017,"Best way to change the world, is to first be aware of the problem. Lets change it together! RT to help spread awareness. #att #helpLGBTyouth #attliveproud https://t.co/K3ZUDSfb0u",654167,ATT,Wed Nov 22 20:46:09 +0000 2017,@275613 Thank you @275613 for partnering with us to spread the word and #HelpLGBTyouth.,
654170,275614,Tue Nov 14 20:53:26 +0000 2017,#Ad 40% of youth experiencing homelessness are LGBT. RT to help @ATT and the @275611 #HelpLGBTyouth! https://t.co/z6dCxSx38W 💛💛💛 https://t.co/FHYYoq6L7r,654169,ATT,Wed Nov 22 20:45:18 +0000 2017,@275614 Thank you @275614 for partnering with us to spread the word and #HelpLGBTyouth.,
654172,275615,Fri Nov 17 23:17:33 +0000 2017,I've never had to deal with a company that you sign up for service and 2 months later they still haven't installed a damn thing. WTF @ATT . If you can't provide the service let me know so I can go elsewhere!?!,654176,ATT,Thu Nov 23 16:38:08 +0000 2017,"@275615 Good morning Nehemie, Happy Holiday! I just want to know if when will you be available to hold a conference call with our tech specialist to assist you. I really want to go to the bottom of this situation and help you as you deserve! ^Benjamin F, Social media specialist.",
654172,275615,Fri Nov 17 23:17:33 +0000 2017,I've never had to deal with a company that you sign up for service and 2 months later they still haven't installed a damn thing. WTF @ATT . If you can't provide the service let me know so I can go elsewhere!?!,654177,ATT,Tue Nov 21 18:37:52 +0000 2017,"@275615 Good afternoon Nehemie! I could definitely help you out with your delayed schedule appointment. This link is to contact me: &lt;link&gt;https://t.co/PGdeA6csIC&lt;/link&gt;  I can be reached at 1-800-417-1757 extension 5756, 9AM until 6PM EST, Sun-Friday. ^BenjaminF, Social Media specialist.",
654172,275615,Fri Nov 17 23:17:33 +0000 2017,I've never had to deal with a company that you sign up for service and 2 months later they still haven't installed a damn thing. WTF @ATT . If you can't provide the service let me know so I can go elsewhere!?!,654175,ATT,Thu Nov 23 17:12:00 +0000 2017,"@275615 Hi Nehemie! I've been unable to reach you over the phone to continue with your request. I really want to assist you, and remember that I'm here for you when you need me! Happy Thanksgiving!! ^BenjaminF, Social Media specialist.",
654172,275615,Fri Nov 17 23:17:33 +0000 2017,I've never had to deal with a company that you sign up for service and 2 months later they still haven't installed a damn thing. WTF @ATT . If you can't provide the service let me know so I can go elsewhere!?!,654171,ATT,Wed Nov 22 20:32:55 +0000 2017,"@275615 So, Nehemie, it's needed to get in touch with you to confirm some account information ,like the account holder name, and the information the tech specialist requires. I really want to help, and thank you for giving me the chance! ^Benjamin F, Social media specialist.",
654172,275615,Fri Nov 17 23:17:33 +0000 2017,I've never had to deal with a company that you sign up for service and 2 months later they still haven't installed a damn thing. WTF @ATT . If you can't provide the service let me know so I can go elsewhere!?!,654173,ATT,Wed Nov 22 20:29:29 +0000 2017,"@275615 I can definitely understand your frustration for the installation delay, and believe me that I want to go to the bottom  of this issue to get the accurate information about what is going on, and see what are the options we have to make this situation to come to an end.",
654172,275615,Fri Nov 17 23:17:33 +0000 2017,I've never had to deal with a company that you sign up for service and 2 months later they still haven't installed a damn thing. WTF @ATT . If you can't provide the service let me know so I can go elsewhere!?!,654174,ATT,Wed Nov 22 20:27:28 +0000 2017,"@275615 Good afternoon Nehemie! I've just tried to reach you to get some more information about your account, and to have a call conference with one of our Tech Specialists, in order to figure out the reason why the installation of your services has been delayed for so long",
656012,276055,Thu Oct 05 16:27:45 +0000 2017,"@ATT Yes, if you follow me. Things are better this morning but still only half speed (measured with Ethernet cable) https://t.co/6pOTtVbLzM",656014,ATT,Thu Oct 05 16:58:00 +0000 2017,@276055 Please send us a message to our @117735 handle. It doesn't require you to follow us to send or receive. Thank you ^BarryR,
656013,276055,Thu Oct 05 02:33:54 +0000 2017,Boy @att gigabit broadband really flailing tonight. Router reboot brought back from dead but still weak. https://t.co/Tna3xkoiqh #speedtest,656011,ATT,Thu Oct 05 12:30:31 +0000 2017,@276055 Sorry to hear about your internet concerns. Please send us a direct message with your account information so we can assist. ^BarryR,656012
666841,278904,Thu Nov 23 01:32:14 +0000 2017,@188044  @ATT  Without signal East Part Puerto Rico,666839,ATT,Thu Nov 23 03:06:33 +0000 2017,"@278904 Hi, Mario! We appreciate you taking the time to make sure that we are aware of the outage in Puerto Rico and want you to know that technicians are already working toward a resolution as quick as possible. We apologize for this inconvenience.^KarZ",666840
666843,278905,Thu Nov 23 00:23:26 +0000 2017,@30382  @117830 El servicio de atención al cliente es pésimo. 48 minutos al teléfono y me cortaron. Necesito dar la baja del servicio @30383 #directv https://t.co/5ook1B2Cr8,666842,ATT,Thu Nov 23 01:36:00 +0000 2017,"@278905 ¡ Hola, Diego! ¡ Gracias por llegar a nosotros! ¿Estás tratando de cancelar BAconsumidor en DirectV pero has estado en espera de 48minutes? Odiamos oír eso. ¡ le agradecemos de verdad por estar separado de la familia! ¡ Estamos ansiosos de escuchar de nuevo! ^RiRi",
666845,278906,Wed Nov 22 01:05:14 +0000 2017,"Finally received my new phone from @ATT and guess what? Two days later, and now I can’t make phone calls. 
Thanks for the brick, guys!",666844,ATT,Thu Nov 23 00:45:00 +0000 2017,"@278906 Good evening, Aleisha, our team would love to look into whats going on with your phone. Kindly DM us details on what you are experiencing along with your account number. We look forward to working with you. ^MakH",
666847,278907,Mon Nov 20 16:17:26 +0000 2017,@ATT cant get a real answer from AT&amp;T.  Seems like one department is not talking to another.  Can’t take it anymore.  Suggestions anyone?,666846,ATT,Thu Nov 23 00:43:30 +0000 2017,"@278907 Hello Lorraine, we hope that you and your family are doing well. We apologize for your lack ups service. We are here to help get your service restored. Please DM the services that you have (U-verse, DIRECTV) and your account numbers? We thank you for your patience. ^RickeyY",
670401,279919,Thu Nov 23 02:00:06 +0000 2017,the headphones even janky yall really tried me @ATT @115858 .,670400,ATT,Thu Nov 23 03:36:34 +0000 2017,"@279919 Good evening! Thanks for reaching out for assistance! We understand your frustration with the device and accessory you received.  Can you please tell us a little more about it in a DM, along with your wireless number? We're here to help! Hope to hear from you soon! ^AdiS",
670802,280022,Sun Aug 27 21:21:42 +0000 2017,Congrats @ATT. You are the Floyd Mayweather of ineptitude when it comes to customer service. Undefeated!,670800,ATT,Sun Aug 27 22:43:00 +0000 2017,@280022 Jordan we are here to help! Please DM us if you need anything. ^EdwinE,670801
671865,280297,Thu Oct 19 00:24:34 +0000 2017,"@115911 I heard y’all can beat these crooks over at @ATT - Fam, help a brother out!",671864,ATT,Thu Oct 19 00:56:51 +0000 2017,"@280297 Hello J! We definitely don't want to lose you as a customer.Please DM details, along with your wireless number.Thanks!^ErinJ",
681639,282681,Thu Oct 05 17:21:38 +0000 2017,@att y’all customer service ain’t worth 💩! 😡,681638,ATT,Thu Oct 05 17:36:00 +0000 2017,@282681 We'd love to help! Could you send us a DM more information about your customer service experience? We await your reply ^AbayomiO,
685526,239141,Thu Nov 23 08:08:58 +0000 2017,@117735 @ATT is fraud!!,685525,ATT,Thu Nov 23 12:42:00 +0000 2017,@239141 Hey Hey Hey! Why do you feel that we are frauds Haley! We want to do right by you in every possible way. Can you please direct message us with more information to as what is going on? We look forward to hearing back from you. ^MichR,
691325,116681,Mon Oct 16 07:25:24 +0000 2017,"@ATT has been trash, @115900 has been EXTRA trash, im about to switch both of them. Im over this.",691324,ATT,Mon Oct 16 11:13:00 +0000 2017,@116681 Hey! Please DM us with details so that we may further assist you getting your LTE data speeds back. We're here for you! ^ChristiM,
693551,285352,Thu Oct 05 21:18:59 +0000 2017,"I'm getting @ATT 25mb they told me I'd have a 5 up, wonder if it's another lie 🤔",693550,ATT,Thu Oct 05 21:37:34 +0000 2017,"@285352 Hello John, we are here to help you with your speed. Try this helpful troubleshooting link? https://t.co/PkxqpwohE6 ^RickeyY",
697071,286330,Tue Oct 10 18:35:29 +0000 2017,@ATT hey only 20 minutes into this call explaining to your reps what the last two reps failed to accomplish. Of course every call new policy,697070,ATT,Tue Oct 10 18:44:25 +0000 2017,@286330 Hi Larry! We'd love to help you. Send us a DM with your concerns so we can address them! ^Dmya https://t.co/7m6RT3Hk4n,
697073,129177,Tue Oct 10 18:29:23 +0000 2017,"@ATT @117830 @127550 Channeling my inner @118062 🐍

@121574 @115817 https://t.co/LL3jUjmdEJ",697072,ATT,Tue Oct 10 18:41:50 +0000 2017,@129177 We approve 🐍. #TaylorSwiftNOW https://t.co/SA6WZkCvLI,
697075,289084,Tue Oct 10 18:38:31 +0000 2017,@ATT @250391 @117830 @127550 @ATT is there a way for people outside the US to use this service?,707267,ATT,Tue Oct 10 19:38:31 +0000 2017,"@289084 Hi James - at this time, it's not available internationally.",
697078,250391,Tue Oct 10 18:25:00 +0000 2017,@ATT @117830 @127550 love this!!! 💕,921155,ATT,Tue Oct 10 19:43:45 +0000 2017,@250391 We totally share your excitement!! 🙌,
697082,338456,Tue Oct 10 18:34:19 +0000 2017,@ATT @117830 @127550 Footage of my remake with my cat 😹 https://t.co/59yFqmT1lM,920318,ATT,Tue Oct 10 18:57:08 +0000 2017,"@338456 Huxley, King of the 🐈... meet Taylor, Queen of the 🐍. #TaylorSwiftNOW https://t.co/dZZuqa08c3",
697083,290363,Tue Oct 10 19:28:22 +0000 2017,@ATT @117830 @127550 On the phone with @117830 and they are telling me content is not available - #whereisit ??,712403,ATT,Tue Oct 10 22:02:03 +0000 2017,@290363 @117830 @127550 DIRECTV customers can find #TaylorSwiftNOW on Ch. 1113.,712404
697085,286662,Tue Oct 10 18:47:48 +0000 2017,@ATT @117830 @127550 how do you get taylor swift now is it like  a monthly subscription to netflix or do i have to buy whole package https://t.co/0dw2dvsHXO,698673,ATT,Tue Oct 10 19:13:01 +0000 2017,"@286662 Hey, #TaylorSwiftNOW is available on @117830, @127550 + @126768. Go to https://t.co/zh0Rd9AqIk for info on a free trial!",
697087,286331,Tue Oct 10 18:35:17 +0000 2017,"Hey @121828 you jacked up my rates and won't work with me, great. @ATT what can we do?",697086,ATT,Tue Oct 10 18:41:43 +0000 2017,@286331 We can do a lot Chris! Please DM us so we may better assist you with joining the AT&amp;T family! ^BrandonM,
697089,286332,Tue Oct 10 18:25:05 +0000 2017,@ATT Do you know if we are looking at a couple of days or possibly into next week?,697088,ATT,Tue Oct 10 18:31:00 +0000 2017,"@286332 We can look further into your area! To best assist, DM us your account number. Talk to you soon! ^KeeD",
697091,286332,Tue Oct 10 18:03:12 +0000 2017,"@ATT when are internet services going to be restored in Eureka, CA??",697090,ATT,Tue Oct 10 18:15:35 +0000 2017,"@286332 Christian, technicians are working diligently towards a resolution, but there is no ETA at this time.  ^KeeD",697089
698675,286663,Tue Oct 10 18:48:28 +0000 2017,"@126768 To send you a message, I need you to follow me. After changing plan, you can unfollow. Thx.",698674,ATT,Tue Oct 10 19:04:43 +0000 2017,"@286663 Try to DM us now with the requested information, James. We will standby for you! ^AsiaC",
698680,286664,Tue Oct 10 18:38:30 +0000 2017,"@att @117735 so, what is happening in PR? Progress is slowwwwww",698678,ATT,Tue Oct 10 18:49:32 +0000 2017,@286664 We appreciate customers who take the time to give us feedback. We are working diligently to keep family and friends connected. ^Ann W,698679
698682,286665,Tue Oct 10 17:39:49 +0000 2017,Yo @att can you maybe fix my phone No Service for two weeks now and customer service 3 hours a day just sending me to other people?,698681,ATT,Tue Oct 10 18:48:27 +0000 2017,@286665 Do not worry! Please DM us with your account information so we can help you with your service. ^Maria C. Social Media Specialist.,
706380,179564,Fri Oct 06 03:49:54 +0000 2017,so now i spend my days in a building that wired for wifi i'm paying for data i don't even use. @att got me again,706379,ATT,Fri Oct 06 04:09:27 +0000 2017,"@179564 Oh no, Angie! We want you to be able to enjoy your internet. Please DM us with more details. We want to help. ^MakJ",
707269,289085,Thu Oct 05 02:43:58 +0000 2017,@117735 @117735 @ATT doesn’t care,707268,ATT,Tue Oct 10 19:19:00 +0000 2017,"@289085 Just checking on you, we strive to keep our customers happy! Was your upgrade issue resolved?We are here for you^NicJ",
707272,289086,Fri Oct 06 00:14:00 +0000 2017,"@ATT And it gets worse!  As a business class user, I'd really appreciate instant communication from ATT if their services are experiencing issues https://t.co/E5s5MM20AC",707271,ATT,Tue Oct 10 19:17:43 +0000 2017,@289086 Please Direct Message us your account information so we can get this steaming concern handled for you. ^Ann W,
708376,289333,Tue Oct 10 19:50:11 +0000 2017,@ATT I've been getting billed since April after cancelling my prepaid account. Cannot find a way to contact support. Please help me out.,708375,ATT,Tue Oct 10 20:13:01 +0000 2017,"@289333 Stephanie, we would love to assist you with the continuous billing of your prepaid services. DM us your account number. ^J.H",
708378,289334,Tue Oct 10 20:02:02 +0000 2017,"Hey @39904, I thought we solved this @ATT problem w/ the 2nd fiber line, East/West. Why won't they use it? Why did you let up on this?",708377,ATT,Tue Oct 10 20:08:12 +0000 2017,@289334 Thanks for reaching out Seer! DM us with the account number or service address? Tis way we may assist. Thanks. ^Nisha J.,
708380,289335,Tue Oct 10 19:50:46 +0000 2017,@ATT @ATT important for the public to know how bad the service is and that you do not respect your customers.,708379,ATT,Tue Oct 10 19:57:00 +0000 2017,"@289335 Hey, Eduardo, we want to help with your installation. May you DM us your account info so we can help? We are always here! ^Whitk.",
708382,289335,Tue Oct 10 19:40:19 +0000 2017,@ATT after 6 days of attempting to install internet &amp; direct TV in my home I gave up. The most incompetent organization ever! Say no to ATT.,708381,ATT,Tue Oct 10 19:47:01 +0000 2017,"@289335 Hey, Eduardo, thanks for reaching out! Can you send us a DM, so we can help with your service? We are waiting your response! ^WhitK",708380
708418,289349,Sun Oct 01 17:04:55 +0000 2017,@ATT hey what's going on in Houston? Can't see the #Texans game??? @131187,708417,ATT,Fri Oct 06 05:10:54 +0000 2017,@289349 The streaming NFL games is dependent on your local channel availability. Here is a link with more info: https://t.co/biuSnPhlcK,
709367,191258,Tue Oct 10 20:28:32 +0000 2017,@178054 ADT will lie and install cameras that will never work. Thank God @ATT came out and explained everything to my elderly parents. #adt,709366,ATT,Tue Oct 10 20:43:30 +0000 2017,"@191258 Hey, Brenda. We are glad our crew was able to assist your parent with their camera installation issues. We are here to help.Wal",
709371,289610,Tue Oct 10 17:10:33 +0000 2017,Dear @ATT do not try to upsell me when I am rescheduling my appointment because your tech never showed. #soclosetocanceling,709369,ATT,Tue Oct 10 20:17:04 +0000 2017,"@289610 Jasmine, upselling is the last thing on our agenda! We want  your customer experience to be a great one! Send us a DM! ^JewelR",709370
710410,289874,Tue Oct 10 00:49:16 +0000 2017,@ATT Why did I ever sign up for this service. My bill was suppose to be $120. Per mo for 24 months. My first bill is $200. BAIT &amp; SWITCH.,710409,ATT,Tue Oct 10 21:05:37 +0000 2017,"@289874 Happy to help! Please DM, so we can validate the account
^Dianna",
710412,289875,Tue Oct 10 21:11:55 +0000 2017,@ATT Now 5:11 and waiting for my 4:30 appointment.............. after 30 minutes is my phone free???,710414,ATT,Tue Oct 10 21:31:31 +0000 2017,"@289875 Hello, Tammy! Can you confirm with us what your appointment was for? DM us for further assistance. We're on standby.^NSmart",710415
710413,289875,Tue Oct 10 20:59:22 +0000 2017,@ATT  Why make appointments if you can't get people in for their times.    My time is valuable too!  This is rude!,710411,ATT,Tue Oct 10 21:05:37 +0000 2017,@289875 We apologize for the delay in your appointment Tammy! Could you DM us your acct #? This would help out a lot. Thanks! ^AkilahS,710412
710417,289876,Tue Oct 10 20:56:43 +0000 2017,".@ATT @117735 Coral Gables, FL outage since 3pm. Any idea when services will be restored?",710416,ATT,Tue Oct 10 21:03:43 +0000 2017,"@289876 Thank you for informing us about this outage Andrew, we are working on a solution to get our services up and running ASAP. ^GageC",
710422,289878,Tue Oct 10 20:37:56 +0000 2017,@ATT @117735 25 min on phone while inept rep can’t solve my prob w/ upgrade order. WTF,710421,ATT,Tue Oct 10 20:50:31 +0000 2017,@289878 Hi Caroline! We apologize for any inconvenience you experienced. Will you kindly DM us your account # for more assistance? ^GageC,
711516,290157,Fri Oct 06 05:25:37 +0000 2017,I want to thank the fine folks @ATT for hooking me up w/w free tickets for the @167571 match @290158 stadium!! Best surprise ever!,711515,ATT,Tue Oct 10 21:43:11 +0000 2017,@290157 We're glad to hear you had a great experience! &amp; we appreciate the love! 😊😊,
712279,290335,Tue Oct 10 22:05:56 +0000 2017,@ATT I've even went into the router's settings. That changed nothing.,713187,ATT,Tue Oct 10 22:38:00 +0000 2017,@290335 It's important to position and ensure optimal environment for your router. https://t.co/0jqWSgvJYL Shows you how. ^Michr,713188
712398,290361,Tue Oct 10 22:10:32 +0000 2017,@ATT I can’t find how to DM you,712397,ATT,Tue Oct 10 22:14:00 +0000 2017,@290361 Follow us then you can DM us. Please take your personal info down in your last tweet. We're on stand by in the DMs. ^NSmart,
712400,290361,Tue Oct 10 22:02:56 +0000 2017,@ATT my 2 year deal for gigapower price has been changed. I still have 1 year left please help.,712399,ATT,Tue Oct 10 22:07:38 +0000 2017,"@290361 Good evening, Jon! Thank you for reaching out to us in regards to your bill. Send us back a DM for further assistance. ^NSmart",712398
712402,290362,Thu Oct 05 02:45:28 +0000 2017,"Shout out to Quincy in Lexington, SC and Kameka Dennis @ATT, my new faves 😍",712401,ATT,Tue Oct 10 22:12:44 +0000 2017,@290362 Thanks for the kudos! Love to hear our Lexington team was able to help you out.,
712406,290364,Thu Oct 12 02:34:11 +0000 2017,@ATT I don’t have enough characters.,712408,ATT,Thu Oct 12 03:37:32 +0000 2017,@290364 We are here to help. Give us the chance to properly assist you. DM us more details for further assistance. Thanks. ^RenaB,
712407,290364,Tue Oct 10 21:25:03 +0000 2017,@ATT is still one of the worst companies. So many issues.,712405,ATT,Tue Oct 10 21:47:00 +0000 2017,"@290364 Hey, Will! Could you please PM us and let us know about your concerns? We await your response.^LaChS",712406
713069,290545,Tue Oct 10 22:24:05 +0000 2017,Definitely leaving @ATT for @115900 once my contract is up. #donewithat&amp;t,713070,ATT,Tue Oct 10 23:02:31 +0000 2017,@290545 Jaime! We'd hate to lose you as a part of the AT&amp;T family. What seems to be going on? Tweet us back! ^JayB,714095
713186,290586,Tue Oct 10 22:33:30 +0000 2017,@ATT so disappointed about still receiving spoofing calls. My phone# is private. I pay you a lot to keep it that way. #disappointed,713184,ATT,Tue Oct 10 22:42:33 +0000 2017,"@290586 Guy, we hate to hear of this inconvenience! File a complaint here: https://t.co/ve7dHN34AR Let us know if this helps! ^KeeD",713185
713188,290335,Wed Oct 11 00:42:29 +0000 2017,"@ATT I've restarted it, gave it a cooling means, and it sits next to the TV away from the wall. great job placing the blame on the customer.",713189,ATT,Wed Oct 11 01:07:00 +0000 2017,@290335 We never want to place the blame on you. Let's increase you need for speed. Dm your account number please. Thanks ^michr,
713191,290587,Tue Oct 10 22:23:09 +0000 2017,@ATT I want a discount,713190,ATT,Tue Oct 10 22:28:35 +0000 2017,"@290587 Hi, Michelle. We'd love to see what we can do for you. Could you send us a DM and tell us your services? ^JamesV",
713193,290588,Thu Oct 05 16:05:29 +0000 2017,"I just had a very positive customer service experience with @ATT - Elena in Atlanta was quick, polite and helped with everything I needed!",713192,ATT,Tue Oct 10 22:15:26 +0000 2017,@290588 We love to hear that! Thanks for sharing and we'll pass your kudos on to  Elena.,
714091,290813,Tue Oct 10 22:57:52 +0000 2017,45min on the phone w/@ATT to get a tech sent out and they don’t even set it up to send someone out!!! This is why I’m going to @121828 🙄,714090,ATT,Tue Oct 10 23:09:32 +0000 2017,"@290813 Are you willing to give us a chance to right or wrongs? Slide in our DM, so that we know it's real! Hope to hear back! ^JewelR",
714094,201079,Tue Oct 10 23:03:38 +0000 2017,@ATT @117735 I’m exhausted with scheduling phone calls and going through the same “solution” steps. Can I have 4G &amp; old iOS back now?,714092,ATT,Tue Oct 10 23:07:01 +0000 2017,@201079 Good evening! Help us understand what you're experiencing. DM us for further assistance. We're here for you!  ^NSmart,714093
714095,290545,Tue Oct 10 23:07:34 +0000 2017,@ATT 1st had no @117830 for 3 weeks in our rooms &amp; now we come home to no internet. Now we're stuck again waiting for a technician to come help,714096,ATT,Wed Oct 11 01:00:01 +0000 2017,@290545 We definitely want to look into why you have no internet. Send  a DM  your account info so we can see what's going on.^Michr,714097
714099,290814,Tue Oct 10 22:48:17 +0000 2017,@ATT thanks for being true to your word. Part of FL evacuation because of #irma. No overage charges while displaced. YOU ROCK! ❤️AT&amp;T 👍,714098,ATT,Tue Oct 10 22:58:33 +0000 2017,@290814 We are glad to hear you are safe! We will always look out for the member of the AT&amp;T family! We are always here. ^KiaT,
714101,290815,Tue Oct 10 22:36:22 +0000 2017,@ATT Your Customer service truly is in the gutter and incompetent,714100,ATT,Tue Oct 10 22:56:00 +0000 2017,@290815 Hi George! We apologize for the poor customer services you have experienced! How can we turn that around for you? ^KiaJ,
714104,290816,Tue Oct 10 22:20:31 +0000 2017,@ATT Unfortunate that you took away AT&amp;T World Traveler that was so helpful. Now the upcharge of over $65 to get to where I was. @117735,714102,ATT,Tue Oct 10 22:55:35 +0000 2017,@290816 Hi! We'd want to help with your service issues. DM &amp; clarify further on the AT&amp;T World Traveler concern? We await your reply. ^NdyE,714103
714106,290817,Tue Oct 10 22:50:57 +0000 2017,"@ATT I hate my service! It's always something!! Billing errors, service interruptions! Poor customer service!! I'm gone to pay to cancel!!",714105,ATT,Tue Oct 10 22:55:00 +0000 2017,"@290817 We'd hate to lose you, Tay. Could you DM us which service you have and outline the issues for us? We're here to help. ^JamesV",
714108,290818,Tue Oct 10 22:49:24 +0000 2017,Ugh @ATT has the worst customer service.,714107,ATT,Tue Oct 10 22:54:00 +0000 2017,"@290818 Hello, we'd love a chance to turn this around. DM us details. We are eager to assist. ^MakH",
714110,290819,Tue Oct 10 22:14:42 +0000 2017,"@att as a thankfully past customer, can’t get through your shitty automated call system, kindly dm me to resolve matter, thanx",714109,ATT,Tue Oct 10 22:46:31 +0000 2017,"@290819 Hey there, Mikhail! Thanks for reaching out to us, we would love to help! Please DM us more details of your concerns. ^AsiaC",
714229,290850,Wed Nov 29 00:45:46 +0000 2017,"Why do I️ love AT&amp;T? 
They came to my apartment complex and gave out free tacos. #blessed",714228,ATT,Thu Nov 30 19:39:26 +0000 2017,"@290850 Happy to hear you enjoyed it, Gabrielle! Taco Tuesday makes us happy, too.",
715259,291135,Tue Oct 10 23:22:15 +0000 2017,"Call @ATT, get an agent, agent says they'll help you, and then they cold transfer you #ThatsWhyILeft",715258,ATT,Tue Oct 10 23:27:32 +0000 2017,"@291135 Hey, Justin! Thank you for reaching out DM us some more info so we can turn this around for you.We await your response!^LaChS",
715262,153169,Tue Oct 10 23:15:20 +0000 2017,@att @219259 @117830  I’m not watching the NFL can I cancel Sunday ticket...?Considering I didn’t order it anyway,715260,ATT,Tue Oct 10 23:22:26 +0000 2017,"@153169 Good evening, Doug! Help us understand what you're experiencing. DM us for further assistance. We're here for you! ^NSmart",715261
715264,291136,Tue Oct 10 23:04:54 +0000 2017,I really appreciate my @ATT @126768 freezes and loses connection 4-5x a day. This is horrendous,715263,ATT,Tue Oct 10 23:21:31 +0000 2017,@291136 That's awful losing connection 4-5x a day. We can help. Try troubleshooting here: https://t.co/Tgd6y0ecrH ^michr,
715266,290899,Tue Oct 10 23:14:09 +0000 2017,@ATT signed up for DirecTV June 1st. Used promo code WBK11. Also ATT wireless customer. Have not received $200 Visa card or $25/mnth credit!,715265,ATT,Tue Oct 10 23:19:05 +0000 2017,"@290899 Hi Roger, we'd be happy to look into why your promotion hasn't been applied! Please DM us your account number. ^PaigeR",
717528,291804,Tue Oct 10 23:02:16 +0000 2017,@ATT why would you close your offices so early?,717527,ATT,Wed Oct 11 00:26:28 +0000 2017,@291804 Thanks for reaching out! Please can you DM us more details of the problem so that we can help you better? ^JoyM,
718715,292086,Wed Oct 11 01:47:22 +0000 2017,"@ATT The problem was fixed, but thank you for your help anyways.",718717,ATT,Wed Oct 11 02:39:00 +0000 2017,"@292086 We're so happy that it has been fixed! If you need us again, we are only one tweet away! ^MakJ",718718
718716,292086,Tue Oct 10 22:57:39 +0000 2017,@ATT Service outage in coral gables?!!,718714,ATT,Wed Oct 11 00:49:08 +0000 2017,@292086 Hey there! We'd love to check and see if there is an outage in your area. Could you please DM us with more details? ^MakJ,718715
719591,292224,Fri Oct 06 13:22:22 +0000 2017,RT if you think @ATT @117735 SERVICE SUCKS...no response no call no anything... going back to @116136 @comcastcares,719590,ATT,Fri Oct 06 14:10:37 +0000 2017,@292224 Hi Crimson. Please allow us to fix the issues you are having with your internet. Can you DM us your account number? ^QB,
720196,292377,Tue Oct 10 23:56:54 +0000 2017,Att has the WORST customer service EVER #att . THE WORST I tell you. @ATT,720195,ATT,Wed Oct 11 01:19:25 +0000 2017,"@292377 Oh no, we hate to hear such dissatisfaction from our valued customer. Please DM us more details. We are here to help! ^JaCS",
720821,292523,Tue Oct 31 18:15:08 +0000 2017,@292524 @ATT @119777 Do you have to show up in costume to get one? Also do you have to have AT&amp;T to get one?,720820,ATT,Wed Nov 01 04:05:00 +0000 2017,@292523 You can definitely go into an ATT store sans costume for a poster!  Who’s your fav hero?  #JoinTheLeague https://t.co/m0u8OFAOb6,
720825,617421,Wed Nov 01 01:18:39 +0000 2017,@ATT @119777 Everything you do it's Terrible,2088542,ATT,Mon Nov 06 23:05:31 +0000 2017,@617421 We are definitely here to assist you with your issues regarding technician. Please DM us your account number and a little more detail. ^ShaW,
722030,292844,Wed Oct 11 00:09:44 +0000 2017,@ATT absolutely horrible data speeds on ATT Fiber. Switched to Fiber from 100 mbps cable and regret the decision.,722029,ATT,Wed Oct 11 02:11:00 +0000 2017,"@292844 Oh no, Mayuresh! Please don't feel this way about us! Could you please DM us with more details? We want to help. ^MakJ",
722035,292846,Wed Oct 11 01:58:31 +0000 2017,Terrible @ATT customer service. Supposed to get automatic $25 statement credit on @127550 but have had to call monthly to receive it.,722033,ATT,Wed Oct 11 02:10:30 +0000 2017,@292846 Hi Steve! Have you tried contacting us in via chat regrading this matter? We'd love to assist you https://t.co/p2Ca6OxyEN Thanks!,722034
723568,293267,Mon Oct 09 14:45:02 +0000 2017,Shout Out for that smooth customer service @ATT just gave me on the phone to make my move back to Cali less stressful 👏🏽,723567,ATT,Wed Oct 11 03:12:00 +0000 2017,@293267 Thanks for the kudos! Love to hear our team was able to help you out. We appreciate you!,
724128,293423,Mon Oct 09 21:32:16 +0000 2017,Shout out to LeBron from @ATT — I just had an emotionally corrective experience with customer support. He made my day!,724127,ATT,Wed Oct 11 03:29:28 +0000 2017,@293423 Thanks for the kudos! Love to hear Lebron was able to help you out.,
724823,293602,Fri Oct 06 14:58:19 +0000 2017,@ATT @126768 Getting high speed internet installed tomorrow but can’t get anyone to tell me what’s included in the professional install,724821,ATT,Fri Oct 06 16:06:53 +0000 2017,"@293602 Hey there, Ed! Need info on the installation? Send us a DM so we can help! ^OmarG",724822
724836,293607,Wed Oct 11 04:33:47 +0000 2017,"@ATT Can't figure out how to DM you, but Quentin (pretty sure that's his name) at the 16th Street store in Denver was super awesome.",724838,ATT,Wed Oct 11 04:39:51 +0000 2017,@293607 Thank you for the information. Love to hear Quentin was able to help you out!,
724837,293607,Thu Oct 05 19:57:06 +0000 2017,@ATT Is there a place I can leave positive feedback for an employee? I was having issues w/the site so I went into a store &amp; he was great.,724835,ATT,Wed Oct 11 04:02:00 +0000 2017,@293607 Thanks for sharing your experience! Please send us a DM with details and we will share your kudos with the employee.,724836
725535,293789,Wed Oct 11 00:25:36 +0000 2017,When is my internet gunna come back @ATT,725534,ATT,Wed Oct 11 04:27:00 +0000 2017,@293789 What type of service are you having problems with. We want to help you get this service issue resolved. ^WillP,
726536,294034,Mon Oct 02 19:02:48 +0000 2017,@att #frustrated after 34 minutes on hold waiting for fraud dpt.  Why did I create a special PIN if anyone can order on my account?,726535,ATT,Fri Oct 06 16:46:28 +0000 2017,@294034 We don't like to hear this Renee. Can you please send us a PM with your account &amp; contact info? We want to help.,
734897,295821,Wed Oct 11 01:39:22 +0000 2017,@ATT When will there be service in the Arcata and Eureka area. I'm dying here 😭Humboldt's wifi sucks since everyone is on it right now.😤,734896,ATT,Wed Oct 11 11:44:02 +0000 2017,"@295821 Oh no, Gladis! We'd love to see what is going on with your internet. May you please DM us your zip code? Thanks! ^MarkaylaE",
734899,295822,Wed Oct 11 01:20:57 +0000 2017,@ATT after waiting 12 hours for installation and 45 minutes on the phone still no installer. Can't wait to talk to you in the morning,734898,ATT,Wed Oct 11 11:25:42 +0000 2017,"@295822 Hey ,Keith ,we would love to assist you with getting your installation set up. Could you DM us your account number? ^NeshaB",
736632,296194,Wed Oct 11 01:24:09 +0000 2017,I think I need a discount for waiting on hold for a very long time..!! 😤 @ATT,736631,ATT,Wed Oct 11 11:57:00 +0000 2017,@296194 We understand how frustrating it may be to feel as though your time is not valued. Has your service issue been resolved?^NicJ,
738217,296566,Wed Oct 11 03:59:18 +0000 2017,@ATT you guys provide the slowest internet I’ve ever had 😐,738216,ATT,Wed Oct 11 12:43:32 +0000 2017,"@296566 Hi, Desirie! We are sadden to hear that you are getting slow internet speeds! Could you DM us so that we can assist! ^RonH",
738219,296567,Wed Oct 11 02:15:56 +0000 2017,"Anyway, we finally have @ATT cell service in Vega Baja.",738218,ATT,Wed Oct 11 12:40:42 +0000 2017,"@296567 Glad to hear  your back up and running! We are always here for you. For future assistance, we are only one click away. ^NicJ",
738221,296568,Wed Oct 11 03:48:23 +0000 2017,@ATT WHY DO YOU SUCK SO MUCH,738220,ATT,Wed Oct 11 12:40:42 +0000 2017,"@296568 Hi, Austin! We are sadden to hear that you feel so strongly about us! Do you need with anything? We are eagerly waiting!^RonH",
738223,296569,Wed Oct 11 02:18:43 +0000 2017,@ATT hey att I sent my phone to the wrong address can you help me out?,738222,ATT,Wed Oct 11 12:36:00 +0000 2017,"@296569 Hi Justin, we'd be happy to help you! Please send us a DM with your account number. ^PaigeR",
738225,296570,Wed Oct 11 02:08:26 +0000 2017,Yo @ATT - I have NO service at my house and it's been like this for a while... Y'all need better coverage in Detroit!,738224,ATT,Wed Oct 11 12:27:01 +0000 2017,"@296570 Hey, thank you for reaching out today! Can you DM us so we can try to fix your service? We are awaiting your response! ^WhitK",
738227,296571,Wed Oct 11 03:19:35 +0000 2017,@ATT cell service not working for most of today and still broken,738226,ATT,Wed Oct 11 12:22:01 +0000 2017,"@296571 Good Morning, Joe! We'd love to assist you. Please send us a DM so we can get started. ^Dmya https://t.co/7m6RT3Hk4n",
739302,296814,Wed Oct 11 01:58:44 +0000 2017,i really hate my @ATT connection. like fr.,739301,ATT,Wed Oct 11 13:11:27 +0000 2017,"@296814 Hello, is there something we can assist you with? We would be more than happy to help. Please DM details of what's going on ^DevD",
739305,296815,Wed Oct 11 05:55:06 +0000 2017,@ATT I live in downtown Santa Rosa. We're safe but no internet and getting low on data. Any chance I could get some extra data?,739304,ATT,Wed Oct 11 13:07:00 +0000 2017,"@296815 Hey, Phillip, Could you send us a DM so we can look further into your account? We are patiently awaiting your response! ^WhitK",
739307,296816,Wed Oct 11 04:46:34 +0000 2017,@ATT shoutout to Julianne and the other lady (forgot her name) from ProTech who have been helping me out with my phone these past 2 days!!😊,739306,ATT,Wed Oct 11 12:58:29 +0000 2017,"@296816 Hey Aaron! Thanks for the shoutout .Glad your phone is working , if you need anything else our team is here. NikkiM",
739309,296817,Wed Oct 11 04:50:17 +0000 2017,I hate not being able to submit my homework or finish an exam because @ATT service suddenly stops working. It's just great. 🙃😤,739308,ATT,Wed Oct 11 12:57:30 +0000 2017,"@296817 Hey Mariela! We are sorry you couldn't submit your homework, we are here for you, please DM us so we can help.^CynthiaO",
739309,296817,Wed Oct 11 04:50:17 +0000 2017,I hate not being able to submit my homework or finish an exam because @ATT service suddenly stops working. It's just great. 🙃😤,739311,ATT,Thu Oct 12 04:38:30 +0000 2017,"@296817 We can help you with your internet here, Mariela! Please DM us details so we can get the ball rolling! ^RoseC",
739313,296818,Wed Oct 11 13:28:18 +0000 2017,@ATT Please re-read tweet. I do not want sales calls at 9pm.,739315,ATT,Wed Oct 11 14:07:27 +0000 2017,"@296818 Sorry, for the miscommunication. You can register your number to be on our do not call list at https://t.co/1iRnf48os9. ^ErinJ",
739314,296818,Wed Oct 11 03:04:57 +0000 2017,@ATT and @117830 why on earth am I getting a sales call at 9p at night? I don't want an HBO package at any time of the day.,739312,ATT,Wed Oct 11 12:50:00 +0000 2017,"@296818 Hey Jonathan! We are happy you reached out to us, Please DM us so we can help you with a package you would love!^CynthiaO.",739313
740721,196771,Wed Oct 11 11:29:18 +0000 2017,"@ATT I have an issue with a telemarketer using my number to mask their calls. I keep getting hate voicemails from people believing that I called them. How can I remedy this situation, if at all?",740720,ATT,Wed Oct 11 13:39:28 +0000 2017,"@196771 Good morning Chris, We would love to further assist you. Can you please DM us your account number? ^ JC Social Media Specialist",
740723,297151,Wed Oct 11 07:12:57 +0000 2017,@ATT Hello. Could you please follow back and DM regarding a service issue? Thanks in advance.,740722,ATT,Wed Oct 11 13:30:00 +0000 2017,@297151 Good Morning! We'd love to assist. Just send us a DM to get started. ^Dmya https://t.co/7m6RT3Hk4n,
740735,297154,Wed Oct 11 06:43:16 +0000 2017,@297155 @ATT @297156 Please!  Cell service has been spotty at best. Data has been unavailable for days. Phones are our lifeline,740734,ATT,Wed Oct 11 13:23:38 +0000 2017,"@297154 Hi Jody, we are aware of the network issues in the area and are working diligently to restore service. ^PaigeR",
740738,297157,Wed Oct 11 05:14:34 +0000 2017,@ATT when will we get reception back in Northern California??  Asking for a friend. #TubbsFire,740737,ATT,Wed Oct 11 13:18:37 +0000 2017,@297157 Good Morning! Please send us a DM so we can give you the details. ^Dmya https://t.co/7m6RT3Hk4n,
741515,297343,Tue Oct 03 04:56:05 +0000 2017,"All you see on my Instagram is: Me, Me, Me, Harry Styles, Me, Me, My Cat, Me...is that narcissistic?",741514,ATT,Fri Oct 06 22:27:10 +0000 2017,@297343 Not when it's mixed with a great artist like that! Have you seen a show @188666 before? #MusicsBest,
741889,297429,Wed Oct 11 12:46:06 +0000 2017,@ATT on the phone again this month because of another error. #attsux,741888,ATT,Wed Oct 11 14:11:00 +0000 2017,"@297429 Hey there, Meghill. We'd love to help get your concerns corrected. Please DM us more details so we can help. ^KeishaB",
741896,297431,Wed Oct 11 14:17:38 +0000 2017,@ATT Ive been using the check availability but not seeing fiber at the points where the map is. How far in radius is each point is service?,741898,ATT,Wed Oct 11 14:38:27 +0000 2017,"@297431 If the map isn't working then try using the city search at the top, it allows you to just see if a city has fiber ^ShiannF",741899
741897,297431,Wed Oct 11 13:27:08 +0000 2017,"Why is it so hard @ATT to find a map of fiber installs so I can determine which neighborhoods to focus in on, on my home search?",741895,ATT,Wed Oct 11 14:09:52 +0000 2017,"@297431 Hello, today is your lucky day! We do have a map showing where our fiber coverage is : https://t.co/jRXE2802hM ^ShiannF",741896
741899,297431,Wed Oct 11 14:41:48 +0000 2017,@ATT The city a size of Dallas is a bit more confusing since its so large. This is why I am having trouble narrowing down which part to look for.,741900,ATT,Wed Oct 11 15:57:03 +0000 2017,"@297431 When doing your search, use the address that is near you at the link provided https://t.co/hk1mm0hckn  ^Ann W",741901
741904,287524,Wed Oct 11 12:58:14 +0000 2017,"Dear @ATT 

Your prices are outrageous and I’m breaking up with you. You’re literally 3 times higher than everyone else. 🤷🏼‍♀️",741903,ATT,Wed Oct 11 14:02:55 +0000 2017,"@287524 Dear Kitten, please don't break up with us. We love you! Please DM us so we can work it out.^CynthiaO",
741907,297432,Wed Oct 11 12:37:33 +0000 2017,@297433 @ATT Just time-consuming and annoying to sit on hold for hours! Ugh,741905,ATT,Wed Oct 11 14:02:32 +0000 2017,"@297432 Hi, we do understand your frustration! Plz DM us the location so we will be able  to get our team to take care of it.^FizzA",741906
741920,297434,Wed Oct 11 05:16:08 +0000 2017,"@297435 @ATT Same story: $800 intl data fees, they called me, backdated coverage.. paid $65",741919,ATT,Wed Oct 11 13:56:39 +0000 2017,@297434 Hi Joshua! Thanks for reaching out to us via Social Media . We are overjoyed that we covered it for you. NikkiM,
741926,297436,Wed Oct 11 14:03:40 +0000 2017,@ATT It’s not the wifi it’s our service,741928,ATT,Wed Oct 11 14:28:01 +0000 2017,"@297436 Not a problem, we are here for you. Please send us a DM including the type of service and your zip code. ^NicJ",
741927,297436,Wed Oct 11 12:55:50 +0000 2017,"@ATT hi, whats going on with the data connection?? Everyone in my house is expecting this, we can’t get on social media with out wifi",741925,ATT,Wed Oct 11 13:54:35 +0000 2017,@297436 we understand the frustration of not having internet access. Try resetting your WI-FI gateway https://t.co/vwenqAsnET. ^NicJ,741926
742901,297630,Wed Oct 11 15:10:46 +0000 2017,all i wanna do is log on to @ATT and pay my phone bill but i cant :),742900,ATT,Wed Oct 11 15:38:27 +0000 2017,@297630 We're here to help! Lets see if we can crack this code together! Are you getting an error message? Please DM us details! ^BriT,
742903,297631,Wed Oct 11 15:27:28 +0000 2017,@ATT The actual ear buds- i apologize! I purchased them online through the att store.,742902,ATT,Wed Oct 11 15:37:27 +0000 2017,@297631 Hey Samuel. We'd love to help you with returning your earbuds. Kindly DM us for more room to help. Thank you. ^KeishaB,
742905,297631,Wed Oct 11 14:41:05 +0000 2017,@ATT hey yall i bought the apple ipods about 4 months ago and they have stopped working. How do i exchange them since im not a att customer?,742904,ATT,Wed Oct 11 15:19:00 +0000 2017,"@297631 Hey, we would love to help. Could you let us know if you are referring to the new apple earbuds or the actual ipod? ^KylieL",742903
742907,236177,Wed Oct 11 00:02:47 +0000 2017,OH MY GODDDD https://t.co/RIrVXDBuNJ,742906,ATT,Wed Oct 11 15:26:42 +0000 2017,@236177 RIGHT?! https://t.co/JXiLz06bmW,
742910,290666,Wed Oct 11 15:19:57 +0000 2017,@ATT Both 😔,742908,ATT,Wed Oct 11 15:26:36 +0000 2017,@290666 Thank you for clarifying that you are having issues with our app and website. We will be looking into this. Thanks! ^CarolM,742909
742912,290666,Wed Oct 11 15:13:53 +0000 2017,I’m going to need @ATT to fix their issues so I can log in to my att account.... #HumpDay is starting to go downhill,742911,ATT,Wed Oct 11 15:19:29 +0000 2017,"@290666 Hi Jeanette!  Are you having trouble logging in online or or the app? Let us know, we want to help! Thanks! ^CarolM",742910
742914,297632,Wed Oct 11 20:43:24 +0000 2017,@ATT Already done,742916,ATT,Wed Oct 11 20:55:00 +0000 2017,@297632 Our social media team is here for you! Please DM us so we can make this right and keep you apart of the AT&amp;T family! ^AyaM,
742915,297632,Wed Oct 11 15:00:35 +0000 2017,"@ATT has finally broken me, ready for a new carrier! #irritated #cantgetthesameanswersfromcustomerservice",742913,ATT,Wed Oct 11 15:21:06 +0000 2017,"@297632 Hi, Shelly! We don't want you to leave. Pm us so we can rectify the situation and rekindle our relationship. ^DemW",742914
744600,298047,Wed Oct 11 15:56:38 +0000 2017,@ATT can’t login to my wireless account. Is your system down?,744599,ATT,Wed Oct 11 16:14:43 +0000 2017,@298047 We're happy to help! DM us with your questions or concerns. Look forward to your response! ^ShamW,
744602,298048,Wed Oct 11 15:52:18 +0000 2017,Why is every little thing such a big deal @ATT?! #WhatIsMyTimeWorth,744601,ATT,Wed Oct 11 15:56:33 +0000 2017,@298048 Hey Allison! Your time is very valuable to us! Allow us to assist you. DM us your concerns. We are here for you! ^KiaT,
744604,298049,Wed Oct 11 15:39:42 +0000 2017,@117830 @ATT @118062 The queen of snakes omg,744603,ATT,Wed Oct 11 15:56:32 +0000 2017,@298049 We're glad you're enjoying the Queen of 🐍. #TaylorSwiftNOW https://t.co/sMWCODARtW,
744775,364084,Sat Oct 14 17:30:54 +0000 2017,@117830 @ATT @118062 I love @118062. I can listen to her music with my children around.  We like to sing and dance to her songs!! Thank you Taylor ❤️,1031529,ATT,Sat Oct 14 17:39:00 +0000 2017,@364084 That's the best kind of dance party! #TaylorSwiftNOW,
744823,298050,Wed Oct 11 15:22:24 +0000 2017,"@ATT Ok, I sure will.",744822,ATT,Wed Oct 11 15:49:46 +0000 2017,"@298050 Thank you, we really appreciate it! Our team is always standing by ready to assist! ^AyaM",
744831,298052,Wed Oct 11 15:41:58 +0000 2017,Appalled @ATT's total inability to fix 1 span of cable -  no service for 32 days. Promised call every day. Received 0 so far. @117735 ?,744828,ATT,Wed Oct 11 15:46:31 +0000 2017,"@298052 Hi, Erin! Uh oh, let's see what we can do to try and get those cables up an running! Please DM us with your acct #! ^GarW","744829,744830"
746357,273183,Wed Oct 11 16:20:46 +0000 2017,I need to get out of the hell that im stuck with @ATT,746356,ATT,Wed Oct 11 16:43:00 +0000 2017,@273183 Good Morning! What can we assist you with could you please PM us regarding your issue and account number? ^LachS,
746359,298423,Wed Oct 11 16:32:57 +0000 2017,"@ATT as a long time customer (for at least 15 years), I'm deeply concerned about the lack of customer service. As soon as I'm able, I'm out.",746358,ATT,Wed Oct 11 16:40:28 +0000 2017,@298423 Thanks for reaching out . Give us the chance to turn your customer experience around. DM us your account info an type.^AlonzoW,
746362,298424,Wed Oct 11 16:29:07 +0000 2017,"How many @ATT customer servive reps does it take to turn a phone on after paying $1,800?

1/2",746360,ATT,Wed Oct 11 16:32:29 +0000 2017,"@298424 Ryan, let's get your phone operable! To best assist you, DM us your phone number. We await your response! ^KeeD",746361
746364,298425,Wed Oct 11 16:01:25 +0000 2017,@ATT That’s 16 hrs of waiting for a tech and over 4 hours of talking to workers on the phone trying to figure out why they aren’t showing up.,746363,ATT,Wed Oct 11 16:26:29 +0000 2017,@298425,
746364,298425,Wed Oct 11 16:01:25 +0000 2017,@ATT That’s 16 hrs of waiting for a tech and over 4 hours of talking to workers on the phone trying to figure out why they aren’t showing up.,746365,ATT,Wed Oct 11 16:21:26 +0000 2017,@298425 we understand how frustrating just sitting around waiting can be. We are here to help! Did you get your issue resolved? ^NicJ,
748208,201349,Wed Oct 11 16:29:04 +0000 2017,Is @ATT paying your bill if you switch over from a new company?,748207,ATT,Wed Oct 11 17:13:32 +0000 2017,@201349 Yep! Switch from your previous carrier and we'll pay off your contract. Discover more about it here https://t.co/OlQmxuKX9q ^LarL,
748211,298864,Wed Oct 11 16:59:04 +0000 2017,Dear @ATT please FIX your signal issues in SW Kansas! #SignalWeak #SignalSucks,748209,ATT,Wed Oct 11 17:11:38 +0000 2017,"@298864 Hey, Lynn, we apologize for the inconvenience! Could you send a DM so we can further help you? We are always here! ^WhitK",748210
748213,298865,Thu Oct 12 09:59:37 +0000 2017,@ATT That website works but the links in that website just take you to AT&amp;T main site :(,748216,ATT,Fri Oct 13 00:03:33 +0000 2017,@298865 Let's see if we can help you with that credit. Could you DM us your wireless number? We're here to help. ^JamesV,748217
748215,298865,Tue Oct 10 23:59:33 +0000 2017,Today I switched to @ATT for internet and cell phone! Do you get credit for referring people? @42771 https://t.co/MCE19DvgFu,748212,ATT,Wed Oct 11 17:10:01 +0000 2017,@298865 Happy to have you! Check out this link for referral info: https://t.co/su6ASLT6ZN,"748213,748214"
748219,298866,Wed Oct 11 16:13:17 +0000 2017,@ATT does your international day pass charge for roaming too? Or is that included?,748218,ATT,Wed Oct 11 17:03:28 +0000 2017,"@298866 Kay, check out our FAQs on International day passes: https://t.co/5DSHE6W9Pt Let us know if this helps! ^KeeD",
748222,298867,Wed Oct 11 16:51:19 +0000 2017,Leaving @ATT when my contract is up in December. I can’t get with paying $700 or installments for a phone. What happened to $200?😤,748220,ATT,Wed Oct 11 16:58:26 +0000 2017,@298867 Oh no we don't want to see you go. Allow us to look into this billing issue. DM us your phone# for assistance. Thanks! ^CarolM,748221
750425,141960,Wed Nov 01 15:12:28 +0000 2017,Mr. Vicente William Martinez is ready for Sunday #NYCFC #DesdeLaCuna 💙 https://t.co/87tp59iIrN,750423,ATT,Fri Nov 03 16:44:44 +0000 2017,"@141960 @141960 We're ready too! We love your soccer passion. Follow and DM us, we have something for you! #SoccerEverywhere",750424
750803,299456,Wed Oct 11 17:02:05 +0000 2017,@ATT I've reached the cap for my area so that means I can't stream I can't game and I can't do my business for most of the day because-,750801,ATT,Wed Oct 11 17:23:33 +0000 2017,"@299456 Hey, Pj. We hate to hear that you've reached your cap. Please DM us details on what you're experiencing so we can help! ^TomJ",750802
750808,299457,Wed Oct 11 17:19:05 +0000 2017,"@ATT hi, can you please have a competent customer service rep contact me. Your company sucks. Thanks.",750807,ATT,Wed Oct 11 17:22:01 +0000 2017,@299457 Hello! How may we assist you today? Please DM us with detail about your concern. We'll be waiting to hear back. ^BrianaB,
750813,299458,Wed Oct 11 17:08:05 +0000 2017,@ATT is cell service down in Austin?,750809,ATT,Wed Oct 11 17:19:56 +0000 2017,@299458 Hi. There's no outage that we are aware of in that area. Please DM us if this link doesn't help: https://t.co/OVSEC5MHDn ^CourtC,"750810,750811,750812"
750815,299462,Wed Oct 11 16:58:49 +0000 2017,prisoners on death row get better customer service @ATT,750814,ATT,Wed Oct 11 17:18:30 +0000 2017,"@299462 Thank you for contacting us about your service, we value you! Please DM us so we can further assist you.^CynthiaO",
752041,299730,Thu Oct 05 01:15:57 +0000 2017,"Pretty sure I just saw the batmobile roll out of Steiner Studios on a flatbed truck, escorted by police.",752040,ATT,Sat Oct 07 02:55:33 +0000 2017,"@299730 We’re geeking out, too! #JoinTheLeague https://t.co/m0u8OFAOb6",
753223,253341,Tue Oct 10 20:05:06 +0000 2017,"Dear @ATT @117735,
Can you please fix the cell/internet service on California’s northcoast. I have a teenager. 😵😩",753221,ATT,Wed Oct 11 14:44:49 +0000 2017,"@253341 We want to turn your poor cell service around, Amy! Could we get you to DM us your acct # and zip-code? Thanks! ^AkilahS",753222
755380,300551,Wed Oct 11 18:11:04 +0000 2017,Why does @ATT  have such horrible service? Why am I paying for unlimited but it always freezes up? #IJustWanaStream #HORRIBLECONNECTION,755379,ATT,Wed Oct 11 18:14:47 +0000 2017,@300551 We would love to fix your service issues Vicky! Could you please DM us so we may better assist you? ^BrandonM,
755383,300552,Wed Oct 11 17:27:05 +0000 2017,"@ATT Customer Service, Billing is terrible! Billing issue they never corrected, nor followed up with me as told on 2 occasions! 👎👎",755381,ATT,Wed Oct 11 18:13:01 +0000 2017,@300552 We would love to fix your billing concerns Jamila! Could you please DM us so we may better assist you? ^BrandonM,755382
755388,300553,Wed Oct 11 17:38:41 +0000 2017,@ATT is there an outage in south Austin? I have had “no service” for 10 miles... #cellphonedependent #ineedservice #ipaytoomuchforthis,755384,ATT,Wed Oct 11 18:10:00 +0000 2017,"@300553 Hello, Becki! We aren't currently showing any outages in your area. Have you tried troubleshooting your device? DM us! ^EdwardJ","755385,755386,755387"
755394,156974,Wed Oct 11 18:33:58 +0000 2017,"@ATT I did, about half an hour ago",755396,ATT,Wed Oct 11 18:39:00 +0000 2017,@156974 Thank you. Could you DM your account number or mobile number so we can better assist you? We are awaitig your response!^LaChS,
755395,156974,Wed Oct 11 18:00:33 +0000 2017,@300556 @ATT She has Verizon but the person at Att told me it would work,755393,ATT,Wed Oct 11 18:05:39 +0000 2017,"@156974 Hey, Zach.Thanks for reaching out in regards to your services.Send us a PM so that we can better assist you.^LachS",755394
755402,300557,Thu Oct 12 12:46:01 +0000 2017,@ATT At this point I just want to know the name of the highest level of whoever is over the billing of your wireless services. I’m going to write,755404,ATT,Thu Oct 12 13:43:04 +0000 2017,"@300557 Good morning, Vicky! In order to assist you today, please DM us your account info. We will be more than eager to help! ^YanD",
755403,300557,Wed Oct 11 16:50:33 +0000 2017,@ATT still waiting 2 hours for billing supervisor to call me after AT&amp;T has $609 of mine after 1 week of ppl saying it’s fixed. Not happy!,755401,ATT,Wed Oct 11 18:00:34 +0000 2017,"@300557 Hi, Vicki! Let us assist you with billing call back inquires. Please DM us your account info. We love to help! ^ToyaL",755402
755407,300558,Wed Oct 11 17:44:32 +0000 2017,Why is my AT&amp;T network not working...thank god for WiFi. @ATT,755405,ATT,Wed Oct 11 17:56:28 +0000 2017,@300558 Hello! We would love to see why your network isn't working! Could you DM us your acct # so we can look into this? ^KylieL,755406
755409,300559,Wed Oct 11 17:43:23 +0000 2017,"@ATT no service in Wimberley, Driftwood, Kyle, or Buda Texas. Please help. Can't call...",755408,ATT,Wed Oct 11 17:49:01 +0000 2017,@300559 Hey there! We would like to inform you that there currently isnt a outage in those areas.  Dm us your phone number. ^NeshaB,
756760,300858,Wed Oct 11 18:19:14 +0000 2017,The @ATT rep said our area will have service again by noon tomorrow. @117735. Make sure you contact them so you can get a bill credit. https://t.co/xp4Vhb8ZJb,756759,ATT,Wed Oct 11 18:39:28 +0000 2017,@300858 We would be more than happy to look into those billing credits Adam! DM us your acct # for further assistance. Thanks! ^CarolM,
756761,193083,Wed Oct 11 18:38:52 +0000 2017,@ATT I did that yesterday morning and never heard back but ok,756762,ATT,Thu Oct 12 23:11:28 +0000 2017,@193083 This is Georgia with AT&amp;T Social Media. Direct Message me please I can help you with that!^GeorgiaJ,
756765,300859,Wed Oct 11 18:14:59 +0000 2017,Spent 2hrs 47min on phone...still no resolution @ATT,756763,ATT,Wed Oct 11 18:26:21 +0000 2017,"@300859 Hi,Josie! We would love to help you here! Could you DM us with more information! We will be eagerly waiting! ^RonH",756764
756768,300860,Wed Oct 11 18:14:11 +0000 2017,Why are these companies hellbent on outsourced call centers. @ATT @38199 @116136. please fix it’s ignoring its hard to understand them,756766,ATT,Wed Oct 11 18:23:44 +0000 2017,"@300860 Hey there A.J.! We'd love to try to help out with any issue you are having, could you please DM us your acct #? ^GarW",756767
758123,301170,Wed Oct 11 18:41:08 +0000 2017,AT&amp;T is the flippin worst ... #At&amp;T @ATT #worst #customerservice,758122,ATT,Wed Oct 11 19:03:00 +0000 2017,@301170 We'd like to change that thought! Can you DM us with more information on how we can be of assistance to you? ^AbayomiO,
758125,301171,Wed Oct 11 18:31:00 +0000 2017,@ATT Any idea when service will be restored in Austin? Haven't had service for about an hour and a half.,758124,ATT,Wed Oct 11 18:47:35 +0000 2017,@301171 Rest assured our technicians are working diligently to get your service restored as quickly and efficiently as possible.^TwaC,
759523,301482,Wed Oct 11 19:31:58 +0000 2017,"@ATT Your door-to-door salesperson said your Internet 50 plan is ""like 3 times faster than Comcast's 300 plan, trust me."" Can you elaborate?",759521,ATT,Wed Oct 11 19:37:00 +0000 2017,"@301482 Glad to see you're showing interest in our plan, Andy! Shoot us a DM to learn more about our offers! We'd love to help! ^JewelR",759522
759525,301483,Wed Oct 11 19:27:38 +0000 2017,"@ATT Glad you fee my pain, tried to reply on my phone but it DOESN'T WORK. #att",759524,ATT,Wed Oct 11 19:32:30 +0000 2017,"@301483 hi, what is the wireless number associated with the account. ^FizzA",
759529,301483,Wed Oct 11 19:00:08 +0000 2017,". @att not joking. Call me. Thank you for sending me a garbage replacement, missing screws w/a 3rd party screen, @115858 won't touch it.",759526,ATT,Wed Oct 11 19:19:00 +0000 2017,"@301483 Hi, we do understand your frustration. Plz DM us your wireless number so we can address your concern in a timely manner .^FizzA","759527,759528,759525"
759531,301484,Wed Oct 11 19:20:02 +0000 2017,"As a business owner, I highly recommend that you do NOT sign a business Fiber account with @ATT @117735.  Our fiber line went dead at 9am and they could care less!",759530,ATT,Wed Oct 11 19:29:03 +0000 2017,"@301484 Oh no, Carter. That isn't what we want customer service to be like. DM us with more details and we'd be happy to help ^ShiannF",
759533,301485,Wed Oct 11 18:44:16 +0000 2017,@ATT Yet ANOTHER tower outage in Central Texas.  We are going on more than at least three weeks of this.,759532,ATT,Wed Oct 11 19:28:27 +0000 2017,"@301485 Thanks for reaching out! Kindly DM us your service type and address,to better assist you today. We are always here for you! ^YS",
759535,301486,Wed Oct 11 19:18:25 +0000 2017,@ATT what’s the eta in getting this outage fixed. It would be nice to be able to hear from my kids if there’s an emergency,759534,ATT,Wed Oct 11 19:25:00 +0000 2017,"@301486 At this time, we cannot provide an ETA of when services will be restored. ^PaigeR",
759539,301486,Wed Oct 11 18:42:54 +0000 2017,@att are there outages in the Austin area? I haven’t had phone service for hours.,759537,ATT,Wed Oct 11 18:50:29 +0000 2017,@301486 Yes there is in outage in your area. We have our technicians working hard to try to resolve this outage issue. ^WillP,"759538,759535"
760895,301823,Wed Oct 11 20:00:49 +0000 2017,"@ATT I don’t have any questions, just saying that ur service here in Boston is very poor right now, it’s a complain.",760894,ATT,Wed Oct 11 20:07:37 +0000 2017,"@301823 We understand the frustration of having a bad signal. If you decide assistance is needed, DM us. We're here to help! ^TalyaM",
760897,301823,Wed Oct 11 19:07:38 +0000 2017,".@ATT your service here in Boston for the past 2 days seems horrible, bad connection everywhere. It used not to be like this.",760896,ATT,Wed Oct 11 19:54:00 +0000 2017,"@301823 Hi, Gilberto! How can we help you today? We will be more than happy to answer any questions you may have! ^RonH",760895
760900,301824,Wed Oct 11 19:34:11 +0000 2017,@301825 @ATT Can you come to Nashville??,760899,ATT,Wed Oct 11 20:06:24 +0000 2017,@301824 Thanks for informing our team.Please specify the account type an the issue you would like us to take a look into.^AlonzoW,
760906,339612,Tue Oct 10 20:21:49 +0000 2017,@301825 @ATT i wish I could ilysm😩❤️,925421,ATT,Tue Oct 10 20:48:33 +0000 2017,@339612 Hi Tea! Thanks for reaching out to us via Social Media today. What can we do for you? We are here to help you !  NikkiM,925422
760959,301826,Wed Oct 11 19:12:30 +0000 2017,"@att Massive, massive outages in the Austin TX and greater area, but no word from you. What gives?",760957,ATT,Wed Oct 11 20:00:01 +0000 2017,"@301826 Hi, Mike! We apologize for the inconvenience and are working to restore service quickly. Thank you for your patience! ^AsiaC",760958
760962,301827,Wed Oct 11 19:57:02 +0000 2017,"Dear @ATT 
How are u going to suspend someones service w/o prior notification of doing so, *then* charge a reactivation fee? Very despicable",760960,ATT,Wed Oct 11 19:59:44 +0000 2017,@301827 Hey Greg! We are saddened to hear that you feel this way. Allow us to look into getting your services restored. DM us! ^KiaT,760961
762293,302144,Wed Oct 11 20:02:03 +0000 2017,@ATT why can't you confirm if I paid my direct TV bill?.,762292,ATT,Wed Oct 11 20:42:01 +0000 2017,@302144 Thanks for tweeting us! We're happy to confirm your payment for your DirecTV bill. DM us your account number and we'll check. ^EG,
763430,302438,Wed Oct 11 21:04:33 +0000 2017,Thank you @ATT the only carrier currently working without so many issues in #Sonoma &amp; #Napa counties. These #fires are getting intense,763429,ATT,Wed Oct 11 21:11:00 +0000 2017,"@302438 We got your back during these disastrous fires, Can we assist you with anything esle? Thanks ^michr",
763432,302439,Wed Oct 11 20:57:10 +0000 2017,"On behalf of the city of Austin, I would like the phone service that I'm PAYING FOR @ATT",763431,ATT,Wed Oct 11 21:00:41 +0000 2017,@302439 Our apologies for the inconvenience! We are doing everything we can to restore mobile services in Austin asap! ^MikeM,
763434,302440,Wed Oct 11 20:47:54 +0000 2017,@302441 @117735 @ATT Hah...well it's good to see they finally did something. Better late then never?,763433,ATT,Wed Oct 11 20:59:00 +0000 2017,@302440 I'm glade to hear your service has been restored .Please don't hesitate to reach out and updates us. Keep up posted ^AlonzoW,
763446,302442,Wed Oct 11 19:48:26 +0000 2017,Hey @ATT please stop sucking.,763445,ATT,Wed Oct 11 20:56:00 +0000 2017,"@302442 Hey Start, we'd love to assist you! Can you please DM us more details about your initial issue? We're here for you! ^NycoleE",
764630,302749,Wed Oct 11 21:40:11 +0000 2017,@ATT why can’t you ever get my bill right?! Why must I constantly call you??? Seems like it may be time to move on. Wanna fix it?!,764629,ATT,Wed Oct 11 21:43:00 +0000 2017,"@302749 Hey Matthew,we understand billing issues are important. Could you send us DM about your bill concern? Thanks -VeroP",
764632,302750,Wed Oct 11 21:02:09 +0000 2017,"Sitting in @ATT store. 10 customers waiting, 1 employee helping customers and THREE STANDING AROUND DOING NOTHING.",764631,ATT,Wed Oct 11 21:41:32 +0000 2017,"@302750 We understand your frustrations. We can assist you here with any questions or concerns. You can DM us here, ^CurtisK",
764634,302751,Wed Oct 11 21:15:53 +0000 2017,@ATT ☺️,764633,ATT,Wed Oct 11 21:24:29 +0000 2017,"@302751 Thanks for replying back so soon.  Can you DM us your service type, address, phone number, and account number. ^TwaC",
764637,302751,Wed Oct 11 20:40:50 +0000 2017,@ATT Any help?,764636,ATT,Wed Oct 11 21:15:27 +0000 2017,"@302751 We apologize for the inconvenience.  Can you DM us your service type, address, phone number, and account number. ^TwaC",764635
766006,303065,Wed Oct 11 22:05:37 +0000 2017,hi @ATT i have no service and i am supposed to stalk harry styles tonight in which i need service for. take my feelings into consideration,766005,ATT,Wed Oct 11 22:12:00 +0000 2017,"@303065 Hi, Mallory. We'd love to restore service for you. Could you DM us and say which service is down for you? ^JamesV",
766014,303067,Wed Oct 11 21:52:27 +0000 2017,"@ATT Haven't had service all afternoon, my boyfriend's phone (separate plan) has also had no service. What is going on in Austin?!?!",766013,ATT,Wed Oct 11 22:07:27 +0000 2017,@303067 Hello. We are aware of the service issue in Austin and we are working towards restoring your cell service. We care. ^WaleA.,
766017,303068,Wed Oct 11 21:56:50 +0000 2017,@att what’s going on with no cell phone service in 78610???,766015,ATT,Wed Oct 11 22:05:00 +0000 2017,@303068 On No! No cell phone service is a bummer. We can help. There is an outage in that part of Texas. We'll keep you posted. ^michR,766016
766022,303070,Wed Oct 11 21:02:42 +0000 2017,"@ATT your cell service in Burlington, VT sucks. Stop with the excuses and fix the problem. #annoyed #droppedcalls #alwaysfixingtowers",766021,ATT,Wed Oct 11 21:58:02 +0000 2017,"@303070 Hi, Sarah. We loved to help with the issues your having. DM us all the details so we can take a closer look!  ^JassE",
766024,303071,Wed Oct 11 19:32:46 +0000 2017,@ATT @117735 How do I obtain credit for today's loss of service?,766023,ATT,Wed Oct 11 21:58:01 +0000 2017,@303071 We can certainly look into credits for service loss! DM us which service this is regarding. Talk to you soon! ^KeeD,
766026,303072,Wed Oct 11 21:27:38 +0000 2017,Haven’t had cell service all day @ATT pls help.,766025,ATT,Wed Oct 11 21:53:30 +0000 2017,"@303072 Hi Kayla, we know how hard it is to go without cell signal! Please DM us your zip code &amp; phone number for more help. ^PaigeR",
766028,303073,Wed Oct 11 21:13:12 +0000 2017,@ATT Cause these internet speeds are phenomenal https://t.co/0g0MuWfpr1,766027,ATT,Wed Oct 11 21:46:54 +0000 2017,@303073 We hate to hear that your internet speeds are not up to par! Dm us your service type and account number? ^JaredA,
766032,303074,Wed Oct 11 21:37:02 +0000 2017,2+hours on hold trying to resolve a billing issue with my account for over a month now. Debt collector calling now? @att @126768 @117735,766030,ATT,Wed Oct 11 21:45:33 +0000 2017,@303074 Thanks for reaching out to us about your billing concerns! Please DM us with further more details! ^ArlaF.,766031
766702,303231,Sat Oct 07 13:56:18 +0000 2017,Finally able to catch up on 2 weeks (😱) of TV now that @ATT finally sent a reliable tech out,766701,ATT,Sat Oct 07 14:03:27 +0000 2017,@303231 We're happy that your TV is now working Natasha! Feel free to reach back to us for help with anything else! Thanks! ^CarolM,
766810,303256,Sat Nov 25 05:23:08 +0000 2017,I left Spectrum for @ATT which isnt working. Company ordered it so guess I'm not working until Monday.,766809,ATT,Sat Nov 25 06:24:00 +0000 2017,@303256 How are you doing? Thank you for contacting the AT&amp;T social media team. We are here to help you. Can you tell us what issue you want us to resolve for you today? ^WaleA.,
768746,303588,Wed Oct 11 22:38:31 +0000 2017,Thanks @ATT for eliminating cellular overage charges for customers impacted by #NorCalFires!,768745,ATT,Wed Oct 11 22:41:29 +0000 2017,"@303588 No problem, we understand the importance of staying connected during and after natural disasters! ^PaigeR",
768748,303589,Wed Oct 11 22:23:22 +0000 2017,Any updates on the @ATT outage in #ATX? Been without service since about 11:30 this morning. Thank goodness for wifi and FB messenger,768747,ATT,Wed Oct 11 22:36:00 +0000 2017,@303589 Thanks for reaching out to us for assistance! Please DM us for us to properly assist you today. ^ArlaF.,
768750,304453,Wed Oct 11 23:55:15 +0000 2017,@303589 @ATT Yes same here! So frustrating when I drove out of home without internet connection.,772207,ATT,Thu Oct 12 00:22:00 +0000 2017,"@304453 Hello Milana! Are you still experiencing an issue with your internet connection? If so, please DM us details. Thanks! ^ErinJ",
768752,336642,Fri Oct 13 19:03:50 +0000 2017,@303589 @ATT I have no service 50 miles west of Austin. Have you heard anything,912230,ATT,Fri Oct 13 19:38:25 +0000 2017,@336642 We apologize for the inconvenience and are working to restore service quickly. Thank you for your patience. ^TinaT,912231
768754,303590,Wed Oct 11 21:11:55 +0000 2017,"@att Service outage in Mason County, WA? Two phones have no service",768753,ATT,Wed Oct 11 22:35:33 +0000 2017,"@303590 No confirmed service interruptions in Mason County, WA, Alfred! Let's take a closer look! Please DM us your phone number! ^MikeM",
768756,303591,Wed Oct 11 22:29:08 +0000 2017,@ATT All prepaid non contract tho so ?,768755,ATT,Wed Oct 11 22:32:33 +0000 2017,@303591 Thanks for reaching out to us in regards to our prepaid plan. Please DM us with further details! ^ArlaF.,
768759,323644,Fri Oct 20 15:32:22 +0000 2017,@ATT And no service,857525,ATT,Fri Oct 20 15:37:33 +0000 2017,@323644 Hi! Let us assist you right here with service outage issues. Please DM us your account info to begin. We can help! ^ToyaL,
768762,347577,Sat Oct 14 01:02:24 +0000 2017,@ATT how about cell service in PR? You chumps better not charge me.,959163,ATT,Sat Oct 14 02:19:00 +0000 2017,@347577 Hi Hadrian! We'd love to help you! We have a International plan for you! Fly into the link! https://t.co/IwbyiGoJzt DM us! ^DanaS,
768771,569292,Wed Oct 18 13:26:19 +0000 2017,@ATT you need more stores that take cash payments not everyone has credit cards,1911041,ATT,Wed Oct 18 13:36:01 +0000 2017,@569292 Morning Paul! Thanks for reaching out to us here today! Please DM us so we can give you more details about cash payment.^YS,
768783,119627,Sat Oct 14 16:00:14 +0000 2017,@ATT I’m planning to go AT&amp;T store once the air-quality in San Francisco improves. I have a#AT&amp;T app but it does not give me info,768785,ATT,Sat Oct 14 16:06:29 +0000 2017,"@119627 Hi, Spawn! We know San Francisco is going through a tough time. Can you DM us what kind of info you were looking for? Thanks.-MarM",
768784,119627,Wed Oct 11 22:28:41 +0000 2017,"I give fair warning to anyone do not upgrade to Apple 11! @ATT @AppleSupport I lost the ringer on the phone, I can’t edit photographs :-(",768782,ATT,Wed Oct 11 22:32:05 +0000 2017,"@119627 Let's see what we can do to get your ringer back, and let you edit pictures again! Please DM us with your phone number. ^MikeM",768783
768787,303592,Wed Oct 11 21:46:49 +0000 2017,"I haven’t had cell service all day in Austin, TX !! What’s going on @ATT",768786,ATT,Wed Oct 11 22:26:01 +0000 2017,"@303592 Hello, there is currently an outage in your area. We are working to get the issue rectified. We appreciate your patience. ^MakH",
768790,303593,Wed Oct 11 20:38:09 +0000 2017,What is up with @ATT cell service in #Austin? I can’t make any calls! I’m a #Realtor and am losing business! @244913,768788,ATT,Wed Oct 11 22:24:29 +0000 2017,"@303593 Hey Neil. You're apart of an outage, our technicians will have this resolved soon . We regret any trouble this has caused. ^JaCS",768789
768791,303593,Wed Oct 11 23:09:22 +0000 2017,@303594 @ATT Agreed! I’m missing calls and losing business. I’ve heard it could be up and running this evening or tomorrow. No definitive answer. 😡,768792,ATT,Wed Oct 11 23:19:01 +0000 2017,@303593 Hey! We are diligently working on getting service back up and running soon. Please bare with us.^LachS,
768794,303595,Wed Oct 11 22:16:44 +0000 2017,@ATT Your website for UVerse cable &amp; internet is a joke. Slow and won’t allow me to view my bill. Will allow me to pay my bill no problem!,768793,ATT,Wed Oct 11 22:23:04 +0000 2017,"@303595 Hi, Bryan. Have you tried to view your bill on the myATT app? Please DM us your account number. ^JamesV",
768797,303596,Wed Oct 11 22:14:11 +0000 2017,@ATT I’m looking for my data to be WiFi only and not to be charge for it,768795,ATT,Wed Oct 11 22:18:00 +0000 2017,"@303596 Okay, we definitely want to look into your options.Please DM us, so we can further investigate your inquiry. ^KiaT",768796
768798,303596,Wed Oct 11 23:32:28 +0000 2017,@ATT All I want is to have in my number on acct WIFI only on my account.,768799,ATT,Wed Oct 11 23:34:40 +0000 2017,"@303596 We can look into your options, Abra! Please DM us your service type and account number. We are waiting! ^KiaT","768800,768801"
768801,303596,Thu Oct 12 13:54:40 +0000 2017,@ATT Can REtention put on WIFI feature and/or locate this old feature?,768802,ATT,Thu Oct 12 14:05:11 +0000 2017,@303596 We'd love to look into this for you. Send us a DM with your account number so we can get started. ^Dmya https://t.co/7m6RT3Hk4n,768803
768803,303596,Thu Oct 12 14:11:42 +0000 2017,@ATT I will call  retention rep or customer service later.,768804,ATT,Thu Oct 12 14:18:00 +0000 2017,@303596 Here is the number for customer service: 1 (800) 331-0500. Reach out to us anytime! We are here for you.  ^Dmya,
768806,303596,Wed Oct 11 19:31:55 +0000 2017,@ATT  Do you know if their 300mb for data?,768805,ATT,Wed Oct 11 20:09:00 +0000 2017,@303596 Hello Abra! To help us answer your question can you tell us which service you are looking for today? ^ShiannF,768797
768808,303597,Wed Oct 11 22:11:12 +0000 2017,Hey @ATT - why do I only have 1-2 bars now in Rockville. What gives? I thought urbanization was a thing...,768807,ATT,Wed Oct 11 22:15:28 +0000 2017,"@303597 Hi, Peter. Let's take a look at your signal. Please DM us your zip code and phone number. We're here to help. ^JamesV",
769937,303852,Wed Oct 11 22:50:36 +0000 2017,@ATT where's the reliable service? No internet service for 6 DAYS last week and it's down again tonight!,769936,ATT,Wed Oct 11 23:11:00 +0000 2017,@303852 Oh no! Let us check for any outages. Can you kindly send us a DM and include the account number? CurtisK,
769938,303852,Wed Oct 11 23:56:39 +0000 2017,@ATT why can't I talk to a real person when I call the help line?,772208,ATT,Thu Oct 12 00:19:47 +0000 2017,@303852 We're real people here! DM us and let us know what's going on! We'll be anticipating your response in hopes we can help! ^DiaD,
769941,303853,Wed Oct 11 22:24:52 +0000 2017,@303854 @303855 @34249 @8953 @ATT Why Not?!,769939,ATT,Wed Oct 11 23:09:31 +0000 2017,"@303853 Hi, Thanks for contacting the AT&amp;T Social Media. How can we help you today? We will love to hear from you again. ^WaleA",769940
769945,303856,Wed Oct 11 22:30:01 +0000 2017,@ATT why is my service off?,769944,ATT,Wed Oct 11 23:06:57 +0000 2017,"@303856 Hi there, George. We would love to help you. Please DM us with details so we can work getting you back connected ASAP. ^AyomideO",
769947,303857,Wed Oct 11 21:43:42 +0000 2017,So u will accept my debit card as payment but not for a new phone? #howtoloseacustomer @ATT,769946,ATT,Wed Oct 11 23:03:31 +0000 2017,@303857 We would love to assist you with helping your purchase a new phone. Please DM us for further assistance! ^ArlaF.,
769949,303858,Wed Oct 11 20:31:01 +0000 2017,@ATT This is in 78748,769948,ATT,Wed Oct 11 22:53:00 +0000 2017,@303858 Thanks for reaching out Irving! There is currently an outage in your area. rest assured it is being worked on! ^RoseC,
769952,303859,Wed Oct 11 22:41:06 +0000 2017,@ATT @117735 Y'all are killin' us in Wimberley. Service has been atrocious the last qtr. We've had no service today. Upgrade? Unlikely.,769951,ATT,Wed Oct 11 22:46:32 +0000 2017,"@303859 Hey there, Joe! Thank you for bringing this to our attention. Please DM us more information, so we can work on enhancements! ^KiaT",
770792,304075,Wed Oct 11 23:20:45 +0000 2017,"Omg @ATT  is killing me!! 4 lines &amp; no  service in austin! Can't make a call, text! I'm HANGRY and need to order delivery! #fail",770791,ATT,Wed Oct 11 23:37:32 +0000 2017,"@304075 Thanks for reaching out ,Monica. We're doing our best to restore service in the affected areas. Thanks for your patience! ^NdyE",
770795,139111,Thu Oct 12 04:56:37 +0000 2017,@ATT Too late. Mailed back the ‘new’ box.,770797,ATT,Thu Oct 12 05:08:51 +0000 2017,@139111 Well it saddens us to see that we were too late. In any case is there anything else that we can do for you? Let us know! ^ErnL,
770796,139111,Thu Oct 05 20:45:49 +0000 2017,"@ATT @127012 So @ATT sent me a new cable box for some reason when we changed our internet plan. 3 attempts to activate the new box, and no such luck... 🙄",770794,ATT,Wed Oct 11 23:35:35 +0000 2017,@139111 Please allow us to assist you here with your concerns attempting to activate your box. DM us and include account number. ^CurtisK,770795
770800,304076,Wed Oct 11 23:16:18 +0000 2017,So when is @ATT going to start working consistently??,770799,ATT,Wed Oct 11 23:34:01 +0000 2017,@304076 Hello Marissa! Thank you for reaching out to us. How may we assist you? We eagerly await your reply. Thanks! ^ErinJ,
770802,304077,Wed Oct 11 22:56:39 +0000 2017,"@ATT I am so tired of you sneaking charges onto my bill. we don't exceed usage, no new features. we're 9yrs strong but #idontloveyouthatmuch",770801,ATT,Wed Oct 11 23:19:01 +0000 2017,@304077 Your loyalty is greatly appreciated! We want to review your bill for you. Could you please DM us your account #? We're here. ^KT,
770804,304078,Wed Oct 11 23:12:17 +0000 2017,"@ATT What’s up with service in Buda, TX. Been out for hours now. Any word?",770803,ATT,Wed Oct 11 23:17:39 +0000 2017,"@304078 Hello Charles! Currently we do not have an ETA on when the outage in TX will end, but know we have techs working on it! ^RoseC",
771574,304287,Thu Oct 12 00:08:08 +0000 2017,"@ATT Thanks but I wasn't fishing for an apology, just trying to get an answer. If reports of a planned tower upgrade are false, best to say so.",771576,ATT,Thu Oct 12 01:36:00 +0000 2017,@304287 Hello! Currently we are working daily to expand and improve our services. We thank you for your patience. ^ErinJ,771577
771575,304287,Wed Oct 11 23:47:50 +0000 2017,@ATT is the outage in Austin a planned tower upgrade or an unplanned problem?,771573,ATT,Thu Oct 12 00:05:25 +0000 2017,@304287 We do apologize for the inconvenience Timothy. Our technicians are working to restore service quickly. Thanks! ^KShanT,771574
771580,300555,Thu Oct 12 00:11:47 +0000 2017,@ATT I don't see the message icon anywhere on your profile,771583,ATT,Thu Oct 12 00:24:00 +0000 2017,@300555 Have you already followed the AT&amp;T Twitter page? Doing so should allow you to Direct Message us. ^MikeM,"771584,771585"
771582,300555,Wed Oct 11 23:25:48 +0000 2017,@ATT it's fun when you're using your small chances to rideshare drive and you literally lose money because of service downtime. #reimburse,771579,ATT,Thu Oct 12 00:02:04 +0000 2017,@300555 Our apologies for the inconvenience of the cell service interruptions while you're working! Please DM us your phone #! ^MikeM,"771580,771581"
771587,304288,Wed Oct 11 23:31:31 +0000 2017,@ATT wow your service has cost me hundreds today. I want a discount on my bill due to the LACK of service you’ve provided!,771586,ATT,Wed Oct 11 23:49:52 +0000 2017,@304288 We want to look into that for you! Follow us and DM your account number and brief details of your service experience. ^LarL,
771589,304289,Thu Oct 12 00:00:23 +0000 2017,@ATT Called umpteen times about a case and was promised a call back. Never got the call back! I spent close to 20 hours on calls and more on chat,771591,ATT,Thu Oct 12 01:00:00 +0000 2017,"@304289 No one should have to wait over 24 hours on the phone for assistance! DM us, so we can get down to the bottom of this! ^JewelR",771592
771590,304289,Wed Oct 11 23:44:16 +0000 2017,"Very disappointed wid ur customer service.I'm sry to say this, but I'm NOT happy with ur addressing of customer complaints!!@117735 @ATT",771588,ATT,Wed Oct 11 23:49:00 +0000 2017,@304289 Allow us to provide the customer service you deserve. We are here to help. DM us more details to further assist you.Thanks. ^RenaB,771589
771592,304289,Thu Oct 12 02:53:30 +0000 2017,@ATT 24 hours on the phone?? You gotta be kidding me!!,771593,ATT,Thu Oct 12 03:23:00 +0000 2017,"@304289 Hey, Vivasvan. Loyal customers like you always deserve the best service! Please send a DM and let us begin to make amends! ^VeneM",
772206,304452,Wed Oct 11 23:44:58 +0000 2017,@ATT has the worst customer service...maybe is time to change carriers.,772205,ATT,Thu Oct 12 00:38:15 +0000 2017,"@304452 We would hate to lose you as a customer, Alexandra. DM us more information so that we can get this rectified. ^KO",
772210,303594,Thu Oct 12 00:54:57 +0000 2017,@ATT @304454 Please let us know when this is resolved. We are all getting extremely frustrated with the delay in getting the service we all paid for back up.,772212,ATT,Thu Oct 12 01:27:00 +0000 2017,@303594 We don't want you to be frustrated by lack of service. Their is an outage in Austin. We will update you of changes. ^Michr,772213
772211,304454,Wed Oct 11 23:31:08 +0000 2017,@ATT when will this outage end in#atx? This is frustrating. I hooe we don't have to pay for no service today.,772209,ATT,Thu Oct 12 00:18:34 +0000 2017,@304454 We know how frustrated you are because of the outage in Austin. We can help. We will keep you posted of any changes. ^Michr,772210
773024,304670,Thu Oct 12 01:18:43 +0000 2017,@ATT A lot of Austin has been out all day. Any idea what’s up?,773026,ATT,Thu Oct 12 01:27:00 +0000 2017,@304670 Thanks for getting back to us! There is currently an outage in your area. Please know techs are working to fix it! ^RoseC,773027
773025,304670,Wed Oct 11 23:57:06 +0000 2017,".@ATT has been down since lunch. No warning, no explanation. Can’t even call to find out what’s up. 😒",773023,ATT,Thu Oct 12 00:51:32 +0000 2017,@304670 Our apologies! Which service are you experiencing no connection with? Please DM us with details for additional help! ^MikeM,773024
774522,305032,Thu Oct 12 00:24:12 +0000 2017,"My parents wifi: slow
Midland LTE: slow
Midland 4G: slow
The constant is @ATT so what's up y'all? Why is Midland, TX so lacking?",774521,ATT,Thu Oct 12 02:14:00 +0000 2017,@305032 Hello. Slow internet and data speed are frustrating.Visit https://t.co/dxHVtqPyuA for service support. Did that work? DM us! ^MG,
774524,305033,Thu Oct 12 00:57:51 +0000 2017,@ATT is there a reason I haven’t had phone service all day unless I’m connected to WiFi ??? Im in the LA area !,774523,ATT,Thu Oct 12 02:12:00 +0000 2017,"@305033 Hi Sammi, have you tried turning the device on and off? Send us a DM with zipcode so we can check for any outages in area. ^TinaT",
774526,305034,Thu Oct 12 00:03:30 +0000 2017,I’m sick of @ATT s wacky customer service and then not fixing anything they do . They won’t help me at all. I’m so done. 🤷🏻‍♀️,774525,ATT,Thu Oct 12 02:11:30 +0000 2017,@305034 Hello! Good Evening! We are here to turn this around for you! We want to put a smile on your face! DM us! Let us help! ^DanaS,
774528,305035,Thu Oct 12 01:07:44 +0000 2017,@ATT I truly dislike the way @ATT misguides while getting person trapped &amp; hate their foreign customer service reps can't understand a word,774527,ATT,Thu Oct 12 02:07:01 +0000 2017,"@305035 Richa, our customers should never feel like we are misguiding them! Please send us a DM of what is going on! ^ErnL",
774530,305036,Thu Oct 12 00:45:00 +0000 2017,@ATT I hear @ATT having widespread outages in the ATX area.,774529,ATT,Thu Oct 12 01:59:55 +0000 2017,@305036 We apologize for the inconvenience and are working to restore service quickly. Thank you for your patience. ^RenaB,
774534,305037,Thu Oct 12 01:25:36 +0000 2017,"@ATT I don't know.  All I know is there's NO EXCUSE FOR 8HRS ON THE PHONE!!!If I wasn't too busy to shop around, I'd be gone already",774532,ATT,Thu Oct 12 01:56:02 +0000 2017,@305037 Which service or services is she trying to set up. Could you DM us a contact number? ^JamesV,774533
774538,305037,Thu Oct 12 00:00:01 +0000 2017,"@ATT My wife is on the phone 8hrs and STILL RUNNING,trying to set up a new service for a relative. What is wrong with you people?",774537,ATT,Thu Oct 12 01:12:26 +0000 2017,"@305037 Hi, Michael. Did the service manage to be set up? Please send us a DM and fill us in. ^JamesV",774534
774542,305039,Thu Oct 12 00:57:16 +0000 2017,"@ATT I haven’t had service in my apartment for hours! What’s going on?

Zip: 78744",774541,ATT,Thu Oct 12 01:52:25 +0000 2017,"@305039 Thanks for reaching out, Imani! There is an outage in your area, please know techs are working to repair it! ^RoseC",
775238,305227,Wed Oct 11 23:48:10 +0000 2017,Is anyone listening from @ATT ? Why are there SOOO many #droppedcalls in #Seattle this week? Are you doing network maintenance? It is so bad,775237,ATT,Thu Oct 12 02:43:55 +0000 2017,@305227 Hi Brandon. Dropped calls can be annoying! Please DM us your phone number so we can look into this. We await your reply.^KO,
775240,305228,Thu Oct 12 00:36:30 +0000 2017,"@ATT when are you going to activate fiber in 37921? You all dug up my yard 6 months ago to lay it, haven't heard anything since.",775239,ATT,Thu Oct 12 02:23:34 +0000 2017,"@305228 Matt, that is a great question! Here is link to notify you when ready: https://t.co/0R0V1MxSto. For more help let us know! ^ErnL",
775964,305414,Thu Oct 12 01:29:57 +0000 2017,@ATT GET THIS SOUTH AUSTIN “No Service” // “Searching...” issue situated before I start asking for a pro-rated bill for this month #okkkay,775963,ATT,Thu Oct 12 03:10:31 +0000 2017,"@305414 Not having working service we know is a headache! Currently, our techs are working on getting it restored asap! ^ErnestoL",
775966,305415,Thu Oct 12 01:25:16 +0000 2017,@ATT had the #WORST customer service. Now switching to another provider. #ByeFelicia #YoureRude #Unprofessional,775965,ATT,Thu Oct 12 03:10:00 +0000 2017,"@305415 Hi, Angela. We do not want our customers feeling this way about us. Can you DM us details of what happened. We want to help.^Wal.",
775969,305416,Thu Oct 12 01:02:58 +0000 2017,"@ATT is there an outage in Austin? I can get wifi at home, but I can't call and can't text outside the network?",775967,ATT,Thu Oct 12 03:03:31 +0000 2017,@305416 Hi Cathy.We are working to restore services to your area. Your patience is appreciated as we work to get this resolved.^KO,775968
775971,305417,Thu Oct 12 01:01:26 +0000 2017,"@ATT I haven't had service all day on my cell phone, I can't even make a call to find out why. I can only use my apps with wifi connection😒",775970,ATT,Thu Oct 12 02:59:28 +0000 2017,"@305417 Oh no, Rae. We hate to hear that your phone has had issues all day. Please DM us more information so that we can assist you. ^KO",
775977,305418,Wed Oct 11 15:55:15 +0000 2017,AT&amp;T store fraud allert at Jamaica Bay in Ft. Meyers,775972,ATT,Thu Oct 12 02:58:32 +0000 2017,@305418 Thanks for the heads up - can you DM us with more information?,"775973,775974,775975,775976"
775979,305419,Thu Oct 12 01:11:35 +0000 2017,Honestly @ATT has the absolute worst customer service I've ever dealt with. @115955 is looking better every day.,775978,ATT,Thu Oct 12 02:55:00 +0000 2017,"@305419 Hi Kristin, thank you for reaching out. We're here to help! Please send us a DM with details on whats going on. ^TinaT",
775982,268142,Thu Oct 12 01:18:05 +0000 2017,"@ATT Hi. I live in Austin, TX. Me and countless other att customers are all seeing issues with 4g service in 75% of South Austin. What gives",775980,ATT,Thu Oct 12 02:50:40 +0000 2017,"@268142 Hi,Matt. We are working hard to resolve the known outage and time for repair is unknown.Thank you for your patience!^MG",775981
775984,305420,Thu Oct 12 00:35:40 +0000 2017,@ATT in S.Austin and don’t have service. What’s the status on getting it back up?,775983,ATT,Thu Oct 12 02:47:31 +0000 2017,@305420 We apologize for the inconvenience and are working to restore service quickly. Thank you for your patience. ^RenaB,
775993,305423,Sat Oct 07 18:18:56 +0000 2017,Seriously @ATT is 🚮,775992,ATT,Sat Oct 07 18:28:31 +0000 2017,"@305423 Hey, Danielle. We are here to help! Please DM us on any questions or concerns you may have. We await your response! ^Tom",
777460,305601,Thu Oct 12 00:31:10 +0000 2017,"It""s sad when I vent publicly-I acquired patience from my Dad but @ATT has pushed me to this. Freq outages, bundle pkge-huge hardship again!",777459,ATT,Thu Oct 12 03:24:03 +0000 2017,@305601 Frequent outages? What service are you experiencing issues with? Please advise along with your zip code via DM! ^EdwardJ,
778226,178856,Sat Oct 07 17:48:36 +0000 2017,@ATT @117735 @115725 @117735 could you please fix the credit? I've contacted the social media team a few times. Thx #customerservice,778225,ATT,Sat Oct 07 19:32:28 +0000 2017,"@178856 Hey there, Nancy! We can surely look into this credit issue that is going on. DM us with details so we can help! ^OmarG",
778229,305817,Sat Oct 07 18:59:22 +0000 2017,Hey @ATT how can you cancel my prepaid number without notifying. Customer care was of no use. @117735,778228,ATT,Sat Oct 07 19:31:01 +0000 2017,"@305817 Hi,Gahan! We would love to help! Can you Dm us with more information? We can look further into why your number was canceled!^RonH",
778790,305982,Thu Oct 12 01:49:41 +0000 2017,@ATT Spent the last hr trying to get bill fixed - for 4th time. Wrong since July.  Finally got to supervisor - now been on hold for 20 mins.,778789,ATT,Thu Oct 12 04:32:24 +0000 2017,"@305982 Tim, that is way to long! We want to help you speed this process up! Is this concern still ongoing? If so DM us extra details! ^ErnL",
778792,305983,Thu Oct 12 01:52:16 +0000 2017,@ATT PLEASE improve your network in central Florida‼️I’m so fed up of 1 bar or no service‼️ it’s 2017 for Christ sakes‼️,778791,ATT,Thu Oct 12 04:17:00 +0000 2017,@305983 Hi there. We understand your frustration about the service issue in Florida. Can you please DM us details. We want to help.^WaleA,
779430,306153,Thu Oct 12 02:05:45 +0000 2017,When will @ATT get their life together? Service has been down ALL DAY.,779429,ATT,Thu Oct 12 05:14:00 +0000 2017,@306153 Oh no! Please send DM us with more details. We want to help. Let's chat! We're here for you. ^MakJ,
780185,306274,Thu Oct 12 02:02:30 +0000 2017,"@ATT wifi isn't working AGAIN, and I'm considering switching to another wifi service now ((:",780184,ATT,Thu Oct 12 05:33:00 +0000 2017,@306274 It would sadden us to see you leave! Lets talk this out in a DM by telling us what is going on in more detail! ^ErnL,
780187,306275,Thu Oct 12 02:14:06 +0000 2017,"Mannnn I hate @ATT . Y'all customer service is trash, I shouldn't have to spend 4hrs talking on the phone for you to just hang up. #Canceled",780186,ATT,Thu Oct 12 05:29:00 +0000 2017,"@306275 Hello, Mary. This is not the kind of news we want to hear from our valued customer. Can you DM to discuss the issue?We can help.",
780688,306392,Thu Oct 12 02:35:30 +0000 2017,@ATT if this was a planned upgrade and you didn't pre-warn customers so they could make arrangements - biggest customer service blunder ever,780687,ATT,Thu Oct 12 05:51:00 +0000 2017,@306392 Oh no! Can you please DM us with more details. We'd like to help! Let's chat. We're here for you. ^MakJ,
786722,307675,Sat Oct 07 22:55:14 +0000 2017,So I just spent 40 minutes being shuffled from department to department at @ATT and I still have talked to anyone who has a freaking clue.,786721,ATT,Sat Oct 07 23:02:27 +0000 2017,@307675 Hello! Please Dm us your account number so we can help with your big bill and service issues. Thank you. ^OmairZ,
788183,307995,Sat Oct 07 22:54:45 +0000 2017,I'm basically paying a whole other car payment to @ATT,788182,ATT,Sat Oct 07 23:36:00 +0000 2017,"@307995 Hi, Kurt. Thank you for contacting us. How can we help you today? We don't want you having billing issues? Please DM us.^WaleA",
789455,308266,Thu Oct 12 02:07:03 +0000 2017,@ATT why am I getting texts from an unknown number saying they are selling my number?!?,789454,ATT,Thu Oct 12 11:43:32 +0000 2017,"@308266 We understand your concern, Marcello! Please DM us your account and phone numbers &amp; number texting you. Here to help! ^TiffH",
790444,296816,Thu Oct 12 11:53:48 +0000 2017,@ATT are you guys having service issues in the Fredericksburg VA area?,790443,ATT,Thu Oct 12 12:11:37 +0000 2017,"@296816 Hey, Aaron, thanks for reaching out! We don't see any service issues. Send a DM for more questions. We're here to help! ^WhitK",
790446,308490,Thu Oct 12 03:21:06 +0000 2017,Damn never thought I would be disappointed with @ATT but I still have no service!!!,790445,ATT,Thu Oct 12 12:10:28 +0000 2017,"@308490 Good Morning, Ashley! We'd love to assist you. Could you send us a DM so we can get started? ^Dmya",
791241,308673,Thu Oct 12 05:38:21 +0000 2017,@117735 @ATT Anddddd I still have no service at home. Any updates at all that you can provide?,791240,ATT,Thu Oct 12 12:45:02 +0000 2017,"@308673 Hey J.R!Thank you for contacting us,we know no one likes outages.Could you send us a DM with your account or phone #? ^VeroP",
791245,308674,Thu Oct 12 05:07:13 +0000 2017,"According to @ATT 10mbps is great for gaming, but even with an Ethernet cord, I still experience about 2-4mbps. Someone explain that to me.",791244,ATT,Thu Oct 12 12:33:43 +0000 2017,"@308674 Good morning! Can you DM us the type of internet you have? Also, have you tried troubleshooting? We want to help! ^JalG",
791247,308675,Thu Oct 12 06:02:35 +0000 2017,Anyone else in Nashville having a problem with @ATT internet connection? My bill is paid... I'm not sure what the problem is.,791246,ATT,Thu Oct 12 12:31:30 +0000 2017,"@308675 Hi, do you still need help with your internet connection? If so DM us with more details! We will love to help!^RonH",
791249,308676,Thu Oct 12 03:48:04 +0000 2017,"@ATT came back for 5 mins, then poof, gone. Almost 12 hrs of ""no service"" in 78748",791248,ATT,Thu Oct 12 12:16:47 +0000 2017,"@308676 Good morning, Tres! Thank you for reaching out, can you DM us details and type of service you have with us? Thank you! ^JalG",
792392,308948,Thu Oct 12 12:35:26 +0000 2017,@ATT @117735 any update on the outage in Austin? Is service being restored soon??,792391,ATT,Thu Oct 12 13:07:28 +0000 2017,"@308948 Hey there Molly, thanks for sending us a tweet! Our technicians are already working toward a resolution, thanks ! ^VeroP",
792397,308949,Thu Oct 12 10:54:22 +0000 2017,No wifi since Irma! @ATT has me wait 4 hours for crews 4 times til another department cancels the call. No communication. No ETA. What's up?,792393,ATT,Thu Oct 12 13:03:00 +0000 2017,"@308949 Hi, Jeff! We see that your saying your haven't had service in a while! Could you DM us with more details! We will be waiting!^RonH","792394,792395,792396"
793709,309264,Thu Oct 12 13:07:33 +0000 2017,Thank you to @ATT for correcting my bill when I was overcharged $99 on my first bill!!! #customerservice,793708,ATT,Thu Oct 12 13:16:43 +0000 2017,"@309264 Hello, Great! we are delighted your concerns was address to your expectations. Feel free to Dm any question you have.  ^FizzA",
794879,292178,Thu Oct 12 13:50:03 +0000 2017,@ATT horrible experience getting fiber installed was working just an hour now out after nearly 3 hour installation 2 calls and dropped once,794878,ATT,Thu Oct 12 13:59:00 +0000 2017,"@292178 Michael, we want to provide the highest quality service to all our customers, DM your account number so we can help! ^AntB",
794881,309522,Thu Oct 12 12:42:01 +0000 2017,"@ATT is WORTHLESS and now unresponsive. 3 phones, no service when it used to be great. Clearly, they don't care.",794880,ATT,Thu Oct 12 13:57:01 +0000 2017,"@309522 Hello Gary, we'd be happy to look into why your aren't receiving service. Please send us a DM with your # for more help.^PaigeR",
794883,309523,Thu Oct 12 13:21:40 +0000 2017,I’m mad that I have to pay a restocking fee just to exchange phones . @ATT you messed up big time with this one,794882,ATT,Thu Oct 12 13:48:32 +0000 2017,"@309523 Hey Nana, please DM us your phone number so we can look into this for you. We look forward to hearing back from you.^CynthiaO",
796265,309860,Thu Oct 12 14:29:22 +0000 2017,Good ol' @ATT u-verse. Rained for more than a day and now it can't keep a connection. Same ol' crap.,796264,ATT,Thu Oct 12 14:38:32 +0000 2017,"@309860 We would love to take a look, at trying to get your U-verse back up rain or shine! Could you please DM us your acct #? ^GarW",
797973,310244,Thu Oct 12 13:43:25 +0000 2017,Not sure what's going on but haven't been able to hold an internet connection with @ATT for more than 15 min all day. Extremely frustrating.,797972,ATT,Thu Oct 12 14:47:22 +0000 2017,"@310244 Good morning Silok, We're here to help with internet connection. For better assistance, could you DM us account number? ^DreB",
800704,310803,Thu Oct 12 15:33:00 +0000 2017,I’ve had my Apple Watch 3 for a week and NO ONE at @att has been able to help me activate the cellular service for it. #Crazy,800703,ATT,Thu Oct 12 15:36:00 +0000 2017,"@310803 Hello, it would be our pleasure to help you get cellular service on your watch. DM us details. We are eager to assist.^MakH",
800706,310804,Thu Oct 12 15:15:13 +0000 2017,@ATT I will do that,800705,ATT,Thu Oct 12 15:20:04 +0000 2017,@310804 Perfect! We will be eagerly awaiting your message! ^GarW,
800708,310804,Thu Oct 12 15:11:05 +0000 2017,"@ATT Is absolutely brutal with their service prices, 119 a month for one line is ridiculous",800707,ATT,Thu Oct 12 15:14:00 +0000 2017,"@310804 Hey, James! We don't want that to be how you feel about your AT&amp;T service! Could you please DM us so we can try to help out? ^GarW",800706
802025,311120,Thu Oct 12 16:33:51 +0000 2017,@ATT ARE YOU KIDDING ME?!? Just cold transferred again. 43 minutes now and counting. Have to tell my story a THIRD TIME.,802028,ATT,Thu Oct 12 16:40:31 +0000 2017,@311120 We want to assist you with billing issues. In order to assist please DM us your account info. We can help! ^ToyaL,
802027,311120,Thu Oct 12 16:04:08 +0000 2017,@ATT Seriously frustrated. Canceled account on July 24. Continued to get billed. Called 4 times to resolve. Collection notice today.,802024,ATT,Thu Oct 12 16:13:11 +0000 2017,"@311120 Hi, Angela! Let us assist you with billing correction errors. Please DM your account info to begin. AT&amp;T can help! ^ToyaL","802025,802026"
802032,311121,Thu Oct 12 15:49:11 +0000 2017,"@ATT More lies from the worst customer service in the US. As soon as the attention is off you, CA, they will cut you right off. #att",802029,ATT,Thu Oct 12 15:53:00 +0000 2017,"@311121 Rest assured, Helene, we are here to help! Please DM us your account info and what service you have. We want to help. ^YanD","802030,802031"
802046,311121,Thu Oct 12 15:41:33 +0000 2017,"So upset with @Att #att. Promised my pmnt for tomorrow would keep my services on, but turned me off today. #badbusiness",802045,ATT,Thu Oct 12 15:46:52 +0000 2017,"@311121 We want to make this right, Helene! Please DM us your account info and type of service you have. We are here to help! ^YanD",
802048,311122,Thu Oct 12 15:21:57 +0000 2017,"@117735 Standing across the street from @ATT store, yet no service. Seems silly to sell phones where they cannot reach your network.",802047,ATT,Thu Oct 12 15:46:21 +0000 2017,@311122 Let's get to the bottom of this service issue Wesley! DM us your zip code and phone # for further assistance. Thanks! ^CarolM,
803460,311471,Thu Oct 12 16:16:06 +0000 2017,@ATT i have questions about international travel. i am a current customer. can you help?,803459,ATT,Thu Oct 12 16:43:18 +0000 2017,@311471 We'd like to help - please DM us with more info so we can investigate. ^FredrickC,
803464,311472,Thu Oct 12 16:27:09 +0000 2017,@ATT Our Santa Rosa house burned down to the ground. How do I cancel our TV and Internet accounts but keep the cell plans?,803461,ATT,Thu Oct 12 16:34:13 +0000 2017,@311472 We hate to hear bout these unfortunate circumstances AlasCon! Dm us your service type and account number for more assistance ^Jared,"803462,803463"
803466,311473,Thu Oct 12 16:18:44 +0000 2017,I’m very confused as to why I haven’t had service for the last 30 minutes? (I’m on WiFi) @ATT,803465,ATT,Thu Oct 12 16:31:30 +0000 2017,"@311473 You've come to the right place, Collin! Shoot us a Dm further explaining your concern. We'd love to help you! ^JewelR",
804661,311760,Thu Oct 12 16:59:08 +0000 2017,".@ATT: LTE in #Miami has been awful lately... I get reception, but download speeds are so slow, I can’t even load IG pics. What’s going on?",804660,ATT,Thu Oct 12 17:07:36 +0000 2017,"@311760 Slow speeds, Michael? We want to look into that! Follow us and DM account number so that we can provide adequate assistance. ^LarL",
804663,311761,Thu Oct 12 16:05:27 +0000 2017,"Called @ATT to update phone lines - spoke with an amazing rep named Lyn - she made the experience AWESOME, even noticed my bday is coming up!  @ATT you aren't paying her enough - she sets you apart from the competition.  #cx #experience #customersupport#kicksass",804662,ATT,Thu Oct 12 17:04:00 +0000 2017,"@311761 Hi Chad! We are glad that your issue was taken care of, we will make sure to reach out your voice to the proper department.^RazR",
804665,311762,Wed Oct 11 00:09:06 +0000 2017,@ATT @117830 @127550 Thank goodness! New stuff TuesTAY is alive and well!,804664,ATT,Thu Oct 12 16:55:04 +0000 2017,@311762 @117830 @127550 And there's even more TAY TODAY https://t.co/NnhH72cPiR,
804667,311763,Wed Oct 11 00:01:07 +0000 2017,@ATT @117830 @127550 Happy dance! https://t.co/BmyeaqjRMV,804672,ATT,Thu Oct 12 16:56:12 +0000 2017,@311763 @117830 @127550 SAME! #TaylorSwiftNOW https://t.co/XCZyyq6hCk,
804668,217810,Wed Oct 11 00:02:15 +0000 2017,@ATT @117830 @127550 YAY IM EXCITED https://t.co/DYP24971sY,804673,ATT,Thu Oct 12 16:55:36 +0000 2017,"@217810 @117830 @127550 WE're right there with you, Ruby! #TaylorSwiftNOW https://t.co/VHcV8cPGLz",
804669,311764,Wed Oct 11 02:35:46 +0000 2017,"@ATT @117830 @127550 I love @ATT, seriously 😊",804674,ATT,Thu Oct 12 16:54:15 +0000 2017,"@311764 @117830 @127550 And we love you, Julie! #TaylorSwiftNOW",804675
804670,362832,Wed Oct 11 00:00:48 +0000 2017,"@ATT @117830 @127550 This gif is too, too good. 😂😍",1026282,ATT,Thu Oct 12 16:56:56 +0000 2017,"@362832 @117830 @127550 Of course it is, it's TAY! #TaylorSwiftNOW https://t.co/BPwBCgWHdl",
804677,311765,Thu Oct 12 16:53:35 +0000 2017,@ATT @117830 @127550 when will it be available internationally?,804678,ATT,Thu Oct 12 21:47:00 +0000 2017,@311765 Hi Reda. Unfortunately Taylor Swift Now is not available internationally at this time.,
804681,311766,Thu Oct 12 16:40:32 +0000 2017,"@14877 And sadly, they are the only company in my area. They know they have you over a barrel. @ATT  PLEASE OFFER SERVICE IN MY AREA!",804680,ATT,Thu Oct 12 16:51:42 +0000 2017,"@311766 For us to reach out to you when we offer service(s) in your area, please advise this link: https://t.co/0R0V1MxSto ^AntB",
807834,312502,Thu Oct 12 17:12:06 +0000 2017,@ATT @118062 Ahhhh! I LIVE for these videos! 😻,807835,ATT,Fri Oct 13 20:53:07 +0000 2017,@312502 SAME! #TaylorSwiftNOW https://t.co/aPU63jD6uA,
807834,312502,Thu Oct 12 17:12:06 +0000 2017,@ATT @118062 Ahhhh! I LIVE for these videos! 😻,807833,ATT,Thu Oct 12 17:58:41 +0000 2017,"@312502 So many more videos for you, Shannon! Watch Taylor do her thing on #TaylorSwiftNow https://t.co/JjfGPRmh1s",
807839,312827,Thu Oct 12 17:00:32 +0000 2017,@ATT @118062 YESSSSS! 🎉🎉🎉🎉,809246,ATT,Thu Oct 12 18:18:10 +0000 2017,"@312827 @118062 YESSSSS INDEED, KAITLYN! #TaylorSwiftNOW https://t.co/WEiiLnloTO",
807846,315449,Thu Oct 12 21:01:44 +0000 2017,@ATT @118062 What about for Swifties who aren't in the US..? 😢😔💔,820470,ATT,Thu Oct 12 22:08:33 +0000 2017,"@315449 Oh no, Jelena! Only @117830, @127550 + @126768 customers have access to #TaylorSwiftNOW.",
807847,129176,Thu Oct 12 18:21:21 +0000 2017,@ATT @118062 Love this! #TaylorSwiftNOW,820478,ATT,Thu Oct 12 21:53:35 +0000 2017,"@129176 We love it too, talk about #flawless https://t.co/LjR4hzYVJw",820479
807851,312503,Thu Oct 12 17:47:05 +0000 2017,@ATT has really dropped the ball in So Fla. If @117735 Im transferring to @115900 Thx for wasting a 2 month of my time w/ No service,807849,ATT,Thu Oct 12 17:57:55 +0000 2017,"@312503 Hey, Jai. We would hate to see you go! Pleaes DM us details on how we can better assist in keeping you happy! ^TomJ",807850
807856,312504,Wed Oct 11 10:53:40 +0000 2017,@127550 I have Direct TV What Channel is it on?? I Love to watch it @312504,807853,ATT,Thu Oct 12 17:57:12 +0000 2017,"@312504 @127550 Hi Gary, you can catch #TaylorSwiftNOW on @117830 Ch. 1113.","807854,807855"
807859,312505,Thu Oct 12 17:38:55 +0000 2017,"@ATT has the slowest process to order a phone, in store, I have ever experienced. 2 hours for a 20 min process. Waste of time.",807858,ATT,Thu Oct 12 17:51:32 +0000 2017,"@312505 At times, ordering phones can be a hassle, Brock! Still need assistance? Follow us and DM brief details so we can help. ^LarL",
807861,312506,Thu Oct 12 17:31:20 +0000 2017,@ATT When really they should be giving me a discount for dealing with all of this crap and still sticking with their company,807860,ATT,Thu Oct 12 17:47:00 +0000 2017,"@312506 Hey, Jordan, we would love to help and look into this matter for you about the charges. Please DM us your account number. ^OZ",
809244,312826,Thu Oct 12 18:41:26 +0000 2017,@116021 routine maintenance in the middle of a work day? Maybe we’ll switch to @ATT,809243,ATT,Thu Oct 12 18:45:00 +0000 2017,"@312826 Hi John, we'd be glad to have you! Let us know when you're ready to make the switch. ^PaigeR",
810722,167615,Thu Oct 12 18:30:16 +0000 2017,"Got iMessage straightened out 😂

After all that, it was fine!

The main problem was my old AT&amp;T account getting hacked online!!!! Won't let",810720,ATT,Thu Oct 12 19:12:35 +0000 2017,"@167615 Michelrá, please DM us with your account # and contact info. We'd like to help get to the bottom of this for you. Thank you.",810721
810724,313175,Thu Oct 12 18:07:54 +0000 2017,"Well, @ATT, our whole neighborhood without service, your cust serv says ""no outage, we'll send a tech"" who doesn't show. Been out 40 hrs now",810723,ATT,Thu Oct 12 19:02:33 +0000 2017,"@313175 Hey, there! Dm us your account number so we cna take a closer look intot his matter of you not having service. Thanks. ^OmairZ",
810728,297429,Thu Oct 12 17:57:19 +0000 2017,@ATT still sux today!!!!! On the phone fixing a problem for the 10th time since February. I have repeatedly asked for a manager to call me.,810727,ATT,Thu Oct 12 18:47:08 +0000 2017,"@297429 We would love to help, Meghill! Dm us the full concern and the wireless number the account is associated to. Thanks. ^OmairZ",
810730,313177,Thu Oct 12 18:37:30 +0000 2017,I'm so dressing up as Zombie Taylor for halloween https://t.co/ZNiP0OgvlH,810729,ATT,Thu Oct 12 18:47:07 +0000 2017,@313177 We think Zombie Taylor would approve! https://t.co/kmk9nMhdNR,
813788,313917,Thu Oct 12 20:01:47 +0000 2017,Why is my call service so bad here lately @ATT ? Calls constantly going in and out or dropping or phone not ringing at all but vm's 🤔😤😡,813787,ATT,Thu Oct 12 20:08:31 +0000 2017,@313917 Thank you for reaching out to us! We apologize that you are receiving inferior service. DM us so we can help!^CynthiaO,
813791,313918,Thu Oct 12 19:47:15 +0000 2017,@ATT @118062 To be honest I'm probably all 3 throughout the day but mainly queen Taylor 😂😂,813789,ATT,Thu Oct 12 20:03:27 +0000 2017,@313918 We truly appreciate the fierceness! 🔥🙌 https://t.co/ZPYNOFc7Js,813790
813811,165038,Thu Oct 12 18:01:08 +0000 2017,@ATT @118062 i’m the zombie when i have my 8 am class https://t.co/iUT8QaONOO,820471,ATT,Thu Oct 12 22:01:38 +0000 2017,@165038 SAME! #TaylorSwiftNOW https://t.co/KHhnUpqLBk,"820472,820473"
813821,318154,Fri Oct 13 02:10:30 +0000 2017,"@ATT @118062 Zombie Taylor describes me on Monday 
Glam Taylor describes me on Friday
And queen Taylor describes me on Sunday",832015,ATT,Fri Oct 13 05:01:30 +0000 2017,@318154 We love every version of you! #TaylorSwiftNOW,"832016,832017,832018,832019"
813845,329613,Thu Oct 12 18:27:22 +0000 2017,@ATT @118062 Ready! https://t.co/F2gPkiw3xX,882753,ATT,Fri Oct 13 16:51:07 +0000 2017,"@329613 You're rocking the Queen of Snakes look, Allie! #TaylorSwiftNOW https://t.co/jILMbKHDND",
814166,754309,Tue Oct 31 06:34:58 +0000 2017,@ATT @118062 Love you sis,2681304,ATT,Tue Oct 31 15:49:07 +0000 2017,@754309 We ❤️ Taylor too! Which look is your fave? #TaylorSwiftNOW https://t.co/0GxahNE5bt,"2681305,2681306"
816768,314525,Thu Oct 12 20:24:53 +0000 2017,Arrived at office 5 hrs ago for @att. Still no word despite 4 hr install. Would be another in long list of screw ups from them if no-show.,816767,ATT,Thu Oct 12 20:30:00 +0000 2017,"@314525 Thank you for reaching out, Richard. Can you please DM us more details on the situation? We are happy to assist you! ^YanD",
817979,314831,Thu Oct 12 20:27:57 +0000 2017,"@ATT Your customer service is horrible!
I've been mistreated by your employees and contractors for two hours today.",817978,ATT,Thu Oct 12 21:01:41 +0000 2017,"@314831 Hey Odiumar,thanks for the tweet.That's not something we like to hear,could you send us a DM with details?We're here to help!^VeroP",
817981,314832,Thu Oct 12 20:49:55 +0000 2017,@117830 @ATT   don't tell a customer that you're going to call them back and then not do it.,817980,ATT,Thu Oct 12 20:57:30 +0000 2017,"@314832 Hello Crystal, we apologize that you haven't received your return call. We are here to help. Please DM your concerns? RickeyY",
817983,314833,Thu Oct 12 20:32:09 +0000 2017,I’m traveling now but I can’t wait to get home &amp; tell @ATT where to get off re: a sudden $100+ increase on my tv/internet/phone bill. #bye,817982,ATT,Thu Oct 12 20:52:26 +0000 2017,@314833 Hi Ann. We'd love to look into why the dramatic change in your bill occurred. DM us more info so that we can help. ^KO,
819340,315176,Thu Oct 12 20:11:27 +0000 2017,called @ATT bc I have no internet. 26 min into the call he asks “so is ur internet working or not working?” WHY TF DO U THINK I CALLED YOU,819339,ATT,Thu Oct 12 21:34:02 +0000 2017,@315176 Thanks for reaching out Kristen! Please can you DM us more details of the problem so that we can help you better? ^JoyM,
819342,315177,Thu Oct 12 21:39:47 +0000 2017,"@ATT When I go to DM, and search the only option is att cares. Is this correct",819344,ATT,Fri Oct 13 00:19:26 +0000 2017,"@315177 Hey! Yes you would DM us on the ATT Cares Twitter handle. Also, you have to follow us in order to DM. Tweet back! Thanks, ^JayB",
819343,315177,Thu Oct 12 20:36:14 +0000 2017,@ATT bought sat./int bundle. Not told they couldn't do the int. Install as the tech was installing the dish. Cancelled install. You SUCK!,819341,ATT,Thu Oct 12 21:16:00 +0000 2017,@315177 We'd like to help - please DM us with more info so we can investigate. ^FredrickC,819342
820477,315451,Thu Oct 12 15:51:00 +0000 2017,I swear @ATT stays making mistakes and lying about what changes they’re making to your accounts.,820476,ATT,Thu Oct 12 21:56:29 +0000 2017,"@315451 Téo, we'd like to help. Could you please send us a DM with the issues your having as well as your account &amp; contact info?",
820481,315452,Thu Oct 12 21:45:52 +0000 2017,@ATT pretty much just charged me $315 for a phone case,820480,ATT,Thu Oct 12 21:50:55 +0000 2017,@315452 Tiffani! $350 is way too much for a phone case. Let's get you reimbursed. Can you DM us the details please? Thanks! ^JayB,
821603,315701,Thu Oct 12 22:33:54 +0000 2017,"How is it humanly possible that I work in an office that has a perfect view of the @ATT building, but I have no service &amp; dropped calls🙄",821602,ATT,Thu Oct 12 22:37:00 +0000 2017,"@315701 Hey there, we'd be happy to see why you have no service and dropped calls. DM us details! We are eager to assist. ^MakH",
821605,160251,Thu Oct 12 22:32:31 +0000 2017,@ATT Should I DM @117735 since there isn’t a messaging option for the @ATT acct?,821604,ATT,Thu Oct 12 22:35:26 +0000 2017,@160251 Yes ma'am that should do the trick! We are patiently awaiting your response. ^MakH,
821607,160251,Thu Oct 12 22:24:20 +0000 2017,My @ATT wireless service seems to have gotten worse at my place. How did that even happen?!?!🤳🏼🤦🏻‍♀️ #youtotallycanthearmenow,821606,ATT,Thu Oct 12 22:30:00 +0000 2017,"@160251 Hello, Pamela, we'd love to see whats going on with your cell service. DM us details. We are eager to assist. ^MakH",821605
821609,315702,Thu Oct 12 22:31:12 +0000 2017,@ATT @117735 why full bars = no connection? I’m in Chicago should get service 😡😡😡😡😡,821608,ATT,Thu Oct 12 22:34:00 +0000 2017,"@315702 Hello, John, we'd be happy to see why you have no connection. DM us details and your acct#. We are here to help! ^MakH",
821611,315703,Thu Oct 12 22:00:40 +0000 2017,".@ATT I need help on how to file a complaint against one of your ""authorized retailers.""",821610,ATT,Thu Oct 12 22:25:28 +0000 2017,"@315703 Hi, there. To better assist you, please follow AT&amp;T Cares and direct message us with more details. We care at AT&amp;T! ^TesiaT",
82195,134194,Thu Nov 30 11:17:35 +0000 2017,@134195 @115714 @2531 @ATT I'm in hopes they get better. I'll give them another chance.,82196,ATT,Thu Nov 30 12:26:00 +0000 2017,"@134194 We're here whenever you want to join the family, Rhonda! Have a great day! ^BrianaB",
82199,134194,Wed Nov 29 14:28:40 +0000 2017,@115714 @2531 @ATT @115858 @AppleSupport,2944649,ATT,Wed Nov 29 19:07:30 +0000 2017,"@134194 Hello Rhonda, Thank you for reaching out to us via social media! We would love to help you switch to AT&amp;T today. Please contact when you are ready. ^JoyM",2962480
823496,316165,Thu Oct 12 23:38:35 +0000 2017,"@1561 Also can you help me activate my free @1561 as an @ATT unlimited data plan holder? 

^L",823495,ATT,Thu Oct 12 23:43:00 +0000 2017,@316165 Hi. We'd love to help you activate it. Could you DM us your wireless number? We're here to help. ^JamesV,
823500,316166,Thu Oct 12 23:29:52 +0000 2017,yo @ATT literally has the worst customer service ever. How do these people still have jobs ?,823499,ATT,Thu Oct 12 23:38:33 +0000 2017,@316166 We don't mind helping! Follow us and send a DM containing your account number and brief details of how we can assist. ^LarL,
823503,292604,Thu Oct 12 23:08:57 +0000 2017,@ATT is s-l-o-w..  unusable!  page load takes several minutes!,823502,ATT,Thu Oct 12 23:32:00 +0000 2017,"@292604 We agree, Haim, sluggish internet speed is useless! Follow us and DM your account number and brief details of experience. ^LarL",
823505,316167,Thu Oct 12 22:55:53 +0000 2017,How does @ATT have slow WiFi in there stores ? 🙄 25 minutes just to pay a bill.,823504,ATT,Thu Oct 12 23:27:35 +0000 2017,@316167 DM us and let us know about your experience at our store. We'd love to help in any way possible! We'll be waiting! ^DiaD,
824670,316402,Fri Oct 13 12:45:52 +0000 2017,"@ATT Its fixed, they sent me a v30😃",824672,ATT,Fri Oct 13 15:09:26 +0000 2017,"@316402 Hello Mikie, That's great! May i know if there is anything else i can help you with? Great day ^Luisa Social Media Specialist",
824671,316402,Wed Oct 11 03:29:37 +0000 2017,"@ATT my V10 died, was an awesome phone, concerned my LG phones keep doing this way to early, no phone on my tablet trying to do business.",824669,ATT,Fri Oct 13 00:00:01 +0000 2017,"@316402 Hello Mikie, Please DM me so we can continue with your request, I hope I hear from you, ^Luisa Social Media Specialist",824670
824674,316403,Thu Oct 12 23:18:35 +0000 2017,".@ATT is the most Rotten Telephone co. Now.
My service was out for 5 or 6 Days &amp; their Reps have not given a Credit for the Outage. Awful Co",824673,ATT,Thu Oct 12 23:52:31 +0000 2017,"@316403 Hi, Jim. Was this credit on your wireless? Could you DM us the wireless number? We're here to help. ^JamesV",
825409,316587,Fri Oct 13 00:00:27 +0000 2017,you can still use unlimited data however your speeds may be reduced in areas with network congestion.@att #DoesntCare,825408,ATT,Fri Oct 13 00:15:34 +0000 2017,"@316587 Hi, Lloyd. Can you DM us and let us know what's going on with your wireless speeds? We're here to help. ^JamesV",
826175,316784,Fri Oct 13 00:12:37 +0000 2017,@316785 @34874 @ATT I was able to book now. Thank you 😊🙏🏻,826174,ATT,Fri Oct 13 00:53:27 +0000 2017,@316784 Awesome! Is there anything else we can assist you with? Please don't hesitate to reach back out! We're here! ^BriT,
829075,317431,Sun Oct 08 22:53:01 +0000 2017,@ATT My broadband 1 and 2 on my uverse box are blinking and i can't access anything needing internet. You guys are the trash of networks.,829074,ATT,Sun Oct 08 23:00:00 +0000 2017,@317431 Oh no Damian! We're saddened to hear you feel this way will you please DM us with more details on what you're experiencing? ^GageC,
832028,318160,Thu Oct 12 19:12:01 +0000 2017,@121574 I know what I’m doing on my off day tomorrow! I’m making my car payment and binge watching #TaylorSwiftNOW @ATT,832026,ATT,Fri Oct 13 04:49:25 +0000 2017,@318160 Best. Day. Ever! #TaylorSwiftNOW,832027
832495,318278,Fri Oct 13 02:06:28 +0000 2017,"Gigabit $ dropped $29 but still charging me same while lying and telling I'm getting a discount. Really? New low, @ATT, new low. @117735",832494,ATT,Fri Oct 13 05:44:00 +0000 2017,"@318278 We certainly understand your position, with these recent bill trouble and we're here to help. Please, DM us more info. ^DomG",
832499,271423,Fri Oct 13 01:33:51 +0000 2017,@ATT @318279 Tickets to any concert are not worth having to pay for your crappy DSL w/a data cap of 150 GB. Ridiculous!,832496,ATT,Fri Oct 13 05:36:00 +0000 2017,"@271423 Hi, Andy. We are not happy to hear that you are having issues with your DSL data. Can you DM us details of your issue? ^WaleA.","832497,832498"
839770,319780,Fri Oct 13 03:55:44 +0000 2017,"@ATT howdy James, thanks for following up on my tweet. About twenty minutes ago the power came back on after about two days.",839769,ATT,Fri Oct 13 11:25:50 +0000 2017,"@319780 Hey there David, glad it worked out and the power is back on for you! Feel free to reach out to us anytime. ^TiffH",
840155,319896,Fri Oct 13 00:36:23 +0000 2017,@ATT U-verse SUCKS. dealing with box issues for over 2 years. internet speed isn’t putting out near mbps as what we are paying for either 🙄,840154,ATT,Fri Oct 13 02:40:01 +0000 2017,"@319896 Brandi, our customers should always be able to watch their shows without difficulty! Please DM us more details asap! ^ErnL",
840157,319780,Fri Oct 13 00:24:51 +0000 2017,@ATT #novaassetmanagement has not helped these people nor problem for 2 days #2929dunvale-what about the families? Yes I live there.,840156,ATT,Fri Oct 13 02:39:28 +0000 2017,"@319780 Hi, David. Could you send us a DM and fill us in on the situation? We're here to help. ^JamesV",
840160,319897,Fri Oct 13 00:17:00 +0000 2017,In the words of the worst president ever @ATT bad company very bad,840159,ATT,Fri Oct 13 02:15:29 +0000 2017,"@319897 We hate to hear that you had your internet service was turned off, Jennifer. DM us your account number so we can help!^KO",
841152,201349,Fri Oct 13 11:36:47 +0000 2017,I think @ATT might’ve got me together 🙏🏽🙏🏽🙏🏽,841150,ATT,Fri Oct 13 11:44:32 +0000 2017,@201349 We'd love for you to join the at&amp;t family! ^Kj,841151
841154,320120,Fri Oct 13 01:38:44 +0000 2017,It's easier to watch football streaming on Facebook than this Byzantine ESPN ro-sham-bo @att is subjecting me to using Reddit streams,841153,ATT,Fri Oct 13 11:40:29 +0000 2017,"@320120 Morning, Jack! We'd love to help look into your ESPN package concerns. Please DM us your account number so we can help. ^KeishaB",
841156,320121,Fri Oct 13 02:03:39 +0000 2017,@ATT AT&amp;T Tech Support Inop! Supervisor out on a 2 hour lunch and or breakfast break.  Total system failure in Indianapolis twice in 2 days.,841155,ATT,Fri Oct 13 11:36:30 +0000 2017,@320121 Allow us to see what we can do to turn this around. Can you kindly DM us? We are eager to hear back from you! ^ChristiM,
841158,320122,Fri Oct 13 02:03:38 +0000 2017,Chatting with @ATT customer service for the THIRD time this week bc an employee submitted my case incorrectly :-) yay!!!!!!!!!!,841157,ATT,Fri Oct 13 11:32:00 +0000 2017,@320122 Thank you for reaching out McKenzie! Please DM us with details so that we may help you here. We're here for you! ^ChrstiM,
841689,320233,Fri Oct 13 01:48:52 +0000 2017,@320234 @ATT How did you do that ?,841688,ATT,Fri Oct 20 13:24:01 +0000 2017,"@320233 Hi Jerry, our AT&amp;T Call Protect app may be what you're looking for. Find out more here: https://t.co/Obr3AEKar3",
842950,320470,Fri Oct 13 03:02:32 +0000 2017,@ATT  7 humans passed me around and ZERO help with a simple U-verse issues!?! Worst service ever,842948,ATT,Fri Oct 13 12:20:36 +0000 2017,"@320470 Good morning, Maureen! Please DM us with more details on what U-verse issues you seem to be having. We are here to help! ^YanD",842949
842953,320471,Fri Oct 13 03:29:54 +0000 2017,I hate you @ATT every night my TV service goes to crap and freezes and now I can’t watch the @176804 v @188390 game,842951,ATT,Fri Oct 13 12:15:00 +0000 2017,"@320471 Hi, we are sadden to hear that your upset! Could you DM us with more details! We would love to help if possible!^RonH",842952
842955,320472,Fri Oct 13 02:22:46 +0000 2017,"@ATT what’s wrong in Southeastern Oklahoma? I can barely send pictures, only the tiniest bar.",842954,ATT,Fri Oct 13 12:07:08 +0000 2017,@320472 Good morning! Have you tried troubleshooting? https://t.co/OVSEC5MHDn Let us know how this helps! We're here to help^ChristiM,
842957,320473,Fri Oct 13 02:53:00 +0000 2017,@ATT what do I pay y'all for my service has been 10 out of 10 straight trash 🙄,842956,ATT,Fri Oct 13 12:07:08 +0000 2017,@320473 We'd love to look into your service. Please send us a DM so we can help. ^Dmya https://t.co/7m6RT3Hk4n,
846884,305961,Fri Oct 13 10:14:37 +0000 2017,@ATT ayy I have an upgrade on my phone but I just cracked the screen. Am I still good or nah?,846883,ATT,Fri Oct 13 12:59:00 +0000 2017,@305961 Good morning! Could you send us a DM so we can look into that for you? ^Dmya,
846886,321279,Fri Oct 13 11:04:30 +0000 2017,"@321280 @ATT Dont forget the part that they dont tell you that you went over, they'll just sit back and collect overcharge fees",846885,ATT,Fri Oct 13 12:53:37 +0000 2017,"@321279 Hey,Jacob, thanks for reaching out! Will you send us a DM so we can better assist you? We are awaiting your response! ^WhitK",
847048,321304,Fri Oct 13 05:40:37 +0000 2017,Just viewed my @ATT And @117830 bill on line. I know I ain’t never watched $517 worth of nobody TV. Just gave y’all $200 so fix it.,847047,ATT,Fri Oct 13 12:52:49 +0000 2017,"@321304 Hi, Mezon we want to fix your AT&amp;T/DirecTV bill. Please DM us with your acct #. We want to help! Send us a tweet back! ^EuniceT",
847050,321305,Fri Oct 13 04:54:03 +0000 2017,@ATT if I get your logo tattooed on my hand. Can I get the iPhone 8???,847049,ATT,Fri Oct 13 12:46:36 +0000 2017,"@321305 Tempting, but we will have to pass on that one! https://t.co/FoWcKidJna Here's a link to all our current deals though! ^GarW",
847052,321306,Fri Oct 13 05:26:02 +0000 2017,@ATT man what is going on,847051,ATT,Fri Oct 13 12:40:00 +0000 2017,"@321306 Hey, Chris, thank you for reaching out! Will you send us a DM with the issues you're experiencing? We are here for you! ^WhitK",
847054,321307,Fri Oct 13 05:58:44 +0000 2017,@117735 @ATT Who do i contact that can help with this issue? Thanks. 4/,847053,ATT,Fri Oct 13 12:36:30 +0000 2017,@321307 Good Morning! We'd love to help you! Could you send us a DM so we can get started? ^Dmya https://t.co/7m6RT3Hk4n,
847060,321308,Fri Oct 13 03:34:02 +0000 2017,Please stop buffering @ATT,847059,ATT,Fri Oct 13 12:33:28 +0000 2017,"@321308 Good moning, Daniel! Thank you for reaching out to us. Could you please DM us with more details? We're here for you! ^ChristiM",
851279,322229,Fri Oct 20 15:04:58 +0000 2017,"I just can't win with @ATT,@117735,@117830,  2nd day in a row they missed there appointment time. 3rd time overall. #CustomerService",851278,ATT,Fri Oct 20 15:11:00 +0000 2017,@322229 Yikes. We don't want anymore appointments to be missed.We can help. Please dm your account number? Thanks ^MichR,
851281,322230,Mon Oct 16 13:00:52 +0000 2017,@ATT has probably the absolute worst customer service I have ever experienced. Worse than Comcast which has quite a reputation.,851280,ATT,Fri Oct 20 14:52:00 +0000 2017,@322230,
851283,136536,Thu Oct 19 22:18:17 +0000 2017,@322231 @322232 @ATT It is pretty bonkers.,851282,ATT,Fri Oct 20 14:49:00 +0000 2017,"@136536 That just gave us an extra 1UP for today, Andrea. Thanks for the love!",
851297,304385,Fri Oct 20 13:51:16 +0000 2017,I pay more a month for my @ATT cell phone (I have my mom on my plan) bill than I do for groceries in a month. Think about that!,851296,ATT,Fri Oct 20 14:06:29 +0000 2017,"@304385 Hey friend, We appreciate your feedback! We don't want you paying more a month. Send a DM if you need our assistance. ^NiaB",
851299,167623,Fri Oct 20 13:52:13 +0000 2017,@ATT @117735 can someone reach out to me in regards to my account with 5 lines.,851298,ATT,Fri Oct 20 13:56:35 +0000 2017,@167623 Good morning Greg! Please provide us with your account information in a DM so that we may further assist you.^AsiaY,
851301,322233,Fri Oct 20 13:43:42 +0000 2017,"Hey @ATT @117735 why does your website not load my profile? There is a billing error that needs correcting, but I can't log in.",851300,ATT,Fri Oct 20 13:47:00 +0000 2017,"@322233 Hi,Tony! We will look to see whats going on with the website! You can DM us with more detail! We will try to help!^RonH",
853026,322637,Fri Oct 13 14:34:46 +0000 2017,@ATT It won’t let me DM you!,853028,ATT,Fri Oct 13 14:53:01 +0000 2017,"@322637 Hey Kate, are you following us? Please follow us @117735 so we can receive your message.^CynthiaO",
853027,322637,Fri Oct 13 11:44:03 +0000 2017,"@ATT good morning. I returned my phone on the 9/27, and just tracked it to find it’s been sitting in a returns since the 29th. What do I do?",853025,ATT,Fri Oct 13 13:09:38 +0000 2017,@322637 Hey Kate! Thank you for being a valued customer and reaching out to us! Please DM us so we can further assist you.^CynthiaO,853026
855986,323273,Fri Oct 13 13:25:41 +0000 2017,Anyone on my TL using @115946? I'm over @ATT @117735 - contemplating @116136 @comcastcares for Internet only? #TV @323274 #help,855988,ATT,Fri Oct 13 14:03:41 +0000 2017,"@323273 Hi Christopher! We are here for you, send us a DM with more details regarding your concern for further assistance. Thanks! ^RazR",
857513,323638,Fri Oct 20 16:14:36 +0000 2017,@ATT What about the other 4 hours that I was originally scheduled for? Should I leave then tell you guys I’d be back within 4 hours?,857512,ATT,Fri Oct 20 16:28:37 +0000 2017,"@323638 We are behind schedule, and apologize for causing any issues with your schedule for today. Please DM us any other issues. ^JoW",
857515,323638,Fri Oct 20 15:49:13 +0000 2017,@323639 @ATT Dude the guy just called me and said he’s going to be here like an hour after the 4 hour window.,857514,ATT,Fri Oct 20 16:12:36 +0000 2017,@323638 Hello! We know your time is valuable. Please send us a DM if service does not arrive within the hour stated they would. ^JoW,857513
857522,323642,Thu Oct 19 00:58:12 +0000 2017,God straight up gave me an angel tonight. This woman working at AT&amp;T have my life advice and cut my bill in half.,857521,ATT,Fri Oct 20 16:09:37 +0000 2017,"@323642 Woo-hoo! We're always here for you, Paige! https://t.co/4n8Zw34ySm",
857524,323643,Fri Oct 20 15:19:32 +0000 2017,@ATT Worst billing practices. I am appalled.,857523,ATT,Fri Oct 20 15:42:07 +0000 2017,@323643 Hey there! What seems to be going on in regards to your billing? DM us so we can help on this matter! ^OmarG,
857531,323647,Fri Oct 20 15:07:06 +0000 2017,I guess @att doesn’t want my money since it won’t let me pay my bill,857530,ATT,Fri Oct 20 15:25:00 +0000 2017,@323647 Hey there! We don't want you behind on any payments. Shoot us a DM so we can help! ^OmarG,
857533,323648,Fri Oct 20 15:16:55 +0000 2017,"@ATT I’ve had this phone for less than 2wks &amp; it is already glitching, yet yall want me to pay $45 to replace a defunct phone yall gave me?",857532,ATT,Fri Oct 20 15:21:29 +0000 2017,"@323648 Hello, Stacy, the social media team can help with your phone issues! DM us details! We are eager to assist. ^MakH",
858013,323752,Fri Oct 13 06:18:07 +0000 2017,"@ATT OTA update released on August 13 is still not showing up on my S8 Plus, any idea why?",858010,ATT,Fri Oct 13 13:51:35 +0000 2017,"@323752 Hi, Jai we want to get you the right information. Please DM us with more details. We want to help! Tweet us back.^EuniceT","858011,858012"
858015,303852,Fri Oct 13 13:39:04 +0000 2017,Took the day off to get caught up on homework - but internet service is down for the 10th time in 2 weeks- thanks @ATT #FridayThe13th,858014,ATT,Fri Oct 13 13:45:32 +0000 2017,@303852 Oh no! Could you send us a DM so we can get the resolved for you? ^Dmya https://t.co/7m6RT3Hk4n,
858058,323760,Fri Oct 13 13:34:59 +0000 2017,@117830 &amp; @ATT I've been trying to bundle my account since July &amp; I've been getting the run around from the both of you! Who can help?,858057,ATT,Fri Oct 13 13:38:30 +0000 2017,"@323760 Hey Felix, send us a DM with your account number. We would be more than happy to help bundle your services, thanks! ^VeroP",
858061,323761,Fri Oct 13 04:03:57 +0000 2017,@ATT when are you going to expand fiber to all of Little Elm? I need all the speed.,858059,ATT,Fri Oct 13 13:34:28 +0000 2017,"@323761 Hi! We want to help you get all the speed you need! To stay updated on Fiber eligibility, check this out: https://t.co/ZR0nBo407r",858060
860521,198480,Mon Oct 09 00:10:20 +0000 2017,RT ATT: It’s a bird…it’s a plane…it’s JimLee and GeoffJohns at the Gotham City takeover and #JusticeLeague signing! https://t.co/oedeS5gsi9,860520,ATT,Mon Oct 09 16:41:01 +0000 2017,@198480 You’re a serious superhero! Thanks for being part of our Gotham City fun! #JoinTheLeague,
864583,325338,Thu Oct 12 23:06:07 +0000 2017,Zoom? Hrm. @att is getting worse with each passing week. Alternative searching... https://t.co/Cxinj3I4fB,864582,ATT,Fri Oct 13 14:55:01 +0000 2017,"@325338 Hi, Michael! Are you still experiencing speed problems with your internet? DM us details so we can further assist you. Thanks! ^MarM",
864586,325339,Fri Oct 13 14:44:57 +0000 2017,"HUGE shoutout to Randi at the kenwood, oh @ATT who solved a nightmare situation that FIVE other (rude) ATT reps couldn’t 🙌🏽",864584,ATT,Fri Oct 13 14:52:27 +0000 2017,@325339 Your satisfaction means everything to us! We value your business and thank you for being apart of the AT&amp;T family.^LachS,864585
864588,325340,Fri Oct 13 14:39:21 +0000 2017,@ATT can never get quality customer service @325340,864587,ATT,Fri Oct 13 14:45:46 +0000 2017,"@325340 Hey, Allyson, good morning. How can we assist you today? We're always here for you at AT&amp;T via social media! ^SkyH",
864593,325341,Fri Oct 13 14:32:07 +0000 2017,@ATT @117735 @219259 why is it so hard to keep accounts merged?!? Your cust svc reps are horrible,864591,ATT,Fri Oct 13 14:36:36 +0000 2017,"@325341 Hi, Reginald. We'd like to turn around this customer experience for you. Can you PM us your account information ? ^ShiannF",864592
864595,325342,Fri Oct 13 13:37:55 +0000 2017,WHY IS MY PHONE SERVICE SO BAD @ATT,864594,ATT,Fri Oct 13 14:35:27 +0000 2017,"@325342 Hi, Darian! We hate to hear that your service is not working. Can you Dm us which service you are referring to? ^JabrillG",
864635,325346,Fri Oct 13 14:17:25 +0000 2017,@ATT @att Closing in on 1 hour and 30 minutes. Are you home?,864633,ATT,Fri Oct 13 14:26:00 +0000 2017,@325346 Hello Garrett! Can we help you? Are you having a service issue? We'd love to help you. DM and tell us all about it. ^WillP,864634
864638,193083,Fri Oct 13 13:37:53 +0000 2017,@ATT Can you please tell me what this $10 charge is for? A third party purchase? I can give you my cell on DM. https://t.co/DKNZC5OpyA,864637,ATT,Fri Oct 13 14:09:00 +0000 2017,"@193083 Hello, This is Georgia with AT&amp;T Social Media. Please DM me with your AT&amp;T number and I can help you with that. ^GeorgiaJ",
864644,325349,Fri Oct 13 13:37:36 +0000 2017,@ATT Do you have an estimate on when internet service will be restored in Atlanta? This is day 2 without service! #outage #ineedmyinternet,864643,ATT,Fri Oct 13 14:00:55 +0000 2017,"@325349 Hello, David. There is no current ETA. We can assure you our technicians are working diligently to get services restored.^JalG",
868476,326206,Fri Oct 20 17:28:43 +0000 2017,I can’t believe @ATT would treat long time customers with such disregard. 😡 I’ve been on the phone for a months trying to get an account fix,868474,ATT,Fri Oct 20 17:32:41 +0000 2017,@326206 Allow us to provide the customer service you deserve. We are here to help. DM us more details for further assistance. ^RenaB,868475
868480,326207,Fri Oct 20 16:52:30 +0000 2017,@ATT It's been resolved using online chat. Thanks.,868479,ATT,Fri Oct 20 16:55:03 +0000 2017,"@326207 Great to hear Emily! Let us know if you ever need any other assistance, we are 100% here for you! ^GarW",
868482,326207,Fri Oct 20 16:27:29 +0000 2017,"Our relationship is not starting out well, @ATT. I'm just trying to login in to pay my bill &amp; for some reason have 3 user IDs - none work. 👎",868481,ATT,Fri Oct 20 16:51:39 +0000 2017,@326207 We'd love to help Emily! Could you please DM us your account info so we can take a look? ^GarW,868480
868588,326240,Mon Oct 09 16:49:25 +0000 2017,@ATT i have choice unlimited cell plan. Downloaded HBO go but says i need to log in. Whats my log in? I dont have direct tv,868587,ATT,Mon Oct 09 19:26:27 +0000 2017,"@326240 Hey Bryan, thank you for reaching out to us! Have you tried logging into your My AT&amp;T account to create a HBO account? ^JaCS",
869709,326507,Fri Oct 13 15:05:22 +0000 2017,@ATT @117735 @126768 Now I'm having issues with my account and no one has evidence of the call.,869707,ATT,Fri Oct 13 15:13:33 +0000 2017,@326507 Lets turn this experience around for you today! Please DM your account number and your concern. We are always here! ^YS,869708
869722,326511,Fri Oct 13 14:59:22 +0000 2017,@ATT @ATT Still making me pay a fee when i shouldn’t have to pay a dime.,869720,ATT,Fri Oct 13 15:03:33 +0000 2017,"@326511 We definitely don't want you to have to pay something you shouldn't have to, Jess. Please DM us so we can look into it. ^JWillie",869721
874168,327532,Fri Oct 13 15:23:12 +0000 2017,@ATT Why are you charging me with Wi-Fi? Puerto Rico doesn't have your services in all areas and it's limited. Please inform,874166,ATT,Fri Oct 13 15:45:34 +0000 2017,"@327532 Hi, Alicia! Wi-Fi charge? Puerto Rico? Please DM us more details and your account number. We'd love to help! ^ChasH",874167
874170,327533,Fri Oct 13 15:27:44 +0000 2017,"@ATT is being so annoying right now, locked me out of my account, i just want to pay my bill, man!",874169,ATT,Fri Oct 13 15:44:00 +0000 2017,@327533 Uh oh! We don't want that to be your experience with us! Could you please DM us so we can take a look at your acct? ^GarW,
877763,328367,Mon Oct 09 22:18:52 +0000 2017,@ATT your customer service is horrible and useless.  Can't wait to change carriers.  Thanks for wasting my time.,877761,ATT,Mon Oct 09 22:22:00 +0000 2017,"@328367 Hi, Jerry. Please follow AT&amp;T Cares and provide us with more information. We are awaiting your response! ^TesiaT",877762
878753,163734,Sat Oct 14 00:50:26 +0000 2017,@ATT Youdont communicate/care about any individual customer. There wasa problem withinthe ATT network last week but no info conveyed to customers,878755,ATT,Sat Oct 14 01:09:30 +0000 2017,@163734 We are here for you. Allow us to provide the customer service you deserve. Please DM us more details so we can assist you. ^RenaB,"878756,878757"
878754,163734,Fri Oct 13 16:03:02 +0000 2017,"@ATT Thanks for more horrific customer service-scheduling a tech visit then cancelling W/O informing me, sure I love to wait around 5 hours!",878752,ATT,Fri Oct 13 16:20:30 +0000 2017,"@163734 Good morning, We would love to further assist you. Can you please DM us your account number? ^ JC Social Media Specialist",878753
878759,328632,Fri Oct 13 16:06:17 +0000 2017,@ATT I'm getting a customer survey about a call with Ruth... I haven't called AT&amp;T anytime recently. Has someone tried to access my account?,878758,ATT,Fri Oct 13 16:13:03 +0000 2017,"@328632 Oh no, Jackie! Our team would love to help you with the security of your account! DM us your details. We're here for you! ^ChasH",
880227,328986,Mon Oct 09 23:45:16 +0000 2017,@ATT Have to wait until midnight to see if it really is off my account ! Ultimately I will eat the 130 you owe me. No more time for this !,880230,ATT,Tue Oct 10 00:10:33 +0000 2017,"@328986 We would be more than happy to look into this matter for you. DM us your account number, we're more than happy to help! ^JaCS",880231
880229,328986,Mon Oct 09 23:02:44 +0000 2017,Extremely disappointed in @ATT. 1 hour 40 mins on the phone ! And you can’t credit me what I’m owed ! 👎🏻👎🏻👎🏻.,880226,ATT,Mon Oct 09 23:28:00 +0000 2017,@328986 Hey Rob! We want to rectify any trouble you have encountered. Please DM us details regarding that credit. We await your reply!^JaCS,"880227,880228"
880234,226356,Mon Oct 09 22:08:22 +0000 2017,Hey @ATT any word on when you'll have cell service restored in Napa County?,880233,ATT,Mon Oct 09 23:25:41 +0000 2017,"@226356 Hi, Rachel! We are working hard towards restoring your cell service. Please continue to be patient with us. ^TesiaT",
881331,329271,Mon Oct 09 22:31:30 +0000 2017,@ATT youre workers are horrible. Customer service horrible. Everything horrible.,881330,ATT,Mon Oct 09 23:47:00 +0000 2017,"@__kittysmeow__ We want to help, Cass! Follow us and DM your account number and provide brief details of how we may be of assistance. ^LarL",
881333,329272,Mon Oct 09 23:39:34 +0000 2017,"@ATT ungodly customer service, absolutely the WORST - the worst",881332,ATT,Mon Oct 09 23:43:33 +0000 2017,@329272 We'd like to help - please DM us with more info so we can investigate. ^FredrickC,
881339,329274,Mon Oct 09 22:12:05 +0000 2017,@ATT you guys are the kings of frustratingly sad customer service. Every time I call you surprise me at how bad it can actually get.,881337,ATT,Mon Oct 09 23:36:01 +0000 2017,"@329274 Hello James, we apologize to you for your customer service experience. We are here to help. Kindly DM you concerns.^RickeyY",881338
881342,196883,Mon Oct 09 23:20:00 +0000 2017,@ATT hey I have a question,881340,ATT,Mon Oct 09 23:30:44 +0000 2017,"@196883 Hey, we have answers! Shoot us a DM to receive one! We'd love to help with any concern you may have, Eric! ^JewelR",881341
881427,329298,Sun Sep 17 17:05:09 +0000 2017,"@ATT Hello @ATT, Over 18 minutes and I still haven't spoken to a human...",881425,ATT,Sun Sep 17 18:22:00 +0000 2017,"@329298 Hi, Kenny! Let's get you surfing the web as soon as possible! Can you please DM us so we can help! ^EdwinE",881426
882699,329600,Mon Oct 09 23:49:16 +0000 2017,@ATT  the trend is dead but how many Rts for a free #iphoneX?,882698,ATT,Tue Oct 10 00:21:00 +0000 2017,@329600 Thanks for reaching out! Please can you DM us more details of the problem so that we can help you better? ^JoyM,
882716,329606,Fri Oct 13 16:52:52 +0000 2017,@ATT @219830 @11041 Awesome! I followed you but I can’t DM you because you aren’t following me back😁,882715,ATT,Fri Oct 13 16:55:36 +0000 2017,@329606 @219830 @11041 We should be good to go now!,
882718,219830,Sat Oct 07 18:39:55 +0000 2017,Retweet this to win a signed @329607 jersey and limited edition @ATT scarf. #SoccerEverywhere https://t.co/dPZsjqKN70,882724,ATT,Fri Oct 13 16:49:46 +0000 2017,@219830 @329614 Let's do this! You have been selected to win a @11041 scarf! Please follow and DM us your email address,882757
882718,219830,Sat Oct 07 18:39:55 +0000 2017,Retweet this to win a signed @329607 jersey and limited edition @ATT scarf. #SoccerEverywhere https://t.co/dPZsjqKN70,882730,ATT,Fri Oct 13 16:54:20 +0000 2017,@219830 @329607 @542059 Congratulations! You have been selected to win a @11041 scarf! Please follow and DM us your email address,
882718,219830,Sat Oct 07 18:39:55 +0000 2017,Retweet this to win a signed @329607 jersey and limited edition @ATT scarf. #SoccerEverywhere https://t.co/dPZsjqKN70,882717,ATT,Fri Oct 13 16:48:12 +0000 2017,@219830 @329606 Congratulations! You have been selected to win a @11041 scarf! Please follow and DM us your email address,882716
882718,219830,Sat Oct 07 18:39:55 +0000 2017,Retweet this to win a signed @329607 jersey and limited edition @ATT scarf. #SoccerEverywhere https://t.co/dPZsjqKN70,882722,ATT,Fri Oct 13 16:52:54 +0000 2017,@219830 @329608 Congratulations! You have been selected to win a @11041 scarf! Please follow and DM us your email address,
882718,219830,Sat Oct 07 18:39:55 +0000 2017,Retweet this to win a signed @329607 jersey and limited edition @ATT scarf. #SoccerEverywhere https://t.co/dPZsjqKN70,882728,ATT,Fri Oct 13 16:56:15 +0000 2017,@219830 @375498 Congratulations! You have been selected to win a @11041 scarf! Please follow and DM us your email address,
882718,219830,Sat Oct 07 18:39:55 +0000 2017,Retweet this to win a signed @329607 jersey and limited edition @ATT scarf. #SoccerEverywhere https://t.co/dPZsjqKN70,882723,ATT,Fri Oct 13 16:52:29 +0000 2017,@219830 @329609 Congratulations! You have been selected to win a @11041 scarf! Please follow and DM us your email address,
882718,219830,Sat Oct 07 18:39:55 +0000 2017,Retweet this to win a signed @329607 jersey and limited edition @ATT scarf. #SoccerEverywhere https://t.co/dPZsjqKN70,882727,ATT,Fri Oct 13 16:42:24 +0000 2017,@219830 @329617 Congratulations! You have been selected to win a @11041 scarf! Please follow and DM us your email address.,
882718,219830,Sat Oct 07 18:39:55 +0000 2017,Retweet this to win a signed @329607 jersey and limited edition @ATT scarf. #SoccerEverywhere https://t.co/dPZsjqKN70,882725,ATT,Fri Oct 13 16:48:52 +0000 2017,@219830 @329615 Happy Friday! You have been selected to win a @11041 scarf! Please follow and DM us your email address.,
882718,219830,Sat Oct 07 18:39:55 +0000 2017,Retweet this to win a signed @329607 jersey and limited edition @ATT scarf. #SoccerEverywhere https://t.co/dPZsjqKN70,882726,ATT,Fri Oct 13 16:43:43 +0000 2017,@219830 @329616 woot woot! You have been selected to win a @11041 scarf! Please follow and DM us your email address,
883145,329721,Fri Oct 20 19:14:57 +0000 2017,If @att is having an outage why would I message them 🤔😂,883144,ATT,Fri Oct 20 19:28:14 +0000 2017,"@329721 Hello Bre, thank you for informing us about your interrupted service. Please DM your service and what it's not doing? ^RickeyY",
883147,165039,Fri Oct 20 19:14:06 +0000 2017,@ATT yall were supposed to call me by oct 16 about overcharging my account for 6 months. I’ve received no call and I need my refund,883146,ATT,Fri Oct 20 19:28:12 +0000 2017,@165039 We'd like to help! Could you DM us with service type and more information on how we can better assist you? ^AbayomiO,
887267,330665,Fri Oct 13 16:09:22 +0000 2017,"27 service reps spoke with, 7 failed service appts, 48483 lies, STILL NO INTERNET.... come on @ATT @117735 #getittogether #terribleservice",887266,ATT,Fri Oct 13 17:26:35 +0000 2017,"@330665 Oh no, that's not good to hear Jessica. DM us your acct #, we want to get to the bottom of this internet issue. Thanks! ^CarolM",
887783,330796,Fri Oct 20 21:37:29 +0000 2017,"Don't get @10136 from @ATT . They quoted me for 1 thing, and now they want me to pay more for what I was quoted-not even a month w/ them.",887782,ATT,Fri Oct 20 21:51:04 +0000 2017,"@330796 Hi! We understand being told one price and seeing it higher can be a pain! Please DM us details, we're here to help! ^TinaT",
892538,331925,Fri Oct 13 19:21:55 +0000 2017,@ATT Lol never mind guys false alarm. It was my activation fees! Maybe you guys could change it from “direct tv” a little alarming ☺️☺️💜💜,892540,ATT,Fri Oct 13 19:35:52 +0000 2017,"@331925 Whew! Glad to hear everything is okay. If you ever need future assistance we're always here to help. Thank you, Karley. ^MarM",
892539,331925,Fri Oct 13 17:48:40 +0000 2017,@ATT why on earth did this idiot att worker charge me for direct tv. I just dropped 200 on phones I didn’t want any direct tv.,892537,ATT,Fri Oct 13 17:55:28 +0000 2017,"@331925 Oh no, Karley! We hate to hear that you're being charged for something you didn't want.DM us details so we can assist you! ^MarM",892538
892564,331935,Fri Oct 13 17:38:16 +0000 2017,Dealing with @ATT  and @117830  has just been awful. They seem to refuse to combine my account. Getting in contact with them is horrible.,892563,ATT,Fri Oct 13 17:44:01 +0000 2017,@331935 Check out this link on combining accounts https://t.co/6PSGztLT1H Reach out if you have any other questions. ^ShamW,
894929,332489,Fri Oct 20 21:23:00 +0000 2017,@ATT Lol I can’t,894928,ATT,Fri Oct 20 21:38:29 +0000 2017,@332489 Are you having trouble getting into your dm? ^CurtisK,
894931,332489,Fri Oct 20 20:28:16 +0000 2017,@ATT  why are there not more repair shops that are covered by insurance? I don’t want to spend the money to just be sent a refurb phone,894930,ATT,Fri Oct 20 20:53:34 +0000 2017,@332489 Thank you for reaching out to us this afternoon Chandler. You've come to the right place for assistance.DM details here.^CurtisK,894929
894934,332490,Fri Oct 20 20:38:57 +0000 2017,@ATT what’s up with the cell service in the Helotes TX (78023) area? Our FD station is next to an AT&amp;T tower and we have no service.,894932,ATT,Fri Oct 20 21:29:01 +0000 2017,@332490 Please send us a DM so we can properly assist you thanks. ^Kj,894933
894936,332491,Wed Oct 18 22:13:16 +0000 2017,@ATT @117735 you guys promised help. Nobody has reached out,894937,ATT,Sat Oct 21 13:50:35 +0000 2017,"@332491 Thank you for being a valued AT&amp;T customer John,  we truly appreciate your business! Have a great day. ^GreysonR",
894936,332491,Wed Oct 18 22:13:16 +0000 2017,@ATT @117735 you guys promised help. Nobody has reached out,894935,ATT,Fri Oct 20 21:16:00 +0000 2017,"@332491 Hello Pundit. You can reach out to me at 877-929--5551, ext 149157. My office hours are 8am-5pm CST, Tues-Sat. ^GreysonR",
894939,332492,Tue Oct 17 19:20:18 +0000 2017,"@ATT How to dm u, does not show",894938,ATT,Fri Oct 20 20:55:52 +0000 2017,@332492 Hi! Please visit https://t.co/7BtycA8e7c for information on sending us a Direct message. Thanks! Social Media Team,
894941,332492,Tue Oct 17 18:17:24 +0000 2017,@117735 @ATT  https://t.co/66kYwoLQ4f,894940,ATT,Tue Oct 17 18:57:01 +0000 2017,"@332492 Hi Aliex, thanks for tweeting us. We're here to help. Can you please DM us more details on your return so we can help? ^EG",894939
894946,332493,Thu Oct 19 22:46:17 +0000 2017,@225694 @332496 @39439 He can still get the quadruple and take co-Golden Boot!,894944,ATT,Fri Oct 20 20:54:15 +0000 2017,@332493 That would be insane! Have you made it to a match before? #SoccerEverywhere,894945
894949,332497,Fri Oct 20 05:45:26 +0000 2017,@225694 @332498 @ATT This team is making history for a team who's been playing right now for one season my respects for them 👍👍👍👍👌👌👌👌👏👏👏👏,894948,ATT,Fri Oct 20 20:53:12 +0000 2017,@332497 We can't wait to see it happen! Have you made it out to any games this season? #SoccerEverywhere,
894969,332499,Thu Oct 19 04:41:12 +0000 2017,@225694 @123633 @332500 Dynamo fan here. I have to say... he has some of the best quality goals in the league.,894967,ATT,Fri Oct 20 20:51:02 +0000 2017,@332499 You are a class act! Have you made it out to any games this season? #SoccerEverywhere,894968
894972,332501,Wed Oct 18 13:45:41 +0000 2017,@225694 @ATT look at cascadia though 👏🏼🌲,894971,ATT,Fri Oct 20 20:49:51 +0000 2017,@332501 Going to be a great finish to the season! Have you made it out to a match yet? #SoccerEverywhere,
894988,332502,Thu Oct 19 12:42:09 +0000 2017,3 days until #DecisionDay #MLS #RBNY,894987,ATT,Fri Oct 20 20:48:54 +0000 2017,@332502 We can't wait either!! Have you made it out to a match yet? #SoccerEverywhere,
894990,332503,Fri Oct 20 22:46:42 +0000 2017,@ATT I have... unfortunately I’m an east coast fan of the Sounders... seen them on the road 3 times,894992,ATT,Fri Oct 27 17:57:51 +0000 2017,"@332503 Wow you are a dedicated fan. We love your soccer passion, follow and DM us, we may have something for you! #SoccerEverywhere",894993
894991,332503,Wed Oct 18 14:07:03 +0000 2017,#Sounders scenarios for #DecisionDay Sunday #EBFG https://t.co/TgNhpIOLio,894989,ATT,Fri Oct 20 20:48:14 +0000 2017,@332503 Wow that Decision Day is going to be interesting! Have you made it out to a game before? #SoccerEverywhere,894990
894995,332504,Wed Oct 18 22:10:22 +0000 2017,"@ATT Absolutely. I've got season tickets to @123633, @275124 and @332505. 😀 #RCTID #BAONPDX",894994,ATT,Fri Oct 20 20:46:25 +0000 2017,"@332504 Wow you are a true fan! We love your soccer passion, follow and DM us, we may have something for you! #SoccerEverywhere",
894997,332504,Tue Oct 17 00:37:05 +0000 2017,@123633 I can't love this enough!!! #RCTID,894996,ATT,Wed Oct 18 21:19:21 +0000 2017,"@332504 We can't either, those were some amazing goals! Have you had a chance to see them play before? #SoccerEverywhere",894995
895000,332506,Fri Oct 20 20:51:02 +0000 2017,@ATT Sorry—the ship has sailed,895002,ATT,Sat Oct 21 13:08:28 +0000 2017,@332506 Hey Stew! Is their anything that I can help you with? ^JeanineS,895003
895001,332506,Tue Oct 17 17:50:48 +0000 2017,Congrats @att and @117735 on your total failure to process a simple sale. I’m sure whomever prepared the call script earned a bonus. https://t.co/oOKD9G0tCf,894999,ATT,Fri Oct 20 20:20:33 +0000 2017,@332506 Hey Stew!  I can help you with this!! ^JeanineS,895000
895003,332506,Sat Oct 21 13:34:35 +0000 2017,@ATT Not at this time. Thanks.,895004,ATT,Sat Oct 21 13:40:01 +0000 2017,@332506 Stew! Have a nice weekend. Thank you ^JeanineS,
900098,333685,Sat Oct 21 00:41:35 +0000 2017,@60832 @att do you know what the handshake failure message is,900097,ATT,Sat Oct 21 02:56:27 +0000 2017,@333685 No we are not sure but we are here to help! Send your contact number and details in a DM so we can look further into this.^TinaT,
900651,154062,Fri Oct 13 17:50:07 +0000 2017,@ATT Fix your connection. PLEASE. @att,900650,ATT,Fri Oct 13 18:37:00 +0000 2017,"@154062 Hello, we can help with your connection! DM us details! We are eager to assist. ^MakH",
900654,333801,Fri Oct 13 18:25:19 +0000 2017,Alright @ATT let’s get it together here. Large outage here in Central Missouri. Help us out or it’s gonna be a long weekend.,900652,ATT,Fri Oct 13 18:35:32 +0000 2017,@333801 We'd love to look into that for you. Could you send us a DM with the service type that is down? ^Dmya,900653
900656,333802,Fri Oct 13 18:21:52 +0000 2017,"@ATT #customerservice agent @ the end of my call  ""Thank you being the absolute best part of AT&amp;T...have a good day""  #wow #loveit #copythat",900655,ATT,Fri Oct 13 18:31:31 +0000 2017,"@333802 Hey, Hannah! Thank you for the wonderful feedback! We love taking care of our family, and enjoy hearing how happy you are ^SkyH",
903158,334405,Tue Oct 10 01:58:50 +0000 2017,"@ATT - After nearly 2 hours on the phone with customer svc., I got kicked off and now it says customer svc. is closed?? Please help.",903157,ATT,Tue Oct 10 12:20:29 +0000 2017,"@334405 Hey Gil,we apologize for the late response.We're not happy to hear you were kicked off. How can we help you out?Send us a DM! ^VeroP",
903720,334531,Sat Nov 25 15:57:03 +0000 2017,"@ATT Hi, looking for at least 75Mb internet in zip code 32246. Just 1 tv connection. I can give you my address in DM.",903718,ATT,Sat Nov 25 16:11:00 +0000 2017,@334531 Thank you for responding with your zip-code. It'd be great if you follow'd/Dm us your address so we can get you the information you need! ^TynM,903719
903726,334531,Sat Nov 25 15:39:05 +0000 2017,Looking for internet and tv service alternatives. Paying too much on @116136. @ATT what you offer for Jacksonville Florida?,903725,ATT,Sat Nov 25 15:54:00 +0000 2017,"@334531 Hello, Luis! We're always happy to welcome new members to the AT&amp;T family! What kind of internet and TV service are you looking for?  May we have your zip code and address to check your eligibility for U-verse and DirecTV? We look forward to hearing from you. ^TynM",903720
906593,335257,Fri Oct 13 19:09:29 +0000 2017,"@ATT Please contact @335258 if you want to address the issue, thx",906592,ATT,Fri Oct 13 19:20:36 +0000 2017,"@335257 We would love to assist you, so feel free to DM us using your other handle. Can't wait to hear from you!^RiRi",
906595,335257,Fri Oct 13 18:28:24 +0000 2017,@335259 @335260 @335258 @115858 @ATT 2700 to 5k is a crash now?,906594,ATT,Fri Oct 13 19:07:01 +0000 2017,"@335257 Hello, Wealthy! Please DM us we are sure we could assist you we look forward to your response!^RiRi",906593
906604,248528,Sat Oct 07 01:46:09 +0000 2017,@ATT why am I getting calls from my own number?  Same with my wife and many others on social media.  #phishing #socialengineering,906603,ATT,Fri Oct 13 19:10:28 +0000 2017,"@248528 Nick, this sounds like a caller ID spoofing scam. Find out how to prevent and protect yourself here: https://t.co/tlZ9jzeBiK",
907074,335377,Tue Oct 10 14:10:54 +0000 2017,"@ATT when is service going to be restored to Humboldt County? The entire county has had no service since early Monday, at least",907073,ATT,Tue Oct 10 14:19:00 +0000 2017,"@335377 We know how irritating living with no service can be, Erin. Please DM us more details so we can take a look. ^JWillie",
910196,336199,Sat Oct 21 03:28:32 +0000 2017,"@117735 I got my internet back 😀, @ATT thanks",910195,ATT,Sat Oct 21 05:09:25 +0000 2017,@336199 Your truly welcome! Let us know if we can assist you with anything else. We are here for you. Thank you for being with us!,
91105,135750,Thu Nov 30 11:56:42 +0000 2017,"@ATT Why do you treat your GoPhone/PREPAID  (PP) peeps like red headed step children? ""We’re sorry, chat isn’t available for AT&amp;T PREPAID support."" Also, you have no Twitter support via @117735 for PP peeps. Where is a list of phones, which can be used w/PP?",91104,ATT,Thu Nov 30 14:17:00 +0000 2017,"@135750 Good morning, Seth. Thank you for reaching out to our social media team! We want to assure you we value all of our customers and we're always available to help all of our customers. Can you please send us a DM with details on what's going on? We're ready to help! ^JalG",
91108,135751,Thu Nov 30 14:08:36 +0000 2017,@ATT The clerk at the AT&amp;T store didn’t tell me it came with a contract. I’ve spoken to AT&amp;T about it multiple times and was told I have to keep the contract or pay the cancellation fee. 2-year contract is up in April.,91106,ATT,Thu Nov 30 14:16:00 +0000 2017,"@135751 Oh no! We don't like to hear that our customers are paying for things they didn't ask for! Would you be interested in cancelling it with the cancellation fee, or would you like to keep it until April? We can't wait to hear back from you! ^BayleighO",91107
91112,135751,Thu Nov 30 10:20:52 +0000 2017,@135752 @ATT I’m still paying for service on that stupid thing!,91109,ATT,Thu Nov 30 14:05:00 +0000 2017,"@135751 Hey there, Josh! We'd like to help you out with any issues that may be happening! Please let us know if there's anything we can do for you. We're eager to hear from you! ^BayleighO","91110,91111,91108"
91116,135754,Thu Nov 30 02:38:03 +0000 2017,Hey @ATT what’s the link to order internet and phone if i already have direct tv being installed.. #asktwitter,91115,ATT,Thu Nov 30 13:10:34 +0000 2017,"@135754 Hey there! We're excited to hear that you're interested in internet and phone service with us! To check if U-Verse services are available in your area, please click here: https://t.co/lyFO8H4bLA. Are you interested in wireless or home phone? Please DM and let us know! ^JalG",
916463,337587,Fri Oct 13 20:12:25 +0000 2017,"Congrats to @ATT for taking 3 service appointments and 4 weeks to fail, yet again, to install gigapower. Your incompetence is impressive! 💩",916461,ATT,Fri Oct 13 20:18:00 +0000 2017,@337587 We're sorry that your install has had so many complications! Please allow us to fix this! Can you DM us your account number?^BriT,916462
916466,337588,Fri Oct 06 22:04:22 +0000 2017,@ATT @117735 are screwing over Hurricane Harvey victims. Don't do business with #ATT,916465,ATT,Fri Oct 13 20:01:30 +0000 2017,"@337588 Hey there. We hate to hear that you're being over charged, Allison. DM us details so we can help you out. Thanks. ^MarM",
918877,338133,Tue Oct 10 18:17:20 +0000 2017,@ATT refuses to reverse equipment charges that were unnecessarily made as the result of the mistake of their employee. #customerservicefail,918876,ATT,Tue Oct 10 18:28:00 +0000 2017,"@338133 Hello, Jen, we'd love to try and get this corrected. DM us details and your acct#. We are eager to assist! ^MakH",
923176,339563,Sat Oct 21 13:20:51 +0000 2017,@339143 @ATT I have straight talk and was thinking of switching to AT&amp;T,925256,ATT,Sat Oct 21 13:28:01 +0000 2017,"@339563 Hey, Jeff, thanks for reaching out! Send us a DM, we would love to add you to the family. We are here for you. ^WhitK",
923257,468555,Sat Oct 21 19:04:18 +0000 2017,"@339143 @ATT Hell yes, and my bill keeps going up every month! I call and call, but zero explanation from those thieves!!!",1501654,ATT,Sat Oct 21 19:47:28 +0000 2017,"@468555 Hi Paul! No worries, kindly send us a DM with more details regarding your billing concern along with the account number. ^RazR",
923306,354374,Sun Oct 22 03:25:17 +0000 2017,@339143 @ATT Yes. I have been having a lot more areas with no service. My phone always worked pretty much everywhere around town,989258,ATT,Sun Oct 22 11:42:33 +0000 2017,"@354374 Morning Brooks, we are here to help! Can you DM us a few more details of your concerns so we can properly assist you. ^NicJ",
923316,352007,Sun Oct 22 03:55:09 +0000 2017,@339143 @ATT  Yes! I dm'd them about how bad the service has been in my area earlier. No outages so I guess just bad service.,978222,ATT,Sun Oct 22 05:15:00 +0000 2017,"@352007 Thank you for replying
.Could you also tell us what other services are currently out? Please get back to us soon! ^TYroneP",
923331,352802,Sun Oct 22 12:28:22 +0000 2017,@339143 @ATT Yes! And my bill is steadily rising. About over it!!,981856,ATT,Sun Oct 22 12:55:30 +0000 2017,"@352802 Hi Dorothy! Thanks for reaching out , could your account details will telephone number to sort this out for you? NikkiM",
923381,342908,Sat Oct 21 14:14:36 +0000 2017,@339143 @ATT Last month.. @ATT still owes me 756.00..they don’t care about the consumer. They’re to BIG for their britches.#paymebackatt,940309,ATT,Sat Oct 21 14:25:02 +0000 2017,@342908 Hey!  Please DM us your service type so that we can investigate your $756.00 charge. We are ready to help! ^EdwinE,940308
923394,356752,Sun Oct 22 15:48:55 +0000 2017,@339143 @ATT I thought it was just my phone or an update that I missed. I've been getting text messages and voicemail four days after they were sent!,1000016,ATT,Sun Oct 22 16:08:00 +0000 2017,@356752 Thanks for reaching out to our social media team about your delayed texts and voicemails. Please DM us your number.^AlonzoW,
925253,339562,Sat Oct 21 13:44:07 +0000 2017,@ATT @115955 @117735 It must be nice to exist in regional monopolies so you can provide half the service of the competition without fear of recourse. 3/3,925251,ATT,Sat Oct 21 13:53:33 +0000 2017,@339562 Hi. We don't want you feeling this way. We can help you look into your internet speed issue. Can you DM us details? ^WaleA.,925252
925410,339609,Tue Oct 10 21:06:02 +0000 2017,"I think @ATT must have hired the same customer service consultant as @116136 
3rd agent in a row who has asked the exact same questions.",925409,ATT,Tue Oct 10 21:08:55 +0000 2017,"@339609 Hello, Chris! Help us understand what you're experiencing. Send us back a DM for further assistance. We're here for you! ^NSmart",
927420,340047,Fri Oct 13 21:38:10 +0000 2017,@ATT 2 hrs on the phone and I still don’t know why I can’t get the 6 mbps that’s “available” at my house...1st day of service and I’m done!,927419,ATT,Fri Oct 13 21:51:31 +0000 2017,@340047 Hi Lacee. We'd love to look into your internet concerns. Please DM us with more information so we can take a deeper look. ^CourtC,
927425,340048,Fri Oct 13 20:15:22 +0000 2017,@329349 @ATT @115911 @115913 Seriously @340049 https://t.co/n2A4Ym1QbY,927421,ATT,Fri Oct 13 21:45:23 +0000 2017,@340048 Have you tried to to clear your cache,"927422,927423,927424"
931340,340936,Fri Oct 13 21:28:13 +0000 2017,Thanks @ATT for causing me to lose internet for the day because one of your technicians unplugged my suddenlink cable outside. #trueMVPs,931339,ATT,Fri Oct 13 22:18:00 +0000 2017,"@340936 Could you please DM us so we can address this properly, Dalton! We are here for you. We eagerly await your reply. ^DemW",
931345,340938,Fri Oct 13 21:22:16 +0000 2017,@ATT You keep charging me for service I’m not receiving and every call to you is a dead end. Rip off. Dumping you ASAP.,931343,ATT,Fri Oct 13 22:09:00 +0000 2017,"@340938 Hi! Allow us look into your charges, because it's not our intent to rip you off. DM detail &amp; account number to assist. ^NdyE",931344
934906,341766,Fri Oct 13 22:05:31 +0000 2017,"@ATT @117735 customer a since 2008? #443-324-4585
#HarborEast store  #Baltimore w/rude people w/
Poor reps &amp; SS😤😡😡😤
@341766 #SoBad",934905,ATT,Fri Oct 13 22:30:53 +0000 2017,"@341766 Hello there, thank you for reaching out to us. How can we help you today? Please DM us details &amp; the main issue. ^MonF",
934924,342649,Sat Oct 21 17:47:14 +0000 2017,@339143 @ATT Good customer service! They are paying attention to find out what needs to be improved.,939249,ATT,Sat Oct 21 18:07:03 +0000 2017,"@342649 Karen, We appreciate the love you just sent our way!! We do strive to provide excellent customer service and thank you! ^PegN",939250
935032,342647,Sat Oct 21 17:51:24 +0000 2017,"@339143 @ATT Jeez James, nice to be you, I have been in hand to hand combat with them for 4 mo. Re: over billing- still not over",939241,ATT,Sat Oct 21 18:16:02 +0000 2017,"@342647 Hello, we are always here for you! Can you provide a few more details about your concerns so we can properly assist you. ^NicJ",939240
939006,342598,Fri Oct 13 23:21:23 +0000 2017,@ATT @ATT only slight positive from this experience was that I took a five minute nap on the floor of your store. #GetSomeCots,939005,ATT,Fri Oct 13 23:30:00 +0000 2017,@342598 We are committed to working towards a resolution for your issue. Help us help you. DM us details. We are here for you. ^MakH,
939012,342598,Fri Oct 13 23:05:30 +0000 2017,@ATT this is why people go to @115714,939011,ATT,Fri Oct 13 23:10:33 +0000 2017,"@342598 Hello, Aaron, no need to wait on hold our team can assist you here on twitter! DM us details. We are eager to assist. ^MakH",939010
939014,342599,Fri Oct 13 23:09:56 +0000 2017,THANK YOU VICTOR FOR TALKING TO YOUR MANAGER AND GETTING ME MY SERVICE BACK!!! @ATT y’all got good people 😎,939013,ATT,Fri Oct 13 23:17:30 +0000 2017,"@342599 Thank you, for being the best part of ATT! We appreciate your feedback! Do you have any other questions? We're here! ^BriT",
939018,342600,Fri Oct 13 22:24:54 +0000 2017,@ATT is there an estimate on when the service in Mayaguez Puerto Rico is going to be reestablished?,939017,ATT,Fri Oct 13 23:10:33 +0000 2017,"@342600 Liz, that is a good question! As of now there is no ETA ,however, we are putting up temporary cell towers to help! ^ErnL",
939023,342601,Fri Oct 13 23:00:07 +0000 2017,@ATT JD Reyes told me he would escalate my issue and have his supervisor call back in about 15 min. I'm still waiting. Bad customer service.,939019,ATT,Fri Oct 13 23:10:00 +0000 2017,"@342601 Hi, Yung. How about we help you look into your request from here? Can you DM us what issue you want resolved? We care. ^WaleA.","939020,939021,939022"
939240,342647,Sat Oct 21 18:29:25 +0000 2017,"@ATT I have heard that before, are you a supervisor? If not, we have nothing to discuss-",939239,ATT,Sat Oct 21 18:43:01 +0000 2017,@342647 We are always here to assist you. Please DM us a few more details and your account # so we can address all of your concerns.^NicJ,
939243,342648,Sat Oct 21 16:56:33 +0000 2017,@115858 @ATT .@115858 would you mind starting your own mobile service please? Could really use a Genius Bar tech right about now :),939242,ATT,Sat Oct 21 18:22:01 +0000 2017,@342648 We would like to clear things up with you today! Please DM us and we can find a resolution! ^VeneM,
939250,342649,Sat Oct 21 18:53:16 +0000 2017,@ATT My pleasure. I like to give recognition for good customer service when I hear or see it. Thanks for the shout out.,939251,ATT,Sat Oct 21 18:59:33 +0000 2017,@342649 Thanks again Karen! We love the positive feedback! You're awesome! Have a wonderful weekend! Tweet us if you need us! ^PegN,
940307,342908,Sat Oct 21 15:01:42 +0000 2017,@ATT You wanted me to settle for 400..I declined and took higher up and was told it was a risk and could get nothing back #sillymeatttsteals,940306,ATT,Sat Oct 21 15:14:45 +0000 2017,@342908 We are concerned! Please allow us to investigate this to the fullest of our capabilities. We look forward to your DM.^EdwinE,
940311,342909,Wed Oct 18 20:04:02 +0000 2017,@ATT Wow... Still waiting,940313,ATT,Fri Oct 27 13:08:32 +0000 2017,"@342909 Hello Ryan. I am sorry we were unable to connect. If you need further assistance, please reach out to us. ^GreysonR",
940311,342909,Wed Oct 18 20:04:02 +0000 2017,@ATT Wow... Still waiting,940312,ATT,Thu Oct 26 18:16:29 +0000 2017,"@342909 Hey Ryan, I have not heard from you for a while. Please give me a call at 877-929-551, ext 149157.  ^GryesonR",
940311,342909,Wed Oct 18 20:04:02 +0000 2017,@ATT Wow... Still waiting,940310,ATT,Sat Oct 21 15:03:58 +0000 2017,"@342909 Hello Ryan. I can help you with that. Please reach out to meat 877-929-5551, ext 149157. ^GreysonR",
940314,342909,Tue Oct 17 19:07:04 +0000 2017,@ATT your CS is garbage.. 3 months and waiting for a credit for a phone you have doc you received...  Bye bye #fedup,940315,ATT,Tue Oct 17 19:12:06 +0000 2017,@342909 Waiting 3 months for a credit is unacceptable! Let us help! Can you DM us your acct number and best contact info? ^BriT,1737874
942024,343318,Fri Oct 13 23:19:58 +0000 2017,@ATT i am a happy to have you for my phone service's,942023,ATT,Fri Oct 13 23:32:33 +0000 2017,"@343318 Hello, Jimmy, we're happy to have you as part of the AT&amp;T family. Let us know if you have and questions or concerns. ^MakH",
945242,344125,Sat Oct 14 00:10:29 +0000 2017,@ATT down in Portland? I have full bars and LATE but can't send an iMessage text for the life of me. Phones a paper weight at this point.,945241,ATT,Sat Oct 14 00:29:00 +0000 2017,@344125 To best serve you while out of the country;  call +1-314-925-6925 (for chat https://t.co/UH6fvkNraw. ^michr,
945244,344126,Sat Oct 14 00:09:32 +0000 2017,@117830 @219259 @ATT Placed on hold for over 40 mins for a manager then we called again and put it on 3 way. Finally got a rep and somehow we “lost” connection. https://t.co/In4JgMT8Dt,945243,ATT,Sat Oct 14 00:25:00 +0000 2017,"@344126 What a shame that you have been placed on hold for 40minutess .We can help. Can you dm us more info, so we can help? ^michr",
945250,344127,Sat Oct 14 00:03:05 +0000 2017,@ATT Why am I getting a circuit busy for the last hour in making long distance calls.,945247,ATT,Sat Oct 14 00:11:00 +0000 2017,@344127 We see you're having trouble making long distance calls. We can help. Dm your phone number please. ^Michr,"945248,945249"
945252,215865,Fri Oct 13 23:58:42 +0000 2017,New phone bill came. @ATT hitting us with higher surcharges and fees as usual. 🖕,945251,ATT,Sat Oct 14 00:08:00 +0000 2017,"@215865 Hi, Cody. We'd love to take a look at the bill and fees for you. Could you DM us the details? We're here to help. ^JamesV",
945436,344180,Fri Oct 20 07:04:11 +0000 2017,"@ATT
@1034 not trust ATT

The tech at the ATT store stole my photos of a personal nature and sent them back to me with a suggestive comment",945435,ATT,Sat Oct 21 17:00:26 +0000 2017,"@344180 Tracy, can you please DM us with more information so we can investigate this ASAP?",
945438,344181,Sat Oct 21 16:36:41 +0000 2017,"Wow @116136 hasn’t improved!! Still major language barriers, done trying to get the same package. Trying to get my Mom’s $208 monthly bill down to what @ATT U-Vers has for $105 plus tax",945437,ATT,Sat Oct 21 16:57:36 +0000 2017,"@344181 Hey Bradley, welcome to the family! AT&amp;T would love to help you get the best deals! Please DM us so we can assist you.^CynthiaO",
947887,344790,Sat Oct 14 01:20:45 +0000 2017,@ATT I am not hanging up 40 minutes in and not going to risk starting over again.  Over 5 hours phone time and no solution. Crazy @ATT @117735,947889,ATT,Sat Oct 14 01:28:36 +0000 2017,@344790 Not a problem! If that doesn't work out DM us and let us know how we can help! We'd be delighted to assist you! ^DiaD,947890
947888,344790,Sat Oct 14 00:50:57 +0000 2017,Tweeting all @ATT customers. Check your data usage for overcharges.  They admitted “glitch” in data logging and still can’t resolve,947886,ATT,Sat Oct 14 00:54:32 +0000 2017,"@344790 We'd love to help! We cherish our AT&amp;T family, hang up the phone and slide in the DM. Give us a chance, we'll be waiting!",947887
947890,344790,Sat Oct 14 01:37:49 +0000 2017,@ATT Delighted may be too strong. And now crossing 1 hour just waiting on a supervisor,947891,ATT,Sat Oct 14 02:39:29 +0000 2017,@344790 We're not exaggerating! We care about you and we're here to help you. Just DM us details of your issue to get started. ^KarZ,
947893,344791,Sat Oct 14 00:11:59 +0000 2017,@ATT has the WORST customer service I have ever experienced. They stole my money and did not credit it to my acct.... and will do nothing,947892,ATT,Sat Oct 14 00:36:34 +0000 2017,"@344791 Hi, Brooke. We'd love to help. Could you fill us in through a DM? Please let us know. ^JamesV",
948405,344915,Mon Oct 23 02:49:44 +0000 2017,@ATT You don’t care. It’s about $$ and locking in folks to long term contracts. You could care less anymore about service or customers.,948404,ATT,Mon Oct 23 03:28:00 +0000 2017,@344915 We care. We're reaching out to you.Let us know how we can help. DM us with detail on the issue. Thanks for being with AT&amp;T ^TyroneP,
948407,344915,Mon Oct 23 02:28:41 +0000 2017,"@ATT @117830 Absolutely the worst, seriously. Can’t watch &amp;):/ online &amp; what I pay monthly, just ridiculous. Done w them. #DishNetwork ??",948406,ATT,Mon Oct 23 02:45:38 +0000 2017,"@344915 We hate to hear that you can't watch online, Jason. Could you DM us more details on why you are unable to watch? Thanks! ^LoW",948405
951697,345771,Sat Oct 21 16:37:53 +0000 2017,"@ATT @117735 
Provided an IP blacklisted from 100s of sites. 4 hrs w/ tech supp. Told to cancel my service. Can't chng my dynamic IP! WTF",951696,ATT,Sat Oct 21 18:54:00 +0000 2017,"@345771 Oh no, Derek! We'd love to help you with your dynamic IP. Please DM your account details so we can look into this. Thanks! ^AyaM",
956162,129436,Sat Oct 21 19:02:14 +0000 2017,@ATT leaving you after 16 years. Your customer service is non-existent. Tsk tsk!,956161,ATT,Sat Oct 21 21:04:13 +0000 2017,@129436 We regret the unsatisfactory customer service you have experienced and we would hate to lose you. How can we assist? ^HeidiM,
956164,346869,Sat Oct 21 20:49:13 +0000 2017,@ATT internet has been one of the most frustrating experiences and IT'S NOT EVEN INSTALLED YET..,956163,ATT,Sat Oct 21 20:54:02 +0000 2017,@346869 Please Dm us your account number so we can further investigate this! We want to turn this around for you! We're here! ^BriT,
959027,347551,Wed Oct 11 06:43:39 +0000 2017,@ATT Traveling to Puerto Rico in 2 weeks to see and help a friend. What will be the situation with cell service while I'm there?,959026,ATT,Wed Oct 11 13:43:19 +0000 2017,@347551 You're a good friend! We are working to restore service quickly. We apologize and thanks for your patience. ^YS,
96122,329285,Mon Nov 27 17:41:10 +0000 2017,@116136 @ATT  Had Comcast only dept. that works well is billing. Horrible TV service. Had to cancel. Went to u-verse.,2854965,ATT,Mon Nov 27 17:46:55 +0000 2017,@329285 Welcome to the AT&amp;T family! We are so happy to have you. Please do not hesitate to reach out to us here if you have any questions or concerns. We're always here and eager to assist! ^ChristiM Social Media Specialist,
964879,349016,Sat Oct 21 22:24:24 +0000 2017,"Day 69. As I predicted yesterday, the @ATT tech didn't show up. Another wasted day. It's time to start talking to some consumer orgs.",964878,ATT,Sat Oct 21 22:34:27 +0000 2017,@349016 That is not good! Your time is very valuable so let us get this turned around in a DM and get it right this time! ^ErnL,
964881,349017,Sat Oct 21 22:16:45 +0000 2017,"@ATT We called your customer service, were on hold for hours to find out the department we need is closed",964880,ATT,Sat Oct 21 22:27:01 +0000 2017,"@349017 DM us your account number &amp; phone, &amp; a brief description of what you are needing help with. We are here to help! ^Ann W",
964883,349017,Sat Oct 21 21:45:13 +0000 2017,@ATT don't buy from att their customer service is trash and they tax for everythjng way too much,964882,ATT,Sat Oct 21 21:54:32 +0000 2017,@349017 Thanks for alerting us to the bad service you have received. What can we do to help fix the situation? ^ Ann W,964881
964886,339143,Sat Oct 21 22:17:19 +0000 2017,Social Media Team agent Nicole @ATT solved my problem. She was remarkably knowledgeable and equally pleasant. An absolutely perfect help.,964884,ATT,Sat Oct 21 22:23:27 +0000 2017,@339143 Thanks for the shout out! It was a pleasure assisting you! Feel free to reach back out for anything else! :) ^NicoleH,964885
968132,349813,Sat Oct 21 23:29:46 +0000 2017,@ATT tried to chat with agents and they are fine people but the bill is not resolved. 5/n,968130,ATT,Sat Oct 21 23:33:00 +0000 2017,@349813 Thank you for letting us know about this! We certainly want to help you get this billing sorted out in a DM asap! ^ErnL,968131
968910,350002,Sat Oct 14 05:32:50 +0000 2017,@ATT U-verse.. been having this situation a couple of months after switching to you guys but never this long and this bad.. and never got a chance to call to complain,968912,ATT,Sat Oct 14 11:10:12 +0000 2017,@350002 Let us take a further look into your U-verse issues. Please DM us your account number. We are here awaiting your reply! ^JornaiS,
968911,350002,Sat Oct 14 01:56:05 +0000 2017,So disappointed right now with @ATT internet connection. Watching IP Man on Netflix and all I’m watching is that damn percentage on buffering. 😡👎🏽,968909,ATT,Sat Oct 14 05:03:35 +0000 2017,@350002 Hello there! We know that slow internet speed can be upsetting. Can you tell us what service you have U-Verse or DirecTV? ^WillP,968910
988310,354155,Wed Oct 11 22:09:02 +0000 2017,Girl. @ATT trying to charge an extra $45 to add the Apple Watch Cellular plan,988309,ATT,Wed Oct 11 22:50:28 +0000 2017,@354155 We always want to get you updated on the latest plans we feel fit you best! DM us if you want to learn more! ^JewelR,
991386,354843,Sat Oct 14 03:09:55 +0000 2017,@ATT do you guy's do customer service on here?,991385,ATT,Sat Oct 14 11:29:28 +0000 2017,"@354843 Hi Mark! Absolutely, skip the phones and chat with us via social media! Let us know via DM what we can help you with.  ^CourtC",
993061,355237,Sun Oct 22 14:33:58 +0000 2017,@ATT what's going on with cell service in Plainfield IL?,993060,ATT,Sun Oct 22 14:45:01 +0000 2017,"@355237 Hello, Maryann, I'd like to inform you I researched our database and there aren't any current outages in your area! ^GageC",
99485,137820,Thu Nov 23 14:56:05 +0000 2017,@ATT Also isnt the iphone 8 exactly like the iphone 7,99484,ATT,Thu Nov 23 15:08:00 +0000 2017,"@137820 Hey there Cooper, thank you for reaching out to us about the iPhone 7 and 8! We love them both! Here's a link where you can compare both and check our what they have: https://t.co/7rfW679Fwk hope this helps.  ^VeroP",
99503,143855,Thu Nov 23 22:11:18 +0000 2017,"@ATT Can you put my HBO back on my account? You guys cancelled it out of no where, and takes forever to get someone to help me everyone I try 😒",124375,ATT,Thu Nov 23 22:46:00 +0000 2017,@143855 Hello Camille! We would love to add this premium channel back to your line up. Can you please private message us the account number linked to your service? We're eager to hear back from you! ^JaredA,
99509,142472,Thu Nov 23 18:24:51 +0000 2017,"@ATT Never again! ATT was the most devious, lying company I ever did business with when it came to hiding the actual price of products and services. They lowballed me on pricing so I left Comcast to find out several months U had been conned. I paid $300 to terminate my service.",119379,ATT,Thu Nov 23 22:22:31 +0000 2017,"@142472 Hi Jimmy! We appreciate you reaching out to our social media team! We understand hearing conflicting information and seeing something else on your bill can be upsetting. Sorry to see you go! If you ever have questions, send us a message, we're always here to help! ^TinaT",
99510,123434,Fri Nov 24 01:13:37 +0000 2017,"@ATT I love my AT&amp;T package, Direct TV, Unlimited Data and all the benefits provided. Thank you for making it better for customers and being good with BOGO offers.",2844349,ATT,Mon Nov 27 17:26:01 +0000 2017,"@123434 We're so glad you're enjoying our services, Keya! Thank you for being a part of our #ATTFamily ❤️",
99524,143850,Fri Nov 24 00:58:47 +0000 2017,@ATT Do me a solid and let me upgrade to the IPhone X early for free,124364,ATT,Fri Nov 24 01:25:39 +0000 2017,"@143850 Hello, Bakeanator, We understand you are planning to upgrade to the latest device. We can help you here. Can you please DM us details of your device upgrade issue together with your wireless number and a good contact address. We hope to hear from you soon. ^WaleA.",124365
99534,144870,Fri Nov 24 02:27:14 +0000 2017,@ATT Why should I upgrade if I have to pay activation fee again for my existing line?,128393,ATT,Fri Nov 24 03:38:24 +0000 2017,@144870 Hi there. We understand paying activation fees can be a hassle at times. Can you send us a private message with your account details and a little bit more information? Get back to us and let us know. We're here to help you. ^JusT,
99644,143854,Thu Nov 23 13:52:28 +0000 2017,@ATT The amazing iPhone 8 is the same as the awesome iPhone 7,124374,ATT,Thu Nov 23 14:00:00 +0000 2017,"@143854 Hey Anya, we're happy to hear you complimenting the iPhones! We agree they are both great! To learn more about them and their differences, you can always check out this link: https://t.co/9EW78cIhBx. Thanks! ^VeroP",
99664,287346,Thu Nov 23 17:00:36 +0000 2017,@ATT How much to buy IPhone 8. I see lease amount,701052,ATT,Thu Nov 23 17:17:52 +0000 2017,"@287346 Hi Sharon, we would be more that happy to help you today! Please see link https://t.co/7gpMQbyccL for details about the device you are looking at!  Please tweet us back with questions or concerns once you have taken a look the link! We do appreciate you reaching out to! ^PegN",
99665,287347,Thu Nov 23 16:24:46 +0000 2017,@ATT Why would I want to buy an iPhone 8 when I have to start saving to pay extra fees for internet,701054,ATT,Thu Nov 23 16:46:29 +0000 2017,@287347 Hello! We don't want you to feel this way. You can DM us here and include details on how we can make things better.. ^CurtisK,
99671,788942,Sun Nov 26 22:46:55 +0000 2017,@ATT Does this includes iPhone 8 Plus?,2834095,ATT,Mon Nov 27 13:03:30 +0000 2017,"@788942 Good morning Christine, thank you for reaching out to us. We would love to assist you! Please provide a few more details about your concerns so that we may better assist you. We patiently await your reply. ^NicJ",
99683,137821,Thu Nov 23 13:39:15 +0000 2017,@ATT Can’t call... and for some reason it will not let me create an id so I can chat. Tried on several different devices with no luck... not a good day for me so far.,99682,ATT,Thu Nov 23 14:09:30 +0000 2017,@137821 Get your Access ID so you can manage multiple accounts online with a single sign-in. Read instructions how here: https://t.co/WqkC6mSkJr Let us know if that helps. ^MichR,
99685,137821,Thu Nov 23 09:24:10 +0000 2017,@137822 @ATT Yes but still haven’t heard anything back,99684,ATT,Thu Nov 23 13:10:24 +0000 2017,@137821 You shouldn't have to pay international fees for a phone that is not working.To best serve you while out of the country; please call +1-314-925-6925 (free from device) or chat https://t.co/UH6fvkNraw. ^michR,99683
997747,356258,Wed Nov 01 01:04:24 +0000 2017,#jlhalloween #att #justiceleague Why so serious? @ AT&amp;T https://t.co/kyWTstm95v,997746,ATT,Thu Nov 02 00:39:35 +0000 2017,@356258 Nerds unite! Tell your friends to #JoinTheLeague with us! https://t.co/m0u8OFAOb6,
