customer_tweet_id,customer_author_id,customer_created_at,customer_text,brand_tweet_id,brand_account,brand_created_at,brand_reply,brand_response_tweet_id
1011526,359331,Thu Oct 12 08:21:41 +0000 2017,@MOO you send the best marketing emails! Genuinely awesome.,1011525,MOO,Thu Oct 12 09:18:04 +0000 2017,@359331 Yay! Glad you like them :),
1019150,361149,Thu Oct 12 11:00:17 +0000 2017,A bit of good old-fashioned #guerillamarketing @MOO @1644 https://t.co/tHzVAWKtoP,1019149,MOO,Thu Oct 12 13:06:11 +0000 2017,@361149 @1644 There is no shame in your guerilla game! #getit,
1025773,362717,Sat Oct 14 11:19:55 +0000 2017,"Decided to mix things up with a new design (and shape) for my next batch of cards...thanks, @MOO! #hiptobesquare #realestate #interiordesign https://t.co/2uewFiThwd",1025772,MOO,Sat Oct 14 14:28:00 +0000 2017,"@362717 Fan to the tastic, looking good!",
1039154,365851,Thu Oct 12 20:11:20 +0000 2017,SO happy with my new business cards from @MOO 😍😍😍 #novabunny https://t.co/9Wjc5OsTk8,1039152,MOO,Thu Oct 12 20:15:16 +0000 2017,@365851 Stellar Cards! :-),1039153
1045995,356876,Sun Oct 22 15:41:56 +0000 2017,i did that mix of different photos on my latest @MOO business cards but a bunch came out blank on one side. Did I do something wrong? #help,1045994,MOO,Mon Oct 23 10:11:03 +0000 2017,"@356876 Oh no, sorry to hear that! Please DM us your order number and we'll check what happened.",
1045997,367280,Sat Oct 21 21:25:40 +0000 2017,First @MOO order not so good. All 200 cards peeling and their contact form modal doesn’t work on mobile. https://t.co/L7rnIkPjmI,1045996,MOO,Mon Oct 23 08:48:44 +0000 2017,@367280 We've DMed you!,
1046000,367281,Sat Oct 21 14:53:47 +0000 2017,I'm impressed w/the delightful unwrapping experience of my new business cards from @MOO (notice the box has more than one use) #design #ux https://t.co/2IRcVJtEzm,1045998,MOO,Mon Oct 23 08:30:22 +0000 2017,@367281 ( Weirdly ) satisfying video :),1045999
1067568,371930,Fri Oct 13 03:28:30 +0000 2017,sooo are my @MOO business cards here yet. LOL,1067566,MOO,Fri Oct 13 10:41:42 +0000 2017,"@371930 Sorry Kevin, your cards are still in production, you will receive an email with tracking info once they have been sent out. :)",1067567
109735,140367,Thu Nov 23 16:12:13 +0000 2017,Now have no access to my parcel &amp; needed it ASAP hence paid xtra. Wasn't left with my neighbour but a complete stranger...@140368 @MOO,109734,MOO,Thu Nov 23 16:21:24 +0000 2017,@140367 @140368 That's not good! Can you DM us the order reference??,
109737,140369,Thu Nov 23 13:56:50 +0000 2017,Nothing like some printed goodness. These turned out great. Thanks @MOO #print #christmas #invite #circus #cirque https://t.co/sbxZwnI4DC,109736,MOO,Thu Nov 23 15:11:33 +0000 2017,"@140369 Fan to the tastic, looking good :)",
109740,140370,Thu Nov 23 11:52:01 +0000 2017,I love it when an @MOO arrives - colourful ways to say a huge thank you to our amazing @6355 customers #tribaltouches #startup https://t.co/tRjK7sQ5l9,109738,MOO,Thu Nov 23 14:29:19 +0000 2017,"@140370 @6355 They look amazing, thanks for sharing!",109739
1099507,379463,Mon Oct 23 09:07:05 +0000 2017,My new biz cards from @MOO https://t.co/lEGt61Ts21,1099506,MOO,Mon Oct 23 10:37:53 +0000 2017,@379463 We love them! Great use of Printifnity and the colours look fab.,
1099511,379464,Mon Oct 23 08:25:11 +0000 2017,"Loving our mini cards from @MOO.... attractive, useful and sooo many uses! https://t.co/oC64y9fHJM",1099510,MOO,Mon Oct 23 10:36:40 +0000 2017,"@379464 We know we can't eat them, but yum. They look amazing and the MiniCards work so well.",
1099513,379465,Sun Oct 22 15:42:22 +0000 2017,Love my new #BusinessCards – great quality printing from @MOO https://t.co/DxJ0Y6azsm,1099512,MOO,Mon Oct 23 10:33:01 +0000 2017,"@379465 They look amazing, the colour came out so well.",
1099515,379466,Sun Oct 22 11:42:20 +0000 2017,Screenshoot from the webpage of @MOO . I love you guys! https://t.co/SF1subzRGl,1099514,MOO,Mon Oct 23 10:32:12 +0000 2017,@379466 We do love cookies. Any excuse to include them in our day :D,
1130097,386353,Sat Oct 14 15:16:21 +0000 2017,paper porn 😩👌 @MOO https://t.co/NWcTPbLaRC,1130096,MOO,Sun Oct 15 11:15:45 +0000 2017,@386353 Excellent! Thanks for sharing.,
1169963,162556,Tue Oct 24 18:51:13 +0000 2017,@MOO Thank you!,1169965,MOO,Tue Oct 24 20:19:16 +0000 2017,@162556 You're most welcome!,
1169964,162556,Tue Oct 24 17:20:28 +0000 2017,"@MOO hi, can I print with Pantones through you guys?",1169967,MOO,Tue Oct 24 18:28:43 +0000 2017,@162556 We print in CMYK &amp; designs submitted in RGB/Pantone colors will be converted by our system. We're unable to offer color matching/spot colors,
1169964,162556,Tue Oct 24 17:20:28 +0000 2017,"@MOO hi, can I print with Pantones through you guys?",1169966,MOO,Tue Oct 24 18:29:41 +0000 2017,"@162556 For color accuracy, we recommend converting to CMYK and manually adjusting your colors prior to uploading your files.",
1169964,162556,Tue Oct 24 17:20:28 +0000 2017,"@MOO hi, can I print with Pantones through you guys?",1169962,MOO,Tue Oct 24 18:29:50 +0000 2017,"@162556 For more info about the color settings, check out this link:
https://t.co/0UtDHHvVgO",1169963
1169969,395190,Tue Oct 24 14:36:17 +0000 2017,@MOO Thanks for contacting and solving the problem so fast! 👍🏼😊,1169968,MOO,Tue Oct 24 14:54:12 +0000 2017,"@395190 Yay! We are so glad to hear that, Raquel :)",
1169972,395190,Tue Oct 24 09:22:01 +0000 2017,"@MOO it's your website working properly? I'd appreciate you get in touch with me asap to solve this issue, thanks! (2/2)",1169970,MOO,Tue Oct 24 11:59:25 +0000 2017,"@395190 Hello, Raquel, we have contacted you back on this in the email you sent yesterday and today. If you want to DM here too, we can take a look!","1169969,1169971"
1170000,395198,Sat Oct 14 16:09:07 +0000 2017,"earlier than expected, thanks @MOO 👍🏿 https://t.co/zUWCEAZVho",1169999,MOO,Sun Oct 15 11:43:01 +0000 2017,@395198 You are welcome! They look great.,
1170003,395199,Sun Oct 15 04:48:32 +0000 2017,"Cards came in for @18210!
@MOO never disappoints and @47494 killed it! :) https://t.co/hB0i5i55II",1170001,MOO,Sun Oct 15 11:26:11 +0000 2017,@395199 @18210 @47494 Those look amazing! Thanks for sharing.,1170002
1176185,396683,Tue Oct 24 18:36:56 +0000 2017,"@MOO @MOO you've already got NFC cards, so maybe cookie cards next, please? @49791 might be able to help.",1176184,MOO,Tue Oct 24 20:12:37 +0000 2017,@396683 Thanks for appreciating the visual aid! We tried to bake up a tasty morsel of information :^),
1208691,403786,Wed Oct 25 09:25:16 +0000 2017,Thanks @MOO! And obviously @403787 for the design and all you folks who helped fine tune the idea. https://t.co/3dKx1lkVWF,1208690,MOO,Wed Oct 25 09:40:14 +0000 2017,"@403786 @403787 Fan to the tastic, looking good :)",
1220749,406432,Wed Oct 25 11:54:36 +0000 2017,New shiny things by @moo ! Loving the new cards and wanting to put a sticker on everything right… https://t.co/GqqAGjdRLh,1220748,MOO,Wed Oct 25 13:24:46 +0000 2017,@406432 Amazing stuff! Sharing is caring so thank you!,
1220751,406433,Wed Oct 25 09:15:27 +0000 2017,@406434 @MOO I have a really cool design if you want,1220750,MOO,Wed Oct 25 13:21:42 +0000 2017,@406433 @406434 That's awesome! Feel free to DM us with more details :),
1220757,406435,Wed Oct 25 12:56:15 +0000 2017,"Great marketing by @MOO today.  Didnt want to stop to talk to people at the booth, but these free, biz card holders on the gates are great. https://t.co/xjGeytbagZ",1220756,MOO,Wed Oct 25 13:11:54 +0000 2017,"@406435 Yay, glad you like them! We hope you have fun using your new business card holder :)",
1220761,406436,Wed Oct 25 12:30:33 +0000 2017,I just got my cards from @MOO and I'm super happy !! Such a high quality 😄 thanks a lot ! https://t.co/1Yinbil6Gk,1220759,MOO,Wed Oct 25 13:10:28 +0000 2017,@406436 Nice one! Those look great :),1220760
1248234,412863,Wed Oct 25 21:27:15 +0000 2017,Loving my new business cards! The @52654 event is only a couple of weeks away! Exciting! Thanks @MOO they are lovely as always! x https://t.co/pxXKYij52q,1248233,MOO,Wed Oct 25 23:18:05 +0000 2017,"@412863 @52654 Hummingbirds and florals are a winning combination, best of luck at the event!",
1248236,412864,Wed Oct 25 21:58:30 +0000 2017,New business cards by @moo https://t.co/JGje0IkLWb,1248235,MOO,Wed Oct 25 23:11:33 +0000 2017,@412864 Beautiful paintings!,
1258511,414886,Thu Oct 26 07:21:43 +0000 2017,"I slept through the @Moo sale. I needed to order mailing labels. but also, I needed sleep. Damn and blast.",1258510,MOO,Thu Oct 26 08:29:54 +0000 2017,"@414886 We hear you, we need sleep too and holidays, and cocktails and... Sorry it's not really about us , is it?!",
1258511,414886,Thu Oct 26 07:21:43 +0000 2017,"I slept through the @Moo sale. I needed to order mailing labels. but also, I needed sleep. Damn and blast.",1258512,MOO,Thu Oct 26 08:30:31 +0000 2017,"@414886 Send us a lovely DM, we'll see what we can do :)",
1258514,414887,Thu Oct 26 07:01:56 +0000 2017,@MOO was I supposed to get these random business cards in with my business cards? https://t.co/jcIDIoKO6i,1258513,MOO,Thu Oct 26 08:27:18 +0000 2017,@414887 Oops! Sorry for the mix up! Could you please DM us your order number?,
1258516,414888,Thu Oct 26 02:10:12 +0000 2017,"@MOO Thanks guys for the reply, We ordered.",1258515,MOO,Thu Oct 26 08:12:29 +0000 2017,@414888 You're welcome!,
1258518,414888,Wed Oct 25 22:36:06 +0000 2017,@MOO  i have an urgent need if i submit tonight can you ship biz cards overnight to philly?,1258517,MOO,Wed Oct 25 23:31:38 +0000 2017,"@414888 Unfortunately, our cutoff time to order for next day delivery in the US is 2 pm eastern standard time. But, we can have Cards arrive Friday!",1258516
1263887,415982,Thu Oct 26 09:51:22 +0000 2017,"Progression is everything! ♧

#IOH #InkOfHearts #InkOfHeartsTattoos #Tattoo #Art #BusinessCards #InstaGood #FollowMe #TBT #Love #Moo @Moo https://t.co/HQN0eXjvWc",1263886,MOO,Thu Oct 26 10:39:06 +0000 2017,@415982 You'll knock'm dead with those! They're killer.,
1263889,415983,Thu Oct 26 11:48:55 +0000 2017,@MOO how could he (me 🤣) do so? 😃,1263891,MOO,Thu Oct 26 15:08:38 +0000 2017,"@415983 DM on your way, friend!",
1263890,415983,Thu Oct 26 00:15:35 +0000 2017,@MOO any chance of an upcoming sale? Asking for a friend... 🤣,1263888,MOO,Thu Oct 26 08:33:49 +0000 2017,@415983 Tell that shy friend to DM us ;),1263889
1272270,417816,Thu Oct 26 10:40:40 +0000 2017,@MOO Still waiting to hear back on a problem with my order from yesterday. Printed upside down!,1272269,MOO,Thu Oct 26 13:27:30 +0000 2017,"@417816 Sorry you have not heard back, we can't see the previous convo here. Can you DM us with your order # so we can take a look?",
1282773,149735,Tue Oct 17 10:18:26 +0000 2017,Ahw @MOO loves me a wax seal I does... 😍 https://t.co/HIcbAHcuos,1282772,MOO,Tue Oct 17 10:34:59 +0000 2017,@149735 We are glad you loves it ;),
1282951,420141,Thu Oct 26 15:52:58 +0000 2017,We ❤️ our new business cards!! Thank you @MOO! https://t.co/YfV5CPNBmd,1282950,MOO,Thu Oct 26 16:22:45 +0000 2017,@420141 Lovely display!,
1282954,420142,Thu Oct 26 14:56:05 +0000 2017,@moo do you have a business card stock that would be suitable for loyalty cards/ink stamps? Ta!,1282952,MOO,Thu Oct 26 16:19:29 +0000 2017,@420142 I would say our uncoated thicker Luxe paper stock or our Cotton paper would work best!,1282953
1291883,422121,Thu Oct 26 20:32:38 +0000 2017,@MOO Already handled and order placed. Thanks!,1291885,MOO,Fri Oct 27 09:17:12 +0000 2017,"@422121 Yay! Glad to hear that, happy Friday :)",
1291884,422121,Thu Oct 26 18:38:49 +0000 2017,@MOO Looks like email proofs aren't working - little help? https://t.co/AyByGcPYJm,1291882,MOO,Thu Oct 26 20:26:51 +0000 2017,@422121 Sorry you're having trouble! Our CS team would love to help. Please contact them here: https://t.co/kxILCtweIU,1291883
1291887,422122,Thu Oct 26 17:39:57 +0000 2017,New biz cards for my art and my @422122 just arrived from @moo. Tried out their new 💯%… https://t.co/Py42g7co7d,1291886,MOO,Thu Oct 26 19:19:40 +0000 2017,@422122 These are so great! #thatcrockpottho,
1298447,423455,Sun Oct 15 20:10:35 +0000 2017,@MOO https://t.co/CClLy903C8,1298446,MOO,Mon Oct 16 08:20:49 +0000 2017,@423455 They look lovely! Thank you so much for sharing.,
1324973,429175,Fri Oct 27 09:49:36 +0000 2017,"My new business cards have arrived from @moo. They are made from recycled t-shirts and I’m super HAPPEEEEE 😁😁😁. .
… https://t.co/MWDLl7sOZz https://t.co/aG3hseZ2JY",1324972,MOO,Fri Oct 27 10:52:30 +0000 2017,"@429175 They look fab, super pleased you're happy with them :)",
1324976,213037,Thu Oct 26 23:51:36 +0000 2017,"@193486 @MOO @429176 Thank you, Holden. I did make an adjustment to combine all input so the lips will stand out more on a colored background. 💋",1324974,MOO,Fri Oct 27 09:25:17 +0000 2017,@213037 @193486 @429176 We love both! But the purple one stands out more to us :),1324975
1324985,429177,Thu Oct 26 18:19:22 +0000 2017,"À nouveau @MOO et son service client plus que parfait, sur une première commande à 30 balles ... C'est bluffant ! https://t.co/NQbuuqnizQ",1324984,MOO,Fri Oct 27 08:11:45 +0000 2017,@429177 Sissi est une perle! Nous sommes heureux qu’elle ait pu vous aider :),
1344437,433528,Fri Oct 27 15:24:00 +0000 2017,Just collected a @moo order and I am truly happy with it ❤️ new business cards &amp; round stickers… https://t.co/5xkxD6e6Y5,1344435,MOO,Fri Oct 27 16:15:04 +0000 2017,@433528 Those are eye catching designs! Also missing some eyes ;),1344436
1386141,442555,Sun Oct 15 22:44:45 +0000 2017,I ❤️ @moo https://t.co/kLwNC74iAm,1386140,MOO,Mon Oct 16 13:33:48 +0000 2017,@442555 Yay! We love you too :),
1386143,379464,Sun Oct 15 21:39:42 +0000 2017,Loving the new mini cards from @MOO #newbusiness #openingsoon #skincare #bathbubbles https://t.co/KBRwJQiRiO,1386142,MOO,Mon Oct 16 13:33:08 +0000 2017,@379464 Those look awesome! Loving the beautiful pastel colours on them :),
1386145,442556,Sat Oct 14 19:45:44 +0000 2017,A selection of my original photographies printed into nice sturdy post cards by @moo. You can… https://t.co/dOyBk9kJEN,1386144,MOO,Mon Oct 16 10:28:21 +0000 2017,@442556 Very nice indeed! Thanks for sharing.,
1386147,442557,Sat Oct 14 17:27:47 +0000 2017,Bear and Chicken stickers by @MOO ! https://t.co/WbfQfyufDV,1386146,MOO,Mon Oct 16 10:13:56 +0000 2017,@442557 They are super cute! We are glad you found great use for them :),
1463364,459649,Thu Nov 02 11:08:57 +0000 2017,@MOO @MOO ...is there a way I can adjust this? As I’d like to re-order,1463363,MOO,Thu Nov 02 17:42:27 +0000 2017,"@459649 Oh no! Sorry you're having trouble with Printfinity. We'd love to fix this. Please contact our friendly CS team:
https://t.co/kxILCtweIU",
1476849,462899,Thu Nov 02 20:33:42 +0000 2017,@MOO I saw - can I use my existing template and move over? I don't want to redesign them.,1476848,MOO,Thu Nov 02 20:52:03 +0000 2017,@462899 Could you DM us your email address or previous order# so we can take a look how it was set up?,
1476852,462899,Thu Nov 02 17:45:50 +0000 2017,I'll take whatever compliments I can get (doesn't happen much)! New business cards delivered from @MOO Shame they're retiring the eco ones. https://t.co/9PmulA23bc,1476851,MOO,Thu Nov 02 20:28:30 +0000 2017,@462899 But we have our new Cotton cards made out of 100% recycled t-shirts! ;),1476849
1476855,462900,Thu Nov 02 18:54:15 +0000 2017,"@MOO I'm at checkout, do you have any current coupon I can use? https://t.co/ggekDqemhX via @17992",1476854,MOO,Thu Nov 02 20:46:18 +0000 2017,"@462900 @17992 Hello, could you DM us with your email address so we can look into this for you?",
1489049,465854,Mon Oct 16 20:29:52 +0000 2017,"@MOO Thanks ever so much, absolute life saver, and brilliant service every time i have ordered anything!",1489048,MOO,Mon Oct 16 20:39:13 +0000 2017,"@465854 Awe, we're happy to help! Typos happen. Glad it's all sorted :^)",
1489051,465854,Mon Oct 16 20:06:38 +0000 2017,New business cards from @MOO today which are amazing! but i have just realised i have got the information wrong on the one side!!!! #dope,1489050,MOO,Mon Oct 16 20:17:25 +0000 2017,"@465854 We've got you, Kieran! Give us a shout @ https://t.co/GIl40KYw3x and we'll get it all sorted. #dontlettyposgetyoudown #MOOpromise",1489049
1489053,465855,Mon Oct 16 14:51:24 +0000 2017,"Dear @MOO - you had to make a lay-flat notebook, didn't you? I'm trying NOT to buy stuff until January, but I NEED one!  Sigh.",1489052,MOO,Mon Oct 16 20:23:17 +0000 2017,"@465855 Sorry, Carrie! We missed you and knew that a lay flat notebook would to get you to come back to us :) 
#dontbreakupwithusCarrie",
1489055,465856,Mon Oct 16 17:56:51 +0000 2017,If you're gonna pick one (please do!) choose wisely. Deets here: https://t.co/5IULb07gmL #birds #seabirds #flowers #wdc #businesscards @MOO https://t.co/CwOMOcTPhg,1489054,MOO,Mon Oct 16 18:22:28 +0000 2017,@465856 So many lovely options!,
1489057,465857,Mon Oct 16 16:24:11 +0000 2017,"Hate to say this @MOO but your luxe stock isn't as luxe as it used to be, my new set of business cards definitely isn't as smooth as the last. #disappointing",1489056,MOO,Mon Oct 16 18:20:19 +0000 2017,@465857 Sorry to hear you are  not happy with your Luxe cards. Can you DM us your order # so we can look into this for you?,
161881,153375,Fri Nov 24 15:07:39 +0000 2017,So pleased with the #result and very excited to hand out my new #BusinessCards from @MOO !  #MOOcards #laptoplifestyle #digitalmarketer https://t.co/PUuTCSZZnO,161880,MOO,Fri Nov 24 15:24:54 +0000 2017,"@153375 Look at those beauts! Gorgeous work, Sabina!",
161883,153376,Fri Nov 24 13:35:37 +0000 2017,@MOO guys it's black Friday what offers have you got on?,161882,MOO,Fri Nov 24 15:03:58 +0000 2017,@153376 Keep your eyes peeled and sign up to our newsletter if you haven't already :) Black Friday AND Cyber Monday are great!!,
161885,153377,Fri Nov 24 12:53:26 +0000 2017,@MOO Any Black Friday Sale?,161884,MOO,Fri Nov 24 14:59:29 +0000 2017,@153377 We never say never! Keep your eyes peeled and sign up for our newsletter to be notified as soon as any sales or promotions go live :) https://t.co/d1u7qHqomw,
161887,153378,Fri Nov 24 14:46:05 +0000 2017,"@MOO Hi, sent you a DM 3 hours ago, no response yet.",161886,MOO,Fri Nov 24 14:50:01 +0000 2017,"@153378 Hi so sorry about that Pete, we just replied :)",
161889,153378,Fri Nov 24 10:00:56 +0000 2017,@MOO Are you offering any Black Friday deals this year?,161888,MOO,Fri Nov 24 10:47:45 +0000 2017,@153378 Please DM us Pete and we can provide more info :),161887
161891,153379,Fri Nov 24 13:36:04 +0000 2017,Beautiful presentation from @MOO and a lovely message from the creative @153380! #newbusinesscards #happydays https://t.co/P98oGKkEC3,161890,MOO,Fri Nov 24 14:15:12 +0000 2017,@153379 @153380 We love you!,
161893,153381,Fri Nov 24 14:07:42 +0000 2017,"Became a man today... Business cards arrived. 

(Thanks @MOO!) https://t.co/A9NK1xpwKn",161892,MOO,Fri Nov 24 14:14:20 +0000 2017,"@153381 Congratulations, they are great cards too :)",
161895,153382,Thu Nov 23 18:43:25 +0000 2017,@MOO just sent you an email - here are the pics to go with it #0869494936 https://t.co/QDp5MdeA8o,161894,MOO,Fri Nov 24 14:04:53 +0000 2017,"@153382 Hi Lauren, we're so sorry about this! We have replied to your email.",
161897,153383,Fri Nov 24 12:04:34 +0000 2017,"@MOO Yes, just got the email, thank you! We get a bit panicked down here, we can never quite BELIEVE how fast postage is from the UK - it’s way slower within Australia 😂",161896,MOO,Fri Nov 24 12:10:58 +0000 2017,@153383 Whooo! So glad you got it. Now to get ordering for that speedy delivery in time for Christmas.,
161899,153383,Fri Nov 24 08:02:12 +0000 2017,"Hey @MOO, what happened to your November sale? Christmas looms, and as an Australian I try to order Christmas cards on sale, as the shipping on 250 cards all the way down under adds a lot to the cost overall. 😩",161898,MOO,Fri Nov 24 12:03:00 +0000 2017,"@153383 Keep an eye on our newsletters, November isn't over yet :D",161897
161902,153384,Thu Nov 23 21:25:47 +0000 2017,Just got my new greeting cards from @MOO n the look fabulous 😎 #art #print #design https://t.co/X777g4K0ip,161900,MOO,Fri Nov 24 11:01:32 +0000 2017,@153384 Amazing cards!,161901
161904,153385,Fri Nov 24 00:36:07 +0000 2017,"Just arrived! Our stunning business cards from @MOO!
#MOOcards https://t.co/0oE5l7LRN0",161903,MOO,Fri Nov 24 11:00:55 +0000 2017,@153385 Wow those are very pretty!,
161906,153386,Fri Nov 24 08:25:58 +0000 2017,"hello @MOO I don't see the premium products on your website (the ones at -30%) ... are they called ""luxe"" ?",161905,MOO,Fri Nov 24 10:48:43 +0000 2017,"@153386 Yes, Luxe is our premium paper range and is 600gsm :)",
161909,153387,Fri Nov 24 09:05:42 +0000 2017,Fingers crossed my blog business cards from @MOO arrive before 5pm today or I'm screwed lol,161907,MOO,Fri Nov 24 10:44:57 +0000 2017,"@153387 Hi Abbigayle, we've checked this for you and it's currently with the courier, so all is still on track for a delivery today! Fingers crossed :)",161908
161911,153388,Thu Nov 23 18:12:33 +0000 2017,"Couldn't wait to unbox the latest batch of business cards from @MOO. Half the size, twice as nice! https://t.co/8pXo3yGdwf",161910,MOO,Fri Nov 24 10:42:47 +0000 2017,@153388 Yay! Well ... good things come in small packages :),
1624924,497637,Sun Nov 05 18:01:16 +0000 2017,@MOO I’ve gone Square!,1624926,MOO,Sun Nov 05 18:02:27 +0000 2017,"@497637 WOOT WOOT! Now all you have to do is kick butt and save animals. Enjoy your Sunday, Jane :)",1624927
1624925,497637,Sun Nov 05 17:22:52 +0000 2017,@MOO I think I’m in! Now.. square or mini...,1624923,MOO,Sun Nov 05 17:28:50 +0000 2017,@497637 Yay! The MiniCards are so much fun :),1624924
1624929,497637,Sun Nov 05 16:57:49 +0000 2017,@MOO Yes! But I can’t log in?,1624928,MOO,Sun Nov 05 17:13:17 +0000 2017,@497637 Yikes! Are you seeing an error message when you try to log in?,1624925
1624931,497637,Sun Nov 05 16:21:18 +0000 2017,".@MOO I’d love to use you again but your website is now really difficult to navigate, can’t log in, examples don’t list ok good #shame",1624932,MOO,Sun Nov 05 16:38:19 +0000 2017,@497637 If you cannot log in to your account you can reset your password here: https://t.co/1L9GVyYm3X,
1624931,497637,Sun Nov 05 16:21:18 +0000 2017,".@MOO I’d love to use you again but your website is now really difficult to navigate, can’t log in, examples don’t list ok good #shame",1624930,MOO,Sun Nov 05 16:38:11 +0000 2017,@497637 We're sorry to hear that you are having trouble signing in. You have an account associated with your __email__ email address.,1624929
1626227,497972,Tue Oct 24 13:53:06 +0000 2017,#bighairdontcare💁🏽  Shot this awesome commercial several months ago for @Moo #businesscards… https://t.co/38nPqg6gGo,1626226,MOO,Tue Oct 24 13:58:49 +0000 2017,@497972 AMAZING!,
1673764,509299,Wed Oct 25 16:42:09 +0000 2017,getting down to business (cards)! 📇  @moo #branding #lq #leroyquinn #lqtravel #luxe… https://t.co/6zIwbK6r8r,1673763,MOO,Wed Oct 25 16:52:27 +0000 2017,@509299 Those look delicious :),
1676126,509882,Mon Nov 06 11:10:59 +0000 2017,"Thanks @moo for the new business cards

#moo #cards #senseofhumor #wearetheroadcrew #beard… https://t.co/e1dQWScRz7",1676125,MOO,Mon Nov 06 14:18:39 +0000 2017,"@509882 You're welcome, they look great! Thanks for sharing :)",
1676128,509883,Mon Nov 06 14:08:01 +0000 2017,@MOO It was Laura Gosseens. She was brilliant !,1676127,MOO,Mon Nov 06 14:09:50 +0000 2017,"@509883 Woo! Laura is truly amazing, we will be sure to pass this on and give her an extra large slice of cake today :)",
1676130,509883,Mon Nov 06 11:37:14 +0000 2017,Can't quite believe how brilliant @MOO customer service is. Monday done well 👌🏻,1676129,MOO,Mon Nov 06 14:07:10 +0000 2017,@509883 Yay! Super glad to hear that :) Do you happen to remember who helped you so we can thank them immensely?,1676128
1684683,511953,Tue Oct 17 12:53:00 +0000 2017,I've worked with @MOO in the past and the quality is amazing (as is the customer service) - these are beautiful! #businesscards #creativebiz https://t.co/iXjOHFlQxQ,1684682,MOO,Tue Oct 17 13:01:17 +0000 2017,@511953 Somebody's serving up a large portion of beautiful with a side of amazing!,
1684685,511954,Tue Oct 17 10:43:36 +0000 2017,@511955 @MOO @511956 They look great! 😘,1684684,MOO,Tue Oct 17 11:01:25 +0000 2017,@511954 @511955 @511956 They look amazing! Thanks so much for sharing :),
1684689,511957,Tue Oct 17 07:55:44 +0000 2017,Our amazing business cards arrived! Thanks @MOO for eco friendly 100% cotton material used to prepare these #organicliving #ecofriendly https://t.co/cVaKNUFGgD,1684688,MOO,Tue Oct 17 10:37:45 +0000 2017,@511957 Yay! Glad you love them :),
1684691,511958,Tue Oct 17 08:16:38 +0000 2017,Super happy with how pretty my biz cards and stickers came out. Thank you @MOO #thebiz https://t.co/swCqARe0jk,1684690,MOO,Tue Oct 17 09:48:36 +0000 2017,@511958 Cheers! We raise a glass to you for a job well done!,
1684720,511964,Tue Oct 17 09:09:20 +0000 2017,Growing Team = New #Business Cards! Thanks @MOO https://t.co/s1yovjnrnU,1684719,MOO,Tue Oct 17 09:47:04 +0000 2017,@511964 Beautiful! High fives all round :),
1711884,361263,Tue Nov 07 00:01:51 +0000 2017,I just had the absolute best customer service with Jess at @MOO   They really walk the talk.  Thank you !!!!   #Customer4ever,1711883,MOO,Tue Nov 07 00:13:09 +0000 2017,"@361263 She's got a groove her step, Jess is a rockstar!",
1755588,528676,Tue Oct 17 15:50:36 +0000 2017,@MOO Thanks to Shannon O for their help today!,1755587,MOO,Tue Oct 17 20:26:35 +0000 2017,"@528676 Awe, we're happy to help! We'll be sure to pass your thanks to Shannon, she's a shining star in our office.",
1776188,533750,Tue Nov 07 16:55:36 +0000 2017,"They are arrived! My Business Card by @MOO - my cat says ""meow""! 😻👌
#domabi #domabiproject #domabigraphic #moo #businesscards #graphicdesign https://t.co/JIbtr3XluC",1776187,MOO,Tue Nov 07 18:01:26 +0000 2017,@533750 Those look purrfect! We're so glad to have feline approval.,
1790737,537912,Thu Oct 12 18:31:50 +0000 2017,@MOO why can't i reach the Monogram app anymore? I used to be able to get to it but now I'm not in the right region?,1790736,MOO,Thu Oct 12 18:34:59 +0000 2017,"@537912 We're looking at our public Monogram app &amp; how to evolve it, so we are taking a step back while we figure that out. Watch this space :)",
1790748,537917,Sat Nov 25 16:36:01 +0000 2017,"@MOO Oh, and your Polar White while I'm here.",1790749,MOO,Mon Nov 27 10:45:06 +0000 2017,"@537917 No worries, you can find all the seam colour values here: https://t.co/gdlU3VNuba",1790750
1794797,539326,Thu Oct 12 08:54:36 +0000 2017,"@MOO Hi, are you able to do same day business cards in London?",1794796,MOO,Thu Oct 12 09:23:16 +0000 2017,@539326 We don't offer a same day print turnaround time sadly. We do however off next business day turnaround times for our Original and Luxe cards,
1795888,539636,Thu Oct 12 08:33:15 +0000 2017,@MOO Have you all ever thought of printing Zines?,1795887,MOO,Thu Oct 12 13:05:00 +0000 2017,"@539636 Zines aren't on the immediate horizon, but we love your independent style. We'll forward your feedback on to the Dev Team. Watch this space!",
1802097,304106,Fri Oct 13 06:30:11 +0000 2017,"@541481 Are you listening, @MOO? This is third time in two days our motion design peeps be mentioning you. Promote some discount codes, ifyoucan?",1802095,MOO,Fri Oct 13 10:36:17 +0000 2017,"@304106 @541481 Sorry we can't provide any special discounts at the moment,  but  keep up to date on any sales or promotions here: https://t.co/d1u7qHqomw",1802096
1803492,130270,Fri Oct 13 12:39:44 +0000 2017,@418 @moo has horrific customer service &amp; I even haven't bought anything yet! 5 emails &amp; still trying to get a free sample pack! #fb,1803491,MOO,Fri Oct 13 13:14:09 +0000 2017,@130270 @418 We're so sorry to hear that! If you could please DM us your order number we would be happy to look into this further for you.,
1803519,541913,Fri Oct 13 12:28:13 +0000 2017,"@140368 Next time your driver delivers on behalf of @MOO train him 2 use the buzzer. No card, no bell but a text sayin no one in.#Liar",1803518,MOO,Fri Oct 13 13:16:19 +0000 2017,"@541913 @140368 So sorry to hear that! We can see that DHL have reached out so hopefully they can help, otherwise feel free to DM us for further assistance.",
1804886,341866,Fri Oct 13 10:49:29 +0000 2017,"Hey @moo your ghetto ass slider to scale business card designs is a crime, you should be fined by design police.",1804885,MOO,Fri Oct 13 16:33:32 +0000 2017,@341866 Sorry you're having trouble positioning your designs. We'd love to help. Please contact our customer service team: https://t.co/kxILCtweIU,
1809197,543526,Tue Oct 17 19:13:14 +0000 2017,@MOO this is the idea! Imagine the middle part is cutout and the background is genuinely what I am facing while holding up the card... 🤣 https://t.co/Ny48XOCUNT,1809196,MOO,Tue Oct 17 21:16:32 +0000 2017,"@543526 These are great, but sadly we do not offer any custom die cuts :(",
1809204,543527,Tue Oct 17 18:55:54 +0000 2017,That moment when you ordered business cards from @MOO and you're wondering if you spelt everything right https://t.co/SBzyDAVMkV,1809203,MOO,Tue Oct 17 21:14:24 +0000 2017,"@543527 No stress, Alex! Moo's got you - always. #evenifyouspelledyournamewrongwevegotyou #MOOpromise",
1819310,467827,Sun Oct 15 11:40:49 +0000 2017,"2 weeks in DC and I've run out of biz cards😰

 cc: @MOO",1819309,MOO,Mon Oct 16 13:21:05 +0000 2017,@467827 Oh no! We can offer super speedy next business day delivery on our Original &amp; Luxe cards if you need some urgent new ones!? ;),
1836141,550582,Wed Oct 18 13:09:03 +0000 2017,@MOO your site isn't loading at work for me--- what's the turn around time for shipping business cards after you receive the order?,1836140,MOO,Wed Oct 18 13:17:34 +0000 2017,@550582 We're sorry to hear that! Delivery turnaround times vary depending on the paper stock. We offer next day delivery for Original &amp; Luxe cards,
1841399,551832,Tue Oct 17 19:56:12 +0000 2017,@MOO Had to make another order and have it mailed to @70098 so that friend can have their business card this weekend.,1841398,MOO,Tue Oct 17 21:18:10 +0000 2017,"@551832 @70098 No worries, we've got you! Give the lovely Customer Service peeps a call and they will get that all sorted for you - https://t.co/GIl40KYw3x",
1844373,552566,Tue Oct 17 23:00:59 +0000 2017,"@MOO Once more totally horrid lengthy incompetent ordering process. But, I've ordered 4 times, and you've failed each time, so batting 1000.",1844371,MOO,Wed Oct 18 08:46:23 +0000 2017,@552566 Oh no! So sorry to hear that! DM'ing so we can look into this for you. Customers feedback is invaluable in improving our site an services.,1844372
1844373,552566,Tue Oct 17 23:00:59 +0000 2017,"@MOO Once more totally horrid lengthy incompetent ordering process. But, I've ordered 4 times, and you've failed each time, so batting 1000.",1844377,MOO,Wed Oct 18 09:14:35 +0000 2017,"@552566 Oops, unfortunately we are not able to DM you as you are not following us. Not to worry, we have emailed you instead.",
1844419,379463,Wed Oct 18 10:07:19 +0000 2017,@MOO It's ok I ordered some to where I'm traveling too. So hopefully they make it .,1844421,MOO,Wed Oct 18 17:55:51 +0000 2017,@379463 Let us know if you need any assistance :),
1844420,379463,Wed Oct 18 08:48:07 +0000 2017,@MOO hi I needed to order some next day delivery - it says before noon to order this but that option isnt there and its before noon.,1844418,MOO,Wed Oct 18 10:06:10 +0000 2017,@379463 So sorry! Which product and paper stock are you ordering? Only Original and Luxe Business Cards are available for next-day delivery.,1844419
1849439,171394,Wed Oct 18 15:01:17 +0000 2017,"@MOO Hello, do you have any codes that will reduce down the cost of greeting cards? :-)",1849438,MOO,Wed Oct 18 17:52:48 +0000 2017,"@171394 No codes are available at this time, unfortunately. Be kept up to date w/ sales by subscribing to our MOOsLETTER: https://t.co/qqbgE7bGws",
1856582,555272,Thu Oct 19 06:33:56 +0000 2017,"@moo This is dealt with already, talked to your customer service. Very nice girl. Thanks! #moo",1856581,MOO,Thu Oct 19 09:31:03 +0000 2017,@555272 Ok great! Glad to hear we were able to help you out :) If you happen to remember who helped you out we would love to reward them greatly :),
1859014,555846,Thu Oct 19 09:33:33 +0000 2017,@MOO We got these ones: https://t.co/DVNAn1hWt3,1859013,MOO,Thu Oct 19 13:10:43 +0000 2017,@555846 You can dispose of the cards you received in error at your convenience. We'll reach out to her and reprint her cards. Enjoy your day :),
1859015,555846,Fri Oct 20 08:42:54 +0000 2017,@MOO I just got an email saying that I have been charged again 😕,1874051,MOO,Fri Oct 20 08:46:06 +0000 2017,"@555846 Sorry for the confusion! The reprint is 100% free, the reprint email  is a summary of what was initially ordered (quantities, prices etc...)",1874052
1859017,555846,Wed Oct 18 11:42:27 +0000 2017,@MOO you sent us someone else’s business cards 🤔,1859016,MOO,Wed Oct 18 17:59:53 +0000 2017,"@555846 Yikes! Sorry about that, Edward. We've reprinted your order and a new set will arrive on Friday 10/20.",1859014
1869108,558288,Thu Oct 19 13:42:44 +0000 2017,@moo should I expect to find what I assume is a colour calibration card in the middle of my pack of business cards?,1869107,MOO,Thu Oct 19 21:24:22 +0000 2017,"@558288 Sorry about that! This doesn't generally occur but does happen from time to time. Please feel free to dispose of it, or keep as a souvenir.",
1874052,555846,Fri Oct 20 08:48:08 +0000 2017,"@MOO Okay, thank you! 🤗",1874053,MOO,Fri Oct 20 09:16:35 +0000 2017,@555846 No problem :),
187982,160113,Thu Sep 28 17:13:57 +0000 2017,Reorder personally processed by rep &amp; 'gap' pack sent to cover until reorder arrives ... 2/2 #Bravo @MOO #Customer #Success #Thanks #Manon,187981,MOO,Thu Sep 28 18:56:06 +0000 2017,@160113 We are so glad that all was sorted. Manon is a Queen! We will share your kind words and give her an extra slice of cake.,
188099,160139,Thu Sep 28 16:41:03 +0000 2017,This woman is a SHERO!!! https://t.co/Rwfkj230ei,188098,MOO,Thu Sep 28 17:46:43 +0000 2017,@160139 We agree!,
1889159,563376,Wed Oct 18 00:06:56 +0000 2017,Always delighted by @MOO's messaging. #nailedit #stickers #hilariousstuff https://t.co/TibeCJP3yn,1889158,MOO,Wed Oct 18 10:25:09 +0000 2017,@563376 We like putting a smile on people's faces :),
1895536,564989,Tue Oct 24 11:38:04 +0000 2017,@MOO Gesture appreciated.,1895535,MOO,Tue Oct 24 12:11:36 +0000 2017,"@564989 Hello, Nick  if you can DM us, we would like to look into this order for you further to confirm a few things and make sure you receive it.",
1895538,564989,Mon Oct 23 14:12:34 +0000 2017,@MOO please sort out your delivery logistics with DHL. They are a disgrace to your good name. All summed up attached tweet. I also tried to contact but got lost in Q https://t.co/9RAOb9RhAg,1895537,MOO,Mon Oct 23 20:14:31 +0000 2017,@564989 Hi Nick! We're so sorry your cards have not arrived. We've refunded the shipping charges &amp; will happily reprint the cards if needed.,1895536
1900212,566283,Sun Oct 22 20:25:08 +0000 2017,@MOO Can I print a tri-fold brochure with you guys?,1900211,MOO,Mon Oct 23 13:27:54 +0000 2017,@566283 We sadly do not offer any tri-fold brochure's but we have had customers use our US Letter Flyer's and fold them into tri-fold brochures!,
1900225,566288,Sat Oct 21 14:30:19 +0000 2017,"Just got my @MOO hardcover notebook in the mail, and now all my other notebooks are jealous and won't talk to me.",1900224,MOO,Mon Oct 23 13:21:20 +0000 2017,@566288 We would be pretty jealous too....maybe you could buy your MOO Notebook a friend or two so it doesn't feel excluded? Expand the MOO family!,
1906927,10103,Wed Oct 25 09:42:58 +0000 2017,@MOO Big thanks to Quentin for the exceptional service! Just ordered our 3rd round of #businesscards 👍,1906926,MOO,Wed Oct 25 13:09:02 +0000 2017,"@10103 Yay! So glad to hear that Quentin could help, he's truly amazing! We will be sure to shower him with extra love and a big slice of cake!",
1942986,577710,Wed Oct 18 08:02:39 +0000 2017,"my @MOO business cards, 1 x front design on 7 back designs love them. Design by Antony Wolfson.. special thanks.. https://t.co/M4lUN2jqb9",1942985,MOO,Wed Oct 18 13:23:44 +0000 2017,"@577710 They look great, thanks for sharing :)",
195717,162019,Thu Sep 28 19:03:58 +0000 2017,@MOO Great design. Do you exhibit at any education sector conferences?,195720,MOO,Thu Sep 28 19:41:10 +0000 2017,"@162019 We don't do any education conferences at this time, but we've passed your idea on. Maybe we will be a presence in the future-fingers crossed",
195719,MOO,Thu Sep 28 14:53:33 +0000 2017,Last day to trade in your deets for some dough at #INBOUND17 pop by booth M16! https://t.co/LvVwSkCQyv,195716,MOO,Thu Sep 28 16:03:05 +0000 2017,We're also giving away🆓 business card holders! 😉 #INBOUND17 https://t.co/LKwMyZYXNh,"195717,195718"
2004251,592680,Thu Nov 02 07:23:06 +0000 2017,"Thanks to @MOO: 150 business cards and 36 different designs for @59595! 

👉 https://t.co/0gqhkqHdea https://t.co/hp8OQCK2kb",2004250,MOO,Thu Nov 02 10:19:03 +0000 2017,@592680 @59595 Amazing stuff! Sharing is caring so thank you!,
2017807,596712,Wed Oct 18 19:05:27 +0000 2017,Thanks @MOO for the #minicards for my new side business. #doublethefun https://t.co/TZt0rqOb1X,2017806,MOO,Wed Oct 18 19:09:59 +0000 2017,"@596712 Those look purrrfect! We'll be sure to keep you in mind if we ever have a ""bring your cat to work"" day :^)",
2017816,555272,Wed Oct 18 08:48:17 +0000 2017,@moo obviously my order got lost. Could you help me to investigate? #moo #moogermany #stickers,2017815,MOO,Wed Oct 18 18:22:37 +0000 2017,@555272 Yikes! Can you provide us with your order number? Well get this corrected straight away :),
2017826,596717,Wed Oct 18 17:51:45 +0000 2017,"@18210 Also thanks @MOO, how did you know??",2017825,MOO,Wed Oct 18 18:08:21 +0000 2017,"@596717 @18210 Little MOO knows all!
 #passmeon",
202121,163741,Wed Oct 04 18:32:11 +0000 2017,Thank you @MOO I love my business cards! #NHsmc https://t.co/nlSY6nUrpw,202119,MOO,Wed Oct 04 18:44:54 +0000 2017,@163741 You're welcome! That's a lovely photograph. Is it time lapse?,202120
202127,163742,Wed Oct 04 17:08:37 +0000 2017,"@MOO Amazing!
Thank you so much for the fix.",202126,MOO,Wed Oct 04 17:13:01 +0000 2017,@163742 You are most welcome!,
202129,163742,Wed Oct 04 16:39:19 +0000 2017,@MOO I don't know what to do now. Should I just re-order? I needed these labels today.,202128,MOO,Wed Oct 04 17:06:12 +0000 2017,"@163742 For future reference, download the PDF preview to get an idea of how your project will look. It's a great way to catch anything problematic.",202127
202129,163742,Wed Oct 04 16:39:19 +0000 2017,@MOO I don't know what to do now. Should I just re-order? I needed these labels today.,202131,MOO,Wed Oct 04 17:01:57 +0000 2017,"@163742 Yikes! We've reviewed the order and see that your designs were not extended to full bleed, which is why they have unwanted white edges.",
202129,163742,Wed Oct 04 16:39:19 +0000 2017,@MOO I don't know what to do now. Should I just re-order? I needed these labels today.,202132,MOO,Wed Oct 04 17:02:58 +0000 2017,@163742 We've reprinted the Stickers and corrected the issue. A new set will arrive ASAP on 10/13. We've also refunded the shipping in full.,
202426,163854,Wed Oct 04 14:12:21 +0000 2017,Leaflets &amp; mini business cards😍 Thanks @MOO #utterlyamore #weddingstationery #smallbusiness #mumpreneur #girlboss #marketing #dowhatyoulove https://t.co/QSeGlwmuh2,202425,MOO,Wed Oct 04 14:21:45 +0000 2017,"@163854 You get a standing ovation! *throws roses*
Thank you so much for sharing :)",
202520,163883,Thu Sep 28 21:10:25 +0000 2017,"New business cards!! Whoop whoop 😁 thanks @MOO 
I ❤️ them. 😘
#illustration #moo #businesscards https://t.co/TQy2kj7oWE",202519,MOO,Thu Sep 28 21:12:05 +0000 2017,"@163883 This is straight magic. Thank YOU, Ryan!",
2045509,604936,Tue Oct 03 20:43:20 +0000 2017,"@MOO @140368 Rather inconveniently the two events I needed them for are on the 4th and 5th October, so they won’t arrive in time...",2045511,MOO,Tue Oct 03 20:59:17 +0000 2017,"@604936 @140368 Our apologies, Bob! October 5th is the quickest we can get the reprint to you. We're happy to issue a full refund if you prefer.",
2045510,604936,Tue Oct 03 20:00:50 +0000 2017,Looks like @140368 are breaking @MOO 's promises. Not fun trying to navigate their impenetrable customer support system #fail,2045508,MOO,Tue Oct 03 20:40:28 +0000 2017,@604936 @140368 We're sorry to hear that your order has not arrived! We've refunded the shipping and reprinted the cards. A new set will arrive 10/5.,2045509
2045527,140368,Wed Oct 04 09:20:10 +0000 2017,"@604936 @MOO Bob, please send me a DM so I can explain in more detail. Thanks, Amrick",2045526,MOO,Wed Oct 04 10:04:39 +0000 2017,"@140368 @604936 Sorry about that, Bob. We can see the parcel has been delivered and you received a partial refund due to the delay. Apologies again!",
2045602,604965,Mon Oct 02 09:33:19 +0000 2017,@MOO Hey! Am I right in thinking you guys can only Gold foil business cards? I’m looking to get some flyers foiled as wedding invites.,2045601,MOO,Mon Oct 02 10:21:24 +0000 2017,"@604965 That's correct, Gold Foil is currently available only on Business Cards. But never say never, we might expand it in the future!",
2045607,538042,Fri Sep 29 02:02:55 +0000 2017,"@MOO found some bugs in your customer workflow today, is there any way I can report them? (:",2045606,MOO,Fri Sep 29 05:05:13 +0000 2017,"@538042 Thanks Nick, we love feedback so would appreciate if you get in touch to provide us with some or to report anything: https://t.co/GIl40KYw3x",
2048709,605882,Thu Oct 05 14:36:43 +0000 2017,Big shoutout to @MOO and Support Agent Nicole L for liberating my business cards from the depths of a USPS sorting facility -- pure heroism!,2048708,MOO,Thu Oct 05 14:54:46 +0000 2017,@605882 She courageously defends helpless business cards from the evil depths of sorting facilities. Her nimble fingers are no match for lost mail!,
2049685,606133,Tue Nov 07 00:05:55 +0000 2017,Hey @MOO maybe don't blame sexism in tech on us women. It's not us doing it wrong. https://t.co/SO5CCzIurH,2049682,MOO,Tue Nov 07 21:53:08 +0000 2017,@606133 Thank you for alerting us to this. We really value it when our community tells us we've got it wrong. We won't use this line again.,"2049683,2049684"
2049695,606135,Mon Nov 06 22:58:06 +0000 2017,My everyday carry (EDC) featuring @21260 @MOO @6954 https://t.co/skgpZxfp29,2049694,MOO,Tue Nov 07 00:19:44 +0000 2017,@606135 @21260 @6954 We always have a hard time ever throwing away out cards ;) pass them all out!,
2049697,606136,Mon Nov 06 23:10:11 +0000 2017,@moo Have a great customer support experience! Support agent Jess was awesome!,2049696,MOO,Tue Nov 07 00:10:03 +0000 2017,@606136 Jess is a superstar!!,
2049699,606137,Mon Nov 06 17:01:47 +0000 2017,Hey 👋🏼 @moo We can't get enough of our new rack cards in preparation for @606138 💙🛋 @ PANSY… https://t.co/fZErJZ8adS,2049698,MOO,Mon Nov 06 18:23:49 +0000 2017,@606137 @606138 Yay!!! Wonderful :),
2049702,606139,Mon Nov 06 03:27:56 +0000 2017,@MOO why aren't you shipping free sample pack to india.Im ready to lay shipping price for it.,2049700,MOO,Mon Nov 06 08:03:34 +0000 2017,"@606139 Sadly due to postal restrictions, we can't ship free samples to India but if you place paid order you can add it at no additional charge.",2049701
2049705,606139,Sun Nov 05 15:13:32 +0000 2017,@MOO have you guys started to ship your products to India.,2049703,MOO,Sun Nov 05 15:30:55 +0000 2017,"@606139 We ship to India :) We’ve made an online cost calculator, so you can get an accurate quote in seconds:
https://t.co/u8ckvIChAd","2049704,2049702"
2049709,606140,Sun Nov 05 18:38:39 +0000 2017,"Seriously @moo?! All this waste, 9 boxes for 4 additional boxes, for 50 notecards, 50 greeting… https://t.co/RI9vVkU4yA",2049707,MOO,Sun Nov 05 19:36:40 +0000 2017,@606140 We hear you and are working on options to use less packaging. I've forwarded your experience on to the Dev Team for review.,2049708
2049711,181828,Fri Nov 03 21:18:17 +0000 2017,@MOO Is this info incorrect? What is fluorescent neon coral? https://t.co/mNs0Y5zaZY,2049710,MOO,Sun Nov 05 15:08:21 +0000 2017,"@181828 That is absolutely fluorescent, but the Letterpress colors are applied by hand &amp; not printed with MOO. We only print in CMYK at this time.",
2049713,181828,Fri Nov 03 18:16:40 +0000 2017,@606141 @MOO Haha I forgot to tag them. Thanks,2049712,MOO,Fri Nov 03 21:13:55 +0000 2017,"@181828 @606141 At this time, we only print in CMYK color and no neon colors! Maybe in the future :)",2049711
2049718,529659,Sun Nov 05 09:56:33 +0000 2017,Morning @MOO is your website down / experiencing problems? I've been trying to layout a simple project but website is stalling a lot 🤔 #grrr,2049717,MOO,Sun Nov 05 15:01:48 +0000 2017,"@529659 No site issues ATM, Lorna. Try resetting your C&amp;C (https://t.co/yDIza3g4oZ) or switching web browsers. Let us know if you need anything :)",
2049720,606142,Sat Nov 04 12:35:04 +0000 2017,Love a @moo delivery 😍 https://t.co/8SFWIFQ2Du,2049719,MOO,Sun Nov 05 14:53:32 +0000 2017,"@606142 That sweet little bud vase tho....
😍😍😍",
2049723,606143,Thu Nov 02 22:55:11 +0000 2017,MFW I try and rush order business cards and forget one very important piece of information: my website. @MOO #designfail #crispy https://t.co/NzuHaTOqL5,2049721,MOO,Thu Nov 02 23:23:25 +0000 2017,@606143 Oh no! That is as frightening as this crispy picture. Can you DM us your order # so we can take a look?,2049722
2049725,606144,Thu Nov 02 22:14:24 +0000 2017,"New on my blog: Ordered square Business Cards from @moo - creative, personal &amp; fun! https://t.co/hNh3Kwk6Y5 https://t.co/Jcim6NB7qw",2049724,MOO,Thu Nov 02 23:20:34 +0000 2017,@606144 What a nice blog about MOO and super colorful and fun!,
2049728,606145,Thu Nov 02 21:36:54 +0000 2017,I love @MOO so much! This packaging is a huge win. https://t.co/FTlLOv2slV,2049726,MOO,Thu Nov 02 23:16:15 +0000 2017,@606145 We're quite a fan of our packaging too! Isn't it lovely :),2049727
2049732,606146,Thu Nov 02 22:57:27 +0000 2017,@MOO 🙌🏾Thank you so much for helping me out so quickly with shipping on my order! 🚀 excellent customer service! ⭐️🏆#CustomerExperience,2049731,MOO,Thu Nov 02 23:12:30 +0000 2017,@606146 #Rocketpower!,
2049734,306321,Thu Nov 02 20:14:26 +0000 2017,"@606147 @MOO matte finish and ""invisible"" braille imprint on both sides thanks to the three layers in the luxe paper? Would be great...",2049733,MOO,Thu Nov 02 20:49:50 +0000 2017,@306321 @606147 All 3 options sounds amazing but at the moment our Spot Gloss cards only come with our Super paper and not Luxe. Maybe in the future!,
2049738,606147,Thu Nov 02 09:58:31 +0000 2017,Here's a quick look at how @MOO raised gloss can really transform the look and feel of a business card.  Very easy to achieve with all the help that @MOO give on their ordering pages.  Thanks Moo team! https://t.co/s68uFzIuxg,2049739,MOO,Thu Nov 02 10:18:09 +0000 2017,"@606147 Hi Jim, wow the cards look great! Thanks so much for your kind feedback, it looks the lovely Amber helped you out, glad she could help :)",
2049743,474708,Wed Nov 01 20:56:00 +0000 2017,@MOO Annnnd now I won't have them for an event since I'm flying to California tonight...Thaaaaaaaanks.,2049742,MOO,Wed Nov 01 20:57:31 +0000 2017,@474708 Yikes! We're sorry to hear that they weren't delivered and are happy to ship them to California where you are staying.,
2049747,394109,Wed Nov 01 20:40:56 +0000 2017,Hi @MOO ! Who do you recommend for simple tabletop signage to round out some branded items being printed by you!?,2049746,MOO,Wed Nov 01 20:49:41 +0000 2017,@394109 Our Postcards would work beautifully as a tabletop item!  https://t.co/4sumMXN2s8,
2049749,606149,Wed Nov 01 19:45:37 +0000 2017,@MOO Thanks for being so fast on the response! Got the cards ordered... and now the waiting game for them to get here... https://t.co/hENOMAlqDF,2049748,MOO,Wed Nov 01 19:52:26 +0000 2017,"@606149 We get all those feels, Matt!",
2049751,606149,Wed Nov 01 19:24:13 +0000 2017,"Hey @MOO - if I'm getting bz cards for multi ppl, can I use their info as ""different"" back designs and make 1 big order vs many small orders",2049752,MOO,Wed Nov 01 19:30:15 +0000 2017,"@606149 From there, select the ""design backs"" button that you see in the upper right corner. This is where you will upload multiple contact details",
2049751,606149,Wed Nov 01 19:24:13 +0000 2017,"Hey @MOO - if I'm getting bz cards for multi ppl, can I use their info as ""different"" back designs and make 1 big order vs many small orders",2049750,MOO,Wed Nov 01 19:30:31 +0000 2017,"@606149 Our cards are finished the same on both sides, so switching the side that contains the contact details will not matter on the printed cards.",2049749
2049751,606149,Wed Nov 01 19:24:13 +0000 2017,"Hey @MOO - if I'm getting bz cards for multi ppl, can I use their info as ""different"" back designs and make 1 big order vs many small orders",2049753,MOO,Wed Nov 01 19:27:50 +0000 2017,"@606149 Heck yes, you can! You will need to upload the file that will be the same for everyone to the side that is labeled the ""Front"" on our site.",
2049755,126876,Wed Nov 01 17:46:43 +0000 2017,@606150 @MOO I ended up with the template # printed on my card but maybe I didn't notice it because it has the same area code as I do.,2049754,MOO,Wed Nov 01 19:23:35 +0000 2017,"@126876 @606150 Hello, Jen. No stress typos happen and we can help. What is the correct phone number? We will get this sorted for you ASAP.",
2049758,126876,Wed Nov 01 05:19:33 +0000 2017,"Well, that's $67.73 down the drain. Would have been more fun to take 67 dollar bills and light each one on fire. @moo",2049760,MOO,Wed Nov 01 06:54:26 +0000 2017,@126876 Oh no! That's not right. Could you send us your order number so we can look into it for you Jennifer?,
2049762,606151,Wed Nov 01 14:13:21 +0000 2017,Thank you @MOO for our shiny new @606152 business cards!! #newfacenewspace https://t.co/k1l1JPWBW1,2049761,MOO,Wed Nov 01 14:20:05 +0000 2017,@606151 @606152 You're very welcome! They look great! Thanks for sharing :),
2049766,606153,Wed Nov 01 12:23:59 +0000 2017,"our cards from @MOO look like they were printed by the animal that makes ""Moo"" sounds ...looks like it's back to @127543 for us! #BOO",2049765,MOO,Wed Nov 01 13:13:04 +0000 2017,@606153 @127543 We're sorry to hear that! Please DM us with the issues and we'd be happy to look into this for you and find a solution.,
2049768,606154,Wed Nov 01 11:36:37 +0000 2017,New #BusinessCards printed with @MOO #passmeon https://t.co/cmUzTjEFk7,2049767,MOO,Wed Nov 01 13:11:07 +0000 2017,"@606154 Those look great, thanks for sharing :)",
2049772,500591,Wed Nov 01 07:38:02 +0000 2017,@MOO Thank you :),2049771,MOO,Wed Nov 01 09:12:11 +0000 2017,@500591 No problem!,
2049774,500591,Tue Oct 31 21:13:49 +0000 2017,"Hi @MOO I would like to cancel my order, can you please help me out?",2049773,MOO,Tue Oct 31 23:27:24 +0000 2017,"@500591 That shouldn't be a problem. To make changes to your order, please contact our helpful Customer Service reps:
https://t.co/kxILCtweIU",2049772
2049777,606155,Wed Nov 01 05:30:43 +0000 2017,Was super happy with my business cards from @MOO Do you guys make a card that's also a magnet?,2049775,MOO,Wed Nov 01 06:29:17 +0000 2017,@606155 Sadly we don't offer magnets but if you sign up to our newsletter https://t.co/d1u7qHqomw you'll be the first one to know when we do :),2049776
2049779,606156,Tue Oct 31 16:25:12 +0000 2017,"@115817 @MOO Paid for shipping to have them here today, so does this mean I get that shipping money back?",2049778,MOO,Tue Oct 31 16:35:14 +0000 2017,@606156 @115817 Sorry to hear that. That just won't do. Can you send us your order number so we can look into it?,
2049783,606157,Tue Oct 31 14:40:54 +0000 2017,@MOO wondering if you create customized notebooks? I am creating something for my clients and would love to use MOO,2049782,MOO,Tue Oct 31 16:17:36 +0000 2017,@606157 We do offer come customisation from 100+ identical Hardcover Notebooks. Contact our CS team for more information: https://t.co/GIl40KYw3x,
2049785,606158,Tue Oct 31 00:15:25 +0000 2017,Taking our business to a whole new level! Check out this tall glass of lemonade. Thanks @Moo! https://t.co/AruXXglCNs,2049784,MOO,Tue Oct 31 05:27:44 +0000 2017,@606158 Somebody's serving up a large portion of beautiful with a side of amazing!,
2049787,606159,Mon Oct 30 20:29:12 +0000 2017,It’s the littlest things that get me excited. Received my new business cards from @MOO today! If only you could feel the matte finish. https://t.co/5SGyxorDpz,2049786,MOO,Mon Oct 30 21:29:03 +0000 2017,@606159 Those Cards are on fire!,
2049792,606160,Mon Oct 30 13:25:53 +0000 2017,"@606161 @MOO Yeah, you made the right choice.",2049791,MOO,Mon Oct 30 15:15:51 +0000 2017,@606160 @606161 They look awesome! Thanks so much for sharing :),
2049799,606162,Mon Oct 30 13:04:09 +0000 2017,@606160 @MOO They look so good!!,2049805,MOO,Mon Oct 30 14:16:28 +0000 2017,@606162 @606160 They´re absolutely gorgeous!!! :),
2049808,606163,Mon Oct 30 08:46:18 +0000 2017,"@MOO Hey there, will you print ""mini-Stickers"" with 8 mm diameter?",2049807,MOO,Mon Oct 30 09:30:18 +0000 2017,"@606163 Sorry. We unfortunately only offer 3 Sticker formats at the moment, the smallest one measuring 22mm x 22mm.
https://t.co/3PN2BKGsXf",
2049810,606164,Sun Oct 29 21:23:49 +0000 2017,@MOO Love you guys. Thanks!,2049809,MOO,Sun Oct 29 21:32:12 +0000 2017,@606164 You are most welcome!,
2049812,606164,Sun Oct 29 21:16:18 +0000 2017,@MOO Do you guys have recommended CMYK values for a rich black?,2049811,MOO,Sun Oct 29 21:20:02 +0000 2017,@606164 The color formula that we suggest for a deep and rich black is a CMYK 30/30/30/100,2049810
2049817,606166,Fri Oct 27 16:34:09 +0000 2017,We love getting fun notes with our packages! Thanks @MOO! 😄 #PassMeOn https://t.co/IPa3jpl7ik,2049816,MOO,Fri Oct 27 20:32:07 +0000 2017,"@606166 We love that you can take a compliment! We mean it, sincerely :^)",
2049819,606167,Fri Oct 27 15:34:15 +0000 2017,@MOO Notice the Yorkshire Rudolfo... With the Cow and Calf in the background and a wagging tail #itsathing #FridayFeeling,2049818,MOO,Fri Oct 27 16:17:10 +0000 2017,"@606167 Oh no sorry to hear some corners were bent! Lovely cards, but can you DM us your order # and how many were damaged so we can take a look?",
2049823,348554,Fri Oct 27 13:36:22 +0000 2017,Hey @MOO your products and service are amazing but @348555 might just be the worst carrier service in the world. #timeforachange,2049822,MOO,Fri Oct 27 16:11:24 +0000 2017,@348554 @348555 Oh no! Did you have some troubles with your order? DM us and we would be happy to help.,
212415,166360,Wed Oct 04 19:13:20 +0000 2017,@118733 I went super simple with my design this year as I'm lucky to have the exact same username for every platform! Love my new cards from @MOO!! https://t.co/Vp7iLpsBFe,212413,MOO,Wed Oct 04 20:11:46 +0000 2017,@166360 @118733 That is a killer username! #goodcall,212414
212418,166361,Wed Oct 04 18:29:46 +0000 2017,Definitely my one of my most useful class assignments! Thank you @MOO! 🎉🎉 #NHsmc https://t.co/c8laSs1Si0,212417,MOO,Wed Oct 04 18:38:30 +0000 2017,@166361 Wonderful! We'd give you an A+ ;^),
212422,166362,Wed Oct 04 10:17:03 +0000 2017,Just received my new @MOO miniCards! Love them!! https://t.co/Bfdtsg3N1f,212420,MOO,Wed Oct 04 13:33:19 +0000 2017,@166362 Beautiful! High fives all round.,212421
212426,166363,Wed Oct 04 08:34:58 +0000 2017,Nothing smells like new print! Thank you @MOO ! #BusinessCards #CompSlips https://t.co/3GD2RpcPW5,212425,MOO,Wed Oct 04 10:25:16 +0000 2017,@166363 New cards are so exciting aren't they? So glad you love them!,
212428,166364,Wed Oct 04 08:31:38 +0000 2017,We loved our #takeawaybox #stickers from @moo... almost as much as the fried chicken inside! 🍗… https://t.co/JHJUN74Weo,212427,MOO,Wed Oct 04 10:21:44 +0000 2017,@166364 Nice one! Those look great.,
212430,166365,Wed Oct 04 02:41:34 +0000 2017,"Shoutout 2 @MOO! they sent me reprinted cards bc mine were like 2 px off template. Rly went above &amp; beyond, I wouldnt even have noticed. 😍",212429,MOO,Wed Oct 04 08:56:59 +0000 2017,@166365 It was our pleasure @166365,
212433,166366,Wed Oct 04 07:25:10 +0000 2017,"New thank you #stickers from @MOO looking great! You get one with any order from my shops. 

https://t.co/8cGc9ty7vc https://t.co/w82D93khZy",212432,MOO,Wed Oct 04 08:15:19 +0000 2017,"@166366 Fan to the tastic, looking good!",
212435,166367,Tue Oct 03 19:29:34 +0000 2017,Really like the notebook direction but wish it was all unlined for my sketches @moo #sketchbook #sketching https://t.co/kiRebW0FsT,212434,MOO,Tue Oct 03 20:41:57 +0000 2017,"@166367 We are working on more Notebook options, Albert. Watch this space for updates :)",
212437,166368,Tue Oct 03 20:22:26 +0000 2017,@MOO And then?,212436,MOO,Tue Oct 03 20:22:59 +0000 2017,@166368 We'll take care of the rest :),
212439,166368,Tue Oct 03 15:33:38 +0000 2017,"Got my cards from @MOO today.
Bit underwhelmed at the quality 😐 https://t.co/8MD85boAwH",212438,MOO,Tue Oct 03 20:22:07 +0000 2017,"@166368 Download a template to resize the file here: https://t.co/kNCkm3Wifq
Ensure the text is 1-2mm within the safe area to avoid any issues.",212437
212439,166368,Tue Oct 03 15:33:38 +0000 2017,"Got my cards from @MOO today.
Bit underwhelmed at the quality 😐 https://t.co/8MD85boAwH",212440,MOO,Tue Oct 03 20:19:41 +0000 2017,@166368 Yikes! We've reviewed the order &amp; some of the text falls outside the safe area.We're happy to issue a free reprint with an amended file.,212443
212442,166368,Tue Oct 03 20:23:04 +0000 2017,@MOO Okay lovely... thank you,212444,MOO,Tue Oct 03 20:24:37 +0000 2017,@166368 You are most welcome!,
212443,166368,Tue Oct 03 20:21:45 +0000 2017,@MOO Yeah if possible....what do I need to do,212441,MOO,Tue Oct 03 20:22:43 +0000 2017,@166368 Email us the new files when you're ready - __email__ and in the subject line please put attn Kelly,212442
212446,166369,Tue Oct 03 11:37:46 +0000 2017,New business cards have arrived! Look how cute they are!😋 @MOO https://t.co/EYCMLWlg6i,212445,MOO,Tue Oct 03 11:49:33 +0000 2017,@166369 They are out of this world! We love the little rocket.,
212448,166370,Tue Oct 03 09:37:59 +0000 2017,@MOO has the best customer service team ever 🙋🏼,212447,MOO,Tue Oct 03 11:46:26 +0000 2017,@166370 You're making us blush @166370,
212450,166371,Mon Oct 02 22:26:42 +0000 2017,@166372 @MOO Thanks will see if they do UK or not and price. My mum is the best at getting people talking about my books so wants cards with details,212449,MOO,Mon Oct 02 23:14:09 +0000 2017,@166371 @166372 We are based out of UK!  https://t.co/HT7VBlsTdN,
212455,166373,Mon Oct 02 21:30:47 +0000 2017,Props to @MOO for helping correct a shipping mixup straightaway and painlessly.,212454,MOO,Mon Oct 02 23:11:52 +0000 2017,@166373 That was Ben at MOO to the rescue!,
212457,166374,Mon Oct 02 20:38:04 +0000 2017,@MOO AWESOMOO! thanks,212456,MOO,Mon Oct 02 21:10:50 +0000 2017,@166374 You are most welcome!,
212459,166374,Mon Oct 02 19:13:34 +0000 2017,@MOO do you have a sample pack i can send to show my clients?  If so how do i get it? Thanks.,212458,MOO,Mon Oct 02 19:28:14 +0000 2017,"@166374 We do!
A Business Cards only sample pack - https://t.co/P8yzkLvjfg &amp;
A Large Sample Pack of our other products - https://t.co/2V2eltKGhS",212457
212461,166375,Mon Oct 02 20:13:46 +0000 2017,@MOO LOVE my news cards but I aligned one off-centre &lt;/3 so sad. But love the rest!!,212460,MOO,Mon Oct 02 20:19:25 +0000 2017,@166375 We're sorry to hear that. Can you DM us with your order number so we can see how we can fix this? Thanks!,
212463,166376,Mon Oct 02 19:37:28 +0000 2017,@MOO are you considering bringing larger formats to the Tailored Collection?,212462,MOO,Mon Oct 02 19:47:28 +0000 2017,@166376 Yes! We hope to expand the Tailored line in the future. Watch this space for updates :),
212465,166377,Mon Oct 02 19:42:04 +0000 2017,No more Monday blahs thanks to a sweet treat from our friends @MOO and @11291 #marketingwin https://t.co/7WKiBiSSKa,212464,MOO,Mon Oct 02 19:45:56 +0000 2017,"@166377 @11291 Cake and legos?? Yes, please!!",
212467,166378,Mon Oct 02 12:58:01 +0000 2017,@MOO what's the possibility to see the Journal with a dot grid matrix for Bullet Journaling in the future?,212466,MOO,Mon Oct 02 18:08:09 +0000 2017,"@166378 Thank you for the feedback, Valentin! We are working on offering more page options. Watch this space for updates:)",
212469,166379,Mon Oct 02 15:01:51 +0000 2017,"@MOO Thought your team were fab when my delivery was lost in the post! Excellent service, very happy, great company #CustomerServiceWeek",212468,MOO,Mon Oct 02 15:19:17 +0000 2017,"@166379 Thanks, we're very glad to hear that Claire. https://t.co/YPryRx8KqQ",
212471,166380,Mon Oct 02 11:01:05 +0000 2017,I worked in CS for these guys years ago. Best day job I ever had. They legit care about their customers and staff. Big love to their CS team https://t.co/xtVpD7y8dk,212470,MOO,Mon Oct 02 11:26:42 +0000 2017,"@166380 Oh Bec, we think you're great! Thanks for the love, come back for tea and cake anytime! https://t.co/aNIqidEJyR",
212473,166381,Mon Oct 02 09:36:36 +0000 2017,@166382 @MOO Thank you! Love a stock up 😄,212472,MOO,Mon Oct 02 10:17:33 +0000 2017,@166381 @166382 Super cute! Thanks for sharing.,
212477,166383,Sun Oct 01 21:47:12 +0000 2017,"New @moo cards, and of course we made our own holder. @ 3D Brooklyn https://t.co/kxPByuross",212476,MOO,Sun Oct 01 21:50:25 +0000 2017,@166383 Totally dope!,
212479,166384,Sat Sep 30 15:51:23 +0000 2017,Sweet. My @MOO shipment came. This should be enough for @166385 . https://t.co/DRuNS6PE7W,212478,MOO,Sun Oct 01 17:48:08 +0000 2017,"@166384 @166385 YASSSSSSS, QUEEN!! #cousinJessie #yourartrocksourworld",
212481,166386,Sat Sep 30 10:19:13 +0000 2017,@MOO Thank you moo! They've perfect!! 😃 https://t.co/4K5KyCcYzw,212480,MOO,Sat Sep 30 14:39:21 +0000 2017,@166386 How gorgeous!,
212483,166387,Sat Sep 30 09:47:59 +0000 2017,"applied my free shipping discount at @MOO and it says ""promotion conditions not met"" - my order is over £20.00 😢",212482,MOO,Sat Sep 30 14:31:43 +0000 2017,@166387 Oh that's not good! Can you DM us the code you're trying to use?,
212485,166388,Fri Sep 29 20:23:37 +0000 2017,My new @moo cards are here!! They are so tiny and fun!! https://t.co/lVteRRttzC,212484,MOO,Fri Sep 29 20:41:22 +0000 2017,@166388 We love tiny fun ;),
212487,159688,Fri Sep 29 20:00:39 +0000 2017,When you run out of all your @MOO #bussinesscards during @11292! @11293 https://t.co/jxFyo7rdOa,212486,MOO,Fri Sep 29 20:36:34 +0000 2017,@159688 @11292 @11293 We think that is a good thing! But guess you should have ordered more :x,
212489,166389,Fri Sep 29 16:31:12 +0000 2017,Getting rather irritated with @MOO whose unsubscribe button brings up a 404.,212488,MOO,Fri Sep 29 20:21:54 +0000 2017,"@166389 We're sorry about that, Abrey! Please DM us your email address and we will unsubscribe you manually.",
212491,166390,Fri Sep 29 15:30:27 +0000 2017,nm u @MOO? https://t.co/YLRnp8yGRJ,212490,MOO,Fri Sep 29 20:17:50 +0000 2017,"@166390 Dude, we are so glad it's Friday!! #SaturdayMorning #Pancakesammmiright #smallbovinesneedrestandsyruptoo",
212493,166391,Fri Sep 29 12:16:03 +0000 2017,"""Why yes, I have just bought some new @11294 stickers from @moo !"" #stickerbomb https://t.co/N0Oq8izg5d https://t.co/KYkdqgIdb2",212492,MOO,Fri Sep 29 13:28:27 +0000 2017,@166391 @11294 They look great :) thanks for sharing!,
212495,166392,Fri Sep 29 11:09:15 +0000 2017,Doorbell makes me jump....jellybeans everywhere...but it's my new mini cards from @moo !! 😁😁 https://t.co/f2I6IiDpYM,212494,MOO,Fri Sep 29 11:55:38 +0000 2017,@166392 You had us at Jellybeans everywhere 😂,
212497,166393,Fri Sep 29 08:29:33 +0000 2017,I love my colourful business cards from @moo 🌈 I’ve set up a new Instagram account just for my freelance design an… https://t.co/jokjRGUNCr https://t.co/olmhr1fJyY,212496,MOO,Fri Sep 29 11:53:47 +0000 2017,"@166393 😍  So colourful, they look amazing!",
212499,166394,Fri Sep 29 09:00:03 +0000 2017,@MOO Yeah can relate,212498,MOO,Fri Sep 29 10:27:54 +0000 2017,@166394 Soon 🤗 - have a good Friday!,
212501,166395,Fri Sep 29 08:35:25 +0000 2017,@MOO Haha pretty much!,212503,MOO,Fri Sep 29 08:57:28 +0000 2017,@166395 Y A S 😎,
212502,604967,Fri Sep 29 19:59:28 +0000 2017,@MOO Nooo lol we r workin all weekend @ moo 4 the sale But its my pleasure 2 b working 4 such an amazing company that is so good 2 its employees,2045605,MOO,Fri Sep 29 20:42:15 +0000 2017,@604967 We 💗 you &amp; the rest of the insanely dedicated warehouse crew! You make MOO possible. #MOOswarehouscreweisthebest #warehousepeepstotherescue,
212505,166396,Fri Sep 29 06:19:13 +0000 2017,"Help me, @moo! I realized I used the wrong resolution image for my bus card and just submitted the order a min ago... anything I can do?",212504,MOO,Fri Sep 29 08:09:19 +0000 2017,@166396 DM with your order number so we can put the order on hold and switch the files for you.,
212507,166397,Thu Sep 28 23:10:00 +0000 2017,"Some photos of my @MOO collab for their new cotton cards made from recycled tees! I have a background in music &amp; fashion so made these look like record covers. The texture &amp; colours are awesome &amp; really bright, they're highly recommended, check them out! 👌 #moocards #moopartner https://t.co/5h6s0OtDw6",212506,MOO,Fri Sep 29 05:20:04 +0000 2017,"@166397 Well done, those look great!",
212509,166398,Thu Sep 28 22:25:39 +0000 2017,I ordered more postcards and goodies from @MOO During the weekend and they arrived TODAY (4 days early)!! So excited!!!! 😍😍😍 #lancerdoodles,212508,MOO,Thu Sep 28 23:21:25 +0000 2017,@166398 Yay! Cool Doodles :),
212511,166399,Thu Sep 28 22:56:59 +0000 2017,"My business cards were damaged in shipping,  just got off the phone with @MOO. Best customer service I have ever had. 12/10 will buy again!",212510,MOO,Thu Sep 28 23:07:49 +0000 2017,@166399 Happy to hear our rockstar Kayleigh helped you out!,
2155171,223555,Wed Nov 08 21:41:18 +0000 2017,"@MOO hey sent you a dm, having a problem with your site!",2155170,MOO,Wed Nov 08 21:56:15 +0000 2017,@223555 Sadly our site is not entirely mobile/tablet compatible. Access the site using a laptop or desktop &amp; you shouldn't have any issues :),
2155174,633183,Wed Nov 08 19:48:47 +0000 2017,@633184 @MOO Sharktastic!,2155172,MOO,Wed Nov 08 20:01:54 +0000 2017,"@633183 @633184 They are pretty fintastic, but he's going to need a bigger business card holder!",2155173
2155175,633184,Wed Nov 08 19:07:38 +0000 2017,"Hey @moo,

Just got my business cards, and they look awesome (or in this case, JAWSOME)! https://t.co/Vg0giqkq6v",2155176,MOO,Wed Nov 08 19:16:22 +0000 2017,"@633184 Jawsome, indeed!",
2155179,633185,Wed Nov 08 16:05:27 +0000 2017,"@MOO Its a good think you're awesome. You get a pass, but Home Depot is not so lucky.",2155178,MOO,Wed Nov 08 16:15:13 +0000 2017,@633185 *blushing* 😉,
2155181,633185,Wed Nov 08 04:15:41 +0000 2017,"@MOO Received a holiday newsletter today, November 7 three weeks early, though to be fair its holiday not xmas specific. https://t.co/0ZwqGtmGw1",2155180,MOO,Wed Nov 08 10:08:35 +0000 2017,@633185 Better early than never..........?,2155179
2155181,633185,Wed Nov 08 04:15:41 +0000 2017,"@MOO Received a holiday newsletter today, November 7 three weeks early, though to be fair its holiday not xmas specific. https://t.co/0ZwqGtmGw1",2155182,MOO,Wed Nov 08 10:23:48 +0000 2017,@633185 Some of our customers like to plan early to make sure cards &amp; invitations are ready to send for the holiday season #planningahead,
2155186,633186,Wed Nov 08 14:36:19 +0000 2017,Thanks @MOO for amazing printing as always 💚❤️💚❤️ https://t.co/jQXWlBmXbF,2155184,MOO,Wed Nov 08 15:07:28 +0000 2017,@633186 These are great!,2155185
2155188,633187,Wed Nov 08 14:52:52 +0000 2017,@MOO uploading my design for the spot glass business cards sucks. I've never been more frustrated with creating business cards in my life!,2155187,MOO,Wed Nov 08 15:06:23 +0000 2017,"@633187 We're so sorry to hear that, Thomas!

Feel free to send us a DM or contact our Customer Service Team, we will be more than happy to assist.",
2155190,633188,Wed Nov 08 11:28:58 +0000 2017,"@MOO Glad to read the response, accidents happen 😊 Still a satisfied customer 😃",2155189,MOO,Wed Nov 08 11:40:32 +0000 2017,"@633188 Yay, so good to hear that and glad we could sort that out :)",
2155192,633188,Wed Nov 08 07:50:33 +0000 2017,"@MOO Love the service, but something went wrong with my last order 😱 (#0547720823). It seems that the content is not centred on that batch (maybe wrong cut). Is it possible to check what went wrong? https://t.co/jYvcINXKp7",2155191,MOO,Wed Nov 08 09:59:13 +0000 2017,@633188 So sorry to hear that. We are sending you a private message about this.,2155190
2155194,633189,Wed Nov 08 11:06:20 +0000 2017,"remember when i first heard of @MOO back in 2007, been ordering from them since then &amp; still get excited when i get an e-mail from the print robot to say my stuffs been dispatched 😄😄",2155193,MOO,Wed Nov 08 11:25:05 +0000 2017,@633189 Amazing that we can make you happy with such a small thing :),
2155196,508755,Wed Nov 08 00:10:01 +0000 2017,"Sorry, @MOO, but nope. I don't buy it. #Boston is a tech city. And it's normal for women to be in #DataScience #womeninSTEM https://t.co/IrKoV3Wzj3",2155195,MOO,Wed Nov 08 09:42:58 +0000 2017,@508755 Thank you for alerting us to this. We really value it when our community tells us we've got it wrong. We won't use this line again.,
2165217,635538,Thu Oct 19 01:31:23 +0000 2017,"How awesome are my new business cards from @moo ?! 
.
.
.
#moobusinesscards… https://t.co/oMTJuurV5u",2165216,MOO,Thu Oct 19 10:42:24 +0000 2017,"@635538 Look at those beauts! Gorgeous work, Christi :))
Thank you so much for sharing!",
2165219,635539,Wed Oct 18 23:46:51 +0000 2017,@MOO received my cards for my crafts. Absolutely love them. https://t.co/THeeHs1kH9,2165218,MOO,Thu Oct 19 11:00:01 +0000 2017,"@635539 New cards are so exciting, aren't they? So glad you love them!
Thanks for sharing, Ashley :)",
2165221,438996,Wed Oct 18 23:45:40 +0000 2017,@635540 @MOO MOO! Help a streamer out. I'm desperate.,2165220,MOO,Thu Oct 19 10:59:04 +0000 2017,"@438996 @635540 Hi Kate!
Feel free to send us a DM and we will see what we can do here :)

Have a great day!

Cedric
-MOO Team",
2165247,635544,Thu Oct 19 19:28:01 +0000 2017,@MOO Your service is as good as your products.,2165249,MOO,Thu Oct 19 20:23:54 +0000 2017,"@635544 You made your day! Thank you, Jody :)",
2165248,635544,Thu Oct 19 01:11:05 +0000 2017,Want to hear what exceptional service sounds like? Check out this podcast where I call with @MOO with a problem.  https://t.co/iFHaa6dmfM,2165246,MOO,Thu Oct 19 09:25:26 +0000 2017,@635544 Thanks SO much for your amazing feedback and the effort you put into showcasing this! We're so glad Todd could help out :),2165247
2167464,636029,Thu Nov 09 10:40:59 +0000 2017,"Con un leggero ritardo, finalmente sono giunti a destinazione i miei #bigliettidavisita che ho realizzato con @MOO !!! Che ne pensate? https://t.co/y7G0jNIAHh",2167463,MOO,Thu Nov 09 10:50:25 +0000 2017,@636029 These are PERFECT! We are big fans!,
2178142,14503,Thu Nov 09 16:15:58 +0000 2017,"Waiting for me when I got back, some @MOO cards I ordered. With lovely illustration from @86291. Making a place for you to find all my CSS stuff. https://t.co/nWqllPfuTw",2178141,MOO,Thu Nov 09 16:23:07 +0000 2017,@14503 @86291 Cheers! We raise a glass to you for a job well done!,
2178145,638408,Thu Nov 09 14:14:47 +0000 2017,Thanks @MOO for my business cards that arrived today! Great service and amazing quality :-D https://t.co/ebO80V4uko,2178143,MOO,Thu Nov 09 16:14:20 +0000 2017,@638408 We're so glad you like them!,2178144
2178147,638409,Thu Nov 09 12:53:52 +0000 2017,"@638409 we like to keep supporting the environment &amp; recycle even with the smaller things.
Our business cards are made from recycled cotton tee shirts ☺ @moo 
Thank you for providing such a great service.

#businesscarddesign #ephemera #cottonpaper #britishmade #recycle#art https://t.co/aXEDFNo12Q",2178146,MOO,Thu Nov 09 16:13:26 +0000 2017,@638409 Those look lovely! Thanks for sharing.,
2199322,643261,Thu Nov 09 17:53:38 +0000 2017,@643262 @MOO Word up! Just ordered a few! Can't wait to be in a boring meeting with this!,2199321,MOO,Thu Nov 09 19:52:56 +0000 2017,"@643261 @643262 Yesssss, show it off!",
2199327,643263,Thu Nov 09 17:20:03 +0000 2017,How do you stay organize? The ICD team recently been loving this new notebook- from notes to doodles. @MOO https://t.co/Yox5BWelZC,2199326,MOO,Thu Nov 09 19:51:06 +0000 2017,@643263 Looks cozy over there!,
2199329,300764,Thu Nov 09 15:07:14 +0000 2017,@moo Any chance you’ll be offering custom notebook printing in the future?,2199328,MOO,Thu Nov 09 19:47:14 +0000 2017,@300764 We are always looking into options for the future! Keep an eye on our newsletter :) https://t.co/d1u7qHqomw,
2199331,643264,Thu Nov 09 14:47:44 +0000 2017,@643265 @643262 @MOO Yes! I’m also on the dot grid train. Any chance of this one being dotted in the future? I love the design of it 😍,2199330,MOO,Thu Nov 09 19:44:28 +0000 2017,@643264 @643265 @643262 We are always looking into new ideas in the future for our products :),
2199335,643266,Thu Nov 09 14:19:09 +0000 2017,@MOO Can I brand your notebooks with my company name/logo?,2199333,MOO,Thu Nov 09 19:40:46 +0000 2017,@643266 Could you DM us with this request so we can ask a few more details?,2199334
2206768,645205,Thu Nov 09 22:26:37 +0000 2017,"OMG, it's FriYAY 😀✨ @moo https://t.co/joqXRjbu6z https://t.co/Y5cXtfeokx",2206767,MOO,Fri Nov 10 00:24:20 +0000 2017,"@645205 Yes, FriYAY, we know all about FriYAY ;)",
2206771,645206,Thu Nov 09 22:06:14 +0000 2017,@645207 @MOO Thank you I got stickers too. Trying to not be a child and just stick them on everything! https://t.co/Z50Gm7ngQ9,2206769,MOO,Fri Nov 10 00:23:01 +0000 2017,@645206 @645207 Please stick them on everything!,2206770
2206776,276065,Thu Nov 09 21:17:55 +0000 2017,"you seem really fun.

i’d like to sculpt your face in mashed potato. 

@MOO’s samples do not disappoint. https://t.co/RMUkLrtVFK",2206774,MOO,Fri Nov 10 00:00:33 +0000 2017,"@276065 We hope you got the ""you have nice hair"" card too! Rockin' that look :)",2206775
2208301,645583,Thu Nov 09 23:50:00 +0000 2017,"Hi @MOO, are there any coupon codes available at the moment? I’m at checkout! Cheers!",2208300,MOO,Fri Nov 10 00:51:34 +0000 2017,@645583 Can you DM us with your email so we can look into this for you?,
2216278,404794,Thu Oct 19 14:42:04 +0000 2017,@MOO @481381 C'est bon je l'ai récupérée. La Poste laisse au gardien au moins en général. :-/,2216280,MOO,Fri Oct 20 08:47:32 +0000 2017,@404794 @481381 Bonne nouvelle!,
2216279,404794,Tue Oct 17 16:37:02 +0000 2017,@481381 @MOO Enfin a priori je peux pas vous dm.,2216277,MOO,Thu Oct 19 13:17:35 +0000 2017,@404794 @481381 Etes vous en mesure de nous DM? Avec le numéro de commande nous serons en mesure de vous aider.,2216278
2226593,649956,Fri Dec 01 10:00:53 +0000 2017,@MOO 🙌🏽,2226592,MOO,Fri Dec 01 10:27:10 +0000 2017,@649956 👋 https://t.co/OPFJ2FzUru,
2230367,650866,Fri Nov 10 15:03:39 +0000 2017,When @MOO saves the day #televisualfactualfestival #friday https://t.co/uqHuTbFSLf,2230366,MOO,Fri Nov 10 15:14:13 +0000 2017,@650866 Beautiful! High fives all around :),
2230369,10103,Fri Nov 10 12:20:40 +0000 2017,The ribotRainbow! New #businesscards thanks to @moo 😊#rainbow #ourteamrocks https://t.co/nqMMUqYzKt https://t.co/gVtJDEoGFu,2230368,MOO,Fri Nov 10 14:56:59 +0000 2017,"@10103 This is the prettiest rainbow we've ever seen! We LOVE them, thanks for sharing :)",
2230372,650867,Fri Nov 10 13:03:46 +0000 2017,Ping Pong Fight Club wants you! Got a team of ping pong champions @MOO to compete on Nov 23rd @87628 for the ultimate bragging  rights? https://t.co/tkboZSTBLW #Tsingtaouk #PPFCLDN https://t.co/kuHBujDMMj,2230370,MOO,Fri Nov 10 14:54:34 +0000 2017,@650867 @87628 Hell yeah! Can't wait :),2230371
2230374,650868,Fri Nov 10 14:13:46 +0000 2017,My divinatory cards have arrived. Love how the print renders my art. #passmeon @moo https://t.co/qF24ZkwtAS,2230373,MOO,Fri Nov 10 14:52:18 +0000 2017,@650868 Those are beautiful! Thanks so much for sharing :),
2230377,650869,Fri Nov 10 09:19:55 +0000 2017,"Loving it while @MOO does their best &lt;3
https://t.co/FWmoOdWjU0 https://t.co/kwiGQYyu5U",2230375,MOO,Fri Nov 10 14:29:22 +0000 2017,@650869 Really nice!,2230376
2230379,650870,Fri Nov 10 13:13:23 +0000 2017,@MOO just got my order and I am extremely disappointed. Been ordering from you for 8+ ys but quality this time is appalling.,2230378,MOO,Fri Nov 10 14:11:08 +0000 2017,@650870 Oh no! We don't want that. Please DM us your order number with a description of what went wrong and we'll look into the issue.,
2230381,650871,Fri Nov 10 11:29:30 +0000 2017,Monogram no more. sad times as I really liked the concept and simplicity. https://t.co/Ql0kjwoYgb @MOO,2230380,MOO,Fri Nov 10 14:07:53 +0000 2017,@650871 We are sad too. Sorry for any inconvenience caused!,
2270593,660672,Thu Oct 19 14:04:09 +0000 2017,@Moo are the BEST! Thank you Sigrun from support ♥️ #BestCompanyEver #ILoveMoo,2270592,MOO,Thu Oct 19 16:37:45 +0000 2017,"@660672 Awe, Sigrun is truly a rockstar. We love you too!",
2309572,551832,Thu Oct 19 17:28:49 +0000 2017,Paid for early morning delivery for the business cards just been notified that it hasn't arrived yet. @moo,2309571,MOO,Thu Oct 19 20:30:59 +0000 2017,"@551832 Hello, sorry to hear of this, can you DM us your order # or contact our customer service team to look into it for you?",
2309589,669870,Thu Oct 19 20:12:32 +0000 2017,@669871 That's a @MOO question.,2309588,MOO,Thu Oct 19 20:36:21 +0000 2017,@669870 @669871 Can you DM us with your question and we would be happy to help!,
2309593,669872,Thu Oct 19 20:11:30 +0000 2017,Wonder if @MOO ever offers discounts to new twitter followers? hmm. Expedited shipping is pricey,2309592,MOO,Thu Oct 19 20:34:55 +0000 2017,"@669872 Hey Mark, can you DM us so we can look into this for you?",
2309595,669873,Thu Oct 19 15:42:52 +0000 2017,@MOO Do Moo make pin badges 😮,2309594,MOO,Thu Oct 19 19:20:19 +0000 2017,"@669873 We didn't make the pins, but the cards are all us :)",
2327274,673982,Fri Oct 20 06:31:20 +0000 2017,"@MOO That was more like a joke, given my name is Mo 😃",2327276,MOO,Fri Oct 20 09:15:53 +0000 2017,"@673982 Ahh ok our bad, we missed out on a good joke...damn! If you DM us we may be able to offer you something special Mo ;)",
2327275,673982,Thu Oct 19 21:51:48 +0000 2017,I always wondered if I get free business cards from @MOO 🤔,2327273,MOO,Thu Oct 19 23:21:45 +0000 2017,"@673982 Hello, we do not have free business cards but you can order our free samples!:
https://t.co/P8yzkLvjfg",2327274
2327282,673984,Thu Oct 19 21:29:34 +0000 2017,Major upgrade! Thanks to @moo for these wonderful new business cards~! https://t.co/G7uiFGBR4C https://t.co/VW2HafuEgp,2327281,MOO,Thu Oct 19 23:20:33 +0000 2017,@673984 Nice marble texture to the card!,
2342331,13943,Mon Nov 13 11:43:02 +0000 2017,@MOO I've my Matte Laminate Rounded Business Cards on the cart waiting for the newsletter! :-),2342329,MOO,Mon Nov 13 11:45:00 +0000 2017,"@13943 Ok great :) If the newsletter doesn't come through soon, feel free to DM us and we can help further!",2342330
2342334,13943,Sun Nov 12 19:16:31 +0000 2017,@MOO Deleted that email! Argh!,2342332,MOO,Sun Nov 12 19:52:36 +0000 2017,"@13943 No stress, Ricardo. We typically have a sale right around this time :)","2342331,2342333"
2342336,13943,Sun Nov 12 19:06:40 +0000 2017,@MOO Any discount code available!,2342335,MOO,Sun Nov 12 19:11:05 +0000 2017,"@13943 No codes at the moment, sadly. Subscribe to our MOOsLETTER to be emailed about all sales and specials -  https://t.co/qqbgE7bGws",2342334
2342339,677507,Mon Nov 13 09:50:10 +0000 2017,Pretty post this morning! Thank you @moo https://t.co/PKaGrmsc2U,2342337,MOO,Mon Nov 13 11:22:36 +0000 2017,"@677507 They are super pretty, well done :)",2342338
2342344,677508,Mon Nov 13 07:43:37 +0000 2017,.@MOO has offered me the perfect customer service experience! I‘m well impressed &amp; now an eternal customer! Good job! https://t.co/X0ulCpGmaC,2342342,MOO,Mon Nov 13 11:01:38 +0000 2017,@677508 That's what we love to hear on a Monday morning :) So glad we were able to help!,2342343
2342346,677509,Sun Nov 12 21:30:21 +0000 2017,"Just got my first set of business cards &amp; I’d totally feel like a grown up if I hadn’t also gotten stickers, too. 😏@MOO @50376 https://t.co/CA1nR1sy5u",2342345,MOO,Sun Nov 12 21:41:44 +0000 2017,@677509 @50376 Stickers are for grown ups too!,
2342349,677510,Fri Nov 10 16:12:25 +0000 2017,"Dear @MOO: Don't offer/honor a promo on the pricing page, and then rescind it on the checkout page. Terrible customer experience. https://t.co/ROdGUDFPmR",2342348,MOO,Sun Nov 12 16:33:03 +0000 2017,"@677510 Hello Rob, 

We're sorry to hear that you are having trouble with your promo code. Can you DM us the code you are using? We'd be happy to look into this for you. 

-Kelly*
The MOO Crew",
2372861,684571,Mon Nov 13 21:21:11 +0000 2017,@MOO Don’t bother …. too slow,2372860,MOO,Mon Nov 13 21:57:05 +0000 2017,"@684571 We are sorry to hear that you are having trouble with the site, Luigi. Give us a call for assistance - https://t.co/GIl40KYw3x.",
2372864,684572,Mon Nov 13 21:35:38 +0000 2017,@MOO  About to make another order with you and realized I left all my coupons at home. Any codes you can give me?,2372863,MOO,Mon Nov 13 21:52:34 +0000 2017,"@684572 No codes ATM, sadly. Subscribe to always be in the loop about sales and specials - https://t.co/qqbgE7bGws",
2372866,684573,Mon Nov 13 18:10:54 +0000 2017,"It’s nice to be home but I gotta admit I miss the spontaneous rounds of applause. Sure, they were from the session room next door &amp; not for me, but still. Today I got my @MOO cards re-order &amp; their packaging does fill the validation void nicely. ❤️ https://t.co/VSMjjJn6Oq",2372865,MOO,Mon Nov 13 18:39:37 +0000 2017,@684573 Glad we could help :),
2391803,688846,Tue Nov 14 07:26:34 +0000 2017,"Business cards a necessity? I think so- I made these using @moo-love mini cards! 
#businesscards #smallbusiness #businesswoman #businesspassion #smallbiz #smallbusiness #smallbusinessowners #businessowner #entrepreneur #va #virtualassistant #socialmedia #socialmediahelp https://t.co/NuEZ4Qlync",2391802,MOO,Tue Nov 14 09:27:03 +0000 2017,"@688846 Fan to the tastic, looking good!",
2400018,690588,Fri Oct 20 08:50:30 +0000 2017,Our snazzy new business cards have arrived. You’ll never forget our faces now! Thanks @MOO  #businesscards #fridayfeeling https://t.co/OfYqLjB9kT,2400017,MOO,Fri Oct 20 09:18:47 +0000 2017,"@690588 Fan to the tastic, looking good ;)",
2400020,371930,Fri Oct 20 04:12:24 +0000 2017,my @MOO eco-cotton business cards are in &amp; I love them! (@ Kervin - @59551) https://t.co/0M6mHgrq6x https://t.co/3Bag8k8Iz4,2400019,MOO,Fri Oct 20 09:13:15 +0000 2017,@371930 @59551 New cards are so exciting aren't they? So glad you love them!,
2425801,696587,Tue Nov 14 14:26:32 +0000 2017,@343806 I always go to @MOO for business cards as the quality is great - not sure if they do postcards too? x,2425800,MOO,Tue Nov 14 14:54:10 +0000 2017,"@696587 @343806 Heck yes, we do! Check them out here: https://t.co/DzAXG2nCFH",
2425805,696588,Tue Nov 14 11:16:50 +0000 2017,Got business cards. Must be official. Nice work @moo 👍 #businesscards #inbusiness #suit… https://t.co/SeyTmWwBVW,2425804,MOO,Tue Nov 14 11:20:10 +0000 2017,@696588 They look lovely! Thank you so much for sharing.,
242614,173629,Thu Sep 28 15:29:28 +0000 2017,@MOO @173628 Mind sharing the same with me? Couldn't find any article on it. And your support is in a meeting. My client is waiting. Thanks.,242616,MOO,Thu Sep 28 16:46:00 +0000 2017,@173629 Of course! We have sent you an email with instructions as well. Best of luck.,
242615,173628,Mon Jan 30 16:50:40 +0000 2017,"@MOO, Is there any way to ""share"" a cart? E.g., if I upload files for a client, can I send to their MOO account to approve, purchase, etc?",242613,MOO,Mon Jan 30 21:52:51 +0000 2017,@173628 There is a way to share a project. It take a few steps and we have emailed you the instructions.,242614
242824,173677,Thu Sep 28 15:07:26 +0000 2017,"@MOO Thanks @MOO, I'll be tweaking and ordering again in the near future. Excellent product and service once again.",242826,MOO,Thu Sep 28 16:41:36 +0000 2017,@173677 Thank You! The pleasure is ours :^),
242825,173677,Thu Sep 28 13:34:46 +0000 2017,A little carried away? my new @MOO business cards #moo #goldleaf #bling #cdv https://t.co/yiXaC8ajdQ https://t.co/VdkV1w7pUZ,242823,MOO,Thu Sep 28 14:48:14 +0000 2017,"@173677 Oh, those are down-right snazzy! Great job.",242824
244495,174077,Thu Oct 05 17:01:57 +0000 2017,"@MOO Unfortunately, the SlimCase Business Card Holder's quality does not hold up to the rest. It was delivered this way. Order: 0845651084 https://t.co/rRW9JoYKer",244497,MOO,Thu Oct 05 18:58:11 +0000 2017,@174077 Yikes! A new one is on the way :),244498
244496,174077,Thu Oct 05 11:54:29 +0000 2017,@MOO You packaging is incredible! And the new business cards look amazing. Thanks for your great work!,244494,MOO,Thu Oct 05 14:45:31 +0000 2017,@174077 Aww shucks....,244495
2457097,117691,Wed Nov 15 02:09:45 +0000 2017,"@MOO @81 In my case, by the time something *was wrong* (wrong = 😞UX) I was so far into the online order I assumed searching elsewhere would take more time. 

Thanks for listening Kelly, have a great day!",2457096,MOO,Wed Nov 15 02:16:16 +0000 2017,"@117691 @81 We hear you, Sophia :)",
2457100,117691,Fri Nov 10 16:32:39 +0000 2017,"@MOO @81 The work I had to go through with @MOO to get exact pricing + shipping = bad UX, the work I'm STILL doing with @81? Scary. Postcards convert to letter size or else I'm unable to get a quote? #SMH",2457098,MOO,Sun Nov 12 16:15:47 +0000 2017,"@117691 @81 Hello Sophia, 

You can get an accurate quote (including complete turnaround) in seconds using our Cost Calculator:
https://t.co/u8ckvIChAd

Please feel free to contact us again if you have any further questions.

-Kelly*
The MOO Crew","2457097,2457099"
2457103,703804,Tue Nov 14 20:09:03 +0000 2017,New cards just arrived from @MOO and they are 🔥🔥🔥 https://t.co/fr6nwHYO1t,2457102,MOO,Tue Nov 14 20:24:02 +0000 2017,@703804 That pink color seam is 🔥🔥🔥!,
2465321,705509,Sat Oct 28 18:27:20 +0000 2017,"My 5-year-old, on the @MOO samples: “Feel it! It feels polka-dotted!” It has the raised gold foil.",2465320,MOO,Sun Oct 29 15:11:33 +0000 2017,@705509 What she said!,
2465323,705510,Sat Oct 28 16:25:00 +0000 2017,LOVE my new business cards from @moo.  Legit.  I almost feel like a professional now. 🤘🏽😈🖤 @ San… https://t.co/JL76vadPnZ,2465322,MOO,Sun Oct 29 15:06:28 +0000 2017,"@705510 These are so freaking rad, Len!",
2465326,705511,Sat Oct 28 05:06:40 +0000 2017,"@MOO It's an email address I use for lists etc, which is pretty public so ... no biggie in sharing it.",2465325,MOO,Sun Oct 29 14:38:42 +0000 2017,@705511 The best revenge is your paper! #boss,
2478783,708419,Wed Nov 15 14:06:22 +0000 2017,"New @moo cards came in just in time for the 2nd weekend of EAST!
Come on out and say hey!… https://t.co/9I04kWP3gl",2478782,MOO,Wed Nov 15 14:12:42 +0000 2017,@708419 Wow they are so pretty and colourful!,
2482178,709198,Thu Nov 30 15:35:33 +0000 2017,@MOO I’m in the uk. I can’t find them on site,2482177,MOO,Thu Nov 30 15:43:04 +0000 2017,@709198 They are not yet available in the UK. We are so sorry for the misinformation.,
2482180,709198,Thu Nov 30 15:20:47 +0000 2017,@MOO hey do you sell envelopes that fit business cards?,2482179,MOO,Thu Nov 30 15:25:52 +0000 2017,"@709198 Yes, we do! Check them out here: 
https://t.co/2Mch6xz67v",2482178
2483257,709462,Thu Nov 30 12:05:06 +0000 2017,New smeezer business cards. Gold foil @moo https://t.co/KJFTWYjXd8,2483256,MOO,Thu Nov 30 14:13:04 +0000 2017,"@709462 Put on a cape, friend, because those are super!",
2492425,711554,Thu Nov 30 12:00:26 +0000 2017,"@MOO hey guys, just to know... can I buy from Brazil? Is that possible? I really want to make my business cards with you, tks",2492424,MOO,Thu Nov 30 14:11:09 +0000 2017,"@711554 We deliver to the whole world, including Brazil :) Check out https://t.co/u8ckvIChAd for prices and turnaround times!",
2492911,711663,Thu Nov 30 11:50:51 +0000 2017,.@4982 Just used Moo! What satisfaction. #Efficiency #Design #Innovation @MOO,2492910,MOO,Thu Nov 30 14:08:35 +0000 2017,@711663 @4982 That's great! Don't forget to post a picture of the items once you've received them ;),
2492933,711672,Thu Nov 30 12:19:56 +0000 2017,"Kudos to @MOO for being so friendly and customer-oriented. Really, there are just a few companies with such strong relationship building approach. And my new Moo Notebook is just a piece of awesomeness.",2492932,MOO,Thu Nov 30 14:03:09 +0000 2017,@711672 Thanks for the lovely feedback! We are glad we could help and that you are happy with the Notebook :),
2520363,124247,Wed Nov 15 20:55:26 +0000 2017,"@MOO Thought it was. But we’re intrigued, what do the hieroglyphics mean...?",2520362,MOO,Wed Nov 15 21:45:20 +0000 2017,@124247 The card says that you ordered Original Paper (OG) with a Matte Laminate finish (MT) and Rounded Corners (RN). We hope that helps :),
2520365,124247,Wed Nov 15 20:11:37 +0000 2017,"@MOO Hey. What does this mean, we’re stumped. https://t.co/RhoopQPCUX",2520364,MOO,Wed Nov 15 20:25:24 +0000 2017,"@124247 Sorry for the confusion! What you have in your hands is called a ""Top Card"". The hieroglyphs are a coded language which details the specs of your order. The Card also features your order reference number, which makes it handy to hold onto.",2520363
2520367,717894,Wed Nov 15 17:43:59 +0000 2017,@MOO is your website down at the moment?,2520366,MOO,Wed Nov 15 18:04:26 +0000 2017,"@717894 No site issues ATM. It may be a browser issue. You can try a different browser or reset the MOO related C&amp;C with this link - https://t.co/yDIza3g4oZ
If you still have an issue with the site, give us a call - https://t.co/GIl40KYw3x",
2520369,717895,Wed Nov 15 17:47:14 +0000 2017,@MOO Is your website down ? Can't place an order,2520368,MOO,Wed Nov 15 18:04:09 +0000 2017,"@717895 No site issues ATM. It may be a browser issue. You can try a different browser or reset the MOO related C&amp;C with this link - https://t.co/yDIza3g4oZ
If you still have an issue with the site, give us a call - https://t.co/GIl40KYw3x",
2520371,147415,Wed Nov 15 15:13:56 +0000 2017,@95646 @MOO Thank youuu!!,2520370,MOO,Wed Nov 15 16:23:34 +0000 2017,@147415 @95646 Glad you like them!,
2539529,722200,Thu Nov 16 08:49:21 +0000 2017,Love our new business cards by @MOO👌 #balletfriends https://t.co/FvHTW8Jssw,2539528,MOO,Thu Nov 16 10:24:43 +0000 2017,@722200 New cards are so exciting aren't they? So glad you love them!,
2539531,722201,Thu Nov 16 08:21:07 +0000 2017,@MOO It’s a Moo day a Moo dawn and I’m feeling good ❤️ I love you Moo always have always will 👌🏼https://t.co/yfz6UcutlV @722202 https://t.co/i9xDIgI0eH,2539530,MOO,Thu Nov 16 10:05:51 +0000 2017,@722201 @722202 Somebody's serving up a large portion of beautiful with a side of amazing!,
2539533,623709,Thu Nov 16 08:13:59 +0000 2017,"@MOO hi there, I called up your customer service a few days ago and someone confirmed for me that if I ordered greetings cards by midnight Wednesday I would receive them Friday. I have now been told this is not the case. I urgently need these cards, how can you rectify this?",2539532,MOO,Thu Nov 16 09:29:36 +0000 2017,@623709 Oh no! So sorry to hear that! We are contacting you via direct message to resolve this.,
2566894,728149,Thu Nov 16 19:32:29 +0000 2017,"@MOO Yes, checked that this morning at 10.30 when the cards were supposed to arrive. :(",2566896,MOO,Thu Nov 16 20:07:25 +0000 2017,@728149 Yikes! We've refunded the shipping charges and apologize for the delayed delivery. The cards should be delivered tomorrow. Let us know if there are any further issues.,2566897
2566895,728149,Thu Nov 16 18:53:26 +0000 2017,Ordered fast track delivery from @MOO 20 quid to be precise. No delivery. #fail #avoid #tch,2566893,MOO,Thu Nov 16 19:13:28 +0000 2017,"@728149 Hi, Ian! Your order is right on schedule and is expected to be delivered today. You can check the tracking here: https://t.co/j4627WILwb",2566894
2566897,728149,Thu Nov 16 20:32:45 +0000 2017,"@MOO Thank you. Although cards ordered for an event tomorrow that I’m leaving early for, so I won’t have them. Not great really.",2566898,MOO,Thu Nov 16 21:03:52 +0000 2017,"@728149 We called UPS to get more info &amp; sadly the UK office is closed. It is possible the cards will be delivered tomorrow in time for your event, but we aren't sure. We've refunded the entire order &amp; sincerely apologize for the inconvenience.",2566899
2566899,728149,Thu Nov 16 22:36:12 +0000 2017,"@MOO Ok, thanks. Appreciated. Reckon you might want to get in touch with Fedex? :)",2566900,MOO,Fri Nov 17 00:04:28 +0000 2017,"@728149 You are most welcome, Ian.",
2566902,728150,Thu Nov 16 15:41:33 +0000 2017,@MOO my biz cards got snatched out of my mailbox! Anyway to recoup my cost &amp; get new cards? 🙏🏾 they’re such a hit!!,2566901,MOO,Thu Nov 16 16:19:47 +0000 2017,@728150 How frustrating! Please send over your order reference number and we'll have a look for you.,
2566904,220504,Thu Nov 16 09:23:22 +0000 2017,"Hey, @MOO! I'm planning to use you guys to print backing cards for these pins. What do you think of the design? ^.^ https://t.co/SM3Z9BN7dF",2566903,MOO,Thu Nov 16 10:30:07 +0000 2017,"@220504 Hi there, we love it! You have our full support on this :)",
257065,177148,Thu Oct 05 16:39:39 +0000 2017,When you get new Unapologetically Strong biz cards from @MOO you start getting busy. #waitforit #ustrong https://t.co/wWqqcvkP62,257064,MOO,Thu Oct 05 18:56:06 +0000 2017,@177148 You ARE delightful! We call it like we see it :),
2599538,735912,Thu Nov 16 19:43:19 +0000 2017,@MOO Are you having a black friday sale?,2599537,MOO,Thu Nov 16 19:58:10 +0000 2017,@735912 We have had them in the past - wink wink ;),
260278,177936,Thu Oct 05 19:45:25 +0000 2017,@MOO Hey 👋🏾 I ordered some stickers last week and they were due to arrive today but there’s been no sign of them ☹️,260277,MOO,Thu Oct 05 20:16:08 +0000 2017,@177936 We've refunded the shipping charges in full and we apologize for the delay!,
260278,177936,Thu Oct 05 19:45:25 +0000 2017,@MOO Hey 👋🏾 I ordered some stickers last week and they were due to arrive today but there’s been no sign of them ☹️,260280,MOO,Thu Oct 05 20:15:45 +0000 2017,"@177936 If the order doesn't arrive by 10/10, please let us know and we will reprocess the order free of charge.",260282
260278,177936,Thu Oct 05 19:45:25 +0000 2017,@MOO Hey 👋🏾 I ordered some stickers last week and they were due to arrive today but there’s been no sign of them ☹️,260279,MOO,Thu Oct 05 20:15:08 +0000 2017,"@177936 Your order was due to arrive on 10/3. Typically, we allow 5 working days after that date before we consider shipments lost.",
260282,177936,Thu Oct 05 20:18:06 +0000 2017,@MOO Alright! Will keep you updated. Thank you 🙌🏾,260281,MOO,Thu Oct 05 20:21:34 +0000 2017,@177936 You are most welcome!,
260285,177937,Thu Oct 05 20:03:41 +0000 2017,i’m so pleased with my @moo business cards. https://t.co/qH8L8MxyQv,260283,MOO,Thu Oct 05 20:06:38 +0000 2017,"@177937 Yass, Queen!",260284
2625932,741738,Mon Oct 30 19:08:57 +0000 2017,Why thanks @MOO! Yay for awesome packaging. #bctech #yvrjobs #womenintech #techvan #companyculture #organizationculture https://t.co/D4taQtedpJ,2625931,MOO,Mon Oct 30 21:17:21 +0000 2017,@741738 You're welcome. The packaging is only as nice as the rad design printed on the Cards inside. Very nice!,
2627563,153824,Fri Nov 17 14:28:17 +0000 2017,@MOO @468120 PS. £3+ postage for non next day (for mini cards?!) doesn't cut it any more folks.,2627562,MOO,Fri Nov 17 15:40:23 +0000 2017,@153824 @468120 Let us know if you have any questions. You can talk to us directly here: https://t.co/GIl40KYw3x,
2627563,153824,Fri Nov 17 14:28:17 +0000 2017,@MOO @468120 PS. £3+ postage for non next day (for mini cards?!) doesn't cut it any more folks.,2627564,MOO,Fri Nov 17 15:39:44 +0000 2017,"@153824 @468120 In the checkout process, you'll see a calendar icon on the left side, the date listed on the calendar is when the order is expected to arrive. Use this date as a guide to select the best shipping method for your needs, in the future.",
2627563,153824,Fri Nov 17 14:28:17 +0000 2017,@MOO @468120 PS. £3+ postage for non next day (for mini cards?!) doesn't cut it any more folks.,2627565,MOO,Fri Nov 17 15:38:00 +0000 2017,@153824 @468120 Hello Matt - The cards are right on schedule and are expected to arrive on 11/21 as estimated. The standard shipping method was selected so the cards were sent via Royal Mail. This method can take a bit longer.,
2627568,153824,Fri Nov 17 08:50:46 +0000 2017,@468120 @MOO I've just an email from another print company that my SECOND print order is going to arrive today before Moo have got the first set to me. Poor show.,2627567,MOO,Fri Nov 17 14:12:22 +0000 2017,"@153824 @468120 Hi Matt,

Sorry to hear about the long shipping time. It should not take that long for the order to arrive. Could you DM us your order number so that we can look further into this issue?

-The MOO Crew",2627566
2627574,742138,Fri Nov 17 12:50:31 +0000 2017,"The greatest copy? 
Surprises you where you least expect it. 
Thx @MOO, made my day.

And as any translator I'm asking myself: How on earth would I translate this into German.  #needstranscreation https://t.co/JW3ftgq51v",2627572,MOO,Fri Nov 17 15:11:33 +0000 2017,"@742138 Meine Güte, du bist wunderschön! (Wir reden mit deinen Visitenkarten aber okay, du bist es auch)...
What do you think, Barbara?",2627573
2627576,742139,Fri Nov 17 10:42:30 +0000 2017,Just received these lovely square flyers from @moo today - I just love their quality and… https://t.co/vNZzEML8ZH,2627575,MOO,Fri Nov 17 14:30:07 +0000 2017,"@742139 They look fab, super pleased you're happy with them!",
2627578,742140,Fri Nov 17 12:11:12 +0000 2017,@MOO Thanks for the quick delivery and superb quality! https://t.co/lzuN0yuC4l,2627577,MOO,Fri Nov 17 14:16:23 +0000 2017,"@742140 They look fab, super pleased you're happy with them!",
2627580,742141,Fri Nov 17 11:42:05 +0000 2017,"OMG!!! I can't cope with how much I 😍 this card! Exclusive to @moo.market, I predict a stampede from the folks of 'Cowtown' so get in quick or send me a message to reserve! #moomarket #stoneybatter #dublin7 #shoplocal #buyirish #supportsmallbusiness #supportirishmakers https://t.co/uK2bhsKA56",2627579,MOO,Fri Nov 17 14:15:59 +0000 2017,@742141 Beautiful! High fives all round.,
2627585,742142,Fri Nov 17 17:09:18 +0000 2017,@MOO If you would like some help with your UX - I'm available for $150 an hour.,2627587,MOO,Fri Nov 17 20:17:39 +0000 2017,"@742142 Hey Sean, Can you DM us with the email of your MOO Account to check this out for you?",
2627585,742142,Fri Nov 17 17:09:18 +0000 2017,@MOO If you would like some help with your UX - I'm available for $150 an hour.,2627588,MOO,Fri Nov 17 20:06:19 +0000 2017,@742142 We are so sorry for the trouble and the Tech Team is looking into it. We suggest downloading the PDF proof and emailing it as an attachment in the interim. We will let you know if we need any UX help ;),
2627586,742142,Fri Nov 17 04:28:44 +0000 2017,@MOO this is a constant issue. Not to mention words that don't make any sense. https://t.co/lK9IBzLp5a,2627583,MOO,Fri Nov 17 14:10:11 +0000 2017,@742142 Sorry about that. Have you tried using a different browser or resetting the session with this link: https://t.co/yDIza3g4oZ?,"2627584,2627585"
263692,178856,Fri Nov 24 20:25:42 +0000 2017,.@MOO so excited to receive my cards on 11/28! Any way they could be rushed to be there on 11/27? Thank you. #justwondering #moocards,263690,MOO,Fri Nov 24 21:29:09 +0000 2017,"@178856 We're so happy you're excited about these Cards. Unfortunately, the earliest these Cards can arrive would be November 28th. Sorry about that!",263691
263694,178857,Fri Nov 24 15:08:35 +0000 2017,"@178858 @MOO Yesss, and the presentation as well!",263693,MOO,Fri Nov 24 21:13:42 +0000 2017,@178857 @178858 So glad you enjoy the samples. Happy sampling!,
2665640,751022,Fri Nov 17 20:59:35 +0000 2017,"Thought I’d share my new business cards from @moo reccomended by Cat from @102867 

I love… https://t.co/tyScgQSCAP",2665637,MOO,Fri Nov 17 21:06:07 +0000 2017,@751022 @102867 Looking fierce in fuchsia!,"2665638,2665639"
2665642,751024,Fri Nov 17 15:59:00 +0000 2017,Today's poem: I do / Love @MOO.,2665641,MOO,Fri Nov 17 20:19:31 +0000 2017,"@751024 How much do we love Bon?
https://t.co/nAHshuBIET",
2679703,555272,Tue Oct 31 11:05:32 +0000 2017,@MOO What is more impressive? The green hand or the card? 👻,2679701,MOO,Tue Oct 31 13:27:36 +0000 2017,@555272 That lavender manicure tho....,2679702
2712114,543613,Sat Nov 18 00:31:59 +0000 2017,Shout out to @MOO for hooking me up with a reprint when the product got damaged during delivery! Great customer service!,2712113,MOO,Sun Nov 19 23:59:23 +0000 2017,@543613 It looks like the lovely Kayla spoke to you on the phone. We'll make sure she gets an extra scoop of ice cream!,
2712116,166384,Sun Nov 19 01:43:54 +0000 2017,"Oh @moo, you can do no wrong. #businesscards #spotgloss #YAS #❤️ https://t.co/gbPXxfqPdt",2712115,MOO,Sun Nov 19 23:37:45 +0000 2017,@166384 Ooh! Those are some mighty fine cards!,
2725827,764442,Mon Nov 20 11:04:30 +0000 2017,@MOO Are you going to be having a Black Friday sale?,2725826,MOO,Mon Nov 20 11:19:19 +0000 2017,"@764442 Hi Nazira, we cannot confirm this. Having said that, please keep your eyes peeled and sign up to our newsletter to be notified of any sales and promotions ;)",
2725829,764443,Mon Nov 20 09:55:47 +0000 2017,Look what arrived today! New business cards! Thanks to my good friend @104926 for the design and for helping me out! #hero. prints by @moo 👍🏼 #businesscards #design #softwaredeveloper #javascript #creative https://t.co/yy6dGXnOjh https://t.co/LuSbU5sjcm,2725828,MOO,Mon Nov 20 11:09:16 +0000 2017,@764443 Those look awesome!,
2725831,764444,Mon Nov 20 07:31:48 +0000 2017,"@MOO Hey, I can't generate the refer URL, any ideas why?",2725830,MOO,Mon Nov 20 09:35:04 +0000 2017,@764444 Sorry to hear that! Can you DM us more details?,
2725833,130645,Sat Nov 18 20:06:36 +0000 2017,@MOO Looking for a simple business card design that would allow me to upload my square logo on the front. Do you have a template for that?,2725832,MOO,Mon Nov 20 06:12:41 +0000 2017,"@130645 Of course! If you click on Start making/Use our templates on the product page, you can use one of our lovely MOO designs. To see designs where you can upload your own logo, simply use the filter on the left panel: https://t.co/oA9tzeuvQo",
2747916,769432,Mon Nov 20 18:40:03 +0000 2017,So excited new @moo business cards came in. 😍 love them. #itsthelittlethings https://t.co/UlaTpbiwvA,2747915,MOO,Mon Nov 20 19:53:18 +0000 2017,@769432 Bright like sunshine!,
2747918,334938,Mon Nov 20 19:28:34 +0000 2017,@MOO Do you do this? https://t.co/lO89zkfMpO,2747917,MOO,Mon Nov 20 19:57:33 +0000 2017,"@334938 We don't have trifold business cards at the moment, but maybe in the future!",
2747920,769433,Mon Nov 20 15:06:46 +0000 2017,"@MOO Little heads up @MOO , these aren't offline ideas 😅",2747919,MOO,Mon Nov 20 15:54:59 +0000 2017,@769433 Eeep! Thanks for flagging to us. We'll get that fixed.,
2747923,769434,Mon Nov 20 15:29:44 +0000 2017,@MOO Whooops. forget to attach the #businesscard. Tick.  Bit tired. #sendcake https://t.co/pBGaemd910,2747922,MOO,Mon Nov 20 15:32:20 +0000 2017,@769434 That's what we like to see. Thank you so much for sharing!,
2747926,769435,Mon Nov 20 13:19:06 +0000 2017,Thank you @MOO for super efficient delivery of my @769435 #gift vouchers &amp; #BusinessCards!  Just in time for the #ChristmasFair season🎄 https://t.co/oDDAAarsuu,2747925,MOO,Mon Nov 20 13:46:50 +0000 2017,@769435 You're very welcome! Those look great :),
2747928,140367,Mon Nov 20 11:59:47 +0000 2017,Hi @MOO I haven't received my new member's offer after signing up for the newsletter! Can you help me out? Trying to order some postcards!,2747927,MOO,Mon Nov 20 13:46:11 +0000 2017,"@140367 Hi Emine, sorry to hear that! Please DM us with your email address and we will look into this further for you",
2762686,772878,Mon Nov 20 22:32:25 +0000 2017,"Scrolling through my latest @moo email, to find my #greetingscards feature in it! Super happy! 
#moocards #illustration #richmondpark https://t.co/0tc1vHlAtx",2762685,MOO,Tue Nov 21 00:17:14 +0000 2017,@772878 #MOOfamous !,
2763390,773033,Thu Nov 09 16:21:45 +0000 2017,"@MOO I love your notebooks, and if you let me print stuff on them, I'd sell a gabillion of them 🤞🏽📗📘📙❤️",2763389,MOO,Fri Nov 10 00:05:55 +0000 2017,@773033 We are looking into new ideas for the future!,
27788,122070,Wed Nov 01 08:41:39 +0000 2017,@122071 I use @MOO and love them,27787,MOO,Wed Nov 01 09:14:33 +0000 2017,@122070 We love you too!,
27789,122070,Wed Nov 01 09:47:24 +0000 2017,@122071 @MOO  https://t.co/MiXXaGEXbI,2049769,MOO,Wed Nov 01 13:10:46 +0000 2017,@122070 @122071 Your cards look awesome! We love the skyline design :),2049770
2780488,776584,Tue Nov 21 16:05:02 +0000 2017,Delivery day! Super pleased with my new stickers from @moo. As usual the quality and colour are… https://t.co/PuzYTOPsI4,2780487,MOO,Tue Nov 21 16:09:09 +0000 2017,@776584 Beautiful! High fives all round.,
2780490,322548,Tue Nov 21 10:49:17 +0000 2017,🙋‍♀️ wonderful people of @MOO Is it possible to print logos and such onto the softcover notebooks?,2780489,MOO,Tue Nov 21 16:06:49 +0000 2017,@322548 Possibly! Could you drop us an email at __email__ &amp; let us know what quantities you had in mind? We'll forward to the appropriate team!,
2804187,782167,Tue Nov 21 21:52:29 +0000 2017,@782168 @107610 I know this awesome company that make them. I hear their platform Ops team is pretty awesome too. @MOO,2804184,MOO,Tue Nov 21 21:57:17 +0000 2017,@782167 @782168 @107610 This really fly chap named Chris works on that team! He's dreamy 😍😍😍,"2804185,2804186"
2804191,269539,Tue Nov 21 18:10:18 +0000 2017,Are you as excited as we are for tomorrow @MOO ? See you at @306977,2804190,MOO,Tue Nov 21 19:48:43 +0000 2017,@269539 @306977 YES!!,
2804193,782169,Tue Nov 21 19:18:45 +0000 2017,@MOO Original designs with photoshop filter,2804192,MOO,Tue Nov 21 19:47:12 +0000 2017,"@782169 We have no idea what is happening here, but these are just gorgeous.",
2834768,789083,Mon Nov 27 11:49:37 +0000 2017,Yay for @moo My cards arrived today and once again I'm so pleased with them!!! #moobusinesscards… https://t.co/ecHNHPcSrp,2834767,MOO,Mon Nov 27 14:24:15 +0000 2017,@789083 Yay for Jessica and her new fab cards! We hope you enjoy using them as well as that yummy looking tea/coffe ;),
2834770,565748,Mon Nov 27 14:15:18 +0000 2017,@MOO thank you moo for a very well packaged delivery https://t.co/60PYmUPMOX,2834769,MOO,Mon Nov 27 14:18:19 +0000 2017,"@565748 Yay, you're very welcome :)",
2834772,789084,Mon Nov 27 11:35:04 +0000 2017,"@MOO All sorted via email, thanks!",2834771,MOO,Mon Nov 27 11:42:33 +0000 2017,"@789084 Ah, great stuff! Glad it was sorted for you.",
2834774,789084,Sun Nov 26 11:37:34 +0000 2017,"@MOO Something wrong with your site, guys? Can't log in - request new password not working either.",2834773,MOO,Mon Nov 27 11:29:20 +0000 2017,@789084 Sorry to hear that! Could you DM us the full name and email address associated with your MOO account? We'll be happy to check what the issue is.,2834772
2834776,789085,Mon Nov 27 09:52:14 +0000 2017,"@MOO hi - sent you a couple of DMs - can you take a look, thanks!",2834775,MOO,Mon Nov 27 11:34:06 +0000 2017,@789085 Sure thing :) We've sent you over a reply!,
2834778,794475,Mon Nov 27 19:40:56 +0000 2017,"@MOO Hey there! Are your servers overwhelmed by Cyber Monday? My uploads are very slow, might it be a problem on my end? Cheers",2858824,MOO,Mon Nov 27 21:06:26 +0000 2017,"@794475 Oh no! We may be a little delayed due to increased traffic. Sorry about that. We recommend waiting a moment and checking again. If things are still slow, please contact our lovely CS team: https://t.co/kxILCtweIU",2858823
2834780,789086,Sun Nov 26 09:01:52 +0000 2017,"@MOO @789087 I ordered some business cards for SMR they haven't arrived 2 days after estimated delivery date, now I have none to give out",2834779,MOO,Mon Nov 27 11:24:48 +0000 2017,@789086 @789087 Oh no! Could you please DM your order number? We'll check this for you straight away.,
2834783,789088,Mon Nov 27 09:13:11 +0000 2017,Early morning treat! Acting business cards are in and looking all professional. Thanks @MOO for doing a fantastic job on these #actor #BusinessCards #moo https://t.co/BofHFPOdhM,2834782,MOO,Mon Nov 27 10:51:26 +0000 2017,@789088 They are the ticket to success!,
2834786,789089,Mon Nov 27 08:08:43 +0000 2017,"Yeah finally some new business cards for my new Swedish business. Thank you @moo great you shipped them do quickly to Sweden. Happy Monday. 😊
#illustration #printpattern #illustratorsoninstagram #businesscards #moo #stationaryaddict https://t.co/u9hvGlDW7Q",2834784,MOO,Mon Nov 27 10:50:15 +0000 2017,@789089 So cute. We love them and are so glad you got them so fast.,2834785
2834789,789090,Mon Nov 27 04:43:00 +0000 2017,"Hey @MOO, just wondering about the times quotes in your emails, which time zone are you referring to? I’m assuming it’s GMT... thanks!",2834787,MOO,Mon Nov 27 09:23:52 +0000 2017,"@789090 The timezone will be set to wherever you are based. That said, if you are worried about missing our Cyber sale, don't fret! The discount is now live on the website for a further 3 days :)",2834788
2834791,789086,Sat Nov 25 14:13:01 +0000 2017,"@MOO hey I ordered some business card for delivery at Liverpool at Doddle. Friday estimated delivery, but still not there today. I need them for tommorow, can you help?",2834790,MOO,Mon Nov 27 09:22:14 +0000 2017,@789086 So sorry to hear that. Please pop over your order reference number and we'll take a look for you.,
2834793,789091,Mon Nov 27 02:25:39 +0000 2017,@789092 @MOO For real! Im afraid to make a purchase. What if tomorrow it’s 40% off? Or what if it drops down to only 20% off 😩,2834792,MOO,Mon Nov 27 09:16:19 +0000 2017,@789091 @789092 Don't fret! The sale is now live on our website at 30% for another 3 days.,
2834794,789092,Mon Nov 27 00:45:03 +0000 2017,@MOO Your cyber Monday sale ends Sunday at 11:59? 🙄🤨 https://t.co/dVwU6c0hDg,2834795,MOO,Mon Nov 27 09:10:44 +0000 2017,"@789092 Ahhh, the early access ended on Sunday :) The sale is now live on the website so plenty of time left to enjoy the Cyber Monday discount.",
2834797,395690,Mon Nov 27 03:53:44 +0000 2017,@MOO cyber sale you *just* announced ~ over in an hour?,2834796,MOO,Mon Nov 27 09:15:03 +0000 2017,@395690 Eeep so sorry about that. The sale is now live on the website and running for 3 days so plenty of time for Cyber Sale discounts.,
2834799,789093,Mon Nov 27 02:26:33 +0000 2017,@789094 @MOO Link please! I did not get their email.,2834798,MOO,Mon Nov 27 09:08:43 +0000 2017,"@789093 @789094 No worries, the sale is live on our site on all products (excluding gift cards and shipping) :) https://t.co/s7ehWMoAai",
2858815,130645,Mon Nov 27 21:50:42 +0000 2017,@MOO thank you! Will it automatically give me the Cyber Monday discount?,2858817,MOO,Tue Nov 28 01:55:40 +0000 2017,"@130645 The sale will be automatic! And you should totally put ""“Alien of Extraordinary Ability"" on your cards ;)",
2858816,130645,Mon Nov 27 19:57:02 +0000 2017,@MOO how do I re order a previous design but on a different type of business card?,2858814,MOO,Mon Nov 27 21:40:02 +0000 2017,"@130645 To reorder, follow this link and login if prompted: https://t.co/RN78Vb8DKH. From there, click the ""Edit &amp; Reorder"" button. This will take you through the design process and give you the chance to add/remove images or edit the text.",2858815
2858819,435643,Mon Nov 27 20:53:52 +0000 2017,@MOO is there a way that I can get one sample print for a postcard design?,2858818,MOO,Mon Nov 27 21:34:31 +0000 2017,"@435643 We do not offer physical proofs, but you do have the option to download a PDF preview before your order is submitted to print. It is the most accurate representation of how the Postcards will look when printed.",
2858821,546888,Mon Nov 27 20:58:30 +0000 2017,"@MOO possible to ""buy"" cards now to get that 30% off and print later? Designs are quite ready yet.",2858820,MOO,Mon Nov 27 21:30:30 +0000 2017,"@546888 We do not offer that option, sadly. That said if you have any issues placing the order during the sale, give us a call. We will always do our best to work with you. 
https://t.co/GIl40KYw3x",
2858823,794475,Mon Nov 27 21:07:05 +0000 2017,"@MOO Thank you for the reply! I waited and it worked, placed my order! Yay!",2858822,MOO,Mon Nov 27 21:08:33 +0000 2017,"@794475 Wonderful, thanks for your patience!",
2858827,794476,Wed Nov 29 09:00:49 +0000 2017,@MOO Order placed! Do you guys have any plans to enable full artwork uploads on greetings cards rather than your online builder?,2858829,MOO,Wed Nov 29 12:17:42 +0000 2017,"@794476 Hi Aaron, sorry nothing planned at the moment but I am happy to pass this request on to our product team and fingers crossed we will be able to offer a full upload option for our greeting cards soon.",2858830
2858828,794476,Mon Nov 27 15:54:08 +0000 2017,"@MOO Hey guys, when does your 30% run out? I’m up against it to finish my parents Christmas card design this year!",2858825,MOO,Mon Nov 27 18:35:17 +0000 2017,"@794476 Hey there! Our sale will run until November 29th at 11:59PM local time. If you need a hand with your order, just let us know!","2858826,2858827"
2858833,794477,Mon Nov 27 16:11:41 +0000 2017,Thankful for the love: My plus-size business cards from @MOO in wonderful company ❤️ #grangiveligjul https://t.co/lWDBRMyHR8,2858831,MOO,Mon Nov 27 17:49:07 +0000 2017,@794477 How lovely!,2858832
2858835,794478,Mon Nov 27 16:10:27 +0000 2017,"New cards from @moo looking just moo-velous 👌🏻 missing three artists, but thanks to superb… https://t.co/3s2FEmYYR9",2858834,MOO,Mon Nov 27 17:40:35 +0000 2017,@794478 They look AMAZING!,
2858837,794479,Sun Nov 26 19:12:13 +0000 2017,Vais je enfin recevoir mes cartes de visites demain ????? @moo #efluent6,2858836,MOO,Mon Nov 27 16:35:20 +0000 2017,"@794479 Si vous pouviez nous envoyer un message privé avec votre numéro de commande, nous nous ferions un plaisir d'y jeter un œil pour vous.",
2874380,797984,Mon Nov 27 23:10:50 +0000 2017,Ordered my first @MOO mini business cards today 🎉 #veryexctied #CyberMonday,2874379,MOO,Tue Nov 28 02:05:43 +0000 2017,@797984 There's a #firsttime for everything! Hope you &lt;3 them,
2874383,266096,Mon Nov 27 22:45:54 +0000 2017,Brand New cards via @moo  arrived Today.  A big thank you to @110113 for helping me with… https://t.co/tWTgMPhsbv,2874382,MOO,Tue Nov 28 02:03:28 +0000 2017,"@266096 @110113 Fancy signature, love it!",
2874385,797985,Tue Nov 28 01:51:35 +0000 2017,@130645 @MOO You may search through our business card templates here: https://t.co/ZZgoJWO4yz or start from scratch as you please and search for social media icons from our library too! :) ^eb,2874384,MOO,Tue Nov 28 01:58:08 +0000 2017,"@797985 @130645 We do not have any preset MOO Designs with the media icons, but you can always create a custom design outside of MOO and them upload as a full design to our site :)",
2884055,800052,Tue Nov 28 08:30:06 +0000 2017,"Our business cards are here. 
Thanks @110507 for the design and @MOO for superb quality and service. 
We love the real photo backs, what do you think? https://t.co/my3xjl0Txx",2884054,MOO,Tue Nov 28 09:18:56 +0000 2017,"@800052 @110507 They look fab, super pleased you're happy with them!",
2898173,802957,Tue Nov 28 15:29:29 +0000 2017,So happy with my new @moo #businesscards! #rebranding #businessowner #businesswoman #medart… https://t.co/VIdjvqWJn6,2898172,MOO,Tue Nov 28 15:36:43 +0000 2017,@802957 Wonderful! Thanks for sharing and good luck! :),
2898175,802958,Tue Nov 28 08:12:07 +0000 2017,@MOO Interested in your NFC business cards but worried about sustainability. Is there a way to recycle them?,2898174,MOO,Tue Nov 28 12:17:07 +0000 2017,"@802958 Hi Ryan, if you wish to recycle the cards just be sure to remove the chip and dispose of that in a non recyclable bin. The card itself is recyclable, just the chip inside cant be.",
2917060,516664,Tue Nov 28 21:24:22 +0000 2017,Thanks @MOO ...a whole 12 mins to design something and place my order....missed it :-( https://t.co/8fBechSog5,2917058,MOO,Tue Nov 28 21:32:31 +0000 2017,"@516664 Unfortunately, the promo code has expired... Fortunately, the sale is now sitewide until 11:59 pm tomorrow!",2917059
2917063,807413,Tue Nov 28 16:37:31 +0000 2017,Really pleased 👌with these postcards of This Building for Hope printed @moo that arrived today.… https://t.co/5ke0lOqzji,2917061,MOO,Tue Nov 28 20:22:41 +0000 2017,@807413 Beautiful! Thanks for sharing!,2917062
2917065,807414,Tue Nov 28 15:52:41 +0000 2017,Well done @MOO ❤️🧡💛💚💙💜 https://t.co/MesTPVp9WK,2917064,MOO,Tue Nov 28 20:21:21 +0000 2017,@807414 Wow! Thank you so much for sharing. We really love stuff like this and will be sure to let Melany know she did a great job! :),
2929456,810398,Wed Nov 29 00:25:04 +0000 2017,@MOO hey guys! When does you cyber sale end?,2929455,MOO,Wed Nov 29 00:38:35 +0000 2017,@810398 Hi there! Our sale will expire November 29th at 11:59pm local time.,
2929458,810399,Tue Nov 28 20:27:14 +0000 2017,New business cards from @moo Like a mini portfolio in my pocket. This time I selected a glossy… https://t.co/Q3NTztO3Lv,2929457,MOO,Wed Nov 29 00:28:03 +0000 2017,"@810399 Wonderful! Your cards look great, thanks for sharing!",
2939620,812474,Wed Nov 29 11:21:07 +0000 2017,@MOO Oh! Then it was probably due to the stickers I also had in the order. The next-day message didn't make that clear. Thanks! :D,2939619,MOO,Wed Nov 29 11:31:03 +0000 2017,@812474 That was the issue then :) We are glad we could help. Sorry for any confusion.,
2939622,812474,Wed Nov 29 10:32:43 +0000 2017,@MOO Is next day delivery not available right now? It's definitely before noon BST and I'm not seeing it D: Was hoping to get some cards for an event on Saturday.,2939621,MOO,Wed Nov 29 11:12:47 +0000 2017,"@812474 Sorry to hear that! Next-day delivery is available on the Original, Super and Luxe paper stocks, sadly not on any other Business Card type. If you are still having trouble please DM us with more information about the product you'd like.",2939620
2939624,812475,Wed Nov 29 09:35:35 +0000 2017,@MOO How many hours till the sale ends?,2939623,MOO,Wed Nov 29 11:29:35 +0000 2017,@812475 Our sale ends tonight at midnight :),
2939626,816684,Wed Nov 29 14:35:18 +0000 2017,@MOO What time in ET does the sale end? I'm got a huge order in my cart but I'm stuck in meetings for the next couple hours! 😫,2959068,MOO,Wed Nov 29 17:36:38 +0000 2017,"@816684 Hi there! The sale will end at 11:59pm, at your local time tonight. No worries!",
2939628,812476,Wed Nov 29 07:02:06 +0000 2017,Updated my business cards from @moo #businesscardsagainsthumanity #cardsagainsthumanity… https://t.co/1UXF8pD4M5,2939627,MOO,Wed Nov 29 11:26:59 +0000 2017,"@812476 Always lovely to see the results, thank you so much for sharing!",
2939630,187967,Wed Nov 29 21:04:43 +0000 2017,@MOO I figured my problem out so I didn't need chat anymore. Thanks though. Order's all finished.,2939632,MOO,Wed Nov 29 21:26:49 +0000 2017,"@187967 We are so glad to hear that, Clifton!",
2939631,187967,Wed Nov 29 07:12:56 +0000 2017,@moo Cookies are enabled in my browser. I'm logged in and saving projects and everything that requires cookies. Is this about third-party tracking cookies or something? https://t.co/ERESCU58ci,2939629,MOO,Wed Nov 29 11:08:33 +0000 2017,@187967 Sorry to hear that! Can you try using this handy link to reset? https://t.co/yDIza3g4oZ If it doesn't work please let us know.,2939630
2959067,480623,Wed Nov 29 18:02:22 +0000 2017,Why @MOO always has my business and referrals —&gt; https://t.co/PqYQB0cxv1,2959066,MOO,Wed Nov 29 19:02:43 +0000 2017,@480623 We firmly believe that one can never have too many hugs! Thank you for your business and for taking the time to reach out to us!,
2959070,816685,Wed Nov 29 15:53:29 +0000 2017,Our new leaflets have arrived. Thanks @MOO cards. #creativeworkshops #Edinburgh https://t.co/5yhaOpnWlC,2959069,MOO,Wed Nov 29 17:17:47 +0000 2017,@816685 Wonderful! Thanks for the shout-out!,
2959072,816686,Wed Nov 29 17:04:55 +0000 2017,My recycled t-shirt cotton @MOO word search business cards arrived early and the print quality is incredible as usual. Thanks for an amazing print job. I can't wait to hand these out. #MOOCards https://t.co/SaQm6fK9Ib,2959071,MOO,Wed Nov 29 17:09:36 +0000 2017,"@816686 Yay! We're so glad you love your cards, they look great. Thanks for sharing!",
2959074,816687,Wed Nov 29 12:32:55 +0000 2017,Hey @MOO - please stop putting ribbon and plastic seals around your otherwise recyclable boxes - it's not necessary and contributes to pollution! It's the only downside to ordering from your otherwise fab company. https://t.co/y6jEIdaer0,2959073,MOO,Wed Nov 29 16:21:49 +0000 2017,@816687 Thank you for the helpful feedback Amber! We're always looking into improving and minimising our packaging and really appreciate you sharing your thoughts on this with us.,
2959076,816688,Wed Nov 29 15:04:52 +0000 2017,New business card designs 💞 Thanks @MOO - super service once again! https://t.co/9DAKxd1qS8,2959075,MOO,Wed Nov 29 16:17:55 +0000 2017,@816688 New cards are so exciting aren't they? So glad you love them!,
2959080,816689,Wed Nov 29 12:49:10 +0000 2017,Look what's arrived in the post today! Took advantage of @moo's generous sale to make some gift… https://t.co/vsdSohm9cm,2959079,MOO,Wed Nov 29 15:08:25 +0000 2017,"@816689 They look super cute! Thank you so much for sharing, Jackie :)",
2973730,820135,Wed Nov 29 23:41:20 +0000 2017,@MOO I keep getting this when trying to buy my luxe business cards and sale is going to end at midnight 😫 please help! https://t.co/X44vALwR7a,2973729,MOO,Thu Nov 30 01:54:39 +0000 2017,"@820135 Hi there! So sorry for that. If possible, try using a laptop/desktop with Chrome or Firefox. If you still have trouble, get in touch with our Customer Service team here: https://t.co/GIl40KYw3x",
2973732,820136,Wed Nov 29 22:14:42 +0000 2017,I can't wait to get my new personal cards from @moo in the post!! I am lucky enough to have the… https://t.co/2BhWBGzont,2973731,MOO,Thu Nov 30 01:52:10 +0000 2017,@820136 Beautiful! We hope you love your cards! :),
2973734,820137,Wed Nov 29 17:56:03 +0000 2017,my faves over at @MOO have extended their cyber monday sale so i highly recommend y'all join me in ordering some new business cards for 2018 #NewYearSameMe,2973733,MOO,Wed Nov 29 20:44:50 +0000 2017,@820137 #newcardssameMOO ;),
2973736,820138,Wed Nov 29 15:16:14 +0000 2017,Don’t allow yourself to decide ahead of time what you’re going to be good at - Stephanie Shore @moo CMO #bostonbusinesswomen,2973735,MOO,Wed Nov 29 20:27:54 +0000 2017,"@820138 This is so true! You really never know until you give it a shot. We see you, Jolene, and you are slaying!",
2973738,820139,Wed Nov 29 15:37:57 +0000 2017,Thanks Stephanie of @MOO ! You’re an inspiration. #bostonbusinesswomen https://t.co/LlXGPOvLm6,2973737,MOO,Wed Nov 29 20:25:59 +0000 2017,@820139 Stephanie is a force of nature and is ALWAYS making MOO look good. #teamStephanieforlife,
2973740,820140,Wed Nov 29 15:40:28 +0000 2017,"Christmas cards have arrived (thanks @moo), and will be going out to customers soon! 🎅

The pic is of Loki, our much loved flat-coated retriever, who passed on recently. We'll be missing her this Christmas. https://t.co/x1WZ34f8KK",2973739,MOO,Wed Nov 29 20:24:22 +0000 2017,"@820140 @114094 We are so sorry to hear of Loki's passing, Owen! These cards are a beautiful way to memorialize such an important part of the family. Happy holidays!",
297832,186952,Fri Oct 06 16:54:15 +0000 2017,Finally ordered more business cards from @moo - who I love for their quality and compliments. ps… https://t.co/NqHltPndxS,297831,MOO,Fri Oct 06 18:51:33 +0000 2017,@186952 We try to be clever and witty ;),
297834,186953,Fri Oct 06 16:38:48 +0000 2017,"Couldn't choose.

#oneofeach #ladyboss #elvanellemusic 
@moo @ New York https://t.co/StHDaa1bIO",297833,MOO,Fri Oct 06 18:50:15 +0000 2017,"@186953 Seeing this array of cards is music to your ears, lovely!",
297836,186954,Fri Oct 06 16:00:28 +0000 2017,I'll be wearing this shirt I designed thru @14845 and handing out the matching business cards I made w @MOO https://t.co/wIpN8Am6QU https://t.co/II1doj8V5q,297835,MOO,Fri Oct 06 18:48:48 +0000 2017,@186954 @14845 That is a rad shirt and awesome cards!,
297839,186955,Fri Oct 06 15:50:46 +0000 2017,Gee thanks @MOO ! 😊 https://t.co/PnLhkdDcLx,297838,MOO,Fri Oct 06 18:48:21 +0000 2017,@186955 We have a way with compliments ;),
297842,186956,Fri Oct 06 14:55:49 +0000 2017,Stickers came! @MOO #thanks #sticker #moome https://t.co/HAcmd8bcCo,297840,MOO,Fri Oct 06 18:47:06 +0000 2017,@186956 Spiffy design!,297841
297845,186957,Fri Oct 06 14:51:18 +0000 2017,@MOO Loving the crown!,297843,MOO,Fri Oct 06 18:44:58 +0000 2017,@186957 Fancy ey?!,297844
297848,186958,Fri Oct 06 11:30:27 +0000 2017,Gold stars⭐️ and smiley faces😊 stickers for patients arrived from @moo today!… https://t.co/Vq9LokWFqm,297847,MOO,Fri Oct 06 18:43:08 +0000 2017,@186958 Yay! Gold Stars and Smiley's are the best :),
2978534,821464,Tue Oct 31 15:49:31 +0000 2017,#businesscards are in and looking #sleek #broadwaydolls @76605 @MOO https://t.co/R1ohDxvNLJ,2978533,MOO,Tue Oct 31 16:17:49 +0000 2017,@821464 @76605 Your work is amazing! #Hamilton,
300481,187642,Fri Oct 06 19:13:18 +0000 2017,I finished stamping the last of my 200 #businesscards with my logo this morning. @MOO.com does a terrific job of... https://t.co/HI8V6TpsBD,300479,MOO,Fri Oct 06 20:17:09 +0000 2017,"@187642 Thanks for the ""stamp"" of approval haha :^) What a creative way to embellish your Cards. Really nice!",300480
302569,188203,Fri Oct 06 19:55:16 +0000 2017,@MOO love that you guys are doing foil biz cards now! Any chance you'll have rose gold in the future??,302568,MOO,Fri Oct 06 20:59:00 +0000 2017,@188203 Possibly in the future as we are always looking into new ideas!,
355465,200465,Sun Oct 08 12:59:04 +0000 2017,@MOO Read the online reviews before ordering,355463,MOO,Sun Oct 08 13:41:33 +0000 2017,"@200465 Our apologies for the inconvenience, Siobhan.",355464
355465,200465,Sun Oct 08 12:59:04 +0000 2017,@MOO Read the online reviews before ordering,355466,MOO,Sun Oct 08 13:40:40 +0000 2017,"@200465 We upgraded the shipping to DHL Express but unfortunately, Stickers take a bit longer to print than our other products.",
355465,200465,Sun Oct 08 12:59:04 +0000 2017,@MOO Read the online reviews before ordering,355467,MOO,Sun Oct 08 13:40:05 +0000 2017,@200465 We've reprinted the order to ensure you have Stickers as soon as possible. A new set is in production and will arrive on 10/13.,
355470,200465,Sat Oct 07 11:39:59 +0000 2017,"@MOO hi, my order was dispatched 5 days ago and still isn't here",355471,MOO,Sun Oct 08 12:56:30 +0000 2017,@200465 We're sorry to hear that! The Stickers were due to arrive on 10/5 and typically we allow 5 business days before we consider it lost.,
355470,200465,Sat Oct 07 11:39:59 +0000 2017,"@MOO hi, my order was dispatched 5 days ago and still isn't here",355468,MOO,Sun Oct 08 12:57:05 +0000 2017,"@200465 If your order fails to arrive by 10/12, please let us know and we will get you a new set  ASAP.","355465,355469"
355473,200466,Sat Oct 07 23:43:19 +0000 2017,@MOO can you do spot UV and metallic on the same print?,355472,MOO,Sun Oct 08 13:32:35 +0000 2017,"@200466 You cannot, we're afraid. We offer only one element per card at this time. You can check it out here: https://t.co/rT1UQhcF5J",
355475,200467,Sun Oct 08 00:16:32 +0000 2017,"@MOO @129164 I'm too having this issue, any help?",355474,MOO,Sun Oct 08 12:44:55 +0000 2017,"@200467 @129164 We'd be happy to assist, Daniel! Can you please provide us with the email address that you use to sign into MOO?",
355477,129164,Tue Apr 04 12:18:31 +0000 2017,"@MOO I can see it's this page: https://t.co/SwYqf5C37Q, but that automatically redirects to https://t.co/r2eJYME5qz",355476,MOO,Tue Apr 04 13:11:33 +0000 2017,@129164 Could you please DM us so we can send you further instructions on how to get the referral link.,355475
355479,129164,Tue Apr 04 08:44:00 +0000 2017,@MOO Where do I find my Refer a Friend code? It just links me to the products page?? https://t.co/r2eJYME5qz,355478,MOO,Tue Apr 04 09:20:35 +0000 2017,@129164 Your unique referral code can be found in your account overview by clicking the 'Refer more friends' button.,355477
359733,201202,Sun Oct 08 14:13:18 +0000 2017,"@MOO Sure thing, __email__ I did a reset and everything:/",359732,MOO,Sun Oct 08 15:39:38 +0000 2017,@201202 Thanks for getting back to us! Your unique referral link is: https://t.co/6zoVsA5rJZ,
359735,201202,Sat Oct 07 19:12:14 +0000 2017,@MOO I need to refer a friend through my account but the link isn’t working :/,359734,MOO,Sun Oct 08 13:59:19 +0000 2017,@201202 We're sorry to hear that and we can help! Can you please provide us with the email address that you use to sign into MOO?,359733
359737,201203,Sun Oct 08 15:24:47 +0000 2017,"Beautiful contact cards from @MOO are still on the loose! Appearances in Baltimore, DC, and Raleigh so far :) https://t.co/zIPCEgQN4h",359736,MOO,Sun Oct 08 15:32:37 +0000 2017,@201203 Amazing!,
381612,206497,Mon Oct 09 08:47:26 +0000 2017,@MOO Are velvet touch and recycled textile included?,381614,MOO,Mon Oct 09 10:45:02 +0000 2017,@206497 Sorry our Cotton paper stock has a longer turn around time but our Super cards with the soft touch finish can be delivered within 2 days :),381615
381613,206497,Mon Oct 09 08:20:42 +0000 2017,@MOO Awesome! So if I order tonight there may be hope!,381611,MOO,Mon Oct 09 08:46:42 +0000 2017,"@206497 Yes yes :D If you order our Luxe, Super or Orginal cards you will be fine.",381612
381615,206497,Mon Oct 09 11:47:23 +0000 2017,@MOO Oh that's awesome! I might get those in the interim and then have the cotton paper on order,381616,MOO,Mon Oct 09 13:15:43 +0000 2017,@206497 Yay! Sounds fab to us :),381617
381617,206497,Mon Oct 09 14:52:02 +0000 2017,"@MOO Last question - your gold foil option, is that just for gold foil w your existing templates or any gold foil accents?",381618,MOO,Mon Oct 09 15:34:42 +0000 2017,"@206497 Great question! You can make fully customized Gold Foil Business Cards here:

https://t.co/M7KMQ0hPpW",
381620,206497,Mon Oct 09 06:30:49 +0000 2017,@MOO if I want business cards for Wednesday when's the latest I can order? (Working on them now) Also omg the textures 😍😍😍,381619,MOO,Mon Oct 09 08:10:27 +0000 2017,@206497 That depends on the paper stock and finish you have chosen your your Business Cards. Check the turnaround times here https://t.co/urHLMneQkB,381613
385611,207281,Mon Oct 09 10:42:17 +0000 2017,Love my new @MOO business cards with all our #fabric images on the back. Resisting strong urge to pin all on wall (thus missing the point!) https://t.co/18UOOvAKhX,385610,MOO,Mon Oct 09 10:47:24 +0000 2017,"@207281 They look fab, super pleased you're happy with them :)",
385613,207282,Mon Oct 09 10:12:04 +0000 2017,@MOO please help need assistance on my order. Mistake on card :(,385612,MOO,Mon Oct 09 10:26:50 +0000 2017,@207282 Sorry to hear that. We just sent you a DM. Let's get this fixed!,
389284,208128,Mon Oct 09 13:19:59 +0000 2017,Thanks @MOO for doing a fantastic job on my new business cards! #OT #OccupationalTherapy #LiveGoodOT https://t.co/aNUUW3pK3T,389283,MOO,Mon Oct 09 13:22:28 +0000 2017,@208128 Those look great! Thank you for sharing :),
389286,208129,Mon Oct 09 13:13:40 +0000 2017,"Thanks, @MOO for superbly responsive customer service &amp; great user experience!",389285,MOO,Mon Oct 09 13:20:30 +0000 2017,@208129 Yay! It looks like the amazing Jonathon helped you out! We'll be sure to pass on your great feedback :),
393447,209186,Mon Oct 09 15:09:02 +0000 2017,In love with the new cards from @MOO - it beats scribbling my contact info onto a napkin when networking 😂 #socialmediamarketing #freelance https://t.co/LK0CHwoQDg,393446,MOO,Mon Oct 09 15:44:27 +0000 2017,"@209186 Beautiful Cards :^) Now you can save your napkins for more appropriate things, like makeshift coasters!",
413483,213683,Thu Oct 26 15:33:59 +0000 2017,@MOO Am I right in thinking that business cards were not part of that sale? Hope you guys have an awesome day today!,413485,MOO,Thu Oct 26 16:22:07 +0000 2017,@213683 Could you DM us? We can give you some more information ;),
413484,213683,Wed Oct 25 18:07:02 +0000 2017,@MOO Verrrry near?,413481,MOO,Wed Oct 25 18:18:04 +0000 2017,"@213683 Yes! In fact, its happening exactly right now :)","413482,413483"
413487,213683,Thu Oct 19 02:53:27 +0000 2017,"@MOO Hello you fantastic people! Bout to re-order more cards, unsub'd from the emails, any sales happening? Ty for being so freakin awesome.",413486,MOO,Thu Oct 19 16:59:21 +0000 2017,"@213683 Thank YOU for being awesome! We aren't offering any site-wide sales at the moment, but we are due for one in the very near future ;^)",413484
413511,213686,Wed Oct 25 18:40:37 +0000 2017,"If you are ever looking for new office spaces @MOO, I hope you all consider Indianapolis!",413509,MOO,Wed Oct 25 18:49:17 +0000 2017,@213686 We'll keep that in mind! What's the pizza like there?,413510
413515,213689,Wed Oct 25 18:39:49 +0000 2017,Thanks @MOO for the awesome #BusinessCards #color #boogli https://t.co/Cu5vt0YyuI,413514,MOO,Wed Oct 25 18:44:05 +0000 2017,@213689 Those are some radical Cards! Very nice :^),
413517,213690,Wed Oct 25 17:26:42 +0000 2017,@MOO thx! :),413516,MOO,Wed Oct 25 17:30:15 +0000 2017,@213690 You are most welcome!,
413519,213690,Wed Oct 25 09:39:38 +0000 2017,"Hey @MOO, if I upload my business card design to your service my text looks blurry - is that just the preview or should I be worried?",413518,MOO,Wed Oct 25 13:30:49 +0000 2017,@213690 Please download the PDF proof instead - this will give you the best representation of how they will look when printed :),413517
413521,213691,Wed Oct 25 16:30:17 +0000 2017,".@MOO's CMO, Stephanie Shore's advice to college grads: Work hard. Don’t be entitled. Be kind. Read more: https://t.co/ImdGCOXgwh https://t.co/vpW5wPXew9",413520,MOO,Wed Oct 25 17:00:56 +0000 2017,@213691 Stephanie Shore is a force and is always making MOO look good &lt;3,
413523,213692,Wed Oct 25 14:34:20 +0000 2017,hi @MOO having a prob with your uploader- 'front' postcard designs come up as the 'writeable' side in the preview... which is correct plz?,413522,MOO,Wed Oct 25 16:55:15 +0000 2017,"@213692 Sorry for any confusion, Katie! The side labeled the front is the writable side.",
413526,213037,Wed Oct 25 14:19:54 +0000 2017,@MOO @166397 Omg! Where did they get the little biz card holders/crates?,413524,MOO,Wed Oct 25 16:53:41 +0000 2017,"@213037 @166397 We got it on Amazon, but sadly the company does not ship to the US. Bummer for all folks stateside, we know!",413525
416657,214401,Tue Oct 10 00:01:03 +0000 2017,@214402 @MOO based in UK it looks?? hmm,416655,MOO,Tue Oct 10 01:39:54 +0000 2017,@214401 @214402 We print in both  London and Rhode Island :),416656
426065,216343,Tue Oct 10 10:53:32 +0000 2017,@216344 @216345 @MOO Kannte ich bisher nicht. Danke für die Empfehlung!,426064,MOO,Tue Oct 10 11:20:02 +0000 2017,"@216343 @216344 @216345 Wirklich sehr schöne Visitenkarten :) Danke für's Teilen!

Die Visitenkarten haben die Maße 84mm x 55mm",
426074,216346,Tue Oct 10 10:20:55 +0000 2017,@MOO @216347 @19977 @19978 @216348 @19979 They will ;),426073,MOO,Tue Oct 10 10:27:23 +0000 2017,@216346 @216347 @19977 @19978 @216348 @19979 That is the kind of positivity we love to hear!,
426076,216346,Tue Oct 10 07:55:28 +0000 2017,Also nice to see @MOO supporting the event. I'll have a think what I'm going to write on my postcard 💭#PitchAtPalace https://t.co/N6rsIIFRjL,426075,MOO,Tue Oct 10 10:19:14 +0000 2017,@216346 @216347 @19977 @19978 @216348 @19979 Yay! We hope your dreams and aspirations come true :),426074
435028,218340,Tue Oct 10 15:40:34 +0000 2017,"@MOO All because of yr referral scheme, for something thats meant to reward loyal customers like me it had just annoyed me amd wasted my time : (",435029,MOO,Tue Oct 10 15:47:12 +0000 2017,@218340 The rep you were speaking to followed up with you after the call was disconnected via email. She is also going to give you a call shortly.,"707307,707308,707309,707310,707311,707306,707312"
435028,218340,Tue Oct 10 15:40:34 +0000 2017,"@MOO All because of yr referral scheme, for something thats meant to reward loyal customers like me it had just annoyed me amd wasted my time : (",435027,MOO,Tue Oct 10 15:47:34 +0000 2017,@218340 Let us know if you have any questions and enjoy your day :),
435033,218340,Tue Oct 10 15:02:12 +0000 2017,@MOO So... No-one is gonna call me back after yr system cut me of a 2nd time within 10mins ???,435030,MOO,Tue Oct 10 15:17:57 +0000 2017,"@218340 Call us directly at +442086291415, send an email to __email__, chat w/ us (https://t.co/GIl40KYw3x), or message us here.","435031,435032,435028"
435033,218340,Tue Oct 10 15:02:12 +0000 2017,@MOO So... No-one is gonna call me back after yr system cut me of a 2nd time within 10mins ???,435034,MOO,Tue Oct 10 15:17:50 +0000 2017,@218340 Sorry to hear that you're having trouble connecting with us.,
435044,218342,Tue Oct 10 13:20:12 +0000 2017,How cute do we look! @20258 @20259 New postcards by @MOO #TMT #jazzharp #lesharpescamac https://t.co/xhUHOLfbaN,435043,MOO,Tue Oct 10 14:56:50 +0000 2017,@218342 @20258 @20259 Ooo those are nice! Great work.,
435046,218343,Tue Oct 10 12:31:16 +0000 2017,Thanks @MOO for my fresh new business cards heading with me and my work to #TRIBE17 with @20260 this week! 🤞👌 https://t.co/s0XYEbie8h,435045,MOO,Tue Oct 10 14:52:37 +0000 2017,@218343 @20260 Nice one! Those look great :),
435048,218344,Tue Oct 10 12:16:13 +0000 2017,So pleased with my new @MOO business cards https://t.co/ZkrQMyY0xQ,435047,MOO,Tue Oct 10 14:50:53 +0000 2017,"@218344 They look fab, super pleased you're happy with them :)",
435051,218340,Tue Oct 10 13:50:13 +0000 2017,@MOO Errr make that 4!!! Emails today!!! https://t.co/bG3uRUftHb,435049,MOO,Tue Oct 10 14:46:01 +0000 2017,@218340 That is 4 credits! Every code is unique and can be applied to your account and used as cash on the site :),435050
435053,218345,Tue Oct 10 10:21:01 +0000 2017,"Another fantastic delivery of #businesscards from @moo 📦 .
.
.
#parcel #gettingpost #marketing #gcbrecruitment #pr… https://t.co/K08JcOInij https://t.co/9CZidX6LHa",435052,MOO,Tue Oct 10 14:44:11 +0000 2017,@218345 How lovely and colourful! Well done :),
459810,224252,Thu Nov 30 22:22:42 +0000 2017,Just got my business cards from @moo today! 💜 https://t.co/SxnNOQkXX2,459809,MOO,Thu Nov 30 22:29:21 +0000 2017,@224252 We love counting sheep!,
459812,224253,Thu Nov 30 21:41:33 +0000 2017,"@MOO Hi there, is it possible to order Next Day Business Cards tomorrow before 12 and get them on Saturday? Or is the delivery on Monday? Thanks in advance!",459811,MOO,Thu Nov 30 21:50:50 +0000 2017,"@224253 We do not offer Saturday delivery, sadly. So the cards would be delivered on the next business day. In this case, Monday. Our apologies for any inconvenience.",
469339,226764,Fri Dec 01 01:51:59 +0000 2017,"I received my new mini cards today. ❤️ Thank you @moo .
.
.
#businesscards #minicards #tagcards  #torontoart #torontoartists #sketch #watercolour #watercolor #watercolorsketch #paint #painting #sketch_daily #illustration #toronto #waterblog #artjourn… https://t.co/JdgpqCo7gt https://t.co/pQSogCvNRl",469338,MOO,Fri Dec 01 02:26:39 +0000 2017,@226764 Beautiful! Thanks so much for sharing! :),
479710,229004,Fri Dec 01 08:36:41 +0000 2017,"@moo is the king🤘#businesscards #stickers
@229004 @229005… https://t.co/g0clquguBs",479709,MOO,Fri Dec 01 09:28:02 +0000 2017,@229004 @229005 Cheers! We raise a glass to you for a job well done!,
479712,229006,Fri Dec 01 09:22:51 +0000 2017,"@MOO thanks - didn't see the tracking link in the email, should be a big button imo :P",479711,MOO,Fri Dec 01 09:25:11 +0000 2017,@229006 That's not a bad idea. We'll let the email team know a bigger button is needed.,
479714,229006,Fri Dec 01 09:08:26 +0000 2017,"@MOO i printed something with expected delivery of nov 30th but it's not here, need it ASAP how can i check status?",479713,MOO,Fri Dec 01 09:18:20 +0000 2017,"@229006 Oh dear. You can check the tracking linked in the dispatch confirmation email. Otherwise, get in touch with our CS team who will be able to look into this for you: https://t.co/GIl40KYw3x",479712
479716,229007,Fri Dec 01 02:41:38 +0000 2017,"Ordered a new pack of stickers from @moo (along with postcards), and I can't wait to receive… https://t.co/kSJ7P8M7B9",479715,MOO,Fri Dec 01 09:22:54 +0000 2017,"@229007 New Stickers are exciting, aren't they? Let us know how they come out!",
56745,128856,Wed Nov 01 15:03:59 +0000 2017,"Uh, great packing job there @MOO /s The cards look just dumped in the envelope nbd. #moocards https://t.co/QN9JVuNMLH",56744,MOO,Wed Nov 01 16:23:49 +0000 2017,@128856 Ah that's not good! Could you DM us the order ref?,
595587,261127,Sun Dec 03 18:50:06 +0000 2017,"@MOO @261128 @27725 Maybe the new adress should be in Bilbao, in her hotel. You can get the arragements, I am sure 👍🏻",595586,MOO,Sun Dec 03 18:53:52 +0000 2017,@261127 @261128 @27725 DM us the address and we will make the change :),
595589,261128,Sun Dec 03 18:04:25 +0000 2017,@MOO @261127 :__3 thanks &lt;3 this was reaaally urgent. I want to give them on @27725 and I leave on Wednesday &lt;cries&gt;,595588,MOO,Sun Dec 03 18:46:03 +0000 2017,"@261128 @261127 @27725 We cannot get them to you any sooner, but we will ship the new set to wherever you are traveling. We hope this helps. Let us know :)",595587
595591,261128,Sat Dec 02 16:57:53 +0000 2017,@261127 @MOO Parece Winston saltando por el mapa de Europa. #whyT.T,595590,MOO,Sun Dec 03 17:31:55 +0000 2017,@261128 @261127 Yikes! We've reprinted the order and a new set will be delivered Tuesday 12/5. You will be emailed the tracking details once the cards ship :),595589
595595,261129,Sat Dec 02 17:56:27 +0000 2017,@MOO order number 0263181672 my business cards arrived but my stickers didn't? Please can someone look into this!,595594,MOO,Sun Dec 03 16:23:49 +0000 2017,@261129 Yikes - we are so sorry to hear this. Not to worry a new set of Stickers is on the way. When your order ships out you'll receive a new dispatch email from Little MOO and the estimated arrival date is 12/8.,
604941,263798,Wed Nov 22 10:33:02 +0000 2017,"Justine found her own cure to face the winter. @MOO, special thanks from all Recast.AI's team for the kind words. https://t.co/jb9YfX0nNn",604940,MOO,Wed Nov 22 10:40:09 +0000 2017,@263798 You do seem really fun!,
604943,263799,Wed Nov 22 08:16:21 +0000 2017,"More lovely business cards from @moo arrived last week, yay! 😊🌈✂️💕 always super quality, and I’m a sucker for a rounded corner 😂 hope you have a super Wednesday! #hellohoorayblog https://t.co/3WApYBDgjl https://t.co/jUImNzD8O7",604942,MOO,Wed Nov 22 10:37:34 +0000 2017,@263799 Hello lushness :),
604946,263800,Wed Nov 22 15:43:09 +0000 2017,@MOO Thank you! :),604948,MOO,Wed Nov 22 16:24:31 +0000 2017,@263800 No worries!,
604947,263800,Wed Nov 22 01:28:39 +0000 2017,"@MOO Hi! With printfinity, let's say I want to order 25 postcards. I have 8 different designs I would like to use. How would they be spread across the pack of 25? Would it be 1st design, 2nd design... upto 8 and then repeat until 24 and then start again for the 25th one? Thanks!",604945,MOO,Wed Nov 22 10:36:06 +0000 2017,"@263800 That's exactly how it works :) If you upload 8 designs, the first on will be repeated 4 times and the 7 remaining designs repeated 3 times in a pack of 25 - DM us for more deets!",604946
620627,267299,Thu Sep 28 16:11:57 +0000 2017,@267300 @MOO Don't drink the kool-aid.,620626,MOO,Thu Sep 28 19:28:49 +0000 2017,"@267299 @267300 Ellie, say it ain't so!!!!!",
630150,269307,Fri Dec 01 00:39:56 +0000 2017,@MOO getting frustrated...my cards swapped with another customer...overcharged on reprint...no response from customer service.,630148,MOO,Fri Dec 01 02:25:33 +0000 2017,"@269307 Hi Pam, we're so sorry for this. Could you DM us your order reference number? We'll get this fixed up for you.",630149
635560,270710,Wed Oct 04 22:07:35 +0000 2017,It's new business card day!!! Thanks @moo! #printisnotdead #cardpyramid #pyramid #aliens #brand… https://t.co/shvJSlPH48,635559,MOO,Wed Oct 04 23:23:43 +0000 2017,@270710 Woah! Stack 'em high!,
635562,270711,Tue Oct 03 11:59:18 +0000 2017,@270712 @MOO Couldn't agree more! @MOO team - you are awesome 👏,635561,MOO,Wed Oct 04 16:53:00 +0000 2017,"@270711 @270712 Thanks, Veronika! We're big fans of you too :)",
635566,270713,Wed Oct 04 10:37:07 +0000 2017,@270714 @MOO Thank you Laura. Me too! I used them for printing my business cards too and the quality is great. I always get compliments on them 😊,635565,MOO,Wed Oct 04 14:29:02 +0000 2017,"@270713 @270714 Thank you so much, Fiona and Laura! We love you, too!!! :)",
635571,270715,Wed Oct 04 10:08:34 +0000 2017,"Excited to share my brand new Snowboarder Greetings Card made by @MOO, now available to buy in my Etsy shop! 🏂 https://t.co/Fbxli5XNFs #art https://t.co/cfcn02HUY8",635570,MOO,Wed Oct 04 13:27:52 +0000 2017,@270715 Wow those look awesome! Great work :),
635589,270720,Thu Sep 28 19:54:36 +0000 2017,Dear @MOO - Your customer service is INCREDIBLE. May everyone use you for their #Business cards.,635588,MOO,Wed Oct 04 08:59:39 +0000 2017,@270720 Oh you!! https://t.co/oMqwctlpPb,
635593,270722,Wed Oct 04 05:11:00 +0000 2017,Got my business cards from @MOO. Damn they look awesome. https://t.co/qzIzYcZYkR,635592,MOO,Wed Oct 04 06:57:22 +0000 2017,@270722 Great job Kyle!,
635596,270723,Tue Oct 03 13:07:40 +0000 2017,"@MOO i think so yeah, i had spelled photography wrong on my twitter link, the irony!",635594,MOO,Tue Oct 03 13:48:29 +0000 2017,"@270723 Oh no, just double checked everything and the reprint should be absolutely fine, no spelling mistakes :)",635595
635598,270723,Tue Oct 03 12:20:29 +0000 2017,"@MOO That's great i made a small spelling mistake on the 1st lot i got 🙈, thanks for the re-order much appreciated!",635597,MOO,Tue Oct 03 12:55:18 +0000 2017,"@270723 Oh no, the ones we are reprinting are correct though? Don't want anymore with a mistake.",635596
635600,270723,Tue Oct 03 12:13:52 +0000 2017,"@MOO Hello, thanks, just to check these are the last lot i printed? weird why half are warped though!",635599,MOO,Tue Oct 03 12:17:52 +0000 2017,"@270723 Correct, from the last order. Yes very odd it's only half. It's possible they were cut at different times, but very odd for such difference.",635598
635602,270723,Tue Oct 03 07:49:52 +0000 2017,"@MOO Hi i didn't think to check the business cards i had in my last order to, half of them have gone the same way! Which is just bizarre! https://t.co/op3RLrpZOX",635601,MOO,Tue Oct 03 12:11:14 +0000 2017,"@270723 Eeep! It's all a bit warped in that order. Not to worry, we've got those reprinting too. Due to arrive on the 12th for you. Apologies Tim!",635600
635604,270723,Fri Sep 29 22:15:32 +0000 2017,@MOO That's fantastic thank you so much!,635603,MOO,Fri Sep 29 22:32:46 +0000 2017,@270723 You are most welcome!,635602
635606,270723,Fri Sep 29 20:52:49 +0000 2017,@MOO Yeah they aren't as bad but still not as flat as intended! so i'll get the last two postcard orders reprinted? that would be fantastic 😎 https://t.co/3MUttN2W6u,635605,MOO,Fri Sep 29 21:30:43 +0000 2017,"@270723 Not so bad, is not good enough for us :)
Both orders have been reprinted and Little MOO should have emailed you all the dets!",635604
635608,270723,Fri Sep 29 20:45:01 +0000 2017,"@MOO Hi this has actually happened to my last two orders they were about a week apart, i can send more photos? thanks for the reply too!",635607,MOO,Fri Sep 29 20:49:33 +0000 2017,@270723 Please do! We reprinted the previous set too :),635606
635610,270723,Fri Sep 29 11:45:26 +0000 2017,"@MOO For some reason my postcards i ordered are warping, the test card inside the pack is however still straight? any ideas??? https://t.co/2hy4zL9m80",635609,MOO,Fri Sep 29 20:13:05 +0000 2017,"@270723 Yikes, Tim! That's a production error. Sorry about not spotting the issue. We've reprinted them and a new set will arrive on 10/3.",635608
635612,270724,Mon Oct 02 20:00:34 +0000 2017,Thank you @MOO on behalf of @12415 for the awesome 2-year gift! My team ate the others already. https://t.co/pdZmLaZtjU,635611,MOO,Mon Oct 02 20:05:00 +0000 2017,@270724 @12415 Cake to the face is the only cure for a Monday!,
635619,270727,Mon Oct 02 14:35:43 +0000 2017,I am a HUGE fan of @MOO. Thanks for handling my customer service enquiry efficiently &amp; effectively today! Great product + great service. https://t.co/sim0O8dfVa,635618,MOO,Mon Oct 02 14:57:44 +0000 2017,@270727 You're making us blush Carey!,
635622,270728,Mon Oct 02 10:16:37 +0000 2017,Ooohhh just received the most gorgeous new business cards from @MOO Thank you! Great customer service too!  #MondayMotivation #print https://t.co/yKqN70shWC,635621,MOO,Mon Oct 02 10:18:43 +0000 2017,"@270728 That's great to hear, have fun with your cards!",
635624,270729,Sat Sep 30 05:31:29 +0000 2017,@MOO KILLED it. Thank you!,635623,MOO,Sat Sep 30 08:47:53 +0000 2017,@270729 You're welcome my friend! Pic?,
635627,270730,Fri Sep 29 16:30:30 +0000 2017,@MOO pls can you confirm whether the 25% off sale extension ended yesterday at 11.59? You only sent my email reminder this morning at 8.43!,635626,MOO,Fri Sep 29 18:58:32 +0000 2017,"@270730 Hello, the sale did end already, but if you can DM us about this, we can look into it for you :)",
635629,270731,Fri Sep 29 15:05:52 +0000 2017,"Ooh something exciting was waiting for me at the studio from @moo! 

#moo #christmascards… https://t.co/Sr2ve0Mc9J",635628,MOO,Fri Sep 29 18:52:13 +0000 2017,@270731 These are wonderful!,
635631,270732,Thu Sep 28 23:17:42 +0000 2017,❤️ New postcards from @moo ❤️ https://t.co/26D54RilaX,635630,MOO,Thu Sep 28 23:22:29 +0000 2017,@270732 These are #lit ! ;),
635633,270733,Thu Sep 28 20:52:14 +0000 2017,Hey @moo when's your next sale? ya girl gets paid tomorrow but I'm still hella broke 💖✨💸💸,635632,MOO,Thu Sep 28 21:12:52 +0000 2017,"@270733 Dude, call us. We've got you :) 
https://t.co/GIl40KYw3x",
635791,204298,Tue Nov 21 23:24:26 +0000 2017,@MOO Yo @115890 @123765 : Your gifs don't work!! Wtf!,635790,MOO,Wed Nov 22 11:00:30 +0000 2017,"@204298 @115890 @123765 Hang in there, Apricot!",
635794,204298,Tue Nov 21 22:00:40 +0000 2017,@MOO Hey baby! Why you holding out on me? We could be so good together! 😘☺️ https://t.co/vxo2mssldH,635793,MOO,Tue Nov 21 22:04:53 +0000 2017,"@204298 Patience, Apricot, patience.",635792
635796,204298,Tue Nov 21 21:56:49 +0000 2017,@MOO Thx! Well I actually got a physical letter from u with a discount code. That didn't work either. Any Xmas stuff coming up!? U too expensive!,635795,MOO,Tue Nov 21 21:58:44 +0000 2017,@204298 We have had sales right around this time in the past - wink wink ;),635794
635798,204298,Tue Nov 21 21:52:11 +0000 2017,Yo @MOO : I had a few promo codes but none of these work. Are there any active I can use????,635797,MOO,Tue Nov 21 21:55:29 +0000 2017,"@204298 There are no codes available at this time, we're afraid. Just so you know, we do not supply 3rd party sites with codes. Typically when you find codes on these sites they are not valid. Subscribe to the MOOsLETTER to always be in the know :)",635796
63719,130645,Thu Nov 30 03:59:24 +0000 2017,"@MOO Thanks, lovely Moo!",63721,MOO,Thu Nov 30 09:27:52 +0000 2017,@130645 Our pleasure!,
63720,130645,Wed Nov 29 21:38:44 +0000 2017,.@MOO love my business cards!! Where do I find the code to give to friends so they can get a discount?,63718,MOO,Thu Nov 30 02:20:38 +0000 2017,"@130645 You can find that on your account overview page when you login. Just click on the green ""Refer more friends"" button and you'll see your sharing options!",63719
649099,274282,Wed Nov 22 14:18:39 +0000 2017,"New set of business cards arrived today from @moo. Perfection, as always. #businesscards #moo https://t.co/yCEYDrgEyc",649098,MOO,Wed Nov 22 15:04:11 +0000 2017,"@274282 Fan to the tastic, looking good!
Thanks for sharing :)",
649135,274289,Wed Nov 22 13:41:45 +0000 2017,@274290 @MOO I love @MOO! I got my business cards from them too :),649134,MOO,Wed Nov 22 14:14:06 +0000 2017,@274289 @274290 Thanks for love! We love you guys too &lt;3,
649144,274291,Wed Nov 22 13:20:05 +0000 2017,"Business cards are here, looking great, love the packaging @moo https://t.co/mKrS61kFIp",649143,MOO,Wed Nov 22 14:11:32 +0000 2017,"@274291 They look fab, super pleased you're happy with them :)",
649146,274292,Wed Nov 22 11:37:09 +0000 2017,@274293 @MOO Danke! War meine erste Bestellung &amp; bin echt begeistert,649145,MOO,Wed Nov 22 14:08:17 +0000 2017,"@274292 @274293 Wow die Karten sehen spitze aus! Freut uns sehr, dass du so zufrieden damit bist :)",
651833,275002,Tue Oct 24 20:07:06 +0000 2017,@MOO what happend to Monogram iOs app?,651831,MOO,Wed Oct 25 07:47:36 +0000 2017,@275002 We're looking at Monogram and how to evolve it and are taking a step back while we do so. We'll keep you posted on how things develop.,651832
652692,275186,Thu Nov 02 09:32:55 +0000 2017,"Just sent off for some business cards with @MOO, looking forward to seeing them printed up 😄",652691,MOO,Thu Nov 02 10:19:51 +0000 2017,@275186 Yay! We hope they turn out perfect!,
657119,276405,Thu Oct 05 09:13:15 +0000 2017,"Some cards for our friends at Innovation. Thanks @MOO - as always, your cards are the business. https://t.co/amqOv5t33q",657118,MOO,Thu Oct 05 09:24:16 +0000 2017,"@276405 Thanks for your kind feedback, the cards look great :)",
657121,248482,Thu Oct 05 09:03:40 +0000 2017,@276406 @MOO Those colours work really well! Love 'em.,657120,MOO,Thu Oct 05 09:22:07 +0000 2017,"@248482 @276406 Agreed, the look great :)",
657126,276407,Thu Oct 05 08:43:13 +0000 2017,New @moo business cards are here! 🎉 #work https://t.co/Um5py3XNBY,657125,MOO,Thu Oct 05 09:20:28 +0000 2017,@276407 LOVE them!,
667563,279124,Wed Nov 22 22:49:26 +0000 2017,#Cute personal #businesscards I designed using @MOO they look amazing- so happy with them! #pixelart #design #illustrator https://t.co/rp0FmaHNQ5,667562,MOO,Thu Nov 23 02:07:02 +0000 2017,"@279124 Aww, those designs are pixel perfect :^) Love it!",
667567,279125,Wed Nov 22 19:48:47 +0000 2017,Super chuffed with my new gold foil business cards from @MOO 😍💖 https://t.co/8ZSoEIAqZr,667565,MOO,Wed Nov 22 19:52:50 +0000 2017,@279125 Beautiful Gold Cards to match your beautiful Gold Jewelry. How fitting! &lt;3,667566
676608,281390,Thu Oct 05 12:30:15 +0000 2017,Got some #business cards. Here they are on a Spongebob Squarepants tray. Cheers @MOO and @281391 for the sweet discount code. https://t.co/54mkoBOgVr,676606,MOO,Thu Oct 05 15:23:21 +0000 2017,"@281390 @281391 Nice! If those were our cards, we'd be pretty jazzed about it.",676607
676614,281393,Thu Oct 05 10:58:19 +0000 2017,Thank you @MOO  for my delicious square matt contact cards #RA #Temple #Rieti #quadrant  #henleyonthames #Marylebone #networking https://t.co/mKVVxKVipU,676613,MOO,Thu Oct 05 15:20:31 +0000 2017,@281393 They look lovely! Thank you so much for sharing.,
683344,269539,Thu Nov 23 10:47:46 +0000 2017,Congratulations @Moo on winning the Silver Award in the #DX innovation category! #silver #success #awards,683343,MOO,Thu Nov 23 10:56:39 +0000 2017,@269539 Thank you so much!,
683347,283083,Thu Nov 23 10:16:38 +0000 2017,@MOO I need my order by next weekend what are the chances of it happening as it currently says packing kn the status?,683345,MOO,Thu Nov 23 10:37:12 +0000 2017,"@283083 Hi, please can you DM us your order number and we can look into this further for you. Thanks!",683346
683349,283084,Thu Nov 23 08:13:31 +0000 2017,"@MOO No consigo localizar un pedido. Atención al cliente, por favor??",683348,MOO,Thu Nov 23 10:35:37 +0000 2017,"@283084 Hola Mar, lamentamos oír que todavía no hayas recibido su pedido. Podrías por favor enviarnos su numero de pedido por mensaje privado para poder investigar el caso? Muchas gracias!",
683351,283085,Thu Nov 23 07:08:47 +0000 2017,"Today has been an eventful with the arrival of these...one week early too. Thanks, @MOO for making my vision come true ❤️ https://t.co/w3dlcj5waH",683350,MOO,Thu Nov 23 09:19:54 +0000 2017,@283085 You're most welcome ;),
707306,218340,Tue Oct 10 17:24:43 +0000 2017,@MOO FYI I really Appreciate Magdalanas follow up email. Very helpful. Happier now. X,707305,MOO,Tue Oct 10 19:12:32 +0000 2017,"@218340 So glad everything is sorted, Jon!",
711054,290051,Fri Nov 03 13:23:21 +0000 2017,@MOO hey guys! still haven't received my new business cards. can you take a look and see what's up?,711056,MOO,Fri Nov 03 14:23:19 +0000 2017,@290051 Your order is right on schedule and is expected to arrive to you on 11/9 - https://t.co/BadTjiCzgn,
711055,290051,Tue Oct 10 20:09:28 +0000 2017,@MOO Thanks guys! Appreciate the help and support.,711053,MOO,Tue Oct 10 20:33:39 +0000 2017,@290051 You are most welcome!,711054
711058,290051,Tue Oct 10 16:44:24 +0000 2017,Hey @MOO. Read some great reviews about your printing services but was surprised when I got these in the mail. Not gonna give these out :( https://t.co/yHtxQvmwAW,711057,MOO,Tue Oct 10 17:11:53 +0000 2017,"@290051 Yikes, Erin! We're sorry that the order arrived that way. That is a production error and a new set is on the way and should arrive on 10/18.",711055
720338,292409,Fri Oct 06 12:53:53 +0000 2017,"Yes, @moo, I am and I have.

#worklifebalance #careerbreak #careercoach #Businesscoach https://t.co/ACo0I5GSBm",720337,MOO,Fri Oct 06 13:32:08 +0000 2017,@292409 We knew it! You're fabulous :),
720340,185305,Fri Oct 06 13:13:53 +0000 2017,"Thank you @moo for prompt delivery, just in time for @82907 launch tonight! I’ll be in Newland Village hall. Cards for sale! https://t.co/IDQXpzb0Rp",720339,MOO,Fri Oct 06 13:24:34 +0000 2017,"@185305 You're so welcome, they look great :)",
723898,293356,Fri Oct 06 13:35:38 +0000 2017,New #bizcards from @moo mini square with lux finish🙌🏼 why won't my IPhone focus better? I keep… https://t.co/unDmwROhnv,723897,MOO,Fri Oct 06 16:14:27 +0000 2017,"@293356 Blurry or not, it's clear to see that those Cards look great! Love the illustrations :^)",
738291,296586,Wed Oct 11 10:14:29 +0000 2017,@MOO Very exciting! I shall now have to recreate the business card scene from American Psycho movie.,738290,MOO,Wed Oct 11 10:25:23 +0000 2017,@296586 Very good :) Let us know how it goes.,
738293,296586,Wed Oct 11 09:59:32 +0000 2017,It’s an #exciting feeling when your business cards arrive from @MOO #startup #Entrepreneur #startuplife https://t.co/GHJNFCaWb0,738292,MOO,Wed Oct 11 10:05:40 +0000 2017,@296586 New cards are so exciting aren't they? So glad you love them!,738291
738295,296587,Wed Oct 11 09:56:40 +0000 2017,Love my bowls from wooltakesshape I used them at the weekend to keep my @moo cards safe. These… https://t.co/Cl0vRUXnzS,738294,MOO,Wed Oct 11 10:04:53 +0000 2017,"@296587 Classy idea, we love it!",
739300,296813,Fri Oct 06 19:19:54 +0000 2017,I'm in love with my new photography business cards from @MOO! High quality and so very modern. #equestrianphotography https://t.co/6GrO6CWfeS,739299,MOO,Fri Oct 06 20:57:35 +0000 2017,@296813 #alltheanimals !,
742231,297489,Wed Oct 11 12:08:33 +0000 2017,"Loving our new business cards from @MOO! They even come in presentation boxes with ribbons &amp; wax seals - if this is a #proposal, we accept! https://t.co/3sRqcIXNNE",742230,MOO,Wed Oct 11 13:30:37 +0000 2017,"@297489 Yes! You've made our day, we look forward to our long and happy marriage :)",
770876,304104,Wed Oct 11 23:10:02 +0000 2017,I absolutely LOVE my new business cards from @MOO and apparently MOO likes my shoes! :) 😂 #passmeon #MOOcards https://t.co/sFqndZ1mR5,770875,MOO,Wed Oct 11 23:29:52 +0000 2017,"@304104 Love it! Your shoes and cards share something in common, they both have a lot of ""sole"" :-)",
770878,304106,Thu Oct 12 05:35:00 +0000 2017,"@MOO @304105 Was gonna go to Staples for a couple orders, but with THIS kind of customer service, I think I'll try @MOO! 

pssst... Any discount codes?",770881,MOO,Thu Oct 12 06:36:40 +0000 2017,@304106 @304105 Sadly there is nothing running at the moment but sign up to our newsletter to keep posted! https://t.co/d1u7qHqomw,
770880,304105,Wed Oct 11 23:05:22 +0000 2017,@304107 @304106 @MOO These have very very tiny registration issue but otherwise great quality.,770877,MOO,Wed Oct 11 23:13:02 +0000 2017,@304105 We're sorry your Cards have a registration issue. Can you DM us with your Order number? We'd love to fix this. Thanks!,"770878,770879"
797334,310104,Thu Oct 12 13:28:48 +0000 2017,@MOO @35341,797333,MOO,Thu Oct 12 13:57:50 +0000 2017,@310104 @35341 Blimey! Give yourself a pat on the back for those beauts :),
797338,310105,Thu Oct 12 13:41:29 +0000 2017,@MOO Thanks,797340,MOO,Thu Oct 12 13:58:45 +0000 2017,@310105 You are very welcome Martin :),
797339,310105,Thu Oct 12 12:04:17 +0000 2017,"@MOO can I put umlauts on business cards? looking for a ""Ü""

cheers",797337,MOO,Thu Oct 12 13:23:51 +0000 2017,"@310105 Sure, we can! Just copy the umlaut from a writing software and paste it onto the cards.",797338
808311,312602,Sun Oct 08 02:26:31 +0000 2017,@312603 @312604 @MOO I wonder if they do trading card dimensions :O I designed a trading card type business card I need to get printed!,808310,MOO,Sun Oct 08 13:34:17 +0000 2017,@312602 @312603 @312604 You can see all the sizes we offer here: https://t.co/Vz6lwBImrz,
839788,319785,Fri Oct 13 10:35:38 +0000 2017,New stickers arrived! Thanks @MOO https://t.co/vVMiAGaWEV,839787,MOO,Fri Oct 13 10:38:50 +0000 2017,"@319785 Fan to the tastic, looking good :)",
839789,327015,Fri Oct 13 12:35:18 +0000 2017,@319785 @MOO Looking sharp ⚡,871965,MOO,Fri Oct 13 13:08:06 +0000 2017,@327015 @319785 Agreed they look AWESOME!,
839791,319786,Fri Oct 13 07:01:07 +0000 2017,"@MOO I'm in a CMYK file. ""Hexadecimal"" slipped out : ). Thanks for the info.",839790,MOO,Fri Oct 13 10:37:35 +0000 2017,@319786 You are very welcome Scotty :),
839794,319786,Thu Oct 12 19:13:36 +0000 2017,@MOO Hello. Can you supply the hexadecimal (or anything similar) for the tiger orange? Not sure if sampling off the web image will do. Thanks.,839792,MOO,Thu Oct 12 19:47:38 +0000 2017,"@319786 We use CMYK, so we do not have the Hex code available. The CMYK color formula for the Orange color seam is approximately 0/55/84/0","839793,839791"
839794,319786,Thu Oct 12 19:13:36 +0000 2017,@MOO Hello. Can you supply the hexadecimal (or anything similar) for the tiger orange? Not sure if sampling off the web image will do. Thanks.,839795,MOO,Thu Oct 12 19:49:32 +0000 2017,"@319786 It's not an exact match, but the nearest possible value. The orange is nearly fluorescent, so it's not possible to match it exactly w/ CMYK.",
839798,319787,Fri Oct 13 00:38:04 +0000 2017,#FNCE Prep! Thanks @MOO business cards! So sleek looking and feeling! I love them! @37129 #entrepreneur #rd #RDCareerJumpstart https://t.co/rhTfEdY7k0,839797,MOO,Fri Oct 13 09:13:01 +0000 2017,"@319787 @37129 Yay! We're so glad you're pleased with them, they look great :)",
840086,319873,Thu Oct 12 23:23:12 +0000 2017,"My New Mini Portfolio made from @MOO Square #BusinessCards  
#Illustrator #Designer #CharacterDesign #Portfolio #Inspiration #Freelancer https://t.co/EnydtYyopP",840085,MOO,Fri Oct 13 08:38:06 +0000 2017,@319873 Ooo those are nice! Great work.,
840193,319904,Fri Oct 13 02:40:41 +0000 2017,Ok but seriously @MOO has the best customer service in the world,840192,MOO,Fri Oct 13 08:14:33 +0000 2017,"@319904 Thank you, we're so glad you think so! We always do our best to deliver amazing customer service to all our MOOsters :)",
84115,134495,Thu Nov 30 10:59:01 +0000 2017,"Just got my cards from @moo and...WOW, they look gorgeous!
You are doing an amazing job, i love all the little details. Can't wait to order more.",84114,MOO,Thu Nov 30 11:15:09 +0000 2017,@134495 New cards are so exciting aren't they? So glad you are happy with them :),
84118,134496,Thu Nov 30 09:20:03 +0000 2017,@MOO extended its 30% off until Dec 4th! Sweet! It means more surprises for @4978 customers &amp; partners!,84116,MOO,Thu Nov 30 09:44:12 +0000 2017,"@134496 @4978 Unfortunately, the 30% off ended last night but the fun is continuing with 20% off until December 4th. Sorry about the confusion!",84117
84120,134497,Thu Nov 30 05:25:55 +0000 2017,@MOO can you print spot UV (I think you call it shiny smooth?) on luxe 32pt cardstock?,84119,MOO,Thu Nov 30 09:30:57 +0000 2017,"@134497 Unfortunately, the Spot UV is only available on our Super paper which is 19pt.
You can find our Spot Gloss Business Cards here: https://t.co/kqpnQf68VC",
847894,321516,Fri Oct 20 09:26:56 +0000 2017,"@MOO Seriously, thank you so much for the express service. They're perfect!",847893,MOO,Fri Oct 20 13:17:38 +0000 2017,"@321516 It's a pleasure Flynn! So glad to hear you love them, they look awesome :)",
847896,321516,Thu Oct 19 23:31:38 +0000 2017,"In all the travel chaos, I almost forgot to shoutout @MOO for the super speedy &amp; flawless service! Thank you!! 😚❤️ https://t.co/S16Yg1tkMK",847895,MOO,Fri Oct 20 09:08:33 +0000 2017,@321516 Beautiful! High fives all round.,847894
862879,MOO,Fri Oct 20 17:07:45 +0000 2017,"@38149 2. Breath mints – “Stay fresh out there!”
@38149 #AdobeMAX https://t.co/Qu2NJAW7bp",862878,MOO,Fri Oct 20 17:08:58 +0000 2017,"@38149 3. Always order extra Business Cards – “You can never have too many!” 
@38149 #AdobeMAX https://t.co/vUBHgN0IKN",
862880,MOO,Fri Oct 20 17:04:44 +0000 2017,"@38149 1. Be bold – “Ask questions that are out of the ordinary.” 
@38149 #AdobeMAX https://t.co/Ife5H4bMrl",862879,MOO,Fri Oct 20 17:07:45 +0000 2017,"@38149 2. Breath mints – “Stay fresh out there!”
@38149 #AdobeMAX https://t.co/Qu2NJAW7bp",862878
862882,MOO,Fri Oct 20 17:03:08 +0000 2017,We talked to our friends at @38149 about the 3 most important tips for making a good #firstimpression at your next event. #AdobeMAX https://t.co/pszfw6xtt4,862880,MOO,Fri Oct 20 17:04:44 +0000 2017,"@38149 1. Be bold – “Ask questions that are out of the ordinary.” 
@38149 #AdobeMAX https://t.co/Ife5H4bMrl","862879,862881"
862884,324894,Thu Oct 19 23:39:12 +0000 2017,@MOO It's not a recent order (a year or so) I was just wondering if the glue (?) fails eventually had a few lying on my desk probably drying out,862885,MOO,Fri Oct 20 15:07:16 +0000 2017,"@324894 This has been known to happen from time to time and it can be caused by humidity, heat or even a missed step in production.",
862884,324894,Thu Oct 19 23:39:12 +0000 2017,@MOO It's not a recent order (a year or so) I was just wondering if the glue (?) fails eventually had a few lying on my desk probably drying out,862883,MOO,Fri Oct 20 15:08:21 +0000 2017,@324894 We'd be happy to replace the cards or issue you a credit for the cards. Please let us know what works best for you :),
862887,324894,Thu Oct 19 23:07:25 +0000 2017,"@MOO Are LUXE business cards supposed to fall apart when out and about (air) for too long, because mine just did. Ones kept in box are fine.",862886,MOO,Thu Oct 19 23:23:00 +0000 2017,"@324894 Hello, sorry to hear this happened! Can you DM us your order # and possibly a picture of this so we can take a look?",862884
863228,324987,Mon Oct 30 09:36:12 +0000 2017,"สนใจงานพิมพ์เสื้อ สกรีนเสื้อ เน้นคุณภาพ
Line ID : @moo-moo 
website : www.ร้านพิมพ์เสื้อ.com
#พิมพ์เสื้อยืด #สกรีนเสื้อยืด #พิมพ์เสื้อยืดDTG https://t.co/YuQITj5Gzc",863227,MOO,Mon Oct 30 09:57:06 +0000 2017,"@324987 Unfortunately, we do not print on fabric as MOO is a paper-based printing company. Very sorry!",
871953,327012,Fri Oct 13 13:14:18 +0000 2017,@MOO @327013 It was a foil print on both sides question you just answered :) cool you can do both in gold - but can you do silver foil? ✨,871955,MOO,Fri Oct 13 13:18:56 +0000 2017,"@327012 @327013 Oh ok awesome! Sadly, we just offer Gold Foil at this moment in time :(",
871954,327012,Fri Oct 13 12:19:44 +0000 2017,@327013 @MOO can you do this? :),871952,MOO,Fri Oct 13 13:10:07 +0000 2017,"@327012 @327013 Hi Jess, can you please let us know your question we can't see it :(?",871953
871956,327013,Fri Oct 13 12:21:43 +0000 2017,"@327012 @MOO Checked on their website and they only do gold on one side. What I am asking for is either extremely rare, or impossible to actually do. :o",871959,MOO,Fri Oct 13 13:09:22 +0000 2017,@327013 @327012 Hi! We can print the Gold Foil on both sides of the card and at no extra cost :),"871960,871961"
871960,327014,Fri Oct 13 13:15:31 +0000 2017,"@MOO @327013 @327012 I always print my cards with Moo, it's great quality!",871962,MOO,Fri Oct 13 13:19:37 +0000 2017,@327014 @327013 @327012 Thanks for your awesome feedback! Sending you lots of love back :),871963
871961,327013,Fri Oct 13 13:20:18 +0000 2017,@MOO @327012 Gold may have to be the one! I think it will still look great! - I assume having Gold on both sides is an option when ordering online? :),871964,MOO,Fri Oct 13 19:11:15 +0000 2017,@327013 @327012 It will be an option online when ordering :),
871967,327016,Fri Oct 13 12:38:07 +0000 2017,New business cards FTW! Thanks @moo #goldfoil #businesscards https://t.co/JEkb8HsykX,871966,MOO,Fri Oct 13 13:07:30 +0000 2017,@327016 New cards are so exciting aren't they? So glad you love them!,
877163,328236,Mon Oct 09 20:47:24 +0000 2017,"@MOO Ohhhhhh, you diamonds! Thank you so much!",877162,MOO,Mon Oct 09 20:50:36 +0000 2017,@328236 You are most welcome!,
877165,328236,Mon Oct 09 18:14:07 +0000 2017,@MOO I missed my delivery and I think it's since been returned to sender! Can you help at all?! 😞,877164,MOO,Mon Oct 09 20:38:25 +0000 2017,"@328236 Yikes, Kristy! We've reprocessed the order, upgraded the shipping to DHL Express, and the replacement set will arrive on 10/13.",877163
883288,329750,Fri Oct 20 18:23:50 +0000 2017,.@Moo I just received my first set of business cards and just wanted to say: I love you.,883286,MOO,Fri Oct 20 18:26:14 +0000 2017,@329750 We love you too!,883287
883291,329751,Fri Oct 20 17:15:24 +0000 2017,@MOO do you guys still honor the promo code from Circles Conference?,883290,MOO,Fri Oct 20 18:21:51 +0000 2017,"@329751 Hello, Patrick!  Can you DM us the code so we can look into that for you?",
897337,333091,Sat Nov 25 07:17:04 +0000 2017,@333092 @333093 @MOO There are some coming your way 😎,897336,MOO,Sat Nov 25 10:21:54 +0000 2017,"@333091 @333092 @333093 Always lovely to see the results, thank you so much for sharing!",
927594,340077,Fri Oct 13 14:54:35 +0000 2017,well played @MOO 👏 now that's a premium placement! (feat. @115890 @122427) https://t.co/llxIG97HPt,927593,MOO,Fri Oct 13 19:15:24 +0000 2017,@340077 @115890 @122427 We know what we're doing ;),
956229,346890,Wed Oct 11 08:30:08 +0000 2017,We 💛 a good business card &amp; are especially fond of ours from @MOO Here's some more from @32012 https://t.co/psmpDawqHQ https://t.co/rVQmYnmB0z,956227,MOO,Wed Oct 11 10:01:41 +0000 2017,@346890 @32012 They look lovely! So glad you are pleased with them.,956228
960200,166366,Thu Nov 30 21:14:34 +0000 2017,"Sold! Through @21262 @21263 - on the right is one of my new packaging stickers made by @MOO - you get a free one with every purchase! 
https://t.co/3E1yDX4FuM

#paintings #art #dipdab https://t.co/0gQ2c1zIox",960198,MOO,Thu Nov 30 21:17:32 +0000 2017,"@166366 You my friend, have some really cool art!",960199
960870,348027,Thu Nov 30 20:48:36 +0000 2017,@MOO Is is okay to move this to direct messages? (Jus don't want Togo through orders and stuff publicly).,960868,MOO,Thu Nov 30 20:59:11 +0000 2017,"@348027 If you can DM us your order #,  issue, and any pictures, we can look into this for you!",960869
960872,348027,Thu Nov 30 20:08:14 +0000 2017,@MOO Is there any sort of refund/reprint policy if 1/3 of an order is misprinted?,960871,MOO,Thu Nov 30 20:35:08 +0000 2017,@348027 We're so sorry to hear there has been an issue with your cards and are happy to help. What is your order number?,960870
963102,348554,Thu Nov 30 19:53:45 +0000 2017,It’s such a pleasuring working with @MOO but their shipping with @348555 is an absolute nightmare. Shipping to a business office and they still try and deliver up to 9pm 🤦‍♂️,963100,MOO,Thu Nov 30 20:01:05 +0000 2017,"@348554 @348555 We've refunded the shipping charges in full. Please let us know if you have any issue getting the order delivered. We see it has cleared customs and should be delivered tomorrow (fingers crossed).
https://t.co/c8cUDZOUSH",963101
963791,348755,Wed Oct 11 11:26:20 +0000 2017,We LOVE getting deliveries from the team over at @MOO. Check out our fresh new business cards! #MOOcards #BOSH #gogetemtiger https://t.co/UYwqf2C1wL,963790,MOO,Wed Oct 11 13:29:12 +0000 2017,"@348755 We LOVE printing them! They look awesome, thanks for sharing :)",
982249,352896,Wed Oct 11 16:38:25 +0000 2017,Can I have @MOO business cards even though I don’t own a business? They are too cute!,982248,MOO,Wed Oct 11 20:21:58 +0000 2017,"@352896 Heck yes you can, Sam!",
988954,354315,Sat Oct 14 09:34:09 +0000 2017,Mum sure does love her stickers. 🔵 Best iPad ever! 🔴 Thank you @moo. ⚪️ #teamcromar #itsgreattocreate #inthepink https://t.co/RYTFu6Eo98 https://t.co/FEq94lKsjG,988953,MOO,Sat Oct 14 09:48:06 +0000 2017,@354315 That's a lovely idea! Thanks for sharing.,
988956,354316,Sat Oct 14 08:39:29 +0000 2017,You've just got love the way @moo package their parcels! #waxseal #businesscards… https://t.co/E1XYin3Yvv,988955,MOO,Sat Oct 14 09:47:25 +0000 2017,@354316 We are glad you love your order :),
988958,173677,Fri Oct 13 21:52:43 +0000 2017,Moo cards- the reprint! @moo #moo https://t.co/txigXcm9b8,988957,MOO,Sat Oct 14 08:12:20 +0000 2017,@173677 Stunning cards indeed! Thank you for sharing :),
988960,354317,Sun Oct 22 16:44:52 +0000 2017,@MOO The ads you have don’t seem like they are real people with real businesses. The rollercoaster one,988962,MOO,Mon Oct 23 10:34:57 +0000 2017,@354317 Thanks for letting us know! We'll be sure to pass your feedback along to our marketing teams.,
988961,354317,Sat Oct 14 03:33:41 +0000 2017,"@MOO  seeing real people who work hard make me want to support a business, businesses who help small guys. That’s what makes you warm",988959,MOO,Sat Oct 14 08:00:34 +0000 2017,@354317 We couldn't agree more! Which ads are you referring to?,988960
996919,356067,Sat Nov 25 01:50:09 +0000 2017,Got some fresh bcards!! @MOO https://t.co/52zWF4VSWF,996918,MOO,Sat Nov 25 16:40:24 +0000 2017,"@356067 New cards are so exciting, aren't they? Thank you so much for sharing, Emely :)",
996921,356068,Sat Nov 25 01:21:26 +0000 2017,Maggie’s new business is called “Please Can I Have”. We designed business cards today and she and I dropped them around the neighborhood. All her idea. As is the hourly rate which I’m sure will increase after she gets her first job! #entrepreneur #womeninbusiness @MOO https://t.co/6mJT0MasHo,996920,MOO,Sat Nov 25 16:38:02 +0000 2017,"@356068 It's never too early to start networking. Really cute! 

Good luck with your first Job, Maggie!",
