customer_tweet_id,customer_author_id,customer_created_at,customer_text,brand_tweet_id,brand_account,brand_created_at,brand_reply,brand_response_tweet_id
1011022,359220,Thu Oct 12 00:35:56 +0000 2017,@154872 wonderfully pleasant &amp; helpful customer service via phone 2nite #Linda,1011021,KeyBank_Help,Thu Oct 12 11:32:00 +0000 2017,"@359220 Hi Sue: Thanks for the shout out and kinds words, we really appreciate it. We're a post away if you need us!! ^LH",
1012699,359631,Sat Oct 14 13:08:51 +0000 2017,@KeyBank_Help Ive been trying to transfer money to pay for my auto loan but it isn't working,1012698,KeyBank_Help,Sat Oct 14 13:16:00 +0000 2017,@359631 Hi Ana - are you getting some type of error or is there another issue? Please let us know. ^ JK,
1012703,359633,Sat Oct 14 00:31:19 +0000 2017,"@154872 I'm so disappointed with the service I received in Rutland, VT paying my bill. The man was very rude and condescending, Not happy!",1012702,KeyBank_Help,Sat Oct 14 12:09:00 +0000 2017,@359633 Hi Taylor - I'm sorry to hear you had a poor experience. Can you please follow/DM us more info about what happened? ^ JK,
1012706,359634,Sat Oct 14 00:24:50 +0000 2017,@KeyBank_Help so I want to say thank you for reaching out to me and resolving my issue,1012704,KeyBank_Help,Sat Oct 14 12:01:26 +0000 2017,"@359634 You're welcome Janie, I'm glad we were able to get this resolved for you. ^ JK",1012705
1053919,369015,Sat Oct 14 12:54:17 +0000 2017,I swear I hate key bank already 😕,1053918,KeyBank_Help,Sat Oct 14 20:05:27 +0000 2017,"@369015 Hey, is there something we can help out with? Please follow/DM more info and we are happy to help. ^ JK",
1053921,369016,Sat Oct 14 16:42:11 +0000 2017,"Email from @154872 ""Thx 4 enrolling in KeyBank Online"" but I have no accts there. Called. ""We know, just delete it"" #suspicious @123321",1053920,KeyBank_Help,Sat Oct 14 19:54:29 +0000 2017,"@369016 the email was sent by mistake. If you have any questions, please follow/DM and we'd be happy to help. ^ JK (2/2)",
1053921,369016,Sat Oct 14 16:42:11 +0000 2017,"Email from @154872 ""Thx 4 enrolling in KeyBank Online"" but I have no accts there. Called. ""We know, just delete it"" #suspicious @123321",1053922,KeyBank_Help,Sat Oct 14 19:54:00 +0000 2017,@369016 Hi Lainie - we apologize for the email and assure you that you were not enrolled in anything w/o your permission. (1/2),
1060395,166837,Mon Oct 23 00:21:58 +0000 2017,We’re off to a pretty bad start @154872,1060394,KeyBank_Help,Mon Oct 23 11:13:00 +0000 2017,"@166837 Hi A.J. what's going on? If there's something I can help you with, follow/DM your contact # and I'll be in touch. ^LH",
1076036,373889,Sat Nov 25 16:55:35 +0000 2017,@KeyBank_Help go fuck youself,1076035,KeyBank_Help,Sat Nov 25 16:57:05 +0000 2017,@373889 Let us know if you change your mind. Have a great weekend! ^ JK,
1076039,373889,Sat Nov 25 16:28:32 +0000 2017,200  dollars in fees from key bank WHAT THE FUCKKK,1076037,KeyBank_Help,Sat Nov 25 16:54:28 +0000 2017,@373889 Hi - was there something we could help out with? Please follow/DM us more information and we'd be happy to help. ^ JK,"1076036,1076038"
1094064,378215,Mon Oct 23 20:21:03 +0000 2017,@KeyBank_Help I am unable to download transactions to my Quicken account. I already contacted them and was told the problem not on their end,1094065,KeyBank_Help,Fri Oct 27 14:22:35 +0000 2017,@378215 Mike-We've fixed the outstanding issue. Please let us know if you're still having issues. Thank you. ^CS,
1094064,378215,Mon Oct 23 20:21:03 +0000 2017,@KeyBank_Help I am unable to download transactions to my Quicken account. I already contacted them and was told the problem not on their end,1094063,KeyBank_Help,Mon Oct 23 20:44:40 +0000 2017,"@378215 Hello Mike, to discuss workarounds please contact our Financial Management support team at 1-800-539-1539, option 3. ^PG",
1094067,378216,Mon Oct 23 23:37:27 +0000 2017,@KeyBank_Help I called a few times last week just to hear “we are working on it.”  I understand this takes some time but I need this to be working.,1094069,KeyBank_Help,Fri Oct 27 14:09:01 +0000 2017,@378216 Drew-I received word they fixed the outstanding issue. Can you please try and let us know if you're still having issues? ^CS,
1094068,378216,Mon Oct 23 19:34:34 +0000 2017,@KeyBank_Help Any idea when the online banking/Quicken Export error will be corrected?  Its been over a week now without a resolution.,1094066,KeyBank_Help,Mon Oct 23 20:43:30 +0000 2017,@378216 Hi Drew! For any questions around Quicken you would need to contact our support team at 1-800-539-1539 please. Thank you. ^CH,1094067
1119551,210286,Mon Oct 23 22:33:25 +0000 2017,@KeyBank_Help Your customer service is a joke. I will be pulling all my business and letting all my clients know how terrible you treat your clients,1119549,KeyBank_Help,Mon Oct 23 22:43:27 +0000 2017,@210286 We would hate to see you go.  If you change your mind and want to provide us details we will be happy to look into it. ^JF,1119550
1119553,210286,Mon Oct 23 22:21:37 +0000 2017,I encourage anyone who values their banking relationship to NOT go to @154872 ... worst organization I've ever dealt with.,1119552,KeyBank_Help,Mon Oct 23 22:31:51 +0000 2017,@210286 Hi Pasha- Is there anything we can look into for you. Please provide us with some more details on the situation.  Thanks.^JF,1119551
1126463,385611,Sun Oct 15 01:56:06 +0000 2017,@48407 last download to Quicken (from within Quicken) was 9/29/19 (Quicken 2017 ) .  Tried to download .QFX today and it fails too.,1126462,KeyBank_Help,Sun Oct 15 12:15:19 +0000 2017,@385611 Hi- Sorry to hear that you are having trouble downloading transactions. Our PFM team can be reached at 800-539-1539 for help. ^PG,
1126463,385611,Sun Oct 15 01:56:06 +0000 2017,@48407 last download to Quicken (from within Quicken) was 9/29/19 (Quicken 2017 ) .  Tried to download .QFX today and it fails too.,1126464,KeyBank_Help,Fri Oct 27 13:51:30 +0000 2017,@385611 LowcarbNY-We've implemented a fix for the issue. Please try to use as needed and let us know if you're still having issues. ^CS,
1132962,386974,Tue Oct 24 00:02:29 +0000 2017,@154872 your online portal is the worst experience ever. Been trying to login for over an hour. It doesn’t let me login. I’ve reset 5 times,1132961,KeyBank_Help,Tue Oct 24 11:23:49 +0000 2017,@386974 Sounds like your frustrated. I'd be happy to take a look at what's going on. Please follow/DM your contact # ^LH,
1155222,391757,Sun Oct 15 18:05:12 +0000 2017,@KeyBank_Help I’m not sure but I got emails confirming my order and that me eGift should arrive within minutes,1155224,KeyBank_Help,Sun Oct 15 18:19:32 +0000 2017,@391757 thanks- If your gift cards do not arrive within the next few minutes contact our rewards team by phone at 1-888-333-7780. ^PG,
1155223,391757,Sun Oct 15 17:45:45 +0000 2017,@KeyBank_Help I redeemed a $100 Marshall’s gift card and a $50 footlocker gift card,1155221,KeyBank_Help,Sun Oct 15 17:57:29 +0000 2017,@391757 Thank you! Did you choose to receive the gift cards electronically or by mail?  ^PG,1155222
1155226,391757,Sun Oct 15 17:36:31 +0000 2017,@KeyBank_Help I recently purchased 2 gift cards from the rewards program but have no idea how to use them,1155225,KeyBank_Help,Sun Oct 15 17:43:01 +0000 2017,"@391757 Hi there, may we ask what rewards you redeemed for? ^PG",1155223
1155228,391758,Sun Oct 15 15:04:56 +0000 2017,"@KeyBank_Help , even though I live in VA But opened my account in PA?",1155227,KeyBank_Help,Sun Oct 15 15:12:33 +0000 2017,@391758 Hi there. Because you are currently in VA you are not eligible to open a new account. We appreciate your interest in Key. ^PG,
1179586,397416,Tue Oct 24 13:25:46 +0000 2017,"Whatever you do, don't do business with @154872",1179585,KeyBank_Help,Tue Oct 24 13:59:00 +0000 2017,"@397416 Hi, what happened?  Please follow and DM your full name and contact phone # with zip code. Include info on your concerns. Tks. ^JL",
1179588,397417,Tue Oct 24 12:58:23 +0000 2017,KeyBank is really pissing me the fuck off.,1179587,KeyBank_Help,Tue Oct 24 13:31:54 +0000 2017,"@397417 Hey Skye, what's making you say this? ^PG",
1179590,397418,Mon Oct 23 22:06:46 +0000 2017,I could literally cry I hate key bank 😒😒😒😒,1179589,KeyBank_Help,Tue Oct 24 13:25:00 +0000 2017,@397418 Natalia-Was there anything I can help with? Feel free to let us know how we can help you. ^CS,
1228624,408234,Tue Oct 24 23:05:24 +0000 2017,@KeyBank_Help the level of incompetency your customer service dept displays is seriously unparalleled,1228623,KeyBank_Help,Wed Oct 25 11:34:25 +0000 2017,"@408234 Hanna, so I can get additional information on your concerns. Please DM us your contact phone number and zip code. Thank you.^JL",
1264397,275141,Thu Oct 26 11:43:53 +0000 2017,@KeyBank_Help You might want to call your own specialist....I’ve called a few time “They are aware of the problem but no ETA on the when it will be fixed”,1264399,KeyBank_Help,Fri Oct 27 14:05:01 +0000 2017,@275141 Jeff-I've received word they fixed the issue. Can you please try and let us know if you're still experiencing issues. ^CS,1264400
1264398,275141,Wed Oct 25 21:57:46 +0000 2017,"Should I try  2 download my @154872 transactions,  
Nope day 12 of the @24775 is unable to complete your request OL_221-A  #SMH",1264396,KeyBank_Help,Thu Oct 26 11:21:00 +0000 2017,"@275141 Jeff, Please call our specialists at 1-800-539-1539, they are happy to help you with this issue. ^LH",1264397
1264401,182132,Thu Oct 26 12:55:12 +0000 2017,@275141 @154872 @24775 Something as simple as a file download raises concerns about what else could be broken that's more critical. :/,2084311,KeyBank_Help,Fri Oct 27 14:00:40 +0000 2017,@182132 Bill-We've made some updates. Please try to use as needed and let us know if you're still having issues. Thank you. ^CS,2084312
1335045,431430,Thu Oct 26 21:47:02 +0000 2017,Key bank is the worst bank ike im bout to go back to Wesbanco stg,1335044,KeyBank_Help,Fri Oct 27 13:25:29 +0000 2017,"@431430 Hey Nate, what's going on? Provide us some more info and we'd be happy to help out. ^ JK",
1441341,454414,Thu Nov 02 07:37:57 +0000 2017,Hey @154872  Someone’s trolling your customers.  I haven’t been a client for 25 years &amp; we didn’t have online anything then #phishing https://t.co/x42NXcOQHG,1441342,KeyBank_Help,Thu Nov 02 12:08:00 +0000 2017,"@454414 Hi, Robocalls and Texts and emails can be very frustrating. These messages/phone calls are a phishing scam.  (1of2) ^JL",
1441341,454414,Thu Nov 02 07:37:57 +0000 2017,Hey @154872  Someone’s trolling your customers.  I haven’t been a client for 25 years &amp; we didn’t have online anything then #phishing https://t.co/x42NXcOQHG,1441340,KeyBank_Help,Thu Nov 02 12:08:29 +0000 2017,@454414 Please continue to disregard them.  For information on phishing and SMiShing scams see   https://t.co/6I5JHr4iim (2of2)   ^JL,
1478761,463388,Thu Nov 30 22:36:53 +0000 2017,"@154872, you have an asshole on your payroll: Evan Wingren.

Go fuck yourselves.",1478759,KeyBank_Help,Thu Nov 30 22:55:25 +0000 2017,"@463388 Hi Miguel, was there something that we could help you out with? Feel free to follow/DM us if you need to. ^ JK",1478760
1579034,486249,Sat Nov 04 17:38:15 +0000 2017,@154872 kind of upset that I didn't get uncharged of all of the overdraft charges that had showed up on my acct &amp; first time to ever happen,1579033,KeyBank_Help,Sat Nov 04 17:50:00 +0000 2017,@486249 Hi Sydney - I'd be happy to look into this for you can you follow/DM us your phone number? Thanks ^ JK,
1630655,275141,Tue Oct 17 11:41:26 +0000 2017,Not sure who is to blame but I am now irritated..Since Saturday I am unable to download transactions into @24775 from @154872 QL-221-A,1630653,KeyBank_Help,Tue Oct 17 11:47:00 +0000 2017,"@275141 Hi Jeff: That's frustrating for sure. I would recommend calling our Specialists at 1-800-539-1539, they are happy to help. ^LH",1630654
1653990,187448,Tue Nov 07 21:54:32 +0000 2017,"@KeyBank_Help Ah. Yes, but misplaced it in my move (last week). Most likely ended up in the trash. Any help would be awesome. Thank you!",1653992,KeyBank_Help,Tue Nov 07 22:03:00 +0000 2017,@187448 Can you follow/DM us with your zip code and full name? We will be happy to see what we can do.  Thank you! ^JF,
1653991,187448,Tue Nov 07 18:13:44 +0000 2017,Sure! Thank you! RETK0917 https://t.co/F3clwKhYmM,1653989,KeyBank_Help,Tue Nov 07 21:46:02 +0000 2017,@187448 That particular code requires a direct mailer to have been sent to you.  Did you receive one from us? ^JF,1653990
1653994,504844,Tue Nov 07 21:32:11 +0000 2017,@154872 @KeyBank_Help Thanks for the WORST banking I have EVER experienced!  Glad I have NO ACCESS to my funds while I am IN A FOREIGN COUNTRY #KeyBank @154872,1653993,KeyBank_Help,Tue Nov 07 21:37:39 +0000 2017,"@504844 Hi Madelyn, having access to your account while abroad is important to us. Please DM your phone # and name. We want to help. ^PG",
167175,154871,Fri Nov 24 16:42:39 +0000 2017,"@KeyBank_Help It stalls, then tells me it’s down and to call customer service. But, if I turn off WiFi, the deposit completes its processing. I’ve done this three times now. Happens every time.",167174,KeyBank_Help,Fri Nov 24 16:52:01 +0000 2017,@154871 Please remove and reinstall the app. That should fix the issue for you. Thanks!^CH,
167177,154871,Fri Nov 24 15:04:09 +0000 2017,@154872 Your check deposit feature in your app does not work when connected to WiFi. Why is this?,167176,KeyBank_Help,Fri Nov 24 16:25:26 +0000 2017,"@154871 Hi Erik, the app works both on WiFi and with a cellular internet connection. What is the error message you are getting when you try to deposit a check please? Happy to help. Thanks!^CH",167175
167180,154873,Fri Nov 24 13:25:38 +0000 2017,@KeyBank_Help @154874 You guys are literally the worst bank ever,167178,KeyBank_Help,Fri Nov 24 13:53:24 +0000 2017,"@154873 What's going on, Thomas? Let us know and we would be happy to help out. ^ JK",167179
167182,154874,Fri Nov 24 22:22:48 +0000 2017,@KeyBank_Help Thanks for hinting that I am using an outdated app! Had to take the check to bank where they had no explanation for your shitty app. Hope we don’t get charged for speaking with a teller,167184,KeyBank_Help,Fri Nov 24 23:01:35 +0000 2017,"@154874 Hi Lori! Do you still need help with the app? If so, can you please provide us with more information as to what is not working for you? We are here to help. Thanks!^CH",
167183,154874,Thu Nov 23 14:05:00 +0000 2017,Way to go @154872 . Not only did you charge me $17 in atm fees last month but now your app is not working,167181,KeyBank_Help,Fri Nov 24 12:40:28 +0000 2017,"@154874 Lori, if you are experiencing an online/mobile banking issue. Please call our Digital Solutions Team directly at 1-800-539-1539. Please be sure you are using our most current online/mobile apps. Thank you. ^JL","167180,167182"
1687229,512394,Mon Nov 06 18:58:52 +0000 2017,It's slightly upsetting that my @2064 account requires a more secure login &amp; password than my @154872 account #shoppingprotection,1687228,KeyBank_Help,Mon Nov 06 19:15:29 +0000 2017,"@512394 Tina, please see security link   https://t.co/83wZCFPkzR   Our Digital Solutions Team contact  # 1-800-539-1539 for help ^JL",
1687233,512395,Mon Nov 06 15:37:43 +0000 2017,Poor customer service from @154872 when teller Isabella Putnam leaves me waiting in line while she walks away with her cellphone in hand.,1687232,KeyBank_Help,Mon Nov 06 15:45:34 +0000 2017,"@512395 Hi Nick, we strive to deliver the best in customer service and are sorry this was not the case. We'll send your feedback.^PG",
1705854,314129,Tue Oct 17 15:05:50 +0000 2017,@154872 how are you guys tackling the #EQUIFAX failure.,1705853,KeyBank_Help,Tue Oct 17 15:39:00 +0000 2017,@314129 Hi Cliff- Please check out our page https://t.co/KVi1UnrVqO for more information and tips.Let me know if you have questions.^JF,
1774962,533408,Tue Nov 07 23:38:28 +0000 2017,@154872 Please DM who to contact on death of cardholder?There is not a specific # for it &amp; I'd rather not use general # &amp; be passed around,1774960,KeyBank_Help,Tue Nov 07 23:53:00 +0000 2017,@533408 Hi Winifred - You would need to stop into any local branch with a copy of the death certificate and proper documentation. TY. ^JF,1774961
1790973,537986,Tue Oct 17 19:53:21 +0000 2017,Fucking hate Key Bank in Hudson. 😒,1790972,KeyBank_Help,Tue Oct 17 20:12:32 +0000 2017,@537986 Would you mind sharing some details around your frustrations Brie? If so send a private message I'd be happy to help. ^CS,
1790975,407513,Tue Oct 17 17:28:16 +0000 2017,"@154872 Will there ever be more atm's in the Erie, PA area?",1790974,KeyBank_Help,Tue Oct 17 20:08:38 +0000 2017,"@407513 No promises Jesse, but I'll be happy to share your feedback. Let us know if you need anything else. Have a nice day! ^CS",
1840749,551649,Tue Oct 17 18:10:51 +0000 2017,@154872 Horrific letter today from Key bank department manager of operations  claiming she had not performed an action which was untrue.,1840748,KeyBank_Help,Tue Oct 17 18:41:36 +0000 2017,@551649 Lisa-I'd liked to gain some insight with what's going on. Can you follow/DM us details about the letter you received. Thanks. ^JF https://t.co/SmWwvO7ZmH,
1987951,567795,Wed Oct 18 17:47:44 +0000 2017,"@9107 Yo, @116016 @154872  @128233 would you guys charge me an overdraft fee the next day if I had the money to cover the bill in my account?",1987952,KeyBank_Help,Wed Oct 18 18:03:04 +0000 2017,@567795 We do offer a particular checking account that has no overdraft fees Troy. If you're interested: https://t.co/KyJ0wgZzqd ^CS,2007894
2007775,593717,Wed Oct 18 20:07:44 +0000 2017,@KeyBank_Help Ability to move funds between biz and personal accounts online or in app. Ability to split funds between biz and personal accts. when depositing a check. The latter was available until recently.,2007777,KeyBank_Help,Wed Oct 18 20:18:02 +0000 2017,@593717 Thank you Mark! I have forwarded your suggestions to the appropriate area to be reviewed. There is no ETA but stay tuned. TY!^CH,
2007776,593717,Wed Oct 18 19:57:56 +0000 2017,KeyBank keeps trying to sell me biz lines of credit and credit cards but keeps taking away features that were important to me when it was First Niagara. #NeedNewBank,2007774,KeyBank_Help,Wed Oct 18 20:05:39 +0000 2017,@593717 Hi Mark! We are always looking for ways to improve the client experience. What features were you looking for? Thanks!^CH,2007775
2007787,593720,Wed Oct 18 18:32:24 +0000 2017,@154872 any chance of the atm at NW Couch &amp; 11th in Portland Or getting back online. Been down a week!,2007786,KeyBank_Help,Wed Oct 18 19:51:05 +0000 2017,@593720 Update Tony-this ATM is permanently out of service. You can locate a different one on our site: https://t.co/wRTQFQf11M ^CS,
2007787,593720,Wed Oct 18 18:32:24 +0000 2017,@154872 any chance of the atm at NW Couch &amp; 11th in Portland Or getting back online. Been down a week!,2007788,KeyBank_Help,Wed Oct 18 18:35:02 +0000 2017,"@593720 Tony-Let me check into this. Stay tuned, thanks. ^CS",
2007802,593724,Wed Oct 18 19:14:05 +0000 2017,@154872 your customer support is lacking. I lost my card &amp; none of the options in your phone tree address this &amp; I can't talk to a person 😡,2007800,KeyBank_Help,Wed Oct 18 19:28:30 +0000 2017,@593724 Hi! Sorry for any inconvenience Erica. You may call 800-433-0124 to report your card lost or stolen. ^PG,2007801
2007808,593727,Wed Oct 18 18:40:28 +0000 2017,@KeyBank_Help 2,2007806,KeyBank_Help,Wed Oct 18 18:54:33 +0000 2017,@593727 Thanks again. We apologize for any inconvenience. We ask that you please continue to hold. We will be with you ASAP. ^PG,2007807
2007810,593727,Wed Oct 18 18:37:18 +0000 2017,@KeyBank_Help 18004330124,2007809,KeyBank_Help,Wed Oct 18 18:40:09 +0000 2017,@593727 Thanks you. Do you know what option you selected?^PG,2007808
2007812,593727,Wed Oct 18 18:21:39 +0000 2017,Either Keybank has a lot of fraud cases or they have 1 dude handling calls because I've been on hold for the last 30 mins...,2007811,KeyBank_Help,Wed Oct 18 18:36:37 +0000 2017,@593727 Hi! We want to help. Can we ask what number you dialed? ^PG,2007810
2007894,567795,Wed Oct 18 18:03:40 +0000 2017,@KeyBank_Help Do you all have them nice ATMs with the check deposit???,2007892,KeyBank_Help,Wed Oct 18 18:07:03 +0000 2017,@567795 Troy-Yes we have some upgraded ATM's. And we're in the process of upgrading all of our ATM's. We also offer mobile deposit. ^CS,2007893
2007896,593736,Wed Oct 18 13:26:01 +0000 2017,"Is @154872 and @450598 owned by the same people? Cause they both don't care about their customers, and they both SUCK!!!! #Boycott",2007895,KeyBank_Help,Wed Oct 18 13:49:26 +0000 2017,"@593736 Joe-Was there any issue I can assist with? Let us know what's going on, thank you. ^CS",
201303,163529,Sat Sep 30 21:08:24 +0000 2017,"@KeyBank_Help @163528 It happens all the time, even when it is up to date. #lame",201309,KeyBank_Help,Sat Sep 30 21:17:53 +0000 2017,"@163529 Christopher, if you continue to experience issues with our app, I recommend giving us a call at 1-800-539-1539. ^ JK",
201304,163528,Sat Sep 30 17:08:50 +0000 2017,@KeyBank_Help I’d like an explanation of why that happens,201310,KeyBank_Help,Sat Sep 30 17:19:26 +0000 2017,"@163528 deleting/reinstalling ensures your app is up to date. If it's not getting updated, it can cause this. Glad it's working! ^ JK","201311,201312,201313,201314"
201308,163528,Sat Sep 30 16:49:37 +0000 2017,@154872 this is an unheard of thing for any app except yours - this is silly and unprofessional. Update the app then release a new version https://t.co/bPBMNwfbiU,201302,KeyBank_Help,Sat Sep 30 16:58:00 +0000 2017,@163528 Hi Adam - our app is not currently down or unavailable. Can you try deleting/reinstalling the app? Hope that helps ^ JK,"201303,201304,201305,201306,201307"
201311,163528,Sat Sep 30 17:21:52 +0000 2017,@KeyBank_Help Relaxing to the acrual reason the app isn’t working may make for a friendlier user experience.,201315,KeyBank_Help,Sat Sep 30 17:50:26 +0000 2017,@163528 If you would like to discuss the app more in depth I would recommend calling our Digital Support team at 1-800-539-1539. ^ JK,
201353,163534,Thu Sep 28 01:23:06 +0000 2017,@KeyBank_Help Yeah that's not what I'm talking about.,201355,KeyBank_Help,Thu Sep 28 01:25:12 +0000 2017,@163534 Oh...Can you offer some more context then? ^IM,
201354,163534,Wed Sep 27 21:23:02 +0000 2017,@KeyBank_Help Yep. Because you told a patron that his business is no longer welcome.,201356,KeyBank_Help,Wed Sep 27 21:39:33 +0000 2017,"@163534 If referring what's cycling through the media today, I can say we didn't ask him to end his relationship with us. ^IM",
201354,163534,Wed Sep 27 21:23:02 +0000 2017,@KeyBank_Help Yep. Because you told a patron that his business is no longer welcome.,201352,KeyBank_Help,Wed Sep 27 21:41:56 +0000 2017,"@163534 Thankfully, no one was hurt. We absolutely support law enforcement at Key. I hope you change your mind about us. Thanks. ^IM",201353
201358,163534,Wed Sep 27 21:09:26 +0000 2017,@KeyBank_Help looks like I'll never bank with #KeyBank,201357,KeyBank_Help,Wed Sep 27 21:22:28 +0000 2017,@163534 Hi Brandy- Is there any particular reason why you won't bank with us? Let us know if we can help. Thanks. ^JF,201354
201390,163545,Wed Sep 27 17:04:29 +0000 2017,"@KeyBank_Help When I click on ""Business"" on the website, apparently it doesn't take business users to the business website. Do you see the problem?",201392,KeyBank_Help,Wed Sep 27 17:14:26 +0000 2017,@163545 I just checked. I clicked on Business at https://t.co/OHPmNYTFYk and it works fine. Please see: https://t.co/mTZsgb4JMo Thanks!^CH,
201391,163545,Wed Sep 27 16:24:30 +0000 2017,@KeyBank_Help I'm locked out of my business account again. It's not me. It's you. What is wrong with Key Bank online tools? 🤔On Point ?,201389,KeyBank_Help,Wed Sep 27 16:38:01 +0000 2017,@163545 Hi Sean! Please call our Online Team at 1-800-539-1539 so we can troubleshoot this with you. Happy to help! Thanks!^CH,201390
201519,163589,Sun Sep 24 15:05:59 +0000 2017,@KeyBank_Help What are the hours?,201521,KeyBank_Help,Sun Sep 24 15:11:27 +0000 2017,@163589 You may search locations and hours here: https://t.co/TEKTXjYHWz or please reply with where the ATM you used was. ^PG,
201520,163589,Sun Sep 24 14:50:43 +0000 2017,"@KeyBank_Help I was just at an ATM, didn’t react quick enough and it ate my debit card. Bank is closed today. Is there anything I can do?",201518,KeyBank_Help,Sun Sep 24 15:02:00 +0000 2017,@163589 Hi Doug. To get your KeyBank card back you can stop into the ATM's branch tomorrow. Sorry for any inconvenience! ^PG,201519
203487,164149,Sat Sep 23 21:48:34 +0000 2017,I need you to send @11288 my updated transactions. Your delay is literally costing me money. @154872,203486,KeyBank_Help,Sat Sep 23 22:02:28 +0000 2017,"@164149 Hi Jacob - if you're having trouble with any type of financial software service, please call us at 800-539-1539 ^ JK",
203489,164150,Sat Sep 23 17:34:42 +0000 2017,This key bank notification gotta me reevaluating all the shits lmao smh.,203488,KeyBank_Help,Sat Sep 23 18:12:00 +0000 2017,"@164150 Hello! Is there something we can help out with? Please follow/DM any information, we're happy to help! ^ JK",
206412,164870,Sun Sep 24 11:35:40 +0000 2017,@154872 so how long you gonna hold that business check deposit from a Premier customer? Amazing how withdrawals are reflected in SECONDS.,206411,KeyBank_Help,Sun Sep 24 12:17:25 +0000 2017,"@164870 Good morning, deposit holds can be frustrating. Follow and DM your phone number. We would like to look into this further. ^PG",
2084187,504844,Tue Nov 07 22:48:35 +0000 2017,"Now @KeyBank_Help #KeyBank is asking if I tried getting the card sent to France, as if I hadn't spent an hour on the phone BEGGING for that.",2084186,KeyBank_Help,Tue Nov 07 23:07:00 +0000 2017,@504844 Madelyn please review our reply to your DM about your issue. We'd like to help ^PG,
2084189,166338,Tue Nov 07 21:05:25 +0000 2017,@KeyBank_Help Help me by giving me my account number without driving to my branch,2084188,KeyBank_Help,Tue Nov 07 21:09:00 +0000 2017,@166338 You can locate this info also via online banking or by past statements as an alternative to visiting a local branch. (2/2) ^CS,
2084189,166338,Tue Nov 07 21:05:25 +0000 2017,@KeyBank_Help Help me by giving me my account number without driving to my branch,2084190,KeyBank_Help,Tue Nov 07 21:07:54 +0000 2017,@166338 Kodi-When calling or by social media we cannot provide account number(s) it's for safety and security. (1/2),
2084192,166338,Tue Nov 07 20:43:46 +0000 2017,@154872 sucks,2084191,KeyBank_Help,Tue Nov 07 21:04:00 +0000 2017,"@166338 What in particular did you need help with Kodi? I'd like to see how I can help, let us know. Thank you. ^CS",2084189
2084194,187448,Tue Nov 07 18:05:51 +0000 2017,@154872 excited to take advantage of your $400 new account bonus. Can you please send me a reservation code? Many thanks!,2084193,KeyBank_Help,Tue Nov 07 18:13:06 +0000 2017,@187448 Hi Glori -Can you please provide us with the promotional code for the bonus you are referring to? So we can look into this.TY!^JF,
2084196,616387,Tue Nov 07 15:09:41 +0000 2017,@KeyBank_Help is online banking having issues.  I paid a couple of bills and now it indicates it can’t do transactions on web and mobile,2084195,KeyBank_Help,Tue Nov 07 15:22:01 +0000 2017,"@616387 Hi Bill, nothing reported. Could you try clearing the browser history then deleting and downloading the app again? Thanks^PG",
2084199,553369,Tue Nov 07 14:06:54 +0000 2017,Me on the phone with KeyBank every damn day https://t.co/mBYGemtNdT,2084197,KeyBank_Help,Tue Nov 07 14:30:00 +0000 2017,"@553369 Hi Katie, is there anything we can assist you with? We are glad to help! ^PG",2084198
2084201,227000,Tue Nov 07 13:52:53 +0000 2017,@KeyBank_Help ACH from my bank,2084200,KeyBank_Help,Tue Nov 07 14:24:09 +0000 2017,@227000 Thank you for that info. You may contact us at 800-KEY2YOU (539-2968) #  then 0 to see about having the payment returned. ^PG,
2084203,227000,Tue Nov 07 13:42:10 +0000 2017,@keybank_help Good morning. I accidentally sent a payment to a closed loan. How can I get it refunded?,2084202,KeyBank_Help,Tue Nov 07 13:52:35 +0000 2017,"@227000 Sorry to hear that Colin, how was the payment made? ^PG",2084201
2084206,616389,Tue Nov 07 01:59:55 +0000 2017,@154872 I am so disappointed in the customer service provided by your team. How can you charge someone for items they didn’t receive or use,2084204,KeyBank_Help,Tue Nov 07 12:32:57 +0000 2017,"@616389 Renee, fraud can be very frustrating. If you suspect this has happened to you please call our Fraud Hotline 1-800-433-0124. ^JL",2084205
2084208,131163,Tue Nov 07 00:53:17 +0000 2017,@KeyBank_Help Because I've certainly not had that feature from either of your account types I've had the absolute displeasure of using. #WorstBankEver,2084209,KeyBank_Help,Tue Nov 07 12:22:35 +0000 2017,"@131163 Joshua, please review our Deposit Account Agreement and Funds Availability Policy at   https://t.co/yYa9fWhcKa    (1of2) ^JL",
2084208,131163,Tue Nov 07 00:53:17 +0000 2017,@KeyBank_Help Because I've certainly not had that feature from either of your account types I've had the absolute displeasure of using. #WorstBankEver,2084207,KeyBank_Help,Tue Nov 07 12:23:00 +0000 2017,@131163 If you have additional questions please stop by your local branch for assistance.  Thank you. (2of2) ^JL,
2084212,616390,Mon Nov 06 18:21:14 +0000 2017,@KeyBank_Help I am super frustrated with my local branch and customerservice. My issue wasn't resolved and I need further assistance,2084211,KeyBank_Help,Mon Nov 06 18:29:00 +0000 2017,@616390 Hi Lindsey - What can we help you with today? Please follow/DM us with details on the situation.  Thank you. ^JF https://t.co/SmWwvO7ZmH,
2084215,179516,Sat Nov 04 17:04:07 +0000 2017,hating @154872 today 🙃🙃🙃,2084214,KeyBank_Help,Sat Nov 04 17:32:31 +0000 2017,@179516 Hello - can you let us know what's going on? We'd be happy to help out! ^ JK,
2084218,615927,Sat Nov 04 16:41:03 +0000 2017,@KeyBank_Help I've never seen a KeyBank in Colorado with more than one person on Saturday always an hour wait.,2084216,KeyBank_Help,Sat Nov 04 16:47:00 +0000 2017,@615927 I'll be sure to send that feedback. You can also do a lot of your banking from an ATM and mobile device as well. ^ JK,2084217
2084220,615927,Sat Nov 04 16:34:19 +0000 2017,I wonder if @154872 will ever learn that one bank teller on a Saturday isn't enough.,2084219,KeyBank_Help,Sat Nov 04 16:38:26 +0000 2017,@615927 Hello - can you let us know what branch location this was at? I'd be happy to send this feedback to the appropriate area. ^ JK,2084218
2084222,166349,Sat Nov 04 02:08:30 +0000 2017,"@KeyBank_Help 2mobile deposits have been processed and credited on the 1st yet funds are not in my available monies, why?",2084223,KeyBank_Help,Sat Nov 04 12:19:56 +0000 2017,@166349 Hi Amy - when a mobile deposit is made funds will become available the following business day around 9am. Hope that helps! ^ JK,
2084222,166349,Sat Nov 04 02:08:30 +0000 2017,"@KeyBank_Help 2mobile deposits have been processed and credited on the 1st yet funds are not in my available monies, why?",2084221,KeyBank_Help,Sat Nov 04 12:43:27 +0000 2017,"@166349 If the deposits are still not available, you can follow/DM us your phone number and I'd be happy to look into it. ^ JK",
2084225,615016,Fri Nov 03 21:52:18 +0000 2017,"@KeyBank_Help All I can say is, for the $200 or $250 I was supposed to receive this has been an enormous waste of time &amp; I should have known better",2084224,KeyBank_Help,Fri Nov 03 22:27:26 +0000 2017,@615016 Can you please follow/DM us with your name as it appears on file along with the branch you have been working with? TY. ^JF,
2084231,615016,Fri Nov 03 21:41:18 +0000 2017,"FRAUD ALERT: @154872 does not honor their promotional new deposit accounts! You have been warned, don’t waste your time like I did!",2084230,KeyBank_Help,Fri Nov 03 21:46:00 +0000 2017,@615016 Hi - Is there anything we can help with today?  Please provide us with more details of what happened.  Thank you. ^JF,2084229
2084233,117776,Fri Nov 03 19:32:02 +0000 2017,@KeyBank_Help seems legit 😉 https://t.co/fZOu3k9CrR,2084232,KeyBank_Help,Fri Nov 03 20:13:01 +0000 2017,"@117776 Hi Timbo, this is a typical phishing mail. For some great information on what to do please see: https://t.co/Z4fMX5IKnX Thanks!^CH",
2084237,616391,Fri Nov 03 20:02:37 +0000 2017,"@154872 This PUBLIC promo, accessible by a normal google search, is only good for QUALIFYING HOUSEHOLDS. https://t.co/rN6clmRNa0",2084234,KeyBank_Help,Fri Nov 03 20:08:00 +0000 2017,@616391 Hi Adam - that offer was randomly mailed out to people. If you can follow/DM us your phone number we'd be happy to discuss. ^ JK,"2084235,2084236"
2084240,616392,Fri Nov 03 06:04:04 +0000 2017,if my bank card isn’t in tomorrow i’m suing @154872 for suffering from emotional distress.,2084239,KeyBank_Help,Fri Nov 03 15:24:00 +0000 2017,"@616392 Hi Ambs - Is there anything we can help with? Please follow/DM us with details on the situation, your name, and number. ^JF",
2084242,616393,Fri Nov 03 11:43:10 +0000 2017,"Damnit!! @KeyBank_Help hits me with 1 fee &amp; they remove it &amp; today they hit me with a ""Recurring"" fee tied to what they removed? WHAT GREED",2084241,KeyBank_Help,Fri Nov 03 12:33:30 +0000 2017,"@616393 Gregg, I would be happy to review your account.  Please Follow and DM your contact phone number and zip code.    ^JL",
2084244,616394,Thu Nov 02 21:18:17 +0000 2017,@KeyBank_Help An actual debit card... It's been a nightmare of the month. Just spent 50 minutes on the phone.,2084243,KeyBank_Help,Thu Nov 02 21:21:02 +0000 2017,@616394 (2/2) in the meantime that you can use to withdraw cash and make deposits. Hope this helps. Thank you!^CH,
2084244,616394,Thu Nov 02 21:18:17 +0000 2017,@KeyBank_Help An actual debit card... It's been a nightmare of the month. Just spent 50 minutes on the phone.,2084245,KeyBank_Help,Thu Nov 02 21:20:56 +0000 2017,@616394 (1/2) I recommend to visit a branch with picture ID. The branch can order a new debit card for you and give you an ATM card,
2084247,616394,Thu Nov 02 20:31:23 +0000 2017,"A @154872 ATM ate my card at the end of Sept. 4 different requests for a new card, and I still don't have it. Unreal... seriously, unreal.",2084246,KeyBank_Help,Thu Nov 02 21:15:33 +0000 2017,@616394 Hi Scott! Are you referring to just an ATM card or an actual Debit Card (with a Mastercard  logo on it. Thanks!^CH,2084244
2084250,616395,Thu Nov 02 16:29:18 +0000 2017,@154872 u are actually the worst. 2nd time debit card was compromised and I won’t get over $150 back til over a week. Not like I have bills,2084248,KeyBank_Help,Thu Nov 02 16:54:26 +0000 2017,"@616395 Hi Bicole, investigating claims of fraud can take up to 10 business days. We apologize for the inconvenience. Thank you.^CH",2084249
2084252,462014,Wed Nov 01 23:55:47 +0000 2017,@597110 @616396 WHOS YOUR BANK? Because key bank has been doing the same raggedy shit to me 😭 I'm about to switch to BECU,2084251,KeyBank_Help,Thu Nov 02 13:24:00 +0000 2017,@462014 Deanna-Was there anything I can help with? Let us know what is going on we don't want you frustrated. ^CS,
2084260,616397,Thu Nov 02 12:38:44 +0000 2017,@154872 @KeyBank_Help did you guys send out this email? because of the formatting it looks fake. https://t.co/L6NVWom1o1,2084259,KeyBank_Help,Thu Nov 02 12:46:00 +0000 2017,"@616397 Hi Stacey - this email does not look like it has come from us. Please forward that to us at __email__, thanks! ^ JK",
2084264,594228,Thu Nov 02 00:51:10 +0000 2017,"will never use @154872 -dealing w/estate of Mom, nothing but problems. #customerservicefail no sympathy can’t wait to change #Banks",2084261,KeyBank_Help,Thu Nov 02 12:38:51 +0000 2017,@594228 full name and contact phone number with your mother’s information to  __email__   we will contact them. (2of2)^JL,"2084262,2084263"
2084264,594228,Thu Nov 02 00:51:10 +0000 2017,"will never use @154872 -dealing w/estate of Mom, nothing but problems. #customerservicefail no sympathy can’t wait to change #Banks",2084265,KeyBank_Help,Thu Nov 02 12:38:26 +0000 2017,"@594228 Ron, sorry to hear of your loss. Please have the Executor/Executrix of your mother’s estate send us an e-mail with their(1of2) ^JL",
2084269,616398,Wed Nov 01 21:57:06 +0000 2017,@154872 customer of 10 years and have a to wait two weeks for return of $60 fraud charges. I’ll be moving on to @116827 #byekeybank,2084266,KeyBank_Help,Wed Nov 01 22:05:53 +0000 2017,@616398 Hi Emily! It can take up to 10 business days to complete an investigation. We apologize for the inconvenience.TY!^CH,"2084267,2084268"
2084271,616399,Tue Oct 31 20:54:20 +0000 2017,@154872 There are fake emails going out using keybank as their letterhead #scam #fake,2084270,KeyBank_Help,Tue Oct 31 21:44:32 +0000 2017,@616399 Hi! It's always good to be careful. For some helpful tips and info on what to do please see: https://t.co/Z4fMX5IKnX TY!^CH,
2084273,616400,Tue Oct 31 17:45:17 +0000 2017,"@616401 @ATT @154872 Be mad at ATT, they keep telling us one thing and doing another. Key bank can’t do anything if the charge is still pending.",2084272,KeyBank_Help,Tue Oct 31 17:50:35 +0000 2017,@616400 Hi Kristin - Is there anything we can help you with today? Please provide us with some details of whats going on.  Thanks! ^JF,
2084277,131163,Tue Oct 31 16:14:39 +0000 2017,"@KeyBank_Help Hey, is there some kind of account I can get to actually be able to cash checks or have the money available the same day?",2084275,KeyBank_Help,Tue Oct 31 17:04:00 +0000 2017,@131163 (2/2) can take a few business days. The length of the hold varies. There is no hold on direct deposits. Hope this helps. ^CH,2084276
2084277,131163,Tue Oct 31 16:14:39 +0000 2017,"@KeyBank_Help Hey, is there some kind of account I can get to actually be able to cash checks or have the money available the same day?",2084280,KeyBank_Help,Tue Oct 31 17:02:30 +0000 2017,@131163 (1/2) Hi Joshua! Any paper item may be subject to a hold until we have actually received the funds from the other bank. That,
2084283,228621,Tue Oct 31 14:08:07 +0000 2017,@KeyBank_Help it was just opened over this past weekend so I would assume to use the 021300077,2084281,KeyBank_Help,Tue Oct 31 15:18:06 +0000 2017,"@228621 Victor, that would be the correct ACH to use.  ^JL",2084282
2084285,228621,Tue Oct 31 13:41:37 +0000 2017,@KeyBank_Help @154872 I see I sent a DM as well...does it matter which ach routing number I provide my employer for the direct deposit?,2084284,KeyBank_Help,Tue Oct 31 14:06:17 +0000 2017,"@228621 Vistor, if your account  is a original Key bank account use  ABA 021300077,  for former First Niagara clients use  222370440   ^JL",2084283
2084287,228621,Tue Oct 31 13:18:28 +0000 2017,@KeyBank_Help trying to figure out which routing number I would use to set up direct deposit from my company payroll.,2084286,KeyBank_Help,Tue Oct 31 13:38:33 +0000 2017,"@228621 Victor, you can see a list of our ACH routing numbers at this link by state: https://t.co/jfzKMpRjKU   ^JL",2084285
2084289,548077,Tue Oct 31 12:20:45 +0000 2017,"@KeyBank_Help after being told by chat there’s no way to turn off overdraft protection, I just did it online. 😡 I’m over this bank!",2084288,KeyBank_Help,Tue Oct 31 12:53:33 +0000 2017,"@548077 Endia, for more info on overdraft consent  FAQ’s  please see https://t.co/sRSKtkNlc1   ^JL",
2084291,616393,Mon Oct 30 10:57:49 +0000 2017,@154872 SUUUUCKS   they screw you any way they can even AFTER you previously contact them about a problem  #GreedyCorp,2084290,KeyBank_Help,Mon Oct 30 11:21:33 +0000 2017,"@616393 Hi Gregg, Please follow/DM your contact # so I can give you a call to see if I can do something to help you. ^LH",
2084293,616402,Sun Oct 29 22:13:32 +0000 2017,@154872 you might want to look into this. We are not customers of yours. https://t.co/xOfXBBCNiJ,2084292,KeyBank_Help,Sun Oct 29 22:21:07 +0000 2017,@616402 Hi-Thanks for reaching out. Please forward the email to __email__. For more info visit https://t.co/p8L3Wgd8ou ^PG,
2084297,616403,Sat Oct 28 17:06:26 +0000 2017,Key Bank has a convenience fee of $4. Have they lost their fuckin mind?! How exactly is the bank being inconvenienced THAT much?!,2084294,KeyBank_Help,Sat Oct 28 17:35:41 +0000 2017,"@616403 Hi Daryl - sorry to hear about that, most banks do offer ways to avoid ATM fees, I'd recommend discussing that with your bank ^ JK","2084295,2084296"
2084300,616404,Fri Oct 27 19:32:59 +0000 2017,@KeyBank_Help  Called to activate MC hours ago and cannot use it.  It's happened before. Why can't you customer service agents be trusted?,2084299,KeyBank_Help,Fri Oct 27 19:58:00 +0000 2017,"@616404 Hello Laurie, we already replied to your Facebook message and will help you that way. Thanks.^CH",
2084302,616405,Fri Oct 27 15:19:36 +0000 2017,"Yet another terrible @154872 customer service call.. I'm not sure why I have ""Privilege Checking"" when it's been unsatisfactory since day 1",2084301,KeyBank_Help,Fri Oct 27 15:55:36 +0000 2017,"@616405 Hello Aly,  what happened? We are here to help! Can you please elaborate so we can assist? Thank you!^CH",
2084304,616406,Fri Oct 27 15:41:35 +0000 2017,inefficiencies!  A non customer mst pay $7.50 to cash $164 chk drawn on @154872! WTF So i  deposit in my bank to get hndld two ppl not 1 🙄😡,2084303,KeyBank_Help,Fri Oct 27 15:53:36 +0000 2017,"@616406 (2 of 2)We are just as glad to render the same services to those who aren't clients, we simply ask that you “pay as they go”. ^JF",
2084304,616406,Fri Oct 27 15:41:35 +0000 2017,inefficiencies!  A non customer mst pay $7.50 to cash $164 chk drawn on @154872! WTF So i  deposit in my bank to get hndld two ppl not 1 🙄😡,2084305,KeyBank_Help,Fri Oct 27 15:50:33 +0000 2017,@616406 (1 of 2 )Hi - We are glad to render services to our customers – services they pay for through regular checking account service,2084306
2084308,471383,Fri Oct 27 13:53:38 +0000 2017,@154872 And the acting like refunding the fee was a huge favor. LOL. It’s fine.,2084307,KeyBank_Help,Fri Oct 27 14:03:30 +0000 2017,@471383 Hello - I'm glad that fee got waived for you. Would there be anything else we could help out with? Let us know! ^ JK,
2084315,616407,Thu Oct 26 21:55:01 +0000 2017,@KeyBank_Help That was the entire point of coming to your bank. I don't need to change. I don't need a new bank.,2084313,KeyBank_Help,Thu Oct 26 22:02:00 +0000 2017,"@616407 We may have other offers for you, I would recommend visiting a branch to check on any local promotions.  ^ JK",2084314
2084317,616407,Thu Oct 26 21:15:41 +0000 2017,.@154872 excellent customer relations by turning away someone who wanted the 400 promo because they didn't get your mailer. Lost customer.,2084316,KeyBank_Help,Thu Oct 26 21:41:53 +0000 2017,"@616407 Hi - we would not turn away a potential client, they are welcome to still apply, the $400 bonus would just not be offered ^JK",2084315
2084319,616408,Thu Oct 26 17:25:01 +0000 2017,@KeyBank_Help And why doesn't the posted balance reflect the actual balance after calculating it manually?,2084318,KeyBank_Help,Thu Oct 26 17:53:50 +0000 2017,@616408 Hi Tavie - can you follow/DM us more information regarding the issue with your balances? We'd be happy to go over all that^JK,
2084322,616409,Thu Oct 26 17:03:20 +0000 2017,@KeyBank_Help I have a problem with my account can I DM?,2084321,KeyBank_Help,Thu Oct 26 17:41:00 +0000 2017,@616409 K M-Send a DM with any questions to get started. ^CS,
2084324,118017,Thu Oct 26 16:03:42 +0000 2017,@KeyBank_Help What's the reservation number? I only know the code.,2084323,KeyBank_Help,Thu Oct 26 16:07:00 +0000 2017,@118017 Can you follow/DM us so we can help explain this? ^ JK,
2084326,118017,Thu Oct 26 16:00:39 +0000 2017,@KeyBank_Help Thanks! Will go tomorrow. What's the minimum deposit to open the account?,2084325,KeyBank_Help,Thu Oct 26 16:03:00 +0000 2017,"@118017 As long as you have the code and reservation number, you can open at the branch no problem. Min. deposit would be $50.00 ^ JK",2084324
2084329,118017,Thu Oct 26 15:11:12 +0000 2017,@154872 I want to open an Key Express checking for the bonus with code RETK0717. Online my 10019 zip won't let May I go to w22 branch+code?,2084327,KeyBank_Help,Thu Oct 26 15:28:34 +0000 2017,@118017 Hey Joseph - due to high fraud in that zip area we do ask that you go to a local branch to apply with that code. Thanks ^ JK,"2084326,2084328"
2084332,616410,Wed Oct 25 16:36:56 +0000 2017,Hey @154872 I think your letting someone else use my credit as I don't have any accounts with you yet I keep getting emails!,2084330,KeyBank_Help,Wed Oct 25 16:42:51 +0000 2017,@616410 Hi Elliott - Can you forward the email to __email__ so that our fraud team can take a look into it?  Thank you. ^JF,2084331
2084334,495878,Wed Oct 25 14:33:53 +0000 2017,How are you gonna charge me money for not having money @154872 https://t.co/a5GmwVKhC8,2084333,KeyBank_Help,Wed Oct 25 16:17:14 +0000 2017,"@495878 Hi, we are here to help. Can you elaborate on what happened please? Thanks!^CH",
2084337,616411,Wed Oct 25 14:45:09 +0000 2017,"@KeyBank_Help Mobile deposit; they show as processed and everything on my end. It wasbefore 11pm when they were deposited. ""Details"" on acct says no holds",2084335,KeyBank_Help,Wed Oct 25 14:52:15 +0000 2017,@616411 Got it! Thanks for the info Kyle. Check again at 9AM local time. Those will be made available if there's no additional holds. ^PG,2084336
2084339,616411,Wed Oct 25 14:25:20 +0000 2017,"@KeyBank_Help Deposited two checks yesterday, no holds being shown, beginning balance updated but not available??",2084338,KeyBank_Help,Wed Oct 25 14:43:40 +0000 2017,"@616411 Hi Kyle, how did you deposit the checks? ^PG",2084337
2084341,616412,Wed Oct 25 13:25:35 +0000 2017,@KeyBank_Help What is your policy on post dated checks? Having an issue with my branch AGAIN,2084340,KeyBank_Help,Wed Oct 25 14:30:42 +0000 2017,@616412 Please review your accounts Agreements and Disclosures. Thank you. (2of2) ^JL,
2084341,616412,Wed Oct 25 13:25:35 +0000 2017,@KeyBank_Help What is your policy on post dated checks? Having an issue with my branch AGAIN,2084342,KeyBank_Help,Wed Oct 25 14:30:36 +0000 2017,"@616412 Chad, postdating a check is an agreement between you and the payee to hold the check to that date. (1of1) ^JL",
2084346,616414,Tue Oct 24 20:48:23 +0000 2017,I used to think all banks were the same. Then i started with @154872 and theyve fucked me over so regularly. The difference is astounding,2084345,KeyBank_Help,Wed Oct 25 13:27:20 +0000 2017,"@616414 Was there any outstanding issues you needed help with Atticus? Let us know what's going on, we're here to help. ^CS",
2084348,616415,Wed Oct 25 11:24:35 +0000 2017,I had keybank for a week they terrible,2084347,KeyBank_Help,Wed Oct 25 13:24:20 +0000 2017,@616415 We're sorry you feel that way. Can you let us know what happened? ^ JK,
2084351,616416,Tue Oct 24 20:38:40 +0000 2017,@KeyBank_Help  2 emails to confirm my banking. I am NOT a consumer. called &amp; was told that Key Bank has my email &amp; sent in error. WHY?!,2084349,KeyBank_Help,Tue Oct 24 21:11:11 +0000 2017,@616416 Hi Sandra - Can you forward the email over to __email__ so that our  fraud can take a look into it? Thank you. ^JF,2084350
2084353,616417,Tue Oct 24 18:15:04 +0000 2017,"@154872 I have been waiting for a gift card for over 2 months now from redeeming my reward points, when will I receive it?",2084352,KeyBank_Help,Tue Oct 24 18:21:00 +0000 2017,"@616417 Hi Marie- We would be happy to look into this for you. Please follow/DM us with your zip code, full name, &amp; phone number. ^JF",
2084356,182131,Tue Oct 24 14:01:14 +0000 2017,@KeyBank_Help Still waiting to receive letter in the mail to sign because your atm tried to rob me. Please help.,2084354,KeyBank_Help,Tue Oct 24 14:11:34 +0000 2017,"@182131 Hi Shawn: I can imagine your frustrated, however you can call 1-800-539-2861 to check the status of the dispute you filed. ^LH",2084355
212237,166307,Wed Oct 04 18:17:50 +0000 2017,Y’all are garbage 🖕🏾🖕🏾🖕🏾🖕🏾 @154872 @KeyBank_Help,212236,KeyBank_Help,Wed Oct 04 18:23:00 +0000 2017,@166307 Hi- We definitely don't want you to think that way about us.  Is there anything we can help you with? Just let us know. ^JF,
212240,166308,Wed Oct 04 16:15:52 +0000 2017,@KeyBank_Help in order for me to spend my money. I need to pay money because my card is defective. Sounds like a scam to me.,212238,KeyBank_Help,Wed Oct 04 16:31:31 +0000 2017,"@166308 Hi Justin, there is no fee to replace an expired card. The fee only applies if the card has been damaged or lost / stolen. TY. ^CH",212239
212244,166309,Wed Oct 04 15:39:49 +0000 2017,"@154872 lately:
- hits me w/ a late fee even tho I always pay 100s more than the minimum pmt
- rude when I called to say I'd be in Italy",212241,KeyBank_Help,Wed Oct 04 16:10:40 +0000 2017,@166309 Hi Nicole- Is there anything we can look into or help you with today? Let us know. We will be happy to help. Thank you. ^JF,"212242,212243"
212246,166310,Tue Oct 03 22:10:04 +0000 2017,@KeyBank_Help Tried deleting and reloading the app but still same problem.,212245,KeyBank_Help,Wed Oct 04 13:27:01 +0000 2017,@166310 Anna-Sorry to hear this keeps happening. If it persists I recommend calling our Digital Services at 1-800-539-1539. ^CS,
212249,166310,Tue Oct 03 15:29:59 +0000 2017,@154872 I would like to know why I still am unable to mobile deposit a check without an error message. It's been a month.,212247,KeyBank_Help,Tue Oct 03 15:54:36 +0000 2017,@166310 Anna-I'd like to try and understand what might be happening. What type of error message are you getting? ^CS https://t.co/SmWwvO7ZmH,"212246,212248"
212251,166311,Tue Oct 03 23:39:19 +0000 2017,"@154872 You say I have 11,874 points but I cannot redeem them, why? I am also owed 30,000 points for opening 3 new CDs at Key bank.",212250,KeyBank_Help,Wed Oct 04 11:49:29 +0000 2017,"@166311 Hi, so we can review your missing points first please call us at 1-800-539-2968.  Thank you. ^JL",
212253,166312,Tue Oct 03 22:10:47 +0000 2017,@154872 JF that wld entail a trip to Burlington from Montreal without any guarantee that it would happen,212252,KeyBank_Help,Tue Oct 03 22:45:36 +0000 2017,@166312 Gideon- I would suggest giving the branch a call ahead of time to possibly avoid a trip. ^JF,
212256,166313,Tue Oct 03 19:39:34 +0000 2017,Have officially decided to close my @154872 checking account. Fed up with them and their bull crap :-),212254,KeyBank_Help,Tue Oct 03 19:47:46 +0000 2017,"@166313 Hi, ty for speaking with us yesterday and allowing us the opportunity to address your concerns. Do you require further help? ^CH",212255
212258,123577,Tue Oct 03 15:31:34 +0000 2017,Lol @154872 why do I have to go into a location to verify my Apple Pay,212259,KeyBank_Help,Tue Oct 03 15:50:12 +0000 2017,"@123577 (1/2) Good Morning, it is possible that you will need to visit a branch in person with picture ID for security reasons to",
212258,123577,Tue Oct 03 15:31:34 +0000 2017,Lol @154872 why do I have to go into a location to verify my Apple Pay,212257,KeyBank_Help,Tue Oct 03 15:51:33 +0000 2017,@123577 (2/2) set up Apple Pay.  Account security is very important to us. For locations please see https://t.co/TEKTXjYHWz TY^CH,
212261,166314,Tue Oct 03 12:14:52 +0000 2017,I hate key bank. Closing my account. They change their policies to suit them.,212260,KeyBank_Help,Tue Oct 03 13:38:52 +0000 2017,@166314 Denise-Was there something I can help with? Send us some details with whats bothering you. I'd like to help. ^CS,
212263,166315,Tue Oct 03 02:40:51 +0000 2017,Yo KeyBank really be playing with my fucking money,212262,KeyBank_Help,Tue Oct 03 13:34:00 +0000 2017,@166315 Can I help with anything Denzel? Send us some details around whats going on. I'd like to help you. ^CS,
212265,166316,Tue Oct 03 13:17:51 +0000 2017,"@KeyBank_Help I don’t need options, I need y’all to fix it, I’m done",212264,KeyBank_Help,Tue Oct 03 13:29:32 +0000 2017,@166316 If you change your mind please DM your name and number. We hope you will consider staying with Key. ^PG,
212267,166316,Tue Oct 03 13:06:25 +0000 2017,"@KeyBank_Help What’s the point of having overdraft protection if y’all hit me with fees anyways? It’s dumb af, been going on for too long now",212266,KeyBank_Help,Tue Oct 03 13:15:34 +0000 2017,@166316 We'd really hate to lose your business. DM your phone # for options to avoid these charges. ^PG,212265
212269,166316,Tue Oct 03 12:41:10 +0000 2017,"@KeyBank_Help I’m getting really fucking tired of your BS fees, I’m this fucking close to closing my account with this shitty bank",212268,KeyBank_Help,Tue Oct 03 12:58:55 +0000 2017,"@166316 Hi, we are sorry to hear you are thinking of leaving. What kind of charges are you seeing? We'd like to help. ^PG",212267
212271,166317,Tue Oct 03 10:56:12 +0000 2017,@154872 you guys are literally a disgrace worst bank I've ever used,212270,KeyBank_Help,Tue Oct 03 12:16:26 +0000 2017,@166317 I'd like the opportunity to find out why you feel this way. Please follow/DM your contact info and I'll give you a call. ^LH,
212274,159421,Tue Oct 03 08:23:24 +0000 2017,@KeyBank_Help Hello I have serious issues with my bank accounts.,212272,KeyBank_Help,Tue Oct 03 11:56:00 +0000 2017,@159421 King Jay: What's going on? I'd love to try and help. If you would DM your contact info I'll give you a call today. ^LH,212273
212276,166318,Tue Oct 03 04:14:45 +0000 2017,@KeyBank_Help @154872 https://t.co/oKL4patlQe,212275,KeyBank_Help,Tue Oct 03 11:53:25 +0000 2017,@166318 Hi Jim: Is there something I can help you with? Please follow/DM your contact info and I'll give you a call. ^LH,
212278,166319,Tue Oct 03 02:42:03 +0000 2017,@KeyBank_Help How can I obtain a reservation code for the $400 new checking account offer? RETK0917,212277,KeyBank_Help,Tue Oct 03 11:47:22 +0000 2017,"@166319 Hi Gerald, I'm not finding the marketing code you provided. If you follow/DM your # I can give you a call. ^LH",
212280,166320,Tue Oct 03 01:34:10 +0000 2017,"@KeyBank_Help got a promo mailer today, but the 'reservation code' is invalid according to your website.  💩",212279,KeyBank_Help,Tue Oct 03 11:40:00 +0000 2017,"@166320 Hi Chuck, If you would follow/DM your contact info I'll give you a call and take a look at this for you. ^LH",
212282,166321,Tue Oct 03 01:17:57 +0000 2017,"@KeyBank_Help Thank you, I drove by about 30 min ago and saw the flag lowered. I hope all of your locations receive the memo.",212281,KeyBank_Help,Tue Oct 03 01:19:24 +0000 2017,@166321 We're on the job! Thanks again for bringing this to our attention. ^IM,
212284,166321,Mon Oct 02 22:12:01 +0000 2017,"@KeyBank_Help 300 E Fall Creek Parkway North Dr
Indianapolis, IN  46205
United States",212283,KeyBank_Help,Mon Oct 02 22:15:01 +0000 2017,@166321 Thank you! ^IM,212282
212288,166322,Mon Oct 02 20:18:30 +0000 2017,@KeyBank_Help You are the worst bank. You don't care about your customers and I am so done using you.,212287,KeyBank_Help,Mon Oct 02 20:28:07 +0000 2017,"@166322 Hi, we are sorry to hear this and want to help. What's going on? ^PG",
212290,166322,Sat Sep 16 14:44:54 +0000 2017,Dont use @154872 @KeyBank_Help. Worst company on planet. Im closing my account w them first thing Monday &amp; taking business elsewhere.,212289,KeyBank_Help,Sat Sep 16 15:05:30 +0000 2017,@166322 Good Morning! That is not what we want you to think of us. Please follow and DM your phone number. We'll call to help! TY!^CH,212288
212292,166323,Mon Oct 02 18:51:44 +0000 2017,@KeyBank_Help I have a hassle free account &amp; a express checking account. I just need one for the express checking account,212291,KeyBank_Help,Mon Oct 02 19:00:12 +0000 2017,@166323 Okay! Thanks for the info. You may obtain one for your Key Express Checking. ^PG,
212294,166323,Mon Oct 02 18:41:16 +0000 2017,@KeyBank_Help is it possible to get a sample check from a local branch?,212293,KeyBank_Help,Mon Oct 02 18:50:31 +0000 2017,@166323 Hi Josh! You may visit a branch to obtain a counter check unless you are a Hassle-Free account owner. A charge may apply. ^PG,212292
212296,166324,Mon Oct 02 16:27:36 +0000 2017,Doing big boy things. Setting up my own bank account. @154872,212295,KeyBank_Help,Mon Oct 02 16:40:28 +0000 2017,"@166324 Welcome George! We are happy to have you as a client, &amp; look forward to our relationship. Let us know if you have questions.^JF",
212298,166325,Mon Oct 02 02:32:54 +0000 2017,Key bank is pissing me off not returning my money,212297,KeyBank_Help,Mon Oct 02 13:58:00 +0000 2017,@166325 Hi Simone - can you tell us what's going on? I'd be happy to help out. Follow/DM us if you need to ^ JK,
212300,166326,Mon Oct 02 05:53:53 +0000 2017,"@KeyBank_Help Is Bill pay always down in the late evening? Tried using it twice and get a ""try again later"" message. What's the deal?",212299,KeyBank_Help,Mon Oct 02 11:51:14 +0000 2017,"@166326 Tim, pleases call our Digital Solutions Team directly at 1-800-539-1539 for help when you are experiencing this issue. ^JL",
212302,166327,Sun Oct 01 20:54:48 +0000 2017,WORST. BANK. EVER!!!!!!!! @154872,212301,KeyBank_Help,Sun Oct 01 21:03:00 +0000 2017,@166327 Hi there. Let us know how we can improve.  We'd like to help. ^PG,
212304,166328,Sat Sep 30 18:02:00 +0000 2017,@KeyBank_Help I just got this phishing email - I don't have any acts with you! just trying to report it to someone... https://t.co/xIyZYWmvle,212303,KeyBank_Help,Sat Sep 30 18:09:30 +0000 2017,"@166328 Thanks for the heads up! Can you forward that to __email__, please? Thanks! ^ JK",
212306,166329,Sat Sep 30 15:23:28 +0000 2017,"@154872 Hey @154872. Been waiting 6 weeks for our new debit cards to arrive at our branch.
What's up w that?",212305,KeyBank_Help,Sat Sep 30 15:32:00 +0000 2017,"@166329 That doesn't seem right, follow/DM us your full name and phone number. I'd be happy to look into this. Thanks! ^ JK",
212308,166330,Fri Sep 29 22:41:19 +0000 2017,@154872 I am going to boycott your bank.,212307,KeyBank_Help,Fri Sep 29 22:52:28 +0000 2017,@166330 What happened? We are here to help. Can you provide some details please so we can assist? Thanks.^CH,
212310,166331,Fri Sep 29 20:44:02 +0000 2017,"@KeyBank_Help No, you guys killed the iPad app a few months ago, have to use through web browser now, unless it’s back? If not, bring it back please!",212309,KeyBank_Help,Fri Sep 29 22:51:26 +0000 2017,"@166331 Hi Bryan - we do have an iPad app, it was released in June. Call us at 1-800-539-1539 if you're having trouble finding it ^ JK",
212312,166331,Thu Sep 21 00:17:56 +0000 2017,@154872 when are you going to have Zelle support in your app?  And what’s with no more iPad app? #getwiththetimes,212311,KeyBank_Help,Thu Sep 21 14:44:00 +0000 2017,"@166331 We're in the kitchen with Zelle as we speak: https://t.co/gNHm0C2UHi, so more to come!  No iPad app? Which iPad do you have? ^IM",212310
212314,166332,Fri Sep 29 16:53:36 +0000 2017,@154872 in Fremont ohio sucks! No thank yous just wait wait wait in drive thru! Im the only one,212313,KeyBank_Help,Fri Sep 29 17:08:30 +0000 2017,@166332 (2/2) also offer 24/7 Mobile and ATM banking. No need to wait at the drive through or the branch! Hope this helps. Thanks.^CH,
212314,166332,Fri Sep 29 16:53:36 +0000 2017,@154872 in Fremont ohio sucks! No thank yous just wait wait wait in drive thru! Im the only one,212315,KeyBank_Help,Fri Sep 29 17:07:32 +0000 2017,@166332 (1/2) We apologize for the wait Teresa and have forwarded your message to the right area to be reviewed. As an alternative we,
212317,166333,Fri Sep 29 14:12:55 +0000 2017,@KeyBank_Help is your app and mobile site down? I can't log in to check my account?,212316,KeyBank_Help,Fri Sep 29 14:23:37 +0000 2017,@166333 Hello - we currently don't have any issues with the app or our site. Can you try deleting/reinstalling? Hope that helps ^ JK,
212319,166334,Fri Sep 29 00:38:39 +0000 2017,.@154872 Your app is trash. Don't @ me. Just fix that shit.,212318,KeyBank_Help,Fri Sep 29 11:50:29 +0000 2017,@166334 Also have you tried clearing the cookies &amp; cache?  If you are still having issues call us at 1-800-539-1539 for help.(2of2)^JL,
212319,166334,Fri Sep 29 00:38:39 +0000 2017,.@154872 Your app is trash. Don't @ me. Just fix that shit.,212320,KeyBank_Help,Fri Sep 29 11:49:56 +0000 2017,"@166334 Hi, please make sure your using the newest KeyBank applications at   https://t.co/1zLMzfajf5    (1of2)^JL",
212322,166335,Fri Sep 29 03:31:28 +0000 2017,I need you to send @11288 my updated transactions. Your delay is literally costing me money. @154872,212321,KeyBank_Help,Fri Sep 29 11:37:28 +0000 2017,@166335 Breana-3rd party apps like this actually extract the info from us. I'd recommend contacting them to resolve. Thank you. ^JL,
212324,166336,Fri Sep 29 07:37:57 +0000 2017,@KeyBank_Help Can you tell me what happens to my money when it magically disappears from my bank account when I’m trying to buy groceries??,212323,KeyBank_Help,Fri Sep 29 11:25:00 +0000 2017,@166336 That sounds upsetting. If you would follow/DM your phone number I'll give you a call to see if we can find your money. ^LH,
212326,166337,Thu Sep 28 03:02:59 +0000 2017,@KeyBank_Help I am not aboroad. I am in my living room wondering why in 2017 I can't access my own bank account online.,212325,KeyBank_Help,Thu Sep 28 15:46:27 +0000 2017,@166337 Sorry to hear you're having an error code Bill. Please reach out to our Digital Team at 1-800-539-1539 when you're available.^CS,
212328,166337,Wed Sep 27 21:20:41 +0000 2017,"@KeyBank_Help No time, but still not working.  Error 467.",212327,KeyBank_Help,Wed Sep 27 21:41:00 +0000 2017,"@166337 Bill, we have seen this before when clients are traveling out of the country. Are you abroad? If so can you provide where? ^PG",212326
212330,166337,Wed Sep 27 20:25:57 +0000 2017,"@KeyBank_Help Nope. You're still down.  And yes, I used different browsers, cleared my cache, and moved the antenna to point to the sun.  No dice.",212329,KeyBank_Help,Wed Sep 27 21:02:29 +0000 2017,"@166337 Bill, thanks for checking. We would like to look into this further. Please DM your phone number. ^PG",212328
212332,166337,Wed Sep 27 15:08:31 +0000 2017,"Nothing destroys confidence in your bank like a homepage that won't load, or allowing you to get to your accounts.  Amiright @154872?",212331,KeyBank_Help,Wed Sep 27 15:22:45 +0000 2017,"@166337 Hi Bill - There was a brief issue, but our digital team jumped right on it.  We're back up &amp; running now. Can you log in? ^IM",212330
212334,166338,Thu Sep 28 12:14:59 +0000 2017,@KeyBank_Help I dm you,212335,KeyBank_Help,Thu Sep 28 13:10:27 +0000 2017,"@166338 Kodi, so I can get additional information.  Please follow &amp; DM your contact phone number &amp; zip code. (1of2) ^JL",
212334,166338,Thu Sep 28 12:14:59 +0000 2017,@KeyBank_Help I dm you,212333,KeyBank_Help,Thu Sep 28 13:11:01 +0000 2017,@166338 If you do not wish to provide us with your information please stop by your local branch for assistance. (2of2)  ^JL,
212337,166338,Thu Sep 28 07:11:47 +0000 2017,@154872 your bank fucking sucks! Worst business in the world. If I could i would punch you in the face,212336,KeyBank_Help,Thu Sep 28 11:29:00 +0000 2017,"@166338 Kodi, do you need assistance?  Please follow and DM your with your contact phone # and zip code including info on concerns.^JL",212334
212339,166339,Wed Sep 27 22:37:27 +0000 2017,@KeyBank_Help Or a good reflection on KeyBank.,212340,KeyBank_Help,Thu Sep 28 12:40:41 +0000 2017,@166339 Hi Jan- we did discuss this with our Digital team and they confirmed you can do bulk. I recommend visiting a branch or^JK (1/2),
212339,166339,Wed Sep 27 22:37:27 +0000 2017,@KeyBank_Help Or a good reflection on KeyBank.,212338,KeyBank_Help,Thu Sep 28 12:41:10 +0000 2017,@166339 calling us at 1-800-539-1539 and ask to speak with a supervisor. I apologize for any frustrations this has caused. ^ JK (2/2),
212347,166339,Wed Sep 27 22:12:23 +0000 2017,@KeyBank_Help Most unsatisfactory experience I have had with this bank and customer for 23 years.,212341,KeyBank_Help,Wed Sep 27 22:28:16 +0000 2017,"@166339 Hi Jan, sorry we let you down. Can you provide a little more information on what transaction you were told to manually add? ^PG","212339,212342,212343,212344,212345,212346"
212349,166340,Thu Sep 28 01:20:42 +0000 2017,"@154872 @116016 I've spent the better part of a week trying to talk to @116016 customer support, but they have just made everything worse.",212348,KeyBank_Help,Thu Sep 28 11:09:24 +0000 2017,"@166340 We'd be happy to have you. Let me know if you have any questions, I'd be happy to answer them for you. ^LH",
212352,166341,Wed Sep 27 21:49:51 +0000 2017,@KeyBank_Help Yeah working now,212351,KeyBank_Help,Wed Sep 27 21:56:57 +0000 2017,"@166341 Great! Glad that worked out. If you ever need anything else, you know how to reach us! ^ JK",
212354,166341,Wed Sep 27 21:34:10 +0000 2017,@KeyBank_Help are you fixing the @154872 app it says unavailable,212353,KeyBank_Help,Wed Sep 27 21:46:32 +0000 2017,@166341 Hey Shawn - we don't currently have any issues with our app. Can you try deleting/reinstalling the app? ^ JK,212352
212357,166342,Wed Sep 27 21:37:01 +0000 2017,Does anyone else find the @154872 logo mildly infuriating? https://t.co/xg1I3JEY9p,212355,KeyBank_Help,Wed Sep 27 21:48:01 +0000 2017,"@166342 Any reason in particular, Anna? ^IM",212356
212359,166343,Wed Sep 27 18:48:47 +0000 2017,"No joke! Key Bank of Ohio tells cop who saves tellers to find another bank. #dumbbusinesses
https://t.co/lx5qvxbkK1",212358,KeyBank_Help,Wed Sep 27 21:32:50 +0000 2017,"@166343 We appreciate your concerns on this, though. Thanks for reaching out. ^IM",
212359,166343,Wed Sep 27 18:48:47 +0000 2017,"No joke! Key Bank of Ohio tells cop who saves tellers to find another bank. #dumbbusinesses
https://t.co/lx5qvxbkK1",212360,KeyBank_Help,Wed Sep 27 21:31:28 +0000 2017,"@166343 Hi Greg, At no point was he asked end his relationship with us. We're happy no one was harmed and support law enforcement. ^IM",
212362,166344,Wed Sep 27 17:36:34 +0000 2017,does anyone have any bank recommendations? i'm leaving @154872 asap. can't stand their fees or charges anymore. they keep taking my money.,212361,KeyBank_Help,Wed Sep 27 17:54:32 +0000 2017,@166344 Hi Cathlyn! Is there anything we can help with? Please follow/DM us with details on the situation.  Thank you! ^JF,
212364,166345,Wed Sep 27 16:44:28 +0000 2017,"There isn't a less helpful group of folks on Earth than the people at @154872 . They don't listen, and they 100% don't care. I'm done.",212363,KeyBank_Help,Wed Sep 27 16:53:01 +0000 2017,@166345 We are here to help if you need us Jared! Please follow and DM your phone number to get started. Happy to call! Thanks!^CH,
212366,166346,Wed Sep 27 15:41:31 +0000 2017,@KeyBank_Help how log does it take for an opening deposit to show up in your account? I opened the account on Friday 9/22 and still nothing,212365,KeyBank_Help,Wed Sep 27 15:50:09 +0000 2017,@166346 Hi! It can take up to 5 business days to see the deposit in the account. Please follow/DM us with any other questions.TY!^JF,
212368,166347,Wed Sep 27 14:10:53 +0000 2017,@154872 Long time customer letting u know because of ur marketing it is becoming increasingly difficult 2 find a customer log in Please fix,212367,KeyBank_Help,Wed Sep 27 15:07:35 +0000 2017,@166347 Just wanted to let you know we're back up and running Shannon. Thanks for your patience while we worked on this. ^CS,
212368,166347,Wed Sep 27 14:10:53 +0000 2017,@154872 Long time customer letting u know because of ur marketing it is becoming increasingly difficult 2 find a customer log in Please fix,212369,KeyBank_Help,Wed Sep 27 14:22:24 +0000 2017,"@166347 Our apologies Shannon, we're experiencing some temporary issues and are working on a fix as we speak. Thank you. ^CS",212370
212372,166323,Wed Sep 27 13:03:20 +0000 2017,@KeyBank_Help So within 90 days I should be getting the $100?,212371,KeyBank_Help,Wed Sep 27 13:10:34 +0000 2017,"@166323 If the requirements have been met, yes! DM your phone # or email in from your online banking to confirm you qualified. ^PG",
212374,166323,Wed Sep 27 12:50:15 +0000 2017,@KeyBank_Help when am I going to get my $100 ? I did everything that was asked,212373,KeyBank_Help,Wed Sep 27 13:02:31 +0000 2017,"@166323 Hey Josh, after meeting the requirements please allow 90 days for fulfillment. ^PG",212372
212377,166348,Tue Sep 26 23:23:11 +0000 2017,@154872 @KeyBank_Help 30+ days 2 open an acct &amp; U wnt me 2 snd a util bill evn tho Iv shown 4 IDs in pers? Ridiculous! #noCommonSense,212375,KeyBank_Help,Wed Sep 27 12:20:00 +0000 2017,@166348 I would reach out to your local branch to see if they can help you. (2of2) ^JL,212376
212377,166348,Tue Sep 26 23:23:11 +0000 2017,@154872 @KeyBank_Help 30+ days 2 open an acct &amp; U wnt me 2 snd a util bill evn tho Iv shown 4 IDs in pers? Ridiculous! #noCommonSense,212378,KeyBank_Help,Wed Sep 27 12:19:40 +0000 2017,@166348 Ivan that sounds frustrating however we do need the information  to process the account opening  (1of2) ^JL,
212380,166349,Tue Sep 26 22:55:19 +0000 2017,@154872 Does the hassle free checking account not come with a debit card? My son is banking w/you and just left for basic training #momhelp,212379,KeyBank_Help,Wed Sep 27 11:48:00 +0000 2017,"@166349 Hi Amy, your son can request a Debit Card for his account by calling 1-800-539-2968.  ^JL",
212382,166350,Wed Sep 27 00:00:27 +0000 2017,"@154872 - On the phone with Keybank and manager, but they said they will not honor the bonus since deposit was 4 days late. SAD!",212381,KeyBank_Help,Wed Sep 27 11:23:30 +0000 2017,"@166350 Hello, Did you meet the qualifications for the promotion? If so, I'd be happy to take a look, follow/DM your # and I'll call ^LH",
212385,166351,Tue Sep 26 21:29:39 +0000 2017,Sup @154872 remember when your ATM ate my $1K &amp; then your rep said you'd have it in my account by Tuesday &amp; it's Tuesday &amp; it's not there??,212383,KeyBank_Help,Tue Sep 26 21:55:29 +0000 2017,@166351 Andrew- Please contact us at 800-539-2968 so that we can look into where your funds are for you. Thank you! ^JF,212384
212388,166352,Tue Sep 26 17:07:21 +0000 2017,"@154872 is the WORST and most unorganized piece of shit bank in the fucking world 
TRAIN. YOUR. STAFF. PROPERLY. 
🖕🏼🖕🏼🖕🏼🖕🏼🖕🏼🖕🏼🖕🏼🖕🏼🖕🏼",212386,KeyBank_Help,Tue Sep 26 17:55:37 +0000 2017,@166352 Was there a particular issue I can assist with xtina? Please DM any details and include your full name and phone number. ^CS,212387
212390,166353,Tue Sep 26 16:15:10 +0000 2017,Poor customer service #keybank #KEY,212389,KeyBank_Help,Tue Sep 26 16:39:40 +0000 2017,"@166353 Hi Tracy, Anything I can do to help you? Please follow/DM your phone number and I'll give you a call. ^LH",
212392,166354,Tue Sep 26 14:20:34 +0000 2017,@154872 this is the straw that broke this Camel’s back... I’m DONE with you and your terrible service!!,212391,KeyBank_Help,Tue Sep 26 14:35:00 +0000 2017,"@166354 Hi Anita, do you need help? Please follow &amp; DM your contact phone number and zip code with information on your concern. ^JL",
212394,166355,Tue Sep 26 13:22:17 +0000 2017,"@154872 @KeyBank_Help you've been charging our nonprofit bogus merchant fees, promised to refund them and now crickets? Gr8 cust service!",212393,KeyBank_Help,Tue Sep 26 13:58:00 +0000 2017,"@166355 Hey Chris, I am glad to look into this for you. Please DM your phone number for assistance. ^PG",
212396,166356,Mon Sep 25 22:52:03 +0000 2017,@KeyBank_Help Do you have a direct phone number,212395,KeyBank_Help,Tue Sep 26 13:15:54 +0000 2017,@166356 For security purposes we kindly ask for a DM w/ your name and phone #. Once that is received we're glad to help. Thank you! ^PG,
212400,166357,Mon Sep 25 22:04:27 +0000 2017,@KeyBank_Help Actually traveling for work right now so I can not take the time to call in. I have tried signing out and back in. No luck.,212399,KeyBank_Help,Tue Sep 26 11:29:13 +0000 2017,"@166357 Andy, have you tried clearing your cookies &amp; cache or deleting  your current app and reinstalling version 4.1.2 ? ^JL",
212402,166357,Mon Sep 25 11:59:11 +0000 2017,@KeyBank_Help appears your app is not working since the iOS 11 upgrade. Any time frame on a resolution? https://t.co/gHeZkRkr9X,212401,KeyBank_Help,Mon Sep 25 12:25:01 +0000 2017,"@166357 Andy, please give the Digital Solutions Team a call at 1-800-539-1539. Specialist will be able to look at account setup.^ JL",212400
212404,166323,Mon Sep 25 22:55:50 +0000 2017,@KeyBank_Help can I add someone to my hassle free account ?,212403,KeyBank_Help,Mon Sep 25 22:59:28 +0000 2017,"@166323 Hey Josh, to add someone to your account please stop into your local branch with the person you wish to add. ^PG",
212406,166331,Mon Sep 25 16:00:19 +0000 2017,@154872 when are you going to support zelle???,212405,KeyBank_Help,Mon Sep 25 20:23:00 +0000 2017,"@166331 We'll have something available by end of year, Bryan. Thanks! ^IM",
212408,164149,Mon Sep 25 18:38:48 +0000 2017,I need you to send @11288 my updated transactions. Your delay is literally costing me money. @KeyBank_Help,212407,KeyBank_Help,Mon Sep 25 20:00:02 +0000 2017,"@164149 Hi Jacob, for help with downloading transaction please contact our Digital Services team directly at 800-539-1539 ^PG",
212410,166358,Mon Sep 25 14:30:00 +0000 2017,@154872 Great service at branch on University &amp; Culver Rochester. 3 people greeted me and I got what I needed super fast. Thanks.,212409,KeyBank_Help,Mon Sep 25 14:50:47 +0000 2017,@166358 Thank you for the shout out BullsLawDan we appreciate it! We'll pass along the kudos for you. Have nice day! ^CS,
212412,166359,Mon Sep 25 13:17:23 +0000 2017,@154872 @11286 How is #ReportFraud NOT a button on this screen?! My account is #CURRENTLY being #Hacked!!! @134046 @119341 https://t.co/i26abNHpGh,212411,KeyBank_Help,Mon Sep 25 13:47:33 +0000 2017,@166359 Minhoca-Would you mind sending some details around the issue you're having? DM us your full name &amp; phone number. Thank you. ^PG,
2155482,628940,Wed Nov 08 21:27:34 +0000 2017,"Tried to update my last name on my #keybank credit card, so the branch reordered it, but it came with my old last name. Now over 2wks later, I still don't have my new card @154872 #whattheheck #attempt3 https://t.co/THBP3COPUc",2155481,KeyBank_Help,Wed Nov 08 21:57:26 +0000 2017,@628940 Hey Justine - sorry to hear about the trouble you've had. If you follow/DM us your phone# I'd be happy to look into it. ^ JK,
2155486,633271,Wed Nov 08 21:44:47 +0000 2017,oh shut up. you neanderthals would step over my dead body for the chance to look a fuckin quarter lmao. If you wanna actually help then DM me https://t.co/bZ1jyYrBzi,2155485,KeyBank_Help,Wed Nov 08 21:55:12 +0000 2017,@633271 DM sent! ^PG,
2155488,633271,Wed Nov 08 20:22:31 +0000 2017,RT to tell @154872 to go fuck themselves,2155487,KeyBank_Help,Wed Nov 08 21:32:00 +0000 2017,@633271 Hi there what makes you say this? We would like to help. ^PG,
2155490,633272,Wed Nov 08 20:24:48 +0000 2017,@154872 you might want to check into this email I just got. FYI I'm not a customer of yours https://t.co/ALqLIHb89F,2155489,KeyBank_Help,Wed Nov 08 21:11:00 +0000 2017,@633272 David- Please report this Phish email if you can you can. See how to here: https://t.co/riVkDWcyqH Thank you. ^CS,
2155492,633273,Wed Nov 08 14:56:21 +0000 2017,"@KeyBank_Help I have tried different computers. Different ISPs. Computers, phone, iPad. None of them work.",2155491,KeyBank_Help,Wed Nov 08 15:23:31 +0000 2017,@633273 Please give us a call at 800-539-1539 so that we can take a look into this and get this taken care of.  Thank you. ^JF,
2155494,633273,Wed Nov 08 14:37:50 +0000 2017,@KeyBank_Help This is about as well as I can describe it. https://t.co/eFe1ccxAJG,2155493,KeyBank_Help,Wed Nov 08 14:55:00 +0000 2017,@633273 Have you tried signing off and back in?  Are online banking is up and running at this time. ^JF,2155492
2155496,633273,Wed Nov 08 14:22:38 +0000 2017,I wish @154872 would fix their online accessibility. Has been down for days. App and Computer.,2155495,KeyBank_Help,Wed Nov 08 14:36:00 +0000 2017,@633273 Hi Matt- Can you please provide us with some details of what is going on when you are trying to access us online? TY. ^JF,2155494
2169185,636361,Thu Oct 19 00:00:52 +0000 2017,@154872 y’all should put the transaction history on the online banking app..,2169184,KeyBank_Help,Thu Oct 19 11:50:00 +0000 2017,@636361 If you need additional help call our Digital Solutions Team at 1-800-539-1539.  (2of2) ^JL,
2169185,636361,Thu Oct 19 00:00:52 +0000 2017,@154872 y’all should put the transaction history on the online banking app..,2169186,KeyBank_Help,Thu Oct 19 11:50:00 +0000 2017,"@636361 Hi, to turn on Transaction Balances. Please change your settings from simple to detailed account information.  (1of2) ^JL",
2172009,171040,Wed Nov 08 18:28:50 +0000 2017,@KeyBank_Help Another question. Would I be able to put my check into my mother’s account?,2172008,KeyBank_Help,Thu Nov 09 13:52:24 +0000 2017,"@171040 Kathy, the payees name on the check should match the names on the checking account.  Please check with your local branch. ^JL",
2172011,171040,Wed Nov 08 00:31:58 +0000 2017,@KeyBank_Help can I cash personal checks with you guys? I have an account but I don’t wanna put it in my account,2172010,KeyBank_Help,Wed Nov 08 13:16:40 +0000 2017,@171040 There is no hold on Direct Deposits. Please stop by your local branch for assistance. Thank you. (2of2) ^JL,2172009
2172011,171040,Wed Nov 08 00:31:58 +0000 2017,@KeyBank_Help can I cash personal checks with you guys? I have an account but I don’t wanna put it in my account,2172012,KeyBank_Help,Wed Nov 08 13:16:00 +0000 2017,"@171040 Kathy, any paper check may be subject to a hold until we have actually received the funds from the other bank. (1of2) ^JL",
2172014,397159,Thu Nov 09 11:52:23 +0000 2017,@154872 seriously? Why is your online banking down so much?! The most unreliable bank I've ever dealt with.,2172013,KeyBank_Help,Thu Nov 09 12:52:27 +0000 2017,@397159 The Digital Solutions Team can be contacted at 1-800-539-1539 for servicing when needed. Thank you. (2of2) ^JL,
2172014,397159,Thu Nov 09 11:52:23 +0000 2017,@154872 seriously? Why is your online banking down so much?! The most unreliable bank I've ever dealt with.,2172015,KeyBank_Help,Thu Nov 09 12:52:00 +0000 2017,"@397159 Anthony, our maintenance is completed. Please log into your online or Mobile account.  (1of2) ^JL",
2172014,397159,Thu Nov 09 11:52:23 +0000 2017,@154872 seriously? Why is your online banking down so much?! The most unreliable bank I've ever dealt with.,2172016,KeyBank_Help,Thu Nov 09 12:28:30 +0000 2017,"@397159 Anthony, please accept our apology for the inconvenience. (2of2) ^JL",
2172014,397159,Thu Nov 09 11:52:23 +0000 2017,@154872 seriously? Why is your online banking down so much?! The most unreliable bank I've ever dealt with.,2172017,KeyBank_Help,Thu Nov 09 12:28:00 +0000 2017,@397159 Our app is currently unavailable. We are performing routine maintenance and will restore service as soon as possible. (1of2) ^JL,
2178204,376184,Thu Nov 09 15:24:04 +0000 2017,"@KeyBank_Help Idk some how I got charged 8 overdraft fees...i didn’t know I would get charged if I use my card and it made my account negative even tho I was transferring money right back. You guys customer service did not help me at all, I’ll just stick with my main bank",2178203,KeyBank_Help,Thu Nov 09 16:16:29 +0000 2017,@376184 Sharea-We can understand how frustrating fees are. I'd recommend trying to speak with your local Key branch to see if they can offer any assistance. Only branches can make the final decisions on the fees. If you need help with anything please let us know. ^CS,
2178206,376184,Thu Nov 09 11:34:42 +0000 2017,I gotta go get me a debit card soon as my bank open cause I ain’t swiping that @154872 debit card ever again,2178205,KeyBank_Help,Thu Nov 09 14:20:52 +0000 2017,@376184 Sharea-Was there any issues I can help with? Please let us know what's going on. We'd like to help you. ^CS,2178204
2206861,645226,Thu Nov 09 23:39:45 +0000 2017,@633226 I’ve been with @154872 since I moved out here and have had no problems whatsoever. Stay away from M&amp;T.,2206860,KeyBank_Help,Thu Nov 09 23:53:00 +0000 2017,"@645226 Hi Ryan! Thank you for the shout out.  We are glad to have you as a KeyBank client.  We are always here to help, and look forward to helping you thrive financially.  Have a great night! ^JF",
2221812,648906,Fri Nov 10 13:56:56 +0000 2017,@KeyBank_Help Why is that when I need money from my account you service EVERY ATM at the same time and the branch isn't open. I goto Fifth Third and for a $3.50 fee I can get my money. Feel great about paying for MY money. Not there when I need you to be and I'll be switching 😤,2221810,KeyBank_Help,Fri Nov 10 14:05:43 +0000 2017,@648906 Adam - each ATM is subject to inspection daily. I apologize if these ATMs were unavailable at the time of your visit. You are able to get cash back at the time of a purchase to obtain cash to avoid other banks' ATM charges. ^ JK,2221811
2221814,471383,Fri Nov 10 13:42:11 +0000 2017,back at it with the overdraft charges from @154872 when my account was never in a negative balance 🤔 you guys need a loan?,2221813,KeyBank_Help,Fri Nov 10 13:53:34 +0000 2017,"@471383 Hi Delmo - please follow/DM us more information regarding what happened, including your name and phone number, and we would be happy to look into this for you. ^ JK",
2221816,648907,Fri Nov 10 12:59:51 +0000 2017,@154872 is the WORST bank i have ever dealt with DO NOT i repeat DO NOT BANK THERE!,2221815,KeyBank_Help,Fri Nov 10 13:13:00 +0000 2017,"@648907 Hi, do you need assistance? Please follow &amp; DM your full name &amp; contact phone number with zip code and information on help needed. Thank you. ^JL",
2230479,650900,Fri Nov 10 16:09:51 +0000 2017,This is the second time in less than 2 months that I've received exceptional customer service by reaching out through Twitter. Is traditional CS phone support dead? It is to me. Thank you @KeyBank_Help and @AppleSupport.,2230478,KeyBank_Help,Fri Nov 10 16:12:01 +0000 2017,"@650900 Glad I was able to help out, Luke. Have a great weekend. ^ JK",
2230482,650901,Fri Nov 10 01:47:48 +0000 2017,KeyBank &amp; Metro pcs is a big dub. I gave both of them bad reviews 😂,2230480,KeyBank_Help,Fri Nov 10 15:56:32 +0000 2017,@650901 Hello-Was there anything I can help with? Please let us know what is causing your frustrations. I'd be happy to help you. ^CS,2230481
2230484,650902,Fri Nov 10 14:49:12 +0000 2017,@154872 I have a complaint,2230483,KeyBank_Help,Fri Nov 10 15:47:00 +0000 2017,"@650902 Tyler, so I can address your concerns please follow and DM your contact phone number and zip code with additional information on your servicing needs. Thank you. ^JL",
2230486,650903,Fri Nov 10 06:07:55 +0000 2017,@154872 Are there any Seattle branches that will be open this Saturday 11/11? Thanks,2230485,KeyBank_Help,Fri Nov 10 15:26:30 +0000 2017,@650903 Lydia-All branches will be closed tomorrow on 11/11 due to the holiday. Please let us know if you need anything else. Thank you ^CS,
2230488,650900,Fri Nov 10 15:09:48 +0000 2017,@KeyBank_Help What next JK?,2230487,KeyBank_Help,Fri Nov 10 15:15:03 +0000 2017,"@650900 Luke, if you let us know what is going on we can try to help you out. Just reply here or if you prefer you can follow us and send a direct message. ^ JK",
2230490,650900,Fri Nov 10 14:29:03 +0000 2017,@154872 Congratulations on losing a customer of nearly 20 years.,2230489,KeyBank_Help,Fri Nov 10 14:38:27 +0000 2017,"@650900 That's not what we like to hear, Luke. Can you let us know what is going on? We are happy to help out. ^ JK",2230488
2230492,650904,Fri Nov 10 14:29:47 +0000 2017,@KeyBank_Help What about New York City? Anything different?,2230491,KeyBank_Help,Fri Nov 10 14:45:01 +0000 2017,"@650904 Jimit, all Key Bank accounts opened in New York State would use the same ACH routing numbers  021300077 or 222370440.  ^JL",
2230494,650904,Fri Nov 10 14:03:19 +0000 2017,"@KeyBank_Help Morning, What's the key Bank routing number for direct deposit within NYC ?",2230493,KeyBank_Help,Fri Nov 10 14:19:52 +0000 2017,"@650904 Jimit, you can see a list of our ACH routing numbers at this link by state: https://t.co/jfzKMpRjKU  
For NY State ACH Routing: 021300077 or  222370440    ^JL",2230492
2230496,650905,Fri Nov 10 13:33:09 +0000 2017,I got charged a foreign ATM fee for using my key bank card in the ATM at a key bank branch? Makes nothing but sense.,2230495,KeyBank_Help,Fri Nov 10 14:42:01 +0000 2017,"@650905 Hi Adam, do you need help? Please follow &amp; DM your full name and contact phone number with zip code. We will call you or call Customer service at 1-800-539-2968 for assistance. Thank you.  ^JL",
2230498,650906,Fri Nov 10 00:31:49 +0000 2017,@154872 just screwed me over again... stealing more of my money.,2230497,KeyBank_Help,Fri Nov 10 14:36:48 +0000 2017,@650906 Hey Sean - can you follow/DM us more information regarding what happened? I am happy to help out. ^ JK,
2238341,652683,Fri Nov 10 19:27:57 +0000 2017,@154872 I can't open or print  my statement.,2238340,KeyBank_Help,Fri Nov 10 19:41:06 +0000 2017,"@652683 Hi Katy - Have you tried clearing your cache or cookies?  Also please make sure your pop up blocker is not on, otherwise this will stop your statements from opening properly.  Please let us know if you have any more questions. ^JF",
2242175,171040,Sat Nov 11 16:38:20 +0000 2017,@KeyBank_Help Can I call to talk about this? I have no way of going down to the local branch,2242177,KeyBank_Help,Sat Nov 11 16:44:00 +0000 2017,"@171040 Hi Kathy, you can give us a call at 1-800-539-2968 and we'd be happy to go over your account with you. ^ JK",
2242176,171040,Fri Nov 10 19:54:02 +0000 2017,@KeyBank_Help why are you guys charging me for “service charges” I’m so negative I can’t even pay it off because the price goes back up,2242174,KeyBank_Help,Fri Nov 10 20:06:32 +0000 2017,"@171040 Kathy, please stop by your local branch to have your concerns address. Thank you. ^JL",2242175
2342221,616389,Sat Nov 11 17:33:47 +0000 2017,@KeyBank_Help Can someone please DM me with how I can get help with an issue on my KeyBank card?,2342220,KeyBank_Help,Mon Nov 13 14:23:31 +0000 2017,@616389 For the status of your despite please contact the Fraud &amp; Disputes Hotline at 1-800-433-0124.  Available Monday through Friday 8:00am to 9:00pm EST and Saturday and Sunday 9:00am to 6:00pm EST. (2of2) ^JL,
2342221,616389,Sat Nov 11 17:33:47 +0000 2017,@KeyBank_Help Can someone please DM me with how I can get help with an issue on my KeyBank card?,2342222,KeyBank_Help,Mon Nov 13 14:23:00 +0000 2017,"@616389 Hi Renee, I’m sorry we unable to service accounts via Social Media. We understand how frustrating it can be, having to wait for the outcome of a filed dispute. Investigations can take up to 10 business days to complete. (1of2) ^JL",
2342224,677489,Mon Nov 13 13:52:12 +0000 2017,@154872 quit fucking playing and deposit my fucking check bruh.,2342223,KeyBank_Help,Mon Nov 13 14:11:39 +0000 2017,"@677489 Hi, it is possible there is a hold on your check. You can view this within the financial details tab of online banking or you may DM your phone number. We can call and take a look. ^PG",
2342226,677490,Sun Nov 12 22:01:03 +0000 2017,@KeyBank_Help It’s all good. Thanks though!,2342225,KeyBank_Help,Sun Nov 12 22:03:53 +0000 2017,@677490 No problem! ^PG,
2342228,677490,Sun Nov 12 21:56:26 +0000 2017,"@KeyBank_Help Appreciate it. It was not helpful, but I figured it was a long shot in this circumstance. Thanks though!",2342227,KeyBank_Help,Sun Nov 12 21:59:01 +0000 2017,@677490 You're welcome. If you wish you may DM the details of your concern. We'd be glad to see if there is anything we can do. ^PG,2342226
2342230,677490,Sun Nov 12 21:19:16 +0000 2017,"@KeyBank_Help Like that there’s this Twitter help line, but is there a phone line open on Sundays?",2342229,KeyBank_Help,Sun Nov 12 21:32:00 +0000 2017,"@677490 Hi John, we have you covered. You may contact us by phone at 1-800-539-2968. Specialists are available weekdays 7:00 a.m. to midnight and weekends 8:00 a.m. - 9:00 p.m., Eastern Time. ^PG",2342228
2342232,144168,Sun Nov 12 21:19:17 +0000 2017,@KeyBank_Help @154872 I wasn’t even awake at midnight on Friday and I got hit with a regional ATM withdraw fee??,2342231,KeyBank_Help,Sun Nov 12 21:40:57 +0000 2017,"@144168 Hi Tony, the Regional ATM charge is not assessed at the time of the ATM use, but when your account's statement cycles. If you have any additional questions or concerns about that charge we are glad to assist you further. ^PG",
2342234,677491,Sun Nov 12 19:17:51 +0000 2017,@KeyBank_Help Why the devil can't I digitally deposit checks with my Basic Business acct? Is something now so commonplace really a gold-plated option?,2342233,KeyBank_Help,Sun Nov 12 19:23:56 +0000 2017,"@677491 Hello Giles, we certainly understand your desire to use mobile deposit with your business checking account. At this time we only offer mobile deposit for personal accounts for security reasons. Rest assured we will forward your desire to utilize this feature. ^PG",
2342236,677492,Sat Nov 11 22:35:56 +0000 2017,"Security is important, @KeyBank_Help. We'd like it if you supported two factor auth. https://t.co/kCxTjGtlnR #SupportTwoFactorAuth",2342235,KeyBank_Help,Sun Nov 12 13:44:55 +0000 2017,@677492 Hi! Key does support two factor authentication. Our client's online banking security is important to us. We offer a knowledge based factor or a possession based factor in addition to requiring a password. If you have any question please feel free to DM us! Thank you.,
2342239,677493,Sat Nov 11 22:17:16 +0000 2017,"@154872 When you set up business accounts wrong and admit it. Fix that crap! Don’t make excuses for months. Tired of being nice. Someone needs to stand up for small business. FYI, your branch manager is useless. Just a warm body who says sorry all the time #keybankissorry",2342237,KeyBank_Help,Sat Nov 11 22:20:00 +0000 2017,"@677493 Derek, if you follow/DM us what the issue is with your account we would be happy to look into it. ^ JK",2342238
2342242,677494,Sat Nov 11 21:32:04 +0000 2017,"@KeyBank_Help word for word from the branch manager on the ELYRIA OHIO WEST RIVER BRANCH. “the people on the phone just say we can remove it, there’s no possible way, i’m not sure why anyone would tell you differently “ because a rep told me I could get it removed.
so this isn’t okay.",2342240,KeyBank_Help,Sat Nov 11 21:37:29 +0000 2017,"@677494 Casey, there are a variety of types of holds. While some holds can be removed, others cannot. Depending on the type of hold you had, it's possible it cannot be removed. I again apologize for any inconvenience this has caused you. ^ JK",2342241
2342245,677494,Sat Nov 11 21:22:33 +0000 2017,@KeyBank_Help I had that bank for longer than 6 months. my money should have been there.,2342244,KeyBank_Help,Sat Nov 11 21:28:27 +0000 2017,"@677494 Again, I do apologize for the issues the hold has caused. The holds are placed at branch level and it would be best to work with them directly on Monday to discuss this hold and potentially having it removed. ^ JK",2342243
2342249,677494,Sat Nov 11 20:57:51 +0000 2017,can’t wait for this check to deposit on tuesday the fact that @KeyBank_Help is supposed make my life “hassle free” but is making me wait 14 days for MY money. canceling when that check deposits. i’m cool on that bank. wish you guys weren’t like that. I loved banking with you.,2342248,KeyBank_Help,Sat Nov 11 21:19:28 +0000 2017,@677494 Hi Casey - I'm sorry to hear about the hold on your account. Please know that these holds are put in place so that funds can be verified. If an account is new or the deposit is larger than normal the hold time may be longer. Hope that helps clear things up. ^ JK,2342246
2342253,677493,Sat Nov 11 19:28:07 +0000 2017,"@KeyBank_Help @154872 It's not  a ""recent issue"". It was done yea ago and has been an issue every week for months. @154872 wont help. It's always on us.",2342250,KeyBank_Help,Sat Nov 11 19:44:57 +0000 2017,@677493 Can you let us know what is going on so we can look into this? You can follow/DM us if you need to. ^ JK,"2342251,2342252"
2342255,677493,Sat Nov 11 00:08:33 +0000 2017,"@154872 Tip 2..Business merchant services issues. Go into branch and ask for help or 1-800 number. Personal banker didn’t have that, just a sales rep. Unbelievable.",2342254,KeyBank_Help,Sat Nov 11 13:10:07 +0000 2017,"@677493 Hello Derek - I'm sorry to hear about your recent issue at the branch. If you still need any help, just let us know. ^ JK",2342253
2342257,677495,Sat Nov 11 19:20:25 +0000 2017,@KeyBank_Help It's back,2342256,KeyBank_Help,Sat Nov 11 19:27:00 +0000 2017,"@677495 Glad you were able to complete your transfer, Ed. We haven't yet got an official word that it is fully back and operational yet so I apologize I did not communicate anything to you as of yet. ^ JK",
2342259,677495,Sat Nov 11 18:31:39 +0000 2017,@KeyBank_Help Ugh. Still no word?,2342258,KeyBank_Help,Sat Nov 11 18:49:30 +0000 2017,"@677495 That service is still down, we will let you know once that is back up. ^ JK",2342257
2342261,677495,Sat Nov 11 17:04:20 +0000 2017,@KeyBank_Help OK. Thanks. They had no workaround. Hopefully this will be only a few hours at most?,2342260,KeyBank_Help,Sat Nov 11 17:06:30 +0000 2017,"@677495 We don't currently have an ETA, but we are working to correct it as quickly as possible. ^ JK",2342259
2342263,677495,Sat Nov 11 16:58:15 +0000 2017,@KeyBank_Help I did. They said there was nothing they can do. Will answer be different?,2342262,KeyBank_Help,Sat Nov 11 17:02:52 +0000 2017,@677495 If they did not have a workaround for you at this time then we would just need to wait until that is back up. We'll keep you updated. ^ JK,2342261
2342265,677495,Sat Nov 11 16:45:46 +0000 2017,@KeyBank_Help OK. Kinda urgent. Got kid stuck without gas in the middle of nowhere.,2342264,KeyBank_Help,Sat Nov 11 16:56:57 +0000 2017,"@677495 Ed, give us a call at 1-800-539-1539 and we can do what we can to help out. ^ JK",2342263
2342267,677495,Sat Nov 11 16:31:28 +0000 2017,@KeyBank_Help online account transfers currently down. Any ETA ?,2342266,KeyBank_Help,Sat Nov 11 16:39:00 +0000 2017,"@677495 Hey Ed, we are aware of a current issue with transferring to other KeyBank accounts at this time and are working to correct that. I'll let you know when that is back up. ^ JK",2342265
2342270,593736,Sat Nov 11 15:50:09 +0000 2017,@KeyBank_Help @616415 I wouldn’t give them another change!!! GO SOMEWHERE ELSE!!!!,2342268,KeyBank_Help,Sat Nov 11 15:55:27 +0000 2017,@593736 Hi Joe - is there something that we would be able to help you out with? Follow/DM us more information. ^ JK,2342269
2342271,616415,Sat Nov 11 15:50:50 +0000 2017,@593736 @KeyBank_Help Thats what im hearing,2342275,KeyBank_Help,Sat Nov 11 15:53:00 +0000 2017,@616415 Can you let us know what is going on? Follow/DM us if you need to. ^ JK,
2342274,616415,Sat Nov 11 14:04:42 +0000 2017,Ima give key bank one more chance,2342272,KeyBank_Help,Sat Nov 11 15:35:55 +0000 2017,"@616415 Hello, is there something we could help out with? Please let us know, thanks. ^ JK","2342273,2342270"
2342285,677496,Sat Nov 11 03:14:48 +0000 2017,Went ahead and opened at account at key bank .... first national bank been pissing me off way too much smh.,2342283,KeyBank_Help,Sat Nov 11 13:44:27 +0000 2017,"@677496 Bria, we're happy to have you! Let us know if you ever need anything. ^ JK",2342284
2342287,509949,Sat Nov 11 03:44:34 +0000 2017,@154872 why can’t I close an account online? And it’s kinda fishy that I can’t even search for it on our FAQ page……..#annoying,2342286,KeyBank_Help,Sat Nov 11 13:19:00 +0000 2017,"@509949 Good morning - in order for your account to be closed you would need to speak with someone via phone, email or at a local branch. You are able to send an email, while logged into online banking asking your account be closed. Hope that helps. ^ JK",
2342289,554444,Sat Nov 11 02:47:52 +0000 2017,"@KeyBank_Help I used to be paperless, now you are sending me paper bills through the mail again. How do I stop this and go back to paperless billing?",2342288,KeyBank_Help,Sat Nov 11 13:16:03 +0000 2017,"@554444 Good morning John - you can change your statement elections within online banking. Just log into your account, click on the account the statements are for and then 'Statements'. You'll then see the option to change. Hope that helps! ^ JK",
2342291,677497,Sat Nov 11 01:23:34 +0000 2017,also @154872 @KeyBank_Help thank you for screwing me over and jeopardizing my college education. i’m done once i get my money,2342290,KeyBank_Help,Sat Nov 11 13:14:00 +0000 2017,"@677497 Hey Alissa, can you let us know what is going on? We would be happy to help out. ^ JK",
2342293,300004,Sat Nov 11 00:01:59 +0000 2017,@KeyBank_Help when are you gonna make Face ID a sign in option?,2342292,KeyBank_Help,Sat Nov 11 13:09:29 +0000 2017,"@300004 Hi Christopher - that is not something that is currently being worked on but it could be a possibility in the future. If that is indeed released, we'll let you know! ^ JK",
236106,172235,Thu Oct 05 00:54:57 +0000 2017,@154872 Can we please offer a @169444 or @172236 debit card,236105,KeyBank_Help,Thu Oct 05 13:40:47 +0000 2017,@172235 Thanks for the suggestion Kevin. We currently don't have any plans for this. I'll be happy to share your feedback. Thank you. ^CS,
236108,172237,Thu Oct 05 13:09:16 +0000 2017,"I actually hate key bank, their customer service reps are so rude.",236107,KeyBank_Help,Thu Oct 05 13:32:40 +0000 2017,@172237 That's not what we like to hear! Can you tell us what happen? We would love to help out. Follow/DM if you need to. ^ JK,
236111,172238,Thu Oct 05 02:48:31 +0000 2017,"@154872 you are literally the worst financial institution on the face of the planet, including the IRS.",236109,KeyBank_Help,Thu Oct 05 11:36:30 +0000 2017,@172238 Preston: What happened to make you feel this way? If you follow/DM your contact info I will give you a call. ^LH,236110
236113,171040,Thu Oct 05 08:12:13 +0000 2017,@KeyBank_Help I just had 150 dollars in my account and now I have 9?? What the heck?? Nothing was charged??,236112,KeyBank_Help,Thu Oct 05 11:32:30 +0000 2017,"@171040 Hi Kathy, If you would follow/DM your contact info I will give you a call and see if we can find out what happened. ^LH",
2362925,682259,Tue Nov 14 16:24:35 +0000 2017,@KeyBank_Help Yes i need help iam out of the country currently and i need to increase my withdraw amount when I swipe at a ATM,2362927,KeyBank_Help,Tue Nov 14 16:32:27 +0000 2017,"@682259 This requires a call. If your out of the country call us @ 716-838-8600. Pls instruct the operator to press zero when the automated message starts, then zero again after the prompting begins to bypass the automated service, so a representative can accept the call.^CS",
2362926,682259,Mon Nov 13 18:54:53 +0000 2017,@KeyBank_Help,2362924,KeyBank_Help,Mon Nov 13 19:10:31 +0000 2017,"@682259 Hello-Did you need help with anything today? Let us know, thank you. ^CS",2362925
2362929,682260,Mon Nov 13 18:17:57 +0000 2017,@KeyBank_Help Have matured CD today.No effort 2 b made to send today per tel rep.Within 3 days only.Thanks no courtesy &amp; for holding funds.,2362928,KeyBank_Help,Mon Nov 13 18:38:00 +0000 2017,"@682260 Hi Mark, sorry for any frustration, we understand your CD is maturing. Were you looking to close out? ^PG",
2362931,682261,Sun Nov 12 20:49:46 +0000 2017,Is it sad that I can't wait for Christmas break bc I get to work as a bank teller again ???!!! I miss u @154872 💵,2362930,KeyBank_Help,Mon Nov 13 17:53:38 +0000 2017,"@682261 Hey Steph! We can’t wait to bring in the holiday season with you, it will be here before you know it. ^PG",
2362933,682262,Mon Nov 13 17:04:50 +0000 2017,@KeyBank_Help please send me a postage paid envelope,2362932,KeyBank_Help,Mon Nov 13 17:29:40 +0000 2017,"@682262 Hi Rosslyn!  Do you mind providing us with some more information as to what department you are trying to get in touch with?  Many of our departments no longer have postage paid envelopes, we would like to double check for you.  Thank you. ^JF",
2362935,682263,Mon Nov 13 16:05:03 +0000 2017,@KeyBank_Help Still have the debt too... maybe next time! Thanks again.,2362934,KeyBank_Help,Mon Nov 13 16:10:37 +0000 2017,@682263 : ) you're welcome! ^CS,
2362937,682263,Mon Nov 13 15:42:35 +0000 2017,@KeyBank_Help Thank you!,2362936,KeyBank_Help,Mon Nov 13 16:01:36 +0000 2017,@682263 We're back up Jesse. Hope the rest of your day is wonderful! ^CS,2362935
2362939,682263,Mon Nov 13 15:16:21 +0000 2017,Every time @154872 says there is a problem with online banking... I secretly wish someone is hacking them and resolving my credit card debt. A boy can dream.,2362938,KeyBank_Help,Mon Nov 13 15:42:00 +0000 2017,"@682263 Just having some technical issues Jesse. Hoping to have this resolved as soon as possible. Thanks for the chuckle, let us know if you need anything. ^CS",2362937
2362941,682264,Mon Nov 13 15:26:56 +0000 2017,i swear the keybank app is always down when i need to see how much is in my account,2362940,KeyBank_Help,Mon Nov 13 16:07:01 +0000 2017,@682264 Good Morning! The app is back up and running. Please let us know if you require any further assistance. We are here to help. Thank you!^CH,
2362945,154871,Mon Nov 13 15:27:35 +0000 2017,"@154872 Your mobile app is down more often than a bad stock. Seriously, fix it. Before I put you in the @45714 bucket of piss poor customer service.",2362942,KeyBank_Help,Mon Nov 13 16:04:30 +0000 2017,@154871 Erik-We're up and running again. Thank you for all the patience while we worked on fixing this. Hope you have nice day. ^CS,"2362943,2362944"
2362945,154871,Mon Nov 13 15:27:35 +0000 2017,"@154872 Your mobile app is down more often than a bad stock. Seriously, fix it. Before I put you in the @45714 bucket of piss poor customer service.",2362946,KeyBank_Help,Mon Nov 13 15:35:00 +0000 2017,@154871 Erik-We're sorry but we are having some issues with our site. We're working on it and hope to have this resolved ASAP. Let us know if you need help in the meantime. ^CS,
2362948,682265,Mon Nov 13 15:25:34 +0000 2017,@154872 @KeyBank_Help website problems again? Wtf,2362947,KeyBank_Help,Mon Nov 13 16:02:44 +0000 2017,@682265 We're back up Amy. Thank you so much for all your patience with us. ^CS,
2362948,682265,Mon Nov 13 15:25:34 +0000 2017,@154872 @KeyBank_Help website problems again? Wtf,2362949,KeyBank_Help,Mon Nov 13 15:38:50 +0000 2017,@682265 Amy-We are having some issues apologies for the inconvenience. We hope to get the solved ASAP. Thank you for your patience. ^CS,
2362951,682266,Mon Nov 13 15:15:50 +0000 2017,@154872 I had the BEST experience opening an HSA in-branch last Friday. Kudos to Shannon Czaplinski for being helpful &amp; all-around awesome!,2362950,KeyBank_Help,Mon Nov 13 15:46:37 +0000 2017,@682266 Thanks for sharing the kudos Wendy. I'll be happy to share this with Shannon's management. Let us know if you need anything else. Have a wonderful day! ^CS,
2377604,297061,Mon Nov 13 21:28:45 +0000 2017,@KeyBank_Help is this true you can't cash your checks as an account holder?!,2377603,KeyBank_Help,Mon Nov 13 21:56:00 +0000 2017,@297061 Hi Domino- It is at the branches discretion whether or not a check can be cashed.  I would advise reaching out to your local branch for more information on our check cashing policies.  Please let us know if you have any other questions. Thank you. ^JF,
2399068,166349,Sat Nov 04 02:07:15 +0000 2017,"@154872 can someone answer why 2 mobile deposits have been ""processed"" in green but not added to my available balance? Credited the 1st?",2399067,KeyBank_Help,Wed Nov 08 13:56:00 +0000 2017,@166349 Hello Amy - if these are still not available please follow/DM your contact info. We're happy to help. ^ JK,
2407927,692437,Tue Nov 14 16:53:54 +0000 2017,@KeyBank_Help You guys don’t help. Trust me. Been on with everyone about a waste of time issue. “The customer is always wrong” - Key Bank Motto  Even when the customer in this case is correct.... #SadDayInAmerica,2407929,KeyBank_Help,Tue Nov 14 16:56:00 +0000 2017,"@692437 we understand your frustration Ric, if you change your mind please direct message the details of your concern.  ^PG",2407930
2407928,692437,Tue Nov 14 14:27:24 +0000 2017,@154872 could be the worst bank in America. Rude customer service even at the Executive Level &amp; scared C-Level Exec’s that hide behind a desk &amp; will never contact a common customer. No one should use this place.,2407926,KeyBank_Help,Tue Nov 14 14:53:34 +0000 2017,"@692437 Hi Ric, did you need any assistance? We would like to help. ^PG",2407927
2407932,692438,Tue Nov 14 13:03:30 +0000 2017,@154872 y’all shitty af once my direct deposit switch I’m canceling my account there’s no reason I should be waiting over 2 weeks for a new debit card,2407931,KeyBank_Help,Tue Nov 14 13:15:00 +0000 2017,"@692438 Hi, so we can look into your debit card concerns please call us at 1-800-539-2968 or stop by your local branch for assistance. Thank You. ^JL",
2407934,692439,Tue Nov 14 03:50:35 +0000 2017,@93966  error 103 ... Just got quick books and it won't connect to bank account. And yes my @154872 info is correct. Please fix this,2407933,KeyBank_Help,Tue Nov 14 13:02:46 +0000 2017,"@692439 Will, for assistance in setting up QuickBooks. Please call our Digital Solutions Team at 1-800-539-1539 for assistance.  Thank you. ^JL",
2407936,692440,Tue Nov 14 01:09:23 +0000 2017,@KeyBank_Help Hello! I closed a checking account several months ago. I can still login but the account isn't showing up anymore. Is there any way to get the statements? I didn't think to download them before closing. Thank you!,2407935,KeyBank_Help,Tue Nov 14 12:46:42 +0000 2017,"@692440 Ariel, to order statements or other documents from a closed account please stop by your local branch for assistance. Thank you. ^JL",
2407938,692441,Tue Nov 14 10:48:23 +0000 2017,I LOVE when my bank does its daily processing and my card gets declined for no reason! Thanks a bundle @154872,2407937,KeyBank_Help,Tue Nov 14 12:20:00 +0000 2017,@692441 Good Morning Joelle: Please follow/DM your phone # so I can give you a call and help you find out what happened. ^LH,
2407940,224654,Tue Nov 14 03:03:11 +0000 2017,"@154872 charges your account if you have a “low balance”. Thank you, I appreciate it. I can’t even afford to be broke.",2407939,KeyBank_Help,Tue Nov 14 12:17:40 +0000 2017,"@224654 Hello Hanny, I know getting charged fees can be upsetting. If you would follow/DM your phone # I'd be happy to call you and check your account to explain whatever fees you are being assessed. ^LH",
2439178,699610,Tue Nov 14 17:16:23 +0000 2017,@KeyBank_Help It's the fact that when I have money on my account in the next day I go do it I'm in the negative I shouldn't be happening is on my account as it was and not be over with drawl myself I don't have money in my account and you guys still keep doing it,2439177,KeyBank_Help,Tue Nov 14 17:36:29 +0000 2017,@699610 We can look into this for you if you like.  Can you please follow/DM us with your name as it appears on file along with your zip code?  Thank you. ^JF,
2439180,699610,Tue Nov 14 17:06:04 +0000 2017,@154872 you guys are the worst back I have ever felt with in my life,2439179,KeyBank_Help,Tue Nov 14 17:13:00 +0000 2017,@699610 Hi- Is there anything we can help with today CA?  Please send us some details on the situation.  We will be happy to see what we can do to help.  Thank you. ^JF,2439178
2453991,703011,Sun Oct 29 17:55:52 +0000 2017,@keybank_help I cashed in 13000 point about 3 weeks ago for a restaurant gift card. I have not received it yet. Can u please check on this.,2453989,KeyBank_Help,Sun Oct 29 18:11:00 +0000 2017,@703011 Hi John! It can take 3-4 weeks to get your gift card. Our rewards team is glad to check on it at 1-888-333-7780. ^PG,2453990
2455980,703532,Wed Nov 15 02:02:32 +0000 2017,@KeyBank_Help Yeah the one on far hills in Kettering,2455982,KeyBank_Help,Wed Nov 15 15:41:01 +0000 2017,@703532 Thank you so much! We'll forward your message to the branch. Thank you and have a great day!^CH,
2455981,703532,Tue Nov 14 22:12:09 +0000 2017,@154872 You guys have had some awesome customer support from my local branch. Give em a bonus!,2455979,KeyBank_Help,Tue Nov 14 22:20:00 +0000 2017,@703532 Thank you so much for this great compliment! Would you mind letting us know the branch location? We would love to forward this to our colleagues. Thank you!^CH,2455980
2485491,426229,Wed Nov 15 15:28:00 +0000 2017,@154872 you really need to take a page out of @20321 's book. Your overdraft policy is a fucking joke and I don't appreciate the bullshit of it all. Please invest in a #24hourgrace period. I won't be banking with you for much longer at this rate.,2485490,KeyBank_Help,Wed Nov 15 15:40:04 +0000 2017,"@426229 Hello, I'm sorry to hear you're having some issues with overdraft. We do offer some options for overdraft protection. Follow/DM us your phone number and we'd be happy to go over your account with you. ^ JK",
2485493,480892,Wed Nov 15 12:51:24 +0000 2017,The ATM @154872 #brightonny just gobbled my cash deposit and couldn't process. Meanwhile its customer service line eternally busy. Why can't banks just stick to envelope deposits? https://t.co/cDXXNAEpqc,2485492,KeyBank_Help,Wed Nov 15 13:33:35 +0000 2017,"@480892 Mary, sorry you had that experience. Please call Customer Service at 1-800-539-2968 to file an ATM dispute. Thank you ^JL",
2485495,709990,Wed Nov 15 01:49:25 +0000 2017,Another stellar customer service performance by @31208 ----These people are the biggest bunch of morons I've ever dealt with. #customerservice #needanewbank Who's good? @128233 @154872,2485494,KeyBank_Help,Wed Nov 15 12:36:00 +0000 2017,"@709990 Good Morning Anne, Come on over to Key, we'd be happy  to have you. Check out what we have to offer by going to https://t.co/W9WTzq2tSM  Let us know if you have any questions, we're here to help. ^LH",
2485497,709991,Wed Nov 15 00:03:10 +0000 2017,@154872 your bank in loveland SUCKS!,2485496,KeyBank_Help,Wed Nov 15 12:31:24 +0000 2017,"@709991 Matthew, what happened? Please follow and DM additional information. Thanks. ^JL",
2508778,715228,Wed Nov 15 21:13:05 +0000 2017,"Wow, you call that customer service @128233 - 2 dropped chat windows, direct to a wrong number and a dead line. Pathetic. Guess my business moves on... hello @154872 , @116062",2508777,KeyBank_Help,Wed Nov 15 21:33:02 +0000 2017,@715228 We could love to have you and earn you business! Check us out at https://t.co/OHPmNYTFYk You can live chat with an agent through the website if you have questions. Thank you and hopefully welcome to Key soon. We are here if you need us. ^CH,
2508781,144259,Wed Nov 15 19:34:53 +0000 2017,"@154872 has “no fee checking” but charges $34 to stop payment on a check?  I’ve been a customer for 13 years, but I will be closing my account this week.  Ridiculous.",2508779,KeyBank_Help,Wed Nov 15 19:59:32 +0000 2017,"@144259 Hello Ella, we would hate to see you go. We do our best to make sure any charges are competitive to the services we provide and appreciate your feedback. If you would like you may DM your phone number and zipcode we can look into this further for you. ^PG",2508780
2508783,715229,Wed Nov 15 15:24:08 +0000 2017,I hate key bank... I'm switching to capital one or US bank TODAY,2508782,KeyBank_Help,Wed Nov 15 17:46:03 +0000 2017,@715229 Hello - We would hate to see you go.  Is there anything we can hep with?  Please feel free to send us some details on the situation.  We would be happy to see what we can do. ^JF,
2526904,719494,Wed Nov 15 22:16:21 +0000 2017,@154872 I've never had a problem with Key but this is very upsetting to me.,2526903,KeyBank_Help,Wed Nov 15 22:33:17 +0000 2017,"@719494 Hello Mikey - I'm sorry about the issue you're having with your debit card and this dispute. If you could, please follow/DM us your name and phone number, we'd be happy to look into this for you. ^ JK",
253926,176362,Thu Oct 05 15:59:54 +0000 2017,"@KeyBank_Help looked up number left on texts: 888-735-4570 company is AUTHENTIFY, which purports to be a Key vendor.",253925,KeyBank_Help,Thu Oct 05 16:05:06 +0000 2017,@176362 That doesn't mean it was sent from us. For some great information please see: https://t.co/6I5JHr4iim Thanks!^CH,
253928,176362,Thu Oct 05 15:38:04 +0000 2017,"@KeyBank_Help OK, got a text from 32858 sent auth. code, I NEVER REQUESTED ANYTHING THAT WOULD REQUIRE THIS. Called CSR who has no clue. WHAT'S THIS?",253927,KeyBank_Help,Thu Oct 05 15:44:31 +0000 2017,@176362 This sounds like a possible phishing scam if you did not request it. Please do not click on any links or reply. TY!^CH,253926
2557122,725988,Thu Nov 16 15:38:46 +0000 2017,@KeyBank_Help 🖕🏻,2557121,KeyBank_Help,Thu Nov 16 15:57:31 +0000 2017,@725988 Hi B-  Is there anything we can help you with today?  Please give us some details on the situation.  We will be happy to see if there is anything we can do.  Thank you. ^JF,
2557124,725989,Thu Nov 16 03:24:01 +0000 2017,Went to @154872 today on W Main St in Endicott. Asked teller Lisa if she could change $20’s I just got from their ATM for bigger bills. What an unpleasant person. Said if I didn’t have acct she wouldn’t do it again. Not a soul in there. Wouldn’t even consider an acct there now.,2557123,KeyBank_Help,Thu Nov 16 15:05:34 +0000 2017,@725989 Hi-We're sorry to hear about your recent branch experience. I'll be sure to pass this feedback along to the appropriate management for you. We hope you'll consider us in the future and give us another chance. Let us know if you need anything else. ^CS,
2557127,725990,Thu Nov 16 02:56:16 +0000 2017,"@154872 Hey, Keybank! Were a customer-centric, junk-hauling startup in a mission! How does one become a vendor for you guys? Out of Kent, OH.",2557125,KeyBank_Help,Thu Nov 16 12:28:56 +0000 2017,"@725990 Hi, please go to this link to see information on becoming a supplier   https://t.co/gE8DX1AlYu     under the Suppliers drop-down tab.  Thank you. ^JL",2557126
2582433,272572,Thu Nov 16 21:27:53 +0000 2017,@KeyBank_Help Monday.. I know they have 10 days but do u have an extra 500 lying around??,2582431,KeyBank_Help,Thu Nov 16 21:44:27 +0000 2017,@272572 I understand how frustrating this situation is and please know our fraud team is working diligently on correcting this. If you don't hear back from us within the next few days please reach out to us once again. ^JF,2582432
2582436,272572,Thu Nov 16 21:23:50 +0000 2017,"@KeyBank_Help Your bank owes me 500 from fraudulent charges on my account. I can't afford to wait 10 days for my money back, had to take out a loan to pay my mortgage spent 2 hours on the phone with your fraud department went to the branch everyone says can't help you",2582435,KeyBank_Help,Thu Nov 16 21:26:26 +0000 2017,@272572 When was the dispute filed? ^JF,2582433
2582438,272572,Thu Nov 16 21:08:53 +0000 2017,@154872 is the worst bank ever..,2582437,KeyBank_Help,Thu Nov 16 21:14:00 +0000 2017,"@272572 Hi Michelle - We hate that you feel this way.  Is there anything we can help you with?  Feel free to send us some details with what is going on, and we will be happy to see what we can do to help.  Thank you. ^JF",2582436
2582441,731866,Thu Nov 16 20:32:42 +0000 2017,Hey @154872 who can remove this hold on my account so I have my work money?!?,2582440,KeyBank_Help,Thu Nov 16 20:43:00 +0000 2017,"@731866 Hi, we would need to speak with you to see if the hold on your account is of a type that can be removed. Not all holds can be removed. Please follow and DM your phone number. Happy to call and look into this for you. Thanks!^CH",
259872,177821,Thu Oct 05 20:29:27 +0000 2017,@154872 your app always says it is out of service... why?,259871,KeyBank_Help,Thu Oct 05 20:33:07 +0000 2017,@177821 Can you try deleting/reinstalling the app? We haven't had any known issues recently. Hope that helps ^ JK,
259876,177823,Thu Oct 05 20:43:46 +0000 2017,"@KeyBank_Help Nah, ima just close my account, no one deserves to be treated the way I was by management.",259878,KeyBank_Help,Thu Oct 05 20:47:30 +0000 2017,"@177823 We're sorry to hear that! We would still be happy to help out, just follow/DM more information. ^ JK",
259877,177823,Fri Sep 15 14:01:03 +0000 2017,"According to management at my local @154872 I'm ""rude and snippy"" for wanting the correct paper work after being givin the wrong ones. 👌🏼",259875,KeyBank_Help,Fri Sep 15 16:00:05 +0000 2017,@177823 Hello! Is there something we can help you with? Please follow and DM us your phone number. We'll call to get details. TY!^CH,259876
2631301,743011,Fri Nov 17 16:46:38 +0000 2017,@154872 Good Luck to is Key Bank put a Hold on you Money for 15 days. I thought this bank going to be a good thing for upstate NY. But I learned about this bank special at Branch good luck you may have bring your body Gard. Go to https://t.co/JdjKWoM3J9 very good bank federal,2631300,KeyBank_Help,Fri Nov 17 18:20:14 +0000 2017,"@743011 Febe-Our Executive Client Relations team is currently working with you on this complaint. Please let us know if you need help with anything else, thank you. ^CS",
2631304,743012,Fri Nov 17 14:54:18 +0000 2017,@KeyBank_Help What is the amount limit you can deposit at an ATM? I have a large check I need to deposit.,2631302,KeyBank_Help,Fri Nov 17 15:12:01 +0000 2017,"@743012 Hello Joshua, the deposit limit at an ATM is $999,999.99. Hope that helps! ^ JK",2631303
2631306,743013,Fri Nov 17 02:35:55 +0000 2017,@KeyBank_Help why would your customer service have no idea why 1300.00 was taken out of my account and then put back in. My choice call the business in Dubai or I suffer and put my account on hold. Gee thanks @154872,2631305,KeyBank_Help,Fri Nov 17 12:50:00 +0000 2017,"@743013 Debbie, when you suspect an unauthorized transaction please call the fraud and disputes research hotline at 1-800-433-0124. We will review your account with you to verify recent activity and initiate a dispute for the unauthorized transaction(s).  Thank you. ^JL",
264049,131163,Thu Oct 05 21:17:55 +0000 2017,"@KeyBank_Help Hey, we came into our local branch to add my fiance to my account, and were told it would be a couple of days to process.",264048,KeyBank_Help,Thu Oct 05 21:44:23 +0000 2017,@131163 Hi Joshua - It can take up to 7 business days to have a signer added on the account. ^JF,
2665756,751048,Sat Nov 18 17:21:10 +0000 2017,"@KeyBank_Help It says business days, no more details. Your branch is open. I'm tired of being treated like a number and not a human. Incredibly terrible customer service. I will be finding a community bank.",2665755,KeyBank_Help,Sat Nov 18 17:24:26 +0000 2017,"@751048 I understand your frustrations and I do apologize. Our disclosure does state that all days are business days except Saturday, Sunday and holidays. I sincerely apologize for any inconvenience this is causing you. ^ JK",
2665758,751048,Sat Nov 18 17:15:18 +0000 2017,"@KeyBank_Help The teller told me not to use mobile deposited next time. I don't care how it happens, but I want my money. I have the check in my hand. I need food. Please.",2665757,KeyBank_Help,Sat Nov 18 17:19:58 +0000 2017,"@751048 Business days would be Mon-Frid and non-holidays. Your check deposit will become available the following business day, after it's made. That info is provided prior to making deposits and that timeframe cannot be adjusted after. I apologize for the inconvenience. ^ JK",2665756
2665761,751048,Sat Nov 18 17:10:16 +0000 2017,@KeyBank_Help your mobile deposit system is a joke and is preventing me from buying needed groceries today. I have the check in my hand yet I cannot eat this weekend. Branch and customer service are useless. Thanks.,2665760,KeyBank_Help,Sat Nov 18 17:13:26 +0000 2017,"@751048 Hello Maggie - what is the issue that you're having? Please let us know, as we are happy to help. ^ JK",2665759
2665764,166338,Sat Nov 18 16:35:46 +0000 2017,@KeyBank_Help Yup called already you guys steal money from people your bank sucks. Your costumer service is shit your bank service is shit im cancelling my account this week ill tweet at you when ever i want cause you guys are shit might as well block me,2665763,KeyBank_Help,Sat Nov 18 16:40:00 +0000 2017,"@166338 If you change your mind, let us know. Have a great weekend. ^ JK",
2665766,166338,Sat Nov 18 16:28:27 +0000 2017,@KeyBank_Help Yeah im switching banks this week. You could give me bank the money you took from me.,2665765,KeyBank_Help,Sat Nov 18 16:31:37 +0000 2017,"@166338 If you follow/DM us your phone number and what happened, we would be happy to look into it. ^ JK",2665764
2665768,166338,Sat Nov 18 16:13:08 +0000 2017,@154872 your bank sucks. Taking money from people lmfao fuck you. An the people who work there you guys are all fucking losers,2665767,KeyBank_Help,Sat Nov 18 16:27:24 +0000 2017,"@166338 Hey Kodi, I'm sorry you feel that way. Was there something we could help out with? Please let us know. ^ JK",2665766
2665771,751049,Sat Nov 18 15:13:05 +0000 2017,@154872 has cost our family TENS OF THOUSANDS of $$$$$$’s due to their inability to provide statements needed for Medicaid.  Keep your money elsewhere.,2665769,KeyBank_Help,Sat Nov 18 15:21:31 +0000 2017,@751049 Hello Laura - we will continue working with you via Facebook and please know someone will be in contact with you. ^ JK,2665770
2665773,441136,Sat Nov 18 06:10:19 +0000 2017,"@KeyBank_Help I have been told twice that it would take 8 days to verify a check. two questions, why does it take so long to make a simple call to the other bank? two, tomorrow will be eight days that i have put it in the account yet they are telling me I have to wait another 7?",2665772,KeyBank_Help,Sat Nov 18 13:49:24 +0000 2017,@441136 Hello Ben - I'm sorry to hear you've been given differing information. If you could follow/DM us your phone number and more information we'd be happy to look into it. ^ JK,
2665777,751051,Fri Nov 17 22:23:36 +0000 2017,"@154872. We can't be bothered to stay open until 6pm on a Friday, like every other Fucking bank. Because ""Fuck You!"", that's why.",2665776,KeyBank_Help,Fri Nov 17 22:48:30 +0000 2017,@751051 Hello - can you let us know what branch it was you were visiting? We'd be happy to send some feedback as well as check out other branches in that area that may be open longer. ^ JK,
2665779,751052,Fri Nov 17 20:21:42 +0000 2017,Seriously nobody should ever do business with @154872 their customer service is atrocious. Been on hold for 50 minutes for a simple question.,2665778,KeyBank_Help,Fri Nov 17 20:27:31 +0000 2017,@751052 Do you still need help? Please feel free to follow and DM us your phone number. We would be happy to call you. Thanks!^CH,
2692273,756783,Sun Nov 19 14:09:57 +0000 2017,@154872 how long does it take to get your 25000 reward points when you have a checking and then open a home equity line of credit aka HELOC?,2692272,KeyBank_Help,Sun Nov 19 14:19:00 +0000 2017,@756783 Hi Holly- We kindly ask that you allow up to 90 days for your rewards points to show. Thank you! ^PG,
2750858,603627,Tue Nov 21 00:26:26 +0000 2017,"So. The moral of the story is that banks suck. I don't know what's worse, @116035 holding up my house closing, or now @154872 stealing $432 from me. Any new bank ideas? Moving both my personal and business accounts at the end of this month.",2750860,KeyBank_Help,Tue Nov 21 12:45:35 +0000 2017,"@603627 Jessica, so we can get additional information on your concerns. Please follow &amp; DM what happened along with your contact phone number &amp; zip code.  If you do not wish to provide us with your information please stop by your local branch for assistance. Thank you. ^JL",
2755585,771269,Mon Nov 20 21:45:27 +0000 2017,@KeyBank_Help That keybank if they want business then they should learn how to talk to minors who are putting money in there bank Bc the bank teller with the last name Travis there sucks and made them lose my account https://t.co/rUeRcZePGc,2755587,KeyBank_Help,Mon Nov 20 21:49:00 +0000 2017,@771269 What is the date and time you went to the branch please? Thanks.^CH,2755588
2755586,771269,Mon Nov 20 21:39:23 +0000 2017,@KeyBank_Help No you guys need some bank tellers who can't count in cortland,2755584,KeyBank_Help,Mon Nov 20 21:42:53 +0000 2017,@771269 Can you please let us know the address of the branch (there are a few in Cortland) and the date and time you went there please? We would be happy to forward your feedback to the appropriate area. Thanks!^CH,2755585
2755588,771269,Mon Nov 20 21:49:33 +0000 2017,@KeyBank_Help Today and I went in about about 3:50,2755589,KeyBank_Help,Mon Nov 20 21:51:26 +0000 2017,@771269 Thank you. We'll forward your comments to the right area. Please let us know if there is anything else we can do for you.^CH,
2755591,771269,Mon Nov 20 21:29:23 +0000 2017,Keybank is the worse bank ever how does the same women miss a hundre dollar bill every time that I go there she clear can't count past 100,2755590,KeyBank_Help,Mon Nov 20 21:38:24 +0000 2017,"@771269 Hi there, do you need any assistance? We would be happy to look into what happened for you. Thanks!^CH",2755586
2755593,771270,Mon Nov 20 21:27:56 +0000 2017,"@KeyBank_Help I have the card in my possession, applied a few weeks ago, just got it on Saturday",2755592,KeyBank_Help,Mon Nov 20 21:31:00 +0000 2017,@771270 Thanks again Sarah. Please direct message your full name and contact number for assistance. If you wish you may also contact our digital services team directly at 800-539-1539. ^PG,
2755595,771270,Mon Nov 20 21:24:53 +0000 2017,@KeyBank_Help Still nothing there 😒😔 https://t.co/Yi0KCle3pi,2755594,KeyBank_Help,Mon Nov 20 21:26:31 +0000 2017,"@771270 Thanks for checking! Just so I understand, did you just apply for the account or have you already been approved? ^PG",2755593
2755597,771270,Mon Nov 20 21:14:48 +0000 2017,"@KeyBank_Help 
Just got the key2more rewards credit card , where do I find account info, ex : statement ,pay bill ,rewards, etc ??
Thanks",2755596,KeyBank_Help,Mon Nov 20 21:20:24 +0000 2017,@771270 Hi Sarah! Congrats on your new account. You can view your rewards points and account info all in online banking here: https://t.co/LiDQAgWCmY If your new account is not showing please let us know! Thank you! ^PG,2755595
2755599,771271,Mon Nov 20 20:17:31 +0000 2017,why am i with @154872 again? if only it were easy to change banks https://t.co/EI5UZjToik,2755598,KeyBank_Help,Mon Nov 20 20:36:27 +0000 2017,"@771271 Hello, is there something we can do for you? We would like to keep you and we are here to help. Thank you!^CH",
2755602,771272,Mon Nov 20 20:12:51 +0000 2017,Wow @154872 🎉 awsome #CustomerService #thankful 👍🏻👍🏻,2755600,KeyBank_Help,Mon Nov 20 20:21:01 +0000 2017,@771272 Thank you for the kind words Jen. That is what we like to hear. Would you mind letting us know who you spoke with? We would love to forward your compliment. Thank you!^CH,2755601
2755604,356532,Mon Nov 20 22:16:02 +0000 2017,@KeyBank_Help 1 hour and the problem is solved ❤️ I️ love you guys,2755606,KeyBank_Help,Mon Nov 20 22:33:56 +0000 2017,"@356532 Glad to help Pat, thanks for showing your appreciation! ^PG",
2755605,356532,Mon Nov 20 19:34:57 +0000 2017,@KeyBank_Help Technically No but it has been 10 business days. They just didn’t review or even open my case until the 13th that’s way after I️ called,2755603,KeyBank_Help,Mon Nov 20 19:42:00 +0000 2017,@356532 I understand your frustration Pat. If you would like you may DM your phone number and we can look into this further. ^PG,2755604
2755608,356532,Mon Nov 20 19:29:45 +0000 2017,@KeyBank_Help Yeah I took money out an an ATM and it never dispensed but it was taken out of my account. key bank said it would take 10 business days to get my money and they just keep playing with my money,2755607,KeyBank_Help,Mon Nov 20 19:33:33 +0000 2017,@356532 Thank you for that information. Have the 10 business days passed? ^PG,2755605
2755610,356532,Mon Nov 20 19:23:41 +0000 2017,@154872 I’ve been on hold for 40 minutes now...,2755609,KeyBank_Help,Mon Nov 20 19:28:40 +0000 2017,"@356532 Hi Pat, sorry for any inconvenience. Can we ask what is going on with your account? ^PG",2755608
2755613,771273,Mon Nov 20 19:03:28 +0000 2017,"@KeyBank_Help hey Key Bank, I'm having trouble completing online shopping transactions , I have money in my account and my info is correct. What may be the problem?",2755611,KeyBank_Help,Mon Nov 20 19:12:09 +0000 2017,@771273 I would be happy to take a look at the account for you. Please follow and DM your phone number. We'll call for details. Thanks!^CH,2755612
2755616,771274,Mon Nov 20 16:23:40 +0000 2017,@154872 how I️ got a fucking key bank check An y’all gonna hold my shit till tomorrow when I️ got money in there. Fuck ass bank I’m cashing out an canceling my account.,2755614,KeyBank_Help,Mon Nov 20 16:26:33 +0000 2017,"@771274 Good Morning, do you need any assistance? Please follow and DM your phone number if you need help. Happy to call. Thank you!^CH",2755615
2755618,751049,Tue Nov 21 19:10:03 +0000 2017,@KeyBank_Help Thanks.  Please message me contact info for executive team so I can register a complaint against branch personnel,2755620,KeyBank_Help,Tue Nov 21 19:18:32 +0000 2017,"@751049 Hello Laura, we already replied earlier today to your Facebook messages in this matter. Thank you.^CH",
2755619,751049,Mon Nov 20 13:55:47 +0000 2017,@KeyBank_Help - please message me contact email and phone for top executives.,2755617,KeyBank_Help,Mon Nov 20 14:46:01 +0000 2017,"@751049 Hi Laura, our Executive Client Relations team will be in touch within the hour. ^PG",2755618
2755623,639754,Mon Nov 20 00:09:38 +0000 2017,I literally have like almost 200$ in fees from @KeyBank_Help this year and your girl is not okay. But I’m  in China so i can’t change banks. Wish i had that money for Christmas presents,2755621,KeyBank_Help,Mon Nov 20 12:33:23 +0000 2017,"@639754 Hi, while you’re out of the country you can live chat with us at    https://t.co/OI6GrUpTQV  or call us collect at 716-838-8600  and instruct the Operator to press zero twice to bypass the automated service, so a representative can accept the call.  ^JL",2755622
276750,182128,Thu Oct 19 16:27:56 +0000 2017,@KeyBank_Help Very bad customer service at your branch on 55th St Clair Cleveland Oh Very unprofessional,276749,KeyBank_Help,Thu Oct 19 16:42:01 +0000 2017,@182128 I would like to look into what happened for you. Can you please follow and DM your phone number? We'll call for details. TY!^CH,
276752,182128,Thu Oct 19 15:07:47 +0000 2017,@154872 the worse bank in America,276751,KeyBank_Help,Thu Oct 19 15:58:34 +0000 2017,@182128 Good Morning! What happened? Is there something we can do for you? We are here to help. Thanks!^CH,276750
276754,182129,Thu Oct 19 16:29:43 +0000 2017,@154872 On hold with Keybank for over an hour!,276753,KeyBank_Help,Thu Oct 19 16:40:01 +0000 2017,@182129 Hi EH - We apologize for the wait.  What department are you trying to reach? Also what number are you calling? Thank you. ^JF,
276756,182130,Thu Oct 19 00:51:12 +0000 2017,Does anyone know of a good bank that has an app? I've got key bank rn and it's ruining me with stress 😢,276755,KeyBank_Help,Thu Oct 19 13:42:01 +0000 2017,"@182130 We hope to make your banking easier, not more stressful! What's going on? We're happy to help out. ^ JK",
276758,182131,Thu Oct 19 11:31:04 +0000 2017,@KeyBank_Help I just hope this is not happening to more people at that atm.,276757,KeyBank_Help,Thu Oct 19 12:31:01 +0000 2017,@182131 I'm glad you filed the report. The ATM will be checked. Let us know if you have any other questions. ^LH,
276761,182131,Thu Oct 19 10:46:53 +0000 2017,@KeyBank_Help wow. I go to take $300 from atm. Says it can't dispense $$. Gives me a receipt for $80. Now I have to dispute this 10 days?,276759,KeyBank_Help,Thu Oct 19 11:29:00 +0000 2017,"@182131 Hi Shawn: I understand this is upsetting, have you filed the dispute yet? Let me know if I can help with something. ^LH","276758,276760"
276763,182132,Tue Oct 24 09:17:11 +0000 2017,@KeyBank_Help I'm sorry but this is still an issue.  I'll give it until this weekend to get resolved or I'll need to start using my 5/3 account as my main,276765,KeyBank_Help,Tue Oct 24 11:53:00 +0000 2017,@182132 If you need help setting up please call our Digital Solutions Team at 1-800-539-1539. (2of2) ^JL,276767
276763,182132,Tue Oct 24 09:17:11 +0000 2017,@KeyBank_Help I'm sorry but this is still an issue.  I'll give it until this weekend to get resolved or I'll need to start using my 5/3 account as my main,276766,KeyBank_Help,Tue Oct 24 11:52:53 +0000 2017,"@182132 Bill, if you are using a Windows PC, you can use Express Web Connect for Quicken. (1of2) ^JL",
276764,182132,Thu Oct 19 09:14:42 +0000 2017,@KeyBank_Help Can you advise when this will be fixed? Huge hassle having to manually enter transactions each day into Quicken.,276762,KeyBank_Help,Thu Oct 19 12:10:28 +0000 2017,"@182132 Bill, we apologize support is working diligently to get this issue resolved. No ETA at this time.  Thank you. ^JL",276763
276769,182132,Tue Oct 17 09:11:25 +0000 2017,@154872 whatever upgrade you did to online banking on 10/14 you broke the ability to export data into Quicken 2017 Software,276768,KeyBank_Help,Tue Oct 17 11:43:46 +0000 2017,"@182132 Bill, we apologize for the inconvenience this may have caused you. We are working to resolve the problem.  Thank you. ^JL",276764
2783971,777353,Tue Nov 21 15:44:55 +0000 2017,@KeyBank_Help Can I DM u guys?,2783970,KeyBank_Help,Tue Nov 21 15:48:00 +0000 2017,"@777353 Certainly. Please make sure not to include any account specific information (account numbers, card numbers, SSN etc) please. Thanks!^CH",
2783973,777353,Tue Nov 21 15:41:33 +0000 2017,@KeyBank_Help I need help!,2783972,KeyBank_Help,Tue Nov 21 15:44:28 +0000 2017,@777353 Good Morning! What can we do for you? Thanks!^CH,2783971
2783976,315925,Tue Nov 21 14:29:58 +0000 2017,@KeyBank_Help I'm about to renew a passport. Are First Niagara checks still good?,2783974,KeyBank_Help,Tue Nov 21 14:50:00 +0000 2017,"@315925 William, yes the checks would still be able to be used. If you have additional questions please call us at 1-800-539-2968 or stop by your local branch for assistance.  Thank you. ^JL",2783975
2783979,777354,Tue Nov 21 05:52:04 +0000 2017,So a new credit card account takes up to TWO WEEKS to show on the online banking website? I think the CSR was blowing me off. @154872,2783977,KeyBank_Help,Tue Nov 21 13:24:00 +0000 2017,"@777354 Elden, if you are experiencing an online/mobile banking issue. Please call our Digital Solutions Team directly at 1-800-539-1539 to have your digital setup reviewed. Thank you. ^JL",2783978
2805825,615927,Tue Nov 21 21:00:48 +0000 2017,On hold for an hour waiting for @154872 fraud line. Lol what customer service.,2805824,KeyBank_Help,Tue Nov 21 21:09:37 +0000 2017,@615927 Hi! Sorry to hear about the long holds times. Can you tell us if you are looking to file a dispute or need an update? Also please provide the number you are contacting. Thank you. ^PG,
2805828,782564,Tue Nov 21 17:53:54 +0000 2017,"@154872 You are Killing me.  No such thing as ""Important Change to Overdraft Charges""!!!  Email you keep sending is a lie and deceitful.  I made a choice, you need to accept it and stop emailing me.  If you keep lying and deceiving, how can I trust you?",2805826,KeyBank_Help,Tue Nov 21 18:05:00 +0000 2017,@782564 Hello Michael! Did you require any assistance? Please follow and DM your phone number with billing ZIP code if you have questions. We would be happy to call. Thank you!^CH,2805827
2815885,534532,Sun Nov 26 18:10:46 +0000 2017,@KeyBank_Help When I was with @108002 my line of credit payments came out automatically. You have changed this. Now I am getting dinged for late payments. I want the charges reversed and I want the autopay to resume. Why is this difficult? Yearlong PITA.,2815884,KeyBank_Help,Sun Nov 26 18:21:32 +0000 2017,@534532 Hi there! We would like to help. Please DM your full name and zipcode for assistance. ^PG,
2850927,616388,Tue Oct 31 03:46:03 +0000 2017,@154872 has the worst customer service of ever experienced..... I can not wait to close all of my accounts,2850926,KeyBank_Help,Tue Oct 31 11:41:32 +0000 2017,"@616388 Hi, can I help you? Please follow &amp; DM your full name &amp; contact phone # with zip code    w/help requested. We will call you.^JL",
2877315,798695,Mon Nov 27 23:46:35 +0000 2017,@KeyBank_Help Did that. Tried several computers. Rep said it would be unavailable for 10 days. What’s the truth?,2877313,KeyBank_Help,Mon Nov 27 23:50:54 +0000 2017,@798695 We're glad to take a closer look to see. Please direct message your phone number. We'd like to help. ^PG,2877314
2877318,798695,Mon Nov 27 23:36:11 +0000 2017,@154872 Online banking and bill pay down for 10 days for maintenance. Really???,2877317,KeyBank_Help,Mon Nov 27 23:42:28 +0000 2017,"@798695 Hi Mike, we can confirm online banking is not currently down. Could you please try accessing https://t.co/5mkPvGvrGu through another browser? You may also try clearing your cache and cookies. Hope this helps! ^PG",2877315
2877321,798696,Mon Nov 27 20:32:42 +0000 2017,"@KeyBank_Help If you would like to call me and show you actually do want to hear then you can dm me for my contact info, until then im done wasting time with a company that can't even set their own workers up with the ability to tell me why my account is messed up",2877319,KeyBank_Help,Mon Nov 27 20:34:48 +0000 2017,@798696 We definitely want to hear from you. Please direct message your phone number. We will be in touch. ^PG,2877320
2877323,798696,Mon Nov 27 20:25:01 +0000 2017,"@KeyBank_Help Not worth my time explaining, your branch on ghent road in ohio already sucked up to much of my time today",2877322,KeyBank_Help,Mon Nov 27 20:29:27 +0000 2017,@798696 If you change your mind we would like to hear about what made you want to leave. We're sorry to see you go. ^PG,2877321
2877325,798696,Mon Nov 27 20:19:00 +0000 2017,"Thank you @20321 for making me happy today after @154872 pissed me off and ruined the start of my day, i will be closing my key account first thing tomorrow",2877324,KeyBank_Help,Mon Nov 27 20:23:30 +0000 2017,"@798696 Hey Zach, we would hate to see you go. Can we ask what happened? ^PG",2877323
2877327,798698,Mon Nov 27 17:25:38 +0000 2017,@KeyBank_Help Yes I need assistance!! I need that $38.50 fee reversed!!!,2877326,KeyBank_Help,Mon Nov 27 17:28:29 +0000 2017,@798698 Please follow and DM your phone number. We would be happy to call and review if you are eligible for a courtesy fee waiver. Thanks!^CH,
2877329,798698,Mon Nov 27 17:16:32 +0000 2017,"@KeyBank_Help I deposited money to the ATM st 7:15pm, then was charged an NSF Fee.",2877328,KeyBank_Help,Mon Nov 27 17:22:29 +0000 2017,@798698 We have some great overdraft protection options that can help you avoid NSF fees. Please see: https://t.co/goj44SwMjy Please let us know if you need assistance. Thanks!^CH,2877327
2877331,798698,Mon Nov 27 17:00:19 +0000 2017,"@KeyBank_Help Key Bank has horrible customer service, has a cut-off time for bank machine baking at 7pm (WTF- why so early) and outrageous NSF Fees!! All too much for me. And I thought PNC was bad... this is absolutely ridiculous and unfair!!!",2877330,KeyBank_Help,Mon Nov 27 17:15:01 +0000 2017,@798698 Hi Jev! The cutoff time of 7 PM EST is for processing same business day deposit at the ATM. Our mobile app has a cutoff time of 11 PM EST. We also have some great options that can help you avoid overdraft fees. Please follow and DM your phone # if you need help. TY!^CH,2877329
2877333,593727,Mon Nov 27 16:16:16 +0000 2017,@KeyBank_Help Yes I do and I’ve already called and reported the incident.,2877332,KeyBank_Help,Mon Nov 27 16:25:54 +0000 2017,@593727 Thanks for this information. If you need any additional assistance please do not hesitate to reach out. ^PG,
2877335,668244,Mon Nov 27 15:28:41 +0000 2017,@KeyBank_Help @593727 Whut evver and whats nnew,2877339,KeyBank_Help,Mon Nov 27 15:37:56 +0000 2017,"@668244 Hello Levith, did you need any assistance? We are happy to help. ^PG",2877338
2877336,593727,Sat Nov 25 23:38:49 +0000 2017,Thanks keybank atm for not only giving me ripped money but shorting me $20...,2877334,KeyBank_Help,Mon Nov 27 14:58:31 +0000 2017,"@593727 Hi there, we sincerely apologize for any inconvenience with your ATM transaction. May we ask if you have an account with Key? ^PG","2877333,2877335"
2877338,668244,Mon Nov 27 15:41:29 +0000 2017,@KeyBank_Help Im levith https://t.co/YYRtpLbbvl ywur manafer,2877337,KeyBank_Help,Mon Nov 27 15:44:01 +0000 2017,@668244 Are there any details you can provide regarding your concern? This will help us assist you. ^PG,
2915654,807047,Tue Nov 28 21:27:01 +0000 2017,"@KeyBank_Help buffalo locations are only open til 4pm any given weekday, which must make some kinda sense or it wouldn't be a thing, but my gran will only deal with live humans so there's multiple days during the week where I can't just get her over there? not YOUR fault but mad inconvenient.",2915653,KeyBank_Help,Tue Nov 28 21:38:31 +0000 2017,@807047 Eli0t-Understandable I'll be happy to share your feedback with the proper team. Please let us know if you need anything else. ^CS,
2915656,807047,Tue Nov 28 20:58:26 +0000 2017,"@154872 I get that it's so they can hit people with ATM fees if they work normal human hours &amp; don't have a lunch hour they can just ""run to the bank"" on because it's not 1952.",2915655,KeyBank_Help,Tue Nov 28 21:16:00 +0000 2017,@807047 Eliot-Was there anything I can help with? Let me know what is going on. Thank you. ^CS,2915654
2915659,679402,Tue Nov 28 17:18:49 +0000 2017,"@KeyBank_Help Hi there!  Do you want to follow me so i can explain the ridiculous issue im having with Key Bank Customer Service today, or should i just tweet it here? =)",2915658,KeyBank_Help,Tue Nov 28 17:23:01 +0000 2017,@679402 Hi Aaron - We are now following you.  Please let us know what happened so we can see what we can do to rectify the situation for you.  Thanks. ^JF https://t.co/SmWwvO7ZmH,
2915661,807048,Tue Nov 28 16:23:13 +0000 2017,@KeyBank_Help Is this your regular policy to shut someone's card off after one missed payment that wasn't even a week late? You had no trouble charging me a late fee but I couldn't use my own card still.,2915660,KeyBank_Help,Tue Nov 28 16:35:01 +0000 2017,@807048 We would need to speak with you to look at what happened to your account. Please follow and DM your phone number. Happy to call. Alternatively you can also reach out to customer service at 1-800-539-2968 at your own convenience. Thanks!^CH,
2915663,807048,Tue Nov 28 16:13:18 +0000 2017,Thanks @154872 for shutting my card off after i was 3 days late making a payment. For the first time EVER. Great customer service. And I can't even use the card for another two days. Can't wait to pay this stupid card off and be done with you. So many issues. #keybank,2915662,KeyBank_Help,Tue Nov 28 16:17:01 +0000 2017,"@807048 Good Morning, did you have any questions or do you need assistance? We would be happy to look into this for you. Thanks ^CH",2915661
2915665,807049,Tue Nov 28 04:24:31 +0000 2017,"@154872 why haven't i received
 my rewards redeemed about a month ago? Can you please help",2915664,KeyBank_Help,Tue Nov 28 12:14:07 +0000 2017,"@807049 Hi Holly, To find info out about your redeemed Rewards points, I kindly ask that you call the Rewards Dept. directly at 1-888-333-7780. They are happy to help. ^LH",
292732,185721,Fri Oct 06 04:48:45 +0000 2017,It's very frustrating waiting for direct deposit to go through. Almost an hour late key bank hurry up!,292731,KeyBank_Help,Fri Oct 06 13:05:01 +0000 2017,@185721 Can I help with anything Nikki? DM details about your issue to get started. Thank you. ^CS,
2948027,814198,Wed Nov 29 16:20:28 +0000 2017,@KeyBank_Help little confused that this has been happening for 2 weeks...really not establishing much trust 🧐🤔 https://t.co/KX4M2IYIPY,2948026,KeyBank_Help,Wed Nov 29 16:27:14 +0000 2017,"@814198 Hi Kasey, we'd like to get to the bottom of this. Could you please DM your phone number? ^PG",
2948029,814199,Wed Nov 29 15:25:25 +0000 2017,"@KeyBank_Help #fraud #demandinganswers why can't anyone help me with fraud claim? Why am I working so hard to find out how you are rectifying this situation? Your online banking system was compromised, my money was stolen. #collegefundgone #losingmyshit",2948028,KeyBank_Help,Wed Nov 29 16:00:04 +0000 2017,@814199 Hello Tania - can you please follow/DM us your phone number and additional information regarding your dispute? We would be happy to look into it. ^ JK,
2948031,619325,Wed Nov 29 03:17:19 +0000 2017,@154872 took out a bunch of unauthorized fees and after the phone call the woman said “is there anything else I can help you with today” and I said “nope just stop stealing from people” then she said “ok have a good day”. Fuckin losers. Cancelling ASAP.,2948030,KeyBank_Help,Wed Nov 29 13:04:28 +0000 2017,@619325 Hi Sav-  Is there anything we can help with today?  Please provide us with some more details on the situation.  We will be happy to take a look and see what we can do for you.  Thank you. ^JF,
304504,188715,Mon Oct 16 22:46:07 +0000 2017,@KeyBank_Help Yes I initiated it last Wednesday.,304506,KeyBank_Help,Tue Oct 17 15:01:10 +0000 2017,@188715 We have up to 10 days to research and provide provisional credit . For specific details on it please call 800-539-2861. ^JF,
304505,188715,Mon Oct 16 19:01:35 +0000 2017,@KeyBank_Help Will answering this question speed up the hold time I experience?,304503,KeyBank_Help,Mon Oct 16 20:38:28 +0000 2017,@188715 If you'd like I can check into a particular issue. I need to know if a dispute has been initiated first. Let me know thanks.^JF,304504
304508,188715,Mon Oct 16 18:54:20 +0000 2017,@KeyBank_Help Yes,304507,KeyBank_Help,Mon Oct 16 18:58:30 +0000 2017,@188715 Do you need to file a dispute on a transaction?  Or are you looking to get information on one already filed? ^JF,304505
304510,188715,Mon Oct 16 18:15:56 +0000 2017,"@KeyBank_Help Please have the fraud department answer the phone, I was on hold for 1 hour and 10 min and gave up.",304509,KeyBank_Help,Mon Oct 16 18:19:30 +0000 2017,@188715 Are you trying to get in touch with our disputes team to file a dispute or to check the status of one already filed? ^JF,304508
304512,188715,Mon Oct 16 17:47:52 +0000 2017,My call is very important to @154872 and I continue to hold... What does momentarily mean? #CustomerService #Sucks https://t.co/rQl1jxyXBa,304511,KeyBank_Help,Mon Oct 16 18:02:01 +0000 2017,@188715 Hi Jason-  Is there anything we can help with?  Please  provide us with some details on the situation.  Thanks. ^JF,304510
304514,188716,Mon Oct 16 20:03:09 +0000 2017,@154872 I'd love my checks to cash on the mobile app. It hasn't been working for weeks! #overit,304513,KeyBank_Help,Mon Oct 16 20:23:47 +0000 2017,"@188716 Hi there Antonio, can you elaborate a bit and advise what type of error message you are getting? Thanks!^CH",
304516,188717,Mon Oct 16 19:14:53 +0000 2017,@154872 how about putting a ATM at Playhouse Square. Maybe in the Keybank State Theater lobby.,304515,KeyBank_Help,Mon Oct 16 19:53:00 +0000 2017,@188717 Thanks for the feedback Jimmy. I'll be happy to share this with the appropriate team. Let us know if there's anything else.^CS,
304520,166338,Mon Oct 16 19:13:16 +0000 2017,The customer serve lady at @154872  in enfield ct is a rude lady she is useless an doesnt do her job,304517,KeyBank_Help,Mon Oct 16 19:36:53 +0000 2017,"@166338 Hi Kodi, we are sorry to hear this. What's causing your frustration with your account? ^PG","304518,304519"
304522,188718,Mon Oct 16 17:43:20 +0000 2017,"@KeyBank_Help a payment that was ""7 days late"" when 1. I've never been late. 2. I made the payment early which was an error on your system.",304521,KeyBank_Help,Mon Oct 16 17:52:30 +0000 2017,@188718 I would be happy to look into the payment issue for you. Please follow and DM your phone number to get started. Thanks!^CH,
304525,188718,Mon Oct 16 17:12:29 +0000 2017,Honestly @154872 is the most incompetent bank I've ever had misfortune of dealing with.,304524,KeyBank_Help,Mon Oct 16 17:27:13 +0000 2017,@188718 Can you please share some information on what happened? We are here to help and I would like to turn your opinion around. Thanks!^CH,
327457,194058,Sat Oct 07 16:20:28 +0000 2017,And then treated like shit when I get to the branch on lakeshore in Euclid Ohio @154872 TERRIBLE customer service.,327456,KeyBank_Help,Sat Oct 07 16:29:24 +0000 2017,"@194058 Hi Sandy, What happened? Is there something I can help you with? If you follow/DM your # I'll give you a call. ^LH",
327459,194059,Sat Oct 07 13:36:00 +0000 2017,@KeyBank_Help Just experienced the worst customer service.  A complete 360 &amp; my paycheck still not mine. Who is going to feed my child.,327458,KeyBank_Help,Sat Oct 07 13:40:36 +0000 2017,"@194059 Hello, What happened? If there's something I can help with please follow/DM your contact info and I'll be in touch. ^LH",
335202,131163,Thu Oct 05 21:19:37 +0000 2017,@KeyBank_Help How is it that nobody in your organization can actually tell if something is being processed or not? Are any of your services... SERVICES?,335201,KeyBank_Help,Sat Oct 07 17:29:51 +0000 2017,"@131163 Hey Joshua, Hope you're have a good weekend. Has this issue been resolved yet? If not, DM your # and I'll call you ^LH",
352066,199734,Sun Oct 08 04:53:25 +0000 2017,"@KeyBank_Help Is there any reason why my checking account is now displaying “—,—“ and There is no transaction history?",352064,KeyBank_Help,Sun Oct 08 12:22:51 +0000 2017,@199734 Hi Wills- Please contact our digital solutions team at 800-539-1539 if you are still experiencing issues.  Thanks. ^JF,352065
352068,199735,Sun Oct 08 01:12:38 +0000 2017,@KeyBank_Help is there any way I could do debit card payment disputes through email instead of a phone call? Thanks,352067,KeyBank_Help,Sun Oct 08 12:13:00 +0000 2017,@199735 Hi Miranda- The only way to file a dispute is by calling us at 800-539-2968. Let us know if you have any other questions. ^JF,
360976,201475,Sat Oct 07 20:09:42 +0000 2017,@KeyBank_Help No.   I will be taking my business elsewhere.  Ur companies customer service in branch and on phone,360975,KeyBank_Help,Sun Oct 08 12:32:30 +0000 2017,"@201475 If you change your mind, we are here to help.  Just let us know. ^JF",
360978,201475,Fri Oct 06 20:02:50 +0000 2017,"dont ever open a account with @154872 they suck,  they open up ur account and then close it with out bothering telling you.",360977,KeyBank_Help,Fri Oct 06 20:08:34 +0000 2017,@201475 Hi Tracey- Is there anything we can help with?  Please provide us with some more details on the situation.  Thank you. ^JF,360976
398664,210284,Mon Oct 09 17:52:45 +0000 2017,@KeyBank_Help Online banking is up. Bill Pay is down,398663,KeyBank_Help,Mon Oct 09 18:00:44 +0000 2017,@210284 If you will follow/DM your phone # I'll give you a call to see if we can find out what's going on with your bill pay. ^LH,
398668,210284,Mon Oct 09 17:27:13 +0000 2017,@KeyBank_Help what is up with online bill pay? It's been down all day.,398665,KeyBank_Help,Mon Oct 09 17:42:52 +0000 2017,"@210284 Hi Dan, Online Banking is up and running.Try closing your browser and using another one and clearing cache and cookies. ^LH","398664,398666,398667"
398670,210286,Mon Oct 09 14:46:22 +0000 2017,"@154872 is the biggest joke. Their nickname is ""FeeBank"" https://t.co/nnfvvN3owx",398669,KeyBank_Help,Mon Oct 09 15:02:39 +0000 2017,@210286 Hi Pasha-  Is there anything we can help with today?  Just let us know.  We are happy to help. ^JF,
398673,210287,Mon Oct 09 14:30:06 +0000 2017,Thanks @154872 for taking a $3 monthly paper statement fee from my HSA account by default without prompting for an opt-out 😡😡😡,398671,KeyBank_Help,Mon Oct 09 14:52:34 +0000 2017,@210287 Hi Jim- There is a way to opt-out of paper statements by enrolling in online statements. Follow/DM us and we can show you how. ^JF,398672
398675,210288,Fri Oct 06 21:12:06 +0000 2017,Keybank? More like Feebank,398674,KeyBank_Help,Mon Oct 09 14:11:14 +0000 2017,@210288 We have a variety of choices with options to avoid fees Tori. If you have any questions let us know how we can help you. ^CS,
398678,210289,Sun Oct 08 22:41:37 +0000 2017,At this point I’m highly irritated! KeyBank’s branch finder is highly outdated! I did everything possible to try to avoid ATM fees,398676,KeyBank_Help,Mon Oct 09 13:50:34 +0000 2017,"@210289 Latasha: What happened? Can I help you with something? If so, follow/DM your phone # and I'll call you. ^LH",398677
410039,212801,Mon Oct 09 19:25:51 +0000 2017,"@KeyBank_Help Thank you, already cancelled my cc, will not be contacting you again unless I cannot fix my credit report",410038,KeyBank_Help,Mon Oct 09 19:35:34 +0000 2017,@212801 We are here to help.  Just let us know. ^JF,
410041,212801,Mon Oct 09 19:09:17 +0000 2017,"1 month later, still dealing with a fraudulent credit card charge that's been refunded but is now effecting my credit score, @154872 sucks",410040,KeyBank_Help,Mon Oct 09 19:21:00 +0000 2017,@212801 Hi Odinson- Can you give us more  details on the situation.  We would be happy to look into this for you.  Thanks. ^JF,410039
426282,216396,Tue Oct 10 12:09:31 +0000 2017,@KeyBank_Help Jim Gillig 419 341 7570,426284,KeyBank_Help,Tue Oct 10 14:15:28 +0000 2017,@216396 Hi Jim: I just spoke with the branch manager and he will be giving you a call this morning. ^LH,426285
426283,216396,Tue Oct 10 09:34:10 +0000 2017,@KeyBank_Help Branch Mgr in Port Clinton once again won’t help or respond to our call re our CLOSED Key account  #fail,426281,KeyBank_Help,Tue Oct 10 11:45:00 +0000 2017,@216396 Hi Jim: I'm happy to see if I can help with his. Please follow/DM your contact info and I'll give you a call. ^LH,426282
426285,216396,Wed Oct 11 19:17:33 +0000 2017,@KeyBank_Help Hi. branch mgr called yesterday and promised to callback however  as of now he has not called. We aren't surprised. Poor customer service.,426286,KeyBank_Help,Wed Oct 11 19:28:27 +0000 2017,"@216396 Hi Jim, I just spoke with the Branch Manager, he stated he will be calling again today. ^LH",
436232,218617,Tue Oct 10 14:44:43 +0000 2017,@KeyBank_Help Hassle free but can't get a check that was Deposited Saturday. Shit should be cleared,436230,KeyBank_Help,Tue Oct 10 14:52:42 +0000 2017,@218617 Hi-Unfortunately yesterday was a holiday and also considered a non-business day. Please let us know if you need anything else. ^CS,436231
436234,218617,Tue Oct 10 13:55:17 +0000 2017,Fuck you Columbus Day and fuck you key bank. 😡🔫,436233,KeyBank_Help,Tue Oct 10 14:39:01 +0000 2017,@218617 Hello-Was there anything you needed help with? Let us know whats going on I'd like to help you. ^CS,436232
436236,218618,Tue Oct 10 13:22:27 +0000 2017,"Dear @154872 your branch should not smell like a nail salon. I can't believe your employees breathe that toxic smell all day. 
#Pittsburgh",436235,KeyBank_Help,Tue Oct 10 13:57:32 +0000 2017,@218618 Hello-Can you please send us a DM with the branch location. Thank you. ^CS,
436238,218619,Mon Oct 09 18:40:36 +0000 2017,I’m fed up @154872,436237,KeyBank_Help,Tue Oct 10 13:37:26 +0000 2017,@218619 Hi Jess was there anything I can help with? Let us know whats going on. Thank you. ^CS,
453857,222706,Thu Nov 30 21:24:15 +0000 2017,@KeyBank_Help One more - how do I unenroll from Relationship Rewards online?,453856,KeyBank_Help,Thu Nov 30 21:38:06 +0000 2017,"@222706 There is no way to unenroll  through online, however you can send us a secure email through your online banking to be unenrolled from the program.  Please let us know if you have any other questions. Thank you. ^JF",
453860,222706,Thu Nov 30 04:06:11 +0000 2017,@154872 How do you opt out of overdraft services online?,453858,KeyBank_Help,Thu Nov 30 12:40:44 +0000 2017,"@222706 Hi Danielle: To change your overdraft consent: 
1. Log into online banking
2. Select your account
3. Click 'More'
4. Click 'Financial Details'
5. Next to 'Standard Overdraft Services Consent' select ""Change""
6. Read the disclosure and select your option
^LH","453857,453859"
494030,232786,Fri Dec 01 17:26:18 +0000 2017,Hey @154872 NONE OF YOUR PHONE NUMBERS WORK!!,494028,KeyBank_Help,Fri Dec 01 17:37:00 +0000 2017,@232786 Hi Nathan - Can you provide us with the numbers that you are trying to reach us at?  We have double checked and it looks like our customer service number is up and running. ^JF,494029
494032,232787,Fri Dec 01 17:02:22 +0000 2017,@KeyBank_Help @232788 What is the timetable for being able to access this?,494031,KeyBank_Help,Fri Dec 01 17:16:30 +0000 2017,"@232787 We don't yet have a timetable on when to expect that back, but we are working diligently to correct the issue. In the meantime you can call us at 1-800-539-2968 for assistance with your account or follow/DM us if you need help. ^ JK",
494032,232787,Fri Dec 01 17:02:22 +0000 2017,@KeyBank_Help @232788 What is the timetable for being able to access this?,494033,KeyBank_Help,Fri Dec 01 18:49:43 +0000 2017,@232787 Our online banking is back up and running! Let us know if you have any other issues. ^ JK,
494035,232788,Fri Dec 01 16:17:51 +0000 2017,Hey @154872 is your online login down??,494034,KeyBank_Help,Fri Dec 01 16:26:27 +0000 2017,@232788 Please accept our apology if you're having trouble accessing digital banking. We're working hard to resolve the problem. While we do that please feel free to contact us at 1-800-KEY2YOU or follow and DM your phone number. Happy to call. Thank you!^CH,494032
494035,232788,Fri Dec 01 16:17:51 +0000 2017,Hey @154872 is your online login down??,494036,KeyBank_Help,Fri Dec 01 18:52:00 +0000 2017,"@232788 Hi Sebastian, https://t.co/OHPmNYTFYk is back up. Please let us know if you require further assistance. Thank you and have a great weekend!^CH",
494039,232789,Fri Dec 01 17:01:11 +0000 2017,@KeyBank_Help Four months of wasted time of mine to correct a mistake the bank made. It’s amazing that you can remain in business like that,494037,KeyBank_Help,Fri Dec 01 17:04:01 +0000 2017,"@232789 I'm sorry about that issue you had. If you still need help or need anything in the future, please let us know. ^ JK",494038
494041,232789,Fri Dec 01 15:27:47 +0000 2017,KEY BANK SUCKS https://t.co/FR3gXjNrQK,494040,KeyBank_Help,Fri Dec 01 16:14:27 +0000 2017,"@232789 Hello, is there something we can help out with? Please let us know. ^ JK",494039
494043,232790,Thu Nov 30 18:12:52 +0000 2017,Shout out to Tyrone from Key Bank service for helping me dispute this damn transaction. 😂😂,494042,KeyBank_Help,Fri Dec 01 14:24:58 +0000 2017,@232790 Thank you for the shout out we're glad to help. Let us know if you need anything else. Have a nice day! ^CS,
532989,243473,Fri Dec 01 23:04:46 +0000 2017,"Say, @154872 @KeyBank_Help? I just logged into your app. These aren't my accounts and my name isn't George. https://t.co/HbfBH6MOZw",532988,KeyBank_Help,Fri Dec 01 23:10:58 +0000 2017,"@243473 Hello, thank you for bringing this to our attention. Can you please follow/DM us your name and phone number so that we can look into this? Thank you. ^ JK",
532993,243474,Fri Dec 01 22:39:22 +0000 2017,"@154872 I received ""Paper Statement Fees"" on 3 accounts. I haven't received a paper statement in 3 years. Please ensure this doesn't happen again. TYIA.",532992,KeyBank_Help,Fri Dec 01 22:47:56 +0000 2017,"@243474 Hi Mike, we would be happy to look into this for you. Please follow and DM your phone number if you need assistance. Thanks!^CH",
532995,243475,Fri Dec 01 20:25:27 +0000 2017,@KeyBank_Help Please release my funds.  I worked very hard now I wait 10 days? I even asked b4 depositing.  Feels like betrayal.  Not relationship building,532994,KeyBank_Help,Fri Dec 01 20:29:33 +0000 2017,@243475 We understand that it can be frustrating having funds out  put on hold. Any paper check may be subject to a hold until we have actually received the funds from the other bank. Please follow and DM your phone # you have act specific questions. Happy to call. TY!^CH,
532998,243475,Fri Dec 01 20:09:02 +0000 2017,@154872 @KeyBank_Help https://t.co/V4kyiTWr3W,532996,KeyBank_Help,Fri Dec 01 20:14:30 +0000 2017,"@243475 Hi Tara, that is not the experience we want you to have with us. Is there something we can do for you? We are here to help! ^CH","532997,532995"
533000,118058,Fri Dec 01 18:35:17 +0000 2017,"leave it to @154872 to have online banking down the 1st of the month, literally the one #key day as a bank you can't afford to screw up

#December1st https://t.co/MeYXnwsR0H",532999,KeyBank_Help,Fri Dec 01 19:00:35 +0000 2017,"@118058 Apologies for being down Blake. We are back up and running, please try again and let us know if you're still having issues. ^CS",
564855,252331,Sat Dec 02 20:07:17 +0000 2017,@KeyBank_Help Nope I’m good. I’m making the switch to a different bank. I’m done wasting my time with  your entire business. Every time I speak to someone in your customer care they are rude and constantly go back on their word or LIE to us.,564854,KeyBank_Help,Sat Dec 02 20:08:30 +0000 2017,"@252331 If you change your mind, we are here to help. Enjoy your weekend! ^ JK",
564857,252331,Sat Dec 02 19:58:07 +0000 2017,@154872 is the WORST bank I have EVER had to deal with. All they do is blame the customer for mistakes THEIR system has made. And all of their employees on customer service are rude I’m pulling all of my money out and switching to @128233 IMMEDIATELY.,564856,KeyBank_Help,Sat Dec 02 20:03:33 +0000 2017,@252331 We're sorry to hear you feel that way and that you have had bad experiences with our customer service reps. Can you let us know what is going on? We would be happy to help out. ^ JK,564855
564860,252332,Sat Dec 02 18:11:50 +0000 2017,"@KeyBank_Help i applied to jobs an 18 yr old can do - im trilingual, mba on 4.00 gpa, financial school accredited n i cant even be an assistant? fuck yall",564858,KeyBank_Help,Sat Dec 02 19:36:27 +0000 2017,"@252332 I'm sorry to hear about that, your credentials sound great. You can send us an email at __email__ to inquire on what may have resulted in not being selected. ^ JK",564859
564862,252332,Sat Dec 02 08:01:49 +0000 2017,"@154872 tell human resources to fuck off, or whoever the recruiting agents are",564861,KeyBank_Help,Sat Dec 02 13:28:54 +0000 2017,"@252332 Hello, can you let us know what is going on? We'd be happy to look into it. ^ JK",564860
564864,252333,Sat Dec 02 17:08:31 +0000 2017,@KeyBank_Help Could someone please confirm if the KeyBank checking account promotions for bonus amounts $100/$200/$300 are available nationwide or only in specific markets ?,564863,KeyBank_Help,Sat Dec 02 17:14:56 +0000 2017,@252333 Hello! We can confirm that those promotions are only available in select regions. If you visit https://t.co/J493tzAqlM we would be happy to find if it's available in your area. ^ JK,
564866,193540,Sat Dec 02 09:01:50 +0000 2017,@KeyBank_Help Every time after I take out money from the bank. Later that day my account is negative. Won’t be banking with Key in 2018,564865,KeyBank_Help,Sat Dec 02 13:27:00 +0000 2017,"@193540 Hello Anthony, I understand that can be frustrating. If you follow/DM us we would be happy to review your account and see what's going on. ^ JK",
564868,252334,Sat Dec 02 01:02:41 +0000 2017,"@KeyBank_Help 👋🏼 Hi, I would like to be removed from your mailing list, as I am not a customer. Tried using your website contact form but got an error message—please advise. Thank you!",564867,KeyBank_Help,Sat Dec 02 13:17:53 +0000 2017,"@252334 Hello Amy, you can get removed from that list by giving us a call at 1-800-361-0968. Hope that helps! ^ JK",
582990,257482,Sun Dec 03 00:29:50 +0000 2017,@154872 it’s nice to know you use my savings and checking account as your own personal account. Your fees for the most basic of items are outrageous. No wonder why you haven’t been able to establish yourself in my area!,582989,KeyBank_Help,Sun Dec 03 13:24:00 +0000 2017,"@257482 Hi Paul, we understand fees can be frustrating. We offer a lot of ways to avoid fees on our accounts. Please let us know if you would like to review your options. ^PG",
582992,257483,Sat Dec 02 23:22:09 +0000 2017,@KeyBank_Help I keep getting an error msg when trying to use online banking. No one can help. What's up?,582991,KeyBank_Help,Sun Dec 03 13:21:27 +0000 2017,"@257483 Hi Linda, sorry to hear this. What is the error you are receiving?^PG",
635520,166312,Tue Oct 03 21:49:49 +0000 2017,@154872 (cont'd) &amp;I'm having trouble cashing it here. I figr cshng it in the US will be easier. Will Key Bank cash it 4 me with no account?,635519,KeyBank_Help,Tue Oct 03 22:09:00 +0000 2017,@166312 Hi Gideon- You would need to stop in or speak with a local branch to see if that is something we are able to accommodate. ^JF,
635546,270704,Thu Sep 28 17:24:41 +0000 2017,"@KeyBank_Help Hi, is there any way that I could add my wife to my Hassle Free Account?",635545,KeyBank_Help,Thu Sep 28 17:34:00 +0000 2017,"@270704 Hi Roberto, please stop by your local Key branch with your wife so she may be added to your account as a co-owner. Thank you. ^JL",
642700,272570,Wed Nov 22 18:07:54 +0000 2017,Gonna be sitting at key bank for another 2 hours because this shit takes forever. This is stupid as fuck,642699,KeyBank_Help,Wed Nov 22 18:24:27 +0000 2017,"@272570 Hello Alyssa, do you need any assistance? We are here to help. Thanks!^CH",
642702,272571,Wed Nov 22 20:18:20 +0000 2017,"What stupid bank puts a hold on your check for two days?!?!? 

@154872 does! So pissed right now!!",642701,KeyBank_Help,Wed Nov 22 20:36:00 +0000 2017,"@272571 Hi Ash, sorry to hear about the hold on your deposit. You may review our funds availability guidelines online at https://t.co/5mkPvGvrGu. If you have any questions or concerns please direct message your phone number. We'd like to help. ^PG",
642705,272572,Tue Nov 21 23:12:21 +0000 2017,@KeyBank_Help Thank u so much!,642703,KeyBank_Help,Wed Nov 22 15:43:00 +0000 2017,@272572 Michelle- I have spoken to the disputes department and they said everything should be all set.  Please let me know if you have any other questions.  Thank you! ^JF,642704
642707,272572,Tue Nov 21 22:53:05 +0000 2017,@KeyBank_Help Surely there were 10 transactions totalling $500.60 each of them for $50.60 each it was placed on Saturday night 11/18 at midnight posted monday 11/20 I called 11/19 to dispute they couldn't file the claim until Monday 11/20 also have $15  worth of fees added on,642706,KeyBank_Help,Tue Nov 21 23:06:29 +0000 2017,"@272572 Thank you for that information Michelle.  We are going to look into it for you, and will update you shortly once we have more information. ^JF",642705
642709,272572,Tue Nov 21 21:55:20 +0000 2017,Guess what @154872 It's been 6 business days and still no one has any information I've called everyday and put in hardship requests no one cares! Thanks for ruining our holidays,642708,KeyBank_Help,Tue Nov 21 22:49:00 +0000 2017,@272572 Michelle- Can you provide us with the date and dollar amount  of the dispute and we will be happy to look into this for you.  Thank you. ^JF,642707
642711,272573,Wed Nov 22 13:06:49 +0000 2017,"@272574 @154872 @11286 @KeyBank_Help Hey, get in line!!!!!",642710,KeyBank_Help,Wed Nov 22 13:45:57 +0000 2017,"@272573 BNRGINC, do you need help? Please follow &amp; DM information on your servicing needs. You can also stop by your local branch for assistance. Thank you. ^JL",
642712,272574,Tue Nov 21 23:53:54 +0000 2017,Hey @154872 @11286 and @KeyBank_Help - I have used this forum as a last resort to get an answer to a big problem. We can either discuss this privately like adults or you can just wait until a news channel contacts you for a response. What would you like to do here?,642713,KeyBank_Help,Wed Nov 22 12:28:00 +0000 2017,"@272574 Hello, I'm happy to see if I can help you. Please follow/DM your phone number along with your name and I'll give you a call today. ^LH",642718
642716,272575,Wed Nov 22 12:11:57 +0000 2017,@140601 @154872 I had the same problem with them my friend,642715,KeyBank_Help,Wed Nov 22 13:06:32 +0000 2017,"@272575 Hi, do you need help? Please follow and DM your full account name with contact phone number and zip code.  Any additional information will be helpful.  ^JL",
651206,274877,Fri Nov 24 23:47:05 +0000 2017,@KeyBank_Help What's going on is that my payroll checks has been on hold for 3 days. For no fucking reason. It's just keybank is the worst bank I've ever dealt with in my life. And I will no longer be a customer. Can't even use my money that I work my dick off for,651205,KeyBank_Help,Fri Nov 24 23:52:00 +0000 2017,"@274877 I'm sorry to hear that Danny, if you can follow/DM us your contact information we would b happy to look into it. ^ JK",
651208,274877,Fri Nov 24 23:13:08 +0000 2017,@154872 worst fucking bank. Bunch of criminals,651207,KeyBank_Help,Fri Nov 24 23:45:01 +0000 2017,"@274877 Hello Danny, can you let us know what is going on? We are happy to help out. ^ JK",651206
652451,275140,Fri Oct 20 02:25:16 +0000 2017,@KeyBank_Help I deserve to get my documents in a timely manner. 9 days is not standard delivery. Not acceptable. Do your research.,652452,KeyBank_Help,Fri Oct 20 12:11:47 +0000 2017,@275140 process for everyone that completes a dispute to be fair for all clients. If you have any questions or concerns (2of3) ^JL,
652451,275140,Fri Oct 20 02:25:16 +0000 2017,@KeyBank_Help I deserve to get my documents in a timely manner. 9 days is not standard delivery. Not acceptable. Do your research.,652453,KeyBank_Help,Fri Oct 20 12:11:01 +0000 2017,"@275140 Steven, we understand waiting 10 business days for a dispute process is frustrating. However we need to follow this(1of3)^JL",
652451,275140,Fri Oct 20 02:25:16 +0000 2017,@KeyBank_Help I deserve to get my documents in a timely manner. 9 days is not standard delivery. Not acceptable. Do your research.,652450,KeyBank_Help,Fri Oct 20 12:12:11 +0000 2017,@275140 with our dispute process please contacts our disputes department at 1-800-433-0124. Thank you. (3of3) ^JL,
652455,275141,Thu Oct 19 22:23:45 +0000 2017,Good thing I learned how to balance a checkbook in HS because @154872 still hasn't figured out their issue w/@59925 and downloading data,652454,KeyBank_Help,Fri Oct 20 11:15:00 +0000 2017,"@275141 Jeff, We are working diligently to get this issue corrected. I apologize for any inconvenience this may be causing. ^LH",
676640,281400,Thu Oct 05 15:55:32 +0000 2017,@KeyBank_Help Thank you so much! How long does it usually take to receive a statement back?,676642,KeyBank_Help,Fri Oct 06 15:05:37 +0000 2017,@281400 Sorry for the delay in response Krysta. They process the requests in order as  they are received. It can take a few days.^JF,
676641,281400,Thu Oct 05 15:33:31 +0000 2017,@KeyBank_Help - What is your fax number to send residential payoff statement requests to?  I have borrower authorization. Thank you!,676639,KeyBank_Help,Thu Oct 05 15:52:01 +0000 2017,@281400 Hi Krysta! Please send over the request along with the authorization to: 216-357-6044. Thanks! ^JF,676640
676644,166312,Tue Oct 03 21:47:17 +0000 2017,"@154872 I'm a USCit living in Mtl, Can. I rcve SSDI bnfts, which are dpostd drctly on a dbt crd. But they snt the bckpy i ws owd on a chk.",676643,KeyBank_Help,Thu Oct 05 14:46:29 +0000 2017,@166312 Hi Gideon- You would need to speak with a local branch to see if that is something we are able to accommodate. ^JF,
677597,281637,Wed Nov 22 23:03:41 +0000 2017,@KeyBank_Help Use masterpass to get $25 off a @116593 Deal,677595,KeyBank_Help,Wed Nov 22 23:26:00 +0000 2017,@281637 Thanks for the response. Sorry to hear you did not qualify for the offer. This particular promotion was run by Mastercard. For information on current Mastercard promotions please see: https://t.co/47Y9ZaWtvk or call 1.800.Mastercard (1.800.627.8372).^PG,677596
677599,281637,Wed Nov 22 22:23:43 +0000 2017,"@KeyBank_Help According to you guys I don't have a masterpass and the emails I got from keybank masterpass are just ""phishing emails""",677598,KeyBank_Help,Wed Nov 22 22:32:13 +0000 2017,@281637 Thanks for the info. Can you elaborate more on what you were looking to do? ^PG,677597
677601,281637,Wed Nov 22 21:50:53 +0000 2017,I'm not sure theres anything I hate more in my life right now then @118818 and there masterpass and @154872 for not helping.,677600,KeyBank_Help,Wed Nov 22 22:11:29 +0000 2017,"@281637 Hi there, we are sorry to hear this and want to help. What is going on with your masterpass? ^PG",677599
696350,286152,Thu Oct 05 21:12:44 +0000 2017,@154872 @keybank_help also why I don't have any ATM in my region? So that I may take money out without getting charged?,696349,KeyBank_Help,Thu Oct 05 21:30:32 +0000 2017,@286152 I'd be happy to explain any fees you received. DM a phone number or you can live chat with us at https://t.co/SVhnn3qcyM ^CS,
706191,288851,Sat Oct 14 17:43:18 +0000 2017,@KeyBank_Help @154872 Thanks for trying to steal my money after I opened an account with u guys. Thank God I got @115993 to whoop ur ass.,706190,KeyBank_Help,Sat Oct 14 17:48:26 +0000 2017,"@288851 Hey Adam, that doesn't sound right. If you follow/DM us more info, I'd be happy to look into it. ^ JK",
706193,288852,Sat Oct 14 15:24:26 +0000 2017,@154872 How do I get the reservation code for $400 account opening bonus? I am trying to open a new account but it is asking me for a code.,706192,KeyBank_Help,Sat Oct 14 15:34:30 +0000 2017,"@288852 Hi Saket - that is a direct mail offer. If you didn't get it in the mail, we cannot provide a code. Sorry for the confusion ^ JK",
706195,288853,Sat Oct 14 15:18:41 +0000 2017,Can't figure out how to set up auto-payments for @154872 auto loan. Is it really not possible? How is there no option to schedule payments?,706194,KeyBank_Help,Sat Oct 14 15:22:31 +0000 2017,@288853 Hi Ashley - you can set up auto payments by filling out the auto pay form. It's located here: https://t.co/Srewl8Q61t  ^ JK,
706197,288854,Sat Oct 14 14:43:52 +0000 2017,@154872 @134568 @154872 your absurd fees and terrible customer service has made me choose to take my business elsewhere,706196,KeyBank_Help,Sat Oct 14 14:50:33 +0000 2017,"@288854 Hi Tim, if you follow/DM us more information regarding what happened we'd be happy to discuss it with you. ^ JK",
706198,288854,Wed Oct 11 16:09:26 +0000 2017,@154872 you have the absolute worst customer service!  Can't wait to close all my accounts and go back to @134568 where customers are appreciated!,706199,KeyBank_Help,Wed Oct 11 16:30:36 +0000 2017,@288854 Hey Tim - we would hate for you to close your accounts. Is there something we can help with? Just let us know. Thanks! ^ JK,
709893,289744,Tue Oct 10 17:17:12 +0000 2017,@154872 Remove our address from your mailing list! We don't want anymore credit cards and are happy with our #bank. #saynotospam,709892,KeyBank_Help,Tue Oct 10 17:43:00 +0000 2017,@289744 Hello-Here are some options to opt out of solicitation preferences: https://t.co/pJMva5Exu9. Thank you. ^CS,
716962,291630,Tue Oct 10 21:41:40 +0000 2017,@KeyBank_Help I am currently traveling internationally and checked my account and saw it has been hacked.,716961,KeyBank_Help,Tue Oct 10 21:58:55 +0000 2017,@291630 Hi Kyle-  We are now following you.  Please send us a direct message so we can give you some options.  Thanks. ^JF,
740347,297061,Tue Oct 10 22:38:11 +0000 2017,@KeyBank_Help sooooo y'all are just stealing direct deposits now huh? My kid really appreciates that....,740346,KeyBank_Help,Wed Oct 11 11:18:00 +0000 2017,@297061 Hi Domino: What happened? If you'd follow/DM your phone # I'll give you a call and see if I can help with this. ^LH,
759691,301518,Wed Oct 11 18:34:30 +0000 2017,"called @154872 about a HELOC but gave up on '1-3' min wait after 10 min. if they don't staff sales, cust service likely a nightmare. $key",759689,KeyBank_Help,Wed Oct 11 18:47:00 +0000 2017,@301518 Hi- Is there anything we can help with today? Please send us some details on the situation.  Thank you. ^JF,759690
759692,301518,Thu Oct 12 17:06:06 +0000 2017,"@KeyBank_Help okay, good talk...",759693,KeyBank_Help,Thu Oct 12 17:09:00 +0000 2017,@301518 Can you provide us with the number you are calling? Thank you. ^JF,
759695,301519,Wed Oct 11 13:22:34 +0000 2017,KeyBank got me fucked up,759694,KeyBank_Help,Wed Oct 11 18:11:01 +0000 2017,"@301519 Hi-Was there anything I can help with? Let us know what's going on, thank you. ^CS",
759697,301520,Wed Oct 11 15:46:52 +0000 2017,STOP FUCKING MY SHIT UP @154872 I HAVE BILLS TO PAY DIPSHITS,759696,KeyBank_Help,Wed Oct 11 16:31:00 +0000 2017,"@301520 Hi, what's happening to make you say this? ^PG",
809308,312841,Thu Oct 12 18:28:02 +0000 2017,"@154872 after being on hold for 25 minutes, &amp; 15 talking w/ppl who can't help, i'm on hold for another ~15-20 for a dept that closes in 30 minutes.",809306,KeyBank_Help,Thu Oct 12 18:38:00 +0000 2017,@312841 Hi Tatiana-Is there anything we can help with?Please provide us with details &amp; the department you are trying to reach.TY! ^JF,809307
809311,312842,Thu Oct 12 16:22:06 +0000 2017,@KeyBank_Help How long before i recieve this?,809313,KeyBank_Help,Thu Oct 12 20:32:00 +0000 2017,@312842 I'd recommend asking your branch when you can expect the letter by mail Bruce as they get those notifications. Thank you. ^CS,
809312,312842,Thu Oct 12 15:09:40 +0000 2017,@KeyBank_Help And not corporate. Well you sure fooled me,809310,KeyBank_Help,Thu Oct 12 16:15:35 +0000 2017,"@312842 Bruce, If a decision was made to exit the relationship you'll get a letter in the mail with any details in regards this. ^CS.",809311
809319,312842,Thu Oct 12 13:01:49 +0000 2017,@154872 I would like answers to why you shut my acct down yesterday? I will cont to call you out on this all over the net until i get them,809314,KeyBank_Help,Thu Oct 12 13:44:19 +0000 2017,@312842 Did you call and check on a reason or speak with your local branch Bruce? Let us know if you attempted and still need help.^CS,"809312,809315,809316,809317,809318"
809321,312844,Thu Oct 12 22:57:07 +0000 2017,"@KeyBank_Help @312843 Its been over a month, and still no fix on the activity selection of the app.  What's the deal?  I hope it's not incompetence.",809323,KeyBank_Help,Fri Oct 13 11:13:03 +0000 2017,"@312844 Enrico: What's happening? Our Online Banking is up and running. If you'll follow/DM your #, I'll give you a call. ^LH",
809322,312843,Thu Oct 12 00:55:36 +0000 2017,Anyway ask me about key bank credit cards lmao,809320,KeyBank_Help,Thu Oct 12 13:49:02 +0000 2017,@312843 Hello there - was there something we could help you out with? Please let us know. ^ JK,809321
809325,312845,Thu Oct 12 12:14:00 +0000 2017,Thanks for screwing me out of $133 @154872,809324,KeyBank_Help,Thu Oct 12 12:32:00 +0000 2017,@312845 Is there something we can help out with? Please follow/DM more information regarding what happened. ^ JK,
809327,166309,Thu Oct 12 12:03:25 +0000 2017,"@KeyBank_Help Sure, as soon as you follow me back I'll DM you.",809326,KeyBank_Help,Thu Oct 12 12:05:34 +0000 2017,"@166309 I apologize for that, we are now following you. ^ JK",
809330,253391,Fri Oct 13 11:08:40 +0000 2017,@KeyBank_Help I do follow but I can't DM u,809332,KeyBank_Help,Fri Oct 13 11:54:26 +0000 2017,"@253391 Sorry, that was my fault. Try to follow/DM again. ^LH",
809331,253391,Thu Oct 12 05:00:47 +0000 2017,"@KeyBank_Help  don't you put your deposits in b4 taking out withdrawals , nice way to get overdraft fee #needanewbank",809329,KeyBank_Help,Thu Oct 12 11:52:28 +0000 2017,@253391 Hi Laurie: Not necessarily. If you'd follow/DM your contact info I will call you and go over our posting order. ^LH,809330
824706,316411,Thu Oct 12 21:08:23 +0000 2017,@316412 @KeyBank_Help We just spent an hour on the phone with you guys. You can't just look it up?,824705,KeyBank_Help,Thu Oct 12 21:29:01 +0000 2017,@316411 Hi K- We responded to your private message on Facebook.  Let us know if you didn't receive our message. ^JF,
824707,316412,Thu Oct 12 20:48:51 +0000 2017,"It'll be 5 days.No 20.Actually it's done. O wait no it'll be a few days. It was cancelled/restarted. 20 days. We don't know."" @KeyBank_Help",824708,KeyBank_Help,Thu Oct 12 21:02:42 +0000 2017,@316412 Hi Jeff - is there something that we can help out with? Please follow/DM more info and your number. We're happy to help! ^ JK,824709
824711,210285,Thu Oct 12 18:37:22 +0000 2017,@KeyBank_Help app not avail. Online banking completely down.,824710,KeyBank_Help,Thu Oct 12 19:11:01 +0000 2017,@210285 Our online banking is now back up and running.  Thank you for your patience while we got this taken care of. ^JF,
824711,210285,Thu Oct 12 18:37:22 +0000 2017,@KeyBank_Help app not avail. Online banking completely down.,824712,KeyBank_Help,Thu Oct 12 18:46:39 +0000 2017,"@210285 Hi – Our Online Banking is down temporarily, and our team is working on it. How can I help in the meantime? ^JF",
824714,316413,Thu Oct 12 18:44:12 +0000 2017,@KeyBank_Help why is the online banking app down??? Totally inconvenient! 😡😡😡,824713,KeyBank_Help,Thu Oct 12 18:48:59 +0000 2017,"@316413 Hi– Our Online Banking is down temporarily, and our team is working on it. Anything I can help with in the meantime? ^JF",
824714,316413,Thu Oct 12 18:44:12 +0000 2017,@KeyBank_Help why is the online banking app down??? Totally inconvenient! 😡😡😡,824715,KeyBank_Help,Thu Oct 12 19:07:32 +0000 2017,@316413 Hi Elizabeth- Our Online Banking is back up and running now .  We apologize for any inconvenience this may have caused.^JF,
868538,275140,Fri Oct 20 16:40:50 +0000 2017,Fuck your stupid dispute process. Send me my bank statements I have business to attend to. @KeyBank_Help @120330 @326224,868537,KeyBank_Help,Fri Oct 20 18:02:01 +0000 2017,"@275140 Steven, to look into your statement request I’ll need more info.  Please follow &amp; DM  your contact phone # with zip code. ^JL",
868541,326225,Fri Oct 20 16:20:58 +0000 2017,"""May I ask why you're closing your account?"" ""Because key bank fucking sucks and I hate you guys"" https://t.co/yImFhgQGgG",868539,KeyBank_Help,Fri Oct 20 17:05:04 +0000 2017,@326225 I'm sorry to hear that Kayleigh. We value your business and would like to keep you.Is there something we can do for you?^CH,868540
868544,326226,Fri Oct 20 10:45:03 +0000 2017,Very disappointed with key bank...,868543,KeyBank_Help,Fri Oct 20 13:46:28 +0000 2017,@326226 What happened Scotty? Please let us know if there is anything we can help with. ^CS,
874396,327586,Fri Oct 13 14:38:21 +0000 2017,@154872 you suck dick and your online banking is broken,874395,KeyBank_Help,Fri Oct 13 15:01:13 +0000 2017,"@327586 I'm sorry you feel that way, Caiden. What is the issue you're having with online banking? Please let us know, thanks. ^ JK",
874398,272571,Fri Oct 13 13:14:09 +0000 2017,I think @154872 has sloths working inside. #soslow,874397,KeyBank_Help,Fri Oct 13 14:13:00 +0000 2017,@272571 What is the location you're talking about Ash? I'll be happy to share the feedback with the proper management. Thank you. ^CS,
874400,327587,Thu Oct 12 20:17:27 +0000 2017,"I despise Key Bank, banking institutions #bloodsuckers #forprofit #nocustomerservice",874399,KeyBank_Help,Fri Oct 13 13:46:26 +0000 2017,"@327587 Hi Monet - is there something that we would be able to help out with? Please follow/DM more info, we're happy to help! ^JK",
874402,327588,Thu Oct 12 21:14:14 +0000 2017,@327589 @327590 keybank is trash!!!!!!!,874401,KeyBank_Help,Fri Oct 13 13:42:03 +0000 2017,"@327588 Hi Hannah - is there something we can help out with? Please let us know what's going on, thanks! ^ JK",
874406,327591,Fri Oct 13 03:31:09 +0000 2017,"@154872 @11286 How do you let an unknown woman cash an unsigned check for almost $20,000?? Now to cancel my account. It's not safe.",874405,KeyBank_Help,Fri Oct 13 11:24:53 +0000 2017,@327591 Hi Tom: I'd like to find out what happened. Please follow/DM your contact info and I'll be in touch. ^LH,
874408,327592,Thu Oct 12 22:41:38 +0000 2017,@154872 Your bank by far is the worst bank I have ever dealt with. Your manipulations of fees and lack of understand is just plain horrible,874407,KeyBank_Help,Fri Oct 13 11:08:53 +0000 2017,"@327592 Hi Jerry: Is there anything I can help you with? If so, please follow/DM your contact info and I'll give you a call. ^LH",
887083,330621,Fri Oct 20 20:09:59 +0000 2017,@KeyBank_Help After security ?’s the app never loaded 3x and then with Safari after security ?’s failed to load and banner said “General Error” in orange,887082,KeyBank_Help,Fri Oct 20 20:12:37 +0000 2017,@330621 Could you try a different browser please? For a list of what we support please see: https://t.co/8r1TqS2vi3 Thanks ^CH,
887085,330621,Fri Oct 20 20:03:37 +0000 2017,wow @154872 your website and app have kicked me off 6 times when i’m trying to enroll with my new account 😠,887084,KeyBank_Help,Fri Oct 20 20:08:38 +0000 2017,"@330621 Hi Spark, we are here to help. Can you please us know what browser you are using and type of error message you get? Thanks!^CH",887083
914773,312844,Fri Oct 13 19:06:38 +0000 2017,"@KeyBank_Help.  THE MOBILE APP!  STILL FAILS TO LOAD THE ACTIVITY,  INFORMATION",914771,KeyBank_Help,Fri Oct 13 19:15:43 +0000 2017,@312844 You may want to call our Specialists at 1-800-539-1539 or DM your number so I can give you a call. ^LH,914772
914776,337234,Fri Oct 13 17:25:12 +0000 2017,All of the time that I’ve saved by using online bill pay was just wasted trying to get copies of 6 cancelled checks. Thx @154872 #painful,914774,KeyBank_Help,Fri Oct 13 18:30:01 +0000 2017,@337234 Hello Jim-Sorry to hear about your frustrations. Did you still need help? ^CS,914775
914779,337235,Fri Oct 13 17:37:00 +0000 2017,@154872 tried to get a roll of quarters told no I didn't have an account  could not give them to me not how you get people into your bank,914777,KeyBank_Help,Fri Oct 13 18:05:55 +0000 2017,@337235 Hello Maribeth-Please let me know the branch location so I can pass along the feedback. Thank you. ^CS,914778
914785,337237,Fri Oct 13 14:30:55 +0000 2017,"Switching banks as soon as thursday, over @154872",914783,KeyBank_Help,Fri Oct 13 16:31:00 +0000 2017,"@337237 Hi B, What happened? Is there something I can help with? If there is, follow/DM your # and I'll give you a call. ^LH",914784
935759,171040,Sat Oct 21 15:59:59 +0000 2017,@KeyBank_Help I put a check through mobile deposit yesterday and it has yet to hit my account. Why?,935758,KeyBank_Help,Sat Oct 21 16:17:35 +0000 2017,@171040 Hi Kathy! For information on funds availability for mobile deposits please see: https://t.co/wvlA7QjaLh Thanks!^CH,
935761,341847,Sat Oct 21 13:15:16 +0000 2017,@KeyBank_Help Got it! Never saw that toggle button on the user profile page. Thanks!,935760,KeyBank_Help,Sat Oct 21 13:18:02 +0000 2017,@341847 Glad to hear it Sarah and you're very welcome! Have a great weekend! ^CH,
935763,341847,Sat Oct 21 12:55:31 +0000 2017,@KeyBank_Help Venmo said you guys must not provide them user login so I have to do the micro barge verification so my account won’t be verified til 10/24,935762,KeyBank_Help,Sat Oct 21 12:58:30 +0000 2017,@341847 We do allow 3rd party access to your account but you need to enable it. Please call us at 1-800-539-1539 for help. TY!^CH,935761
935765,341847,Sat Oct 21 01:39:49 +0000 2017,@13852 why is the Bank Account verification not accepting my @KeyBank_Help login credentials when I know they are right? (I just used them),935764,KeyBank_Help,Sat Oct 21 12:53:30 +0000 2017,"@341847 Hi Sarah, do you still need help with this situation? Thanks.^CH",935763
945368,316412,Thu Oct 12 20:46:00 +0000 2017,Hey @154872 is there a reason u wont send our title to DMV? It's been 1.5 mo and we get a different answer every day.,945367,KeyBank_Help,Fri Oct 13 22:04:38 +0000 2017,"@316412 Hi Jeff, just wanted to let you know we are looking into this and will get back to you. ^ JK",
945370,344162,Sun Oct 15 18:51:03 +0000 2017,@KeyBank_Help I've been trying to send you a DM but am unable.  I followed you.,945372,KeyBank_Help,Sun Oct 15 18:54:56 +0000 2017,@344162 Sorry about that. Please try again now. ^PG,
945371,344162,Fri Oct 13 20:49:18 +0000 2017,"@154872 I just spent on hour in the NYC branch being ignored by employees. Said hi to the manager, she ignored me. Waste of time. #terrible",945369,KeyBank_Help,Fri Oct 13 20:55:36 +0000 2017,"@344162 I'm sorry to hear about that Max, can you follow/DM us more information including which branch? ^ JK",945370
945374,344163,Fri Oct 13 20:32:24 +0000 2017,@154872 Thanks for re-sequencing transactions to incur overdraft fees. I spoke to a branch mgr that literally told me to call you guys out.,945373,KeyBank_Help,Fri Oct 13 20:39:42 +0000 2017,@344163 Hi Nary - our transaction posting order is provided in our disclosures. If you follow/DM us I'd b happy to provide that. ^ JK,
965288,349051,Sat Oct 21 19:28:38 +0000 2017,@154872 Cameron is awesome!,965287,KeyBank_Help,Sat Oct 21 19:57:53 +0000 2017,@349051 Thank you for the compliment Joey! We would love to forward this to Cameron. Can you provide us more information? TY!^CH,
965290,349052,Sat Oct 21 17:24:44 +0000 2017,@154872 thanks for freezing my card without checking with me. I really appreciate being unable to buy a phone online without an explanation,965289,KeyBank_Help,Sat Oct 21 17:58:54 +0000 2017,@349052 Hi Cory! Protecting our clients from fraud is one of our top priorities. To review  the block please call 1-800-539-2968. TY^CH,
981838,352796,Sun Oct 22 16:24:18 +0000 2017,@KeyBank_Help Applying for things &amp; I'm unable to input my address ☹️😤,981840,KeyBank_Help,Sun Oct 22 16:32:11 +0000 2017,@352796 Okay! Sorry for any inconvenience. Is an incorrect address pre-filling? ^PG,
981839,352796,Sun Oct 22 01:03:55 +0000 2017,"In case ya didn’t know, @154872 is absolute shit",981837,KeyBank_Help,Sun Oct 22 12:44:20 +0000 2017,"@352796 Hi Kathryn, what's going on to make you say this? ^PG",981838
981849,352798,Sun Oct 22 09:21:55 +0000 2017,@154872 u ask me for my debit card pin # over the phone?? R u trying to get us hacked??? Something not right here @115996,981848,KeyBank_Help,Sun Oct 22 12:43:34 +0000 2017,@352798 Hi there! Thank you for reaching out. May we ask what maintenance you had called for? ^PG,
981851,352799,Sat Oct 21 23:44:16 +0000 2017,@KeyBank_Help is mobile app down today?,981850,KeyBank_Help,Sun Oct 22 12:39:07 +0000 2017,@352799 Hi Veronica! Mobile banking is not currently down. Were you able to get logged in? ^PG,
