customer_tweet_id,customer_author_id,customer_created_at,customer_text,brand_tweet_id,brand_account,brand_created_at,brand_reply,brand_response_tweet_id
1010571,206018,Thu Oct 12 13:57:00 +0000 2017,@OPPOCareIN My original charger is charging slowly. Took 5 hours 😕,1010573,OPPOCareIN,Fri Oct 13 07:30:36 +0000 2017,"@206018 Please visit the service center for further assistance. You may find the nearest SC through this link: https://t.co/CV19z2qTA4

Pooja",
1010572,206018,Thu Oct 12 09:22:31 +0000 2017,@OPPOCareIN Can I use?,1010570,OPPOCareIN,Thu Oct 12 11:08:28 +0000 2017,"@206018 Hi Ajmal, we suggest you to please use OPPO genuine charger that come along with the box. 

Pooja
OPPO Care",1010571
1010576,359131,Wed Oct 11 05:16:40 +0000 2017,"@131023 
There is no call hold on oppo f3. How can i do?",1010575,OPPOCareIN,Thu Oct 12 09:57:06 +0000 2017,"@359131 @131023 Dear Mohan, this feature is not available as of now. However, we have taken a due note of it.

Pooja
OPPO Care",
1011506,181708,Sat Oct 14 06:54:42 +0000 2017,@OPPOCareIN  https://t.co/2TwMki1xHg,1011505,OPPOCareIN,Sat Oct 14 12:16:09 +0000 2017,"@181708 Please DM us, so that we can assist you further in regards to your query. 

Pooja
OPPO care",
1011506,181708,Sat Oct 14 06:54:42 +0000 2017,@OPPOCareIN  https://t.co/2TwMki1xHg,1011507,OPPOCareIN,Sat Oct 14 07:26:44 +0000 2017,"@181708 Please visit the service center for further assistance. You may find the nearest SC through this link: https://t.co/CV19z2qTA4

Pooja",
1011509,181708,Sat Oct 14 06:20:36 +0000 2017,@OPPOCareIN Screen rotation is on,1011508,OPPOCareIN,Sat Oct 14 06:50:42 +0000 2017,"@181708 Could you please share us the screenshot of Version/Build Number of your device, so that we can look into the matter. 
Pooja 
OPPO Care",1011506
1011511,181708,Sat Oct 14 04:05:36 +0000 2017,@OPPOCareIN My F1 plus screen is not auto rotating please help.,1011510,OPPOCareIN,Sat Oct 14 06:20:00 +0000 2017,@181708 Please confirm if the screen rotation function is on or off. You may check the same by sliding down the notification panel from home screen.,1011509
1024244,362395,Sun Oct 22 20:54:51 +0000 2017,@OPPOCareIN No reply from your team.. nearly a month now from our team’s mail,1024246,OPPOCareIN,Mon Oct 23 04:49:17 +0000 2017,"@362395 Dear Anshul, our team will get back to you as per the requirement.

Rishi
OPPO Care",1024247
1024245,362395,Wed Sep 06 10:28:01 +0000 2017,"@131023 Looking for some sponsors for my college tech fest.(UPES DEHRADUN)
Who should I contct in your company for the same? @166145",1024243,OPPOCareIN,Wed Sep 06 11:25:19 +0000 2017,"@362395 Thank you for reaching out to us. Kindly share your query at ""__email__"".
Rishi
OPPO Care",1024244
1024247,362395,Sat Oct 28 05:35:44 +0000 2017,@OPPOCareIN No response till now,1024248,OPPOCareIN,Sat Oct 28 05:37:56 +0000 2017,"@362395 As informed you earlier our team will get back to you as per the requirement.
Rishi",
1059513,370167,Wed Oct 18 12:38:59 +0000 2017,"@131023 @166145 @OPPOCareIN did nt rcvd activation email for Oppo cloud account, nw can't signin or create acc with same Email Id hlp",1059512,OPPOCareIN,Mon Oct 23 12:41:19 +0000 2017,"@370167 Please DM us your contact details so that we can assist you in a better way.
Rishi",
1059516,370168,Fri Oct 20 05:04:38 +0000 2017,I request oppo to kindly add this feature as soon as possible @166145 @131023 @OPPOCareIN https://t.co/tvGNNPQQr4,1059514,OPPOCareIN,Mon Oct 23 12:21:39 +0000 2017,"@370168 We have noted your feedback, and we will look into the possibilities.
Rishi",1059515
1059518,370170,Wed Oct 18 21:30:51 +0000 2017,@OPPOCareIN @370171 @370172 @131023 Hi,1059517,OPPOCareIN,Mon Oct 23 11:12:30 +0000 2017,"@370170 Hi Siddhartho, how can we help you?
Rishi",
1059522,370171,Mon Oct 16 06:01:13 +0000 2017,@OPPOCareIN @370172 @131023 but its not available at any of the mobile shops,1059523,OPPOCareIN,Mon Oct 16 10:44:23 +0000 2017,"@370171 @370172 @131023 It is not available at shops. The devices are stock out due to heavy demand. To purchase, please visit the link:https://t.co/gIZT05bBW7",1059540
1059522,370171,Mon Oct 16 06:01:13 +0000 2017,@OPPOCareIN @370172 @131023 but its not available at any of the mobile shops,1059519,OPPOCareIN,Mon Oct 16 06:40:51 +0000 2017,@370171 @370172 @131023 It'll be available exclusively on Amazon and OPPO Exclusive Stores. For details on features you may visit this link https://t.co/1V4j36Ut0Z.,"1059520,1059518,1059521"
1059525,458318,Mon Oct 16 13:39:26 +0000 2017,@OPPOCareIN @370171 @370172 @131023 Wanna buy it!!!,1457668,OPPOCareIN,Tue Oct 17 06:30:07 +0000 2017,"@458318 @370171 @370172 @131023 The devices are stock out due to heavy demand. To purchase the device, please visit the link:https://t.co/gIZT05bBW7
Thanks! Pooja",
1059526,458319,Mon Oct 16 18:40:54 +0000 2017,@OPPOCareIN @370171 @370172 @131023 I want to buy,1457669,OPPOCareIN,Tue Oct 17 06:53:02 +0000 2017,"@458319 It is OPPO F3 Diwali Limited Edition. The devices are stock out due to heavy demand. To buy the device, please visit:https://t.co/gIZT05bBW7",
1059531,370171,Sun Oct 15 10:36:14 +0000 2017,@370172 @131023 What's proce of this red oppo model,1059524,OPPOCareIN,Mon Oct 16 05:17:21 +0000 2017,"@370171 @370172 @131023 Hi Amit, thank you for showing interest in OPPO F3 Diwali Limited Edition. It is priced at 18,990/- INR.

Pooja
OPPO Care","1059522,1059525,1059526,1059527,1059528,1059529,1059530"
1059533,548454,Mon Oct 16 12:39:38 +0000 2017,@370172 @131023 @166145 RAM nd other info please,1827404,OPPOCareIN,Tue Oct 17 07:55:11 +0000 2017,"@548454 @370172 @131023 @166145 Thank you for showing interest in OPPO F3 Diwali Limited Edition. For more details, kindly visit the given link https://t.co/1V4j36Ut0Z.",
1059535,OPPOCareIN,Fri Oct 20 06:22:47 +0000 2017,"@171891 Please elaborate more via DM what is the exact error you are getting with the fingerprint, so that we can assist u better.
Pooja",1059534,OPPOCareIN,Mon Oct 23 11:06:05 +0000 2017,"@171891 We are waiting for your details.Kindly DM us your exact concern so that we can assist you further.
Rishi",
1059536,171891,Wed Oct 18 05:28:20 +0000 2017,@OPPOCareIN Fingerprint is not accurate and does not taken by my fingerprint my model is oppo a57,1059535,OPPOCareIN,Fri Oct 20 06:22:47 +0000 2017,"@171891 Please elaborate more via DM what is the exact error you are getting with the fingerprint, so that we can assist u better.
Pooja",1059534
1059538,171891,Tue Oct 17 16:53:46 +0000 2017,@OPPOCareIN sir i got an update and install on my mobile and it has an fingerprint issue on that update plzz fix it,1059537,OPPOCareIN,Wed Oct 18 05:26:31 +0000 2017,"@171891 Could you please elaborate via DM what is the exact issue with fingerprint and more details of device, so that we can assist u better.
Pooja",1059536
1059540,370173,Mon Oct 16 18:24:28 +0000 2017,@OPPOCareIN @370171 @370172 @131023 Redmi note 4 tumhara hai kya ....wo kharidna h,1059539,OPPOCareIN,Mon Oct 23 11:01:47 +0000 2017,"@370173 It's not our product. Please visit the link ""https://t.co/R1XpHVZLW7"" for the information about our products.
Rishi",
1059542,145894,Mon Oct 23 09:24:19 +0000 2017,"@OPPOCareIN @370174 Oppo F3 plus. Most expensive device sold by OPPO as of now. Model No. CPH1613. Running security patch July 1, 2017. Screenshot attached also https://t.co/SiGP1YejQL",1059545,OPPOCareIN,Mon Oct 23 10:03:18 +0000 2017,"@145894 Sorry for the inconvenience caused. We'll notify you once the update will be available for OPPO F3 Plus. 
Rishi",
1059543,370174,Mon Oct 23 09:01:12 +0000 2017,"@OPPOCareIN @145894 I have oppo a57,f1s and f3...",1059546,OPPOCareIN,Mon Oct 23 09:22:16 +0000 2017,"@370174 You will be notified via our social media page when Naugat update will be available for your device. https://t.co/Rrjo0fSdR6 
Rishi",
1059544,370174,Sat Oct 21 14:12:43 +0000 2017,@145894 @131023 @165092 @75875 @75876 No Android updates still stuck on marshmallow pls help @165092  and @131023 @OPPOCareIN,1059541,OPPOCareIN,Mon Oct 23 08:55:07 +0000 2017,"@370174 @145894 Please help us with your device name so that we can assist you further regarding same.
Rishi","1059542,1059543"
1059550,370175,Mon Oct 23 07:36:29 +0000 2017,@OPPOCareIN Please i request you gave update to all oppo,1059549,OPPOCareIN,Mon Oct 23 09:57:44 +0000 2017,"@370175 At OPPO, we always strive for customer satisfaction. We have forwarded your feedback to our concerned team.
Rishi",
1059552,370175,Mon Oct 23 05:31:27 +0000 2017,@131023  Hello Sir i want to know when there is nougat update come in oppo F3,1059551,OPPOCareIN,Mon Oct 23 07:34:37 +0000 2017,"@370175 You will be notified via our social media page when Naugat update will be available for OPPO F3. https://t.co/Rrjo0fSdR6
Rishi",1059550
1059554,370176,Sat Oct 21 09:18:50 +0000 2017,"@OPPOCareIN I need a motherboard replacement for my oppo F1s. Am in Uganda, how can you help me?",1059553,OPPOCareIN,Mon Oct 23 07:22:50 +0000 2017,"@370176 Dear Jeff, please DM us your contact details so that we can assist you in a better way.
Rishi",
1059558,370177,Mon Oct 23 06:23:38 +0000 2017,@131023 when oppo f5 will launch #OPPOF5,1059556,OPPOCareIN,Mon Oct 23 07:07:38 +0000 2017,"@370177 Thank you for showing your interest in OPPO F5. It will launch on 2nd November.  😀
Rishi",1059557
1064845,371406,Thu Oct 12 16:09:49 +0000 2017,@131023 I have OPPO F1 PLUS... east or west..oppo is the best.,1064844,OPPOCareIN,Fri Oct 13 09:09:14 +0000 2017,@371406 @131023 We appreciate your kind feedback. Keep supporting us :),
1113428,382778,Fri Oct 13 13:24:14 +0000 2017,@131023 @382779 @OPPOCareIN Improv,1113427,OPPOCareIN,Sat Oct 14 06:38:59 +0000 2017,"@382778 Could you please elaborate your exact concern, so that we could assist you in a better way. 

Pooja
OPPO Care",
1113430,382779,Fri Oct 13 12:15:23 +0000 2017,@OPPOCareIN @131023 my mobile no -9841634331 i have bought mobile in may 2017 from saravana store,1113431,OPPOCareIN,Fri Oct 13 12:27:17 +0000 2017,"@382779 @131023 Our team tried to contact u. However, we were unable to establish contact. Please share a convenient time to contact you. 

Pooja
OPPO Care","1802195,1802196"
1113433,382779,Fri Oct 13 12:00:23 +0000 2017,@131023 oppo stating that if you register in our app service  i have registered i am not the bill  i want my phone  be serviced it goes blank,1113432,OPPOCareIN,Fri Oct 13 12:10:34 +0000 2017,@382779 @131023 We regret your experience. We would request you to let us know your contact number via DM so that our team can get in touch with you.,1113430
1113438,382780,Fri Oct 13 15:01:10 +0000 2017,"@OPPOCareIN @131023 Any improvement after saying "" apologise"". need improvement in your service after selling.",1113437,OPPOCareIN,Sat Oct 14 06:35:45 +0000 2017,"@382780 @131023 Sure, we have duly noted your feedback. 
Pooja
OPPO Care",
1113440,382780,Thu Oct 12 17:29:11 +0000 2017,@131023 That's my last oppo mobile bcoz of poor service in software upgradation.,1113439,OPPOCareIN,Fri Oct 13 09:20:35 +0000 2017,@382780 @131023 We apologise for the inconvenience. We always strive for customer satisfaction. We have forwarded your feedback to our concerned team.,1113438
1117207,383611,Sat Oct 14 06:45:13 +0000 2017,"@131023 Awesome quality no hanging problem no complaint issue &amp;excellent camera &amp; Battery. 
#OPPOF3 #YourBestDiwaliGift",1117206,OPPOCareIN,Sat Oct 14 09:43:08 +0000 2017,"@383611 @131023 Hi Vanita, thank you for sharing your love, we are pleased you like it :)
Ishwari
OPPO Care",
1117209,535984,Sat Oct 14 06:01:03 +0000 2017,@131023 Where to buy there is no option in link to buy,1807110,OPPOCareIN,Sat Oct 14 09:55:29 +0000 2017,@535984 @131023 Thank you for showing interest in OPPO F3 Diwali Limited Edition. It'll be available exclusively on Amazon and OPPO Exclusive store.,
1122233,384691,Tue Oct 24 06:30:26 +0000 2017,"@131023 @166145 MG road camp, I had to wait for more than an hour",1122232,OPPOCareIN,Tue Oct 24 06:53:30 +0000 2017,"@384691 Dear Raj, we are sorry for the inconvenience caused. We want to inform you that the issue has been resolved and (1/2)",
1122233,384691,Tue Oct 24 06:30:26 +0000 2017,"@131023 @166145 MG road camp, I had to wait for more than an hour",1122234,OPPOCareIN,Tue Oct 24 06:54:06 +0000 2017,"@384691 you can visit the SC for the resolution of your device issue. If you want we can also the arrange the appointment for you.
Rishi (2/2)",
1122239,303502,Tue Oct 24 05:03:07 +0000 2017,"@OPPOCareIN Okk sir... 
But we want oppo service centre in DUMKA DISTRICT.. 
I THINK MANY PEOPLE USED UR PHONE, SO WHY WILL U OPEN CENTRE HERE???",1122238,OPPOCareIN,Tue Oct 24 05:33:17 +0000 2017,"@303502 Thank you for your valuable suggestion, we'll surely forward it to our team.
Rishi",
1125323,385334,Sat Oct 14 11:19:52 +0000 2017,@OPPOCareIN @131023 But now I'm disappointed when it hears that all other low end phone has this feature but not the high end. @131023 @OPPOCareIN,1125322,OPPOCareIN,Sat Oct 14 12:21:19 +0000 2017,"@385334 @131023 We have already forwarded your concern to our relevant department.

Pooja
OPPO Care",
1125328,385334,Fri Oct 13 15:31:51 +0000 2017,Every oppo mobile shows the carrier logo.But oppo F3 doesn't have that feature. Why? I even bought F3 to have carrier logo @131023,1125324,OPPOCareIN,Sat Oct 14 10:14:36 +0000 2017,"@385334 @131023 We regret your experience and to inform you that this feature is not available as of now. However, we have taken a due note of your feedback","1125325,1125326,1125327,1125323"
1136339,387698,Mon Sep 11 11:28:09 +0000 2017,"@131023 Thanks for your quick response .
executive has just talked to me .",1136337,OPPOCareIN,Mon Sep 11 12:10:42 +0000 2017,"@387698 It was our pleasure to help you. We're here if you need us again.  🙂

Regards,
Divya
OPPO Care",1136338
1204853,403007,Wed Oct 25 07:50:48 +0000 2017,@OPPOCareIN Thanx for quick support,1204852,OPPOCareIN,Wed Oct 25 07:51:28 +0000 2017,@403007 You are welcome. 😉,
1204855,403007,Wed Oct 25 07:31:52 +0000 2017,@OPPOCareIN Uses a37. When viewing storage it shows some as Others. What things r there in others?,1204854,OPPOCareIN,Wed Oct 25 07:50:00 +0000 2017,"@403007 It is basically where all of your caches, settings preferences, saved messages, voice memos &amp; other data is stored. 
Rishi",1204853
1204857,403008,Wed Oct 25 07:03:51 +0000 2017,"After 6 months of usage, my @166145 F1s slowing down. Takes  &gt;10 min 2 open CandyCrush. Do u hav all d hardware inside @OPPOCareIN ? Help!",1204856,OPPOCareIN,Wed Oct 25 07:06:34 +0000 2017,"@403008 Dear Rahul, we regret your experience. Please reach out to us in DM, so that we can assist you in a better way.
Rishi",
1204859,403009,Tue Oct 24 16:33:01 +0000 2017,@131023 We are treated lyk frauds at gallery for nearly 2 to 3 hours for 2 days what else we expect wasting my work time n money .,1204858,OPPOCareIN,Wed Oct 25 05:48:04 +0000 2017,"@403009 Dear Satyendra, we apologize for the inconvenience caused our team will contact you shortly.
Rishi",
1204862,403009,Wed Oct 25 06:27:21 +0000 2017,"@131023 Bill , IMEI &amp; Handset pic https://t.co/2C2mckMwoF",1904496,OPPOCareIN,Wed Oct 25 07:13:08 +0000 2017,"@403009 As per our telephonic conversation, we'll get back to you for the information about the date and time when you'll visit the SC.
Rishi",
1250667,413425,Thu Nov 30 19:58:06 +0000 2017,@413426 @30500 @131023 I want an Oppo Mobile just to see and review what it’s all about. @131023 can u plz send me one? Just want to see what this phone is all abt. #OPPOF5,1250666,OPPOCareIN,Fri Dec 01 07:20:47 +0000 2017,"@413425 Thank you Kajal for reaching out to us. We would request you to share your proposal at ""__email__"".

Rishi",
1264324,416085,Thu Oct 26 11:32:38 +0000 2017,@131023 @OPPOCareIN I am experiencing a very bad service from oppo.Ifrom it is not resolved in future I don't suggest this company to anyone.,1264322,OPPOCareIN,Thu Oct 26 11:53:18 +0000 2017,@416085 We apologize for the inconvenience caused. Someone from our team will contact you shortly.,1264323
1264325,416085,Tue Nov 07 08:01:51 +0000 2017,@OPPOCareIN @166145 @131023 not going to use this company device in future,1264326,OPPOCareIN,Tue Nov 07 10:39:59 +0000 2017,@416085 We regret your experience. Please let us know the time when you'll visit SC so that we can fix an appointment for you with our executive.,1264327
1264327,416085,Tue Nov 07 12:12:54 +0000 2017,@OPPOCareIN tomorrow 11.00 AM,1264328,OPPOCareIN,Tue Nov 07 12:16:45 +0000 2017,@416085 Thank you for helping us with the time. We'll fix an appointment for you of given time.,1264329
1264330,416085,Tue Nov 07 14:32:16 +0000 2017,@OPPOCareIN @131023 the person name is vinay from nagda oppo service centre,1264331,OPPOCareIN,Wed Nov 08 04:32:15 +0000 2017,"@416085 Dear Anmol, we apologize for the inconvenience caused. We have fixed an appointment for you in our SC they will surely help you further.",1264332
1264332,416085,Wed Nov 08 08:55:08 +0000 2017,@OPPOCareIN I m at service centre currently they are not giving any worksheet no. pls help,1264333,OPPOCareIN,Wed Nov 08 09:00:01 +0000 2017,"@416085 Dear Anmol, once you'll submit your device to our service center for repair you'll get a worksheet. Please let us know if you are not getting same after submitting the device.",
1264334,416085,Wed Nov 08 09:00:29 +0000 2017,@OPPOCareIN pls call urgently on 8767627668,1264335,OPPOCareIN,Wed Nov 08 09:02:06 +0000 2017,@416085 Our team will get in touch with you shortly.,1264336
1264336,416085,Wed Nov 08 10:17:51 +0000 2017,@OPPOCareIN my issue is not resolved....I m assured to get resolution in 24 hours waiting for the same https://t.co/04kJFfIkK4,1264337,OPPOCareIN,Wed Nov 08 10:26:25 +0000 2017,@416085 We have escalated your case to our team. They'll get back to you regarding the issue. We appreciate your patience and understanding on this.,1264338
1264338,416085,Wed Nov 15 04:29:28 +0000 2017,@OPPOCareIN no proper response from service team....customer is not priority for oppo.,1264339,OPPOCareIN,Wed Nov 15 12:26:18 +0000 2017,@416085 We are sorry if you felt like that. As requested you please submit your device to our service center. After submitting the device you will be provided with a worksheet in which issue will be mentioned and they will try to solve it at the earliest.,1264340
1264340,416085,Fri Nov 17 10:29:46 +0000 2017,@OPPOCareIN @166145 in India they are giving very poor service .....my issue is still pending. NO More Oppo @131023,1264341,OPPOCareIN,Fri Nov 17 10:37:10 +0000 2017,@416085 We apologize for the inconvenience caused. We would like to inform you that we are re-investigating on your issue.,"1264342,1264343"
1264343,416085,Mon Nov 20 11:35:14 +0000 2017,@OPPOCareIN  https://t.co/PIntj4w0hc,1264344,OPPOCareIN,Mon Nov 20 12:37:45 +0000 2017,"@416085 Dear Anmol, we would like to inform you that our service center team will contact you and they'll provide the best resolution of the problem.",
1264348,416086,Thu Oct 26 06:02:52 +0000 2017,@131023 where is your service centre nearby fort Mumbai - 400001,1264347,OPPOCareIN,Thu Oct 26 07:56:34 +0000 2017,"@416086 Dear Raja, please visit the link ""https://t.co/O6WrskCYxR"" for the information about your nearest OPPO service centre. 
Rishi",
1264350,416087,Thu Oct 26 07:15:19 +0000 2017,"@131023 

Like. Nice.",1264349,OPPOCareIN,Thu Oct 26 07:17:02 +0000 2017,"@416087 Dear Krishna, thank you for your kind words. ☺️
Rishi",
1264352,321229,Thu Oct 26 06:03:30 +0000 2017,@OPPOCareIN check DM,1264351,OPPOCareIN,Thu Oct 26 06:41:05 +0000 2017,"@321229 Dear Milan, we hope your issue is resolved. Feel free to reach out to us for any further assistance. 😀",
1264354,321229,Wed Oct 25 17:14:48 +0000 2017,@131023 I have done DM to @OPPOCareIN Kindly reply as ssoon as possible,1264353,OPPOCareIN,Thu Oct 26 05:06:53 +0000 2017,"@321229 Dear Milan, our team will get in touch with you shortly.
Rishi",1264352
1264356,416088,Thu Oct 26 05:43:49 +0000 2017,"@131023 I own OPPO for last 2 years and amazed by the performance ofphone.
Better than those Samsung, Micromax, Lenovo, Gionee, and Pity Spice. Good",1264355,OPPOCareIN,Thu Oct 26 06:35:20 +0000 2017,"@416088 Thanks for your appreciation, Ankit. Have a great day ahead! 😀
Rishi",
1264360,416089,Thu Oct 26 10:41:55 +0000 2017,@OPPOCareIN Sir my phone is Oppo a37f but kabhi kabhi heat hota hai,1264362,OPPOCareIN,Thu Oct 26 10:55:52 +0000 2017,"@416089 Dear Nikhil, please let us know when does your device gets heated &amp; your device version so that we can help you to resolve the issue.
Rishi",
1264361,416089,Wed Oct 25 00:37:35 +0000 2017,@OPPOCareIN @416090 @131023 Sir my mobile is Oppo a37f why is heat?,1264358,OPPOCareIN,Thu Oct 26 04:57:14 +0000 2017,"@416089 Dear Nikhil, we haven't got any response from your side. Please reach out to us in DM so that we can assist you further.","1264359,1264360"
1264361,416089,Wed Oct 25 00:37:35 +0000 2017,@OPPOCareIN @416090 @131023 Sir my mobile is Oppo a37f why is heat?,1264363,OPPOCareIN,Wed Oct 25 04:25:39 +0000 2017,"@416089 That is not the experience we want you to have. Let's gather some information to help isolate this issue. Go ahead and DM us.
Rishi",
1264365,416090,Fri Oct 20 14:37:05 +0000 2017,There is no option of direct video call in oppo f3 plus @131023 @OPPOCareIN,1264364,OPPOCareIN,Sat Oct 21 13:14:21 +0000 2017,"@416090 @131023 Dear Abhijeet, as of now, this feature is not available. We have taken a due note of your feedback and will look into the possibilities.",1264361
1264374,416091,Wed Oct 25 17:06:05 +0000 2017,"@OPPOCareIN @131023 Hi,  pooja,  I got oppo f3+.phone @51850",1264373,OPPOCareIN,Thu Oct 26 04:52:12 +0000 2017,"@416091 Dear Datta, how can we help you regarding OPPO F3 Plus? 🙂
Rishi",
1264376,416091,Thu Oct 12 05:13:46 +0000 2017,@131023 where can I buy oppo  s3+charger in Navi mumbai?,1264375,OPPOCareIN,Thu Oct 12 07:59:43 +0000 2017,"@416091 @131023 Hi Datta, please let us know which device charger you want to purchase, so that we can help you with further information. 
Pooja
OPPO Care",1264374
1280537,419622,Thu Oct 26 11:02:22 +0000 2017,@OPPOCareIN I bought f1f mobile 1.5 years ago.... Android 7 n 8 is presently running in market.. i m asking atleast update my mobile to android 6..,1280536,OPPOCareIN,Thu Oct 26 12:16:34 +0000 2017,"@419622 At OPPO, we always strive for customer satisfaction. We have forwarded your feedback to our concerned team.",
1280539,419622,Thu Oct 26 07:23:06 +0000 2017,@131023 please provide marshmallow update for oppo f1.,1280538,OPPOCareIN,Thu Oct 26 10:19:21 +0000 2017,"@419622 You will be notified via our social media page when Marshmallow update will be available for OPPO F1f. https://t.co/Rrjo0fSdR6  
Rishi",1280537
1298428,423453,Mon Oct 16 07:14:58 +0000 2017,@OPPOCareIN @131023 OPPO F1s may I know which one is the recent version?,1298426,OPPOCareIN,Mon Oct 16 09:05:25 +0000 2017,"@423453 @131023 Sure, the latest version for OPPO F1s is 170923. 

Pooja
OPPO Care",1298427
1298430,423453,Mon Oct 16 10:49:26 +0000 2017,@OPPOCareIN @131023 ಮೇಡಂ opp f1s new version ನಾವೆ update ಮಾಡುಬಹುದಾ.?👏,1320136,OPPOCareIN,Mon Oct 16 11:15:29 +0000 2017,"@423453 @131023 Could you please elaborate your concern in English, so that we can assist you better. 
Pooja",1320137
1298431,423453,Sat Oct 14 14:01:33 +0000 2017,@131023 Hi sir OPPO F1s how to new version sir,1298429,OPPOCareIN,Mon Oct 16 06:47:16 +0000 2017,"@423453 @131023 It will be available at the service center, kindly visit the nearest SC. Please ensure to take backup of the data. 

Pooja
OPPO Care","1298428,1298430"
1298435,423454,Sat Oct 14 20:32:08 +0000 2017,@131023 when will the android nougat update will be available for A57..please i need this..,1298434,OPPOCareIN,Mon Oct 16 07:28:08 +0000 2017,"@423454 @131023 Hi Rajesh, we will notify you once the update will be available. Till then please stay tunes with us!",
1298437,200430,Sat Oct 14 12:56:52 +0000 2017,@131023 When are you releasing Android nougat OTA for F3 plus?,1298436,OPPOCareIN,Mon Oct 16 06:36:05 +0000 2017,"@200430 @131023 Hi Bhaskar, we will notify you once the update will be available. Till then please stay tunes with us!",
1298441,543016,Sat Oct 14 10:07:02 +0000 2017,@131023 Morpho biometric device doesn't work on oppo F3 and F1s. Any solution?,1807511,OPPOCareIN,Sat Oct 14 10:16:43 +0000 2017,"@543016 @131023 Hi Chinmaya, this feature is not available as of now. However, we have taken a due note of your feedback.

Pooja
OPPO Care",1807512
1298444,317644,Sat Oct 14 17:05:24 +0000 2017,@131023 Hey Oppo India i nees your help....!!,1298442,OPPOCareIN,Mon Oct 16 05:20:42 +0000 2017,"@317644 @131023 How can we help you?

Pooja
OPPO Care",1298443
1320125,OPPOCareIN,Mon Oct 16 10:15:36 +0000 2017,"@131025 We have recently launched Marshmallow for OPPO F1s. It will be available at the service center, kindly visit the nearest SC. (1/2)",1320124,OPPOCareIN,Mon Oct 16 10:15:47 +0000 2017,"@131025 Please ensure to take backup of the data.

Pooja
(2/2)",
1320126,131025,Sun Oct 15 08:13:32 +0000 2017,@OPPOCareIN Don't wait for updates.U wl never get it.I have F1S still running on lollipop.they usually don't answer these kinda questions.So don't hope,1320125,OPPOCareIN,Mon Oct 16 10:15:36 +0000 2017,"@131025 We have recently launched Marshmallow for OPPO F1s. It will be available at the service center, kindly visit the nearest SC. (1/2)",1320124
1320129,162186,Sat Oct 14 14:48:49 +0000 2017,@OPPOCareIN You should focus more on Software support than keep making 10 phones per year ya know,1320139,OPPOCareIN,Mon Oct 16 10:04:28 +0000 2017,"@162186 We apologise for the inconvenience. We have duly noted your feedback.
Thanks! Pooja",
1320131,458336,Sat Oct 14 17:53:49 +0000 2017,@OPPOCareIN I bought oppo A57 before 4 months ago still i did not get nauggat update.. May i know when i get nauggat update for oppo A57,1457706,OPPOCareIN,Mon Oct 16 05:49:11 +0000 2017,"@458336 Hi Hardik, we regret to inform you that there is no official information regarding updates as of now. Please stay tuned with us.

Pooja",
1320134,428245,Mon Oct 16 04:10:54 +0000 2017,"@OPPOCareIN I am using oppo f1s
Marshmallow 6.0
Version D.101_170810

There has no options font setting
5 finger print call option.. 
and few more https://t.co/QQqGaun3nk",1320133,OPPOCareIN,Mon Oct 16 11:19:28 +0000 2017,"@428245 Could you please elaborate your issue in detail via DM, so that we could assist you in a better way. 
Thanks! Pooja",
1320137,423453,Mon Oct 16 11:39:45 +0000 2017,@OPPOCareIN @131023 Madam Karanataka state alli eddu Kannada mathadake baralla andre enge..,1320138,OPPOCareIN,Tue Oct 17 05:33:55 +0000 2017,"@423453 @131023 Please elaborate your concern or you may call us on our toll-free number: 18001032777 for further assistance in regional language. 
Pooja.",
1320141,428246,Mon Oct 16 14:13:02 +0000 2017,@OPPOCareIN @131023 I have filed a FIR today and now I have to wait a few days later I will tell,1320143,OPPOCareIN,Tue Oct 17 06:41:43 +0000 2017,"@428246 @131023 Sure, please let us know. 
Pooja",
1320142,428246,Sun Oct 15 04:21:55 +0000 2017,@131023 lost my oppo mobile plz help,1320140,OPPOCareIN,Mon Oct 16 09:17:31 +0000 2017,@428246 @131023 We are sorry to hear that you have lost your device. We can blacklist the IMEI number for you. Please confirm the same. Thanks! Pooja,1320141
1320165,428252,Sun Oct 15 04:02:36 +0000 2017,"@131023 Team when you are giving the update of Nought 7.0 in #OPPOF3Plus .
Its very late around 9 months gone to release android 7.0
Bad Service https://t.co/pLh331xNUf",1320164,OPPOCareIN,Mon Oct 16 09:25:44 +0000 2017,@428252 @131023 We regret your experience. The device is already updated to the latest version. We will notify you once the Nougat update will be available.,
1337928,270500,Mon Oct 16 09:30:39 +0000 2017,@OPPOCareIN @131023 Thank you for kind reply any app related to it?,1337926,OPPOCareIN,Mon Oct 16 11:53:10 +0000 2017,"@270500 @131023 Unfortunately, we do not have information for any application for split screen. 
Thanks! Pooja",1337927
1337930,270500,Sun Oct 15 04:05:33 +0000 2017,@131023 OPPO A37fw have spilt screen option? If not then let me know best possible app!,1337929,OPPOCareIN,Mon Oct 16 09:28:10 +0000 2017,"@270500 @131023 We regret to inform you that this option is not available as of now. We have taken this as a feedback, and we will look into the possibility",1337928
134408,146295,Fri Nov 24 07:25:42 +0000 2017,@OPPOCareIN How should i update my phone and if marshmallow realesed then why system update not showing,134407,OPPOCareIN,Fri Nov 24 07:42:33 +0000 2017,@146295 We want to inform you that update wasn't released through OTA  as a reason it was not shown on your device.,
134410,146295,Fri Nov 24 07:26:23 +0000 2017,@OPPOCareIN Is it chargeable,134421,OPPOCareIN,Fri Nov 24 07:28:29 +0000 2017,@146295 We would like to inform you that you won't be charged for Marshmallow update.,134420
134411,146295,Fri Nov 24 07:18:34 +0000 2017,@OPPOCareIN Oppo f1s,134409,OPPOCareIN,Fri Nov 24 07:23:49 +0000 2017,"@146295 Thank you for telling us your device name. Recently we have released Marshmallow update for F1s which is available in our SC ""https://t.co/CV19z2qTA4"". Take a backup of files before visiting SC. You'll be notified via our social pages once the Nougat update is available for same.","134410,134408"
134413,146295,Fri Nov 24 06:46:23 +0000 2017,@OPPOCareIN I want answer / solution,134412,OPPOCareIN,Fri Nov 24 07:17:00 +0000 2017,@146295 Please let us know your device name so that we can assist you in a better way.,134411
134416,146295,Fri Nov 24 06:40:46 +0000 2017,@OPPOCareIN What is DM...?,134415,OPPOCareIN,Fri Nov 24 06:44:09 +0000 2017,@146295 We request you to reach out to us in direct message so that we can assist you in a better way.,134414
134418,146295,Fri Nov 24 04:50:32 +0000 2017,"@131023 i want to know when oppo will release update to nougat, it's still at lollipop and other brand are giving nougat,  don't you feel ashamed i feel shame for this,  kindly suggest when update will be released or should i go for other brand.

Reply awaiting....",134417,OPPOCareIN,Fri Nov 24 06:37:53 +0000 2017,"@146295 Dear Inderjeet, we apologize if you felt that way. We would request you to reach out to us DM so that we can assist you in a better way.

Rishi",134416
134420,146295,Fri Nov 24 07:30:17 +0000 2017,"@OPPOCareIN Iam in okhla, delhi at present can u tell nearest service centre",134419,OPPOCareIN,Fri Nov 24 07:33:30 +0000 2017,"@146295 Address of our SC which is nearest to Okhla is -
OPPO service center
G-31, First Floor
Kalkaji , Delhi
Pincode - 110019
Phone No. :  011-49879683
Weekly Off : Sunday
Timing: 10:00 AM to 7:00 PM",
134424,146296,Thu Nov 23 18:52:55 +0000 2017,@131023 can I exchange my Oppo A37 with new Phone?,134422,OPPOCareIN,Fri Nov 24 06:18:48 +0000 2017,"@146296 Thank you for reaching out to us. We would like to inform you that currently there is no exchange offer in OPPO phones. Please contact your nearest mobile store or e-commerce website for same.

Rishi",134423
1433445,452822,Tue Oct 17 09:19:04 +0000 2017,@452823 @131023 Oppo F3 is such an amazing phone that now I don't want to use any other phone.. It just got damaged within 6 months 😭 missing it! 💔,1433443,OPPOCareIN,Tue Oct 17 11:10:13 +0000 2017,"@452822 @452823 @131023 We are concerned. You will get a callback from our team soon for further assistance. We appreciate your patience. 
Pooja",1433444
1433450,317639,Tue Oct 17 10:20:48 +0000 2017,@135834 @131023 they never update to the latest sw if you take f3 and f3 plus still using marshmallow which is no where in the market,1433449,OPPOCareIN,Tue Oct 17 11:12:44 +0000 2017,"@317639 @135834 @131023 We will notify you once the update will be available for these devices, as currently there is no official information about the update.",
1433466,452830,Tue Oct 17 10:31:22 +0000 2017,@131023 Already done DM to @OPPOCareIN but no feedback received....,1433465,OPPOCareIN,Tue Oct 17 10:56:09 +0000 2017,"@452830 @131023 We apologise for the inconvenience. Please allow us some time, so that we can check and get back to you. Thanks! Pooja",
1433467,452830,Mon Oct 16 08:39:48 +0000 2017,@131023 under warranty phone has display issue but service center refused for warranty.. huh unexpected response from oppo...,1433468,OPPOCareIN,Mon Oct 16 09:36:22 +0000 2017,"@452830 @131023 We regret your experience. Could you please elaborate your exact concern via DM, so that we can assist you in a better way. 

Thanks! Pooja",
1433527,452847,Tue Oct 17 09:53:15 +0000 2017,@OPPOCareIN @131023 They always have one word that this part is not available. Once not available always not available. What should I do ? @131023,1433526,OPPOCareIN,Tue Oct 17 11:19:40 +0000 2017,"@452847 @131023 We regret your experience. We would request you to let us know your contact number via DM so that our team can get in touch with you.
Pooja",
1433529,452847,Mon Oct 16 18:14:11 +0000 2017,"@131023 I have oppo A57 from last 9 months but now, it’s speaker isn’t working. It’s my 3 handset of oppo but facing lot of problem",1433528,OPPOCareIN,Tue Oct 17 09:42:03 +0000 2017,@452847 @131023 We are concerned. Please visit Service Center for better assistance. You may find the nearest SC through this link: https://t.co/CV19z2qTA4,1433527
1457607,458306,Mon Oct 16 07:28:10 +0000 2017,"@OPPOCareIN @131023 i have already asked to oppo exclusive stores, but they can't provide any information about this model.Can u say whenever online sale start",1457609,OPPOCareIN,Mon Oct 16 10:42:02 +0000 2017,"@458306 @131023 The devices are stock out due to heavy demand. To purchase the device, please visit the link:https://t.co/gIZT05bBW7
Thanks! Pooja",
1457608,458306,Sat Oct 14 15:19:35 +0000 2017,"@131023 i want a red colour F3 plus, but disappointed bcoz neither available in market nor online.. what should i do??😈👿👾",1457606,OPPOCareIN,Mon Oct 16 07:25:39 +0000 2017,@458306 @131023 Thank you for showing interest in OPPO F3 Diwali Limited Edition. It'll be available exclusively on Amazon and OPPO Exclusive Stores.,1457607
1457722,362092,Sat Oct 14 14:06:06 +0000 2017,I request to add this feature in the net update 2/2 @131023 @166145 @OPPOCareIN https://t.co/K76e4VPgHS,1457721,OPPOCareIN,Mon Oct 16 08:06:52 +0000 2017,"@362092 @131023 @166145 We apologise for the inconvenience. We have taken a due note of your feedback. We will look into the possibilities. 

Pooja
OPPO Care",
1457746,458346,Sun Oct 15 23:13:49 +0000 2017,@131023 When are you planning to release Nougat update for oppo F3 plus?,1457745,OPPOCareIN,Mon Oct 16 07:41:35 +0000 2017,"@458346 @131023 We will notify you once the update will be available for your device, as currently there is no official information about the update.
Pooja",
1457779,458353,Mon Oct 16 05:50:48 +0000 2017,@131023   please tell us something about OPPO F5,1457778,OPPOCareIN,Mon Oct 16 06:30:26 +0000 2017,"@458353 @131023 Hi Bhagyaraj, as of now, there is no official information regarding the launch of OPPO F5 in India. Please stay tuned with us for more info.",
149894,150167,Fri Nov 24 06:07:17 +0000 2017,@131023 Hiii,149893,OPPOCareIN,Fri Nov 24 11:14:42 +0000 2017,"@150167 Hi Jitandar, thank you for reaching out to us. How can we assist you? :)

Rishi",
149896,283410,Thu Nov 23 07:12:27 +0000 2017,@131023 Best selfie smartphone,684641,OPPOCareIN,Thu Nov 23 07:26:44 +0000 2017,"@283410 Thank you for your appreciation. Have a great day ahead.

Rishi",
149898,150168,Fri Nov 24 10:25:16 +0000 2017,"@131023 Myself Aman Kothari, Belongs to An NGO Called Leo District 3231-A3 with the support of Lions District 3231-A3 are organising an event called Udaan-Kite Flying Fest in Mumbai, a Fund Raising &amp; Image Building Project. Need to contact for the same.",149897,OPPOCareIN,Fri Nov 24 10:30:46 +0000 2017,"@150168 Hi Aman, thank you for contacting us. We would request you to share your proposal at ""__email__"".

Rishi",
149900,150169,Fri Nov 24 09:01:56 +0000 2017,"@OPPOCareIN when i slide my phone screen down then open google .
How can i remove it for oppo a37",149899,OPPOCareIN,Fri Nov 24 09:12:12 +0000 2017,"@150169 Dear Vinod, thank you for contacting OPPO. Please reach out to us in DM so that we can assist you in a better way.

Rishi",
149902,150170,Fri Nov 24 08:41:32 +0000 2017,@131023  क्या हाल है ओपो,149901,OPPOCareIN,Fri Nov 24 09:01:41 +0000 2017,"@150170 We are good Yogesh, hope you are also doing good. Please let us know if you need any  assistance regarding OPPO phones.

Rishi",
149904,150171,Fri Nov 24 08:42:08 +0000 2017,@131023 How sweet it is,149903,OPPOCareIN,Fri Nov 24 08:55:15 +0000 2017,"@150171 Thank you for your appreciation. Have a great day ahead.

Rishi",
149906,704872,Sat Nov 18 05:58:22 +0000 2017,"@131023 Wow superb... It's design is so melodious.. 
#OPPO you all are great... I don't know why people say bring software updates.. But it's not necessary because ColourOS brings extra features  than software update.. And this is why I love oppo phones, #OPPOF5",2662171,OPPOCareIN,Sat Nov 18 09:46:10 +0000 2017,"@704872 Thank you for your love and appreciation. Have a great day ahead. :)

Rishi",
149907,750307,Sat Nov 18 06:23:43 +0000 2017,@131023 You guys are fooling people. No Android updates. People are still forced to use Android 5 &amp; 6 version on A series phones when world is moving towards Andro O version,2662153,OPPOCareIN,Sat Nov 18 06:35:03 +0000 2017,"@750307 Dear Vivek, please help us with your device name so that we can assist you in a better way.

Rishi",2662151
1561173,317644,Sun Oct 15 10:21:05 +0000 2017,@131023 @350999 Hey @131023 @OPPOCareIN  I need your help.,1561172,OPPOCareIN,Mon Oct 23 10:30:42 +0000 2017,"@317644 Dear Shahzef, please let us know your concern so that we can assist you in a better way.
Rishi",
1602002,491749,Tue Oct 17 10:34:25 +0000 2017,@OPPOCareIN @131023 OPPO f3,1602004,OPPOCareIN,Tue Oct 17 10:50:17 +0000 2017,"@491749 @131023 We will notify you once the update will be available for your device, as currently there is no official information about the update
Pooja",1602005
1602003,491749,Mon Oct 16 14:44:25 +0000 2017,@131023 sir android 7.0 kab tk aa jaega,1602001,OPPOCareIN,Tue Oct 17 09:48:48 +0000 2017,"@491749 @131023 Hi Vishal, could you please elaborate which device are you using, so that we can assist you further. 
Pooja",1602002
1645241,OPPOCareIN,Tue Oct 17 12:24:45 +0000 2017,@502745 We are overwhelmed with your love and interest. As of now there is no official announcement regarding the launch. (1/2),1645240,OPPOCareIN,Tue Oct 17 12:25:04 +0000 2017,"@502745 However we have shared your interest with our concerned team.
Pooja
(2/2)",
1645243,502745,Tue Oct 17 08:18:42 +0000 2017,"@OPPOCareIN 

Sir i want media invite for OPPO F5 launch event. I saw you send lots of media platform invite for OPPO F5 launch event. :/",1645241,OPPOCareIN,Tue Oct 17 12:24:45 +0000 2017,@502745 We are overwhelmed with your love and interest. As of now there is no official announcement regarding the launch. (1/2),"1645240,1645242"
1704249,516596,Tue Oct 24 19:22:37 +0000 2017,@OPPOCareIN Its been 15 days since Wi-fi stopped working in my phone F3+ after OS update. poor response from you guys,1704248,OPPOCareIN,Thu Oct 26 04:59:35 +0000 2017,"@516596 Dear Subramaniam, we apologize for the inconvenience caused. Our team will get in touch with you shortly. 
Rishi",
178358,158044,Tue Oct 03 00:00:29 +0000 2017,"@131023 
It's OPPO- F3,
Quality of Video Calls needs some improvement, 
.......Aseem Ghosh
__email__
+91-8249572051.",178357,OPPOCareIN,Tue Oct 03 05:20:30 +0000 2017,"@158044 We regret your experience. Please help us with the application that you are using for video call. 

Rishi 
OPPO Care",
1783801,535960,Tue Oct 10 12:47:32 +0000 2017,"@131023 EK DAM BEKAR HAI BHAI
PURE BEKAR MOBILE 
APPLE BEST MOBILE HAI BHAI",1783800,OPPOCareIN,Wed Oct 11 07:02:29 +0000 2017,"@535960 @131023 We regret your experience. please let us know your concern via DM so that we can assist you in a better way. 

Pooja
OPPO Care",
1783803,535961,Tue Oct 10 13:24:03 +0000 2017,@131023 Whats the cost of #oppo f3 diwali offer,1783804,OPPOCareIN,Wed Oct 11 08:57:52 +0000 2017,"@535961 @131023 Hi Anwar, Thank you for showing interest in OPPO F3 Diwali Limited Edition. It is priced at 18,990/- INR. 

Pooja
OPPO Care",
1783808,535963,Wed Oct 11 13:20:43 +0000 2017,"@OPPOCareIN @131023 Is this update available in India now?

It shows that it is only available in Australia.",1783810,OPPOCareIN,Thu Oct 12 10:09:34 +0000 2017,"@535963 @131023 Yes, the update is available at the SC in India. You may visit nearest SC to update the device. 

Pooja
OPPO Care",
1783809,535963,Wed Oct 11 06:15:31 +0000 2017,@131023 Please give Marshmallow Upgrade of Oppo F1S in India,1783807,OPPOCareIN,Wed Oct 11 07:55:16 +0000 2017,"@535963 @131023 It will be available at the service center, kindly visit the nearest SC. Please ensure to take backup of the data. 🙂

Pooja
OPPO Care",1783808
1783814,333766,Tue Oct 10 14:31:43 +0000 2017,"@OPPOCareIN @131023 this device hangs while using whatsapp,  facebook..  while receiving calls.. etc
it can't support any single app for long time.",1783813,OPPOCareIN,Wed Oct 11 06:27:36 +0000 2017,"@333766 @131023 Kindly follow the trouble-shooting steps provided in the link: https://t.co/imyX1cR0pr for further assistance to resolve the issue. 

Pooja",
1783824,535966,Tue Oct 10 12:37:47 +0000 2017,"@131023 @166145 Whn will #OPPOF3+ will get ANDROID NOUGAT(7.0)/OREO(8.0)??
Buying for Rs:25,000 still thr in 6.0 (marshmallow)",1783823,OPPOCareIN,Wed Oct 11 07:13:02 +0000 2017,"@535966 @131023 @166145 We regret to inform you that there is no formal notice for the update in OPPO F3 Plus. Please stay tuned with us for further info. 
Pooja",
1783855,535984,Tue Oct 10 11:32:34 +0000 2017,@131023 Tell me about ur upcoming phones &amp; also compact phones are coming or not,1783854,OPPOCareIN,Wed Oct 11 06:58:51 +0000 2017,"@535984 @131023 To know more about our upcoming OPPO phones, please stay tuned with our social media pages.

Pooja
OPPO Care",
1783873,535989,Wed Oct 11 09:32:53 +0000 2017,@OPPOCareIN @131023 I wl cnt ser but no updates??,1783876,OPPOCareIN,Wed Oct 11 10:24:22 +0000 2017,"@535989 @131023 Could you please elaborate your concern via Direct Message, so that we could assist you better. 

Pooja
OPPO Care",
1783875,535989,Wed Oct 11 07:58:40 +0000 2017,@131023 No updates f1s stl running 5.1 ...???? Stupid oppo,1783872,OPPOCareIN,Wed Oct 11 08:49:29 +0000 2017,"@535989 @131023 Hi Vijay, it is available at the service center, kindly visit the nearest SC. Please ensure to take backup of the data. 

Pooja
OPPO Care","1783873,1783874"
1784061,536039,Wed Oct 11 09:47:45 +0000 2017,@OPPOCareIN @131023 @32749 I want to knw what is the benifit taking these phone with old software,1784063,OPPOCareIN,Wed Oct 11 10:28:30 +0000 2017,"@536039 @131023 @32749 We understand your concern. We have taken a due note of your feedback, and we will surely forward to our concerned team. 

Pooja
OPPO Care",
1784062,536039,Wed Oct 11 09:32:15 +0000 2017,Everyone looking for 8 update n still we are waiting for 7 nouget update . What is benifit of highend phone @131023 @32749,1784060,OPPOCareIN,Wed Oct 11 09:46:27 +0000 2017,"@536039 @131023 @32749 We regret your experience. There is no formal notice for the update in OPPO F3. We will notify when the update is available. 
Pooja",1784061
1784068,536041,Tue Oct 10 13:29:09 +0000 2017,@131023 Not happy with oppo..it's being more then year still no Android updated still my f1+ running on 5.1 version.,1784067,OPPOCareIN,Wed Oct 11 09:32:09 +0000 2017,@536041 @131023 We regret to inform you that there is no formal notice for the update in OPPO F1 Plus. We will notify you when the update will be available.,
1784076,OPPOCareIN,Wed Oct 11 09:35:29 +0000 2017,@303680 @166145 @131023 We regret your experience. We have launched Marshmallow update for OPPO F1s. It will be available at the service center (1/2),1784074,OPPOCareIN,Wed Oct 11 09:36:11 +0000 2017,"@303680 @166145 @131023 Kindly visit the nearest SC for the update. Please ensure to take backup of the data. 

Pooja
OPPO Care
(2/2)",1784075
1784077,303680,Tue Oct 10 15:52:44 +0000 2017,@166145 @131023 Please update Oppo f1s to Android M in the worst case.It was released just a year ago and is still running Android L.,1784076,OPPOCareIN,Wed Oct 11 09:35:29 +0000 2017,@303680 @166145 @131023 We regret your experience. We have launched Marshmallow update for OPPO F1s. It will be available at the service center (1/2),1784074
1784954,536290,Wed Oct 11 10:47:44 +0000 2017,@131023 device A57  contacts get automatically merged.  No satisfactory response from technical team,1784953,OPPOCareIN,Wed Oct 11 11:41:08 +0000 2017,"@536290 @131023 Could you please share us the screenshot of Version/Build Number of your device, so that we can look into the matter.  

Pooja
OPPO Care",
1794255,539184,Thu Oct 12 09:27:16 +0000 2017,@OPPOCareIN @131023 Tell me plzz,1794257,OPPOCareIN,Thu Oct 12 11:00:04 +0000 2017,"@539184 @131023 Hi Shiva, as conveyed earlier, please stay in touch with us for further information on the launch of OPPO F5 in India.

Pooja
OPPO Care.",
1794256,539184,Thu Oct 12 07:22:33 +0000 2017,@131023 Oppof5  launching in India event date  plz,1794254,OPPOCareIN,Thu Oct 12 09:21:31 +0000 2017,"@539184 @131023 There is no formal notice for the launch of OPPO F5 in India. Please stay tuned with our social media pages.

Pooja
OPPO Care",1794255
1794259,539194,Wed Oct 11 15:43:54 +0000 2017,@131023 Everything is fine with OPPO but why not the processor ....,1794298,OPPOCareIN,Thu Oct 12 09:27:24 +0000 2017,"@539194 @131023 Hi Kumar, kindly elaborate your exact concern regarding processor, so that we could assist you further in a better way. 

Pooja
OPPO Care",
1794261,539185,Wed Oct 11 15:22:08 +0000 2017,"@131023 Hi

I'm running a digital advertisment firm locally, &amp; would like to run ad. camp. for urs brand so kindly reply in mettre",1794260,OPPOCareIN,Thu Oct 12 07:56:24 +0000 2017,"@539185 @131023 Please drop us a mail at: __email__ with details for further assistance in regards to your query. 

Pooja
OPPO Care",
1794269,539186,Wed Oct 11 13:24:50 +0000 2017,@131023 please provide me the contact through whom i could contact for sponsorship,1794268,OPPOCareIN,Thu Oct 12 07:52:46 +0000 2017,"@539186 @131023 Hi Rishab, please drop us a mail at: __email__ for further assistance in regards to your query. 

Pooja
OPPO Care",
1794271,516596,Wed Oct 11 18:40:36 +0000 2017,@OPPOCareIN : Oppo F3+. got notified &amp; updated to latest OS today. now Wi-Fi stopped working. not even identifying wi-fi network. worst ever,1794270,OPPOCareIN,Thu Oct 12 07:30:02 +0000 2017,"@516596 Could you please share us the screenshot of Version/Build Number of your device, so that we can look into the matter.  

Pooja
OPPO Care",
1794277,539189,Thu Oct 12 08:32:16 +0000 2017,@131023 Not available in any distributor of #OPPO in my city Ludhiana. #YourBestDiwaliGift  #OPPOF3 #SelfieExpert,1794276,OPPOCareIN,Thu Oct 12 09:16:18 +0000 2017,"@539189 @131023 Thank you for your interest in OPPO F3 Diwali Limited Edition. It'll be available exclusively on Amazon and OPPO Exclusive Stores. 

Pooja",
1794591,535984,Thu Oct 12 10:26:46 +0000 2017,@131023 Not available on amazon so Pl update when is available on amazon no rep from u @131023,1794590,OPPOCareIN,Thu Oct 12 11:13:44 +0000 2017,"@535984 @131023 Thank you for showing interest in OPPO F3 Diwali Limited Edition. It'll be available exclusively on Amazon and OPPO Exclusive Stores

Pooja",
1794599,539272,Thu Oct 12 07:25:20 +0000 2017,@131023 when updating oppo r7 plus version,1794597,OPPOCareIN,Thu Oct 12 09:42:36 +0000 2017,"@539272 @131023 We regret to inform you that there is no formal notice for the update in OPPO R7 Plus. We will notify you once it is available. 

Pooja",1794598
1794624,539279,Thu Oct 12 08:43:10 +0000 2017,"Will @166145 F3 GeT Nougat Version ??? 🤔 🤔
@131023",1794623,OPPOCareIN,Thu Oct 12 09:59:42 +0000 2017,"@539279 @166145 @131023 We regret to inform you that there is no formal notice for the update in OPPO F3. We will notify you once it is available. 

Pooja
OPPO Care",
1794629,539281,Thu Oct 12 11:40:07 +0000 2017,@OPPOCareIN @131023 Hope you have receuved my DM!,1794631,OPPOCareIN,Thu Oct 12 11:46:46 +0000 2017,"@539281 @131023 Thank you for providing details. Please allow us some time. We will get back to you at the soonest time. 

Pooja
OPPO Care",
1794630,539281,Thu Oct 12 03:12:41 +0000 2017,@131023 opening a multi brand mobile showroom in Hyderabad want one sample piece to buy more units for shop..plz respond!,1794627,OPPOCareIN,Thu Oct 12 10:02:31 +0000 2017,"@539281 @131023 Hi Mak, we would request you to DM us your contact details, so that we could assist you further in regards to your query. 

Pooja
OPPO Care","1794628,1794629"
1795095,539417,Thu Oct 12 17:48:08 +0000 2017,@OPPOCareIN @131023 @35781 Product kharab hai,1795097,OPPOCareIN,Fri Oct 13 06:42:21 +0000 2017,"@539417 @131023 @35781 We are sorry you feel that way. Please let us know your concern in detail via DM, so that we can assist you further. 

Pooja
OPPO Care",
1795096,539417,Thu Oct 12 11:48:30 +0000 2017,@131023 @35781 Oppo kachara phone 👀,1795094,OPPOCareIN,Thu Oct 12 12:15:27 +0000 2017,"@539417 @131023 @35781 We regret your experience. Could you please elaborate your exact concern, so that we can assist you in a better way. 

Pooja
OPPO Care",1795095
1795111,539422,Thu Oct 12 12:10:21 +0000 2017,@131023 i've send many times resume but there is no rpely for job plz cont me on 9610007590,1795110,OPPOCareIN,Thu Oct 12 12:37:11 +0000 2017,"@539422 @131023 Hi manoj, as conveyed to you earlier our team will contact you if your profile gets shortlisted. 

Pooja
OPPO Care",
1801513,541303,Thu Oct 12 12:24:21 +0000 2017,@131023 Does oppo f1 gets marshmallow update?,1801512,OPPOCareIN,Fri Oct 13 05:28:12 +0000 2017,"@541303 @131023 We will notify you once the update will be available for your device, as currently there is no official information about the update
Pooja",
1801517,416090,Thu Oct 12 14:57:43 +0000 2017,Sir there is no update of marshmallow for oppo f1s till now day when it comes @131023  @OPPOCareIN @166145,1801516,OPPOCareIN,Fri Oct 13 06:19:04 +0000 2017,"@416090 @131023 @166145 It will be available at the service center, kindly visit the nearest SC. Please ensure to take backup of the data.

Pooja
OPPO Care",
1801519,541305,Fri Oct 13 07:27:58 +0000 2017,"@OPPOCareIN Probem start after replacing my display at service center Vashi, Navi Mumbai. May b they have not fitted body properly.",1801521,OPPOCareIN,Fri Oct 13 09:42:44 +0000 2017,"@541305 Please provide us your device IMEI number or work order number, as provided by the service center, so that we can look into the matter.",
1801520,541305,Fri Oct 13 06:38:43 +0000 2017,"@OPPOCareIN My f1 phone back(body) cover opened. I Visited service center. Asked for 914 Rs, but phone is in warranty. Why should I pay ? https://t.co/d1ZO5S5vlU",1801518,OPPOCareIN,Fri Oct 13 07:12:20 +0000 2017,"@541305 We are concerned, please let us know how did the back cover open, or how did this happen so that we can look into the matter. 

Pooja",1801519
1802195,382779,Fri Oct 13 12:34:00 +0000 2017,@OPPOCareIN @131023 you give me your customer support no i will call,1802197,OPPOCareIN,Sat Oct 14 06:39:26 +0000 2017,"@382779 @131023 Hi Anand, you may contact our Customer Support on 18001032777 from 9 AM to 9 PM for further assistance in regards to your query.",
1807091,321229,Sat Oct 14 09:00:34 +0000 2017,@131023 oppo f3 has flash in front of it or not?,1807090,OPPOCareIN,Sat Oct 14 09:29:21 +0000 2017,"@321229 @131023 Hi Milan, we regret to inform you that this feature is not available in the device. However, we have taken a due note of it

Pooja
OPPO Care",
1807102,542903,Fri Oct 13 13:58:44 +0000 2017,@131023 @542904 I want open a new shop in Ahmedabad gujarat,1807101,OPPOCareIN,Sat Oct 14 09:25:43 +0000 2017,"@542903 @131023 @542904 Hi Jinesh, please drop us a mail at; __email__ for further assistance in regards to your query.

Pooja
OPPO Care",
1807122,542908,Sat Oct 14 07:56:08 +0000 2017,@131023 @166145 why u r not giving updates to oppo f1plus from android 5 lollipop to higher updates.why? why? worst update facilty .,1807120,OPPOCareIN,Sat Oct 14 09:33:38 +0000 2017,"@542908 @131023 @166145 We will notify you once the Andoird update will be available for OPPO F1Plus. Kindly stay tuned with us.

Ishwari
OPPO Care",1807121
1807130,542912,Sat Oct 14 00:41:18 +0000 2017,@131023 hello sir I have my oppo a57 touch cracked but I don't need a display combo I only need a screen digitizer how can I get it,1807129,OPPOCareIN,Sat Oct 14 09:32:39 +0000 2017,"@542912 @131023 Please visit the service center for further assistance. You may find the nearest SC through this link: https://t.co/CV19z2qTA4

Pooja",
1816891,545796,Sun Oct 15 04:47:25 +0000 2017,@131023 Is there any chance f3 plus getting latest OS update...,1816890,OPPOCareIN,Mon Oct 16 07:35:44 +0000 2017,"@545796 @131023 We regret to inform you that there is no formal notice for the update in OPPO F3 Plus. Please stay tuned with us for further info. 
Pooja",
1816894,535984,Sun Oct 15 06:02:16 +0000 2017,@131023 Where to buy der is no option to buy ask many time team bt so rude np rep from u,1816892,OPPOCareIN,Mon Oct 16 07:56:32 +0000 2017,"@535984 @131023 We apologise for the inconvenience. The device are stock out due to heavy demand. To purchase, please visit the link:https://t.co/gIZT05bBW7",1816893
1817422,545921,Sun Oct 15 10:46:51 +0000 2017,@131023 How Many Times in Oppo F1s Noughat 7.0 Update Coming,1817420,OPPOCareIN,Mon Oct 16 09:38:28 +0000 2017,"@545921 @131023 We will notify you once the update will be available for your device, as currently there is no official information about the update.
Pooja",1817421
1817429,166159,Sat Oct 14 16:59:29 +0000 2017,@131023 A 57 New version is Wrost Then Ever,1817428,OPPOCareIN,Mon Oct 16 09:45:34 +0000 2017,"@166159 @131023 Hi Fahim, could you please elaborate your exact concern via DM, so that we can assist you further in regards to your query. 
Pooja",
1817435,545924,Mon Oct 16 11:17:13 +0000 2017,@131023 @350999 My phone black F3 but one problem......🔋 battery,1817434,OPPOCareIN,Mon Oct 16 11:33:54 +0000 2017,"@545924 @131023 @350999 Could you please elaborate your exact concern via DM, so that we can assist you further. 
Thanks! Pooja",
1817451,545927,Mon Oct 16 08:30:00 +0000 2017,"@131023 U people r very much slow in update, f3 plus a flagship phone didn't get Android 7 update then in which device u will update...is this cool",1817449,OPPOCareIN,Mon Oct 16 09:55:02 +0000 2017,@545927 @131023 We apologise for the inconvenience. We will notify you once the update will be available. Till then please stay tuned with us!,1817450
1817473,545934,Sun Oct 15 10:38:41 +0000 2017,@131023 does oppo a57 have direct video calling facility to any number ?,1817472,OPPOCareIN,Mon Oct 16 09:31:39 +0000 2017,"@545934 @131023 We regret to inform you that this option is not available as of now. We have taken this as a feedback, and we will look into the possibility",
1817486,403007,Sun Oct 15 13:46:50 +0000 2017,@OPPOCareIN Can't register to O-Cloud! Do I have to pay?,1817485,OPPOCareIN,Mon Oct 16 10:33:02 +0000 2017,"@403007 You can register free to O-cloud. You may visit the link: https://t.co/l2ph6MCWLx to register. If you are facing any issues, do let us know.",
1817489,181895,Mon Oct 16 05:54:09 +0000 2017,@131023 @54471 @OPPOCareIN @131023 What happen to your OS updates for Oppo F1 Plus? It's almost 2 years 4 the update frm lollipop.,1817487,OPPOCareIN,Mon Oct 16 10:39:11 +0000 2017,@181895 @131023 @54471 We apologise for the inconvenience. We will notify you once the update will be available. Till then please stay tuned with us!,1817488
1817493,545937,Mon Oct 16 05:08:05 +0000 2017,@131023  Should provide an portrait mode in front &amp; back camera as its camera phone #OPPOF3PLus  #YourBestDiwaliGift,1817491,OPPOCareIN,Mon Oct 16 09:50:23 +0000 2017,"@545937 @131023 Thank you for your suggestion. We have taken a due note of your feedback, and will look into the possibility. 
Pooja",1817492
1818005,546087,Sat Oct 14 18:02:11 +0000 2017,"Is this version stable for my device oppo f1s India variant for marshmallow update @OPPOCareIN 

https://t.co/td4wu2QbLL",1818004,OPPOCareIN,Mon Oct 16 12:12:42 +0000 2017,"@546087 This is not the official update. It will be available at the service center, kindly visit the SC. Please ensure to take backup of the data.",
1827403,548453,Mon Oct 16 18:57:59 +0000 2017,"@131023 
A very bad customer service experience I have received..",1827402,OPPOCareIN,Tue Oct 17 07:45:12 +0000 2017,"@548453 @131023 Hi James, we regret your experience. Could you please elaborate your exact concern via DM, so that we could assist u in a better way. 
Pooja",
1827407,502745,Tue Oct 17 06:15:50 +0000 2017,@131023 sir I'm tech blogger from One10HD. I want invitation of your upcoming OPPO F5 launch event.,1827405,OPPOCareIN,Tue Oct 17 07:33:57 +0000 2017,"@502745 @131023 Hi Wasi, as of now, there is no official information regarding the launch of OPPO F5 in India. Please stay tuned with us for more info.",1827406
1827409,548455,Tue Oct 17 07:19:00 +0000 2017,"@131023 
Very satisfied with the OPPO service centre located at Srinagar, all the staff members are very honestly Thanks OPPO",1827408,OPPOCareIN,Tue Oct 17 09:50:50 +0000 2017,"@548455 @131023 Thank you so much for the amazing response. We really appreciate the love and support. Keep supporting us! :)
Pooja",
1827415,545927,Tue Oct 17 05:42:46 +0000 2017,@131023 Ur developer team is very bad they couldn't update android 7 in ur flagship f3 plus while Android 8 has come .,1827413,OPPOCareIN,Tue Oct 17 09:30:37 +0000 2017,"@545927 @131023 We apologise for the inconvenience. We have taken a due note of your feedback and we will look into the possibilities. 
Pooja",1827414
1827418,548457,Tue Oct 17 18:42:23 +0000 2017,"@OPPOCareIN @131023 OPPO F3 plus, please confirm by when can we expect Nougat update for the same??",1827420,OPPOCareIN,Wed Oct 18 05:22:18 +0000 2017,"@548457 @131023 We will notify you once the update will be available for your device, as currently there is no official information about the update.
Pooja",
1827419,548457,Mon Oct 16 17:20:15 +0000 2017,@131023 it's high time OPPO should provide nougat update... 6.0 seems old considering Oreo already has hit some of Android phones,1827417,OPPOCareIN,Tue Oct 17 09:46:24 +0000 2017,"@548457 @131023 We apologise for the inconvenience. Could you please elaborate which device are you using, so that we can assist you further. 
Pooja",1827418
1827432,548461,Thu Oct 19 16:52:46 +0000 2017,@OPPOCareIN @131023 Why visit? Update has to come directly on phone.,1827434,OPPOCareIN,Fri Oct 20 06:48:46 +0000 2017,"@548461 @131023 We are sorry but the update is only available at the SC. Please locate the nearest SC using this link: https://t.co/CV19z29ibu
Pooja",
1827433,548461,Mon Oct 16 18:10:15 +0000 2017,@131023 why F1s is not getting updates. Still have android 5.x. #Whenweget,1827431,OPPOCareIN,Tue Oct 17 08:46:42 +0000 2017,@548461 @131023 We have launched Marshmallow update for OPPO F1s. Kindly visit the nearest Service Center to avail. Please ensure to take backup of the data,1827432
1827436,172013,Tue Oct 17 02:27:03 +0000 2017,@131023  Why every update delay in India?? Please as soon as possible update colorOS 3.1 and Android 7 #OPPOA57 #COLOROS 3.1 Please Update,1827435,OPPOCareIN,Tue Oct 17 07:36:17 +0000 2017,"@172013 @131023 We will notify you once the update will be available for your device, as currently there is no official information about the update.
Pooja",
1842297,552090,Tue Oct 17 15:05:40 +0000 2017,@131023 When Oppo f3 will get a nougat update......,1842296,OPPOCareIN,Wed Oct 18 06:26:46 +0000 2017,"@552090 @131023 We will notify you once the update will be available for your device, as currently there is no official information about the update
Pooja",
1843188,535984,Wed Oct 18 06:48:32 +0000 2017,@131023 Always buy now buy now bt where to buy now where is option for buy😡,1843187,OPPOCareIN,Wed Oct 18 07:18:18 +0000 2017,"@535984 @131023 As conveyed to u earlier, The devices are stock out, due to high demand. To purchase the same, please visit the link:https://t.co/gIZT05bBW7",
1843190,543016,Wed Oct 18 06:46:43 +0000 2017,"@131023 This red edition is not available in Junagarh, Kalahandi. My nephew @458306 waits for it eagerly but disappointed. Can you manage?",1843237,OPPOCareIN,Wed Oct 18 07:20:19 +0000 2017,"@543016 @131023 @458306 The devices are stock out due to heavy demand. To purchase the device, please visit the link:https://t.co/gIZT05bBW7
Thanks! Pooja",1843238
1843192,420408,Wed Oct 18 02:03:16 +0000 2017,"I'm unable to use @13549 SMS app on my  @131023 a57 handset, can u please suggest me or provide any customer care number",1843191,OPPOCareIN,Wed Oct 18 07:12:15 +0000 2017,"@420408 @13549 @131023 You may contact our Customer Support on: 18001032777 for further assistance in regards to your query. 
Pooja",
1843203,552296,Tue Oct 17 16:57:47 +0000 2017,@131023 will oppo a57 get noughat 7.0 update,1843202,OPPOCareIN,Wed Oct 18 07:04:23 +0000 2017,"@552296 @131023 We regret to inform you that there is no formal notice for the update in OPPO A57. Please stay tuned with us for further info. 
Pooja",
1843204,555389,Wed Oct 18 16:18:09 +0000 2017,@552296 @131023 Even their a57 is ridiculous i am using and i almost feel at least twice a daily to break this phone or mouth of @131023,1857144,OPPOCareIN,Thu Oct 19 09:17:52 +0000 2017,"@555389 @552296 @131023 Could you please elaborate via DM what is the exact issue with more details of device, so that we can assist u better.
Pooja",
1843223,552302,Wed Oct 18 04:10:12 +0000 2017,@131023 World is about to get oreo and we are still at marshmallow  on A57.,1843222,OPPOCareIN,Wed Oct 18 08:12:09 +0000 2017,"@552302 @131023 We will notify you once the update will be available for your device, as currently there is no official information about the update.
Pooja",
1843238,543016,Wed Oct 18 07:39:27 +0000 2017,@OPPOCareIN @131023 @458306 He doesn't want to buy online. He wants to buy from an authorized dealer. Either you help him get one or stop branding this edition.,1843239,OPPOCareIN,Fri Oct 20 06:12:20 +0000 2017,"@543016 @131023 @458306 You may check the availability in OPPO Exclusive Stores. You may find nearest store using this link: https://t.co/TDJ8HC4j5w.
Pooja",1843240
1843240,458306,Fri Oct 20 09:05:23 +0000 2017,@OPPOCareIN @543016 @131023 not available in odisha,1843241,OPPOCareIN,Fri Oct 20 09:35:39 +0000 2017,"@458306 @543016 @131023 We do have stores in Orrisa. Please check this link to find the stores in Orrisa: https://t.co/MB7RPAwgWd
Pooja",1843242
1843242,458306,Fri Oct 20 09:39:37 +0000 2017,@OPPOCareIN @543016 @131023 only 1 store in odisha that in capital bhubaneswar but they said there is no any stock of this model as company can't provide quantity..,1843243,OPPOCareIN,Fri Oct 20 09:50:04 +0000 2017,"@458306 @543016 @131023 The devices are stock out due to heavy demand. To purchase the device, please visit the link: https://t.co/gIZT04U0xx
Thanks! Pooja",1843244
1857115,458353,Thu Oct 19 11:58:06 +0000 2017,@OPPOCareIN @131023 I'm using  oppof1s  which is  a high end device which is still running on lollipop 5.1  currently OREO 8.0   in the market,1857120,OPPOCareIN,Fri Oct 20 06:40:20 +0000 2017,@458353 @131023 We have recently launched Marshmallow update for OPPO F1s. You may update you device by visiting SC: https://t.co/CV19z29ibu. (1/2),1857121
1857117,458353,Thu Oct 19 11:56:07 +0000 2017,@OPPOCareIN @131023 So According to you!!  If there is a new Andriod update in the market we have to buy a  new mobile or what?,1857122,OPPOCareIN,Mon Oct 23 12:36:35 +0000 2017,"@458353 We provide regular updates on our devices, and notify our customers as recently we did when the Android update was launched for F1s. 
Rishi",
1857119,458353,Thu Oct 19 05:31:52 +0000 2017,@131023 Release color 3.1   based nougat  to oppo  devices then it's real Diwali for oppo  users,1857114,OPPOCareIN,Thu Oct 19 09:06:04 +0000 2017,"@458353 @131023 Hi Bhagyaraj, you may purchase OPPO A71 which has color OS 3.1 and Android Nougat in the device. 
Pooja
OPPO Care","1857115,1857116,1857117,1857118"
1857131,388014,Wed Oct 18 07:51:56 +0000 2017,@131023 @555387 Dear @131023  we love your products.. but please give us time to time updates..we need nougat update for OPPO F3 Plus.,1857130,OPPOCareIN,Thu Oct 19 09:11:59 +0000 2017,"@388014 @131023 @555387 We appreciate your support. However, we regret to inform you that there is no formal notice for the update, as of now. Please stay tuned.",
1857143,270500,Tue Oct 17 16:10:32 +0000 2017,"@OPPOCareIN Is it necessary
To back up the phone? 
OPPO A37fw.....!",1857141,OPPOCareIN,Thu Oct 19 09:33:47 +0000 2017,"@270500 It is essential to take back-up of the data. If in case, you reset the device, you can easily restore the data, if it is backed-up. 
Pooja",1857142
1862509,556587,Thu Oct 19 10:44:05 +0000 2017,@OPPOCareIN when do we get nougat update for F3?,1862508,OPPOCareIN,Fri Oct 20 06:26:57 +0000 2017,"@556587 We will notify you once the update will be available for your device, as currently there is no official information about the update
Pooja",
1862511,556588,Fri Oct 20 09:40:43 +0000 2017,@131023 Okkkk......any approx date of system updation ?????,1862510,OPPOCareIN,Fri Oct 20 09:48:05 +0000 2017,"@556588 @131023 We will notify you once the update will be available for your device, as currently there is no official information about the update
Pooja",
1862562,555389,Fri Oct 20 08:53:14 +0000 2017,@OPPOCareIN @370168 @166145 @131023 Please reply to my dm,1862564,OPPOCareIN,Fri Oct 20 09:17:18 +0000 2017,"@555389 @370168 @166145 @131023 Thanks! Kindly check DM for further assistance in regards to your query. 
Pooja",
1862563,370168,Fri Oct 20 05:04:01 +0000 2017,"Why can't we elongate the message in notification bar itself
This is not available only in oppo f3  @166145 @131023 @OPPOCareIN",1862561,OPPOCareIN,Fri Oct 20 07:06:48 +0000 2017,"@370168 @166145 @131023 We are sorry but this is the default feature of the device. However, we have noted your feedback, and we will look into the possibilities.",1862562
1864268,556986,Fri Oct 20 12:03:10 +0000 2017,@OPPOCareIN @131023 nougat update,1864270,OPPOCareIN,Fri Oct 20 13:24:50 +0000 2017,"@556986 @131023 As of now, we have released Marshmallow update. We will notify you once the Nougat update will be available. Till then please stay tuned!",1864271
1864269,556986,Fri Oct 20 11:00:55 +0000 2017,@131023 which software here,1864267,OPPOCareIN,Fri Oct 20 11:25:08 +0000 2017,"@556986 @131023 We have recently launched Marshmallow update for OPPO F1s. You may update the device by visiting the service center.
Pooja",1864268
1864277,345187,Fri Oct 20 10:15:14 +0000 2017,"@131023 Guys if u hv problms after purchase their services r very lousy, dey ask 4 details and dnt reply bk! Reconsider ur decision..",1864274,OPPOCareIN,Fri Oct 20 11:22:28 +0000 2017,"@345187 @131023 We are sorry that you feel it this way. However, we have replied you on your DM, please check and let us know if there are any issues.
Pooja","1864275,1864276"
1880533,561239,Fri Oct 20 12:43:50 +0000 2017,"@166145 @131023 Support center denied service because they need hard copy, sell fax not smartphones. #badcustomerservice",1880531,OPPOCareIN,Sat Oct 21 13:29:12 +0000 2017,"@561239 @166145 @131023 Dear Yogesh, we regret your experience. Please DM your contact details with us so that we may get in touch with you. Thank you.",1880532
1880534,561239,Fri Oct 20 12:46:16 +0000 2017,"@166145 @131023 This was pathetic , are you guys stuck in 1950? Soft copy won't work thats the excuse, wow seriously wow! @OPPOCareIN @131023 @166145",1884006,OPPOCareIN,Mon Oct 23 04:29:29 +0000 2017,"@561239 Dear Yogesh, we regret your experience. Please elaborate us your exact concern via DM so that we can assist you further.

Rishi
OPPO Care",
1883997,562163,Sun Oct 22 14:28:22 +0000 2017,@OPPOCareIN @166145 @166145 Please update rom download link for oppo f3 on your site or provide a working download link 🔗,1883996,OPPOCareIN,Mon Oct 23 04:57:26 +0000 2017,"@562163 Dear Nitin, you'll be notified through our social media page when the same will be available for your device. https://t.co/8mhSebycwS
Rishi",
1886564,562684,Thu Oct 19 02:11:33 +0000 2017,@OPPOCareIN there is problem with network. Data not connect. Is it happening due to outdated system or else. Plz reply soon,1886565,OPPOCareIN,Thu Oct 19 08:46:08 +0000 2017,"@562684 Could you please elaborate via DM what is the exact issue with more details of device, so that we can assist u better.
Pooja",
1886564,562684,Thu Oct 19 02:11:33 +0000 2017,@OPPOCareIN there is problem with network. Data not connect. Is it happening due to outdated system or else. Plz reply soon,1886563,OPPOCareIN,Mon Oct 23 11:21:14 +0000 2017,"@562684 We haven't received any details of your device and issue that you are facing. Kindly DM us the same so that we can assist you further.
Rishi",
1916309,570789,Wed Oct 25 13:13:26 +0000 2017,@OPPOCareIN service center really not supportive norhelpful rude service Manager Ganesh clearly decline to give service 2 non warranty phone,1916308,OPPOCareIN,Thu Oct 26 04:17:53 +0000 2017,"@570789 Dear Nisha, we apologize for the inconvenience caused. Please help us with your contact details so that we can assist you further.
Rishi",
1917925,571207,Fri Oct 27 04:24:24 +0000 2017,@OPPOCareIN A57 not 37,1917927,OPPOCareIN,Fri Oct 27 04:44:16 +0000 2017,@571207 We apologize for the miscommunication. You will be notified via our social media pages when Naugat update is available for OPPO A57.,1917928
1917926,571207,Thu Oct 26 09:38:10 +0000 2017,@OPPOCareIN Nougat Update release date for oppo A57,1917924,OPPOCareIN,Thu Oct 26 10:03:12 +0000 2017,"@571207 You will be notified via our social media page when Naugat update will be available for OPPO A37. https://t.co/Rrjo0fSdR6  
Rishi",1917925
1917928,571207,Sat Oct 28 11:04:07 +0000 2017,"@OPPOCareIN @131023 is only which runs older software of Android, provide Nougat Update for A57",1917929,OPPOCareIN,Sat Oct 28 11:17:04 +0000 2017,"@571207 @131023 At OPPO, we always strive for customer satisfaction. We have forwarded your feedback to our concerned team.",1917930
1920734,571797,Wed Oct 11 15:20:20 +0000 2017,Oppo mobile cutomercare &amp; service centre is very poor service provider,1920735,OPPOCareIN,Sat Nov 04 07:32:34 +0000 2017,"@571797 Dear Gaurav, we haven't received any information from your side. Please reach out to us in DM so that we can assist you in a better way.",2092575
1920734,571797,Wed Oct 11 15:20:20 +0000 2017,Oppo mobile cutomercare &amp; service centre is very poor service provider,1920733,OPPOCareIN,Thu Oct 26 12:13:24 +0000 2017,"@571797 Dear Gaurav, we apologize for the inconvenience caused. Kindly reach out to us in DM so that we can assist you in a better way.
Rishi",
1920758,571804,Thu Oct 26 10:46:42 +0000 2017,@131023 will there be any update on OS front in F3 plus... Or still marshmallow to function..,1920757,OPPOCareIN,Thu Oct 26 12:32:48 +0000 2017,"@571804 You will be notified through our social media pages &amp;  OTA once the update is available for your device. https://t.co/Rrjo0fSdR6  
Rishi",
1956785,OPPOCareIN,Tue Sep 19 05:08:40 +0000 2017,@580682 Hi Vivek! Please visit our SC in Pune. We've had a word with our branch executives about your issue. They will help you with the same. (1/2),1956786,OPPOCareIN,Tue Sep 19 05:10:10 +0000 2017,"@580682 Please visit https://t.co/UxhaAeyTAs to know the address and contact details of Pune SC.

Divya
OPPO Care (2/2)",1956788
1956787,580682,Mon Sep 18 12:52:15 +0000 2017,"@OPPOCareIN Its Pune, Mah India. 

Not sure if this is what you are looking for.",1956785,OPPOCareIN,Tue Sep 19 05:08:40 +0000 2017,@580682 Hi Vivek! Please visit our SC in Pune. We've had a word with our branch executives about your issue. They will help you with the same. (1/2),1956786
1956788,580682,Mon Oct 30 15:29:29 +0000 2017,"@OPPOCareIN @OPPOCareIN , despite 1 and a quarter month, problem is not solved. I want you to expedite resolution of this pls.",1956789,OPPOCareIN,Tue Oct 31 05:02:43 +0000 2017,"@580682 We apologize for the inconvenience caused. Please DM us your contact detail so that our team can get in touch with you for better help
Rishi",
1956791,580682,Sun Sep 17 15:55:45 +0000 2017,@131023 how can i encrypt  my Oppo F3 device not just Apps but the device). Its requirement by my organization To use email on cell,1956790,OPPOCareIN,Mon Sep 18 10:33:03 +0000 2017,"@580682 Hi Vivek! Please let us know your location via DM.

Divya
OPPO Care",1956787
199261,162954,Mon Oct 02 17:32:57 +0000 2017,@131023 despite of so many reminders still the FM radio app has not been introduced,199260,OPPOCareIN,Tue Oct 03 05:40:04 +0000 2017,"@162954 At OPPO, we always strive for customer satisfaction. We have forwarded your feedback to our concerned team.

Rishi
OPPO Care",
199462,163024,Sat Sep 30 08:25:42 +0000 2017,"@OPPOCareIN hp oppo adik saya hilang
Minta bantuannya min",199461,OPPOCareIN,Sat Sep 30 08:37:58 +0000 2017,"@163024 Hi! Please contact OPPO Indonesia. We have contact details of their Customer Support here: https://t.co/uMW1b9Ffn3  

Divya
OPPO Care",
2035630,601825,Sat Apr 22 09:15:55 +0000 2017,@131023 I need the contact no of that distributor of oppo.,2035628,OPPOCareIN,Thu Apr 27 04:54:56 +0000 2017,"@601825 @131023 We would request you to write us on ""__email__"". Our concern team will assist you further for the same.",2035629
2041814,145894,Sat Sep 30 05:21:15 +0000 2017,@140312 @131023  F3 Plus. Its still on Marshmallow with no update planned for nougat and Oreo will never come to it probably. Its bad Lew:(,2041813,OPPOCareIN,Sat Sep 30 10:11:54 +0000 2017,"@145894 Hi Chirag! Keep an eye on our social media pages. We'll announce it when Android update is released for OPPO F3 Plus.

Divya
OPPO Care",
2043950,604448,Mon Oct 02 06:05:10 +0000 2017,"Using @166145 #A57 from last four months 
Can I expect #ColorOS 3.1 in my #OppoA57? 
@131023 #Oppo #AndroidNougat #Updates #Nougat 🤔",2043949,OPPOCareIN,Mon Oct 02 07:45:08 +0000 2017,"@604448 We'll announce on our social page when the Android &amp; COLOR O.S update will be launched for OPPOA57. Please stay tuned to it.
Rishi 
OPPOCare",
2045280,604856,Mon Oct 02 19:12:01 +0000 2017,"@131023 
This is my bad phone I hate this phone, I hate China phone, this phone camera is bad I hate this phone",2045279,OPPOCareIN,Tue Oct 03 04:57:28 +0000 2017,"@604856 That is not the experience we want you to be having. Please elaborate us your whole concern so that we can fix the issue.

Rishi
OPPO Care",
2045291,270507,Mon Oct 02 07:51:20 +0000 2017,@131023 When I do testing of Wi-Fi speed then it's around 2 mbps but in this phone speed is around 72kbps only why???,2045290,OPPOCareIN,Mon Oct 02 08:24:24 +0000 2017,@270507 We would request you to please visit our service centre for better help. You may find nearest one from given link https://t.co/CV19z29ibu,
2045295,604861,Sun Oct 01 14:47:54 +0000 2017,"@131023 
What is possible in oppo f1s to automatic call recording by app or any other way??",2045294,OPPOCareIN,Mon Oct 02 08:03:59 +0000 2017,"@604861 You can do the auto-call recording on your device from the third-party application. Which is available in play store.

Rishi 
OPPO Care",
2045302,270500,Tue Oct 03 12:07:26 +0000 2017,@OPPOCareIN I am using OPPO A37fw,2045301,OPPOCareIN,Wed Oct 04 06:31:03 +0000 2017,"@270500 Please use the link to contact OPPO Pakistan for further information regarding the call malfunction https://t.co/qdCwzkvDyH
Rishi
OPPO Care",
2045335,370175,Mon Oct 02 07:05:32 +0000 2017,@OPPOCareIN But it will come or not nougat update?,2045333,OPPOCareIN,Mon Oct 02 08:09:14 +0000 2017,"@370175 As of now, there is no formal notice about same hence we request you to please stay tuned to our social pages for an update.
Rishi 
OPPOCare",2045334
2045337,370175,Mon Oct 02 06:41:45 +0000 2017,@131023 Hello Sir i want to know when there is nougat update come in Oppo F3,2045336,OPPOCareIN,Mon Oct 02 06:51:27 +0000 2017,"@370175 We will announce on our social platform when the Android update will be launched for OPPO F3. Please do stay tuned to it.
Rishi 
OPPO Care",2045335
2045345,604877,Tue Oct 03 20:52:58 +0000 2017,"@OPPOCareIN aftr upgrde 2 6.0 ,dnt see d ntwrk logo. don't hv d 6.0.1 upgrade? 6.0 hs bugs. Also phone heats up while charging. Y???",2045344,OPPOCareIN,Wed Oct 04 04:06:17 +0000 2017,"@604877 We regret your experience. Please get your device checked from our service centre for better help. https://t.co/CV19z2qTA4 

Rishi
OPPO Care",
2045350,166151,Mon Oct 02 16:17:17 +0000 2017,"@131023 
I am one of the sufferrer of oppo phone,  i purchsd new f3 selfie phone,  but now the phone is bent,   mfg defect",2045349,OPPOCareIN,Tue Oct 03 06:12:12 +0000 2017,"@166151 We regret your experience. Please let us know your contact number so that our team can get in touch with you.

Rishi
OPPO Care",
2045355,604881,Mon Oct 02 14:31:41 +0000 2017,@166145 @131023 very disappointed with #F1s even after replacing the motherboard in just 10 months.Need a permanent solution asap.,2045353,OPPOCareIN,Tue Oct 03 06:31:14 +0000 2017,"@604881 We regret your experience. Please elaborate us your exact concern through DM so that we can assist you in a better way.

Rishi 
OPPO Care",2045354
2045395,604861,Sun Oct 01 14:45:41 +0000 2017,@OPPOCareIN what is possible in oppo f1s to automatic call recording by app or any other way.,2045394,OPPOCareIN,Mon Oct 02 08:02:37 +0000 2017,"@604861 You can do the auto-call recording on your device from the third-party application. Which is available in play store.

Rishi 
OPPO Care",
2045406,604899,Thu Sep 28 17:32:52 +0000 2017,@131023 service cntr refused to service my phone saying liquid damage and asking for money and there isn't any liquid in phone (1),2045404,OPPOCareIN,Fri Sep 29 06:01:46 +0000 2017,"@604899 We regret the inconvenience. Please DM us your name, IMEI of your device &amp; SC branch u had visited so that we can check this with our team.",2045405
2045420,OPPOCareIN,Thu Sep 28 12:29:34 +0000 2017,"@345187 Dear Dayashankar, we're sorry to know that your concern was not addressed. Could you please DM us your concern, contact number (1/2)",2045419,OPPOCareIN,Thu Sep 28 12:30:07 +0000 2017,"@345187 and details of your device such as model name and IMEI number. We'll make every effort to assist you in this matter.

Divya
OPPO Care (2/2)",
2045426,604906,Sun Oct 01 19:12:38 +0000 2017,@131023 i've bought oppo a57 just a week ago. Is oppo a57 going to get android N update? It's annoying to run a phone on older os.,2045425,OPPOCareIN,Mon Oct 02 07:29:42 +0000 2017,"@604906 We will announce on our social platform when the Android update will be launched for OPPO A57. Please do stay tuned to it.
Rishi 
OPPO Care",
2045441,OPPOCareIN,Sat Sep 30 09:36:51 +0000 2017,"@604877 Apologies for the inconvenience caused. This number is operational but the SC is closed for three days, i.e. 30th Sep to 2nd Oct on the(1/2)",2045442,OPPOCareIN,Sat Sep 30 09:36:57 +0000 2017,"@604877 account of Dussehra &amp; Gandhi Jayanti. Please DM us your concern so that we can look into it and help u with the same.

Divya
OPPO Care(2/2)",
2045443,604877,Sat Sep 30 08:19:24 +0000 2017,"@OPPOCareIN Service center in kalkaji, Delhi nvr picks up the phone,01149879683. Is this operational?  Plz proved n alt no if available.",2045441,OPPOCareIN,Sat Sep 30 09:36:51 +0000 2017,"@604877 Apologies for the inconvenience caused. This number is operational but the SC is closed for three days, i.e. 30th Sep to 2nd Oct on the(1/2)",2045442
2047337,OPPOCareIN,Tue Sep 26 12:23:02 +0000 2017,"@605495 We regret the inconvenience. Please follow these steps to resolve the hanging issue of your device.
1. Clear background applications. (1/3)",2047339,OPPOCareIN,Tue Sep 26 12:23:56 +0000 2017,"@605495 2. Clear cache of apps (Settings&gt;Application management&gt;All&gt; Application&gt;Clear Cache)
3. Move documents &amp; multimedia files to SD Card. (2/3)","2047341,2047342"
2047339,OPPOCareIN,Tue Sep 26 12:23:56 +0000 2017,"@605495 2. Clear cache of apps (Settings&gt;Application management&gt;All&gt; Application&gt;Clear Cache)
3. Move documents &amp; multimedia files to SD Card. (2/3)",2047342,OPPOCareIN,Tue Sep 26 12:26:25 +0000 2017,"@605495 4. Uninstall third party apps that r not important.
5. Make sure ur device is updated to latest version (Marshmallow).
Divya
OPPO Care (3/3)",2047343
2047340,605495,Tue Sep 26 10:27:29 +0000 2017,"@131023 My Oppo F1s 64gb got hanged..what to do plz tell me.. i have purchased this, this year only and now sometimes it got hanged",2047337,OPPOCareIN,Tue Sep 26 12:23:02 +0000 2017,"@605495 We regret the inconvenience. Please follow these steps to resolve the hanging issue of your device.
1. Clear background applications. (1/3)","2047338,2047339"
2047567,605540,Wed Sep 27 06:46:08 +0000 2017,@131023 is there update available for OPPO F1? in India?,2047565,OPPOCareIN,Wed Sep 27 09:51:21 +0000 2017,"@605540 Hi Darshan! The latest update version (Settings&gt; About Phone&gt; Build Number) available for OPPO F1 is ""F1EX_11_A.21_170708"".

Divya
OPPO Care",2047566
2047719,OPPOCareIN,Wed Sep 27 08:14:23 +0000 2017,@605583 Hi! We've recently released Android Marshmallow update for OPPO F1s. Please visit https://t.co/2IQoRUgDyF to know more about it. (1/2),2047720,OPPOCareIN,Wed Sep 27 08:15:30 +0000 2017,"@605583 Please visit our SC to get ur call volume issue resolved. You can locate ur nearest one here: https://t.co/CV19z2qTA4
Divya
OPPO Care (2/2)",2047722
2047721,605583,Wed Sep 27 03:42:20 +0000 2017,"@131023 When will F1s get marshmallow update? Since last update volume on call is too low, fix it in next update !",2047719,OPPOCareIN,Wed Sep 27 08:14:23 +0000 2017,@605583 Hi! We've recently released Android Marshmallow update for OPPO F1s. Please visit https://t.co/2IQoRUgDyF to know more about it. (1/2),2047720
2048160,166157,Tue Sep 26 10:08:50 +0000 2017,"@OPPOCareIN @605710 U people alwayssay the same thing
Im using Oppo neo7 hangs a lot I judt hate Oppo and Vivo they both are Brothers in Arms
No Os updates",2048162,OPPOCareIN,Tue Sep 26 11:03:40 +0000 2017,@166157 We regret ur experience &amp; will make every effort 2 make it a good one. Please follow these steps to resolve hanging issue of ur device.(1/4),2048163
2048161,605710,Tue Sep 26 08:31:33 +0000 2017,@OPPOCareIN can i ask if there's already a Marshmallow Update for OPPO A37? Answer please😊,2048159,OPPOCareIN,Tue Sep 26 08:53:09 +0000 2017,"@605710 Hi! We've not yet released Android Marshmallow update for OPPO A37. We'll announce it when we do. Stay tuned with us.

Divya
OPPO Care",2048160
2054042,607495,Thu Oct 05 18:50:09 +0000 2017,@OPPOCareIN when would oppo f1s getting 7.0 nougat update,2054040,OPPOCareIN,Fri Oct 06 04:42:47 +0000 2017,"@607495 Hi Mankaran, Keep an eye on our social media pages. We'll announce it when Android Nougat update is released for OPPO F1s.

Rishi
OPPO Care",2054041
2054050,607499,Fri Oct 06 03:39:04 +0000 2017,"@131023 
Do you have any plans to release android 6  for oppo f1s in India?",2054049,OPPOCareIN,Fri Oct 06 04:27:53 +0000 2017,"@607499 @131023 Please do take the backup of your data before the upgrade as entire data will be wiped out during the process.

Rishi 
OPPO Care (2/2)",
2054050,607499,Fri Oct 06 03:39:04 +0000 2017,"@131023 
Do you have any plans to release android 6  for oppo f1s in India?",2054051,OPPOCareIN,Fri Oct 06 04:26:33 +0000 2017,@607499 @131023 We have released Android Marshmallow for OPPO F1s. Please visit our Service Center to get your device upgraded https://t.co/CV19z29ibu (1/2),2054052
2054058,607495,Thu Oct 05 18:46:29 +0000 2017,@OPPOCareIN pls provide update in notifications as one can not check messages without opening app.,2054057,OPPOCareIN,Fri Oct 06 05:02:48 +0000 2017,"@607495 At OPPO, we always strive for customer satisfaction. We have forwarded your feedback to our concerned team.

Rishi
OPPO Care",
2054544,571207,Thu Oct 05 06:35:23 +0000 2017,@OPPOCareIN oppo A57 nougat update ?? When ?? Will it available ??,2054542,OPPOCareIN,Thu Oct 05 06:37:23 +0000 2017,"@571207 Dear Bhavik, keep an eye on our social media pages. We'll announce it when Android Nougat update is released for OPPO A57.

Rishi
OPPO Care",2054543
2055164,607818,Tue Sep 26 19:37:38 +0000 2017,"@131023 I am Ready To Buying it
any Prebook procedure There?",2055162,OPPOCareIN,Wed Sep 27 05:03:22 +0000 2017,"@607818 Hi! OPPO F3 Diwali Limited Edition will be available exclusively on Amazon &amp; OPPO Exclusive Stores from September 29.😊

Divya
OPPO Care",2055163
2055352,607856,Tue Sep 26 14:55:12 +0000 2017,@131023 When did nougout update came for oppoa57,2055350,OPPOCareIN,Wed Sep 27 06:49:04 +0000 2017,"@607856 Hi Vinay! We've not yet released Android Nougat update for OPPO A57. We'll announce it when we do. Stay tuned with us.

Divya
OPPO Care",2055351
2058944,184184,Fri Oct 06 12:16:41 +0000 2017,@181895 @OPPOCareIN Bro will there be any Android update for f1 plus 😭😭😭😭,2058943,OPPOCareIN,Sat Oct 07 04:57:27 +0000 2017,"@184184 Dear SRINIVAS, as of now there is no formal notice about Android update in F1 plus. Please stay tuned to our social page for recent updates.",
2059695,609156,Sat Oct 07 10:25:15 +0000 2017,@OPPOCareIN I forgot my OppoF3 lockscreen pattern. factory reset still requires the pattern. what should I do?,2059694,OPPOCareIN,Sat Oct 07 12:34:42 +0000 2017,"@609156 Dear Priv, we regret your experience. Please visit our service centre for better help. https://t.co/CV19z29ibu 

Rishi
OPPO Care",
2061839,609773,Thu Sep 07 16:49:19 +0000 2017,When will @131023   update the latest Android version for oppo f1 plus,2061837,OPPOCareIN,Fri Sep 08 05:36:54 +0000 2017,@609773 Greetings from OPPO. We would like to inform you that currently there is no formal notice regarding an android update for OPPO F1 Plus.(1/2),2061838
2061927,181895,Tue Sep 19 04:49:17 +0000 2017,@OPPOCareIN Give Oppo F1 Plus Nougat update with latest security patch!,2061925,OPPOCareIN,Tue Sep 19 05:28:09 +0000 2017,"@181895 Thanks for the feedback. We will discuss with relevant team and announce it when Android update is released for F1 Plus.

Divya
OPPO Care",2061926
2075753,333767,Tue Oct 10 07:38:22 +0000 2017,@OPPOCareIN @131023 When using mobile data. This problem is started just before 3-4 days ago.,2075752,OPPOCareIN,Tue Oct 10 10:26:54 +0000 2017,"@333767 @131023 Please let us know your exact issue on DM so that we could assist you further, to resolve the issue. 

Pooja
OPPO Care",
2075782,613908,Sun Oct 08 16:08:22 +0000 2017,"@131023 @166145 I wanted the Diwali edition but I prefer to buy phones offline to be sure that it isn't defective, it'd be great if you could launch covers.",2075781,OPPOCareIN,Tue Oct 10 09:04:59 +0000 2017,"@613908 @131023 @166145 Hi Maahi, thank you for your feedback! We have taken due note of it, and we will look forward for the possibility. 

Pooja
OPPO Care",
2075790,208511,Tue Oct 10 02:52:29 +0000 2017,@OPPOCareIN @131023 Ya. But where is auto call record option....?? @19613,2075789,OPPOCareIN,Tue Oct 10 05:41:06 +0000 2017,"@208511 @131023 Hi Rahul, you will get the call record option while you will be on call. You may have to tap on call-record icon on call. 

Pooja
OPPO Care",
2075816,458336,Mon Oct 09 16:59:10 +0000 2017,@131023 when is the nauggat update for oppo A57????,2075815,OPPOCareIN,Tue Oct 10 07:13:41 +0000 2017,"@458336 @131023 Hi Hardik, we regret to inform you that there is no formal notice for the update in OPPO A57. We will notify you once it is available

Pooja",
2075826,613916,Tue Oct 10 03:31:27 +0000 2017,@131023 Phone vdia nhi hai,2075825,OPPOCareIN,Tue Oct 10 07:07:50 +0000 2017,"@613916 @131023 Hi Sahaj, could you please elaborate your concern, so that we could assist you in a better way. 

Pooja
OPPO Care",
2075829,613917,Sun Oct 08 18:30:08 +0000 2017,@131023 Can i change my golden oppo f3 to red ??,2075828,OPPOCareIN,Tue Oct 10 05:52:06 +0000 2017,"@613917 @131023 Could you please elaborate you want to change the entire phone body or back panel, so that we could assist you better. 

Pooja
OPPO Care",
2075834,613919,Mon Oct 09 19:15:48 +0000 2017,"Is there any rule in oppo.. that one town one retailer?? @131023 
@166145",2075833,OPPOCareIN,Tue Oct 10 09:01:09 +0000 2017,"@613919 @131023 @166145 Hi Prathamesh, we regret for the inconvenience caused. Kindly DM us your contact details, so that our team will contact you shortly. 

Pooja",
2076262,614056,Tue Oct 10 10:44:03 +0000 2017,@131023 Oppo f1s 64gb,2076261,OPPOCareIN,Tue Oct 10 11:18:35 +0000 2017,"@614056 @131023 It will be available at the service center, kindly visit the nearest SC. Please ensure to take backup of the data. 🙂

Pooja
OPPO Care",
2076742,614209,Sun Oct 08 09:53:51 +0000 2017,@OPPOCareIN how to move app to sd card in oppo f3?,2076741,OPPOCareIN,Mon Oct 09 06:53:31 +0000 2017,"@614209 We regret to inform you that the applications can't be moved to the SD card, as the default storage is phone storage. 

Pooja
OPPO Care",
2076764,172013,Mon Oct 09 06:29:22 +0000 2017,"@OPPOCareIN @131023 colorOS is still running 3.0 on Android 6..any plan to upgrade to Android 7 and colorOS 3.1??
#OPPOA57 #",2076763,OPPOCareIN,Mon Oct 09 08:01:02 +0000 2017,"@172013 @131023 We regret to inform you that there is no formal notice for the update in OPPO A57. Please stay tuned with us for further info. 

Pooja",
2083333,616142,Thu Oct 26 23:23:42 +0000 2017,@OPPOCareIN when will we get os update for oppo a39? Other oppo have already got marshmallow. This lolipop is so old,2083332,OPPOCareIN,Fri Oct 27 04:25:53 +0000 2017,"@616142 Dear Ricky, please help us with your location so that we can assist you in a better way.
Rishi",
2083334,616142,Sat Oct 28 00:53:19 +0000 2017,"@OPPOCareIN I am from Surabaya, Indonesia",2092815,OPPOCareIN,Sat Oct 28 05:25:16 +0000 2017,"@616142 Please contact customer support of Indonesia. Kindly visit the link ""https://t.co/nJfZXwKrek"" for better help regarding the update.
Rishi",
2092516,618370,Wed Nov 08 15:18:25 +0000 2017,"@OPPOCareIN Thanks ab thik hai 
And thanks for reply 
Super service for Oppo 👍👍👍",2092518,OPPOCareIN,Thu Nov 09 04:27:25 +0000 2017,@618370 It's our pleasure to assist you. Please let us know for any further assistance. ☺️,
2092517,618370,Tue Nov 07 13:31:27 +0000 2017,"@131023 
Hello sir what is this can you slove this problum a57
Plz reply https://t.co/EVYyrptel8",2092515,OPPOCareIN,Wed Nov 08 07:45:22 +0000 2017,"@618370 Please follow the step to resolve the issue.
1- Setting&gt; Additional settings &gt; App managment &gt; All &gt; Download Manager &gt; Force stop.

Rishi",2092516
2092520,618371,Tue Nov 07 16:17:26 +0000 2017,@618372 @131023 @120319 What's the battery power for 6 gb ram mobile,2092519,OPPOCareIN,Wed Nov 08 06:39:56 +0000 2017,"@618371 We would like to inform you that OPPO F5 comes with 3200mAh battery.

Rishi",
2092526,618373,Tue Nov 07 16:41:15 +0000 2017,"@131023 #OPPOF5 #CaptureTheRealYou

Using OPPOF1s since a year and havent faced any problem with the phone... 😇 dats y i love oppo😍😍",2092524,OPPOCareIN,Wed Nov 08 06:28:55 +0000 2017,"@618373 Thank you for sharing your experience with us. Have a great day ahead. 
Rishi",2092525
2092529,303680,Tue Nov 07 13:36:01 +0000 2017,@166145 So silly @OPPOCareIN just tell me the reason.,2092528,OPPOCareIN,Wed Nov 08 04:22:44 +0000 2017,"@303680 Dear Mohd, we regret the inconvenience caused. Kindly reach us out in DM so that we can assist you in a better way.

Shivam",
2092532,618374,Tue Nov 07 12:38:12 +0000 2017,"OPPO F3 Comes with software issues within 20days of purchase caution for F3 Buyrs and Users. 
Personal experience",2092531,OPPOCareIN,Tue Nov 07 12:49:47 +0000 2017,"@618374 Dear Priyanshu, we apologize for the inconvenience caused. Please visit our SC for better the assistance regarding same.",
2092534,618375,Tue Nov 07 11:57:10 +0000 2017,@OPPOCareIN But warranty period of my phon is over..,2092533,OPPOCareIN,Tue Nov 07 12:29:46 +0000 2017,"@618375 Dear Rohit, we would request you to reach out to us in DM so that we can assist you in a better way.",
2092536,618375,Tue Nov 07 08:31:19 +0000 2017,@OPPOCareIN I have taken screenshot of my phon one msg showing in black colour box may I know what is this..Why this showing..Plz help https://t.co/mgSZYChqic,2092535,OPPOCareIN,Tue Nov 07 10:42:09 +0000 2017,"@618375 That's unusual. Please reach out to us in DM so that we can assist you further.

Rishi",2092534
2092538,618376,Tue Nov 07 10:24:50 +0000 2017,"@OPPOCareIN So basically, no software guarantee even on a Rs. 30K phone. That's a shame.",2092537,OPPOCareIN,Tue Nov 07 11:29:47 +0000 2017,"@618376 At OPPO, we always strive for customer satisfaction. We have forwarded your feedback to our concerned team.",
2092540,618376,Tue Nov 07 10:07:42 +0000 2017,@131023 Any words on Nougat or Oreo update for the Oppo F3 Plus smartphone?,2092539,OPPOCareIN,Tue Nov 07 10:23:41 +0000 2017,@618376 Once the Android update is available for F3+ you'll be notified through our social media pages. Stay tuned. https://t.co/8mhSebgBFk,2092538
2092543,618377,Tue Nov 07 06:29:18 +0000 2017,@618379 @131023 @179 Explain please what is the tech here and how is the AI technology impressive ? ;),2092541,OPPOCareIN,Tue Nov 07 06:39:06 +0000 2017,"@618377 Please reach out to us in DM so that we can assist you regarding features and specs of OPPO F5.
Rishi",2092542
2092553,230836,Tue Nov 07 06:05:14 +0000 2017,"@OPPOCareIN 
Nougat for oppof3 plus?",2092551,OPPOCareIN,Tue Nov 07 06:17:02 +0000 2017,"@230836 You'll be notified through our social media pages when the Nougat update is available for F3Plus. Stay tuned. https://t.co/8mhSebgBFk 
Rishi",2092552
2092555,230836,Tue Nov 07 05:57:32 +0000 2017,"@131023 
Waiting for nougat update in oppof3plus and expecting face recognition.",2092554,OPPOCareIN,Tue Nov 07 06:12:09 +0000 2017,"@230836 @131023 Moreover, we want to inform you that OPPO F3 Plus doesn't have Face recognition feature. 

Rishi (2/2)",
2092555,230836,Tue Nov 07 05:57:32 +0000 2017,"@131023 
Waiting for nougat update in oppof3plus and expecting face recognition.",2092556,OPPOCareIN,Tue Nov 07 06:11:45 +0000 2017,@230836 Once Nougat update is available you will be notified through our social media pages https://t.co/8mhSebgBFk. (1/2),
2092558,618380,Tue Nov 07 04:47:58 +0000 2017,@OPPOCareIN update Oppo3 nugat Virson,2092557,OPPOCareIN,Tue Nov 07 05:24:22 +0000 2017,"@618380 Please help us with your device name so that we can assist you further regarding the update.

Rishi",
2092561,618381,Mon Nov 06 22:25:30 +0000 2017,@131023 when will u release an update for OppoF3+? World is on android 7 but u make us to stay on 6. What's going with u guys.,2092559,OPPOCareIN,Tue Nov 07 05:12:11 +0000 2017,@618381 We will notify you through our social media pages when Nougat update is available for F3 Plus. Please stay tuned. https://t.co/8mhSebgBFk,2092560
2092563,618382,Mon Nov 06 23:19:48 +0000 2017,"@131023 
When will oppo f1s get upgrade to android 7.0??",2092562,OPPOCareIN,Tue Nov 07 04:44:13 +0000 2017,@618382 You'll be notified through our social media pages once the Nougat update is available for F1s.  Please stay tuned. https://t.co/8mhSebgBFk,
2092565,618383,Mon Nov 06 12:31:35 +0000 2017,@131023 Aligarh service center special thnxxx to a valued employees(varsha and saima) thnxx to Aligarh service center,2092564,OPPOCareIN,Mon Nov 06 12:33:17 +0000 2017,"@618383 Thank you for sharing your valuable feedback with us.  ☺️

Rishi",
2092567,618384,Mon Nov 06 11:40:52 +0000 2017,@OPPOCareIN We want ota update,2092566,OPPOCareIN,Mon Nov 06 11:53:31 +0000 2017,"@618384 Currently, update is only available in SC. Hence we request you to get your device updated from there. However, we have taken your feedback.",
2092569,618384,Mon Nov 06 11:28:34 +0000 2017,@131023 hey you guys don't have time for f1s Android m update ?? Fake promise all time,2092568,OPPOCareIN,Mon Nov 06 11:38:25 +0000 2017,@618384 Marshmallow update for F1s is available in our authorized SC. Please take the backup of files before visiting SC. https://t.co/O6WrskCYxR,2092567
2092571,190898,Fri Nov 03 04:47:13 +0000 2017,"The way my oppo phone hangs, heats &amp; crashes. I'll never buy a oppo phone in my lyftym.@131023 . thought I've given for service too",2092570,OPPOCareIN,Sat Nov 04 04:51:53 +0000 2017,"@190898 We haven't received any information from your side. Please reach out to us in DM so that we can assist you further.
Rishi",
2092573,618385,Mon Nov 06 06:56:00 +0000 2017,"@131023  Hello Oppo India Team , Can You Help Me To Resolve My Oppo F3S Contact Merge Issue??",2092572,OPPOCareIN,Mon Nov 06 09:10:54 +0000 2017,"@618385 Dear Mehul, we'll be more than glad to assist you. Please reach out to us in DM so that we can help you in a better way.
Rishi",
2092575,571797,Sat Nov 04 10:59:38 +0000 2017,@OPPOCareIN Where is ur dm,2092576,OPPOCareIN,Sat Nov 04 11:09:03 +0000 2017,@571797 There is a message option in our page. Please reach out to us through that option.,
2092575,571797,Sat Nov 04 10:59:38 +0000 2017,@OPPOCareIN Where is ur dm,2092574,OPPOCareIN,Mon Nov 06 05:45:09 +0000 2017,"@571797 Dear Gaurav, we haven't received any message from your side. Please reach out to us in DM so that we can assist you in a better way.",
2092575,571797,Sat Nov 04 10:59:38 +0000 2017,@OPPOCareIN Where is ur dm,2092577,OPPOCareIN,Thu Nov 09 07:25:42 +0000 2017,"@571797 Dear Gaurav, we haven't received any message from your side. Please reach out to us in DM so that we can assist you further.",
2092579,618386,Fri Nov 03 15:13:40 +0000 2017,"Just bought a new @166145 F3 mobile. VERY unsatisfied and sad as the phone is nice , but the quality of the back is Very bad @131023",2092578,OPPOCareIN,Sat Nov 04 04:34:49 +0000 2017,"@618386 That's not the experience we want you to have. Please reach out to us in DM so that we can look into it.

Rishi
OPPO Care",
2092584,172846,Sun Nov 05 06:53:50 +0000 2017,@OPPOCareIN oppo f5 had got nought update when does oppo f3 &amp; plus gets,2092583,OPPOCareIN,Mon Nov 06 04:18:10 +0000 2017,@172846 We'll notify you through our social media pages when the Nougat update is available for F3 &amp; F3+. Please stay tuned. https://t.co/8mhSebgBFk,
2092586,618387,Mon Nov 06 00:38:34 +0000 2017,@OPPOCareIN  any nougat update for the oppo a57,2092585,OPPOCareIN,Mon Nov 06 04:13:57 +0000 2017,@618387 You'll be notified through our social media pages once the Nougat update is available for A57.  Please stay tuned. https://t.co/8mhSebgBFk,
2092589,181895,Sun Nov 05 18:11:42 +0000 2017,@131023 @OPPOCareIN can't deal with consumers demand started their paid goons to deal with consumers. https://t.co/Uya4Qf6rfM,2092587,OPPOCareIN,Mon Nov 06 04:08:32 +0000 2017,"@181895 Dear Ashutosh, we apologize for the inconvenience caused. We request you to give us some time as our team is investigating on it.
Rishi",2092588
2092593,618389,Fri Nov 03 17:22:37 +0000 2017,@OPPOCareIN video doesn't record voice while recording on Oppo F3. Please help. Recording only audio is completely fine,2092592,OPPOCareIN,Sat Nov 04 04:09:08 +0000 2017,"@618389 That's completely odd. Please reach out to us in DM so that we can look into it.

Rishi",
2092598,618390,Fri Nov 03 09:44:30 +0000 2017,"@131023 @618379 @179 we would request you to support our campaign ""ride for soldiers:charity and awareness about paraplegic""",2092597,OPPOCareIN,Fri Nov 03 12:31:33 +0000 2017,"@618390 Thank you for reaching out to us. Please share your proposal at __email__.

Rishi",
2092605,618392,Fri Nov 03 10:00:32 +0000 2017,@OPPOCareIN Ok but plz give update soon as possible,2092604,OPPOCareIN,Fri Nov 03 10:10:54 +0000 2017,@618392 Sure.,
2092607,618392,Fri Nov 03 02:29:58 +0000 2017,@OPPOCareIN Need color os 3.2 or 3.1,2092606,OPPOCareIN,Fri Nov 03 04:31:40 +0000 2017,"@618392 At OPPO, we always strive for customer satisfaction. We have forwarded your feedback to our concerned team.",2092605
2092608,618392,Fri Nov 03 02:28:04 +0000 2017,@OPPOCareIN When oppo a57 get color os update need information soon #coloros,2092609,OPPOCareIN,Fri Nov 03 04:25:40 +0000 2017,"@618392 We'll notify you through our social media pages when ColorOS 3.1 is available for OPPO A57. https://t.co/8mhSebgBFk 

Rishi",
2092610,571207,Fri Nov 03 02:36:55 +0000 2017,"@618392 @OPPOCareIN Don't expect updates from @OPPOCareIN @131023 , Always provide older software version to customer,",2092617,OPPOCareIN,Fri Nov 03 04:40:35 +0000 2017,"@571207 It's sad to know that you felt like that. Please reach out to us in DM so that we can look into it. 

Rishi",2092618
2092614,618393,Fri Nov 03 05:01:01 +0000 2017,"@131023 i want to promote oppo on all my social media sites.
Plz let me know how..?",2092613,OPPOCareIN,Fri Nov 03 05:48:41 +0000 2017,"@618393 @131023 Please share your proposal at __email__.

Rishi",
2092624,618394,Thu Nov 02 16:55:33 +0000 2017,@OPPOCareIN I recommend to not purchase any Oppo divise due to their service &amp; every model handset got heat.,2092623,OPPOCareIN,Fri Nov 03 04:18:03 +0000 2017,"@618394 That's odd to hear. Please reach out to us in DM so that we can assist you in resolving the issue.

Rishi",
2092629,618374,Thu Nov 02 12:23:09 +0000 2017,@131023 I think I was wrong that I have again trusted Chinese company after one year......,2092628,OPPOCareIN,Thu Nov 02 12:31:24 +0000 2017,"@618374 That's not the experience we want you to have. Please reach out to us in DM so that we can assist you in a better way.

Rishi",
2092631,618396,Thu Nov 02 11:39:16 +0000 2017,ini resmi min @166145 @59926 @OPPOCareIN https://t.co/Jreig6o4CI,2092630,OPPOCareIN,Thu Nov 02 11:53:41 +0000 2017,"@618396 Please contact OPPO Care Indonesia. Kindly go through the link https://t.co/nJfZXwKrek for customer care details.

Rishi",
2092635,181708,Thu Nov 02 04:59:53 +0000 2017,@OPPOCareIN Please explain this. It already November. Simply don't fool us https://t.co/21tpMfGlNp,2092632,OPPOCareIN,Thu Nov 02 05:16:44 +0000 2017,"@181708 Dear Navi, we apologize for the miscommunication. Once it is available you'll be notified through our social media pages.
Rishi","2092633,2092634"
2092637,181708,Wed Nov 01 13:22:53 +0000 2017,@OPPOCareIN When is Marshmallow update for F1 Plus?,2092636,OPPOCareIN,Thu Nov 02 04:25:44 +0000 2017,"@181708 Dear Navi, you will be notified via our social media page when Marshmallow update will available for F1 Plus. https://t.co/Rrjo0fSdR6 
Rishi",2092635
2092639,607495,Wed Nov 01 18:02:55 +0000 2017,@OPPOCareIN when would we be getting Android 7.0 update for oppo F1s,2092638,OPPOCareIN,Thu Nov 02 04:18:14 +0000 2017,"@607495 Dear Neeraj, you will be notified via our social media page when Naugat update will be available for F1s. https://t.co/Rrjo0fSdR6  
Rishi",
2092640,646994,Thu Nov 09 13:29:17 +0000 2017,@607495 @OPPOCareIN Plzzz give some new features @OPPOCareIN  plzzz,2214043,OPPOCareIN,Fri Nov 10 03:55:14 +0000 2017,"@646994 Kindly help us with your device name via DM so that we can assist you in a better way.

Rishi",
2092642,618394,Wed Nov 01 01:33:37 +0000 2017,"@OPPOCareIN Dear, avAilable 9421946865",2092641,OPPOCareIN,Wed Nov 01 05:52:45 +0000 2017,"@618394 As per our telephonic conversation, we request you to visit our service centre for better help regarding the front camera malfunction.
Rishi",
2092642,618394,Wed Nov 01 01:33:37 +0000 2017,"@OPPOCareIN Dear, avAilable 9421946865",2092643,OPPOCareIN,Wed Nov 01 04:17:26 +0000 2017,@618394 Our team will get in touch with you soon.,
2092645,618394,Mon Oct 30 10:24:45 +0000 2017,@OPPOCareIN Plz ask him for contact @83872,2092644,OPPOCareIN,Mon Oct 30 10:42:07 +0000 2017,"@618394 Our team tried contacting you but unable to establish contact. Please share a convenient time so we could get in touch with you.
Rishi",2092642
2092647,618394,Sat Oct 28 17:30:32 +0000 2017,@OPPOCareIN I've f37 bought on 14012017 front camera has being no work from may &amp; service center take it for only software update for 5-7day,2092646,OPPOCareIN,Mon Oct 30 04:38:45 +0000 2017,"@618394 We regret the inconvenience caused. Let's gather some information to assist you further. Kindly reach out us to DM.
Rishi",2092645
2092650,618372,Wed Nov 01 04:23:24 +0000 2017,@131023 I have oppo f1s,2092648,OPPOCareIN,Wed Nov 01 05:25:25 +0000 2017,"@618372 @131023 Hi Siddharth, how can we help you?
Rishi",2092649
2092736,618421,Wed Nov 01 05:01:18 +0000 2017,@OPPOCareIN Which phones r going to get oreo and when,2092734,OPPOCareIN,Wed Nov 01 05:05:01 +0000 2017,"@618421 Currently there is no formal notice about OREO update in OPPO phones. Please stay tuned to our pages for further info. regarding same.
Rishi",2092735
2092738,618421,Wed Nov 01 04:35:24 +0000 2017,@131023 9892044046,2092737,OPPOCareIN,Wed Nov 01 05:00:24 +0000 2017,"@618421 Please DM us your concern so that we can assist you in a better way.
Rishi",2092736
2092740,618422,Tue Oct 31 16:14:36 +0000 2017,@OPPOCareIN @618423 When update mRshmallow for oppo f1s,2092739,OPPOCareIN,Wed Nov 01 04:09:54 +0000 2017,"@618422 Marshmallow for F1S is released &amp; it's available in our SC https://t.co/O6WrskCYxR. Take a complete backup of data before visiting SC.
Rishi",
2092742,618423,Mon Oct 30 16:50:32 +0000 2017,@OPPOCareIN So i have to go Service Centre?  For updation?,2092762,OPPOCareIN,Tue Oct 31 04:07:55 +0000 2017,"@618423 In order to upgrade your device android version, you have to visit our service centre. Kindly take backup of files before visiting our SC.",2092761
2092743,618423,Sun Oct 29 18:28:03 +0000 2017,@131023 @166145 m using F1S nov of 22 in 2016 nd there are no latest update in android version where other users using Android 'ORIO' https://t.co/o9vgu7xb6U,2092741,OPPOCareIN,Mon Oct 30 06:32:20 +0000 2017,"@618423 We have recently launched the Marshmallow update for F1s. Please update your device from your nearest SC. https://t.co/O6WrskCYxR 
Rishi","2092740,2092742"
2092745,618424,Tue Oct 31 10:41:08 +0000 2017,@OPPOCareIN @131023 Am disappointed to say am an oppo user ...,2092744,OPPOCareIN,Tue Oct 31 11:10:20 +0000 2017,@618424 We appreciate the feedback received from our user on how to better our services. We have shared it your our team for further review.,
2092751,618424,Tue Oct 31 08:27:01 +0000 2017,@131023 hello,2092746,OPPOCareIN,Tue Oct 31 10:33:47 +0000 2017,"@618424 @131023 Hi Akhils, how can we assist you? 
Rishi","2092747,2092748,2092749,2092745,2092750"
2092754,618425,Tue Oct 31 08:32:01 +0000 2017,@131023 i visit Srinagar oppo service centre  one of the best service center ever and i think they take handset but they give me service in 30,2092753,OPPOCareIN,Tue Oct 31 10:29:07 +0000 2017,"@618425 @131023 Thank you for sharing your feedback. Please elaborate us your feedback in DM so that we can forward it to our team.
Rishi",
2092757,618426,Tue Oct 31 09:38:44 +0000 2017,"@131023 @79141 Looking to raise your market and brand in Hyderabad,Our expo helps u in reaching that, support our Mega Expo for more contact 9030125673/4,",2092756,OPPOCareIN,Tue Oct 31 10:21:01 +0000 2017,@618426 Please mail us your proposal at __email__.,
2092761,618423,Tue Oct 31 09:19:51 +0000 2017,"@OPPOCareIN R u sure? My mobile will update?
If yes, i'll go there",2092759,OPPOCareIN,Tue Oct 31 09:30:15 +0000 2017,@618423 Your device will be upgraded to Marshmallow from our SC. You can find your nearest SC from given link. https://t.co/O6WrskCYxR,2092760
2092764,618427,Tue Oct 31 06:31:36 +0000 2017,@OPPOCareIN I think that I'm not find a hob in oppo,2092763,OPPOCareIN,Tue Oct 31 07:51:58 +0000 2017,@618427 As conveyed to you earlier our team will contact you when there will be any suitable opening as per your profile.,
2092766,618427,Tue Oct 31 06:26:04 +0000 2017,@OPPOCareIN I had mailed it but there is no response,2092765,OPPOCareIN,Tue Oct 31 06:30:38 +0000 2017,@618427 Thank you for emailing us your resume. Our team will get back to you as per the suitable opening regarding your profile.,2092764
2092768,618427,Mon Oct 30 23:52:59 +0000 2017,@166145 @131023 Sir want to job in oppo mobile please do something as early as possible,2092767,OPPOCareIN,Tue Oct 31 06:18:33 +0000 2017,"@618427 Please send us your resume at __email__ and we will get back to you in case there is a suitable opening as per your profile.
Rishi",2092766
2092771,618428,Sun Oct 29 08:24:13 +0000 2017,"Oppo F5 Overview and Specifications https://t.co/fgV3QFp2Pf
#OPPOF5 
@166145 
@OPPOCareIN 
@131023 
@40421 
@40420",2092769,OPPOCareIN,Mon Oct 30 12:47:25 +0000 2017,@618428 Information about specs of OPPO F5 will be going to be revealed after the launch which is going to be on 2nd Nov. #StayTuned,2092770
2092773,618429,Mon Oct 30 07:31:50 +0000 2017,@131023 https://t.co/hyKTtlAGIe,2092772,OPPOCareIN,Mon Oct 30 12:27:19 +0000 2017,"@618429 Hi Partha, how can we assist you?
Rishi",
2092775,618430,Mon Oct 30 11:51:43 +0000 2017,Dear @131023 you still haven't fix my problem,2092774,OPPOCareIN,Mon Oct 30 12:01:17 +0000 2017,"@618430 Dear Kamal, we regret your experience. Please reach out to us in DM so that we can assist you in a better way.
Rishi",
2092777,618431,Mon Oct 30 10:41:55 +0000 2017,@131023 @179 never buy OPPO mobiles yesterday..One phone burst in pocket of my friend and he is in hospital.,2092776,OPPOCareIN,Mon Oct 30 11:51:33 +0000 2017,"@618431 Dear Shrey, we regret the experience. Please help us with your contact details so that we can look into the issue.
Rishi",
2092779,369129,Mon Oct 30 07:11:39 +0000 2017,@131023 @179 You Can exchange Oppo F3 Plus to Oppo F5,2092783,OPPOCareIN,Mon Oct 30 07:23:49 +0000 2017,"@369129 We would like to inform you that currently there is no exchange offer in OPPO phones.
Rishi",
2092781,618432,Mon Oct 30 08:41:32 +0000 2017,"@OPPOCareIN Hello,
I recently bought oppo f3 plus ,phone hardware is great ,but I see some problems in camera software ,blur in front 1/2",2092780,OPPOCareIN,Mon Oct 30 08:50:55 +0000 2017,"@618432 Dear Gagan, we regret your experience. Please reach out to us in DM so that we can assist you in a  better way.
Rishi",
2092786,618433,Mon Oct 30 03:34:14 +0000 2017,@131023 Something is wrong wid the new update of software.. Phone's sound gets minimised automatically. #A37,2092784,OPPOCareIN,Mon Oct 30 06:24:48 +0000 2017,"@618433 We regret your experience. Please reach out to us in DM so that we can assist you in a better way.
Rishi",2092785
2092788,618434,Mon Oct 30 06:08:32 +0000 2017,My @131023  phone is not working and has turned out to be a disgust.,2092787,OPPOCareIN,Mon Oct 30 06:15:05 +0000 2017,"@618434 That's not the experience we want you to have. Please reach out to us in DM so that we can assist you in a better way.
Rishi",
2092790,618435,Sun Oct 29 00:24:44 +0000 2017,"@131023 @OPPOCareIN Hi Team, Plz share the status of Oppo F3 OS upgrade i.e. Android 6 to Android 7",2092789,OPPOCareIN,Mon Oct 30 04:44:18 +0000 2017,"@618435 Dear Neeraj, you will be notified via our social media page when Naugat update will be available for F3. https://t.co/Rrjo0fSdR6  
Rishi",
2092793,403007,Sat Oct 28 16:40:45 +0000 2017,@OPPOCareIN My a37 starts hanging much after today's latest update! What is this?,2092792,OPPOCareIN,Mon Oct 30 04:29:50 +0000 2017,"@403007 We regret your experience. Please reach out to us in DM so that we can assist you in a better way.
Rishi",
2092795,539281,Sat Oct 28 11:41:34 +0000 2017,@OPPOCareIN Team when you will forward my request please check DM.,2092794,OPPOCareIN,Mon Oct 30 04:25:47 +0000 2017,"@539281 Dear Mak, we want to inform you that our team will get in touch with you regarding the information about the sample devices. 
Rishi",
2092803,267536,Sat Oct 28 08:52:14 +0000 2017,"Unable to delete any contact from contact list of @131023  F1S phone, very weak battery and take 3 mins to find a contact.",2092802,OPPOCareIN,Sat Oct 28 10:47:48 +0000 2017,"@267536 Dear Ashish, we regret your experience. Please reach out to us in DM so that we can assist you in a better way.
Rishi",
2092806,618438,Fri Oct 27 19:34:32 +0000 2017,"@131023 Thank you. ...
Now I'm  using  oppo F1S.. 
And
Oppo F3 ...
Good quality of ohone u have..  I like..",2092804,OPPOCareIN,Sat Oct 28 06:40:00 +0000 2017,"@618438 Dear Shakir, we are glad to know that you liked it. Have a great day ahead. 😀
Rishi",2092805
2092809,618439,Sat Oct 28 05:43:32 +0000 2017,"@OPPOCareIN min, kalau beli hedset ori oppo brp ya? Di gerai opponya langsung?",2092808,OPPOCareIN,Sat Oct 28 06:03:52 +0000 2017,"@618439 Dear Fiera, thank you for reaching out to us. Please help us with your location so that we can assist you in a better way.
Rishi",
2092811,618440,Fri Oct 27 12:11:33 +0000 2017,"@OPPOCareIN I m In Mumbai right now 
    Can u msg me the address pls",2092812,OPPOCareIN,Fri Oct 27 12:20:46 +0000 2017,@618440 We request you to follow us so that we can DM you the address.,
2092811,618440,Fri Oct 27 12:11:33 +0000 2017,"@OPPOCareIN I m In Mumbai right now 
    Can u msg me the address pls",2092810,OPPOCareIN,Sat Oct 28 05:34:36 +0000 2017,"@618440 We haven't received any DM from your side. Please reach out to us in DM so that we can assist you with the address. 
Rishi",
2092814,618440,Fri Oct 27 11:45:10 +0000 2017,"@OPPOCareIN some times flashlight doesn't work while using camera 
And while connecting charger it shows sign of connecting USB 2/2",2092813,OPPOCareIN,Fri Oct 27 12:10:21 +0000 2017,"@618440 Dear Avi, we regret your experience. Please reach out to us in DM so that we can assist you in a better way.
Rishi",2092811
2092820,OPPOCareIN,Fri Oct 27 11:46:29 +0000 2017,"@165092 @131023 Hi, Currently there is no formal notice about Nougat update in OPPO F3 Plus. To enhance the performance and improve the stability (1/2)",2092819,OPPOCareIN,Fri Oct 27 11:47:08 +0000 2017,"@165092 @131023 we provide regular ColorOS updates for our devices, like the one we recently released with Android Security patch updated to Oct 5, 2017(2/2",
2092821,165092,Sat Oct 21 13:10:00 +0000 2017,hey @131023 can you please address this concern??? https://t.co/ut6Nmszqa8,2092820,OPPOCareIN,Fri Oct 27 11:46:29 +0000 2017,"@165092 @131023 Hi, Currently there is no formal notice about Nougat update in OPPO F3 Plus. To enhance the performance and improve the stability (1/2)",2092819
2092824,618442,Fri Oct 27 11:22:30 +0000 2017,@OPPOCareIN Major thing is missing! 😭,2092822,OPPOCareIN,Fri Oct 27 11:41:02 +0000 2017,"@618442 Dear Swaroop, we have taken the due note of your feedback.",2092823
2092826,618442,Fri Oct 27 03:51:03 +0000 2017,"Dear @166145 / @131023 / @OPPOCareIN When you are planning to ""Blink"" the notification LED light in #OppoA37?   
#Mobile",2092825,OPPOCareIN,Fri Oct 27 11:21:05 +0000 2017,"@618442 We regret to inform you that it is not available in OPPO A37. 
Rishi",2092824
211628,166139,Wed Oct 04 09:59:33 +0000 2017,@OPPOCareIN Make a mistake by purchasing this horrible Chinese product with pathetic service. I will surely give your product a negative word of mouth!,211629,OPPOCareIN,Wed Oct 04 10:17:01 +0000 2017,"@166139 Dear Pseudo, as conveyed to you earlier you have to pay for the complete repair charges. (1/2)",
211628,166139,Wed Oct 04 09:59:33 +0000 2017,@OPPOCareIN Make a mistake by purchasing this horrible Chinese product with pathetic service. I will surely give your product a negative word of mouth!,211627,OPPOCareIN,Wed Oct 04 10:17:16 +0000 2017,"@166139 To know more about our warranty terms please follow the link. https://t.co/aAR0VTNLQH

Rishi
OPPO Care (2/2)",
211632,166139,Wed Oct 04 07:46:02 +0000 2017,"@131023 
Set was under warranty but service charge is not waived! Service Center said if it's broken then warranty period ends. 3/3",211630,OPPOCareIN,Wed Oct 04 09:26:32 +0000 2017,"@166139 moreover, OPPO F1s comes with combo screen which includes display also. 

Rishi
OPPO Care (2/2)","211631,211628"
211632,166139,Wed Oct 04 07:46:02 +0000 2017,"@131023 
Set was under warranty but service charge is not waived! Service Center said if it's broken then warranty period ends. 3/3",211633,OPPOCareIN,Wed Oct 04 09:25:48 +0000 2017,"@166139 Dear Pseudo, any kind of physical and liquid damage is considered as out of warranty hence repair charges will be applied, (1/2)",2045360
211635,166140,Tue Oct 03 07:30:05 +0000 2017,@OPPOCareIN Thanks for the quick response I purchase this phone @ Rs 27k now pricing at 18k requesting you to pls give me some discount on screen repair,211637,OPPOCareIN,Tue Oct 03 15:47:32 +0000 2017,"@166140 We would like to inform you that you are only charged the cost of repair from the service centre which can't  be wave of.

Rishi
OPPO Care",
211636,166140,Tue Oct 03 06:35:32 +0000 2017,@131023 Dear oppo I am feeling very sad that my beautiful oppof1plus screen got damaged today pls Help 😢😢,211638,OPPOCareIN,Tue Oct 03 07:00:28 +0000 2017,@166140 We are sorry to know that. Please get your device checked from your nearest service centre https://t.co/CV19z2qTA4.  (1/2),
211636,166140,Tue Oct 03 06:35:32 +0000 2017,@131023 Dear oppo I am feeling very sad that my beautiful oppof1plus screen got damaged today pls Help 😢😢,211634,OPPOCareIN,Tue Oct 03 07:00:50 +0000 2017,"@166140 Moreover, repair charges will apply as physical damage comes out of warranty.

Rishi
OPPO Care (2/2)",211635
211640,166141,Mon Oct 02 19:42:19 +0000 2017,@131023 You should provide on software update not in any service center because it will takes lot of time to do,211639,OPPOCareIN,Tue Oct 03 04:52:03 +0000 2017,"@166141 Dear Shubham, we have taken due note of your feedback and we'll look into the possibility.

Rishi
OPPO Care",
211645,166142,Tue Oct 03 03:32:38 +0000 2017,"@131023 
 where is android marshallo update OPPO f1s 4GB ram",211643,OPPOCareIN,Tue Oct 03 04:38:22 +0000 2017,"@166142 You can upgrade Android version from your nearest OPPO authorized service centre.  https://t.co/CV19z2qTA4 

Rishi
OPPO Care",211644
211647,166144,Mon Oct 02 07:38:20 +0000 2017,@131023 @166145 @131023  You get a reply from Oppo to stay tunned on social media pages. But no official date revealed for future update.,211646,OPPOCareIN,Mon Oct 02 09:07:28 +0000 2017,"@166144 for OPPO F3 Plus like we recently announced for OPPO F1s. 
https://t.co/Rrjo0g9OIE

Rishi
OPPO Care (2/2)",
211647,166144,Mon Oct 02 07:38:20 +0000 2017,@131023 @166145 @131023  You get a reply from Oppo to stay tunned on social media pages. But no official date revealed for future update.,211648,OPPOCareIN,Mon Oct 02 09:07:05 +0000 2017,"@166144 We are sorry if you feel that way. We have another page, i.e. OPPO Care India, where we will announce when Android update is released (1/2)",
211652,166146,Mon Oct 02 08:31:47 +0000 2017,"@OPPOCareIN Almost my mobile warranty is completed on 1st october,  do we need to pay again for this service",211650,OPPOCareIN,Mon Oct 02 09:00:09 +0000 2017,"@166146 You won't be charged to update your device. 😀

Rishi 
OPPO Care",211651
211654,166146,Mon Oct 02 07:18:29 +0000 2017,"@131023 
We are fed up of waiting for android update in Oppo f1s

Oppo please take your phones back",211655,OPPOCareIN,Mon Oct 02 08:29:37 +0000 2017,@166146 Android Marshmallow update will be available for your device on 3/10/17. You can update your device from your nearest service centre. (1/2),
211654,166146,Mon Oct 02 07:18:29 +0000 2017,"@131023 
We are fed up of waiting for android update in Oppo f1s

Oppo please take your phones back",211653,OPPOCareIN,Mon Oct 02 08:30:23 +0000 2017,"@166146 You may find your nearest OPPO authorized service centre from given link https://t.co/CV19z29ibu 

Rishi 
OPPO Care (2/2)",211652
211672,OPPOCareIN,Sat Sep 30 10:59:57 +0000 2017,"@166148 We regret the inconvenience. Please follow these steps to resolve the battery issue of your device. 
1. Clear background applications. (1/3)",211674,OPPOCareIN,Sat Sep 30 11:00:26 +0000 2017,"@166148 2. Turn off functions such as mobile data, Wi-Fi, bluetooth and GPS when not in use.
3. Reduce the brightness of the screen. (2/3)",634789
211672,OPPOCareIN,Sat Sep 30 10:59:57 +0000 2017,"@166148 We regret the inconvenience. Please follow these steps to resolve the battery issue of your device. 
1. Clear background applications. (1/3)",211671,OPPOCareIN,Mon Oct 02 06:41:39 +0000 2017,"There is no problem in using GPS, Bluetooth Wifi and Data. We would suggest you turn them off when they are not in use.

Rishi 
OPPO Care",
211674,OPPOCareIN,Sat Sep 30 11:00:26 +0000 2017,"@166148 2. Turn off functions such as mobile data, Wi-Fi, bluetooth and GPS when not in use.
3. Reduce the brightness of the screen. (2/3)",634789,OPPOCareIN,Sat Sep 30 11:01:17 +0000 2017,"@166148 4. Reduce the screen off time to 15 or 30 seconds.
5. Make sure that your device is updated to latest version.

Divya
OPPO Care (3/3)",
211675,166148,Fri Sep 29 17:16:24 +0000 2017,"@131023 # upset 
#oppomobileindia 
I use oppo F1s. It is 9 month old or above. Charging is ending very quickly.why",211672,OPPOCareIN,Sat Sep 30 10:59:57 +0000 2017,"@166148 We regret the inconvenience. Please follow these steps to resolve the battery issue of your device. 
1. Clear background applications. (1/3)","211671,211673,211674"
211677,166149,Sun Oct 01 13:25:59 +0000 2017,@OPPOCareIN @166150 @166145 @131023 Update oppo f1s india,211679,OPPOCareIN,Mon Oct 02 05:52:27 +0000 2017,@166149 Android Marshmallow update will be available for your device on Tuesday. You can update your device from your nearest service centre.(1/3),
211677,166149,Sun Oct 01 13:25:59 +0000 2017,@OPPOCareIN @166150 @166145 @131023 Update oppo f1s india,211678,OPPOCareIN,Mon Oct 02 05:53:08 +0000 2017,"@166149 You may find the nearest service centre from given link https://t.co/CV19z29ibu 
Rishi 
OPPO Care (3/3)",
211677,166149,Sun Oct 01 13:25:59 +0000 2017,@OPPOCareIN @166150 @166145 @131023 Update oppo f1s india,211676,OPPOCareIN,Mon Oct 02 05:52:49 +0000 2017,"@166149 Moreover, you will receive a notification on your device if there any OTA update available on your device. (2/3)",
211681,166150,Mon Dec 19 09:25:50 +0000 2016,"@166145 @131023 hello.
I have one question about oppo f1s, the SIM of this device is working in Saudi Arabia ?.
Thanks 🙏🏻.",211680,OPPOCareIN,Mon Dec 19 11:29:51 +0000 2016,@166150 @166145 @131023 Kindly check the  frequency of the service provider weather they match with the freq of OPPO F1s.,211677
211685,166151,Mon Oct 02 05:39:33 +0000 2017,"@OPPOCareIN It is not physical damage,  it is mfg defect,  phone is bent",211687,OPPOCareIN,Mon Oct 02 08:17:17 +0000 2017,"@166151 We would request you to get your device checked from our service centre in this concern for the better assistance.

Rishi
OPPO Care","211688,211689,211690"
211686,166151,Sun Oct 01 13:33:04 +0000 2017,"@OPPOCareIN Still i am waiting for your reply,  everyday the bend is increasing",211706,OPPOCareIN,Mon Oct 02 05:38:23 +0000 2017,"@166151 Dear Narayanan, any kind of physical damage is out of warranty. (1/2)",
211686,166151,Sun Oct 01 13:33:04 +0000 2017,"@OPPOCareIN Still i am waiting for your reply,  everyday the bend is increasing",211683,OPPOCareIN,Mon Oct 02 05:38:35 +0000 2017,"@166151 To know more about our warranty terms please follow the given link. https://t.co/aAR0VTNLQH

Rishi 
OPPO Care (2/2)","211684,211685"
211688,166151,Mon Oct 02 08:18:28 +0000 2017,"@OPPOCareIN Ur customer care in lucknow is not accepting this,  they clearly mentioned it is mfg defect, contact HO",211691,OPPOCareIN,Tue Oct 03 07:31:43 +0000 2017,"@166151 We regret your experience. Please let us know your contact number so that our team can get in touch with you.

Rishi
OPPO Care",211692
211689,166151,Mon Oct 02 12:49:12 +0000 2017,"@OPPOCareIN Ur customer care says go to HO and u say go to customer care, playing football with me",211704,OPPOCareIN,Tue Oct 03 04:16:08 +0000 2017,"@166151 Dear Narayanan, please help us with your contact number so that our team can get in touch with you for better assistance.

Rishi
OPPO Care",
211690,166151,Mon Oct 02 08:20:04 +0000 2017,"@OPPOCareIN Few minutes before one of ur executive mentioned it is not covered under warranty, without understanding the issue",211705,OPPOCareIN,Tue Oct 03 06:27:12 +0000 2017,"@166151 We are waiting for your contact details. Please help us with the same so that we can assist you in a better way.

Rishi
OPPO Care",
211692,166151,Tue Oct 03 08:36:34 +0000 2017,@OPPOCareIN 9005911118,211693,OPPOCareIN,Tue Oct 03 08:39:40 +0000 2017,"@166151 Thank you for helping us with your contact number. Our team will get in touch with you for further assistance.

Rishi
OPPO Care","211694,211695"
211695,166151,Sun Oct 08 09:52:10 +0000 2017,"@OPPOCareIN Till date no reply on call,  once again pl call +994502549213",211696,OPPOCareIN,Mon Oct 09 12:22:03 +0000 2017,@166151 Our team tried contacting you however we were unable to establish contact. Please share a convenient time so we could get in touch with you.,211697
211697,166151,Mon Oct 09 14:20:29 +0000 2017,@OPPOCareIN Contact +994502549213. -   10 am,211698,OPPOCareIN,Tue Oct 10 05:16:41 +0000 2017,"@166151 Our team tried to contact you. However, we were unable to establish contact. Please share a suitable time to contact you.

Pooja
OPPO Care",211699
211699,166151,Tue Oct 10 14:49:17 +0000 2017,"@OPPOCareIN I was always available,  no calls came",211700,OPPOCareIN,Wed Oct 11 12:14:39 +0000 2017,@166151 Our team again tried to contact you. Your number wasn't answerable. Please share your convenient time so that we can contact you. (1/2),211701
211700,OPPOCareIN,Wed Oct 11 12:14:39 +0000 2017,@166151 Our team again tried to contact you. Your number wasn't answerable. Please share your convenient time so that we can contact you. (1/2),211701,OPPOCareIN,Wed Oct 11 12:15:22 +0000 2017,"@166151 Or you may also provide us any alternative contact number, so that we can get in touch with you.

Pooja
OPPO Care",211702
211702,166151,Thu Oct 12 07:01:27 +0000 2017,"@OPPOCareIN It is getting very ugly,  provide ur number i will call u",211703,OPPOCareIN,Fri Oct 13 09:01:20 +0000 2017,"@166151 Sorry for the delay in response. We would request you to contact our CS on 18001032777 for further assistance. 

Pooja
OPPO Care",
211709,166151,Sat Sep 30 10:16:04 +0000 2017,@OPPOCareIN My imei number https://t.co/v2S8uUzgkF,211707,OPPOCareIN,Sat Sep 30 10:37:51 +0000 2017,"@166151 Thanks for sharing the IMEI number. We'll escalate this to concerned team and get back to you when we have more information.
Divya
OPPO Care","211686,211708"
211711,166151,Sat Sep 30 09:51:26 +0000 2017,"@OPPOCareIN Thanks, i went to your customer care in lucknow,  they rejected ,  asked me to contact HO,  pl help me in replacing the same",211710,OPPOCareIN,Sat Sep 30 10:05:49 +0000 2017,"@166151 We regret the inconvenience caused. Please DM us the IMEI of your device so that we can check this with our relevant team. 

Divya
OPPO Care",211709
211713,166151,Sat Sep 30 05:33:25 +0000 2017,"@131023 
I purchased oppo f3 selfie,  now the phone is bent",211712,OPPOCareIN,Sat Sep 30 09:48:27 +0000 2017,"@166151 Sorry to know that. Please visit our SC for better help on this. You can find your nearest one here: https://t.co/CV19z29ibu
Divya
OPPO Care",211711
211715,166152,Sat Sep 30 08:05:20 +0000 2017,@131023 made short motivational stories for kids. And use it in advertisment.,211714,OPPOCareIN,Sat Sep 30 11:51:58 +0000 2017,"@166152 Thank you for sharing your valuable feedback with us. 😀

Rishi
OPPO Care",
211717,166153,Sat Sep 30 09:14:22 +0000 2017,@131023 Oppo a37 is best phone love you,211716,OPPOCareIN,Sat Sep 30 11:47:37 +0000 2017,"@166153 Hi Himanshu, thank you for sharing your love.  😍

Rishi 
OPPO Care",
211719,603723,Sat Sep 30 10:29:50 +0000 2017,@131023 Ur phone is not good,2041779,OPPOCareIN,Sat Sep 30 11:19:40 +0000 2017,"@603723 We're sorry to hear that. Could you please let us know the issue you are facing. We'll do our best to help you with it.

Divya
OPPO Care",
211721,166154,Sat Sep 30 11:01:31 +0000 2017,@131023 Best phone to use,211720,OPPOCareIN,Sat Sep 30 11:36:12 +0000 2017,"@166154 Thank you for your kind words.

Rishi 
OPPO Care",
211723,270508,Mon Oct 02 00:48:45 +0000 2017,@131023 Sir  Android 7 update F3 plus main kab aayega,634759,OPPOCareIN,Mon Oct 02 07:34:28 +0000 2017,"@270508 We'll announce on our social platform when the Android update will be launched for OPPOF3 plus. Please do stay tuned to it.
Rishi 
OPPO Care",634760
211724,166156,Fri Sep 29 13:36:19 +0000 2017,@131023 Is oppo r11 coming to India??? 🤤🤤🤤,211735,OPPOCareIN,Sat Sep 30 08:21:04 +0000 2017,"@166156 Hi Anoop! Keep a close eye on our social media pages. We'll announce it when OPPO R11 is launched in India. 😊

Divya
OPPO Care",
211725,171890,Wed Oct 04 15:23:51 +0000 2017,@131023 मुझे फोन लिये एक वर्ष भी नहीं हुये साउंड सिस्टम बंद हो गयी है ये सिर्फ लूट रहे हैं,234709,OPPOCareIN,Thu Oct 05 05:26:20 +0000 2017,"@171890 Dear Amarish, that is not the experience we want you to have. (1/2)",
211725,171890,Wed Oct 04 15:23:51 +0000 2017,@131023 मुझे फोन लिये एक वर्ष भी नहीं हुये साउंड सिस्टम बंद हो गयी है ये सिर्फ लूट रहे हैं,234708,OPPOCareIN,Thu Oct 05 05:26:34 +0000 2017,"@171890 We would request you to please visit our service centre for better help https://t.co/CV19z2qTA4 

Rishi 
OPPO Care (2/2)",
211726,604892,Thu Sep 28 17:25:46 +0000 2017,@131023 It's really waste phone because I also using Oppo F3 it's fully heating gaming time it so hang it's really waste phone,2045383,OPPOCareIN,Fri Sep 29 05:40:55 +0000 2017,"@604892 We're sorry about that. Please visit our Service Center to get your device checked. Our team will be sure to help you out.

Divya
OPPO Care",
211727,604905,Fri Sep 29 11:18:10 +0000 2017,@131023 When u give os update for oppo a57,2045424,OPPOCareIN,Sat Sep 30 09:42:09 +0000 2017,"@604905 Hi Hari! We'll announce it when Android update is released for OPPO A57. Stay tuned with us for latest updates.

Divya
OPPO Care",
211728,607797,Wed Sep 27 03:11:08 +0000 2017,@131023 I need to update my OPPO F1S,2055079,OPPOCareIN,Wed Sep 27 07:20:27 +0000 2017,"@607797 Hi! Please let us know the version of your device (Settings&gt; About Phone&gt; Version) so that we can help you in a better way.

Divya
OPPO Care",2055080
211732,166155,Sat Sep 30 06:43:46 +0000 2017,@131023 Price h f,211730,OPPOCareIN,Sat Sep 30 09:14:35 +0000 2017,"@166155 18,990/- INR. 😊

Divya
OPPO Care",211731
211734,648943,Sat Sep 23 03:44:06 +0000 2017,@131023 New android update for F1s...Pls reply,2221980,OPPOCareIN,Sat Sep 23 10:33:50 +0000 2017,"@648943 Hi! We've recently released Android Marshmallow update for F1s. Please visit https://t.co/2IQoRUgDyF to know more about it.

Divya
OPPO Care",2221977
211737,166157,Fri Sep 29 09:36:15 +0000 2017,"@OPPOCareIN Just make it happen
An Os Update for Oppo Neo7",211736,OPPOCareIN,Fri Sep 29 09:48:15 +0000 2017,"@166157 Your feedback has been duly noted. We'll be sure to pass it on to the relevant team.
 
Divya
OPPO Care",
211740,166157,Tue Sep 26 10:10:16 +0000 2017,@OPPOCareIN Launch Marshmallow for Oppo neo 7,211738,OPPOCareIN,Tue Sep 26 11:22:17 +0000 2017,"@166157 Hi Swapnil! Keep an eye on our social media pages. We'll announce it when Android Marshmallow is available for OPPO Neo 7. 

Divya
OPPO Care","211737,211739"
211743,174183,Sat Sep 16 04:11:43 +0000 2017,@OPPOCareIN Is this really stable #OPPOF1s,245056,OPPOCareIN,Sat Sep 16 05:16:50 +0000 2017,"@174183 Yes! It is the official release of Android Marshmallow for OPPO F1s. Please visit your nearest OPPO SC to get your device upgraded.

Divya",245055
211744,303680,Wed Oct 11 12:44:26 +0000 2017,@OPPOCareIN Please push OTA Update or give us the link.it is very difficult for people to visit service centre just to update a software.,769290,OPPOCareIN,Thu Oct 12 07:01:28 +0000 2017,"@303680 We regret to inform you that the update is only available at the service center. However, we are taking this as a feedback. 
Pooja
OPPO Care",
211747,166158,Fri Sep 29 06:22:52 +0000 2017,@131023 Cheated Us Oppo,211745,OPPOCareIN,Fri Sep 29 07:44:34 +0000 2017,"@166158 Would you like to DM us and we can continue our conversation there?

Divya
OPPO Care",211746
211750,166159,Thu Sep 28 00:48:16 +0000 2017,@131023 Hey oppo please update Oppo A57 version,211749,OPPOCareIN,Thu Sep 28 05:24:13 +0000 2017,"@166159 Hi Fahim! We've taken due note of your feedback. We'll be sure to forward it on the concerned team.

Divya
OPPO Care",
211752,166160,Thu Sep 28 04:34:04 +0000 2017,@OPPOCareIN Third party apps are used to make video call there are no direct  video call option in phone can new update fix this,211751,OPPOCareIN,Thu Sep 28 04:44:29 +0000 2017,"@166160 Hi Mahim! We'll be sure to pass on your feedback to the concerned team.

Divya
OPPO Care",
211754,166160,Mon Sep 25 11:30:48 +0000 2017,@131023 i have oppo F1f phone when i get update of color OS and android,211753,OPPOCareIN,Tue Sep 26 06:51:51 +0000 2017,"@166160 Hi Mahim! Your device will receive a notification when a new update is released for OPPO F1. Stay tuned for latest updates.

Divya
OPPO Care",211752
2155818,633364,Wed Nov 08 12:25:05 +0000 2017,@OPPOCareIN Hi Rishi I already shared my concern on that mail id but no one contacted yet. Kindly contact at 7503509836,2155816,OPPOCareIN,Wed Nov 08 12:37:56 +0000 2017,"@633364 Dear Prince, you'll be contacted by our team as per the requirement.",2155817
2155820,633364,Wed Nov 08 11:54:13 +0000 2017,@131023 I am a mobile dealer.wants to sell oppo phones.can someone pls call me,2155819,OPPOCareIN,Wed Nov 08 12:03:55 +0000 2017,"@633364 Thank you for reaching out to us. Kindly share your proposal at ""__email__"".

Rishi",2155818
2155822,227568,Wed Nov 08 10:30:58 +0000 2017,@131023.  Loving this oppo camera phone grt features with a great camera quality thnk u team @131023 For providing us this type of phones,2155821,OPPOCareIN,Wed Nov 08 11:01:56 +0000 2017,"@227568 Thank you for your loving words. Have a great day ahead.

Rishi",
2162926,635070,Thu Nov 09 06:49:12 +0000 2017,@OPPOCareIN Now i am using oppo f3,2162925,OPPOCareIN,Thu Nov 09 07:00:11 +0000 2017,"@635070 Please let us know your exact concern so that we can assist you in a better way.

Rishi",
2162928,635070,Thu Nov 09 04:52:12 +0000 2017,@131023 oppo F5,2162927,OPPOCareIN,Thu Nov 09 05:42:14 +0000 2017,"@635070 Dear Vinayak, how can we assist you regarding OPPO F5?

Rishi",2162926
2162930,635071,Fri Nov 10 05:24:13 +0000 2017,@OPPOCareIN Why you shouldn't add Snapdragon 625 to it...It is far better than MT6763T....,2162932,OPPOCareIN,Fri Nov 10 06:37:39 +0000 2017,@635071 We want to inform you that  MT6763T processor comprises all operations(speedy surfing to continuous chats and eager gaming) smoothly. The energy-saving microprocessor energizes the smartphone experience. Its Octa-Core CPU boosts the function performance up to 40%.,
2162931,635071,Thu Nov 09 06:46:35 +0000 2017,@131023 Please give good processor in such a expensive phone,2162929,OPPOCareIN,Thu Nov 09 06:55:26 +0000 2017,"@635071 We would like to inform you that it is already packed with a powerful  MT6763T (Octa-core 2.5 GHZ) processor.

Rishi",2162930
2162934,635073,Thu Nov 09 00:47:37 +0000 2017,@131023 Very difficult to search contacts in oppo,2162939,OPPOCareIN,Thu Nov 09 06:01:02 +0000 2017,"@635073 We regret your experience. Please reach out to us in DM so that we can assist you further.
Rishi",2162940
2162935,636679,Thu Nov 09 02:26:25 +0000 2017,@131023 OPPO making always 100% satisfaction smartphone.,2170363,OPPOCareIN,Thu Nov 09 05:49:52 +0000 2017,"@636679 Dear Siddharth, thank you for your kind words. Have a great day ahead.
Rishi",
2162937,635072,Thu Nov 09 01:54:22 +0000 2017,"@131023 Oppo A57 model.
fix it as soon as possible",2162936,OPPOCareIN,Thu Nov 09 06:26:06 +0000 2017,"@635072 We regret your experience. Please reach out to us in DM so that we can assist you further.

Rishi",
2162940,635073,Sun Nov 12 13:05:27 +0000 2017,@OPPOCareIN Dm means what,2162941,OPPOCareIN,Mon Nov 13 04:28:02 +0000 2017,@635073 In order to assist you in a better way we would require more information on this hence we request you to reach out to us in the message so that we can assist you further.,2162942
2162942,635073,Mon Nov 13 04:41:42 +0000 2017,"@OPPOCareIN I am using smart phone since years it becomes very difficult to search a contact in your phone since I have more than 2500 contacts.
Even a phone worth 7000 in Samsung micromax searches contact very easily
However thank for replying",2162943,OPPOCareIN,Mon Nov 13 05:34:32 +0000 2017,@635073 We are sorry to know that you are unable to search contacts easily on your device. Please help us with your device name so that we can assist you in a better way.,2162944
2162944,635073,Mon Nov 13 11:09:16 +0000 2017,@OPPOCareIN Cph1609,2162945,OPPOCareIN,Mon Nov 13 11:41:44 +0000 2017,@635073 Thank you for helping us with your device name. Please let us know have you tried to search the contacts by typing the name of specific contact?,2162946
2162946,635073,Mon Nov 13 12:33:17 +0000 2017,@OPPOCareIN Sir I have sent you the model number you compare finding contact in any Samsung or even micromax half your price you will come to know yourself,2162947,OPPOCareIN,Tue Nov 14 04:20:11 +0000 2017,"@635073 Dear Mahesh, as requested you earlier please let us know have you tried to search a specific contact by typing its name or the contact search box?",2162948
2167523,636042,Thu Nov 09 09:49:22 +0000 2017,@131023 oppo f5 kab lunch hoga gujarat mai,2167522,OPPOCareIN,Thu Nov 09 10:05:20 +0000 2017,"@636042 We would like to inform you that OPPO F5 launched on 2nd November in India and it will be available from today onwards in OPPO stores and e-commerce websites.

Rishi",
2167525,636043,Thu Nov 09 09:40:39 +0000 2017,"@131023 Oppo is the latest in a fastest growing line of affordable smartphones offering taller, borderless screens, a trend that has broken the design monotony the smartphone industry. After spending some time with the Oppo we can say that this phone delivers a decent experience.",2167526,OPPOCareIN,Thu Nov 09 09:47:30 +0000 2017,"@636043 Thank you for sharing your experience with us. Have a great day ahead.

Rishi",
2167528,636044,Thu Nov 09 09:26:07 +0000 2017,"@131023 मेरे फाेन neo 7 में एक ही सिम चल रहा है पहले दाे चलते थे 
8191948000",2167527,OPPOCareIN,Thu Nov 09 09:29:35 +0000 2017,"@636044 Hi काैडिया, we are sorry to know that. Please reach out to us in DM so that we can assist you in a better way.

Rishi",
2167530,636045,Thu Nov 09 09:12:58 +0000 2017,@131023 oppo's phones r far bettr. . But d thng yu ppl need to improv is its battery backup..,2167529,OPPOCareIN,Thu Nov 09 09:20:16 +0000 2017,"@636045 Thank you for your appreciation. Please help us with your device name via DM so that we can help you regarding your device issue.

Rishi",
2170362,635072,Thu Nov 09 01:58:03 +0000 2017,@131023 No hotspot option.. you need to go to the settings.. which is very time consuming.. and worst process... OPPO A57 model... FIX this problem experts https://t.co/0oerM6qRt7,2170361,OPPOCareIN,Thu Nov 09 05:56:21 +0000 2017,"@635072 We have taken due note of your feedback and same will be shared with our team. Please reach out to us in DM if you are facing issue on your device.
Rishi",
2170365,562163,Thu Nov 09 04:29:40 +0000 2017,@OPPOCareIN @166145 @160663 @86034 what about oppo f3 users will u upgrade them to android 7.1 or no future updates u r worst company in terms of upgrading OS VER. Ever,2170364,OPPOCareIN,Thu Nov 09 04:35:48 +0000 2017,"@562163 Dear Nitin, we send regular ColorOS updates on our devices. Once the 7.1 update is available for F3 you'll be notified through our social media pages. Stay tuned. https://t.co/8mhSebgBFk  
Rishi",
2172052,637023,Thu Nov 09 12:50:13 +0000 2017,@OPPOCareIN So interesting brand,2172055,OPPOCareIN,Fri Nov 10 03:50:01 +0000 2017,@637023 Thank you for your appreciation. Have a great day ahead.,
2172054,637023,Thu Nov 09 12:43:05 +0000 2017,"@OPPOCareIN Okay! Dear respectively 
 Thx for replying",2172051,OPPOCareIN,Thu Nov 09 12:45:57 +0000 2017,@637023 You are welcome Kuldeep. :),"2172052,2172053"
2172057,637023,Thu Nov 09 11:59:51 +0000 2017,@131023 @618379 Can I exchange my OPPO F1f to OPPO F5,2172056,OPPOCareIN,Thu Nov 09 12:02:35 +0000 2017,"@637023 Thank you for showing your interest in OPPO F5. We would like to inform you that currently there is no exchange offer in OPPO phones. Please contact your nearest mobile dealer or check e-commerce website for same.

Rishi",2172054
2182039,270500,Thu Oct 19 09:42:24 +0000 2017,@OPPOCareIN https://t.co/wKTsPNcdnU,2182038,OPPOCareIN,Thu Oct 19 12:44:49 +0000 2017,"@270500 Dear Shahzad, same to you 🙂",
2214028,646991,Fri Nov 10 06:03:42 +0000 2017,"@131023 
@OPPOCareIN
@166145 
@618379 
#CaptureTheRealYou 
World Best selfie With#OPPOF5 Anika My Daughter only One Year Old. https://t.co/nAVNAYWDCK",2214027,OPPOCareIN,Fri Nov 10 06:08:31 +0000 2017,"@646991 Thanks for sharing your moments with us. :)

Rishi",
2214030,646992,Fri Nov 10 06:49:02 +0000 2017,@OPPOCareIN Tnx,2214033,OPPOCareIN,Fri Nov 10 06:55:28 +0000 2017,@646992 You are welcome.,
2214031,646992,Fri Nov 10 06:48:46 +0000 2017,@OPPOCareIN My co no 9925840708,2214034,OPPOCareIN,Fri Nov 10 06:57:29 +0000 2017,@646992 Thank you for helping us with your contact details. Our team will contact you back if your device will come to any of our service centers.,
2214032,646992,Fri Nov 10 05:37:28 +0000 2017,@OPPOCareIN  https://t.co/wanTCzSMNt,2214029,OPPOCareIN,Fri Nov 10 05:51:09 +0000 2017,"@646992 Thank you for helping us with your device IMEI number, we have blacklisted it. If your device reaches any of our service center they will inform you immediately.","2214030,2214031"
2214036,646992,Fri Nov 10 05:35:20 +0000 2017,@OPPOCareIN Dm mins,2214035,OPPOCareIN,Fri Nov 10 05:36:07 +0000 2017,@646992 Please message us your IMEI number so that we can blacklist it.,2214032
2214038,646992,Fri Nov 10 05:28:42 +0000 2017,@OPPOCareIN lost my phone which proses in stop phone,2214037,OPPOCareIN,Fri Nov 10 05:33:54 +0000 2017,"@646992 That's sad. Please help us with your IMEI number via DM so that we can blacklist it.

Rishi",2214036
2214041,172846,Fri Nov 10 04:22:42 +0000 2017,@131023 What about oppo f3 color os will rollout or not recently i have buyed diwali edition,2214040,OPPOCareIN,Fri Nov 10 05:14:57 +0000 2017,"@172846 We send regular ColorOS updates on our devices. Moreover, we want to inform you that once the ColorOS 3.1 is available for F3 you will be notified through our social media pages. Stay tuned. https://t.co/8mhSebgBFk",
2214045,604906,Fri Nov 10 05:00:15 +0000 2017,@OPPOCareIN I've forgotten the lock screen passcode(pattern).,2214044,OPPOCareIN,Fri Nov 10 05:04:53 +0000 2017,"@604906 Thank you for the information. We would request you to visit our service center to get the issue resolved. Please visit the link ""https://t.co/CV19z2qTA4"" to find your nearest service center. Moreover, we would request you to take invoice with you.",
2214047,604906,Fri Nov 10 04:48:42 +0000 2017,@131023 i've forgotten my passcode on oppo a57. How I can reset the passcode without resetting my mobile. I want to get the forget option to reset it. Please help me regarding this issue as soon as possible.,2214046,OPPOCareIN,Fri Nov 10 04:58:38 +0000 2017,"@604906 We are sorry to know that. Please let us know whether you have  forgotten the file safe password or the lock screen password, through DM so that we can assist you further.

Rishi",2214045
2214049,646995,Fri Nov 10 04:19:53 +0000 2017,@OPPOCareIN What is dm,2214048,OPPOCareIN,Fri Nov 10 04:21:39 +0000 2017,@646995 Please reach out to us in the message so that we can assist you in a better way.,
2214051,646995,Thu Nov 09 18:52:02 +0000 2017,@131023 @OPPOCareIN Real Original sound technology feature not working in oppo f3 model phone please solve it https://t.co/qbIUChD5Xw,2214050,OPPOCareIN,Fri Nov 10 04:18:39 +0000 2017,"@646995 We regret your experience. Please reach out to us in DM so that we can assist you in a better way.

Rishi",2214049
2214054,646996,Thu Nov 09 16:32:33 +0000 2017,@OPPOCareIN  why red color variant not available to order on amazon or flipkart?,2214052,OPPOCareIN,Fri Nov 10 04:06:22 +0000 2017,"@646996 Thank you for showing your interest in OPPO F5. We would like to inform you that it will be available by the end of this month.

Rishi",2214053
2217715,618424,Sat Dec 02 10:13:21 +0000 2017,"@OPPOCareIN kindly please add more features like slow motion effect and also please make adjust the Saturation on expert mode on oppo f3 plus camera.

I requested many more times please do it .
Thank you.",2217714,OPPOCareIN,Sat Dec 02 10:53:14 +0000 2017,"@618424 Dear Akhils, thank you for sharing your feedback with us. We would like to inform you that your feedback is already forwarded to our team and they'll look into the possibility.",
2217717,647921,Sat Dec 02 08:02:22 +0000 2017,"@131023 
Dear Oppo CEO, 
I am using F3 now.  Such a decent phone. There is some options missing from F1 and A57.  Like font style changing,  pop up video playing,  Fingerprints unlock for apps while screen is off . How can I fix it?  Any updates available for the same?",2217716,OPPOCareIN,Sat Dec 02 10:27:02 +0000 2017,"@647921 Dear Arjun, thank you for sharing your feedback with us. We would like to inform you that we have taken the due note of it.

Rishi",
2217743,647932,Fri Nov 10 08:07:08 +0000 2017,@OPPOCareIN I have Already Drop A Mail So Plz Resolve My Problem,2217745,OPPOCareIN,Fri Nov 10 09:04:24 +0000 2017,@647932 Please confirm whether you have mailed us from __email__ so that we can look into it.,2217746
2217744,647932,Fri Nov 10 07:43:59 +0000 2017,@131023  https://t.co/hIXVZK1XSj,2217742,OPPOCareIN,Fri Nov 10 08:02:13 +0000 2017,"@647932 Dear Rahul, we regret your experience. Please reach out to us in DM so that we can assist you in a better way.

Rishi",2217743
2217746,647932,Fri Nov 10 09:05:51 +0000 2017,@OPPOCareIN Yes,2217747,OPPOCareIN,Fri Nov 10 09:27:59 +0000 2017,"@647932 Moreover, we would request you to please let us know what exact issue are you facing in battery and contacts so that we can help you further.

Rishi 2/2",
2217746,647932,Fri Nov 10 09:05:51 +0000 2017,@OPPOCareIN Yes,2217748,OPPOCareIN,Fri Nov 10 09:26:59 +0000 2017,@647932 Thanks for the confirmation. As informed you earlier any kind of physical damage will not be covered under warranty and DOA policy if the damage is approved by the service centre then you have to bear the charges for the repair hence we request you to coordinate with our team.1/2,2217749
2217749,647932,Fri Nov 10 09:29:57 +0000 2017,@OPPOCareIN My Phone has Phycially In Gud,2217750,OPPOCareIN,Fri Nov 10 09:40:51 +0000 2017,@647932 We would like to inform you that whenever device comes to our service center it is inspected by our team and then only customer is informed the root cause of the issue. Hence we request you to please coordinate with them in order to resolve the issue.,
2217753,647933,Fri Nov 10 10:03:27 +0000 2017,@OPPOCareIN So should I upgrade..?,2217755,OPPOCareIN,Fri Nov 10 10:11:03 +0000 2017,"@647933 Please help us with your device version number (Build number) and kindly let us know when does battery getting drained and device getting heat so that we can look into it.

Please follow the steps to find your device version number.
Settings &gt; About Phone &gt; Build number.",
2217754,647933,Fri Nov 10 07:49:01 +0000 2017,@OPPOCareIN Is there colour o.s ..? Recently i upgraded my phone on oppo service center but im facing heating issues and not good battery backup...so i need to upgrade or not.?,2217752,OPPOCareIN,Fri Nov 10 07:58:30 +0000 2017,"@647933 We apologize for the inconvenience caused. Please reach out to us in DM so that we can assist you in a better way.

Rishi",2217753
2217757,647933,Fri Nov 10 07:10:41 +0000 2017,@131023 still didn't got update since 1.5 years on my #fls can i get update..?,2217756,OPPOCareIN,Fri Nov 10 07:41:02 +0000 2017,"@647933 Recently we have released Marshmallow for F1s. Kindly visit your nearest OPPO Service Center to get your device upgraded. https://t.co/CV19z2qTA4

Please do not forget to take the backup of your data before the upgrade as entire data will be wiped out during the process.",2217754
2221976,648943,Fri Nov 10 12:22:23 +0000 2017,@OPPOCareIN In text box after type message when I add contact it not shown me,2221975,OPPOCareIN,Fri Nov 10 12:25:16 +0000 2017,"@648943 That's not the experience we want you to have. Please reach out to us in DM so that we can assist you further.

Rishi",
2221982,648944,Fri Nov 10 11:43:29 +0000 2017,@OPPOCareIN When it comes sir.please tell exact date,2221981,OPPOCareIN,Fri Nov 10 11:48:52 +0000 2017,"@648944 Currently, there is no formal notice about the release of Android Nougat update hence we request you to stay tuned to our social media pages for any formal information about same. https://t.co/8mhSebgBFk",
2221984,648944,Fri Nov 10 11:40:17 +0000 2017,@OPPOCareIN Oppo f3 plus,2221983,OPPOCareIN,Fri Nov 10 11:42:33 +0000 2017,@648944 Thank you for helping us with your device name. Once the Nougat update is available for F3 Plus you'll be notified through our social media pages. Stay tuned. https://t.co/8mhSebgBFk,2221982
2221986,648944,Fri Nov 10 11:33:18 +0000 2017,@131023 Are u giving nougat update?,2221985,OPPOCareIN,Fri Nov 10 11:37:56 +0000 2017,"@648944 Please help us with your device name so that we can assist you in a better way regarding Nougat update.

Rishi",2221984
2222597,418729,Thu Oct 19 06:48:46 +0000 2017,"@OPPOCareIN HAPPY DIWALI TEAM
LOVE U OPPO💕💖 WISH TO WIN 💕💖 
#OPPOF3 #YourBestDiwaliGift 
#SelfieExpert",2222596,OPPOCareIN,Thu Oct 19 12:56:22 +0000 2017,@418729 Thank you for your love and support. We wish you happy and Prosperous Diwali to you and your family 🙂,
2227245,650130,Fri Nov 10 09:23:35 +0000 2017,@618379 @131023 Bhaii vivo v7plus acha hai ya oppo F5,2227243,OPPOCareIN,Fri Nov 10 09:46:35 +0000 2017,"@650130 @131023 We would like to inform you that we don't compare our devices with other brands. Please visit the link ""https://t.co/oRnN5bLNDi""  for the detailed information about F5 features and specifications.

Rishi",2227244
2266952,659809,Sat Nov 11 12:05:09 +0000 2017,"@OPPOCareIN I know this bro... But still I want some advance things. And I don't care about my warranty because I know how and where to use root...
So can you plz provide me with the method of root,you can email me at __email__",2266954,OPPOCareIN,Sat Nov 11 13:14:28 +0000 2017,@659809 We are sorry to inform you that we can't assist regarding rooting the device. Please let us know for any other assistance regarding your device.,2266955
2266953,659809,Sat Nov 11 04:29:13 +0000 2017,"@350999 @131023 @88970 @88971 Hey pls Help me I want to root my oppo a57, pls tell me how can I do it.",2266951,OPPOCareIN,Sat Nov 11 07:03:46 +0000 2017,"@659809 Dear Sam, we would like to inform you that we don't suggest our customers to root their devices as this will make their devices out of warranty.

Rishi",2266952
2266955,659809,Sat Nov 11 13:33:16 +0000 2017,"@OPPOCareIN OK I understand that then can you just give android update of ""OPPO A57"" as soon as possible...",2266956,OPPOCareIN,Sat Nov 11 13:42:51 +0000 2017,@659809 You will be notified through our social media pages when Android update is available for OPPO A57 phone. Please stay tuned. https://t.co/8mhSebycwS,2266957
2266957,659809,Sat Nov 11 13:56:26 +0000 2017,"@OPPOCareIN Do you have any specific date...it may happen you provide Oreo when android Q is launched, you know what I mean to say",2266958,OPPOCareIN,Sat Nov 11 14:05:17 +0000 2017,"@659809 Currently, there is no formal notice of the release of Android update hence we request you to stay tuned to our social media pages for any formal information about same. https://t.co/8mhSebycwS",
2266961,182866,Sat Nov 11 06:36:32 +0000 2017,"@OPPOCareIN What you people think i am illiterate , i already did but sound difference is very neglagable",2266960,OPPOCareIN,Sat Nov 11 06:54:28 +0000 2017,"@182866 We would like to inform you that after checking on our device we found the difference in sound effect. However, if you feel there is just a minor difference after using the equalizer then please visit your nearest service centre to get the issue sorted.",
2266963,182866,Sat Nov 11 05:22:13 +0000 2017,@OPPOCareIN And your real soundtrack technology is for name sake useless and there is no difference feel while listening,2266962,OPPOCareIN,Sat Nov 11 06:34:26 +0000 2017,"@182866 Please plug in the headphones and play the music. Kindly follow the steps to adjust the sound
Settings &gt; Sound and vibrations &gt; Real sound technology&gt; Adjust the Bass, Baritone, Treble &amp; select the below options. If you have tried same then please let us know.",2266961
2266965,182866,Sat Nov 11 05:18:27 +0000 2017,@OPPOCareIN I am not going to visit your service center  anymore,2274365,OPPOCareIN,Sat Nov 11 06:10:41 +0000 2017,"@182866 As requested you earlier please visit our service center to get the issue resolved. We'll make sure that the issue gets resolved at the earliest. Moreover, we request you to help us with the information about you.",
2266966,182866,Sat Nov 11 05:16:54 +0000 2017,@OPPOCareIN Borivali,2274366,OPPOCareIN,Sat Nov 11 05:22:14 +0000 2017,@182866 Thank you for providing us with the detail. Please provide us with your information (Name and contact number) so that we can assist you in a better way.,
2266967,182866,Sat Nov 11 04:59:39 +0000 2017,@OPPOCareIN I already but they formate or they says we can take only one complaint one visit i wont visit your service center any more i already visited 2 time i dont have time for this better to aware people your products then help to other not to buy nonsense product,2266964,OPPOCareIN,Sat Nov 11 05:16:22 +0000 2017,@182866 We are sorry to know that. Please let us know which OPPO service center have you visited and we request you to please get your device checked by our service center . If you still face any problem then please let us know.,"2266963,2266965,2266966"
2266970,182866,Sat Nov 11 04:39:13 +0000 2017,@OPPOCareIN My phone is getting hang and some time getting restart and in low light not able to take good pics from front facing camra and heating problem,2266968,OPPOCareIN,Sat Nov 11 04:56:03 +0000 2017,"@182866 Please help us with your device version number (Build number) so that we can help you further. Please follow the steps to find your device version number.

Settings &gt; About Phone &gt; Version number.

Kindly let us know have you also discussed these issue at our service center?","2266967,2266969"
2266972,182866,Sat Nov 11 04:34:16 +0000 2017,@OPPOCareIN You people just want i stope twitte on twitter rather provide answer who ia DM i dont know,2266971,OPPOCareIN,Sat Nov 11 04:36:25 +0000 2017,@182866 We know how frustrating it is when our device starts malfunctioning. Hence we request you to elaborate your issue through message so that we can help you in resolving it.,2266970
2266974,182866,Sat Nov 11 04:24:45 +0000 2017,"@OPPOCareIN How i will not visit in service center they just formate and return phone , i am regret to buy oppo phone",2266973,OPPOCareIN,Sat Nov 11 04:32:26 +0000 2017,@182866 We apologize for the inconvenience caused. Please elaborate us the issue through DM so that we can help us in a better way.,2266972
2266977,182866,Sat Nov 11 04:18:18 +0000 2017,@OPPOCareIN I am not happy with the oppo f3 plus and there no naugat update also in dark there no use camra then why we would pay 30000,2266975,OPPOCareIN,Sat Nov 11 04:23:35 +0000 2017,"@182866 As soon as Nougat update is available for F3 Plus you'll be notified through our social media pages. Please stay tuned to ""https://t.co/8mhSebgBFk "". We request you to elaborate the issue in camera so that we can assist you further.","2266976,2266974"
2266979,182866,Sat Nov 11 02:37:13 +0000 2017,@131023 I am using f3 pluse nonsense phone,2266978,OPPOCareIN,Sat Nov 11 04:14:55 +0000 2017,"@182866 That's not the experience we expect to hear from our customers. Please reach out to us in DM so that we can assist you in a better way.

Rishi",2266977
2341230,677234,Mon Nov 13 09:56:17 +0000 2017,@131023 why dont u bring any update in oppo f1 plus?,2341229,OPPOCareIN,Mon Nov 13 10:28:01 +0000 2017,"@677234 We are sorry if you felt that way. We would like to inform you that we send regular ColorOS updates on our devices through OTA. Please let us know any further assistance.

Rishi",
2341232,677235,Mon Nov 13 09:16:12 +0000 2017,"@131023 Hi, your store in pacific mall subhash nagar employee Vikas nirman misbehave with me and My with frnd . Visit your store to check out F5 but he was telling us very bad things. Pls arrange a call back from your senior 8800177047.",2341231,OPPOCareIN,Mon Nov 13 09:45:24 +0000 2017,"@677235 We apologize for the inconvenience caused to you. Please elaborate us the complete issue through DM so that we can assist you in a better way.

Rishi",
2341236,677238,Mon Nov 13 13:36:48 +0000 2017,@OPPOCareIN My device name is oppo a37,2341239,OPPOCareIN,Tue Nov 14 04:30:05 +0000 2017,"@677238 We send regular ColorOS updates on our devices via OTA and latest ColorOS version number is A37fEX_11_A.28_171008. Moreover, you will be notified through social media pages when the Android update is available on your device. https://t.co/8mhSebgBFk","2341240,2341241"
2341238,677238,Mon Nov 13 08:32:11 +0000 2017,@131023 when oppo brand give software update,2341235,OPPOCareIN,Mon Nov 13 09:19:20 +0000 2017,"@677238 Please help us with your device name so that we can assist you in a better way.

Rishi","2341236,2341237"
2341240,677238,Tue Nov 14 05:07:17 +0000 2017,"@OPPOCareIN When even 6000 thousands 
 Moto Mobiles are running in android 6.0 my device oppo a37 is ten thousand it is running in 5.1.1 what is this?",2341242,OPPOCareIN,Tue Nov 14 05:18:56 +0000 2017,"@677238 At OPPO, we always strive for customer satisfaction. We have forwarded your feedback to our concerned team.",2341243
2341241,677238,Tue Nov 14 06:35:10 +0000 2017,@OPPOCareIN Which month you give update please tell me  otherwise I will change the mobile,2341244,OPPOCareIN,Tue Nov 14 06:49:10 +0000 2017,"@677238 Currently, there is no formal notice of the release of Android update hence we request you to stay tuned to our social media pages for any formal information about same. https://t.co/8mhSebgBFk",2341245
2341247,677239,Mon Nov 13 08:34:03 +0000 2017,@131023 I switched over to OPPOF5 just for good camera.. But my pictures r not coming clear.Reason,2341246,OPPOCareIN,Mon Nov 13 09:14:27 +0000 2017,"@677239 That's not the experience we want you to have. Please reach out to us in DM so that we can assist you in a better way.

Rishi
OPPO Care",
2341250,370169,Mon Nov 13 13:10:35 +0000 2017,"@OPPOCareIN I need like this ""Shot By Oppo F5""",2341252,OPPOCareIN,Wed Nov 15 05:46:24 +0000 2017,"@370169 We would like to inform you that currently, this watermark is not available, however, we have taken the due note of your feedback and we'll look into the possibilities.",
2341251,370169,Sun Nov 12 04:14:02 +0000 2017,@OPPOCareIN  how can we start watermark feature in #OPPOF5 ? Like #OPPOF3,2341249,OPPOCareIN,Mon Nov 13 09:02:06 +0000 2017,"@370169 In order to use watermark feature please follow the given steps,

Camera &gt; Tap on 3 circles (Top right corner) &gt; Watermark.

Please let us know for any further assistance.

Rishi",2341250
2341254,556986,Sun Nov 12 12:31:03 +0000 2017,"@OPPOCareIN 

Oreo update is album Oppo handset which device",2341253,OPPOCareIN,Mon Nov 13 07:20:14 +0000 2017,"@556986 Please elaborate us your exact concern through DM so that we can assist you in a better way.

Rishi",
2341260,677240,Mon Nov 13 06:44:55 +0000 2017,@OPPOCareIN Oh hello..i will never buy this shit in my life..tell me 1 thing..u want me to pay 20k just for a mediatek processor..ah.u think we r fools to pay such an huge amt for selfies...y..other 20k phone dont give selfies??..only yo model provides good selfies..ahh idiots...,2341255,OPPOCareIN,Mon Nov 13 06:57:14 +0000 2017,"@677240 We are sorry to know if you feel like that. We would like to inform you that F5 comes with Octa-core 2.5Ghz (CPU), FHDPlus screen, Facial unlock system and many more features that you can find in given link. https://t.co/a9DRKW28KQ","2341256,2341257,2341258,2341259"
2341263,677240,Mon Nov 13 06:21:24 +0000 2017,@131023 Even my mobil offers that nothing new in this:..and mine is not a poppo....a piece of complete shit....,2341261,OPPOCareIN,Mon Nov 13 06:38:56 +0000 2017,"@677240 We regret your experience. Please DM us the issue that you are facing on your device via DM so that we can assist you in a better way.

Rishi","2341262,2341260"
2341268,317644,Mon Nov 13 05:52:28 +0000 2017,"@OPPOCareIN No Nougat, No Live Wallpapers. 😂😂👍",2341266,OPPOCareIN,Mon Nov 13 06:30:38 +0000 2017,"@317644 We would like to inform you that live wallpaper will work on home screen and you will be notified through our social media pages when Nougat update is available for OPPO F3 Plus. Please stay tuned. https://t.co/8mhSebgBFk

Rishi",2341267
2341270,317644,Sat Nov 11 17:09:48 +0000 2017,@OPPOCareIN How To Set Live Wallpaper on Lockscreen on my Oppo F3 plus???,2341269,OPPOCareIN,Mon Nov 13 04:43:55 +0000 2017,"@317644 We would like to inform you that Live wallpaper can't be set to lock screen wallpaper. However, you can set it as your device wallpaper. Moreover, we'll take it as your feedback and forward the same to our team.

Rishi",2341268
2341273,677243,Mon Nov 13 01:47:58 +0000 2017,@131023 @91648 When i will get video call dialer in my oppo,2341272,OPPOCareIN,Mon Nov 13 06:16:39 +0000 2017,"@677243 Please help us with your device name so that we can assist you in a better way.

Rishi",
2341277,677244,Mon Nov 13 05:27:46 +0000 2017,@OPPOCareIN I have a many address or many avoidance,2341275,OPPOCareIN,Mon Nov 13 05:44:48 +0000 2017,@677244 We would request you to send us the details through DM so that we can look into it.,2341276
2341281,677244,Mon Nov 13 04:34:39 +0000 2017,@OPPOCareIN Now many places to selling your copy product and this product is like your orignal product same to same everything tray to stop this type stupid selling... !! His doun your setus or also selling,2341278,OPPOCareIN,Mon Nov 13 05:25:46 +0000 2017,@677244 Thank you for bringing this to our kind notice. We would request you to provide us with some evidence so that we can look into it.,"2341279,2341277,2341280"
2341285,677244,Sat Nov 11 17:12:01 +0000 2017,@166145 Thenks OPPO for the given happiness thrueout your mobile products really your products is to good also price is so far I love your all prod.. thanks Agen welcome to India always OPPO @131023 @166145 @40421 @40420 @88847 @OPPOCareIN @75175,2341282,OPPOCareIN,Mon Nov 13 04:20:42 +0000 2017,"@677244 Thank you for your appreciation. Such feedbacks means a lot to us. Have a great day ahead. :)

Rishi","2341281,2341283,2341284"
2341288,416090,Sat Nov 11 16:26:09 +0000 2017,Sir when oppo f3 plus get nought update @OPPOCareIN @131023,2341287,OPPOCareIN,Mon Nov 13 04:16:32 +0000 2017,"@416090 Once the Nougat update is available for F3 Plus you'll be notified through our social media pages. Please, stay tuned. https://t.co/8mhSebgBFk",
2341291,677246,Sat Nov 11 15:21:27 +0000 2017,@131023 best oppo mobile under 20000 rs in India,2341290,OPPOCareIN,Sat Nov 11 15:29:43 +0000 2017,"@677246 We would recommend you OPPO F5 (4GB RAM). Please visit the link ""https://t.co/a9DRKWjJCo"" for the information about its features and specifications.",
2341294,677248,Sat Nov 11 12:34:42 +0000 2017,"@131023 where I can buy original oppo mobile accessories, #headphone",2341293,OPPOCareIN,Sat Nov 11 13:05:10 +0000 2017,"@677248 We would like to inform you that you can purchase OPPO headphone from our service center, OPPO store or from e-commerce website.

Rishi",
234696,171885,Wed Oct 04 12:37:25 +0000 2017,@131023 how to change defualt notification tone on my f1S,234695,OPPOCareIN,Thu Oct 05 06:33:37 +0000 2017,"@171885 Dear Vijay, default notification tone can't be changed in OPPO F1s camera phone.

Rishi 
OPPO Care",
234698,171886,Wed Oct 04 13:22:41 +0000 2017,@131023 : Does Oppo make any smartphone with Qualcomm Snapdragon ?,234697,OPPOCareIN,Thu Oct 05 05:51:21 +0000 2017,"@171886 Dear Vishal, OPPO F3 plus and OPPO A57 comes with Qualcomm Snapdragon processor.

Rishi 
OPPO Care",
234701,171887,Wed Oct 04 14:05:52 +0000 2017,"@166145 @131023 
Are you launched the power bank of 32500 mAh  in india ? Is yes share snap of that and price with specifications",234699,OPPOCareIN,Thu Oct 05 05:44:41 +0000 2017,"@171887 Dear Randhawa, as of now there is no OPPO power bank launched in India. 

Rishi
OPPO Care",234700
234703,171888,Wed Oct 04 14:53:19 +0000 2017,"@131023 sir I have lost my new oppo A37f phone today,c an u trace my phone or lock my data.",234702,OPPOCareIN,Thu Oct 05 05:38:20 +0000 2017,"@171888 We'll contact you if your device reaches to any of our service centre in India.

Rishi 
OPPO Care (2/2)",
234703,171888,Wed Oct 04 14:53:19 +0000 2017,"@131023 sir I have lost my new oppo A37f phone today,c an u trace my phone or lock my data.",234704,OPPOCareIN,Thu Oct 05 05:37:58 +0000 2017,@171888 Sorry to know that.  Please let us know your contact number and your device IMEI number so that we can blacklist it. (1/2),
234706,171889,Wed Oct 04 15:24:59 +0000 2017,@131023 How to make a conference  call on oppo a 57,234705,OPPOCareIN,Thu Oct 05 05:32:21 +0000 2017,"@171889 Please follow given steps to do the conference call. 
Current call &gt; Add call &gt; Merge call 

Rishi
OPPO Care",
234711,171891,Thu Oct 05 04:19:55 +0000 2017,@OPPOCareIN When did u release,234710,OPPOCareIN,Thu Oct 05 04:25:42 +0000 2017,"@171891 As of now, there is no tentative date, please stay tuned to our social page for an update.

Rishi
OPPO Care",
234713,171891,Wed Oct 04 15:08:03 +0000 2017,@OPPOCareIN update the nougat in oppo a57,234712,OPPOCareIN,Thu Oct 05 04:19:19 +0000 2017,"@171891 Dear Abhishek, keep an eye on our social media pages. We'll announce it when Android Nougat update is released for OPPOA57.

Rishi
OPPO Care",234711
237426,172538,Tue Sep 26 14:40:00 +0000 2017,@131023 @131023 @131023 Not asking for Oreo update as its not possible for you to reach that Future .,237424,OPPOCareIN,Wed Sep 27 06:42:59 +0000 2017,@172538 Hi Suman! Please be assured that we're in a continuous process to serve our customers with best possible updates. (1/2),237425
2382208,686776,Tue Nov 14 05:01:27 +0000 2017,"Are these mobile app a virus? Because no button to uninstall them and these were automatically installed in the phone memory.
@166145 @131023 https://t.co/ZFGcbMlWHQ",2382207,OPPOCareIN,Tue Nov 14 05:57:55 +0000 2017,"@686776 We would like to inform you that they are not virus but input languages of default keypad.

Rishi",
238428,OPPOCareIN,Thu Sep 28 04:31:18 +0000 2017,"@172731 We're sorry for that. We were unaware of your situation. Could you please initiate a DM and let us know your contact number, address &amp; (1/2)",238426,OPPOCareIN,Thu Sep 28 04:31:26 +0000 2017,"@172731 the details of your device such as model number and IMEI number. We’ll do our best to help you.

Divya
OPPO Care (2/2)",238427
238429,172731,Wed Sep 27 14:15:22 +0000 2017,@OPPOCareIN I wish it would have been so easy for a 65 yrs old man with medical problems.,238428,OPPOCareIN,Thu Sep 28 04:31:18 +0000 2017,"@172731 We're sorry for that. We were unaware of your situation. Could you please initiate a DM and let us know your contact number, address &amp; (1/2)",238426
238431,172731,Tue Sep 26 12:52:10 +0000 2017,"@OPPOCareIN Not always easy to explain issues. Example, I want to lock n press the icon but everything starts to vibrate. Charging is another problem",238430,OPPOCareIN,Wed Sep 27 04:48:03 +0000 2017,@172731 We regret the inconvenience. Please visit our SC to get your device checked. You can locate your nearest one here: https://t.co/CV19z2qTA4.,238429
238433,172731,Tue Sep 26 07:50:39 +0000 2017,@131023 I bought Oppo 2 years back and I am regretting. Very poor performance. Often face technical problems. I would never recommend this brand.,238432,OPPOCareIN,Tue Sep 26 08:42:19 +0000 2017,@172731 Apologies for the inconvenience. That's not the experience we want you to have. Could you please let us know the issue you are facing. (1/2),238431
238971,172825,Wed Sep 27 01:40:38 +0000 2017,@131023 Oppo a37f upgrade,238969,OPPOCareIN,Wed Sep 27 07:11:41 +0000 2017,"@172825 Hi! Keep an eye on our social media pages. We'll announce it when Android update is released for OPPO A37.

Divya
OPPO Care",238970
238973,604878,Tue Oct 03 13:04:22 +0000 2017,@131023 @OPPOCareIN Any chance to get android 7 update in oppo f3 in future...,2045346,OPPOCareIN,Wed Oct 04 04:14:05 +0000 2017,"@604878 We will announce on our social pages when Android Nougat will launch for OPPO F3 camera phone. Please stay tuned to it. 

Rishi 
OPPO Care",
238974,270528,Thu Sep 28 18:30:41 +0000 2017,@131023 Can any exchange offer for OPPOmobile,634807,OPPOCareIN,Fri Sep 29 05:44:46 +0000 2017,"@270528 Hi Kalandi! Thanks for reaching out. We do not have any exchange offer right now.  

Divya
OPPO Care",
239204,172846,Wed Oct 04 10:20:03 +0000 2017,@OPPOCareIN Naught update is comming or not,239206,OPPOCareIN,Wed Oct 04 10:30:36 +0000 2017,"@172846 Dear Abhishek. keep an eye on our social media pages. We'll announce it when Android Nougat update is released for OPPO F3.

Rishi
OPPO Care",
239205,172846,Wed Sep 27 09:51:55 +0000 2017,@OPPOCareIN It support fast charging or not,239203,OPPOCareIN,Wed Sep 27 10:18:30 +0000 2017,"@172846 It doesn't support fast charging, also known as VOOC flash charging.

Divya
OPPO Care",239204
239208,172846,Wed Sep 27 04:56:13 +0000 2017,@131023 Does it supper fast charging or vooc,239207,OPPOCareIN,Wed Sep 27 09:25:48 +0000 2017,"@172846 OPPO F3 Diwali Limited Edition doesn't support VOOC charging. Its detailed specifications are here: https://t.co/1V4j36Ut0Z

Divya
OPPO Care",239205
2394305,689304,Tue Nov 14 07:25:45 +0000 2017,@OPPOCareIN @131023 Oppo f3,2394303,OPPOCareIN,Tue Nov 14 07:35:01 +0000 2017,"@689304 Thank you for helping us with the information. We have taken due note of your feedback and we'll look into the possibilities.

Rishi",2394304
2394307,689304,Tue Nov 14 07:07:12 +0000 2017,How can I elongate my whatsapp notifications as when I receive multiple msgs I have to open whatsapp to c it. I can't view it from notification panel. @131023 @OPPOCareIN can u help??,2394306,OPPOCareIN,Tue Nov 14 07:25:19 +0000 2017,"@689304 @131023 Dear Jayeshnahar, please help us with your device name so that we can assist you further.

Rishi",2394305
2394310,689305,Mon Nov 13 17:32:53 +0000 2017,@131023 when are you going to release software version upgrade for oppo f1 plus (x9009). As Airtel volte is not supported.,2394309,OPPOCareIN,Tue Nov 14 06:23:41 +0000 2017,"@689305 We'll be glad to assist you on this please reach out to u in DM so that we can assist you further.

Rishi",
2394312,618387,Tue Nov 14 11:54:44 +0000 2017,@OPPOCareIN @689306 Its not just me...  Others have problems.  Ur color os is destroing nature by draining out batteries. Take this as consideration  . Change ur shit os.,2394314,OPPOCareIN,Tue Nov 14 12:12:24 +0000 2017,"@618387 We regret your experience. Please reach out to us in DM so that we can assist you in a better way.

Rishi",
2394313,689306,Mon Nov 13 18:50:26 +0000 2017,".@131023 .@166145 .@34401 
just 3 month before i bought oppo f3, and now the battery is draining like nothing, i charged it 100% at 3:30 am &amp; it's only 60% at 10:00 am when i woke up.
It is showing heating problem too.",2394311,OPPOCareIN,Tue Nov 14 06:19:29 +0000 2017,"@689306 That's sound odd. Please reach out to us in DM so that we can assist you in a better way.

Rishi",2394312
2411558,693318,Tue Nov 14 10:51:33 +0000 2017,"@131023 any service centre at Agartala, Tripura",2411556,OPPOCareIN,Tue Nov 14 12:47:56 +0000 2017,"@693318 Address of our service center in Agartala is -:

OPPO service centerJackson Gate, Near Moharani Tulshibati Girls School
 Agartala , Tripura
Pincode - 799001
Phone No. :  9402357132
Weekly Off : Sunday
Timing: 10:00 AM to 7:00 PM

Rishi",2411557
242981,173701,Wed Aug 23 07:02:24 +0000 2017,@131023 @OPPOCareIN  is there any chance of getting Android 8.0 for Oppo F3 ?,242979,OPPOCareIN,Wed Aug 23 07:25:33 +0000 2017,"@173701 Thank you for contacting us. As of now, there is no formal notice regarding the android update for OPPO F3 in India. (1/2)",242980
242982,173701,Wed Oct 04 05:45:25 +0000 2017,@OPPOCareIN @OPPOCareIN  My Oppo f3 is getting extremely heated up. Could you please help me with this.,242983,OPPOCareIN,Wed Oct 04 05:54:14 +0000 2017,"@173701 We regret your experience. Kindly reach out to us in DM &amp; we'll continue there. 

Rishi
OPPO Care",
242982,173701,Wed Oct 04 05:45:25 +0000 2017,@OPPOCareIN @OPPOCareIN  My Oppo f3 is getting extremely heated up. Could you please help me with this.,242984,OPPOCareIN,Thu Oct 05 07:25:05 +0000 2017,"@173701 Dear Murtaza, we haven't received any message from your side please reach out to us in DM and we'll continue there.

Rishi
OPPO Care",
245048,OPPOCareIN,Sat Sep 23 07:24:32 +0000 2017,@174182 Hi Shailesh! Thanks for bringing this to our notice. Our team is in the process of checking it. We'll reach out to you (1/2),245049,OPPOCareIN,Sat Sep 23 07:25:02 +0000 2017,"@174182 once we have more information regarding this issue. Hang in there. We would appreciate your patience on this. 

Divya
OPPO Care (2/2)",245051
245050,174182,Fri Sep 22 12:15:23 +0000 2017,"@OPPOCareIN Sent you DM, check that. Screenshot is also attached, check No Disturbe Mode info n Notification area https://t.co/uDJSQMhuXb",245048,OPPOCareIN,Sat Sep 23 07:24:32 +0000 2017,@174182 Hi Shailesh! Thanks for bringing this to our notice. Our team is in the process of checking it. We'll reach out to you (1/2),245049
245051,174182,Tue Sep 26 10:39:26 +0000 2017,@OPPOCareIN Still so many people complaining about bugs in Marshmallow update for F1s. R u sure u got Tester to test Android system update?,245052,OPPOCareIN,Tue Sep 26 10:56:03 +0000 2017,"@174182 We're duly noting every feedback. Please be assured that our concerned team is working to fix the issues as soon as possible.

Divya",245053
245055,174182,Fri Sep 22 04:47:52 +0000 2017,@OPPOCareIN @174183 I think Oppo doesn't have any testers to test Android Updates before rolling them out,245054,OPPOCareIN,Fri Sep 22 12:07:59 +0000 2017,"@174182 We're sorry to read that. Please share your feedback with us in detail via DM so that we can look into it &amp; assist you with the same.
Divya",245050
2462092,704868,Wed Nov 15 07:48:25 +0000 2017,@OPPOCareIN I need a oppo smartphone to help my photography @131023,2462094,OPPOCareIN,Wed Nov 15 08:01:53 +0000 2017,@704868 You can purchase OPPO F5 camera phone which comes with A.I. beauty recognition technology. Hence we would recommend you this device for the photography. Please visit the link for the information about its feature and specifications. https://t.co/a9DRKW28KQ,
2462093,704868,Wed Nov 15 07:14:51 +0000 2017,@131023 Heyy need ur help,2462091,OPPOCareIN,Wed Nov 15 07:44:11 +0000 2017,"@704868 Please reach out to us in DM so that we can assist you in a better way.

Rishi",2462092
2462096,704869,Tue Nov 14 13:23:55 +0000 2017,@131023 Plz give us update to Android 7,2462095,OPPOCareIN,Wed Nov 15 07:23:53 +0000 2017,"@704869 Please help us with your device name so that we can assist you in a better way.

Rishi",
2462099,704870,Fri Nov 17 06:45:32 +0000 2017,@OPPOCareIN what is DM ?,2462101,OPPOCareIN,Fri Nov 17 06:57:56 +0000 2017,@704870 By DM we are referring to the Direct message.,
2462100,704870,Tue Nov 14 16:12:49 +0000 2017,@131023 Recommend not to use any oppo product because end result will be waste of money your personnel data and time too. #OPPOF5  #oppof3 #Oppo,2462098,OPPOCareIN,Wed Nov 15 07:10:06 +0000 2017,"@704870 We regret your experience. Please reach out to us in DM so that we can assist you in a better way.

Rishi",2462099
2462104,704871,Wed Nov 15 16:33:53 +0000 2017,@OPPOCareIN What is DM?,2462106,OPPOCareIN,Thu Nov 16 04:38:34 +0000 2017,"@704871 In order to assist you in a better way, we would request you to reach out to us in a direct message.",
2462105,704871,Tue Nov 14 16:19:53 +0000 2017,"@131023  de is getting expensive heat during charge n use n getting discharge very fast heat is even not tolerable to keep in the pocket plz help 
@95820 @166145",2462103,OPPOCareIN,Wed Nov 15 06:57:56 +0000 2017,"@704871 That's not the experience we want you to have. Please reach out to us in DM so that we can assist you further.

Rishi",2462104
2462108,369129,Wed Nov 15 03:24:42 +0000 2017,"I am Using OPPO F3 Plus,  That Not Working Wi-Fi Direct File Sharing, So Please Update Software And Provide Better Experience... #OppoF3Plus @131023 @166145",2462107,OPPOCareIN,Wed Nov 15 06:45:26 +0000 2017,"@369129 We regret your experience. Please reach out to us in DM so that we can assist you further.

Rishi",
2462110,704872,Wed Nov 15 05:34:10 +0000 2017,"@131023 Oppo please reply me... Is it only available in flipkart.. Or it will be availablein the stores also 
@131023 #OppoF3Plus",2462109,OPPOCareIN,Wed Nov 15 06:38:06 +0000 2017,"@704872 It will be available only on Flipkart.

Rishi",
2462112,704873,Wed Nov 15 05:37:03 +0000 2017,@131023 Dan what about #oppof5 6gb red eddition ??????,2462113,OPPOCareIN,Wed Nov 15 06:31:40 +0000 2017,"@704873 OPPO F5 (6GB RAM) variant will be available from December onwards.

Rishi",2462114
2474671,707507,Wed Nov 15 12:17:51 +0000 2017,"@OPPOCareIN https://t.co/FRjgEA63x6
Can anyone please response..",2474669,OPPOCareIN,Wed Nov 15 12:34:38 +0000 2017,"@707507 Dear Prakash, thank you for reaching out to us. We would like to inform you that we have received your information and our team will get back to you.",2474670
2538102,721895,Thu Nov 16 05:22:03 +0000 2017,@131023 I want to review unit OPPO F5 #OPPOF5 @98472,2538101,OPPOCareIN,Thu Nov 16 06:16:14 +0000 2017,"@721895 @131023 @98472 Please share your proposal at ""__email__"".

Rishi",
2538104,721898,Thu Nov 16 04:57:59 +0000 2017,"@131023 All @131023  Smartphones are always more than Awesome, Amazing, Marvelous &amp; beautiful too...",2538110,OPPOCareIN,Thu Nov 16 05:52:53 +0000 2017,"@721898 Thank you for your appreciation. Have a great day ahead. :)

Rishi",2538111
2538105,704872,Thu Nov 16 04:37:57 +0000 2017,@131023 Wow that's awesome.... I'm very much happy with my #OPPOF3 speed... Just love oppo phones,2538109,OPPOCareIN,Thu Nov 16 06:00:42 +0000 2017,"@704872 Wow! That's the experience we want our customers to have. :)

Rishi",
2538107,721896,Wed Nov 15 17:35:40 +0000 2017,@721897 really I love this Mobile phone #OPPOF5 @131023 @131023,2538106,OPPOCareIN,Thu Nov 16 06:06:43 +0000 2017,"@721896 Thank you for your love and support. Have a great day ahead. :)

Rishi",
2546897,723846,Thu Nov 16 12:42:06 +0000 2017,@OPPOCareIN Pincode 301001 city Alwar state Rajasthan,2546899,OPPOCareIN,Fri Nov 17 04:14:26 +0000 2017,"@723846 Thank you for helping us with location detail. Address of our service center in Alwar is -:
OPPO service center
First Floor, Digi World, Opposite Jayanti Mall, Near Nagli Circle. Alwar , Rajasthan
Pincode - 301001
Phone No. :0144-2703325
Weekly Off :Sunday
Timing: 9:45 AM-6:30 PM",2546900
2546898,723846,Thu Nov 16 12:28:09 +0000 2017,@OPPOCareIN 150 km away the nearest service center like seriously,2546896,OPPOCareIN,Thu Nov 16 12:33:06 +0000 2017,@723846 Please help us with your location details so that we can assist you in a better way.,2546897
2546902,723846,Thu Nov 16 11:37:59 +0000 2017,@166145 @131023 Or can you replace with a new one or with 6gb ram one ? @166145 @131023,2546901,OPPOCareIN,Thu Nov 16 12:06:59 +0000 2017,"@723846 Dear Ayush, we sincerely apologize for the inconvenience caused. We would request you to visit our service center to get your device checked. Please visit the link to find your nearest SC. https://t.co/CV19z2qTA4

Rishi",2546898
2546905,698662,Thu Nov 16 12:05:09 +0000 2017,@OPPOCareIN I need the exact address along with telephone number of all the SC located in #Hyderabad,2546904,OPPOCareIN,Thu Nov 16 12:13:26 +0000 2017,"@698662 Hope Mobiles Private Limited
16-11-762, Moosarambagh, Near Malakpet, TV Tower, Above Vodafone Store, Dilshuknagar Hyderabad-Dilsukhnagar, Telangana
Pincode - 500036. Phone No. :  9052414123
Weekly Off : Sunday. Timing: 10:00 AM to 6:00 PM. (3/3)",
2546905,698662,Thu Nov 16 12:05:09 +0000 2017,@OPPOCareIN I need the exact address along with telephone number of all the SC located in #Hyderabad,2546906,OPPOCareIN,Thu Nov 16 12:12:24 +0000 2017,"@698662 Hope Mobiles Private Limited
# 6-3-181/3/B, 2nd Floor, Road No . 1, Banjara Hills, Hyderabad, Telangana. Pincode - 500034
Phone No. :  040-69941234. Weekly Off : Sunday
Timing: 10:00 AM - 6:00 PM (2/3)",
2546905,698662,Thu Nov 16 12:05:09 +0000 2017,@OPPOCareIN I need the exact address along with telephone number of all the SC located in #Hyderabad,2546907,OPPOCareIN,Thu Nov 16 12:10:31 +0000 2017,"@698662 Address of our SC in Hyderabad are- 

Hope Mobiles Private Limited
Sravana Building, Road No-2, 3rd Floor, Banjara Hills, Near L V Prasad Eye Institute
Hyderabad - L V Prasad , Telangana
Pincode - 500034
Phone No. :  7842641234
Weekly Off : Sunday
Timing: 10:00 AM to 6:00 PM(1/3)",
2546909,698662,Thu Nov 16 11:56:35 +0000 2017,@131023 Please tell do we have service center in #Hyderabad ? If yes Please let me know the addresses and list of the mobile service centers as i am interested in buying your mobile,2546908,OPPOCareIN,Thu Nov 16 12:03:26 +0000 2017,"@698662 Yes our SC is also located in Hyderabad. Please let us know which SC address you want as they are located in Dilkhushnagar, Banjarahills and near Near L V Prasad Eye Institute. 

Rishi",2546905
2546911,723847,Fri Nov 17 20:18:01 +0000 2017,@OPPOCareIN @172013 Provide expected date for oppo f3 plus device in India.,2546913,OPPOCareIN,Sat Nov 18 05:18:08 +0000 2017,"@723847 @172013 Currently, there is no formal notice about Nougat and ColorOS3.1 update in OPPO F3 Plus. Once there will be any notice regarding same you will be notified through our social media pages. Hence we request you to stay tuned to it. https://t.co/8mhSebgBFk",
2546912,172013,Thu Nov 16 09:47:37 +0000 2017,@131023 @OPPOCareIN  Why every update delay in India?? Please as soon as possible update colorOS 3.1 and Android 7 #OPPOA57 #COLOROS 3.1 Please Update Sir...,2546910,OPPOCareIN,Thu Nov 16 09:59:37 +0000 2017,"@172013 We send regular ColorOS (version) updates on our devices. Once the Nougat and the ColorOS3.1 update is available for A57 you will be notified through our social media pages. Hence we request you to stay tuned to it. https://t.co/8mhSebgBFk

Rishi",2546911
2546915,423454,Thu Nov 16 09:05:30 +0000 2017,@131023 please make available android nougat for A57...many phones already have oreo,2546914,OPPOCareIN,Thu Nov 16 09:45:08 +0000 2017,"@423454 Dear Rajesh, once the Nougat update is available for A57 your will be notified through our social media pages. https://t.co/8mhSebgBFk",
2599525,735907,Thu Nov 16 14:21:58 +0000 2017,"@131023 send an update in f1s for call recording apps support, no app is supporting in the phone.",2599526,OPPOCareIN,Fri Nov 17 06:17:25 +0000 2017,"@735907 We regret your experience. Please elaborate us your exact issue via DM so that we can assist you in a better way.

Rishi",
2599525,735907,Thu Nov 16 14:21:58 +0000 2017,"@131023 send an update in f1s for call recording apps support, no app is supporting in the phone.",2599524,OPPOCareIN,Fri Nov 17 06:12:09 +0000 2017,"@735907 @131023 We regret your experience. Please elaborate us your exact issue via DM so that we can assist you in a better way.

Rishi",
2599528,735908,Thu Nov 16 15:28:17 +0000 2017,I'm using OPPO F1 Plus which is Volte compatible. Still I'm unable to avail Airtel's volte service. @131023 @166145,2599527,OPPOCareIN,Fri Nov 17 06:03:04 +0000 2017,"@735908 That sound's odd. Please reach out to us in DM so that we can assist you in a better way.

Rishi",
2599530,735909,Thu Nov 16 17:24:07 +0000 2017,"@131023 oppo f1 plus mobile network is not working is there any near by customer service center in hyderabad.
Kindly contact 9704359024.
Urgent pls...",2599529,OPPOCareIN,Fri Nov 17 05:46:24 +0000 2017,"@735909 Dear Sai, we regret your experience. Please reach out to us in DM so that we can assist you in a better way.

Rishi",
2599532,735910,Thu Nov 16 17:27:51 +0000 2017,@131023 .wen we will get f565 gb,2599531,OPPOCareIN,Fri Nov 17 05:42:39 +0000 2017,"@735910 @131023 We would like to inform you that F5 (64GB ROM) will be available from December onwards.

Rishi",
2599534,735911,Fri Nov 17 11:53:42 +0000 2017,@OPPOCareIN We still on android 5.1 while the whole world has upgraded to 7 and beyond,2599536,OPPOCareIN,Fri Nov 17 12:08:00 +0000 2017,"@735911 We have released Marshmallow for OPPO F1s. Kindly visit our Service Center to get your device upgraded. https://t.co/CV19z2qTA4  
Please do not forget to take the backup of your data before the upgrade as entire data will be wiped out during the process.",
2599535,735911,Thu Nov 16 18:16:56 +0000 2017,@131023 do you still have any updates for f1s,2599533,OPPOCareIN,Fri Nov 17 05:25:52 +0000 2017,"@735911 Please let us know the update that you are asking for in OPPO F1s.

Rishi",2599534
2612159,543016,Fri Nov 17 07:13:21 +0000 2017,@OPPOCareIN Since last 3 months I'm bored hearing the same thing again and again. I can't even expand notification of several apps like i do in other phones. Will you rectify it?,2612158,OPPOCareIN,Fri Nov 17 07:27:23 +0000 2017,"@543016 At OPPO, we always strive for customer satisfaction. We have forwarded your feedback to our concerned team.",
2612161,543016,Fri Nov 17 05:37:02 +0000 2017,@131023 But never get an Android update.,2612160,OPPOCareIN,Fri Nov 17 07:11:48 +0000 2017,"@543016 Dear Chinmaya, we would like to inform you that once the Android update is available for OPPO F3 you will be notified through our social media pages. Hence we request you to stay tuned to it. https://t.co/8mhSebgBFk  

Rishi",2612159
2662150,750307,Sun Nov 19 02:19:16 +0000 2017,@OPPOCareIN Not a satisfactory answer. Atleast u guys should had provided a specific month &amp; year or date by which we can expect an upgrade. Just giving a generalized statement won't help.,2662152,OPPOCareIN,Mon Nov 20 05:21:28 +0000 2017,"@750307 We apologize if you felt like that. Currently, there is no formal notice of the release date, hence we request you to stay tuned to our social media for any further update. https://t.co/8mhSebycwS",
2662151,750307,Sat Nov 18 12:52:56 +0000 2017,"@OPPOCareIN Oppo A57. Even thoug Oppo offers a good specs phone, no Android updates are provided.",2662149,OPPOCareIN,Sat Nov 18 13:00:19 +0000 2017,@750307 Thank you for helping us with your device name and sharing your feedback. Once the Android update is available for OPPO A57 you will be notified through our social media pages. Please stay tuned to it. https://t.co/Sr8pBdirAy,2662150
2662155,750308,Sat Nov 18 12:09:20 +0000 2017,"@OPPOCareIN @131023 Oppo f 1 s...
We spend 18k fr this phone nd we assured by oppo team that in recent time you will get update.
But nothing happened..",2662154,OPPOCareIN,Sat Nov 18 12:37:34 +0000 2017,"@750308 Android Marshmallow for OPPO F1s is released. Kindly visit your nearest OPPO Service Center to get your device upgraded. https://t.co/CV19z2qTA4
Please do not forget to take the backup of your data before the upgrade as entire data will be wiped out during the process.",
2662157,750310,Sat Nov 18 14:57:04 +0000 2017,@OPPOCareIN @750308 @131023 My phone is oppo a37fw,2662162,OPPOCareIN,Mon Nov 20 05:37:01 +0000 2017,"@750310 Thank you for contacting OPPO India. Please help us with your location details so that we can assist you in a better way.

Rishi",
2662158,750308,Sat Nov 18 09:59:14 +0000 2017,"Dear @131023 can u plzz tell us when your marshmallow update come...
We waited since 7 month and there is nothing.
Plzz tell us🙏",2662156,OPPOCareIN,Sat Nov 18 11:28:31 +0000 2017,"@750308 @131023 We would request you to help us with your device name so that we can assist you in a better way regarding the update.

Rishi","2662157,2662155"
2662159,764806,Sun Nov 19 05:04:30 +0000 2017,"@750308 @131023 Am having oppo F1 Plus, when i will get recent update ??",2727464,OPPOCareIN,Mon Nov 20 09:40:50 +0000 2017,@764806 We send regular ColorOS updates on our devices and recent version number of F1 Plus is (170829) which you can check from: Settings &gt; About phone &gt; Version. If your device is not updated to same then please follow the steps to update your device. Settings&gt;System update.,
2662161,750309,Sat Nov 18 09:47:04 +0000 2017,@131023 Hi. I want to buy OPPO f5 in 6GB RAM Red. Can you suggest me from where i can buy it or When it will be available in India online market?,2662160,OPPOCareIN,Sat Nov 18 11:41:29 +0000 2017,"@750309 OPPO F5 6GB variant will be available in the market from December onwards. The subject to market availability is also dependent upon the location of the warehouse from where it is distributed to another one, throughout the country. Stay tuned. https://t.co/8mhSebgBFk",
2662164,750311,Sat Nov 18 10:43:03 +0000 2017,"@166145 @OPPOCareIN ...i have A71, just changed the sim slot to accommodate 2 Sims, the 2nd sim has been deprived off it's network. Please help",2662163,OPPOCareIN,Sat Nov 18 11:22:51 +0000 2017,"@750311 We regret your experience. We would request you to contact customer support of Kenya as OPPO is available in the Kenya. They will assist you in a better way. Kindly visit the link ""https://t.co/VFrX3hjIVe"" for customer care details.

Rishi",
2662168,283411,Sat Nov 18 09:50:47 +0000 2017,"@131023 @131023 @OPPOCareIN  plz give me clarification and confirmation,will f3 and f3 plus get android nougat and Oreo update in future or not ? Will they continue with marshmallow till the end ? Give me confirmation oppo",2662165,OPPOCareIN,Sat Nov 18 10:37:23 +0000 2017,"@283411 We would like to inform you that currently there is no formal notice of Android update in F3 and F3 Plus. However, when it is available you will be notified through our social media pages.","2662166,2662167"
2662169,283411,Fri Nov 17 23:22:03 +0000 2017,@131023 will OPPO f3 plus will get nougat and Oreo update or not ?? And which one is better f3 plus or f5 ? Answer me OPPO,2662170,OPPOCareIN,Sat Nov 18 08:02:07 +0000 2017,"@283411 Once the Android update is available for F3 Plus you'll be notified through our social media pages. We would like to inform you that both are OPPO Flagship phones, please visit the link to find the one which is suitable for your. https://t.co/vzlDnJWjhz",2662180
2662173,150171,Sat Nov 18 09:29:43 +0000 2017,@131023 good smart phone thank you oppo,2662172,OPPOCareIN,Sat Nov 18 09:38:08 +0000 2017,"@150171 Thank you for your wonderful feedback. Have a great day ahead.

Rishi",
2662175,750312,Sat Nov 18 08:22:10 +0000 2017,@OPPOCareIN Can you also please let me know if F3 can be upgrade to Android N and O ?,2662174,OPPOCareIN,Sat Nov 18 08:53:38 +0000 2017,@750312 Once the android update is available for OPPO F3 you will be notified through our social media pages. Hence we request you to please stay tuned to it. https://t.co/8mhSebgBFk,
2662178,750312,Sat Nov 18 05:06:26 +0000 2017,Dear @131023 can you tell me what's this notification symbol means in #Oppo F3??  @102762 https://t.co/LAraVczaCk,2662179,OPPOCareIN,Sat Nov 18 06:54:56 +0000 2017,"@750312 We would like to inform you that marked symbol indicates that battery saver mode is on.

Rishi",2662181
2662178,750312,Sat Nov 18 05:06:26 +0000 2017,Dear @131023 can you tell me what's this notification symbol means in #Oppo F3??  @102762 https://t.co/LAraVczaCk,2662176,OPPOCareIN,Sat Nov 18 07:44:35 +0000 2017,"@750312 While our team is well trained to avoid such mistakes, yet there are times where human error takes place and have already taken this into account. Moreover, we request you to ignore the previous tweet and note that the symbol indicates eye protection and not battery saver.","2662175,2662177"
2662183,750313,Sat Nov 18 06:33:34 +0000 2017,"@131023 I want update in Android version.
And its twin (R9) has marshmallow based stock rom.
But I want Indian update.",2662182,OPPOCareIN,Sat Nov 18 06:45:51 +0000 2017,"@750313 At OPPO, we always strive for customer satisfaction. We have forwarded your feedback to our concerned team.",
2662186,750314,Fri Nov 17 17:08:12 +0000 2017,@131023 @OPPOCareIN i have not received any solution to my complaint..even after sending numerous emails..its been more than week now,2662185,OPPOCareIN,Sat Nov 18 05:06:09 +0000 2017,"@750314 We apologize for the inconvenience caused. Please reach out to us in DM so that we can look into it.

Rishi",
2662186,750314,Fri Nov 17 17:08:12 +0000 2017,@131023 @OPPOCareIN i have not received any solution to my complaint..even after sending numerous emails..its been more than week now,2662188,OPPOCareIN,Tue Nov 21 09:21:28 +0000 2017,"@750314 @131023 Dear Rahul, we haven't got any message from your side. Please reach out to us in DM so that we can assist you in a better way.",
2662187,788060,Sun Nov 26 03:20:16 +0000 2017,"@750314 @131023 @OPPOCareIN I am using oppof1s since 1 year, when I checked my message log I saw that the text messages I received previously appears multiple times, which seems embrassing to me.
Please let me know how to fix it. 
Thank you",2830071,OPPOCareIN,Tue Nov 28 05:19:43 +0000 2017,"@788060 Hi Amrit, we want to inform you that we haven't received any message from your side. We request you to reach out to us in the direct message so that we can help you in resolving the issue.",
2662187,788060,Sun Nov 26 03:20:16 +0000 2017,"@750314 @131023 @OPPOCareIN I am using oppof1s since 1 year, when I checked my message log I saw that the text messages I received previously appears multiple times, which seems embrassing to me.
Please let me know how to fix it. 
Thank you",2830070,OPPOCareIN,Mon Nov 27 04:30:57 +0000 2017,"@788060 We regret your experience. We would request you to reach out to us in DM so that we can look into it.

Rishi",
2665525,750992,Thu Oct 26 06:46:43 +0000 2017,@131023 Bakwas compi,2665524,OPPOCareIN,Fri Oct 27 06:58:19 +0000 2017,"@750992 Dear Yash, that's not the experience we want you to have. Please reach out to us in DM so that we can assist you in a better way.
Rishi",
2665528,750993,Thu Oct 26 14:48:28 +0000 2017,@131023 @131023 where I purchase oppo power bank with vooc charging for my f3plus in India online????,2665527,OPPOCareIN,Fri Oct 27 05:51:19 +0000 2017,"@750993 Currently, VOOC power bank is not  available in India. Please stay tuned to our website ""https://t.co/Sr8pBdirAy"" for latest update.
Rishi",
2665530,303680,Thu Oct 26 14:15:53 +0000 2017,"@166145  @OPPOCareIN @131023 
Stop doing cheap things and release the OTA update for Oppo f1s else give a link for manual update.",2665529,OPPOCareIN,Fri Oct 27 04:58:59 +0000 2017,"@303680 Dear Imad, we would request you to please reach out to us in DM so that we can assist you regarding your concern.
Rishi",
2717309,647933,Mon Nov 20 05:41:53 +0000 2017,@OPPOCareIN Can we disable?,2717311,OPPOCareIN,Tue Nov 21 09:26:49 +0000 2017,"@647933 We want to inform you that default applications can't be disabled. Please let us know for any further assistance.

Rishi",
2717310,647933,Mon Nov 20 05:31:24 +0000 2017,How to uninstall security and cleaning app from opps f1s @OPPOCareIN @131023,2717308,OPPOCareIN,Mon Nov 20 05:40:28 +0000 2017,"@647933 We would like to inform you that it is a default application which can't be uninstalled.

Rishi",2717309
2717314,762694,Sun Nov 19 05:12:26 +0000 2017,"@OPPOCareIN Will we get Nougat update in OPPO F1s?
Is OPPO working on it or Just planning?
Expected Date of release?",2717312,OPPOCareIN,Mon Nov 20 05:14:37 +0000 2017,"@762694 Once the Nougat update is available for OPPO F1s you'll be notified through our social media pages. Hence we request you to stay tuned to it. https://t.co/8mhSebycwS 

Rishi",2717313
2717316,762695,Mon Nov 20 12:46:54 +0000 2017,"@OPPOCareIN My current version is 170527,
There is no options to update manually, https://t.co/9OzRdORq6Z",2717319,OPPOCareIN,Tue Nov 21 04:36:52 +0000 2017,@762695 We would request you to follow the steps: Settings &gt; Additional settings &gt; Language &amp; Input Method &gt; Region &gt; Select India and then check whether the update is available. Please let us know if still update option is not available.,"2717320,2717321"
2717318,762695,Sun Nov 19 06:12:39 +0000 2017,@OPPOCareIN when we got os update for oppo f1 plus?,2717315,OPPOCareIN,Mon Nov 20 04:59:34 +0000 2017,"@762695 Dear Yasin, we send regular ColorOS updates on our devices and the latest OS version number (Build number) for F1 Plus is (170829). In order to update your device please follow the steps.

Settings &gt; System update.

Rishi","2717316,2717317"
2717320,762695,Sun Nov 26 04:12:15 +0000 2017,@OPPOCareIN I allready done all.,2717322,OPPOCareIN,Mon Nov 27 04:41:45 +0000 2017,@762695 We regret to inform you that in order to update the device you have to visit our service center. Please visit the link to find your nearest SC. https://t.co/CV19z2qTA4. Make sure to take the backup of all your data before visiting the SC.,
2717324,414819,Sun Nov 19 09:54:17 +0000 2017,"Hello, @131023 
Please Inform me #OPPOF5 64 Gb Available???
@166145 
@OPPOCareIN 
#OPPOF5 
Fast Answer.
🤔🤔🤔🤔🤔🙏🙏",2717323,OPPOCareIN,Mon Nov 20 04:44:29 +0000 2017,"@414819 Thank you for showing your interest in OPPO F5 (64GB ROM) variant. We would like to inform you that it will be available from December onwards.

Rishi",
2727449,283411,Mon Nov 20 17:11:28 +0000 2017,"@OPPOCareIN Dont take it negatively, I want to ask you one more query , is this screen guard sufficient to protect my oppo f3 plus from damages or should i buy tempered glass  ?",2727451,OPPOCareIN,Tue Nov 21 04:44:36 +0000 2017,"@283411 We would like to inform you that screen guard protects your device from minor scratches, however, for additional safety you can also use the tempered glass.",
2727450,283411,Mon Nov 20 10:20:02 +0000 2017,@OPPOCareIN Is it glass or cover?,2727448,OPPOCareIN,Mon Nov 20 12:41:53 +0000 2017,@283411 We would like to inform you that screen guard is made of the polyurethane.,2727449
2727453,283411,Mon Nov 20 06:52:02 +0000 2017,"@131023 I have received a screen guard attached to oppo f3plus 6gb ram version, is it screen guard or tempered glass?",2727452,OPPOCareIN,Mon Nov 20 10:18:57 +0000 2017,"@283411 We would like to inform you that it is a screen guard.

Rishi",2727450
2727455,171170,Mon Nov 20 11:21:55 +0000 2017,"We analyze pain points from our consumers when taking selfies to inform our product development. 
#OPPOF5 via @21395 ... What's ""pain points? @166145 @OPPOCareIN https://t.co/Sq6hsgmkOq",2727454,OPPOCareIN,Mon Nov 20 11:26:23 +0000 2017,"@171170 We would request you to contact customer support of Kenya for better assistance, as OPPO is available in the Kenya. They will assist you in a better way. Kindly visit the link ""https://t.co/VFrX3hBjMM"" for customer care details.
Rishi",
2727457,764805,Mon Nov 20 09:30:02 +0000 2017,"@OPPOCareIN Where should we reach ,we live in Dombivli, tell me my near by location",2727456,OPPOCareIN,Mon Nov 20 10:44:56 +0000 2017,@764805 We would like to inform you that by DM we refer to the Direct message.,
2727459,764805,Sun Nov 19 05:52:57 +0000 2017,"@131023 Oppo mobile is good , but ear phone with mobile I purchased from JIO stall. is not working as normal ear phone works, if mobile we use without ear phone we can not enjoy of the music, and other things which we want to listen through ear phone. Very bad experience",2727460,OPPOCareIN,Tue Nov 21 09:11:04 +0000 2017,"@764805 Dear Vikas, we haven't received any message from your side hence we request you to elaborate us the issue through message so that we can assist you in a better way.",
2727459,764805,Sun Nov 19 05:52:57 +0000 2017,"@131023 Oppo mobile is good , but ear phone with mobile I purchased from JIO stall. is not working as normal ear phone works, if mobile we use without ear phone we can not enjoy of the music, and other things which we want to listen through ear phone. Very bad experience",2727458,OPPOCareIN,Mon Nov 20 09:10:38 +0000 2017,"@764805 We are sorry to know your experience. Please reach out to us in DM so that we can assist you in a better way.

Rishi",2727457
2727463,647933,Mon Nov 20 05:57:34 +0000 2017,Can we disable the default apps..? @OPPOCareIN @131023,2727462,OPPOCareIN,Mon Nov 20 10:36:46 +0000 2017,"@647933 We would like to inform you that it is a default app which can't be disabled.

Rishi",
2727466,414819,Sun Nov 19 10:03:21 +0000 2017,"@131023 
@166145 
 #OPPOF5. 64 Gb Available in Market ??????
🤔🤔🤔🤔🤔🤔",2727465,OPPOCareIN,Mon Nov 20 09:05:38 +0000 2017,"@414819 Thank you for showing your interest in OPPO F5 (64GB ROM). We are glad to inform you that it will be available from December onwards.

Rishi",
2727468,764807,Sun Nov 19 14:03:55 +0000 2017,My oppo f3 plus's display went off in a month.I want replacement @166145 @131023 @118702 @133462 #fraudflipkart#fraudoppo,2727467,OPPOCareIN,Mon Nov 20 08:53:00 +0000 2017,"@764807 We regret your experience. Please reach out to us in DM so that we can assist you in a better way.

Rishi",
2727470,764808,Tue Nov 21 02:02:37 +0000 2017,@OPPOCareIN I didn't get you what is meant by DM?,2727472,OPPOCareIN,Tue Nov 21 04:19:36 +0000 2017,"@764808 Dear Ranjith, by DM we are referring to the Direct message.

Rishi",
2727471,764808,Sun Nov 19 19:18:56 +0000 2017,"@131023 
Never ever buy any Oppo mobile because the brand is only concerned about their sales and not about their customers. 
See the below attached photos for the proof of their customer support. They almost took one month for my query and still no response from them. https://t.co/KGVSANE7P9",2727469,OPPOCareIN,Mon Nov 20 08:00:01 +0000 2017,"@764808 We regret your experience. Please reach out to us in DM so that we can assist you in a better way.

Rishi",2727470
2727474,181708,Mon Nov 20 06:39:36 +0000 2017,@131023 This is Android Nougat feature,2727473,OPPOCareIN,Mon Nov 20 07:33:34 +0000 2017,"@181708 Yes it is android Nougat feature.

Rishi",
2727476,773619,Mon Nov 20 15:43:38 +0000 2017,@131023 Oppo is the best phone,2766212,OPPOCareIN,Tue Nov 21 06:30:20 +0000 2017,@773619 Thank you for your appreciation Viśhàĺ. Have a great day ahead. :),
275011,181708,Fri Oct 06 04:54:57 +0000 2017,@OPPOCareIN From where can I buy the OPPO VOOC Power Bank?,275010,OPPOCareIN,Fri Oct 06 05:04:44 +0000 2017,"@181708 Dear Navi, currently VOOC power bank is not available in India.

Rishi
OPPO Care",
2766202,773615,Tue Nov 21 08:57:41 +0000 2017,@131023 Hey...Are F3 and F3 Plus getting Nougat updates anytime soon?,2766201,OPPOCareIN,Tue Nov 21 09:02:21 +0000 2017,"@773615 Dear Sashankh, once the Nougat update is available for F3 and F3 Plus you will be notified through our social media pages. https://t.co/8mhSebycwS",
2766206,423454,Tue Nov 21 09:09:10 +0000 2017,@131023  very disappointed with oppo..A57 model came in january but still u r providing old version of android..where as in f series u r providing oreo nd nougat just because they cost little bit higher than A series,2766205,OPPOCareIN,Tue Nov 21 09:57:41 +0000 2017,"@423454 Dear Rajesh, we are sorry if you felt like that. We would like to inform you that you will be notified through our social media pages once the Nougat update is available for OPPO A57. Hence we request you to please stay tuned to it.  https://t.co/8mhSebycwS

Rishi",
2766208,773617,Mon Nov 20 13:40:07 +0000 2017,@131023 when are you going to launch Oppo F5 Plus?,2766207,OPPOCareIN,Tue Nov 21 08:51:06 +0000 2017,"@773617 Thank you for showing your interest in OPPO phones. We would like to inform you that currently there is no formal information about OPPO F5 Plus in India. Please stay tuned to our social page for any further updates. https://t.co/8mhSebycwS 

Rishi",
2766211,773618,Tue Nov 21 06:47:17 +0000 2017,@131023 facing major issues wd my new Handset #OppoF5 voice lag since d day i bought new handset...got it exchnged ....d 2nd phone has d same issue ..i feel like i wsted my 20k n half a month on d issue. Kindly solve d prblm asap,2766209,OPPOCareIN,Tue Nov 21 06:57:38 +0000 2017,"@773618 @131023 Dear Shipra, that's not the experience we want you to have. Please reach out to us in DM so that we can assist you in a better way. 

Rishi",2766210
2766214,773620,Mon Nov 20 18:09:33 +0000 2017,@131023 Please release latest andrioed update for oppo f3 plus....,2766213,OPPOCareIN,Tue Nov 21 06:23:18 +0000 2017,"@773620 Dear Hiren, once the Android update is available for OPPO F3 Plus, you'll be notified through our social media pages. Please stay tuned to it. https://t.co/8mhSebycwS 

Rishi",
2766216,773621,Tue Nov 21 03:58:48 +0000 2017,"@131023 
Dear sir,
Why u have gorilla glass protection when my screen broken short 0.5 feet put off &amp; care suggest to replace full cost of display then its cheating bcoz i bought phone only 9 month ago.",2766215,OPPOCareIN,Tue Nov 21 05:59:14 +0000 2017,"@773621 It's sad to know that your device screen got broken. We want to inform you that gorilla glass is scratch resistant glass and we request you to submit your device to our service center to get it repaired.

Rishi",
2817768,785451,Sat Nov 25 17:26:26 +0000 2017,When os colorOS 3.2 coming for oppo f1s.@OPPOCareIN,2817767,OPPOCareIN,Mon Nov 27 04:22:08 +0000 2017,"@785451 Dear Mohanraj, once ColorOS 3.2 is available for F1s, you'll be notified through our social media pages. Hence we request you to please stay tuned to it. https://t.co/8mhSebgBFk 

Rishi",
2817769,OPPOCareIN,Mon Nov 27 04:11:57 +0000 2017,"@750312 Dear Snehal, we regret the inconvenience caused. We would request you to reach out to us in DM so that we can look into it.

Rishi",2817770,OPPOCareIN,Tue Nov 28 05:34:22 +0000 2017,"@750312 Hi Sneha, we will surely help you regarding this issue. We want to know more about this hence please reach out to us in the direct message so that we can assist you in a better way.",
2817771,750312,Sun Nov 26 09:45:46 +0000 2017,@OPPOCareIN Dear @OPPOCareIN @131023 can you please help for this??,2817769,OPPOCareIN,Mon Nov 27 04:11:57 +0000 2017,"@750312 Dear Snehal, we regret the inconvenience caused. We would request you to reach out to us in DM so that we can look into it.

Rishi",2817770
2829999,788050,Mon Nov 27 12:03:21 +0000 2017,@OPPOCareIN I was told the same thing three/four months ago. You guys are lagging behind to get an Android Update. You do realise it's currently running on Android 5.. It's sad .,2829998,OPPOCareIN,Mon Nov 27 12:24:54 +0000 2017,"@788050 Dear Muzaffar, we would like to inform you that our team is working on the update and once it is available you'll be notified through our social media pages hence we request you to please stay tuned to it. https://t.co/8mhSebycwS",
2830001,788050,Sat Nov 25 17:42:04 +0000 2017,"@131023 @166145 It's an embarrassment to use #OppoF1Plus, coz it's still running on #Android 5.1
And you guys don't seem to do anything about it. #NeedAnUpdate #Oppo",2830000,OPPOCareIN,Mon Nov 27 11:51:43 +0000 2017,"@788050 Dear Muzaffar, we regret if you felt that way. Once the android update is available for F1 Plus, you'll be notified through our social media pages hence we request you to please stay tuned to it. https://t.co/8mhSebgBFk 

Rishi",2829999
2830003,150170,Sat Nov 25 15:45:36 +0000 2017,@131023 यह बहुत अच्छा मोबाईल है मेरा धन्यवाद,2830002,OPPOCareIN,Mon Nov 27 12:21:16 +0000 2017,"@150170 Hamein bahut khushi hui jankar ki apko hamara phone pasand aya. Apka din shubh ho.

Rishi",
2830006,607856,Mon Nov 27 17:22:40 +0000 2017,@OPPOCareIN But how much time⌚  did it take to get new version other mobile companies were giving oreo updates to their  mobile users but our OPPO devices were still run on Marshmallow  🐢🐢  Oppo giving updates very slowly why?,2830008,OPPOCareIN,Tue Nov 28 04:20:14 +0000 2017,"@607856 Dear Vinay, we would like to inform you that our team is working on the update. Once it is available you'll be notified through our social media pages hence we request you to please stay tuned to it. https://t.co/8mhSebgBFk",
2830007,607856,Sat Nov 25 16:12:49 +0000 2017,@131023 Why u can't give this update for old  oppo mobiles and my oppoa57,2830005,OPPOCareIN,Mon Nov 27 11:58:10 +0000 2017,"@607856 Dear Vinay, we provide regular ColorOS updates on our devices. Moreover, you will be notified once the update is available for your device. 

Rishi",2830006
2830011,217986,Sat Nov 25 18:35:26 +0000 2017,@131023 when will you launch r11 in India?,2830010,OPPOCareIN,Mon Nov 27 11:44:34 +0000 2017,"@217986 Thank you for showing your interest in OPPO camera phones. You'll be notified via our social media pages once R11 will be launch in India. Hence we request you to please stay tuned to it. https://t.co/8mhSebgBFk 

Rishi",
2830013,618424,Mon Nov 27 10:58:36 +0000 2017,@OPPOCareIN can you please improve the camera features in oppo f3 plus and also pleaae make an features option with saturation filter for capture more creative image,2830012,OPPOCareIN,Mon Nov 27 11:34:15 +0000 2017,@618424 Thank you for sharing your feedback with us. We have taken the due note of your feedback about the camera and same is forwarded to our respective team.,
2830016,618380,Mon Nov 27 11:06:13 +0000 2017,@OPPOCareIN Snd Upadte Oppo3 Nugat Virson,2830014,OPPOCareIN,Mon Nov 27 11:27:44 +0000 2017,"@618380 Dear Sonu, you'll be notified via our social media pages once the Nougat update is available for the F3 phone. Hence we request you to please stay tuned to it. https://t.co/8mhSebgBFk. Please let us know if you need any further assistance.",2830015
2830018,618380,Sun Nov 26 10:07:36 +0000 2017,@131023 Third qoulity mobile Oppo f3,2830017,OPPOCareIN,Mon Nov 27 11:04:10 +0000 2017,"@618380 Dear Sonu, we are sorry if you felt that way. We would request you to reach out to us in direct message so that we can look into it.

Rishi",2830016
2830021,345961,Sun Nov 26 06:15:13 +0000 2017,@131023 It.s really fancy set of the year....and its camera....awesme....i dont knw about the oppo f5 camera..if i dont buy it...when i click on any any spot....this phone tke a nice pic...actually take a real pic...overall it.s gorgeous....specially i used to say about facial unlock.,2830020,OPPOCareIN,Mon Nov 27 11:20:01 +0000 2017,"@345961 Thank you for your appreciation Shouvik. We are glad to know that you liked it. Have a great day ahead.

Rishi",
2830025,618424,Mon Nov 27 10:50:17 +0000 2017,@OPPOCareIN What about features adding in camera? What action taking for that complaint,2830023,OPPOCareIN,Mon Nov 27 11:13:23 +0000 2017,"@618424 Dear Akhils, we would like to inform you that we have already taken the due note of your feedback and it's forwarded to our team. Feel free to contact us if you need any assistance.",2830024
2830027,618424,Mon Nov 27 10:28:12 +0000 2017,@OPPOCareIN  kindly please make updation for oppo f3 plus &amp; also please include more feature to the camera like slow motion .now we are using thirdparty app to make slow motion.can u say what the use of these imx397 sony lens. Please make updation,2830026,OPPOCareIN,Mon Nov 27 10:48:25 +0000 2017,"@618424 Dear Akhils,  we provide regular ColorOS updates on our devices. You will be notified when the update will be available on your device. Moreover, we have taken the due note of your feedback and we'll look into the possibility.

Rishi",2830025
2830029,788051,Sun Nov 26 12:34:28 +0000 2017,@131023 only available in india?,2830028,OPPOCareIN,Mon Nov 27 10:15:04 +0000 2017,"@788051 Thank you for showing your interest in F5. Please help us with your location details so that we can assist you in a better way.

Rishi",
2830031,788056,Sun Nov 26 16:52:15 +0000 2017,@131023 HEart stolen model,2830046,OPPOCareIN,Mon Nov 27 09:15:13 +0000 2017,"@788056 Thank you for your loving words. Have a great day ahead. :)

Rishi",2830047
2830032,735910,Sun Nov 26 14:44:33 +0000 2017,@131023 .Which time the sale starts,2830039,OPPOCareIN,Mon Nov 27 09:46:14 +0000 2017,"@735910 Thank you for showing your interest in OPPO F5. We would like to inform you that Pre-order booking for OPPO F5 6GB is available on Flipkart from 27th Nov, 2017 to 1st Dec, 2017. Kindly visit the attached link to Pre-order (https://t.co/ki9z4OM9rJ).",2830040
2830033,788055,Sun Nov 26 17:46:07 +0000 2017,@131023 Love it,2830045,OPPOCareIN,Mon Nov 27 09:28:47 +0000 2017,"@788055 Thank your for your love and support. Have a wonderful day ahead. :)

Rishi",
2830034,788052,Sun Nov 26 12:36:05 +0000 2017,"@131023 Purchased oppo a57 a year ago... No android update then... No android update now... 
#feelingcheated
#waste'o'money",2830036,OPPOCareIN,Mon Nov 27 10:10:19 +0000 2017,"@788052 We apologize if you felt that way. We will notify you through our social media pages once the android update is available for A57. Please stay tuned to it. https://t.co/8mhSebgBFk 

Rishi",
2830035,618424,Mon Nov 27 04:23:35 +0000 2017,@131023 Only the best features you are gaving that all are waste on updation of os ..please update the os of oppo f3 plus,2830048,OPPOCareIN,Mon Nov 27 09:09:47 +0000 2017,"@618424 We are sorry if you felt that way. We would request you to reach out to us in direct message so that we can assist you in a better way.

Rishi",
2830038,788053,Sun Nov 26 13:14:01 +0000 2017,@131023 From Where Will the PreOrder Sale Start? Online or in Market for #OPPOF5 6GB RAM,2830037,OPPOCareIN,Mon Nov 27 09:49:09 +0000 2017,"@788053 Thank you for showing your interest in OPPO F5. We would like to inform you that Pre-order booking for OPPO F5 6GB is available on Flipkart from 27th Nov, 2017 to 1st Dec, 2017. Kindly visit the attached link to Pre-order (https://t.co/ki9z4OM9rJ).

Rishi",
2830040,735910,Tue Nov 28 07:18:52 +0000 2017,@OPPOCareIN .tnq so much I booked black 6gb version yesterday. Was waiting to book. So happy that I got it,2830041,OPPOCareIN,Tue Nov 28 07:24:43 +0000 2017,@735910 Wow! Welcome to our Family. 🙂,
2830044,788054,Sun Nov 26 16:19:37 +0000 2017,@131023 hi I look to buy OPPO F3PLUS Any store in Chennai or Madurai,2830042,OPPOCareIN,Mon Nov 27 09:35:04 +0000 2017,"@788054 Thank you for showing your interest in F3 Plus. We would request you to go through the link ""https://t.co/RGT8u0vte3""  for the information about your nearest OPPO exclusive store. 

Rishi",2830043
2830050,572184,Mon Nov 27 06:31:59 +0000 2017,Hey @131023 @166145 Any plans for @122609 #Oreo for #F5 ... u should have ideally launched it with #Oreo in India!!!,2830049,OPPOCareIN,Mon Nov 27 09:00:20 +0000 2017,"@572184 Dear Kartik, you will be notified through our social media pages once the Android update is available for F5. Hence we request you to please stay tuned to it. https://t.co/8mhSebgBFk 

Rishi",
2830052,283411,Mon Nov 27 08:41:20 +0000 2017,@131023 @166145 @OPPOCareIN Will oppo f3 plus  get colorOS 3.2 update??,2830051,OPPOCareIN,Mon Nov 27 08:55:25 +0000 2017,"@283411 Dear Teja, we will notify you through our social media pages once the ColorOS 3.2 is available for F3 Plus. Hence we request you to stay tuned to it. https://t.co/8mhSebgBFk",
2830055,788056,Mon Nov 27 07:34:55 +0000 2017,@131023 this is my small  suggation..,2830053,OPPOCareIN,Mon Nov 27 07:50:53 +0000 2017,"@788056 Dear Kunta, thank you for reaching out to us. Please share your proposal at ""__email__"".

Rishi",2830054
2830060,788058,Mon Nov 27 06:05:50 +0000 2017,@OPPOCareIN Sir F5 6GB Red colour ka price kya h,2830059,OPPOCareIN,Mon Nov 27 07:01:17 +0000 2017,"@788058 Thank you, Ankit for showing your interest in OPPO F5 (6GB RAM, Red). We would like to inform you that price of same is 24,990 INR.

Rishi",
2830063,338291,Sun Nov 26 08:14:48 +0000 2017,"@OPPOCareIN @166145 @131023 @120602 @30938 @116327
Dear Oppo due to your faulty software update for oppo f5, I am unable to use Jio SMS service.
So you are requested to kindly provide new software update at the earliest.
M. 8528666000",2830062,OPPOCareIN,Mon Nov 27 06:53:15 +0000 2017,@338291 We regret the inconvenience caused. Please follow the steps to resolve the issue.Settings &gt; Dual SIM &amp; Cellular &gt; SIM &gt; Access point names(APN) &gt; Reset to default. Please let us know if the issue is not resolved.,
2830065,555387,Sun Nov 26 06:22:47 +0000 2017,@OPPOCareIN Is OPPO F3 PLUS getting any update?,2830064,OPPOCareIN,Mon Nov 27 05:30:03 +0000 2017,"@555387 We would like to inform you that the latest version number of your device is (170715). Which you can check from given steps- Settings &gt; About  Phone &gt; Version. Moreover, you will be notified when there will be new update available for your device.

Rishi",
2830067,346870,Sun Nov 26 15:20:11 +0000 2017,"Upgraded my oppo f1s to Marshmallow Android 6.0. 
Process
Download zip file.
Format phone .
Loose apps. Why can't it be done like on any other normal phone without loosing apps on it.

Also, pathetic colorOS. Cannot rearrange icons on screen. 
Stock android is better @166145",2830066,OPPOCareIN,Mon Nov 27 05:10:37 +0000 2017,"@346870 Dear Akshay, we regret your experience. We would request you to reach out to us in DM so that we can look into the issue.

Rishi",
2830069,788059,Sun Nov 26 14:56:15 +0000 2017,@OPPOCareIN  OPPO a57 When will the new system update  come....,2830068,OPPOCareIN,Mon Nov 27 04:57:56 +0000 2017,"@788059 We would like to inform you that latest version of your device is (170930). Please follow the steps to find same - Settings&gt;About phone&gt;Version number.   Moreover, you will be notified when there will be new update available for your device.

Rishi",
2847152,303680,Mon Nov 27 12:16:19 +0000 2017,@166145 @OPPOCareIN what is this nonsense bar popping on my screen every time. https://t.co/w6htI8J8ln,2847151,OPPOCareIN,Mon Nov 27 12:45:38 +0000 2017,"@303680 Dear Mohd Imaduddeen, we regret for the inconvenience caused. Please help us with the information in the direct message so that we can assist you in a better way.

Rishi",
286182,184183,Tue Sep 12 08:16:57 +0000 2017,@OPPOCareIN Agreed! we r luking into the marshmallow update in OPPO F1Plus. Guide us how we should get that.,286184,OPPOCareIN,Tue Sep 12 09:16:19 +0000 2017,"@184183 When Android update is available for OPPO F1 Plus, your device will receive a notification. Stay tuned for further updates.

Divya
OPPO Care",286185
286183,184183,Thu Aug 31 07:38:58 +0000 2017,@184185 @OPPOCareIN @14484 @131023 @166145 Oppo team - what about the update for the Android New version for OPPO F1 Plus?,286181,OPPOCareIN,Thu Aug 31 09:19:08 +0000 2017,"@184183 In fact, it has more features such as lock screen magazine, gestures and security centre. 
Regards
Rishi
OPPO Care (3/3)",286182
286185,184183,Sun Sep 17 05:42:38 +0000 2017,"@OPPOCareIN And when that will be? 
Date?",286186,OPPOCareIN,Mon Sep 18 06:04:34 +0000 2017,"@184183 Hi! Keep an eye on our social media pages. We will announce it when Android Marshmallow is released for OPPO F1 Plus.

Divya
OPPO Care",286187
286190,184183,Wed Apr 05 10:49:14 +0000 2017,"Any update on latest android ver for OPPO F1 Plus?
@14484 @131023 @166145 @184185 @184183 https://t.co/o0B5VhWTxn",286189,OPPOCareIN,Wed Apr 05 12:52:19 +0000 2017,@184183 @14484 @131023 @166145 @184185 Marshmallow android update will be launched in first week of May. Please stay tuned with our official website for further information.,286188
2884782,345964,Tue Nov 28 02:07:30 +0000 2017,"@131023 Still not received nougat update for oppo f3 plus, compared to other companies they released update for their model, why oppo behave like this,",2884781,OPPOCareIN,Tue Nov 28 10:25:35 +0000 2017,@345964 We would like to inform you that our team is working on the update and once it is available for F3 Plus you'll be notified through our social media pages. Please stay tuned. https://t.co/8mhSebgBFk,
2884785,800198,Tue Nov 28 10:02:41 +0000 2017,@131023 when will oppo f3 get android 7.0,2884784,OPPOCareIN,Tue Nov 28 10:12:48 +0000 2017,@800198 Thank you for reaching out to us Umang. We would like to inform you that currently there is no formal notice about Nougat update in F3. Once it is available you'll be notified through our social media pages. https://t.co/8mhSebgBFk . #Staytuned.,
2884788,788056,Tue Nov 28 09:31:37 +0000 2017,@131023 It's looking so beautiful in the red,2884786,OPPOCareIN,Tue Nov 28 10:03:27 +0000 2017,"@788056 Thank you for the appreciation. Have a nice day. :)

Rishi",2884787
2884792,800199,Tue Nov 28 09:56:18 +0000 2017,@OPPOCareIN Can I buy it in Pakistan 🇵🇰?,2884790,OPPOCareIN,Tue Nov 28 09:59:26 +0000 2017,"@800199 We request you to contact the customer support of Pakistan on 0800-0-6776, for assistance regarding the purchase. Please visit the link ""://bit.ly/2uRrxIl"" for customer care details. Feel free to contact us anytime in case you need any help.",2884791
2884794,800199,Tue Nov 28 09:52:12 +0000 2017,@OPPOCareIN I just wanted to know that what is the price of OPPO_F5,2884793,OPPOCareIN,Tue Nov 28 09:55:20 +0000 2017,"@800199 Thank you for showing interest in OPPO F5. We have launched OPPO F5 in two variants and the prices for the same are: 
OPPO F5 (32GB ROM)- 19990/- INR 
OPPO F5 (64GB ROM)- 24990/- INR",2884792
2884796,800199,Tue Nov 28 09:39:41 +0000 2017,"@131023 Good 
Can I ask you a question?",2884795,OPPOCareIN,Tue Nov 28 09:50:20 +0000 2017,"@800199 Hi Siraj, thank you for contacting us. Please let us know your concern so that we can assist you in a better way.

Rishi",2884794
2884800,OPPOCareIN,Tue Nov 28 06:06:45 +0000 2017,"@800200 data without approval from customer’s end. With the Global Security Support from our server partner and comply all Privacy Protect Regulations, OPPO provide the worry-free guardian towards any personal data and information wherein OPPO, as well as any 3rd Parties, can’t pull(2/3)",2884798,OPPOCareIN,Tue Nov 28 06:07:43 +0000 2017,"@800200 out and take the use of it in any matter. We welcome any oversight from Government and Media which results to the same thumb rule OPPO always follow.

Rishi (3/3)",2884799
2884801,OPPOCareIN,Tue Nov 28 06:06:24 +0000 2017,"@800200 As of now, we have not yet received any related notice regards to this. To protect personal private data with alignments to related Laws &amp; Regulations for Pan India customers is always the thumb rule for OPPO India. OPPO won't, and it’s forbidden strictly that upload any (1/3)",2884800,OPPOCareIN,Tue Nov 28 06:06:45 +0000 2017,"@800200 data without approval from customer’s end. With the Global Security Support from our server partner and comply all Privacy Protect Regulations, OPPO provide the worry-free guardian towards any personal data and information wherein OPPO, as well as any 3rd Parties, can’t pull(2/3)",2884798
2884802,800200,Tue Nov 28 03:52:40 +0000 2017,@800201 @131023 Data theft happens from this phone. China keeping tabs from its manufactured oppo,2884801,OPPOCareIN,Tue Nov 28 06:06:24 +0000 2017,"@800200 As of now, we have not yet received any related notice regards to this. To protect personal private data with alignments to related Laws &amp; Regulations for Pan India customers is always the thumb rule for OPPO India. OPPO won't, and it’s forbidden strictly that upload any (1/3)",2884800
2896609,131024,Tue Nov 28 12:28:59 +0000 2017,@131023 how to upgrade marshmallow for OPPO f1s,2896608,OPPOCareIN,Tue Nov 28 12:47:00 +0000 2017,@131024 We would like to inform you that you can upgrade your device from our SC. Please take backup of files before visiting the SC. You can find your nearest SC from given link. https://t.co/CV19z2qTA4,
2896611,279724,Tue Nov 28 07:31:49 +0000 2017,@OPPOCareIN how to reach safe mode in oppo f3,2896610,OPPOCareIN,Tue Nov 28 12:43:18 +0000 2017,"@279724 Dear Allwyn, we regret to inform you that there is no safe mode in OPPO F3. However, we have taken due note of your feedback.",
2896613,802609,Tue Nov 28 13:14:24 +0000 2017,"@OPPOCareIN Thanks for this tweet , am surprised U r working for Oppo and r not aware of ur own products.
😁",2896615,OPPOCareIN,Wed Nov 29 05:03:43 +0000 2017,"@802609 Hi Nirav, we would like to inform you that the pictures shared by you  is of OPPO F3 plus which comes with 6GB and 4GB variant and device you mentioned on your 1st tweet (OPPO F3) (1/2)",2896616
2896614,802609,Tue Nov 28 12:11:01 +0000 2017,@OPPOCareIN  https://t.co/JsnIZys94I,2896612,OPPOCareIN,Tue Nov 28 12:17:08 +0000 2017,@802609 Thank you for helping us with the information. We want to inform you that as of now there is no formal notice about the Android update in F3 Plus. Once it is available we will notify you through our social media pages. Please stay tuned. https://t.co/8mhSebgBFk.,2896613
2896615,OPPOCareIN,Wed Nov 29 05:03:43 +0000 2017,"@802609 Hi Nirav, we would like to inform you that the pictures shared by you  is of OPPO F3 plus which comes with 6GB and 4GB variant and device you mentioned on your 1st tweet (OPPO F3) (1/2)",2896616,OPPOCareIN,Wed Nov 29 05:03:59 +0000 2017,"@802609 which only comes with 4GB  ram. In order to assist you in a best possible manner and provide the accurate information, our team did request you to share the model number you are using. (2/2)",2896617
2896620,802609,Tue Nov 28 10:24:19 +0000 2017,@131023 is there any chance for f3-6 GB to get Oreo update or will only run with marshmallow.,2896618,OPPOCareIN,Tue Nov 28 11:46:05 +0000 2017,"@802609 Dear Nirav, thank you for reaching out to us. We would request you to help us with the exact device name, as OPPO F3 comes only in 4GB RAM.

Rishi","2896614,2896619"
2933137,811117,Tue Nov 28 21:53:16 +0000 2017,@131023 Does your A57 Duo rely have a snapshot camera and if yes where can I get it because I am using it but have not found the snapshot menu?,2933136,OPPOCareIN,Wed Nov 29 05:52:28 +0000 2017,"@811117 Thank you for reaching out to us. We would request you to contact customer support of Kenya, as OPPO is available in the Kenya. They will assist you in a better way. Kindly visit the link ""https://t.co/VFrX3hjIVe"" for customer care details.

Rishi",
2933140,811119,Wed Nov 29 03:47:16 +0000 2017,@131023  red colar ka smartphone kab milega  6 gb,2933139,OPPOCareIN,Wed Nov 29 05:38:52 +0000 2017,"@811119 Thank you, Vikas for showing your interest in OPPO F5 (Red). We would like to inform you that it will be available from 9th December onwards. 
Rishi",
2943717,813220,Wed Nov 29 08:25:53 +0000 2017,@131023 opp R11 &amp; R11 Plus Releasing Date in india ??? i have waiting this phone to launch in INDIA,2943716,OPPOCareIN,Wed Nov 29 10:53:52 +0000 2017,"@813220 Thank you for showing your interest in OPPO phones. We would like to inform you that currently there is no formal notice about R11 and R11 Plus launch in India. 

Rishi",
2975755,207651,Wed Nov 15 19:05:19 +0000 2017,@131023 @OPPOCareIN @166145 Team F1s plus is still having older version of android 5.1 whereas rest phones have reached 7.1. R u noy interested in upgrading or just makinh new phones?????  We are waiting for new update seriously,2975754,OPPOCareIN,Thu Nov 16 05:18:35 +0000 2017,"@207651 Dear Sunny, please let us know whether you are using OPPO F1 Plus or OPPO F1s so that we can assist you regarding the update.

Rishi",
312777,190699,Sat Oct 07 04:26:57 +0000 2017,"@OPPOCareIN I don't want any third party apps, third party apps needs a internet connection. So need a inbuilt option (direct video call).",312779,OPPOCareIN,Sat Oct 07 05:09:40 +0000 2017,"@190699 however, we have taken due note of your feedback and shared same with our team.

Rishi
OPPO Care (2/2)",
312777,190699,Sat Oct 07 04:26:57 +0000 2017,"@OPPOCareIN I don't want any third party apps, third party apps needs a internet connection. So need a inbuilt option (direct video call).",312780,OPPOCareIN,Sat Oct 07 05:09:25 +0000 2017,"@190699 Dear சிவா, as of now there is direct video call feature for OPPO F1f, (1/2)",
312778,190699,Fri Oct 06 15:08:11 +0000 2017,@OPPOCareIN there is no option for direct video calling in OPPO F1f. Please update this feature in next update. It's my humble request.,312776,OPPOCareIN,Sat Oct 07 04:22:19 +0000 2017,"@190699 Dear சிவா, we would like to inform you can do the video call from third-party apps like WhatsApp, Hike, Skype, etc. (1/2)",312777
312778,190699,Fri Oct 06 15:08:11 +0000 2017,@OPPOCareIN there is no option for direct video calling in OPPO F1f. Please update this feature in next update. It's my humble request.,312781,OPPOCareIN,Sat Oct 07 04:22:40 +0000 2017,"@190699 Moreover, we have taken due note of your feedback.

Rishi
OPPO Care (2/2)",
312802,190703,Sat Oct 07 16:04:23 +0000 2017,@OPPOCareIN I'm visit in OPPO service center but 1 month after again hanging problem,312804,OPPOCareIN,Mon Oct 09 06:04:58 +0000 2017,"@190703 Hi Lokesh, could you please elaborate when exactly are you facing the hanging problem, so that we could assist you better. 

Pooja
OPPO Care",
312803,190703,Sat Oct 07 00:51:34 +0000 2017,@OPPOCareIN Sir oppo neo 7 in last update in  April 5 month and phone in very much hanging problem I'm reset my phone every 2-3 days https://t.co/fsScaU3kcZ,312801,OPPOCareIN,Sat Oct 07 04:07:37 +0000 2017,"@190703 Dear Lokesh, please visit our service centre for better help. https://t.co/CV19z2qTA4

Rishi
OPPO Care",312802
312806,190703,Fri Oct 06 00:27:49 +0000 2017,@131023  OPPO mobile company can't provide timely update and hanging problem very much please don't buy this phone try to other,312805,OPPOCareIN,Fri Oct 06 04:32:05 +0000 2017,"@190703 We regret your experience. Please reach out to us in DM so that we can assist you in a better way.

Rishi 
OPPO Care",312803
315210,191259,Sat Oct 07 06:57:41 +0000 2017,@OPPOCareIN hi! When are you going to release any android version update for oppo a37? 😭,315209,OPPOCareIN,Sat Oct 07 06:59:37 +0000 2017,"@191259 Please keep an eye on our social media pages. We'll announce it when Android update is released for OPPO A37.

Rishi
OPPO Care",
390727,208511,Mon Oct 09 04:45:08 +0000 2017,"Using #oppo #A57 from 2 months but it sholud have reboot option, Call record and double tap on the screen to lock phone. @131023",390728,OPPOCareIN,Mon Oct 09 13:00:13 +0000 2017,"@208511 @131023 Hi Rahul, we regret to inform you that the reboot option and double tap to lock the device is not available in OPPO A57. (1/1)",
390727,208511,Mon Oct 09 04:45:08 +0000 2017,"Using #oppo #A57 from 2 months but it sholud have reboot option, Call record and double tap on the screen to lock phone. @131023",390729,OPPOCareIN,Mon Oct 09 13:01:14 +0000 2017,"@208511 @131023 Moreover, we would like to inform you that call recording is available while you are on a call. (3/3)

Pooja
OPPO Care",2075790
390727,208511,Mon Oct 09 04:45:08 +0000 2017,"Using #oppo #A57 from 2 months but it sholud have reboot option, Call record and double tap on the screen to lock phone. @131023",390726,OPPOCareIN,Mon Oct 09 13:00:30 +0000 2017,"@208511 @131023 However, we would forward the feedback for the same. (2/2)",
423410,215803,Tue Oct 10 04:47:36 +0000 2017,"@OPPOCareIN Ok, waiting for your reply",423412,OPPOCareIN,Tue Oct 10 05:53:28 +0000 2017,"@215803 Please visit our service center, for further assistance. You may find the nearest service center using this link: https://t.co/CV19z2qTA4",
423411,215803,Sun Oct 08 18:26:07 +0000 2017,"@OPPOCareIN I have oppo f1s, after latest system update, trace data collected everyday approx 1 TB. It may be wrong https://t.co/dWl2eyU0lW",423409,OPPOCareIN,Tue Oct 10 04:45:11 +0000 2017,"@215803 Hi Pranjal, we are concerned. Please allow us some time, so that we can check and get back to you soon. 

Pooja
OPPO Care",423410
423414,215804,Mon Oct 09 15:25:26 +0000 2017,@131023 I wrote u about my idea for new camera functionality I hope u like it. If u call back to me I can clearly express my idea,423413,OPPOCareIN,Tue Oct 10 10:20:58 +0000 2017,"@215804 @131023 Hi Gurpreet, thank you for sharing your idea, your feedback has been forwarded to the concerned team. 

Pooja
OPPO Care",
427716,216716,Wed Oct 11 10:13:16 +0000 2017,"@OPPOCareIN thank you ，how can i reset my phone.lack
 of memory",427718,OPPOCareIN,Wed Oct 11 10:37:07 +0000 2017,"@216716 We request you to contact customer support of China, as OPPO is available in the China. They will assist you in a better way. (1/2)",427719
427717,216716,Tue Oct 10 11:20:24 +0000 2017,@OPPOCareIN hello i have something wrong with my oppo,427714,OPPOCareIN,Tue Oct 10 12:22:54 +0000 2017,"@216716 Hi Ciga, could you please elaborate your exact concern, so that we can assist you in a better way. 

Pooja
OPPO Care","427715,427716"
427718,OPPOCareIN,Wed Oct 11 10:37:07 +0000 2017,"@216716 We request you to contact customer support of China, as OPPO is available in the China. They will assist you in a better way. (1/2)",427719,OPPOCareIN,Wed Oct 11 10:37:25 +0000 2017,"@216716 Kindly visit the link ""https://t.co/EvTn51bw02"" for customer care details.

Pooja
OPPO Care
(2/2)",427720
427720,216716,Wed Oct 11 13:50:54 +0000 2017,@OPPOCareIN thank you,427721,OPPOCareIN,Thu Oct 12 06:49:25 +0000 2017,@216716 You're welcome :),
473027,227658,Fri Dec 01 00:33:20 +0000 2017,"@131023 
Since 6 months my oppo a57 mobile version is 6.0. when you update my oppo a57 version to 7.0",473026,OPPOCareIN,Fri Dec 01 06:27:13 +0000 2017,"@227658 We want to inform you that as of now there is no tentative date of Nougat update for A57. However, we will notify you once it is available for your device via our social media pages. https://t.co/8mhSebgBFk. #Staytuned",
473030,227659,Fri Dec 01 06:00:05 +0000 2017,@OPPOCareIN I am trying to connect you but no one is responding.,473032,OPPOCareIN,Fri Dec 01 06:29:33 +0000 2017,"@227659 Dear Sudhanshu, we regret the inconvenience caused. As we have checked someone from our team has messaged you. However, if you haven't received the message then please let us know so that we can take the action.",473033
473031,227659,Fri Dec 01 05:39:09 +0000 2017,"@131023 @OPPOCareIN In short and clear the scenario is my photos/gallery is locked,Whatsapp is locked,FB is locked. For example,When I share my pic from one whatsapp to FB,  it's not prompting for password to unlock FB before sharing the pic.Same in case of from Gallery to FB or whatsapp",473028,OPPOCareIN,Fri Dec 01 05:58:57 +0000 2017,"@227659 Dear Sudhanshu, thank you for contacting us. We would request you to reach out to us in the direct message so that we can assist you in a better way. 

Rishi","473029,473030"
473033,227659,Fri Dec 01 06:30:57 +0000 2017,"@OPPOCareIN Yes,  I have got the message. But it's not addressed upto the issue I am facing. And I am not getting any assurance from your side,  that it's going to be resolved in next release or patch.",473034,OPPOCareIN,Fri Dec 01 06:46:42 +0000 2017,@227659 As our team already informed you that we have taken the due note of your valuable feedback and we will forward the same to our concerned team.  Feel free to contact us for any further assistance.,473035
473035,227659,Fri Dec 01 06:48:24 +0000 2017,@OPPOCareIN Thanks for the same. Shall I hope for a speed review of it ?,473036,OPPOCareIN,Fri Dec 01 06:56:50 +0000 2017,@227659 As conveyed to you earlier we'll forward your feedback to our team and they will look into the possibility.,473037
473041,227660,Thu Nov 30 16:38:11 +0000 2017,@OPPOCareIN 7042991201,473039,OPPOCareIN,Fri Dec 01 05:22:22 +0000 2017,"@227660 Thank you for helping us with your contact details. We want to inform you that, as we have checked offer was not for the F3 Plus. Feel free to reach out to us for any further assistance.",473040
473043,227660,Sat Nov 25 13:36:57 +0000 2017,@OPPOCareIN OD11__credit_card__. This is the order id.,473042,OPPOCareIN,Mon Nov 27 06:42:09 +0000 2017,"@227660 Dear Gaurav, we would request you to help us with your contact details so that our team can get in touch with you.",473041
473043,227660,Sat Nov 25 13:36:57 +0000 2017,@OPPOCareIN OD11__credit_card__. This is the order id.,473044,OPPOCareIN,Mon Nov 27 05:39:12 +0000 2017,@227660 Thank you for helping us with your order number. We would like to inform you that we'll get back to you with the information about the gift.,
473047,227660,Sat Nov 25 07:40:48 +0000 2017,@OPPOCareIN This is utter cheating..... Your ad says buy an oppo phone and get exciting gift.  What wrong have I done??,473045,OPPOCareIN,Sat Nov 25 12:39:19 +0000 2017,"@227660 Dear Gaurav, we would request you to share the order details with us via DM so that we can look into it.","473043,473046"
473049,227660,Fri Nov 24 17:54:15 +0000 2017,"@OPPOCareIN Hello,  oppo customer care,  are you for real??  Do you really care for your customers?? #OPPOF5 #Oppo #oppocarein",473048,OPPOCareIN,Sat Nov 25 07:38:09 +0000 2017,"@227660 Dear Gaurav, we are sorry if you felt that way. As we have checked offer was not for the OPPO F3 Plus phone. Please let us know for any further assistance.",473047
473053,227660,Thu Oct 26 13:28:08 +0000 2017,@OPPOCareIN https://t.co/NGAVeMg32P,473051,OPPOCareIN,Fri Oct 27 12:07:25 +0000 2017,@227660 Thank you for helping us with the information. We'll get back to you.,"473049,473052"
473056,227660,Thu Oct 26 10:27:28 +0000 2017,@OPPOCareIN But why.. It was mentioned in ur ad not flipkarts,473054,OPPOCareIN,Thu Oct 26 12:44:56 +0000 2017,@227660 Please help us with your device name. Kindly share the information of the offer so that we can look into it.,"473055,473053"
473058,227660,Thu Oct 26 07:54:49 +0000 2017,@131023 I purchased it online via flipkart,473057,OPPOCareIN,Thu Oct 26 10:16:06 +0000 2017,@227660 We would request you to please contact Flipkart for same.,473056
473062,227661,Fri Dec 01 02:29:48 +0000 2017,@131023 But when will u gave Oppo f3 plus Nougat update...?,473061,OPPOCareIN,Fri Dec 01 05:13:46 +0000 2017,@227661 Thank you for contacting us. We want to inform you that as of now there is no formal notice of the Nougat update in F3 Plus. You’ll be notified via our social media pages once it is available. https://t.co/8mhSebgBFk. #staytuned,
547879,247477,Sat Dec 02 12:08:10 +0000 2017,@131023  Hey guys when will you gonn release ColorOS 3.2 for F3... Waiting for it eagerly.,547878,OPPOCareIN,Sat Dec 02 12:27:04 +0000 2017,"@247477 Dear Rudraksh, thank you for reaching out to us. We would like to inform you that you will be notified through our social media pages once the ColorOS3.2 update is available for OPPO F3. https://t.co/8mhSebgBFk. #staytuned

Rishi",
547882,166149,Sat Dec 02 08:02:24 +0000 2017,"@OPPOCareIN #oppoworst, slowest updates, worst software, oldest and useless software, unresponsive team @131023 @166145",547880,OPPOCareIN,Sat Dec 02 12:13:30 +0000 2017,"@166149 Dear Tom, we haven't received any information from your side. Hence we request you to reach out to us in the direct message so that we can further help you.",547881
547882,166149,Sat Dec 02 08:02:24 +0000 2017,"@OPPOCareIN #oppoworst, slowest updates, worst software, oldest and useless software, unresponsive team @131023 @166145",547885,OPPOCareIN,Sat Dec 02 08:55:20 +0000 2017,"@166149 It's sad to know if you felt that way. Please reach out to us in the direct message so that we can assist you further.

Rishi",
605660,263943,Wed Nov 22 09:16:28 +0000 2017,@OPPOCareIN What if I visit again and their internet is not working again at that time,605662,OPPOCareIN,Wed Nov 22 09:25:05 +0000 2017,"@263943 Dear Prabhat, we would request you to elaborate us the issue through message so that we can assist you in a better way.",605663
605661,263943,Wed Nov 22 09:02:37 +0000 2017,@166145 @131023 @OPPOCareIN very very poor service . In guwahati they cannot receive phone for service because internet not working. Customers need to visit again. Wasting time and energy of customers,605659,OPPOCareIN,Wed Nov 22 09:14:14 +0000 2017,"@263943 We apologize for the inconvenience caused. We would request you to reach out to us in DM so that we can look into it.

Rishi",605660
605663,263943,Wed Nov 22 09:28:36 +0000 2017,@OPPOCareIN I have oppo f1 plus with broken screen. Wanted to replace it but the person on reception said that they can not receive my phone because internet is not working and I have to visit again.,605664,OPPOCareIN,Wed Nov 22 09:37:21 +0000 2017,@263943 We are sorry for the inconvenience caused. We need more information on this hence please help with same in DM.,
605666,263944,Wed Nov 22 10:20:10 +0000 2017,"@OPPOCareIN We already have done that twice. but haven't received any reply from your side . Anyway i am sending email again on given email id with Proposal  
Thanks 
Fit infratech solutions LLP",605668,OPPOCareIN,Wed Nov 22 12:34:31 +0000 2017,@263944 Your patience is highly appreciated. We would like to inform you that our team will get in touch with you as per the requirement.,
605667,263944,Wed Nov 22 09:14:42 +0000 2017,@131023 Fit infratech is Infrastructre company which works to devlope india and converting city in to smart city .At the same time we create buisness opprotunity for brands . please do let us know whom should we contact for buisness opprotunity and outdoor advertisemnet,605665,OPPOCareIN,Wed Nov 22 10:06:08 +0000 2017,"@263944 Please share your proposal at ""__email__"".

Rishi",605666
605670,263945,Wed Nov 22 20:43:29 +0000 2017,"@OPPOCareIN Issue fixed, reset phone was the fix",605672,OPPOCareIN,Thu Nov 23 04:13:38 +0000 2017,@263945 Thank you for letting us know that the issue is fixed. Please let us know for any further assistance.,
605671,263945,Wed Nov 22 09:46:25 +0000 2017,@OPPOCareIN Would you elaborate DM?,605669,OPPOCareIN,Wed Nov 22 09:57:29 +0000 2017,"@263945 Sure, by DM we are referring to direct message.",605670
605674,263945,Tue Nov 21 14:47:38 +0000 2017,@131023 keyboard automatically changes to TouchPal.  Funny is.  Haha,605673,OPPOCareIN,Wed Nov 22 07:25:33 +0000 2017,"@263945 We regret your experience. Please reach out to us in DM so that we can look into it.

Rishi",605671
605677,263946,Tue Nov 21 05:47:00 +0000 2017,@OPPOCareIN Bettery kitne din chalti he mobile ki men A57 chala raha hun 15000 ₹ wala OPPO ka battery 🔋 sarvice kam he bhai,605678,OPPOCareIN,Tue Nov 21 06:09:24 +0000 2017,"@263946 We regret the inconvenience caused. Please elaborate us the exact issue regarding battery drainage so that we can assist you in a better way.

Rishi",
605677,263946,Tue Nov 21 05:47:00 +0000 2017,@OPPOCareIN Bettery kitne din chalti he mobile ki men A57 chala raha hun 15000 ₹ wala OPPO ka battery 🔋 sarvice kam he bhai,605675,OPPOCareIN,Wed Nov 22 07:40:19 +0000 2017,"@263946 Dear Irfan, we haven't received any message from you. We would request you to elaborate us the exact issue regarding battery drainage so that we can help you further.",605676
605680,263946,Tue Nov 21 05:39:52 +0000 2017,@131023 Kitne ka he ye mobile,605679,OPPOCareIN,Tue Nov 21 05:43:47 +0000 2017,"@263946 Hi Prakash, thank you for showing interest in OPPO F5. We have launched OPPO F5 in two variants and the prices for the same are:
OPPO F5 32gb- 19990/- INR 
OPPO F5 64gb- 24990/- INR

Rishi",605677
605683,263947,Tue Nov 21 14:07:35 +0000 2017,@131023 oppo f37 prise,605682,OPPOCareIN,Wed Nov 22 07:30:01 +0000 2017,"@263947 Thank you for showing your interest in OPPO phones. Please help us with the exact device name so that we can assist you with the price information.

Rishi",
605685,263949,Wed Nov 22 02:53:07 +0000 2017,@131023 गन्दा है ।,605701,OPPOCareIN,Wed Nov 22 06:28:45 +0000 2017,"@263949 We are sorry if you felt like that. Please DM us the issue so that we can look into it.

Rishi",
605686,661540,Sat Nov 11 06:09:31 +0000 2017,@131023 Price,2274364,OPPOCareIN,Sat Nov 11 06:26:14 +0000 2017,"@661540 Thank you for showing interest in OPPO F5. We have launched OPPO F5 in two variants and the prices for the same are: 
OPPO F5 32gb- 19990/- INR 
OPPO F5 64gb- 24990/- INR

Rishi",
605687,636041,Thu Nov 09 11:20:10 +0000 2017,@131023 Price kitna he iska,2167521,OPPOCareIN,Thu Nov 09 11:26:40 +0000 2017,"@636041 We have launched OPPO F5 in two variants and the prices for the same are:
 OPPO F5 32gb- 19990/- INR OPPO F5 64gb- 24990/- INR

Rishi",
605688,646993,Fri Nov 10 03:16:44 +0000 2017,"@131023 My phone Oppo F1s

Good",2214039,OPPOCareIN,Fri Nov 10 05:20:30 +0000 2017,"@646993 Thank you for sharing your feedback with us. Have a great day ahead. :D

Rishi",
605691,677236,Mon Nov 13 06:49:09 +0000 2017,@131023 I am mobile oppo f3 super mobile,2341233,OPPOCareIN,Mon Nov 13 09:34:59 +0000 2017,"@677236 Thanks for your appreciation. Have a great day ahead!

Rishi",
605692,677245,Mon Nov 13 04:29:49 +0000 2017,@131023 No beuty effect too ...???,2341286,OPPOCareIN,Mon Nov 13 05:39:18 +0000 2017,"@677245 We would like to inform you that OPPO F5 comes with A.I. beauty recognition technology that defies the paradox of combining Artificial 
Intelligence technology with organic beauty to create the most natural and stunning of selfies.

Rishi",
605693,677242,Sun Nov 12 19:08:37 +0000 2017,@131023 Price?,2341271,OPPOCareIN,Mon Nov 13 06:20:22 +0000 2017,"@677242 Thank you for showing interest in OPPO F5. We have launched OPPO F5 in two variants and the prices for the same are: OPPO F5 32GB - 19990/- INR OPPO F5 64GB- 24990/- INR.

Rishi",
605694,677247,Sat Nov 11 12:01:49 +0000 2017,@131023 Please frnds don't by any oppo aa after sales very poor not very it's v.v.v poor services and even after asking on tweeter and service center they don't bothered,2341292,OPPOCareIN,Sat Nov 11 13:20:02 +0000 2017,"@677247 Dear Abhay, we apologize for the inconvenience caused. Please elaborate us your issue via DM so that we can assist you in a better way.

Rishi",
605695,677241,Mon Nov 13 04:57:21 +0000 2017,@131023 ।आपके कंपनी के मीडिया या pr एजंसी का मोब नंबर sennt करे,2341265,OPPOCareIN,Mon Nov 13 06:42:53 +0000 2017,"@677241 Thank you for reaching out to us. Kindly share your query at ""__email__"".

Rishi",
605696,677237,Mon Nov 13 06:57:53 +0000 2017,@131023 I am OPPO user,2341234,OPPOCareIN,Mon Nov 13 09:29:15 +0000 2017,"@677237 How can we assist you? :)

Rishi",
605697,686775,Tue Nov 14 06:06:59 +0000 2017,@131023 Hi,2382206,OPPOCareIN,Tue Nov 14 06:12:06 +0000 2017,"@686775 Hi Adil, how can we assist you?

Rishi",
605698,811118,Wed Nov 29 01:23:11 +0000 2017,@131023 OPPO when's come with new model it's like bomb features everyone love to use that features with best quality with OPPO F5,2933138,OPPOCareIN,Wed Nov 29 05:47:18 +0000 2017,"@811118 Thank you for your wonderful words. Have a great day ahead. :)

Rishi",
605700,263948,Tue Nov 21 16:22:01 +0000 2017,@131023  👋 will Oppo F3 Plus Black 6 GB receive Oreo update?,605699,OPPOCareIN,Wed Nov 22 07:20:35 +0000 2017,"@263948 You will be notified through our social media pages once the Android update is available for OPPO F3 Plus phone. Please stay tuned to it. https://t.co/8mhSebycwS 

Rishi",
605703,263950,Wed Nov 22 04:54:28 +0000 2017,"@131023 why can't I change my launcher in #OPPOF5

Kindly look in the matter",605702,OPPOCareIN,Wed Nov 22 06:18:52 +0000 2017,"@263950 We regret to inform you that default launcher can't be changed in OPPO F5, however we have taken this as your feedback and we'll look into the possibility.

Rishi",
621677,267536,Mon Oct 02 10:39:02 +0000 2017,@131023 After coming the step of clear cache I was unable to do it,621676,OPPOCareIN,Mon Oct 02 11:01:05 +0000 2017,"@267536 We would request you to follow given steps to delete contacts.
1- Setting &gt; Contact&gt; delete in batches.

Rishi
OPPO Care",
634710,230836,Wed Oct 04 06:12:10 +0000 2017,@131023 When is the nougat update for oppo f3,634708,OPPOCareIN,Wed Oct 04 06:20:21 +0000 2017,"@230836 Keep an eye on our social media pages. We'll announce it when Android Nougat update is released for OPPO F3.

Rishi 
OPPO Care",634709
634713,270497,Wed Oct 04 04:39:39 +0000 2017,@OPPOCareIN How to locate nearest service centre,634712,OPPOCareIN,Wed Oct 04 04:44:40 +0000 2017,"@270497 You may find nearest one from given link https://t.co/CV19z2qTA4 😀

Rishi
OPPO Care",
634716,270497,Tue Oct 03 05:47:06 +0000 2017,"@OPPOCareIN 
Pls how to update my oppo f1s 6..0 so mundra near customer care",634718,OPPOCareIN,Tue Oct 03 05:53:17 +0000 2017,@270497 get your device upgraded. https://t.co/CV19z2qTA4.  Please do not forget to (2/3),
634716,270497,Tue Oct 03 05:47:06 +0000 2017,"@OPPOCareIN 
Pls how to update my oppo f1s 6..0 so mundra near customer care",634714,OPPOCareIN,Tue Oct 03 05:52:53 +0000 2017,@270497 We would like to inform you that we have released Android Marshmallow for OPPO F1s. Kindly visit your nearest OPPO Service Center to (1/3),"634715,634713"
634716,270497,Tue Oct 03 05:47:06 +0000 2017,"@OPPOCareIN 
Pls how to update my oppo f1s 6..0 so mundra near customer care",634717,OPPOCareIN,Tue Oct 03 05:53:32 +0000 2017,"@270497 take the backup of your data before the upgrade as entire data will be wiped out during the process.

Rishi
OPPO Care (3/3)",
634720,270498,Tue Oct 03 08:22:41 +0000 2017,@131023 @166145 Oppo India very bad service not working properly not working properly Google Voice Assistant not supported high level,634719,OPPOCareIN,Tue Oct 03 09:16:16 +0000 2017,"@270498 We regret your experience. Please elaborate us your exact concern so that we can assist you in a better way.

Rishi 
OPPO Care",
634722,270499,Tue Oct 03 06:23:26 +0000 2017,"@131023 @166145 F3 ,supper",634721,OPPOCareIN,Tue Oct 03 07:04:27 +0000 2017,"@270499 Dear Pasham, thank you for your kind words. 😀

Rishi
OPPO Care",
634726,270500,Tue Oct 03 05:38:45 +0000 2017,@OPPOCareIN Can you explain what is class 10 regards,634724,OPPOCareIN,Tue Oct 03 05:47:54 +0000 2017,"@270500 SD cards are generally described by their Speed Class, ranging from Class 2 (lowest) to Class 10 (fastest). 

Rishi
OPPO Care",634725
634728,270500,Tue Oct 03 04:09:50 +0000 2017,"@131023 I have OPPO A37fw please help me in selecting memo https://t.co/JlG73MX5XD many mbs wil b good, don't effect speed of cell",634727,OPPOCareIN,Tue Oct 03 05:25:29 +0000 2017,"@270500 OPPO A37 will support up to 128 GB memory. Please check it is of class 10 and ensure that it's of genuine brand. 😀

Rishi
OPPO Care",634726
634730,270501,Thu Nov 23 08:09:25 +0000 2017,@OPPOCareIN Thankyou so much Rishi. You'll recieve our work profile and tech ideas for the branding and promotions of OPPO Mobiles in terms of BTL marketing,634732,OPPOCareIN,Thu Nov 23 08:52:43 +0000 2017,@270501 Sure.,634733
634731,270501,Wed Nov 22 10:48:23 +0000 2017,"@131023 : You are Leaders when it comes to ATL Marketing, How about BTL Marketing? 

We have certain tech ideas where you consumers can directly feel and experience your Products in a visually stunning and in an evocative way. Give them the feel.",634729,OPPOCareIN,Wed Nov 22 11:14:43 +0000 2017,"@270501 Thank you for reaching out to us. Please share your proposal at ""__email__"".

Rishi",634730
634733,270501,Mon Nov 27 09:06:36 +0000 2017,@OPPOCareIN Deck sent to your branding team. But no response as of now.,634734,OPPOCareIN,Mon Nov 27 09:24:43 +0000 2017,@270501 Thank you for sending us your proposal. Our team will get in touch with you as per the requirement.,634735
634735,270501,Mon Nov 27 09:25:22 +0000 2017,@OPPOCareIN Thanks in advance :). Have a wonderful day ahead. :),634736,OPPOCareIN,Mon Nov 27 09:25:58 +0000 2017,@270501 You are welcome.,
634743,270504,Mon Oct 02 05:32:21 +0000 2017,@131023 kindly give android 7 update for oppo A57,634742,OPPOCareIN,Mon Oct 02 08:12:25 +0000 2017,"@270504 We have taken your feedback and we'll look into the possibilities. 

Rishi
OPPO Care",
634749,270507,Mon Oct 02 07:47:07 +0000 2017,"@OPPOCareIN Already I do complaints against this concern, but if I'm using same no in redmi phone then without any settings how can it's working awesome",634752,OPPOCareIN,Mon Oct 02 07:55:43 +0000 2017,"@270507 As requested you earlier, please ask your service provider to send configuration and APN settings on your device. If still issue (1/2)",
634749,270507,Mon Oct 02 07:47:07 +0000 2017,"@OPPOCareIN Already I do complaints against this concern, but if I'm using same no in redmi phone then without any settings how can it's working awesome",634751,OPPOCareIN,Mon Oct 02 07:56:05 +0000 2017,"@270507 occurs please visit our authorized service centre. You may find nearest one from given link https://t.co/CV19z2qTA4 
Rishi
OPPO Care (2/2)",
634750,270507,Mon Oct 02 07:34:22 +0000 2017,@OPPOCareIN Already I am following this setting in both slot.. But in bolt slot not getting internet speed https://t.co/aD7ZaTI4eA,634747,OPPOCareIN,Mon Oct 02 07:39:04 +0000 2017,"@270507 Please ask your service provider to send configuration and APN settings on your device. 

Rishi 
OPPO Care","634748,634749"
634754,270507,Mon Oct 02 06:57:28 +0000 2017,@OPPOCareIN Internet speed is very slow in OPPO f3,634755,OPPOCareIN,Mon Oct 02 07:25:41 +0000 2017,"@270507 Please follow the below-given troubleshooting steps.
1-Go To""Settings""&gt;Click On ""Dual Sim &amp; Mobile Network""&gt;Select Sim Click On Access(1/2)",
634754,270507,Mon Oct 02 06:57:28 +0000 2017,@OPPOCareIN Internet speed is very slow in OPPO f3,634753,OPPOCareIN,Mon Oct 02 07:25:58 +0000 2017,"@270507 Point Name""&gt; Click On ""i"" Icon&gt;Click On ""Bearer""&gt; Select""Unspecified""&gt;Click On ""Save""&gt;Click On""Reset To Default""

Rishi
OPPO Care (2/2)",634750
634758,270507,Mon Oct 02 06:36:28 +0000 2017,@131023 Only camera quality is good.. Otherwise no any good facilities available in oppo f3,634756,OPPOCareIN,Mon Oct 02 06:55:18 +0000 2017,"@270507 Dear RAVI, we regret your experience. Please DM us your exact concern so that we can assist you in a better way.

Rishi 
OPPO Care.","634754,634757"
634760,270508,Mon Oct 02 08:01:05 +0000 2017,@OPPOCareIN Wo toh hum ko v pata h lekin kab .I paid 31000 rupees and still using marshmello bt other company provide Android 7 to  14000 rupees phone,634761,OPPOCareIN,Wed Oct 04 06:40:33 +0000 2017,"@270508 At OPPO, we always strive for customer satisfaction. We have forwarded your feedback to our concerned team.

Rishi
OPPO Care",
634785,270517,Sat Sep 30 07:41:47 +0000 2017,@131023 :-Oppo mobile is very bad mobile.Service center is very bad.I have already taken this mobile oppo FIF. NO LONG LIFE MOBILE.,634784,OPPOCareIN,Sat Sep 30 11:56:47 +0000 2017,"@270517 We regret your experience. Please DM us your issue so that we can look into it.

Rishi 
OPPO Care",
634813,270531,Thu Sep 28 13:16:34 +0000 2017,@131023 @166145 WHERE ARE THE NOUGAT UPDATES.?,634812,OPPOCareIN,Fri Sep 29 05:14:14 +0000 2017,"@270531 Hi! We'll announce it when Android Nougat update is released for OPPO F3 Plus. Stay tuned with us.

Divya
OPPO Care",
634815,270532,Thu Sep 28 12:42:17 +0000 2017,@OPPOCareIN When ?,634814,OPPOCareIN,Fri Sep 29 05:05:20 +0000 2017,"@270532 Stay tuned to our social media pages for latest updates.

Divya
OPPO Care",
634817,270532,Thu Sep 28 12:18:56 +0000 2017,@OPPOCareIN  Can u send me the link of Oppo F1S Marshmallows update i want to update it myself bcoz service centre is far away,634816,OPPOCareIN,Thu Sep 28 12:41:44 +0000 2017,"@270532 Hi Salman, your device will receive a notification when OTA for Android Marshmallow update is released for OPPO F1s.

Divya
OPPO Care",634815
634819,270533,Wed Sep 27 15:26:32 +0000 2017,@131023 why don’t you get phones with wifi and hotspot without Camera. Now a days Camera phones are not allowed in offices,634818,OPPOCareIN,Thu Sep 28 07:31:45 +0000 2017,"@270533 Hi Gurmeet! Thank you for the feedback. We'll be sure to pass it on to our concerned team.

Divya
OPPO Care",
634821,OPPOCareIN,Thu Sep 28 06:58:26 +0000 2017,"@270534 Hi Shanthan! There's no need to miss it. We do have our Exclusive Store in Hyderabad. Address: Bldg. 16, Inorbit Mall, Sy. no 64(Part) (1/2)",634820,OPPOCareIN,Thu Sep 28 06:58:49 +0000 2017,"@270534 Mindspace, TSIIC Software Layout Madhapur, Serlingampally, R.R.Dist. 500081 Telangana. 🙂

Divya
OPPO Care (2/2)",
634822,270534,Fri Sep 29 17:28:01 +0000 2017,@OPPOCareIN Thanks. Any Plans to open one more in Begumpet / Banjara Hills as in orbit is far away and Hyderabad needs a second outlet.,2041755,OPPOCareIN,Mon Oct 02 06:00:11 +0000 2017,"@270534 Please stay tuned to our official website i.e https://t.co/TDJ8HC4j5w for any latest information about our exclusive stores.
Rishi
OPPO Care",
634823,270534,Tue Sep 26 11:35:12 +0000 2017,@131023 - When are you opening your exclusive store in #Hyderabad. It is a big market and we are missing it.,634821,OPPOCareIN,Thu Sep 28 06:58:26 +0000 2017,"@270534 Hi Shanthan! There's no need to miss it. We do have our Exclusive Store in Hyderabad. Address: Bldg. 16, Inorbit Mall, Sy. no 64(Part) (1/2)","634822,634820"
65615,131022,Wed Nov 29 17:36:04 +0000 2017,"@131023 @131024 Dear Oppo CEO, 
F3 mobiles producing more Radiation issues you're Service persons was accepted for returning but still not processed https://t.co/hAEY70AZ5M",65614,OPPOCareIN,Thu Nov 30 06:36:14 +0000 2017,"@131022 We regret for the inconvenience caused. We would request you to reach out to us in the direct message so that we can assist you in a better way.

Rishi",
65619,131025,Wed Nov 29 12:48:53 +0000 2017,@OPPOCareIN I visited oppo official service center but they said currently there is no marshmallow update available..what should i do??,65618,OPPOCareIN,Thu Nov 30 04:11:02 +0000 2017,"@131025 We regret the inconvenience caused. We would request you to help us with the service center details, via direct message where you have visited so that we can look into it.",
65619,131025,Wed Nov 29 12:48:53 +0000 2017,@OPPOCareIN I visited oppo official service center but they said currently there is no marshmallow update available..what should i do??,65620,OPPOCareIN,Thu Nov 30 10:33:26 +0000 2017,"@131025 We haven't got any response from your side. Please help us with the service center information that you visited via direct message, so that we can look into it.",
65622,131025,Tue Nov 14 07:28:47 +0000 2017,"@OPPOCareIN Will there ever be any updates for OPPO F1s (India)??
At least reply so we can know.",65621,OPPOCareIN,Tue Nov 14 07:56:46 +0000 2017,"@131025 We would like to inform you that recently we have launched marshmallow update for OPPO F1s which is available at our authorized service centre ""https://t.co/CV19z2qTA4"". Please let us know for any further assistance.

Rishi",65619
656799,171887,Thu Oct 05 11:59:39 +0000 2017,@OPPOCareIN In other countries,656801,OPPOCareIN,Fri Oct 06 05:26:44 +0000 2017,"@171887 Please follow the link for better assistance regarding the global availability of our power banks. https://t.co/TSkNLlcrmQ

Rishi
OPPO Care",
656800,171887,Thu Oct 05 11:49:12 +0000 2017,"@OPPOCareIN 
Is this not your model  32500 mah https://t.co/b3ebbbstrY",656797,OPPOCareIN,Thu Oct 05 11:55:55 +0000 2017,"@171887 Dear Randhawa, as conveyed to you earlier OPPO hasn't launched any power bank in India.

Rishi
OPPO Care","656798,656799"
656804,276290,Thu Oct 05 05:05:38 +0000 2017,@276291 @131023 What you think brother doesn't matter..now a days it's a fact..oppo is the best mobile selling company..,656802,OPPOCareIN,Thu Oct 05 06:51:22 +0000 2017,"@276290 We're delighted to hear that, Varshal 😍

Rishi
OPPO Care",656803
656807,276292,Wed Oct 04 12:54:18 +0000 2017,"@131023 i hav oppo f1s. Mono bluetooth router app is not working in this phone. Its worked in all samsung, lyf, htc. Plz update sof",656808,OPPOCareIN,Thu Oct 05 06:00:25 +0000 2017,"@276292 Dear Arjun, as we have checked the details of the app, it is clearly mentioned that it is not supported in all the models. (1/2)",
656807,276292,Wed Oct 04 12:54:18 +0000 2017,"@131023 i hav oppo f1s. Mono bluetooth router app is not working in this phone. Its worked in all samsung, lyf, htc. Plz update sof",656806,OPPOCareIN,Thu Oct 05 06:01:37 +0000 2017,"@276292 @131023 We would request you to please read all FAQ of the app.

Rishi
OPPO Care (2/2)",
669686,279723,Wed Nov 22 14:54:46 +0000 2017,@131023 #jio video call not supporting on #oppo_f3_plus where is software upgrade,669685,OPPOCareIN,Thu Nov 23 05:01:05 +0000 2017,"@279723 We would request you to reach out to us in DM so that we can assist you further.

Rishi",
669688,279724,Wed Nov 22 13:41:09 +0000 2017,When will oppo f3 get nougat update @OPPOCareIN,669687,OPPOCareIN,Thu Nov 23 04:05:53 +0000 2017,"@279724 Once the Nougat update is available for OPPO F3 you'll be notified through our social media pages. Please stay tuned to it. https://t.co/8mhSebgBFk 

Rishi",
684640,283409,Thu Nov 23 09:05:33 +0000 2017,"Revert back @166145 @131023 @OPPOCareIN from last 8 month I am not able to check my stories in instagram. Called customer care for 5 times, but still no response. Recheck your updates and provide me some solution to the problem. #oppo #instagram #OPPOF",684639,OPPOCareIN,Thu Nov 23 09:32:12 +0000 2017,"@283409 Dear Ankita, we regret your experience. Please reach out to us in DM so that we can assist you further.

Rishi",
684643,283411,Wed Nov 22 13:50:11 +0000 2017,@131023 Does oppo f3 plus have bokeh effect?,684642,OPPOCareIN,Thu Nov 23 05:53:28 +0000 2017,"@283411 We are glad to inform you that OPPO F3 Plus has a Bokeh effect. 

Rishi",
684646,283412,Wed Nov 22 18:46:04 +0000 2017,"@131023 Facial unlock is good feature to have,  but could be made prompt and accurate. Disappointed...  Hope you will make it  better",684645,OPPOCareIN,Thu Nov 23 05:46:04 +0000 2017,"@283412 We apologize for the inconvenience caused. Please reach out to us in DM so that we can assist further. 

Rishi",
709123,289551,Fri Oct 06 03:44:29 +0000 2017,#YourBestDiwaliGift @131023 Bought an oppo abt 20 days ago n it's been a wonderful journey since then amazing fone amazing Pics RT https://t.co/dJrwsU9OdA,709121,OPPOCareIN,Fri Oct 06 04:18:45 +0000 2017,"@289551 We're glad that you love it as much as we do. 😍

Rishi 
OPPO Care",709122
726922,294127,Wed Oct 11 07:31:28 +0000 2017,@OPPOCareIN Tried that still comes up with a security  error whenever I get a text,726924,OPPOCareIN,Wed Oct 11 10:05:39 +0000 2017,"@294127 We regret your experience. Please contact the Customer Support of Australia: https://t.co/t16YqbWvDW for further support.

Pooja
OPPO Care",
726923,OPPOCareIN,Wed Oct 11 05:34:01 +0000 2017,"@294127 Please try the following trouble shooting step to change the default SMS app in A57: 
Settings &gt; Additional Settings &gt; (1/2)",726921,OPPOCareIN,Wed Oct 11 05:35:03 +0000 2017,"@294127 Application Management &gt; Default app management &gt; Messages &gt; change as per your choice. 

Pooja
OPPO Care
(2/2)",726922
726925,294127,Tue Oct 10 11:58:24 +0000 2017,"@OPPOCareIN I'm from Australia  but this is worth a shot, why can't I change my default SMS app on my A57?",726923,OPPOCareIN,Wed Oct 11 05:34:01 +0000 2017,"@294127 Please try the following trouble shooting step to change the default SMS app in A57: 
Settings &gt; Additional Settings &gt; (1/2)",726921
757049,184184,Fri Oct 06 12:42:22 +0000 2017,@OPPOCareIN @300923 I did not receive any notification,757052,OPPOCareIN,Sat Oct 07 04:51:16 +0000 2017,@184184 when ColorOS update will launch for OPPO F1 plus. As we can see your device build number is not updated hence we request you to update (2/3),
757049,184184,Fri Oct 06 12:42:22 +0000 2017,@OPPOCareIN @300923 I did not receive any notification,757048,OPPOCareIN,Sat Oct 07 04:53:01 +0000 2017,"@184184 your device from your nearest service centre. https://t.co/CV19z2qTA4 

Rishi 
OPPO Care (3/3)",
757049,184184,Fri Oct 06 12:42:22 +0000 2017,@OPPOCareIN @300923 I did not receive any notification,757051,OPPOCareIN,Sat Oct 07 04:49:47 +0000 2017,"@184184 Dear SRINIVAS, latest ColorOS version of OPPO F1 plus is ColorOS 3.0 that your device has. We'll announce on our social pages (1/3)",
757050,300923,Sat Oct 07 07:13:42 +0000 2017,@184184 @OPPOCareIN Any update on naught release for oppo f1 plus.,759044,OPPOCareIN,Sat Oct 07 07:22:47 +0000 2017,"@300923 Hi S.Grover, keep an eye on our social media pages. We'll announce it when Android update is released for F1 Plus.

Rishi
OPPO Care",759043
757055,184184,Fri Oct 06 12:28:13 +0000 2017,@OPPOCareIN @300923 Iam not even receiving colour os update too help mee plz https://t.co/L1rQvWQKox,757053,OPPOCareIN,Fri Oct 06 12:41:46 +0000 2017,"@184184 @300923 Dear SRINIVAS, keep an eye on our social media pages. We'll announce it when ColorOS update is released for OPPO F1 Plus.

Rishi
OPPO Care","757054,757049"
757057,300923,Wed Sep 06 06:13:21 +0000 2017,@300924 @135789 @OPPOCareIN @131023 when you will release update for oppo f1 plus. Highly disappointed. @300924,757056,OPPOCareIN,Wed Sep 06 07:08:47 +0000 2017,"@300923 plus. We would also like to inform you that we provide time to time OTA updates in our devices as per the requirement
Rishi
OPPO Care (2/2)",757055
759043,300923,Sat Oct 07 07:23:52 +0000 2017,@OPPOCareIN Expected timeline. Missing lots of features after having high end phone as well..  :(,759042,OPPOCareIN,Sat Oct 07 07:28:05 +0000 2017,"@300923 There is no formal notice about same. Please stay tuned to our social pages for any recent updates.

Rishi 
OPPO Care",
759045,184184,Sun Oct 08 12:59:05 +0000 2017,@300923 @OPPOCareIN What is latest colour OS update number,843113,OPPOCareIN,Mon Oct 09 07:26:19 +0000 2017,"@184184 @300923 The latest ColorOS version for F1 Plus is X9009EX_11_A.28_170829

Pooja
OPPO Care",843114
768326,303501,Mon Oct 16 10:28:32 +0000 2017,@OPPOCareIN @131023 I've not been provided any job sheet number. They just checked and told me what I hv 2 pay thn I took the handset &amp; returned,768327,OPPOCareIN,Mon Oct 23 10:49:32 +0000 2017,"@303501 damage which is considered as out of warranty. Please visit the ""link https://t.co/SUEl75rTMW"" for terms and warranty.
Rishi (2/2)",
768326,303501,Mon Oct 16 10:28:32 +0000 2017,@OPPOCareIN @131023 I've not been provided any job sheet number. They just checked and told me what I hv 2 pay thn I took the handset &amp; returned,768325,OPPOCareIN,Mon Oct 23 10:49:08 +0000 2017,"@303501 You are requested to pay the repair charges, for which invoice and Jobsheet will be provided to you as your device is physical (1/2)",
768329,303501,Sat Oct 14 10:17:17 +0000 2017,"@OPPOCareIN @131023 I went to the service centre at Supela, Bhilai (CG), Contact Person Ms. Bharti",768328,OPPOCareIN,Mon Oct 16 09:58:26 +0000 2017,"@303501 @131023 We have forwarded your concern to our relevant team. Please let us know the job sheet number via DM, so that we can investigate in this case",768326
768331,OPPOCareIN,Sat Oct 14 10:03:46 +0000 2017,"@303501 @131023 Hi Mukesh, we apologise for the inconvenience caused. Could you please let us know more details of the service center (1/2)",768330,OPPOCareIN,Sat Oct 14 10:04:07 +0000 2017,"@303501 @131023 or job sheet number via DM, so that we can investigate on the case and get back to you. 

Pooja
OPPO Care
(2/2)",768329
768332,303501,Fri Oct 13 14:27:06 +0000 2017,@131023 Can you plz guide what cooperation I can expect after this? Does warranty only cover battery/chip/screen or what exactly?,768331,OPPOCareIN,Sat Oct 14 10:03:46 +0000 2017,"@303501 @131023 Hi Mukesh, we apologise for the inconvenience caused. Could you please let us know more details of the service center (1/2)",768330
768334,303502,Sun Oct 22 03:14:18 +0000 2017,"@OPPOCareIN there is no service centre in DUMKA, JHARKHAND. 
WHAT CAN WE DO IF OUR PHONE IS IN PROBLEM? 
WE NEED A SERVICE CENTRE.",768335,OPPOCareIN,Mon Oct 23 11:36:28 +0000 2017,@303502 We apologize for the inconvenience caused. We would like to inform you that nearest service centre is located in Deogarh. (1/2),1122239
768334,303502,Sun Oct 22 03:14:18 +0000 2017,"@OPPOCareIN there is no service centre in DUMKA, JHARKHAND. 
WHAT CAN WE DO IF OUR PHONE IS IN PROBLEM? 
WE NEED A SERVICE CENTRE.",768333,OPPOCareIN,Mon Oct 23 11:36:48 +0000 2017,"@303502 The address is 1st Floor, Big Bazaar, Central Plaza Mall (Deoghar), Jharkhand. Pincode - 814112 Phone No. :  8789137599
Rishi (2/2)",
768360,303507,Mon Oct 23 11:15:35 +0000 2017,@131023 @OPPOCareIN any update regarding Android 7.0 for oppo F1S 4gb/64gb ??,768359,OPPOCareIN,Mon Oct 23 11:53:06 +0000 2017,"@303507 You will be notified via our social media page when Naugat update will be available for your device. https://t.co/Rrjo0fSdR6  
Rishi",
782270,OPPOCareIN,Thu Oct 12 06:54:42 +0000 2017,"@306737 @131023 As per our telephonic conversation, we have forwarded your request to the relevant department. (1/2)",782271,OPPOCareIN,Thu Oct 12 06:55:01 +0000 2017,"@306737 @131023 They will get back to you at the soonest time. Thank you for your patience. 

Pooja
OPPO Care
(2/2)",782273
782272,306737,Wed Oct 11 12:28:05 +0000 2017,"@OPPOCareIN @131023 +91 9755262754,  +91 9009229090",782270,OPPOCareIN,Thu Oct 12 06:54:42 +0000 2017,"@306737 @131023 As per our telephonic conversation, we have forwarded your request to the relevant department. (1/2)",782271
782273,306737,Tue Oct 24 09:11:04 +0000 2017,"@OPPOCareIN @131023 No response, No solution yet !",782274,OPPOCareIN,Thu Oct 26 07:25:18 +0000 2017,"@306737 @131023 Dear Mahesh, we apologise for the inconvenience caused. We will get back to you as soon as we receive an update for the same.
Rishi",
782276,306737,Wed Oct 11 11:49:22 +0000 2017,"@OPPOCareIN @131023 Already mailed issue with work-order attached at __email__  from __email__ .
Visited cust. care multiple times",782277,OPPOCareIN,Wed Oct 11 11:58:01 +0000 2017,"@306737 @131023 Thank you for providing details. Our team will contact you for further assistance.

Pooja
OPPO Care",
782276,306737,Wed Oct 11 11:49:22 +0000 2017,"@OPPOCareIN @131023 Already mailed issue with work-order attached at __email__  from __email__ .
Visited cust. care multiple times",782275,OPPOCareIN,Wed Oct 11 12:04:51 +0000 2017,"@306737 @131023 Our team tried to contact you. We were unable to establish contact. Please share your alternate number to contact you.

Pooja
OPPO Care",782272
782279,306737,Wed Oct 11 10:37:06 +0000 2017,"@131023 worst after sale service. Parts not available while the phone is still under warranty.
#NoOppoAgain #oppo",782278,OPPOCareIN,Wed Oct 11 11:14:28 +0000 2017,"@306737 @131023 We regret for your experience. Please DM us your issue in detail, so that we could assist you in a better way. 

Pooja
OPPO Care",782276
787196,OPPOCareIN,Fri Dec 01 12:25:07 +0000 2017,@307774 We would request you to elaborate us your exact concern through direct message so that we can assist you in a better way.,787197,OPPOCareIN,Sat Dec 02 04:46:18 +0000 2017,"@307774 Dear Sartaj, we haven't got any response from your side. Please elaborate us your exact concern through direct message so that we can assist you further.",
787198,307774,Fri Dec 01 11:58:52 +0000 2017,@OPPOCareIN Will OPPO 37 be the latest to the ColoresOS Virus 3.0?,787196,OPPOCareIN,Fri Dec 01 12:25:07 +0000 2017,@307774 We would request you to elaborate us your exact concern through direct message so that we can assist you in a better way.,787197
787235,307774,Fri Dec 01 11:55:19 +0000 2017,@307784 @307785 @131023 Will OPPO 37 be the latest to the ColoresOS Virus 3.0?,787233,OPPOCareIN,Fri Dec 01 11:57:35 +0000 2017,"@307774 Dear Sartaj, thank you for reaching out to us. We would request you to elaborate us your exact concern through direct message so that we can help you in a better way.

Rishi
OPPO Care",787234
787236,307784,Tue Nov 28 02:44:31 +0000 2017,@307785 @131023 This Mobile is very smart and weightless camera is full clarity This mobile is Selfie expert,787237,OPPOCareIN,Tue Nov 28 06:50:31 +0000 2017,"@307784 That's what we love to hear from our fans. 😉

Rishi",
829976,317639,Thu Oct 19 09:12:40 +0000 2017,@OPPOCareIN @135834 @131023 F3 plus,829978,OPPOCareIN,Thu Oct 19 09:23:57 +0000 2017,"@317639 @135834 @131023 We will notify you once the update will be available for your device, as currently there is no official information about the update
Pooja",829979
829977,317639,Thu Oct 19 06:02:25 +0000 2017,@135834 Sir can we expect software updates from @131023,829975,OPPOCareIN,Thu Oct 19 09:08:12 +0000 2017,"@317639 @135834 @131023 Hi Sandeep, could you please elaborate which device are you using, so that we can assist you further. 
Pooja",829976
829993,317643,Tue Oct 17 12:20:35 +0000 2017,@OPPOCareIN @131023 third party application also not supporting till the app not running in background.,829991,OPPOCareIN,Thu Oct 19 09:30:15 +0000 2017,"@317643 @131023 Please elaborate via DM what is exact error you are getting, which is not supporting the third party application.
Pooja",829992
829995,317643,Tue Oct 17 07:34:33 +0000 2017,"@OPPOCareIN @131023 I want record all call record automatic,do not want tap record on every call.",829994,OPPOCareIN,Tue Oct 17 09:54:39 +0000 2017,"@317643 @131023 As of now, this feature is not available. We have taken a due note of your feedback, and will look into the possibilities. 
Pooja",829993
829997,317643,Tue Oct 17 02:37:49 +0000 2017,"@131023 Oppo f3 Call auto call recording do not supporting,any solutio?",829996,OPPOCareIN,Tue Oct 17 05:35:52 +0000 2017,"@317643 @131023 Hi Ishwar, you will get the call record option while you will be on call. You may have to tap on call-record icon on call. 

Pooja",829995
830009,OPPOCareIN,Thu Oct 19 09:00:01 +0000 2017,@317647 @131023 You have to be a Jio prime member to avail this offer. Please recharge with INR 399/- and then you can see the option to get additional (1/2,830010,OPPOCareIN,Thu Oct 19 09:00:17 +0000 2017,"@317647 @131023 data. Once this is done, you will get additional data in next 6 recharges. 
Pooja
OPPO Care
(2/2)",830012
830011,317647,Wed Oct 18 02:48:50 +0000 2017,@131023 Hello I have purchased a Oppi F3 from Flipkart how do i get the Jio Offer and also The Gift as per the Add https://t.co/fPldqyCzvI,830009,OPPOCareIN,Thu Oct 19 09:00:01 +0000 2017,@317647 @131023 You have to be a Jio prime member to avail this offer. Please recharge with INR 399/- and then you can see the option to get additional (1/2,830010
830018,317648,Wed Oct 18 07:29:36 +0000 2017,@131023  if you give marshmallow update in f1s than i will thinking to buy???,830016,OPPOCareIN,Thu Oct 19 09:16:51 +0000 2017,"@317648 @131023 Hi Shanu, We have recently launched with Marshmallow update in OPPO F1s which is available at the service center. You may purchase the same.",830017
830033,317650,Tue Oct 17 16:42:11 +0000 2017,@131023 mera mobile oppo f1 mobile sim hi nahi maan raha hai,830032,OPPOCareIN,Thu Oct 19 09:02:19 +0000 2017,"@317650 @131023 Could you please elaborate via DM what is the exact issue with more details of device, so that we can assist u better.
Pooja",
843114,184184,Thu Oct 12 05:29:31 +0000 2017,@OPPOCareIN @300923 Iam not even getting colour os update too,843115,OPPOCareIN,Thu Oct 12 07:46:24 +0000 2017,"@184184 @300923 We regret to inform you that there is no formal notice for the update in OPPO F1 Plus. Please stay tuned with us for further info. 

Pooja",
846651,321228,Fri Oct 20 10:42:16 +0000 2017,@OPPOCareIN @131023 My set was taken inside the work shop and software update just to show that they have done something. But d battery dont last even for a day,846649,OPPOCareIN,Fri Oct 20 13:15:23 +0000 2017,"@321228 @131023 Kindly check DM for further assistance in regards to your query. 
Pooja",846650
846652,321228,Sat Oct 21 07:31:45 +0000 2017,"@OPPOCareIN @131023 Instruction like no internet, no bluetooth, no call, no message, no no nothing then only battery may last for a day at least",846653,OPPOCareIN,Sat Oct 21 12:40:44 +0000 2017,@321228 @131023 We request you to please share your contact details with us so that we can get in touch with you.,
846656,321228,Fri Oct 20 10:32:15 +0000 2017,@OPPOCareIN @131023 What is DM,846655,OPPOCareIN,Fri Oct 20 10:35:17 +0000 2017,"@321228 @131023 Please drop us a Direct Message(DM) with more details of the device, for further assistance. 
Pooja",846654
846658,321228,Fri Oct 20 09:52:26 +0000 2017,@131023 Something just but did not took my feedback and handed back the set.,846657,OPPOCareIN,Fri Oct 20 10:13:01 +0000 2017,"@321228 @131023 Could you please elaborate via DM what is the exact issue with more details of device, so that we can assist u better.
Pooja",846656
846662,321229,Fri Oct 20 08:58:20 +0000 2017,@OPPOCareIN i have done rply in DM ..kindly get it check and reply as soon as possible,846660,OPPOCareIN,Fri Oct 20 13:00:10 +0000 2017,"@321229 Sure! Please check the DM, we have replied you on DM.
Pooja",846661
846664,321229,Fri Oct 20 06:23:20 +0000 2017,@OPPOCareIN i have done DM kindly get it checked,846663,OPPOCareIN,Fri Oct 20 08:53:58 +0000 2017,"@321229 Thanks! Kindly check DM for further assistance in regards to your query. 
Pooja",846662
846666,321229,Thu Oct 19 08:34:39 +0000 2017,@OPPOCareIN i hv prchasd oppo f3 bt i am not able to decrease notification sound as it is getting mute pr getng to full bt i wnt to decrease,846665,OPPOCareIN,Fri Oct 20 06:20:28 +0000 2017,"@321229 Could you please elaborate via DM what is the exact issue, so that we can assist u better.
Pooja",846664
900524,333766,Mon Oct 09 17:49:07 +0000 2017,"@131023 I regret to buy OPPO NEO 7.

this fone work Less and hang more.",900525,OPPOCareIN,Tue Oct 10 07:47:25 +0000 2017,"@333766 @131023 Hi Shibquat, we regret for the inconvenience caused. Could you please elaborate when your device hangs, while using any particular (1/1)",1783814
900524,333766,Mon Oct 09 17:49:07 +0000 2017,"@131023 I regret to buy OPPO NEO 7.

this fone work Less and hang more.",900523,OPPOCareIN,Tue Oct 10 07:47:32 +0000 2017,"@333766 @131023 game or  app, so that we could assist you better. 

Pooja
OPPO Care
(2/2)",
900527,333767,Sun Oct 08 13:46:05 +0000 2017,My phone oppo f1 is heating to much. Need your help @131023.,900528,OPPOCareIN,Tue Oct 10 07:22:53 +0000 2017,"@333767 @131023 Hi Piyush, we regret for the inconvenience caused. Please let us know when your device is heating, while using any particular game or (1/2)",2075753
900527,333767,Sun Oct 08 13:46:05 +0000 2017,My phone oppo f1 is heating to much. Need your help @131023.,900526,OPPOCareIN,Tue Oct 10 07:23:25 +0000 2017,"@333767 @131023 app, so that we could assist you better. 

Pooja
OPPO Care

(2/2)",
90217,135575,Thu Nov 30 10:45:21 +0000 2017,@131023 Why only 32 gb internal storage?,90216,OPPOCareIN,Thu Nov 30 11:12:56 +0000 2017,"@135575 We would like to inform you that we have launched F5 in two variants and that are-

F5 4GB: 32GB (Expandable up to 256GB)
F5 6GB: 64GB (Expandable up to 256GB)

Please visit the link for more information about its features &amp; specifications. https://t.co/X4WYn9TFXX

Rishi",
90219,172538,Thu Nov 30 13:15:40 +0000 2017,@131023 @OPPOCareIN @OPPOCareIN i would like to know that when oppo f1 plus is getting it's marshmallow update? Still running on lolipop. Give some attention to your old phones also which has cost me 27k,473064,OPPOCareIN,Fri Dec 01 04:50:21 +0000 2017,"@172538 Dear Suman, thank you for reaching out to us. We would like to inform you that our team is working on the update and once it’s is available you’ll be notified through our social media pages. Please stay tuned to it. https://t.co/8mhSebgBFk 

Rishi",
90220,135576,Thu Nov 30 06:51:19 +0000 2017,@131023 Awesome device 😍,90221,OPPOCareIN,Thu Nov 30 08:54:57 +0000 2017,"@135576 Thank you for your kind words. Have a great day ahead.

Rishi",
913384,336915,Sat Nov 25 11:35:49 +0000 2017,#AskTheExperts @36530 @131023 you are daily showing oppo F5 moment of the day as I can't afford gift me the mobile after end of series want to  take selfie  😁😁😊,913383,OPPOCareIN,Sat Nov 25 11:39:13 +0000 2017,@336915 We would like to inform you that we don't provide OPPO Camera phones for free but we do run contests on social media. Please stay tuned to our pages for our recent contest. https://t.co/8mhSebgBFk,
919586,338291,Sat Nov 25 11:57:47 +0000 2017,"@OPPOCareIN Kindly takeup the issue with jio
So that they can provide support for this handset",919585,OPPOCareIN,Sat Nov 25 12:02:44 +0000 2017,@338291 We would request you to reach out to us DM so that we can assist you in a better way.,
919589,338291,Sat Nov 25 11:46:57 +0000 2017,"@166145 @131023 @120602 @30938 @116327
Does Oppo F5 have Volte support?
As Reliance Jio asking that Oppo F5 does not have Volte support.
M. 8528666000",919588,OPPOCareIN,Sat Nov 25 11:53:25 +0000 2017,"@338291 Thank you for reach out to us. We would like to inform you that OPPO F5 is a VoLTE device. Please let us know for any further assistance.

Rishi",919587
949478,OPPOCareIN,Sat Oct 21 16:34:17 +0000 2017,"@345187 Dear दयाशंकर, we apologise for the delay in response and inconvenience caused.We request you to share your contact details along with (1/2)",949476,OPPOCareIN,Sat Oct 21 16:34:34 +0000 2017,"@345187 convenient time between 10:00 till 18:00 on Monday via DM, so we can get in touch with you. (2/2)",949477
949479,345187,Fri Oct 20 18:51:22 +0000 2017,@OPPOCareIN Hey people don't buy their products. They dont even care to reply ur queries. After Product sold completely irresponsible atti,949478,OPPOCareIN,Sat Oct 21 16:34:17 +0000 2017,"@345187 Dear दयाशंकर, we apologise for the delay in response and inconvenience caused.We request you to share your contact details along with (1/2)",949476
950305,OPPOCareIN,Wed Oct 11 10:20:02 +0000 2017,"@345397 We have recently launched the update for OPPO F1s. It will be available at the service center, kindly visit the nearest SC. (1/2)",950306,OPPOCareIN,Wed Oct 11 10:21:06 +0000 2017,"@345397 Please ensure to take backup of the data. Shall there would be any other queries, feel free to write us back

Pooja
OPPO Care
(2/2)",950308
950307,345397,Wed Oct 11 08:02:41 +0000 2017,@OPPOCareIN  https://t.co/OLesiTE8Bf,950305,OPPOCareIN,Wed Oct 11 10:20:02 +0000 2017,"@345397 We have recently launched the update for OPPO F1s. It will be available at the service center, kindly visit the nearest SC. (1/2)",950306
950308,345397,Wed Oct 11 10:35:45 +0000 2017,@OPPOCareIN Isn't there anyway to update without visiting a SC? Cuz I am in Saudi Arabia?,950309,OPPOCareIN,Fri Oct 13 09:06:27 +0000 2017,"@345397 Sorry for the delay in response. Could you please confirm from where have you purchased the device, so that we could assist you further.",950310
950310,345397,Fri Oct 13 11:05:16 +0000 2017,@OPPOCareIN It was given as a gift but i think it was from Indonesia.,950311,OPPOCareIN,Sat Oct 14 06:02:18 +0000 2017,@345397 Thank you for the information. We would request you to let us know your contact number via DM so that our team can get in touch with you.,950313
950310,345397,Fri Oct 13 11:05:16 +0000 2017,@OPPOCareIN It was given as a gift but i think it was from Indonesia.,950312,OPPOCareIN,Sat Oct 14 12:22:44 +0000 2017,"@345397 We are still waiting for your details, please let us know via DM so that we can look into the matter and assist you further. 

Pooja",950314
950311,OPPOCareIN,Sat Oct 14 06:02:18 +0000 2017,@345397 Thank you for the information. We would request you to let us know your contact number via DM so that our team can get in touch with you.,950313,OPPOCareIN,Sat Oct 14 07:38:14 +0000 2017,"@345397 Please also let us know where exactly are you located currently (state, city) so that we can forward the same info to our relevant team.",
950317,345397,Wed Oct 11 06:37:35 +0000 2017,@OPPOCareIN hi I have my f1s for a year now. but I have an issue everytime I use file clean it always crashes and doesn't do the job why?,950315,OPPOCareIN,Wed Oct 11 07:08:13 +0000 2017,"@345397 Could you please share us the screenshot of Version/Build Number of your device, so that we can look into the matter.  

Pooja
OPPO Care","950316,950307"
950328,OPPOCareIN,Wed Oct 11 09:13:52 +0000 2017,"@166146 @131023 Dear Bharat, we regret your experience. We have recently launched Marshmallow update for OPPO F1s. (1/2)",950330,OPPOCareIN,Wed Oct 11 09:14:09 +0000 2017,"@166146 @131023 It will be available at the service center, kindly visit the nearest SC for the update. Please ensure to take backup of the data. 

Pooja","950333,950334"
950329,166146,Wed Oct 11 09:15:21 +0000 2017,"@OPPOCareIN @131023 I had reached our nearest service centre in visakhapatnam, they said no update is still received on their end.",950332,OPPOCareIN,Wed Oct 11 09:42:31 +0000 2017,"@166146 @131023 We regret for the inconvenience. Please allow us some time, so that we can investigate on this case and get back to you. 

Pooja
OPPO Care",
950331,166146,Wed Oct 11 01:49:46 +0000 2017,"@131023 f1s is worst phone forever,  no android upgrade till now",950328,OPPOCareIN,Wed Oct 11 09:13:52 +0000 2017,"@166146 @131023 Dear Bharat, we regret your experience. We have recently launched Marshmallow update for OPPO F1s. (1/2)","950329,950330"
952365,345949,Sat Nov 25 10:03:42 +0000 2017,"@OPPOCareIN I stay in Mumbai - andheri west, my contact no is +91-8898490055",952364,OPPOCareIN,Sat Nov 25 10:09:12 +0000 2017,"@345949 Thank you for helping us with the information. We would request you to reach out to us in the message so that we can assist you further.

Rishi",
952367,345949,Sat Nov 25 09:07:46 +0000 2017,"2/2 no one has out there how to speak with customer, instead making calm down customer started arguing is this the service you provide then shame on you @166145  @131023  very much upset with you.",952366,OPPOCareIN,Sat Nov 25 09:49:40 +0000 2017,"@345949 We sincerely apologize for the inconvenience caused. We would request you to reach out to us in DM so that we can assist you in a better way.

Rishi",952365
952369,345950,Sat Nov 25 08:26:14 +0000 2017,@131023 oppo I have forgotten pettern lock . And I have try it many times. How I get my phone back need help.,952368,OPPOCareIN,Sat Nov 25 10:05:33 +0000 2017,"@345950 We regret your experience. Please help us with your device name so that we can assist you in a better way.

Rishi",
952374,345952,Sat Nov 25 09:39:17 +0000 2017,@131023 so nice,952373,OPPOCareIN,Sat Nov 25 09:42:37 +0000 2017,"@345952 Thank you for your kind words. Have a great day ahead.
Rishi",
952377,345953,Sat Nov 25 07:55:59 +0000 2017,@OPPOCareIN How unprofessional u people are after announcing marshmwellow update to oppo f1s. Till date no air update via internet is available in handset directly. Listen we have no access to ur cheap service centre at my current loaction. Let me.know when u will air the update directly.,952376,OPPOCareIN,Sat Nov 25 09:39:21 +0000 2017,"@345953 Dear Davinder, we apologize if you felt that way. We would like to inform you that currently device can only be updated at our SC only. Please help us with your exact location so that we can help you with nearest SC or you can find same from given link. https://t.co/CV19z2qTA4",
952378,346870,Sun Nov 26 17:55:41 +0000 2017,"@345953 @OPPOCareIN You can visit this page to update OS
https://t.co/ctfvTl6fLD

I did, but lost all my apps
https://t.co/cQm8u4XaO5",956169,OPPOCareIN,Mon Nov 27 07:11:33 +0000 2017,"@346870 @345953 Dear Davinder, we would like to inform you that in India, marshmallow update for F1s is only available in our SC hence we request you to update your device from there. You can find same from given link. https://t.co/CV19z2qTA4",
952380,345953,Sat Sep 16 07:41:34 +0000 2017,"@OPPOCareIN @131023 @166145 team u hv very less Service Centre around users, it is again requested to make the download link soon. https://t.co/TyPx7naESo",952379,OPPOCareIN,Sat Sep 16 08:42:24 +0000 2017,"@345953 We hear you and value our customers. We will forward your feedback to the concerned team. Stay tuned for further updates.

Divya
OPPO Care",952377
952382,345954,Sat Nov 25 07:54:15 +0000 2017,@OPPOCareIN I want to buy F5. So im hear this news.pls give the real news after i want buy #Oppof5,952381,OPPOCareIN,Sat Nov 25 09:08:16 +0000 2017,"@345954 Dear Rasak, please let us know from where have you got this information so that we can look into it. Moreover, we would like to inform you that you can purchase OPPO F5 which is also our flagship phone.

Rishi",
952384,345954,Fri Nov 24 18:00:38 +0000 2017,@131023 Hello.. we are hear a news. Oppo phone will be stop selling in india.,952383,OPPOCareIN,Sat Nov 25 05:32:22 +0000 2017,"@345954 Thank you Rasak, for bringing this to our notice. We would request you to please let us know the source of this information so that we can look into it.

Rishi",952382
952386,345964,Sat Nov 25 01:10:24 +0000 2017,@131023 Dear team please let me know when you release Nougat update for oppo f3 plus mobile?,952417,OPPOCareIN,Sat Nov 25 05:12:48 +0000 2017,"@345964 Dear Krishnasankar, you will be notified through our social media pages once the Nougat update is available for OPPO F3 Plus. Hence we request you to please stay tuned to it. https://t.co/8mhSebgBFk

Rishi",
952388,345955,Sat Nov 25 07:15:25 +0000 2017,@OPPOCareIN OPPO f1f,952387,OPPOCareIN,Sat Nov 25 07:41:24 +0000 2017,"@345955 Dear Shrinivas, thank you for helping us with the information. We would request you to reach out to us in DM so that we can assist you in a better way.",
952390,345955,Sat Nov 25 04:25:42 +0000 2017,"@131023 ,oppo is a nice and one of the best mobiles in India but all oppo users are worried about battery backups on that matter oppo should need more MAH on oppo mobiles",952389,OPPOCareIN,Sat Nov 25 05:11:41 +0000 2017,"@345955 Thank you for sharing your valuable feedback with us Shrinivas. We would like to know which OPPO model you are using and kindly let us know if you are facing any issue with the battery so that we can assist you further.

Rishi",952388
952409,345961,Sat Nov 25 07:02:29 +0000 2017,@131023 I jst buy this phone....its too much awesme outlooking....mny facilities in there....almost oppo f5 is adorable....i wnt to give a marks 100 on 100.....😍😍😍😍😍....i love tjis oppo f5 very much.,952407,OPPOCareIN,Sat Nov 25 07:31:49 +0000 2017,"@345961 That's what the experience we want you to have. Have a great day ahead.

Rishi",952408
952412,345962,Fri Nov 24 13:14:00 +0000 2017,"@131023 Oppo f5 ,what a lovely phone",952411,OPPOCareIN,Sat Nov 25 05:55:31 +0000 2017,"@345962 Thank you for your wonderful words. Have a pleasant day ahead. 

Rishi",
952415,345963,Fri Nov 24 19:27:06 +0000 2017,"@131023 @166145 very upset by your service, just for oppo F1 battery I have to wait for more than 1month, no service men is giving positive response when I visit service centre. They and there manager just making fool.please help if you can.",952414,OPPOCareIN,Sat Nov 25 05:20:04 +0000 2017,"@345963 Dear Ankit, we sincerely apologize for the inconvenience caused. We would request you to reach out to us in DM so that we can look into it.

Rishi",
952415,345963,Fri Nov 24 19:27:06 +0000 2017,"@131023 @166145 very upset by your service, just for oppo F1 battery I have to wait for more than 1month, no service men is giving positive response when I visit service centre. They and there manager just making fool.please help if you can.",952416,OPPOCareIN,Mon Nov 27 07:41:12 +0000 2017,"@345963 Dear Ankit, we haven't got any response from your side. We would request you to reach out to us in DM so that we can assist you in a better way.

Rishi",
974062,350997,Sat Oct 14 08:10:51 +0000 2017,@OPPOCareIN please call me on 9928072453,974064,OPPOCareIN,Sat Oct 14 12:02:23 +0000 2017,"@350997 Hi Amit, as per our telephonic conversation, the contact of our CS is: 1800-103-2777. You may call us from 9AM to 9PM. 

Pooja
OPPO Care",974065
974063,350997,Sat Oct 14 06:12:00 +0000 2017,@OPPOCareIN worst management of service in rajasthan,974060,OPPOCareIN,Sat Oct 14 06:45:15 +0000 2017,"@350997 Hi Amit, could you please elaborate your exact concern, so that we can assist you in a better way. 

Pooja
OPPO Care","974061,974062"
974065,350997,Sat Oct 14 15:39:34 +0000 2017,"@OPPOCareIN give me mail I'd of service head,North India",974066,OPPOCareIN,Mon Oct 16 08:06:38 +0000 2017,"@350997 You may drop us a mail at: __email__ for further assistance.

Pooja
OPPO Care",
974069,350998,Fri Oct 13 12:32:29 +0000 2017,@OPPOCareIN @131023 @350999 My loyalty owe with #oppo.  As long as it serve me better.  😊😊,974067,OPPOCareIN,Sat Oct 14 05:52:13 +0000 2017,@350998 @131023 @350999 Thank you very much for your loyalty and support! Keep supporting us :),974068
974072,350998,Fri Oct 13 11:01:06 +0000 2017,@131023 @350999 Is a new oppo F5 on launching???  Rumours are floating here and there...,974071,OPPOCareIN,Fri Oct 13 11:46:48 +0000 2017,"@350998 @131023 @350999 Hi Udesh! We have no specific information regarding the release of OPPO F5 in India. Stay tuned! Thank you.

Pooja
OPPO Care",974070
