customer_tweet_id,customer_author_id,customer_created_at,customer_text,brand_tweet_id,brand_account,brand_created_at,brand_reply,brand_response_tweet_id
1012679,359624,Sat Oct 14 14:32:30 +0000 2017,Honestly @132897 costumer chat service is amazing. 👌👌,1012678,NortonSupport,Sat Oct 14 14:35:15 +0000 2017,@359624 Thanks for your message. :) Feel free to reach us if you need any help in future. -Steffi (cc: @132897),
1012681,359625,Sat Oct 14 17:07:58 +0000 2017,"@NortonSupport For the record, I won't be renewing NMS on 6 of my devices anymore. You guys better start getting serious in this business. Many issues.",1012683,NortonSupport,Sat Oct 14 17:13:34 +0000 2017,@359625 We do see that the issue is fixed from our end. Could you please try login and let us know if you need further help with this. -Steffi,1012684
1012682,359625,Sat Oct 14 14:10:16 +0000 2017,@NortonSupport Did you post an announcement on this? Can i have the link?,1012680,NortonSupport,Sat Oct 14 14:19:28 +0000 2017,"@359625 Sorry, we have not made an announcement on this. We are trying to get this issue sorted out as soon as possible. - Steffi",1012681
1012684,359625,Sat Oct 14 17:16:23 +0000 2017,@NortonSupport its alright. I am already checking out mobile security solutions from Kaspersky and Avira.,1012685,NortonSupport,Sat Oct 14 17:20:12 +0000 2017,@359625 We certainly understand your frustration. if you need any help with Norton you can tweet us anytime. We can help you! -Steffi,
1012687,359625,Sat Oct 14 13:40:01 +0000 2017,@NortonSupport What's wrong with your Mobile Security platform? I can't view any devices,1012686,NortonSupport,Sat Oct 14 13:48:16 +0000 2017,"@359625 Hi kugan, We are aware of the issue our concerned team is working towards the fix. Once we have an update we will keep you posted. -Steffi",1012682
1016299,360458,Sun Oct 22 21:41:26 +0000 2017,@NortonSupport Nope didn't give that option on account pages. Doubt if it will have applied to other 4 licenses either,1016301,NortonSupport,Sun Oct 22 21:50:20 +0000 2017,@360458 That's weird! We would like collect more details about your subscription. Please send us a DM here. We will look into this for you. -Charlie,
1016300,360458,Sun Oct 22 18:21:50 +0000 2017,@NortonSupport Yes there was no option allowing me,1016298,NortonSupport,Sun Oct 22 18:45:52 +0000 2017,"@360458 You can click on the link ""Enter a new product key"" to type in your new key? Did you get a chance to try that? - Charlie",1016299
101654,138272,Thu Nov 30 17:40:00 +0000 2017,"@NortonSupport No, my phone doesn't support memory cards.",101653,NortonSupport,Thu Nov 30 17:42:10 +0000 2017,"@138272 Also, please make sure the app is updated -Anirban",
101654,138272,Thu Nov 30 17:40:00 +0000 2017,"@NortonSupport No, my phone doesn't support memory cards.",101655,NortonSupport,Thu Nov 30 17:41:53 +0000 2017,@138272 Alright. Please confirm the phone model and the version of android. Let me check with this-Anirban,
101656,138272,Thu Nov 30 17:50:29 +0000 2017,"@NortonSupport The app is updated, the model is Pixel 2 XL and the Android version is 8.1.0 Beta 2",101660,NortonSupport,Thu Nov 30 17:53:13 +0000 2017,@138272 Thanks for the information. Let me quickly check and get back to you -Anirban,
101658,138272,Thu Nov 30 17:08:51 +0000 2017,@132897 the cleaning app you guys offer for Android is telling me that I have a 128GB phone when I only have a 64GB phone... Is this going to screw things up for me? https://t.co/3urtOQKDs9,101657,NortonSupport,Thu Nov 30 17:38:25 +0000 2017,"@138272 Hi, Sorry for the trouble. Is there a memory card installed or external storage connected? -Anirban",101654
101658,138272,Thu Nov 30 17:08:51 +0000 2017,@132897 the cleaning app you guys offer for Android is telling me that I have a 128GB phone when I only have a 64GB phone... Is this going to screw things up for me? https://t.co/3urtOQKDs9,101659,NortonSupport,Sun Dec 03 19:01:15 +0000 2017,"@138272 Hi Braeden! While we're checking with the concerned team, could you please confirm if you still have the same issue? -Karthik",
101662,NortonSupport,Thu Nov 30 15:04:07 +0000 2017,@138273 That' odd! This does not look like our support number. Did you share any information of your Norton account details? -Karthik,101661,NortonSupport,Thu Nov 30 15:32:05 +0000 2017,@138273 This doesn't look like us! Feel free to tweet us if you need any further help with this. -Karthik,
101663,138273,Thu Nov 30 14:59:26 +0000 2017,some from norton rang me earlier and tried to hack my computer on 07713926242 do not answer this phone number at any cost please let everyone know not to answer this number,101662,NortonSupport,Thu Nov 30 15:04:07 +0000 2017,@138273 That' odd! This does not look like our support number. Did you share any information of your Norton account details? -Karthik,101661
1023767,362260,Tue Oct 24 23:56:16 +0000 2017,"@NortonSupport Ran Live Update, double checked and also rebooted. Seems quicker now. Thanks",1023769,NortonSupport,Tue Oct 24 23:59:35 +0000 2017,"@362260 You're welcome! Glad you got this under control. If you ever need any help with your Norton product, we are just a tweet away! :) -Karthik",
1023768,362260,Tue Oct 24 23:15:44 +0000 2017,@NortonSupport Will do.,1023766,NortonSupport,Tue Oct 24 23:18:07 +0000 2017,@362260 Great! Let us know about the status. -Karthik,1023767
1023771,362260,Tue Oct 24 23:08:50 +0000 2017,@NortonSupport @132897 Literally just booted the laptop up and noticed a scan was needed. Has been stalling for months looking at start up files but finds no issue,1023770,NortonSupport,Tue Oct 24 23:12:44 +0000 2017,@362260 Could you please try running 'Live Update' till you have current updates up-to-date and try running scan. -Karthik,1023768
1023773,362260,Tue Oct 24 23:04:04 +0000 2017,@132897 you need to improve the Virus Scan. Current “quick scan” has been over 30 min so far. #notquick #stalled,1023772,NortonSupport,Tue Oct 24 23:06:57 +0000 2017,"@362260 Sorry about that, Bryan! Did you try restarting your computer and check if that helps? -Karthik (cc: @132897)",1023771
1031000,363962,Sun Oct 22 14:13:09 +0000 2017,なぜ、Nortonが映像に関わってくる… https://t.co/D1xUPWRn6c,1030998,NortonSupport,Mon Oct 23 03:54:43 +0000 2017,"@363962 それ、Nortonが原因ではありませんね。
アプリケーションあるいはハードウェア側で解決法を探していただけますでしょうか。",1030999
1031003,363963,Mon Oct 23 03:39:58 +0000 2017,"@NortonSupport 1年ほど前に買った時からアクティブ化はしてありました。
しかし、これまでちゃんと機能していたにも関わらず
突然体験版期間終了との案内があった為、驚いていた次第であります。
現在は、再度アクティブ化を実施してある為、問題なく機能しています。",1031001,NortonSupport,Mon Oct 23 03:41:36 +0000 2017,"@363963 了解しました。
ご連絡、ありがとうございます。安心いたしました。",1031002
1031005,363963,Sun Oct 22 12:52:22 +0000 2017,"なんか久々にPCつけたらノートンさんが

体験版の期間終了したやで！
めっちゃリスクに晒されてるけど製品版買わへんの？www

って言ってきたけど
あの…3年のライセンスで買ったはずなんですけど…
体験版ってなんの話ですの……
いつから体験版のノートンさんに切り替わってたん？ww",1031004,NortonSupport,Mon Oct 23 03:35:55 +0000 2017,"@363963 突然失礼いたします。
ノートンのアクティブ化はしていただきましたでしょうか。",1031003
1033124,364434,Fri Oct 20 00:54:44 +0000 2017,@NortonSupport Still cannot connect to the norton servers 😔,1033125,NortonSupport,Fri Oct 20 01:05:42 +0000 2017,@364434 That's bad! Did you try restarting your computer and check if that helps? -Karthik,
1033124,364434,Fri Oct 20 00:54:44 +0000 2017,@NortonSupport Still cannot connect to the norton servers 😔,1033123,NortonSupport,Mon Oct 23 05:20:13 +0000 2017,@364434 Hi Dan! Did you get a chance to restart your PC after installing Norton? Let us know if you still need any help. -Prasanna,
1033127,364434,Mon Oct 16 22:15:04 +0000 2017,@NortonSupport Still cannot connect to Norton servers,1033128,NortonSupport,Mon Oct 16 22:22:19 +0000 2017,@364434 Could you please uninstall Norton from add/remove programs. -Anirban,
1033127,364434,Mon Oct 16 22:15:04 +0000 2017,@NortonSupport Still cannot connect to Norton servers,1033126,NortonSupport,Thu Oct 19 22:49:35 +0000 2017,@364434 Hi there! Hope you're doing well. Did you get a chance to update your Norton product? -Karthik,1033124
1033130,364434,Mon Oct 16 21:45:45 +0000 2017,@NortonSupport No i do not,1033129,NortonSupport,Mon Oct 16 21:50:46 +0000 2017,@364434 Please try the steps mentioned here https://t.co/foAc6QzVox and let me know if it helps -Anirban,1033127
1033132,364434,Mon Oct 16 21:38:45 +0000 2017,@NortonSupport Just tried it. Still cannot connect to the norton server,1033131,NortonSupport,Mon Oct 16 21:41:02 +0000 2017,"@364434 Hi, do you have any security program installed currently? -Anirban",1033130
1033134,364434,Mon Oct 16 20:27:28 +0000 2017,@NortonSupport Microsoft edge,1033133,NortonSupport,Mon Oct 16 20:30:03 +0000 2017,@364434 Thanks. Could you please try installing it from a different browser to check if that helps? -Steffi,1033132
1033136,364434,Mon Oct 16 20:10:20 +0000 2017,@NortonSupport I've literally done that many times,1033135,NortonSupport,Mon Oct 16 20:12:54 +0000 2017,@364434 May I know which browser you are using to install? -Steffi,1033134
1033138,364434,Mon Oct 16 20:04:40 +0000 2017,@NortonSupport 4 days later. Still the same. Fix your stuff. https://t.co/PDvG3S59oO,1033137,NortonSupport,Mon Oct 16 20:09:39 +0000 2017,@364434 That shouldn't happen. Could you please try restarting your router and then try installing Norton? Let us know if that helps. -Steffi,1033136
1036430,365171,Mon Oct 23 01:19:47 +0000 2017,@132897 I am sick and tired of the bs on my phone! Don’t visit “adult” sites and HATE your product. This needs to end! It is EVERYDAY https://t.co/LTg7nTd4aO,1036429,NortonSupport,Mon Oct 23 01:26:11 +0000 2017,@365171 Sorry for the trouble. Could you please send us a DM to get more information on this? We'll look into this. -Prasanna,
1036432,365172,Sat Oct 21 02:18:20 +0000 2017,ノートンがｸｿ,1036431,NortonSupport,Mon Oct 23 01:17:48 +0000 2017,"@365172 ノートンサポートです。
よろしければ、今の状態について詳しく教えていただけますでしょうか。",
1036434,365173,Sat Oct 21 01:14:53 +0000 2017,ノートンのアカウントパスワード忘れた,1036433,NortonSupport,Mon Oct 23 01:15:38 +0000 2017,"@365173 突然失礼いたします。
以下の要領で、ノートンのアカウントのパスワードをリセットしていただけます。-hide

https://t.co/fSpwqTKxwg",
1036436,365174,Sat Oct 21 00:54:26 +0000 2017,ノートンが正常に機能してくれない。,1036435,NortonSupport,Mon Oct 23 01:10:52 +0000 2017,"@365174 ノートンサポートです。
どうされましたか。",
1036439,365175,Sun Oct 22 10:32:58 +0000 2017,@NortonSupport  一台だけ延長出来ればよいので、ベーシックの一台版を購入したのですが、今までノートンセキュリティを利用いたので、製品違い等で延長が出来ないということはありますでしょうか？,1036437,NortonSupport,Mon Oct 23 01:01:04 +0000 2017,"@365175 残念ながら、心配されているとおり、ノートンセキュリティの跡にノートンアンチウイルスをご利用になる場合、
延長ではなく新たに購入という形になってしまいます。-hide",1036438
1036440,365175,Mon Oct 23 02:37:21 +0000 2017,@NortonSupport  一度、ノートンセキュリティをアンインストールしてからノートンアンチウイルスをインストールする等しなければいけないのでしょうか？,1036441,NortonSupport,Mon Oct 23 03:08:24 +0000 2017,"@365175 残念ながら、ノートンセキュリティを削除してからアンチウイルスを入れ直す必要がございます。

ちなみに、ノートンセキュリティでも、スタンダードという、端末1台分の製品もございます。
https://t.co/PSWNC1wCp5",
1036444,365176,Sat Oct 21 01:22:58 +0000 2017,@NortonSupport 先ほど問い合わせた者ですが、ライブアップデートがエラーになったので、アンインストールしてからインストールし直したら解決しました。アップデートも最新で、スキャンしても正常、繋がらなかったサイトなども繋がります。これで様子見しますが、もしこの手順で問題があるようでしたら返答ください。,1036443,NortonSupport,Mon Oct 23 00:55:50 +0000 2017,"@365176 ご不便をおかけしております。
実施いただいた手順で問題ございません。-hide",
1036450,540172,Tue Oct 17 15:45:04 +0000 2017,"@NortonSupport iPhone版 I.D.セーフについてです。Safariからログインした時にI.D.セーフへと保存する方法はありますか？
1password(競合アプリ)ではそれが出来るのでとても便利。
I.D.セーフでもそれが出来れば乗り換えたい。方法があれば教えて欲しいです。",1797717,NortonSupport,Wed Oct 18 00:30:36 +0000 2017,"@540172 お問い合わせ、ありがとうございます。
SafariでIDセーフはご利用になれます。
こちらのページが参考になりますでしょうか。
https://t.co/UJfJXFq5xF
https://t.co/wF1eKJc9mD",1797718
1039473,365921,Mon Oct 23 05:30:17 +0000 2017,@NortonSupport ありがとうございます。削除された後でゲームが起動しなくなってしまったのでアンインストールしてしまったので、再インストール後にやってみます。以前からこのゲームは同様のことが起こると聞いていたので覚悟はしていたんですが…お騒がせしました,1039475,NortonSupport,Mon Oct 23 05:36:15 +0000 2017,"@365921 ご連絡、ありがとうございます。
もしうまくいかない場合は、こちら、あるいはサポートセンター(https://t.co/wPqrUv2KEr)まで
お問い合わせいただければと思います。-hide",
1039474,365921,Sun Oct 22 10:16:37 +0000 2017,"A列車で行こう9がノートン先生によって一部のファイルを駆除（削除）される→
本体から追加パックを１つづつ再インスコ→インスコ中エラー→入れたやつ全部消える",1039472,NortonSupport,Mon Oct 23 03:10:22 +0000 2017,"@365921 ご不便をおかけしております。
ノートンに削除されたファイルは、履歴画面から復元できます。
その際、次回以降のスキャンから除外する設定もしていただけます。-hide

誤ってセキュリティリスクであると識別されたファイルを復元する
https://t.co/sVjGvSHSIJ",1039473
1039477,365922,Mon Oct 23 02:30:48 +0000 2017,"@NortonSupport わざわざユーザーのツイートにまで反応していただき恐縮です。
この件に関しては既に対処しており復元作業は既に行ってあります。
おきづかいありがとうございます。",1039476,NortonSupport,Mon Oct 23 02:39:03 +0000 2017,"@365922 それはよかったです。
ご連絡、ありがとうございます。-hide",
1039479,365922,Fri Oct 20 13:11:47 +0000 2017,"x264guiEXをNortonさんがウィルスとか言い張って強制削除してきたわ。
原因は、更新システムなのか、ライブラリを自動検索するシステムか分からないけど厄介だわ... #aviutl #x264guiEX",1039478,NortonSupport,Mon Oct 23 01:05:17 +0000 2017,"@365922 ご不便をおかけしております。
ノートンに削除されたファイルは、以下の方法で復元していただけます。

誤ってセキュリティリスクであると識別されたファイルを復元する
https://t.co/sVjGvSHSIJ",1039477
1039481,365923,Sun Oct 22 05:57:54 +0000 2017,最新版になっても1週間程度で除外設定が意味を成さなくなる点は変わっていませんでしたw  ＞Norton先生,1039480,NortonSupport,Mon Oct 23 02:34:01 +0000 2017,"@365923 ノートンサポートです。
よろしければ、状況について、詳しく教えていただけませんでしょうか。",
1043464,366749,Mon Oct 23 09:07:36 +0000 2017,@366750 norton is the worst antivirus,1043463,NortonSupport,Mon Oct 23 09:09:30 +0000 2017,"@366749 Sorry about the trouble. Let us know if you face any difficulties with your Norton, we are here to help. :) -raj",
1046475,367369,Mon Oct 23 09:29:54 +0000 2017,@8501 SHAME ON YOU automatic renewal for norton deluxe £69.99 but you can buy on line £29.99 on your own site ! 🤔 😡,1046474,NortonSupport,Mon Oct 23 09:32:15 +0000 2017,@367369 Sorry about this. Send us a DM with the details. We can help. -raj (cc: @8501) https://t.co/K1tHrA9w85,
1047998,367702,Mon Oct 23 07:04:22 +0000 2017,@NortonSupport More like a DNS config in router now all my web requests are getting redirected to connect safe,1048001,NortonSupport,Mon Oct 23 07:07:22 +0000 2017,"@367702 Sorry about that. If you are looking to remove it completely, follow the steps provided here: https://t.co/ruVgUgaxK1 Does this work? -raj",
1047998,367702,Mon Oct 23 07:04:22 +0000 2017,@NortonSupport More like a DNS config in router now all my web requests are getting redirected to connect safe,1048000,NortonSupport,Thu Oct 26 07:10:39 +0000 2017,"@367702 Hi, Please let us know if you still need any help with Norton. -Praveen",1048002
1047999,367702,Mon Oct 23 06:57:41 +0000 2017,"@45740 sorry to ask here, how can I disable norton connect safe redirect ?",1047997,NortonSupport,Mon Oct 23 06:59:56 +0000 2017,"@367702 Hi Binish, could you explain where exactly you are being redirected? I can help. -raj",1047998
1048002,367702,Thu Oct 26 07:12:05 +0000 2017,@NortonSupport The option did not help as in my DNA entry nothing is there. Also I had set open dns ip in router setting but still the page pops up,1048003,NortonSupport,Thu Oct 26 07:13:51 +0000 2017,@367702 Did you check with your Internet Service Provider about this issue? -Praveen,1048004
1048004,367702,Thu Oct 26 07:14:36 +0000 2017,"@NortonSupport Not yet , that’s the last option . Thank you",1048005,NortonSupport,Thu Oct 26 07:16:39 +0000 2017,@367702 You're welcome! Please let us know how it goes. -Praveen,
1048004,367702,Thu Oct 26 07:14:36 +0000 2017,"@NortonSupport Not yet , that’s the last option . Thank you",1048006,NortonSupport,Sun Oct 29 08:29:35 +0000 2017,@367702 Hi Binish! Did you get a chance to get in touch with your Internet Service Provider? Let us know if you still need any help. -Prasanna,
1048009,367703,Fri Oct 20 12:07:41 +0000 2017,@45738 hallo ik zie in mijn account dat mijn ipad en 2iphones niet meer beveiligd zijn ?? Heb premium de luxe. Graag info aub,1048007,NortonSupport,Mon Oct 23 06:22:03 +0000 2017,@367703 Neem contact op met Support: https://t.co/PENwUbRQQ5,1048008
1048011,367704,Mon Oct 23 08:46:15 +0000 2017,@NortonSupport 2 dagen geprobeerd. Heel lang in wachtrij en nooit iemand aan de lijn gekregen. Dat noem ik geen support,1048013,NortonSupport,Mon Oct 23 12:02:45 +0000 2017,"@367704 Probeer via deze pagina: https://t.co/PENwUbRQQ5, kies anders voor de chat mogelijkheid.",
1048012,367704,Fri Oct 20 07:54:20 +0000 2017,@367705 Norton: iemang goed suggestie voor alternatief?,1048010,NortonSupport,Mon Oct 23 06:18:00 +0000 2017,@367704 Support in NL is open tussen 9.00 tot 20.00 op werkdagen.,1048011
1051010,368386,Fri Oct 20 04:27:31 +0000 2017,@NortonSupport Thank you.  I will try it in the morning,1051012,NortonSupport,Fri Oct 20 05:09:49 +0000 2017,@368386 Sure. Please take your time and let us know if you need any help. -Harini,
1051010,368386,Fri Oct 20 04:27:31 +0000 2017,@NortonSupport Thank you.  I will try it in the morning,1051009,NortonSupport,Mon Oct 23 08:06:36 +0000 2017,@368386 Norton Core app? Please let us know if you need any help. -Prasanna (2/2),
1051010,368386,Fri Oct 20 04:27:31 +0000 2017,@NortonSupport Thank you.  I will try it in the morning,1051011,NortonSupport,Mon Oct 23 08:06:27 +0000 2017,"@368386 Hi, Stuart. Hope you’re doing well. Were you able to follow the steps to unblock the websites from your (1/2)",1051018
1051014,368386,Fri Oct 20 04:17:44 +0000 2017,@NortonSupport The app on my phone?  Can't seem to install Core on my pc,1051013,NortonSupport,Fri Oct 20 04:24:54 +0000 2017,"@368386 Hi Stuart. Yes, from the Norton Core app on your phone. We do not have Norton Core app for PCs at the moment. -Harini",1051010
1051016,368386,Fri Oct 20 03:02:47 +0000 2017,@NortonSupport Norton Core - can blocking malicious link be reversed? I blocked a link that was actually valid. Now can't access website.,1051015,NortonSupport,Fri Oct 20 04:16:06 +0000 2017,@368386 remove the website from this list. Are you running the latest version of Norton Core app? Let us know if this helped. -Harini,1051014
1051016,368386,Fri Oct 20 03:02:47 +0000 2017,@NortonSupport Norton Core - can blocking malicious link be reversed? I blocked a link that was actually valid. Now can't access website.,1051017,NortonSupport,Fri Oct 20 04:15:35 +0000 2017,@368386 Hi Stuart! We can help you unblock the website. Open your Norton Core app &gt; Settings &gt; Security &gt; Manage blocked sites &gt; Swipe to (Cont),
1051018,368386,Mon Oct 23 12:15:27 +0000 2017,"@NortonSupport I think so. Didn't see the device that I blocked, but cleared blocked sites anyway.",1051020,NortonSupport,Mon Oct 23 14:30:07 +0000 2017,@368386 Glad to know that! Feel free to reach out to us if you need any help with Norton in the future. You can also reach us at,
1051018,368386,Mon Oct 23 12:15:27 +0000 2017,"@NortonSupport I think so. Didn't see the device that I blocked, but cleared blocked sites anyway.",1051019,NortonSupport,Mon Oct 23 14:30:19 +0000 2017,@368386 https://t.co/MdNHrN1S3Y. Happy to help. :) -Steffi,
1056425,369429,Thu Oct 12 13:40:51 +0000 2017,PUBGのｱﾌﾟﾃﾞファイル、Norton先生に消された,1056424,NortonSupport,Fri Oct 13 03:27:25 +0000 2017,"@369429 ご不便をおかけしております.
ノートンに削除されたファイルは、以下の方法で復元できます。
その際、次回以降のスキャンから除外する設定もしていただけます。-hide

誤ってセキュリティリスクであると識別されたファイルを復元する
https://t.co/sVjGvSHSIJ",
1056427,369430,Fri Oct 13 04:19:56 +0000 2017,"@NortonSupport 対応ありがとうございます、
一部のドライバー類も急に削除されていたので参考にさせていただきます。",1056429,NortonSupport,Fri Oct 13 04:51:31 +0000 2017,"@369430 ご連絡、ありがとうございます。
もしうまくいかない場合は、このアカウント、またはサポートセンター(https://t.co/wPqrUv2KEr)まで
お気軽にご連絡いただければと思います。",
1056428,369430,Thu Oct 12 09:52:49 +0000 2017,ノートンちゃん(の活動)を切らないと動画をMP4化させるファイルを断りなしで消した後、ドヤ顔で報告にくる不具合･･･（；^ω^）何なの,1056426,NortonSupport,Fri Oct 13 03:04:02 +0000 2017,"@369430 ご不便をおかけしております。
ノートンに削除されたファイルは、以下の方法で復元できます。
その際、次回以降のスキャンから除外する設定もしていただけます。-hide

誤ってセキュリティリスクであると識別されたファイルを復元する
https://t.co/sVjGvSHSIJ",1056427
1061006,370516,Fri Oct 20 11:58:33 +0000 2017,"@NortonSupport spyware is on. windows firewall off, defender off.. norton on",1061005,NortonSupport,Mon Oct 23 12:15:10 +0000 2017,"@370516 Hi, we hope everything's fine. Please let us know if you still have any issues with Norton. -Steffi",
1061006,370516,Fri Oct 20 11:58:33 +0000 2017,"@NortonSupport spyware is on. windows firewall off, defender off.. norton on",1061007,NortonSupport,Fri Oct 20 12:08:34 +0000 2017,"@370516 Sorry about that! Please run live update in Norton Security until ""No updates"" and restart your computer.Let us know if  that helps.-Charlie",
1061011,370516,Sat Oct 14 21:01:29 +0000 2017,@NortonSupport @132897 https://t.co/GDONF9UyQl,1061012,NortonSupport,Sat Oct 14 21:06:34 +0000 2017,"@370516 Hi, Norton Firewall is enabled to secure your ports due to which Windows Firewall is turned off in order to avoid the conflicts. -Karthik",
1061011,370516,Sat Oct 14 21:01:29 +0000 2017,@NortonSupport @132897 https://t.co/GDONF9UyQl,1061010,NortonSupport,Tue Oct 17 21:10:28 +0000 2017,"@370516 Hi, just a follow-up.Let us know if you need further assistance -Anirban",1061008
1061015,370516,Sat Oct 14 20:24:12 +0000 2017,@NortonSupport @132897 is windows defender supposed to switched off as well,1144712,NortonSupport,Sat Oct 14 20:27:07 +0000 2017,@370516 We would suggest you have one antivirus protection on your device. so that it doesn't conflict each other. -Steffi (cc: @132897),
1061016,370516,Sat Oct 14 19:28:03 +0000 2017,@132897 the message on bottom right came from norton,1061014,NortonSupport,Sat Oct 14 19:35:47 +0000 2017,@370516 Sorry for the trouble. Could you please share a screenshot of the same? We can look into it. -Steffi (cc: @132897),"1061013,1061015"
1073105,303976,Sun Oct 15 00:05:25 +0000 2017,@NortonSupport By providing uninstall instructions that don’t work? No thank you. I fixed it myself.,1073106,NortonSupport,Sun Oct 15 00:07:53 +0000 2017,@303976 Glad that you got this fixed! Appreciate your efforts on this! Let us know if you ever need any help with Norton. -Karthik,
1076051,373893,Mon Oct 23 17:27:55 +0000 2017,@NortonSupport Is that better than what I already have ie Norton Security?,1076053,NortonSupport,Mon Oct 23 17:36:25 +0000 2017,@373893 If you use Mobile devices or laptops on public WiFi. We would suggest using Norton WiFi Privacy on top of Norton Security -Dinesh,1076054
1076052,373893,Mon Oct 23 16:39:52 +0000 2017,@NortonSupport @Ask_Spectrum What advantage is there in using it?,1076050,NortonSupport,Mon Oct 23 16:53:07 +0000 2017,@373893 You could use Norton Core Security Plus which is part of your purchase to secure all your devices. -Dinesh,1076051
1076054,373893,Mon Oct 23 20:00:46 +0000 2017,@NortonSupport Ok thanks,1076055,NortonSupport,Mon Oct 23 20:07:32 +0000 2017,"@373893 You're welcome. If you need any help with Norton in the future, we're just a tweet away -Dinesh",
1076058,373893,Mon Oct 23 14:28:52 +0000 2017,@373894 @373895 Does #nortoncore protect from #krack? @NortonSupport ?,1076057,NortonSupport,Mon Oct 23 15:37:36 +0000 2017,"@373893 Yes, Norton core protects you from new vulnerability called KRACKs. For more details please check: https://t.co/lGnfoUCG64. -Dinesh",1076056
1085792,376129,Mon Oct 23 17:30:38 +0000 2017,@NortonSupport Norton won't let me turn off Auto Renewal. I get sent to a question screen asking me why I want to. Next button greyed out :(,1085791,NortonSupport,Mon Oct 23 17:33:28 +0000 2017,@376129 Sorry about that! We would like to collect few details. Could you please send us a DM? -Steffi https://t.co/K1tHrA9w85,
108909,140164,Thu Nov 23 19:25:26 +0000 2017,@NortonSupport  https://t.co/5AMNkwmojC,108910,NortonSupport,Sun Nov 26 20:15:02 +0000 2017,"@140164 Hi, there! Did you get a chance to report this to our back-end team for further analysis? -Karthik",108918
108909,140164,Thu Nov 23 19:25:26 +0000 2017,@NortonSupport  https://t.co/5AMNkwmojC,108908,NortonSupport,Thu Nov 23 19:31:19 +0000 2017,"@140164 Thanks for the screenshot. If you suspect this as a false positive, please report it here https://t.co/26M7IRm4Cw. -Steffi",
108912,140164,Thu Nov 23 19:03:36 +0000 2017,"@NortonSupport I did choose to exclude from being detected and Norton still deleted it again over and over when I tried installing it.  Your tech support also tried and failed.  Only way to install the file was to disable firewall, install and re-enable firewall.  Exodus is a highly trusted co.",108911,NortonSupport,Thu Nov 23 19:08:17 +0000 2017,@140164 Strange! Could you please share a screenshot of this notification? We would like to figure it out from our end. -Karthik,108909
108914,140164,Thu Nov 23 18:53:27 +0000 2017,@NortonSupport @132897 I already chatted to support and fixed by deactivating the firewall and installing.,108913,NortonSupport,Thu Nov 23 18:58:22 +0000 2017,"@140164 Are you not able to access that file with Firewall enabled? If you trust that file, we can exclude that file from scanning or being detected. -Karthik",108912
108916,140164,Thu Nov 23 18:46:09 +0000 2017,"@140165 Love the regular updates, but can you please ask @132897 to not block your update files on Windows.  Their File Insight is a big irritation, even blocks again and again even if you choose to exclude the file from being blocked.",108915,NortonSupport,Thu Nov 23 18:52:32 +0000 2017,@140164 Sorry about that! Could you please share a screenshot of this notification? We can check. -Karthik (cc: @132897),108914
108918,140164,Sun Nov 26 20:17:13 +0000 2017,"@NortonSupport I did report the false positive, thanks.",108920,NortonSupport,Wed Nov 29 20:28:07 +0000 2017,@140164 Hi Wesley! Did you get a chance to check the status for the incident reported? -Karthik,
108918,140164,Sun Nov 26 20:17:13 +0000 2017,"@NortonSupport I did report the false positive, thanks.",108919,NortonSupport,Sun Nov 26 20:23:03 +0000 2017,"@140164 Great! soon, our concerned team will analyse this and will get back to you. -Karthik",
1093077,377967,Mon Oct 23 20:23:17 +0000 2017,@NortonSupport The new app update seems to be running through the Yes/No response faster with fewer failures. Also seeing far fewer alerts.,1093079,NortonSupport,Wed Nov 01 21:00:10 +0000 2017,"@377967 Sorry for the delay! We're glad to hear that things are going smooth! If you need anything in the future, we'll be here! -tim",1093080
1093078,377967,Thu Oct 19 15:42:53 +0000 2017,@NortonSupport Thanks for the update. This would be a great thing to put on the site or somewhere in the app.,1093076,NortonSupport,Mon Oct 23 20:11:47 +0000 2017,"@377967 Now, regarding those 500 alerts you're seeing. Are you still seeing this issue?",1093077
1093078,377967,Thu Oct 19 15:42:53 +0000 2017,@NortonSupport Thanks for the update. This would be a great thing to put on the site or somewhere in the app.,1093086,NortonSupport,Thu Oct 19 23:46:18 +0000 2017,"@377967 We agree! We had to first confirm that Norton Core wasn't affected, now we're working to get the messaging up in a few places. -tim",
1093084,377967,Wed Nov 01 21:06:43 +0000 2017,"@NortonSupport My kid loves you, though.",1093085,NortonSupport,Wed Nov 01 21:09:16 +0000 2017,"@377967 Well, that's not cool. What Mobile Device and OS/Version are you using? -tim",
1093088,377967,Thu Oct 19 14:43:00 +0000 2017,"@NortonSupport Because I really want to click ""No"", wait 10 seconds for Core to respond (if it does respond), then repeat. 500 times.",1093089,NortonSupport,Thu Oct 19 15:09:35 +0000 2017,@377967 I’ll let the team know about this feedback so they can improve the alerts. Thank you for the feedback!,
1093088,377967,Thu Oct 19 14:43:00 +0000 2017,"@NortonSupport Because I really want to click ""No"", wait 10 seconds for Core to respond (if it does respond), then repeat. 500 times.",1093087,NortonSupport,Thu Oct 19 15:08:47 +0000 2017,"@377967 Sorry for the trouble! Norton Core doesn’t require a patch from KRACK as it’s already protected. As for the alerts, (cont)",1093078
1093104,377969,Mon Oct 23 19:32:01 +0000 2017,"@NortonSupport OK @NortonSupport credit where it's due, you are human, you have gone above and beyond, in 4 - 6 weeks time I will confirm to the world :-)",1093103,NortonSupport,Mon Oct 23 19:44:22 +0000 2017,@377969 Thank you! We'll follow up with you in 6 weeks to make sure everything is taken care of! We've got your back! -Dinesh,
1093106,377969,Thu Oct 19 16:03:14 +0000 2017,@NortonSupport Let’s face it there is no point in your Twitter “niceness” because the reality is you won’t right a genuine mistake and don’t  really care 😳,1093105,NortonSupport,Thu Oct 19 16:13:23 +0000 2017,@377969 Hi Martin! I have replied to your DM. - Charlie,1093104
1093108,377969,Wed Oct 18 11:39:40 +0000 2017,"@NortonSupport @21694 Rapid response appreciated Harini, let's hope we can sort it.",1093107,NortonSupport,Wed Oct 18 11:46:50 +0000 2017,@377969 Thank you for your kind words. We will do our best to get this sorted for you. -Harini,1093106
1093110,377969,Wed Oct 18 10:45:26 +0000 2017,@NortonSupport @21694 aDM sent-full details and supporting evidence. I would like to see more helo and honesty than the diversionary tactics experienced yesterday,1093109,NortonSupport,Wed Oct 18 10:46:39 +0000 2017,@377969 @21694 Thank you. We received your message and will be looking into this right away! -Harini,1093108
1093112,377969,Tue Oct 17 10:25:26 +0000 2017,"@21694 @NortonSupport when your ""support"" chat team won't send me statements after bank confirms triple payments taken from my account..",1093111,NortonSupport,Tue Oct 17 10:45:32 +0000 2017,@377969 Sorry for the trouble. Could you please send us a DM to get more information on this? We can help. -Prasanna (cc: @21694),1093110
1094925,378366,Sun Oct 15 21:41:49 +0000 2017,"@NortonSupport DriverSupport is one of them, very persistant/aggressive.",1094927,NortonSupport,Sun Oct 15 21:43:59 +0000 2017,@378366 Do you use the program called driversupport? -Anirban,1094928
1094926,378366,Sun Oct 15 03:30:25 +0000 2017,"@NortonSupport I keep getting ads for downloading my drivers; other sources, U maintain my drivers don't U ? I get aggravated with their ads on my screen.",1094924,NortonSupport,Sun Oct 15 03:34:38 +0000 2017,@378366 Sorry for the trouble. May I have the screenshot of the ads that you see? We can help. -Prasanna,1094925
1094928,378366,Sun Oct 15 21:46:30 +0000 2017,"@NortonSupport I used them one time; cancelled them, or let it expire in June, and they keep being a pest, I figured U guys handled updating my drivers.",1094929,NortonSupport,Sun Oct 15 21:48:37 +0000 2017,@378366 Alright. Please go ahead and remove the program from add/remove programs -Anirban,1094930
1094930,378366,Wed Oct 18 03:59:50 +0000 2017,"@NortonSupport I have tried many times to remove them; hard to remove them, too attached for some reason; I knew about this tool already; works for others.",1094931,NortonSupport,Wed Oct 18 04:03:32 +0000 2017,@378366 May I know what happens when you try to remove it? -Praveen,"1094932,1094933"
1094933,378366,Wed Oct 18 20:09:31 +0000 2017,"@NortonSupport Next time I will try to notify U; don't have time right now, okay ?",1094934,NortonSupport,Wed Oct 18 20:11:37 +0000 2017,@378366 Alright. But please know that Norton has nothing to do with updating drivers on your computer. -Anirban,1094935
1094935,378366,Wed Oct 18 20:12:39 +0000 2017,@NortonSupport Okay.,1094936,NortonSupport,Wed Oct 18 20:14:08 +0000 2017,@378366 :),
1094938,378366,Sun Sep 10 06:20:20 +0000 2017,"@NortonSupport I kept getting notices of my subscription expiring Sept 23rd; I gave U my card # today, @NortonSupport is free ? Kinda confusing to me.",1094937,NortonSupport,Sun Sep 10 06:39:13 +0000 2017,@378366 Sorry to hear that. Could you send us a direct message to collect a few information and help you with that? -Dinesh,1094926
1102542,380160,Mon Oct 23 23:10:18 +0000 2017,"I uninstalled Norton from my new computer almost a week ago. 

It just showed up again telling me it scanned, begging me to come back.",1102541,NortonSupport,Mon Oct 23 23:12:37 +0000 2017,"@380160 Hi, sorry if you had a bad experience. Please do let us know the exact issue and we can assist -Anirban",
1106387,381111,Tue Oct 24 00:15:49 +0000 2017,"Hey @NortonSupport can you add ""adobe_flash_setup_0654851556.exe"" to your malware list as the download is harmless but it installs malware.",1106386,NortonSupport,Tue Oct 24 00:30:04 +0000 2017,@381111 Hi John. Please  make your submission here https://t.co/i4Gey60h19 for our team to look into this -Anirban,
1106397,381115,Mon Oct 23 23:13:20 +0000 2017,@380160 I hate Norton tbh. It crashed my PC bc it couldn't load itself so it just took everything down with it.,1106396,NortonSupport,Mon Oct 23 23:23:09 +0000 2017,@381115 We are really sorry for the experience you had. Please do let us know if you need any help at all with Norton -Anirban,
1110635,382120,Tue Oct 24 01:08:21 +0000 2017,@NortonSupport ご丁寧にありがとうございます。本件無事解決しました。今後もよろしくお願いいたします。,1110634,NortonSupport,Tue Oct 24 01:10:55 +0000 2017,"@382120 それはよかったです！
こちらこそ、今後ともノートンをよろしくお願いいたします。-hide",
1110637,382120,Mon Oct 23 12:54:39 +0000 2017,今いきなりノートン先生が妖々夢のデータを危険ファイルとして勝手に削除したんだが。,1110636,NortonSupport,Tue Oct 24 00:09:00 +0000 2017,"@382120 ご不便をおかけしております。
ノートンに削除されたファイルは、履歴画面から復元できます。
その際、次回以降のスキャンから除外する設定もしていただけます。-hide

誤ってセキュリティリスクであると識別されたファイルを復元する
https://t.co/sVjGvSHSIJ",1110635
1113618,382831,Tue Oct 24 02:28:51 +0000 2017,"@NortonSupport That, as i said before, is robbing your customers. Snd now, you have robbed me of, 41 minutes of my time. Norton owes me big time.",1113617,NortonSupport,Tue Oct 24 02:32:27 +0000 2017,"@382831 Sorry, we have policies in place and it was clearly mentioned in the agreement. -Praveen",
1113620,382831,Tue Oct 24 02:13:52 +0000 2017,"@NortonSupport I have mire thsn two months left. 77 days. I am requesting a, refund.",1113619,NortonSupport,Tue Oct 24 02:16:43 +0000 2017,@382831 Sorry about that. We can not process the refund beyond the policy. Please check this link for more info https://t.co/XawxuzI0dC -Praveen,1113618
1113622,382831,Tue Oct 24 02:07:23 +0000 2017,@NortonSupport My subscription has renewed December 31 for many years now.,1113621,NortonSupport,Tue Oct 24 02:11:42 +0000 2017,@382831 10months now and you only have few days left in your subscription. -Praveen,1113620
1113622,382831,Tue Oct 24 02:07:23 +0000 2017,@NortonSupport My subscription has renewed December 31 for many years now.,1113623,NortonSupport,Tue Oct 24 02:11:08 +0000 2017,@382831 We do apologize. We have a 60-day refund policy and we cannot process refund beyond that time. You have used Norton for almost (cont),
1113625,382831,Tue Oct 24 01:46:02 +0000 2017,@132897 Can't cancel yr service. Gotta online chat with India: refunds only given w/in 60 days of order. BS and robbery. #Norton,1113626,NortonSupport,Tue Oct 24 01:49:26 +0000 2017,"@382831 Sorry for the trouble. Can you please send us a direct message, we'll help you. -Praveen (cc: @132897)",
1113625,382831,Tue Oct 24 01:46:02 +0000 2017,@132897 Can't cancel yr service. Gotta online chat with India: refunds only given w/in 60 days of order. BS and robbery. #Norton,1113624,NortonSupport,Tue Oct 24 01:59:30 +0000 2017,@382831 Thanks for your information! May I know when did you purchase Norton? -Praveen,1113622
1116921,214228,Tue Oct 24 02:48:52 +0000 2017,まだ数ヶ月だけど　やりたい事が可能かも解らず　ノートンインターネット別に三台版を期限まで使って一台版のノートンインターネットセキュリティデラックスを買う方法はあるのかって感じ。ダウンロードしてたら実際にダブって使用になりそうな予感が。あと仮に年末年始で休みならって想定される,1116920,NortonSupport,Tue Oct 24 03:05:30 +0000 2017,"@214228 ノートンサポートです。以下の方法がございます。
・延長手続で1台版を購入。現在のライセンスの残り日数は継続されます
・パッケージ版を購入し、現在の3台版の期限が切れたタイミングでインストールする",
1119469,384134,Tue Oct 24 05:24:53 +0000 2017,Wasted 5 days programming norton antivirus to classify itself as a computer virus... also now I gotta buy &amp; instal norton all over again,1119468,NortonSupport,Tue Oct 24 05:27:55 +0000 2017,"@384134 Sorry for the trouble. Please let us know the issue, we'll check that for you. -Praveen",
1135729,387571,Tue Oct 24 08:18:03 +0000 2017,"@NortonSupport “4 Week Notice: Your Norton Security Deluxe Expired”

This is a marketing e-mail, because it’s asking me to renew.",1135727,NortonSupport,Tue Oct 24 08:18:43 +0000 2017,"@387571 Can you please send us the screenshot of the email in a direct message, we'll check that for you. -Praveen",1135728
1135731,387571,Tue Oct 24 08:13:23 +0000 2017,@NortonSupport I contacted you in August about this &amp; promised me it would be actioned in “10 business days”. Why am I still receiving unsolicited mail?,1135730,NortonSupport,Tue Oct 24 08:17:19 +0000 2017,@387571 We really do apologize for the inconvenience. May I know what kind of emails are you receiving now? -Praveen,1135729
1140697,388513,Tue Oct 24 15:41:09 +0000 2017,@NortonSupport No place to download it?,1140699,NortonSupport,Tue Oct 24 15:46:58 +0000 2017,"@388513 I am afraid we don't have any official links to download Norton System works as support/sales has ended on October, 2009. -Dinesh",1140700
1140698,388513,Tue Oct 24 01:04:12 +0000 2017,@NortonSupport Hi people! I’d like to know if there is still a link to get Norton System Works 2009. Thanks in advance.,1140696,NortonSupport,Tue Oct 24 15:22:56 +0000 2017,@388513 Sorry! The Support for Norton System works is provided through Norton community forum here: https://t.co/pK0NCaYPrr -Dinesh,1140697
1140700,388513,Tue Oct 24 15:47:24 +0000 2017,@NortonSupport Thanks!,1140701,NortonSupport,Tue Oct 24 15:49:26 +0000 2017,@388513 I am sorry I was unable to help you resolve the issue. -Dinesh,
1140703,364434,Tue Oct 24 14:25:11 +0000 2017,@MicrosoftHelps I'm trying to uninstall norton security files from my laptop but apparently im not the administrator... Why? https://t.co/PJDyPyMGgE,1140702,NortonSupport,Tue Oct 24 14:30:07 +0000 2017,@364434 Sorry about that! We would suggest you run the Norton removal tool from this link: https://t.co/CRqluSP3cE. -Steffi,
1140703,364434,Tue Oct 24 14:25:11 +0000 2017,@MicrosoftHelps I'm trying to uninstall norton security files from my laptop but apparently im not the administrator... Why? https://t.co/PJDyPyMGgE,1140705,NortonSupport,Fri Oct 27 14:55:55 +0000 2017,@364434 Hi Dan! We're just following to check if you still need any help with Norton. - Charlie,
1163273,120800,Sun Oct 08 02:25:47 +0000 2017,"Norton kept deleting VN and game files without the option to restore, good fucking bye.",1163272,NortonSupport,Sun Oct 08 02:32:46 +0000 2017,"@120800 Sorry for the trouble. If you feel the program is safe, you can report to the False Positive team here: https://t.co/DGLvgxK45B. -Prasanna",
1169883,395179,Tue Oct 24 19:09:25 +0000 2017,@NortonSupport Been like this for the last 10 minutes https://t.co/3GM7k7ZoWw,1169897,NortonSupport,Tue Oct 24 19:11:42 +0000 2017,@395179 Definitely unfair! We just want to get to the bottom of this and report this to the right channel. So we'll take this from here.  -Karthik,1169898
1169884,395179,Tue Oct 24 19:11:53 +0000 2017,"@NortonSupport It really doesn't strike me that you are ""desperate to know what has gone wrong""",1169899,NortonSupport,Tue Oct 24 19:13:51 +0000 2017,@395179 No wonder why you're upset! Please give us few details through DM? We will definitely take care of this for you. -Karthik https://t.co/K1tHrA9w85,"1169900,1169901"
1169896,395179,Tue Oct 24 18:43:14 +0000 2017,@NortonSupport You have rushed this product to market to try and capitalise on the KRACK opportunity and your product wasn't ready,1169882,NortonSupport,Tue Oct 24 18:46:32 +0000 2017,@395179 Strange! We're desperate to know what went wrong? So that we can figure this out for you. -Karthik,"1169883,1169884,1169885,1169886,1169887,1169888,1169889,1169890,1169891,1169892,1169893,1169894,1169895"
1169900,395179,Tue Oct 24 19:17:04 +0000 2017,@NortonSupport Please don't delete my tweets,1169902,NortonSupport,Tue Oct 24 19:18:44 +0000 2017,@395179 We just need you to send a DM for your privacy concern as we may require some details from you to check and help you further. -Karthik,"1169903,1169904"
1169903,395179,Tue Oct 24 19:21:22 +0000 2017,@NortonSupport He says things and I have no idea what to do about it.,1169905,NortonSupport,Tue Oct 24 19:22:52 +0000 2017,"@395179 If you can share the case number referring to this conversation, we can look into this for you. -Karthik",1169906
1169906,395179,Tue Oct 24 19:25:20 +0000 2017,@NortonSupport You know what? I would love to give you my case number. But I don't have it because my agent closed that window,1169907,NortonSupport,Tue Oct 24 19:29:49 +0000 2017,@395179 Could you please provide us your Norton account email address? We can check but please send this in a DM for your privacy concern! -Karthik https://t.co/K1tHrA9w85,"1169908,1169909,1169910"
1169909,395179,Tue Oct 24 19:41:46 +0000 2017,@NortonSupport Apparently Norton will email me when you've resolved this issue. Quick Q - how would you feel if you were me? Given all I've said?,1169911,NortonSupport,Tue Oct 24 19:43:24 +0000 2017,@395179 We certainly would like to keep this transparent but we also need to handle this on priority if you can help us with details. -Karthik,1169912
1169915,395179,Tue Oct 24 18:03:16 +0000 2017,"@NortonSupport I dont care if its automated or not, it's NOT HONEST",1169913,NortonSupport,Tue Oct 24 18:11:50 +0000 2017,@395179 We agree that it isn't how it's suppose to be! What happens when you set up your Norton product? Encountered any error message? -Karthik https://t.co/K1tHrA9w85,"1169896,1169914"
1169917,395179,Tue Oct 24 17:52:33 +0000 2017,@NortonSupport No you can't. It took you 4 hours earlier in the week and Ive been waiting 20 mins now even though webchat said the wait would be 39 secs,1169916,NortonSupport,Tue Oct 24 17:53:47 +0000 2017,"@395179 Sorry, that is just an automated time estimated tool. You don't have to wait for them, we can help. Could you send us a DM? -Karthik https://t.co/K1tHrzRVgx",1169915
1169919,395179,Tue Oct 24 17:44:40 +0000 2017,@NortonSupport How can webchat tell me my wait time is 0 mimutes 35 seconds and it's already been 20mins+ #itsupport #antivirus,1169918,NortonSupport,Tue Oct 24 17:46:52 +0000 2017,@395179 We regret for the unexpected hold! But we can immediately jump into this situvation and sort this out for you. -Karthik https://t.co/K1tHrzRVgx,1169917
1174631,395179,Tue Oct 24 20:05:31 +0000 2017,Only way to recover after trying to deal with Norton support https://t.co/GZ0Nek93km,1174630,NortonSupport,Tue Oct 24 20:18:23 +0000 2017,"@395179 Sorry you feel that way! If you need any further assistance, feel free to reach out to us. At your service! -Karthik",
1174633,395179,Tue Oct 24 19:48:02 +0000 2017,@66241 Guys pls get some of your #itsupport ppl over to Norton - they are REALLY unable to fix rushed WiFi Privacy product #nopaddle,1174632,NortonSupport,Tue Oct 24 19:56:35 +0000 2017,"@395179 You're right! But we can personally follow it up and get the results as soon we can. Hope, you give us a chance to fix this. -Karthik",
1193862,400526,Tue Oct 24 14:57:04 +0000 2017,"ノートンとか言うウィルスソフト撲滅してくれ
頼む",1193861,NortonSupport,Wed Oct 25 01:13:11 +0000 2017,"@400526 ノートンサポートです。
どうされましたか。",
1193864,400527,Wed Oct 25 00:56:03 +0000 2017,@NortonSupport Got https://t.co/vw60i9VdNO and cant activate some of the machines I have in Peru. Pls help.,1193863,NortonSupport,Wed Oct 25 00:58:12 +0000 2017,@400527 Hi Daniel. Sorry for the trouble. Please DM us. We would like to get more information -Anirban https://t.co/K1tHrA9w85,
1193866,330748,Tue Oct 24 12:14:45 +0000 2017,"ノートン学習能力無さすぎやん
１回除外したファイルもっかい入れたらまた消しやがった…",1193865,NortonSupport,Wed Oct 25 00:53:38 +0000 2017,"@330748 「スキャンから除外」「自動保護、SONAR、ダウンロードインテリジェンスの検出から除外」
両方の設定をお願いいたします。-hide",
1193866,330748,Tue Oct 24 12:14:45 +0000 2017,"ノートン学習能力無さすぎやん
１回除外したファイルもっかい入れたらまた消しやがった…",1193867,NortonSupport,Wed Oct 25 00:53:11 +0000 2017,"@330748 その除外は、ファイルを復元する際に設定いただいた除外設定でしょうか。
それでうまくいかない場合は、こちらをお試しいただけますでしょうか。
https://t.co/gomXNw0MUy",
1193869,400528,Tue Oct 24 11:42:05 +0000 2017,気づいたらノートン公式からリプきてて草生えた,1193868,NortonSupport,Wed Oct 25 00:45:23 +0000 2017,"@400528 ご返信、ありがとうございます。
貴重なご意見、今後の参考にさせていただきます。-hide",
1193872,400529,Tue Oct 24 09:38:40 +0000 2017,はーdocomoのショップ店員何言ってるかよく分かんないし、Norton入れてくれるって言ったから持ってったのに、Nortonサポートセンターに電話して直接聞いてくれとか言って丸投げだし、Nortonサポートセンターの人もコテコテの中国人でなに言ってるかわかんないしカオス,1193870,NortonSupport,Wed Oct 25 00:43:10 +0000 2017,"@400529 ノートンサポートです。
ご不便をおかけして、申し訳ございません。
こちらで承ります。

あと、ご利用いただいたdocomoショップですが、どちらの店舗か、教えていただけませんでしょうか。",1193871
1199138,401740,Fri Oct 13 13:17:03 +0000 2017,またノートンがニコ生のアラート削除した。は～,1199137,NortonSupport,Mon Oct 16 02:13:32 +0000 2017,"@401740 ノートンが削除したファイルは、履歴画面から、以下の方法で復元していただけます。-hide

誤ってセキュリティリスクであると識別されたファイルを復元する
https://t.co/sVjGvSHSIJ",
1199138,401740,Fri Oct 13 13:17:03 +0000 2017,またノートンがニコ生のアラート削除した。は～,1199139,NortonSupport,Mon Oct 16 02:12:32 +0000 2017,"@401740 ご不便をおかけしております。
以下の方法で、特定のファイルをノートンのスキャン対象から除外していただけます。
https://t.co/gomXNw0MUy
「スキャンから除外」「自動保護、SONAR、ダウンロードインテリジェンスの検出から除外」両方での設定をお願いいたします。",1199140
1199142,401741,Fri Oct 13 13:17:52 +0000 2017,Nの食卓もウッキウキでDLしようとしたらノートンちゃんの誤検出に阻まれて死んでる,1199141,NortonSupport,Mon Oct 16 02:17:21 +0000 2017,"@401741 ご不便をおかけしております。
ノートンに削除されたファイルは、履歴画面から復元できます。
その際、次回以降のスキャンから除外する設定もしていただけます。-hide

誤ってセキュリティリスクであると識別されたファイルを復元する
https://t.co/sVjGvSHSIJ",
1199162,401744,Fri Oct 13 10:44:18 +0000 2017,ノートンがテンセントアプリはマルウェアだって言ってくる💦,1199161,NortonSupport,Mon Oct 16 01:52:55 +0000 2017,"@401744 ノートンが削除したファイルは、以下の方法で、履歴画面から復元していただけます。-hide

誤ってセキュリティリスクであると識別されたファイルを復元する
https://t.co/sVjGvSHSIJ",
1199162,401744,Fri Oct 13 10:44:18 +0000 2017,ノートンがテンセントアプリはマルウェアだって言ってくる💦,1199163,NortonSupport,Mon Oct 16 01:51:39 +0000 2017,"@401744 ご不便をおかけしております。
除外設定により、該当ファイルをスキャン対象から除外していただけます。
https://t.co/gomXNw0MUy
「スキャンから除外」「自動保護、SONAR、ダウンロードインテリジェンスの検出から除外」両方の設定をお願いいたします。",
1199165,401745,Fri Oct 13 11:15:48 +0000 2017,"シマンテックのサポートってクソ面倒なんだな💁
ただでさえネットワークのことよくわかんないのにサポートの使い方もややこしくて煽られてる気分だ。自分のPCのセキュリティソフト他所のに変えようかな。",1199164,NortonSupport,Mon Oct 16 02:02:55 +0000 2017,"@401745 突然失礼いたします。
ノートンのサポートセンターは、平日の10:00-19:00であれば電話でお問い合わせいただけます。
チャットは24時間365日対応です。
https://t.co/wPqrUv2KEr
このツイッターのアカウントも、ユーザー様のお問い合わせに回答しています。",
1202530,402524,Sun Oct 15 10:12:36 +0000 2017,"@53277 ノートン乗り越えてインストールはできたよ
そのあと起動しようとするとエラーが出て終わる
これはもうエロゲするなと言うお達しかと",1202531,NortonSupport,Mon Oct 16 05:21:29 +0000 2017,"@402524 特定のファイルをノートンのスキャン対象から除外するには、以下の設定を行います。
https://t.co/gomXNw0MUy
「スキャンから除外」「自動保護、SONAR、ダウンロードインテリジェンスの検出から除外」両方での設定をお願いいたします。-hide",
1202530,402524,Sun Oct 15 10:12:36 +0000 2017,"@53277 ノートン乗り越えてインストールはできたよ
そのあと起動しようとするとエラーが出て終わる
これはもうエロゲするなと言うお達しかと",1202529,NortonSupport,Mon Oct 16 05:19:29 +0000 2017,"@402524 ご不便をおかけしております。
ノートンに削除されたファイルは、履歴画面から復元していただけます。

誤ってセキュリティリスクであると識別されたファイルを復元する
https://t.co/sVjGvSHSIJ",
1202534,402525,Mon Oct 16 07:52:33 +0000 2017,@NortonSupport いつもお世話になっております。アドバイスのおかげで復元することができました。ご対応ありがとうございます。,1202536,NortonSupport,Mon Oct 16 07:57:00 +0000 2017,"@402525 お役に立てたようでなによりです。
ご連絡、ありがとうございました。-hide",
1202535,402525,Mon Oct 16 00:30:48 +0000 2017,もう、優秀なノートン先生はエロゲのファイルを勝手に削除するからかなわんわ(笑),1202533,NortonSupport,Mon Oct 16 05:03:12 +0000 2017,"@402525 ご不便をおかけしております。
ノートンに削除されたファイルは、以下の方法で復元できます。
その際、次回以降のスキャンから除外する設定もしていただけます。-hide

誤ってセキュリティリスクであると識別されたファイルを復元する
https://t.co/sVjGvSHSIJ",1202534
1202538,402526,Sun Oct 15 10:46:21 +0000 2017,mhfうんちすぎてnortonに引っ掛かるのうざいから諦めてPS4でやろかな、PCはpubgとかの専用機かな,1202537,NortonSupport,Mon Oct 16 05:13:31 +0000 2017,"@402526 突然失礼いたします。
以下の設定で、特定のファイルをノートンのスキャンから除外していただけます。
https://t.co/gomXNw0MUy
「スキャンから除外」「自動保護、SONAR、ダウンロードインテリジェンスの検出から除外」両方での設定をお願いいたします。",
1202538,402526,Sun Oct 15 10:46:21 +0000 2017,mhfうんちすぎてnortonに引っ掛かるのうざいから諦めてPS4でやろかな、PCはpubgとかの専用機かな,1202539,NortonSupport,Mon Oct 16 05:14:49 +0000 2017,"@402526 ノートンに削除されたファイルは、以下の方法で復元していただけます。-hide

誤ってセキュリティリスクであると識別されたファイルを復元する
https://t.co/sVjGvSHSIJ",
1202541,402527,Mon Oct 16 03:27:20 +0000 2017,"幻想魔録のexeファイルが削除されてる・・・
ノートン先生ー！！！！",1202540,NortonSupport,Mon Oct 16 05:08:58 +0000 2017,"@402527 突然失礼いたします。
ノートンに削除されたファイルは、以下の方法で復元できます。
その際、次回以降のスキャンから除外する設定もしていただけます。-hide

誤ってセキュリティリスクであると識別されたファイルを復元する
https://t.co/sVjGvSHSIJ",
1202551,402529,Sun Oct 15 14:35:46 +0000 2017,@402530 私がノートン先生に蔵消されて再パッチ入れる時は大体２時間overだったり1晩だったりしますです。とても悲しい,1202550,NortonSupport,Mon Oct 16 04:48:37 +0000 2017,"@402529 ノートンが削除したファイルは、履歴画面から復元していただけます。-hide

誤ってセキュリティリスクであると識別されたファイルを復元する
https://t.co/sVjGvSHSIJ",
1202551,402529,Sun Oct 15 14:35:46 +0000 2017,@402530 私がノートン先生に蔵消されて再パッチ入れる時は大体２時間overだったり1晩だったりしますです。とても悲しい,1202552,NortonSupport,Mon Oct 16 04:47:18 +0000 2017,"@402529 突然失礼いたします。
以下の設定で、特定のファイルをノートンのスキャン対象から除外していただけます。
https://t.co/gomXNw0MUy
「スキャンから除外」「自動保護、SONAR、ダウンロードインテリジェンスの検出から除外」両方での設定をお願いいたします。",1202554
1202554,402529,Mon Oct 16 13:44:20 +0000 2017,@NortonSupport ご丁寧にありがとうございます。普段は大体おっしゃるように履歴から復元していまして、時々それが出来ない時があったのですが、こちらも試してみます。ご親切にありがとうございましたm(_  _)m,1202555,NortonSupport,Tue Oct 17 01:47:35 +0000 2017,"@402529 こちらこそ、ご返信ありがとうございます。
もしご利用中に不具合、疑問等ございましたら
お気軽に当アカウント、またはサポートセンター(https://t.co/wPqrUv2KEr)までご連絡いただければと思います。-hide",
1202557,402531,Mon Oct 16 14:14:10 +0000 2017,"@NortonSupport わざわざ連絡をくださり、ありがとうございました。
さっそく試してみます。",1202559,NortonSupport,Tue Oct 17 01:50:39 +0000 2017,@402531 こちらこそ、ご連絡、ありがとうございます。-hide,
1202558,402531,Sat Oct 14 06:05:05 +0000 2017,"@402532 ノートン。
アンインストールされるのはテメェだ！！",1202556,NortonSupport,Mon Oct 16 03:39:02 +0000 2017,"@402531 突然失礼いたします。
ノートンが削除さたファイルは、以下の方法で復元できます。
その際、次回以降のスキャンから除外する設定もしていただけます。-hide

誤ってセキュリティリスクであると識別されたファイルを復元する
https://t.co/sVjGvSHSIJ",1202557
1202563,402533,Mon Oct 16 06:37:59 +0000 2017,"@NortonSupport わざわざありがとうございます。
助かります",1202565,NortonSupport,Mon Oct 16 06:54:29 +0000 2017,"@402533 ご返信、ありがとうございます。
もしうまくいかない場合は、またご連絡いただければと思います。-hide",
1202564,402533,Fri Oct 13 16:00:58 +0000 2017,ねえノートンさん勝手に２年以上入ってたソフト消すのやめてもらえません？,1202562,NortonSupport,Mon Oct 16 03:37:49 +0000 2017,"@402533 ご不便をおかけしております。
ノートンに削除されたファイルは、履歴画面から復元できます。
その際、次回以降のスキャンから除外する設定もしていただけます。-hide

誤ってセキュリティリスクであると識別されたファイルを復元する
https://t.co/sVjGvSHSIJ",1202563
1202567,402534,Mon Oct 16 09:25:41 +0000 2017,"@NortonSupport いえ　ネットのブラウザゲームで通信で受け取った情報を怪しい通信?と誤認している様で　『通信⇒ノートン「削除しなきゃ」⇒再通信⇒削除⇒再通信⇒以下ループ』になってしまうのです
何とか通信を許可する方法はありませんでしょうか?",1202569,NortonSupport,Mon Oct 16 09:28:38 +0000 2017,"@402534 ご連絡、ありがとうございます。
こちらの設定をお試しいただけますでしょうか。-hide

遮断されたプログラムを許可する
https://t.co/XsigZD7gL6",
1202568,402534,Sat Oct 14 11:04:16 +0000 2017,"@402535 艦これよりもっっっっっっっとスペック使うゲームもしてるけど　その時は先生静かなんだよ・・・・なぜか艦これ起動した瞬間
ノートン「ぶるあああああああ」ってなる(´・ω・｀)",1202566,NortonSupport,Mon Oct 16 03:43:00 +0000 2017,"@402534 もし、ノートンが該当ファイルを削除した、ということでしたら、ファイルは履歴画面から復元できます。
その際、次回以降のスキャンから除外する設定もしていただけます。-hide
誤ってセキュリティリスクであると識別されたファイルを復元する
https://t.co/sVjGvSHSIJ",1202567
1207666,403560,Mon Oct 16 06:12:47 +0000 2017,@NortonSupport エロゲのセーブデータをウイルス扱いされて消されました。,1207665,NortonSupport,Mon Oct 16 06:33:23 +0000 2017,"@403560 履歴から復元していただけますでしょうか。
セキュリティ→履歴、で、表示で「検疫」「解決ししたセキュリティリスク」「SONAR活動」等で選択いただくと
脅威(誤検知ですが)を削除した履歴が出てきます。
詳細→オプションと進み、復元ができます。",
1207668,403560,Mon Oct 16 03:35:04 +0000 2017,Nortonまじゆるさん,1207667,NortonSupport,Mon Oct 16 05:05:40 +0000 2017,"@403560 ノートンサポートです。
どうされましたか。",1207666
1207670,403561,Sat Oct 14 08:39:11 +0000 2017,"ノートンのファイアウォールがバッファローのWi-Fi遮断する！！
助けて！！w",1207669,NortonSupport,Mon Oct 16 05:33:01 +0000 2017,"@403561 突然失礼いたします。
以下の方法で、Wi-Fiに接続できない原因がノートンかを確認し、
必要に応じて、ノートンのファイアウォールをリセットしていただけますでしょうか。
https://t.co/53VW1bwD83",
1217034,405585,Wed Oct 25 17:08:44 +0000 2017,@NortonSupport I'll check tomorrow when it happens.,1217033,NortonSupport,Wed Oct 25 17:10:22 +0000 2017,@405585 Sure! Keep us posted. :) -Abilash,
1217034,405585,Wed Oct 25 17:08:44 +0000 2017,@NortonSupport I'll check tomorrow when it happens.,1217035,NortonSupport,Sat Oct 28 17:12:39 +0000 2017,@405585 We are just following to check if you still need any help with Norton. - Charlie,
1217037,405585,Wed Oct 25 14:51:14 +0000 2017,"@NortonSupport Getting pop-up messages EVERY DAY... I don't want to take part in Equifax's ""protection"" sham",1217036,NortonSupport,Wed Oct 25 16:41:27 +0000 2017,@405585 Sorry for any inconvenience. Do you see don't show button on the popup that you receive? - Charlie,1217034
1217039,405585,Wed Oct 25 14:30:58 +0000 2017,How do I get Norton to stop spamming me on my own computer?,1217038,NortonSupport,Wed Oct 25 14:39:15 +0000 2017,@405585 Sorry you feel that way. Please provide us more details about the issue with Norton. We will look into this for you. - Charlie,1217037
1217041,405586,Wed Oct 25 16:43:42 +0000 2017,@NortonSupport @132897 Thanks!,1217040,NortonSupport,Wed Oct 25 16:44:18 +0000 2017,@405586 You're welcome -Dinesh,
1217043,405586,Wed Oct 25 16:01:10 +0000 2017,@405587 @132897 @NortonSupport Does #Norton protect me from #BadRabbit?,1217042,NortonSupport,Wed Oct 25 16:42:28 +0000 2017,"@405586 Hi, We have added detection to the samples as Trojan Horse. You can find more here: https://t.co/waCz3yfoXo -Dinesh (cc: @132897)",1217041
1222541,406868,Sat Nov 25 18:59:43 +0000 2017,@236406 @406869 @NortonSupport - thanks to my top influencers this week :) - growth insight by https://t.co/xlvcudAYFa,1222540,NortonSupport,Sat Nov 25 19:09:42 +0000 2017,"@406868 Hi, Jason! We haven't heard anything from you post our last conversation. Feel free to reach out to us if you need any help with your Norton products.Cheers! :) -Karthik",
1222543,351876,Sat Nov 25 18:05:38 +0000 2017,No surprises there @351875  - if it is not @132897 charging double it is ripping off people on the renewal fee when they can buy far cheaper for new licence on Amazon https://t.co/CTbDJcXKkV,1222542,NortonSupport,Sat Nov 25 18:10:54 +0000 2017,"@351876 @351875 Hi, Please private message me the registered email address. I can look into this for you -Anirban",
1238037,313541,Thu Oct 26 02:31:00 +0000 2017,@NortonSupport If it’s renewed I need it refunded,1238040,NortonSupport,Thu Oct 26 02:32:57 +0000 2017,@313541 Please don't public tweet your email address. Please DM us and delete the public tweet -Anirban https://t.co/K1tHrA9w85,
1238037,313541,Thu Oct 26 02:31:00 +0000 2017,@NortonSupport If it’s renewed I need it refunded,1238039,NortonSupport,Thu Oct 26 02:52:50 +0000 2017,@313541 Glad it's all sorted. You can reach out to us anytime if you need any help with Norton again in the future. -Praveen,
1238038,313541,Thu Oct 26 02:24:05 +0000 2017,@8501 I need to cancel an auto renewal. Changed email can’t sign in to cancel. Got no reminder. Please advise,1238036,NortonSupport,Thu Oct 26 02:25:29 +0000 2017,"@313541 Hi, Judy. We can help. Please DM the old and the current email address. Let me check -Anirban https://t.co/K1tHrA9w85",1238037
1238042,410403,Thu Oct 26 02:13:03 +0000 2017,"@NortonSupport @132897 It does not. According to my comp, no norton is there to be removed. And yet it tries to download/install everytime I boot up.",1238041,NortonSupport,Thu Oct 26 02:15:07 +0000 2017,@410403 Could you please DM us a screenshot of what exactly you see. I can have it looked into -Anirban,
1238044,410403,Sat Oct 21 15:42:42 +0000 2017,Dear @132897 I've run your uninstall tool twice and you're still here. You're basically gd virus at this point. Will never buy again,1238043,NortonSupport,Sat Oct 21 15:51:17 +0000 2017,@410403 Sorry about that! Please find the step to uninstall Norton: https://t.co/BdrYMFFMo1. Let us know if that helps. -Steff (cc: @132897),1238042
1243285,411674,Thu Oct 26 00:00:26 +0000 2017,@NortonSupport It would be great if you could get your “down” services to work tonight.,1243287,NortonSupport,Thu Oct 26 00:13:53 +0000 2017,@411674 Sorry for the trouble. Could you please share a screenshot of what you are seeing -Anirban,1243288
1243286,411674,Wed Oct 25 23:02:12 +0000 2017,@NortonSupport Except for when the service is down. 😖,1243284,NortonSupport,Wed Oct 25 23:09:05 +0000 2017,"@411674 Hi, Shaun. Sorry if you had a bad experience.Please do let us know if you ever need any assistance with Norton -Anirban",1243285
1243288,411674,Thu Oct 26 00:15:11 +0000 2017,@NortonSupport  https://t.co/gxrTnxhYea,1243289,NortonSupport,Thu Oct 26 00:28:41 +0000 2017,@411674 We are looking into the same. Are you having any issues on your device? -Anirban,
1243288,411674,Thu Oct 26 00:15:11 +0000 2017,@NortonSupport  https://t.co/gxrTnxhYea,1243290,NortonSupport,Sun Oct 29 00:32:21 +0000 2017,@411674 Hi Shaun! Our services are back again up and running. Please let us know if you still need any help with your Norton. -Prasanna,
1243292,413893,Thu Oct 26 04:43:12 +0000 2017,@NortonSupport When will NIS work with Microsoft Edge?,1252872,NortonSupport,Thu Oct 26 04:48:18 +0000 2017,@413893 Norton toolbar is compatible with Edge already. Please check this link for more info https://t.co/Ndmm90FO0L -Praveen,1252871
1245292,412143,Mon Oct 16 00:44:28 +0000 2017,@NortonSupport Full scan seems to have fixed with the restart - but not the live update. Should I just try again later?,1245291,NortonSupport,Mon Oct 16 00:45:40 +0000 2017,"@412143 Yes, Please try in a few hours. I shall check on my end as well -Anirban",
1245292,412143,Mon Oct 16 00:44:28 +0000 2017,@NortonSupport Full scan seems to have fixed with the restart - but not the live update. Should I just try again later?,1245293,NortonSupport,Thu Oct 19 00:49:06 +0000 2017,@412143 Hi Kellie. Just a follow-up. Were you able to run live updates? Let us know if you need further assistance -Anirban,1245319
1245296,412143,Mon Oct 16 00:35:56 +0000 2017,"@NortonSupport Just says ""An update error occurred""",1245318,NortonSupport,Mon Oct 16 00:37:41 +0000 2017,@412143 Please restart the computer and check again -Anirban,
1245297,412143,Mon Oct 16 00:31:06 +0000 2017,@NortonSupport is anyone else having difficulty updating?,1245295,NortonSupport,Mon Oct 16 00:33:24 +0000 2017,"@412143 Hi, Sorry for the trouble. Are you getting any error? -Anirban","1245294,1245296"
1245319,412143,Thu Oct 19 12:53:00 +0000 2017,@NortonSupport Thanks - will try again on the weekend.,1245320,NortonSupport,Thu Oct 19 13:03:04 +0000 2017,@412143 You are welcome! Feel free to reach us out if you need any further help with this. - Charlie,
1252871,413893,Thu Oct 26 04:53:19 +0000 2017,@NortonSupport Thanks. I wasn’t keeping up with the latest.,1252870,NortonSupport,Thu Oct 26 04:55:56 +0000 2017,@413893 You're welcome! You can reach out to us anytime if you need any help with Norton again. -Praveen,
1256074,414495,Thu Oct 26 07:14:32 +0000 2017,@NortonSupport Any idea why it's not been working for ages on my computers? (same problem on every machine I own),1256076,NortonSupport,Thu Oct 26 07:17:21 +0000 2017,@414495 May I know what is your default browser? -Praveen,1256077
1256075,414495,Thu Oct 26 07:11:41 +0000 2017,"@NortonSupport Hi!
I always get directed to Norton's webpage, I remember it used to point to the description of the threat, right?",1256073,NortonSupport,Thu Oct 26 07:13:02 +0000 2017,"@414495 Yes, you're supposed to be redirected to a page where you can find information about that particular threat. -Praveen",1256074
1256077,414495,Thu Oct 26 07:18:13 +0000 2017,"@NortonSupport chrome. 
Firefox at home, same problem if I remember correctly, but not tried for a while",1256078,NortonSupport,Thu Oct 26 07:19:55 +0000 2017,"@414495 Okay, please try it once at home and let us know if that works. -Praveen",1256079
1256079,414495,Thu Oct 26 07:23:39 +0000 2017,"@NortonSupport just tried on Firefox and Edge, same problem!",1256080,NortonSupport,Thu Oct 26 07:25:21 +0000 2017,"@414495 Can you please go to ""Security history"" and check if you can go from there? -Praveen",1256081
1256081,414495,Thu Oct 26 07:28:14 +0000 2017,"@NortonSupport same result, I end up on https://t.co/6Q8A3MoStP",1256082,NortonSupport,Thu Oct 26 07:36:55 +0000 2017,"@414495 Sorry, we'll check this with the team concerned. In the meantime, you can check this manually here https://t.co/11mif33rHq -Praveen",1256083
1256083,414495,Thu Oct 26 07:37:37 +0000 2017,"@NortonSupport Cheers, I'll be waiting to hear from you!",1256084,NortonSupport,Thu Oct 26 07:39:05 +0000 2017,@414495 Sure! Have a good day :) -Praveen,
1256083,414495,Thu Oct 26 07:37:37 +0000 2017,"@NortonSupport Cheers, I'll be waiting to hear from you!",1256085,NortonSupport,Tue Oct 31 08:37:00 +0000 2017,"@414495 Also, the exact URL/website you're being re-directed. -Prasanna (2/2)",
1256083,414495,Thu Oct 26 07:37:37 +0000 2017,"@NortonSupport Cheers, I'll be waiting to hear from you!",1256086,NortonSupport,Tue Oct 31 08:36:53 +0000 2017,@414495 We appreciate your patience. Could you please send us a screenshot of the complete pop up screen? (1/2),"1256087,1256088"
1256087,414495,Thu Nov 02 21:38:52 +0000 2017,@NortonSupport here's the page I get when I click on the link! https://t.co/3jp2VDQ4TA,1256089,NortonSupport,Thu Nov 02 21:42:22 +0000 2017,"@414495 Thanks! Could you provide the version of your Norton product? Also, try running 'Live Update' then restart and check if it helps. -Karthik",1256090
1256090,414495,Thu Nov 02 21:46:19 +0000 2017,@NortonSupport my software is up to date! nothing's changed :) https://t.co/3RMoKlHnaj,1256091,NortonSupport,Thu Nov 02 21:48:35 +0000 2017,@414495 Thanks for the screenshot! Please try running 'Live Update' then restart your computer and check if this issue persists. -Karthik,1256092
1256092,414495,Thu Nov 02 21:53:11 +0000 2017,"@NortonSupport Still the same after update/reboot!

WIsh I knew why it's not working... It used to work a few years ago :)",1256093,NortonSupport,Thu Nov 02 22:33:42 +0000 2017,@414495 Alright! We will check this and will get back to you. -Karthik,
1256092,414495,Thu Nov 02 21:53:11 +0000 2017,"@NortonSupport Still the same after update/reboot!

WIsh I knew why it's not working... It used to work a few years ago :)",1256094,NortonSupport,Fri Nov 03 18:14:33 +0000 2017,@414495 Hi there! Thank you for your time. Could you please check and let us know about the status. -Karthik,1256095
1256095,414495,Sat Nov 04 19:02:28 +0000 2017,"@NortonSupport hi!
Nothing's changed at the moment, still getting on the US norton website when I click on the link!",1256096,NortonSupport,Sat Nov 04 19:10:37 +0000 2017,@414495 Oh! But we heard back from our team that it is under control now. Could you run 'Live Update' until you see the message as updated? -Karthik,1256097
1256097,414495,Sat Nov 04 21:37:06 +0000 2017,"@NortonSupport I ran Live Update....
But guess what?
Still the same :) I'll sleep on it and try again tomorrow :)",1256098,NortonSupport,Sat Nov 04 21:38:42 +0000 2017,@414495 Thank you for your time! Let us know about the status. We will get this checked again. -Karthik,1256099
1256099,414495,Sun Nov 05 17:35:13 +0000 2017,"@NortonSupport Thanks! Working on Win7, and now after restarting browser &amp; extensions, working on Win10 &amp; Chrome!
Merci beaucoup :)
To be continued ;)",1256101,NortonSupport,Thu Nov 09 02:19:34 +0000 2017,"@414495 Hi, just a follow-up. Let us know if you need any further assistance -Anirban",
1256099,414495,Sun Nov 05 17:35:13 +0000 2017,"@NortonSupport Thanks! Working on Win7, and now after restarting browser &amp; extensions, working on Win10 &amp; Chrome!
Merci beaucoup :)
To be continued ;)",1256100,NortonSupport,Sun Nov 05 17:37:48 +0000 2017,@414495 That is good.  Do keep us posted -Anirban,
1256103,414495,Thu Oct 26 06:57:37 +0000 2017,@NortonSupport Please change your soft so that we get directly on threat description when we click on such a link :) Cheers https://t.co/Zc7RVEFzlk,1256102,NortonSupport,Thu Oct 26 07:10:05 +0000 2017,@414495 Thanks for your feedback! May I know what happens when you click on the name? -Praveen,1256075
1256105,414496,Thu Oct 26 06:25:11 +0000 2017,NORTON 設定したらネットに繋がらなくなった。セキュリティ強力すぎるわ。,1256104,NortonSupport,Thu Oct 26 06:33:33 +0000 2017,"@414496 突然失礼いたします。
以下のページを参考に、まずはインターネットに接続できない原因がノートンにあるのかどうか
確認していただけますでしょうか。
https://t.co/53VW1bwD83",
1256107,391458,Thu Oct 26 06:17:03 +0000 2017,@132897 Like thank you for sending me an email AFTER your company has drained my bank account 👌🏻,1256108,NortonSupport,Sun Oct 29 06:30:51 +0000 2017,"@391458 Hi Emma, we would like to help you with this. Could you send us a DM with the details of the charge? -raj https://t.co/K1tHrA9w85",
1256107,391458,Thu Oct 26 06:17:03 +0000 2017,@132897 Like thank you for sending me an email AFTER your company has drained my bank account 👌🏻,1256106,NortonSupport,Thu Oct 26 06:22:04 +0000 2017,"@391458 Sorry again, kindly send us a DM we'll help you. -Praveen https://t.co/K1tHrA9w85",
1256109,391458,Thu Oct 26 06:13:57 +0000 2017,I love that @132897 just doesn't fucking warn you when they're about to take $97 out of your account :-) thanks SO much,1256110,NortonSupport,Thu Oct 26 06:16:36 +0000 2017,"@391458 Sorry for the trouble. Can you please send us a direct message, we'll check that for you. -Praveen (cc: @132897)",
125711,144205,Wed Nov 22 23:45:24 +0000 2017,"ノートンよ、.dllファイルを
勝手に消すのはやめてくれ…",125710,NortonSupport,Fri Nov 24 02:37:48 +0000 2017,"@144205 突然失礼いたします。
ノートンに削除されたファイルは、履歴画面から復元できます。
その際、次回以降のスキャンからの除外設定もしていただけます。-hide

誤ってセキュリティリスクであると識別されたファイルを復元する
https://t.co/sVjGvSHSIJ",
125713,144206,Fri Nov 24 02:05:25 +0000 2017,"@NortonSupport わざわざありがとう。
やってみます。",125712,NortonSupport,Fri Nov 24 02:23:35 +0000 2017,@144206 うまくいかない場合は、またご連絡いただければと思います。,
125715,144206,Wed Nov 22 11:07:13 +0000 2017,"ノートン入れたらiTunesの音楽は出ないわ下のアイコン表示されないはほんとｋｓだな。
お前がウィルスかよって思った。",125714,NortonSupport,Fri Nov 24 01:40:35 +0000 2017,"@144206 ノートンに該当ファイルが削除された、ということでしたら
以下の方法で復元できます。
その際、次回以降のスキャンからの除外設定もしていただけます。

誤ってセキュリティリスクであると識別されたファイルを復元する
https://t.co/sVjGvSHSIJ",125713
125718,144207,Wed Nov 22 13:11:56 +0000 2017,ノートンマジで公式に公開してる削除ツールとか言うのも『削除した後で最新のノートンインストールし直しときますね^^』だからゴミ。,125716,NortonSupport,Fri Nov 24 02:03:57 +0000 2017,"@144207 削除ツールですが、再インストールは強制ではなく、
ユーザー様側で、動作開始前に削除のみ、という選択もしていただけます。",125717
125720,144208,Fri Nov 24 03:19:26 +0000 2017,"@NortonSupport いえ、この場合の「自動更新」はWindows10が勝手に行うものの方です。
それが終わって再起動されてロック画面になりしばらくしてログインしたら現象が出たということです。
リプライありがとうございます。",125722,NortonSupport,Fri Nov 24 03:47:14 +0000 2017,"@144208 そういうことでしたか。
了解いたしました。",
125721,144208,Thu Nov 23 10:12:58 +0000 2017,"先程2度目の同じ現象が出ました！
PCをしばらく触らずにいたらWindows10が勝手に自動更新してPCを再起動したので、しばらくしてログインしたら「危険な状態です」→「今すぐ解決」→「解決していません」となりました。ははぁと思って手動で再起動したら解決。怪しいのは自動更新かも。
@NortonSupport",125719,NortonSupport,Fri Nov 24 01:44:51 +0000 2017,"@144208 ちなみに、自動アップデートは、右上の設定→ウイルス対策→更新で、
オフにしていただけます。-hide",125720
125723,144208,Sun Nov 12 14:52:00 +0000 2017,"ノートンさん！
「危険な状態です」と表示して「今すぐ解決」をクリックしろとおっしゃるからクリックしたら…
解決中… としばらく何かしら実行して…
「解決していません」という結末。(ﾟДﾟ;)
何度やっても「解決していません」てなる。
おい！ ノートン！ どういうことや！？",125724,NortonSupport,Mon Nov 13 03:59:57 +0000 2017,"@144208 ご不便をおかけしております。
セキュリティ→ライブアップデートでノートンを最新版にして
様子を見ていただけますでしょうか。",2340804
125726,128777,Fri Nov 24 01:32:11 +0000 2017,@NortonSupport @132897 This is not complicated: I DO NOT WANT TO ADD YOUR EXTENSION TO MY BROWSER. It is idiotic that that only options are to add or remind me later.,125725,NortonSupport,Fri Nov 24 01:37:00 +0000 2017,"@128777 I understand your frustration. If you would like to provide a feedback to our development team, please go ahead and post it here in our community forums: https://t.co/Cj8njLRBb8 If you ever need any help with Norton, do send us a tweet. -raj",
125728,128777,Fri Nov 24 01:27:43 +0000 2017,Crap @132897 simply will not allow me to not add their extensions to my browsers.  Moronic software engineers.,125727,NortonSupport,Fri Nov 24 01:31:14 +0000 2017,"@128777 Sorry Steven, we were trying to help. Are you okay with giving it an other chance and collect the logs that requested? Let us know. -raj (cc: @132897)",125726
125730,144209,Wed Nov 22 08:35:36 +0000 2017,@NortonSupport 別の製品のインストールです。使ってたソフトの期限が切れていたのでネットに接続せずにインストールしたかったのですが、結局削除ツールをダウンロードしインストールしました。これからは期限切れになる前に作業したいと思います。,125729,NortonSupport,Fri Nov 24 01:25:35 +0000 2017,"@144209 ご連絡、ありがとうございます。
了解いたしました。
今後、不具合、ご不明点等ございましたら、当アカウントまたは
サポートセンター(https://t.co/wPqrUv2KEr)にご連絡いただければと思います。",
125732,144209,Tue Nov 21 09:43:00 +0000 2017,Nortonのセキュリティソフトを3年使ってきたソフトから新しいソフトに替えようとしたら「古いソフトを削除出来ない」と新しいソフトをインストール出来なかった。他社ならともかく自社製品なのに・・・、バカなの？？,125731,NortonSupport,Wed Nov 22 01:08:36 +0000 2017,"@144209 いつもご利用ありがとうございます。
弊社の同じ製品の更新でしょうか、それとも別の製品を新たにインストールする、ということでしょうか。",125730
1260397,415299,Thu Oct 26 10:37:17 +0000 2017,@NortonSupport @8501 Address is __email__,1260399,NortonSupport,Thu Oct 26 10:41:46 +0000 2017,"@415299 Thank you. This is email is from Norton, it is not a spam. -Harini :)",
1260398,415299,Thu Oct 26 09:48:11 +0000 2017,@8501 had this in an email is it a spam or is it ok? https://t.co/YTyOJv4EjY,1260396,NortonSupport,Thu Oct 26 09:56:17 +0000 2017,@415299 Hi Lorna. Could you please share the sender's email address? We will check and let you know! -Harini (cc: @8501),1260397
1260401,415300,Thu Oct 26 09:36:08 +0000 2017,"#NortonSecurity is a mess. I have lists of devices and licenses, but it's impossible to see which is which. @NortonSupport",1260400,NortonSupport,Thu Oct 26 09:44:05 +0000 2017,@415300 Sorry for the trouble. We can help you with this concern. Could you please send us a DM? We will walk you through. -Harini,
1264099,416021,Mon Oct 16 05:07:58 +0000 2017,@NortonSupport I just wish MyNorton would stop stuffing things up.,1264097,NortonSupport,Mon Oct 16 05:20:19 +0000 2017,@416021 Sorry. May I know what exactly you mean by stuffing? Are you facing any issues with performance? -Prasanna,1264098
1264100,416021,Mon Oct 16 09:19:56 +0000 2017,@NortonSupport MyNorton doing very weird things. Could've solved with phone call but @126549 mobile service has been out for 25 hours. Hopefully call tmz.,1264101,NortonSupport,Mon Oct 16 09:23:46 +0000 2017,@416021 Sorry that you're unable to reach Norton support. We hope you get it fixed once you call us. Let us know if you need more help. -Prasanna,1264102
1264102,416021,Mon Oct 16 09:25:33 +0000 2017,"@NortonSupport Fingers crossed @126549 will be working again tomorrow, or I will have to wait til Saturday :(",1264103,NortonSupport,Mon Oct 16 09:31:37 +0000 2017,"@416021 If you're unable to get in touch, please let us know. We'll try and get things sorted from here. -Prasanna",1264104
1264104,416021,Mon Oct 16 09:50:50 +0000 2017,@NortonSupport Guess I'll just have to be patient until @126549 get their act together. Norton Support is open 24/7 &amp; weekends isn't it?,1264106,NortonSupport,Thu Oct 19 11:15:33 +0000 2017,@416021 Hello! We are following up to check if you still need any help with Norton :) -Harini,
1264104,416021,Mon Oct 16 09:50:50 +0000 2017,@NortonSupport Guess I'll just have to be patient until @126549 get their act together. Norton Support is open 24/7 &amp; weekends isn't it?,1264105,NortonSupport,Mon Oct 16 09:56:21 +0000 2017,@416021 Yes! We're open 24/7 and in weekends too. You can also get in touch with us anytime here. -Prasanna,
1264108,416021,Mon Oct 16 04:56:46 +0000 2017,@NortonSupport Yeah I'm really sorry too. Compounded by @126549 no mobile service for 20 hours. Hopefully I'll be able to phone tomorrow. Typing no good.,1264107,NortonSupport,Mon Oct 16 05:02:53 +0000 2017,"@416021 Sure! If you ever need any help with your Norton, please let us know. We'd be more than happy to help. -Prasanna",1264099
1264110,416021,Mon Oct 16 04:25:01 +0000 2017,@NortonSupport I'll have to phone you tomorrow -- IF @126549 is working again. Chat waste of time. Now another device is cancelled eff knows how...,1264109,NortonSupport,Mon Oct 16 04:33:08 +0000 2017,@416021 I am really sorry to hear about your experience. Could you please send us a DM to get more info on this? We'll could help. -Prasanna,1264108
1264112,416021,Mon Oct 16 04:12:12 +0000 2017,"@NortonSupport @126549 Supremely frustrated with both @NortonSupport and @126549.
Norton chat was useless.  Telstra just tells you crap.",1264111,NortonSupport,Mon Oct 16 04:16:17 +0000 2017,@416021 Sorry for the trouble. Could you please elaborate the problem you're facing with Norton? We can help. -Prasanna,1264110
1264119,416023,Sun Oct 15 10:48:07 +0000 2017,ノートンさん録画の邪魔するのやめてもらえませんかね,1264118,NortonSupport,Mon Oct 16 05:17:50 +0000 2017,"@416023 突然失礼いたします。
よろしければ、起こっている事象について教えていただけませんでしょうか。-hide",
1264128,416026,Sun Oct 15 14:53:40 +0000 2017,"ノートンにexeファイル削除されて復元しようにも復元できない件
結局ノートン側から返事ないしノートンはほんとにクソ
クソ以外の何者でもない",1264127,NortonSupport,Mon Oct 16 04:52:32 +0000 2017,"@416026 ご迷惑をおかけしております。
よろしければ、起こった事象について教えていただけますでしょうか。",
1264130,416027,Sat Oct 14 18:52:09 +0000 2017,"やはりパソコンから艦これ開けない
艦これというよりはDMMのゲームにログインしようとすると途中で止められる感じ…やはり何かもらったのか？
ノートン先生しっかり仕事してください(-.-)",1264129,NortonSupport,Mon Oct 16 04:20:39 +0000 2017,"@416027 ノートンサポートです。
よろしければ、状況を詳しく教えていただけますでしょうか。-hide",
1264137,416029,Mon Oct 16 12:14:15 +0000 2017,"@NortonSupport わざわざすいません、ゲームの起動用のファイルがウィルスと誤判定されて削除されてました。

ディレクトリ指定でウィルスチェックの対象外にすることで解決いたしました。

お気遣いありがとうございます",1264139,NortonSupport,Tue Oct 17 01:52:10 +0000 2017,"@416029 了解いたしました。
ご連絡、ありがとうございます。-hide",
1264138,416029,Sat Oct 14 04:57:47 +0000 2017,ノートン先生が大復活をさせないようにしてくるつらい,1264136,NortonSupport,Mon Oct 16 03:46:12 +0000 2017,"@416029 突然失礼いたします。ノートンサポートです。
よろしければ、どのような点でお困りか、教えていただけませんでしょうか。-hide",1264137
1270115,417379,Thu Oct 26 13:14:47 +0000 2017,"@132897 Hello, do you have an iPhone app for virus scanning mobile phones?  I fear I may have a virus and I’d like to to a scan/clean.",1270114,NortonSupport,Thu Oct 26 13:17:40 +0000 2017,"@417379 Sorry to hear that, Christine! We do not have Antivirus app for iOS devices. - Charlie",
1276041,418703,Thu Oct 26 14:28:33 +0000 2017,@NortonSupport - Just wanted to say a huge “Thankyou” for getting rid of an ‘un-deleteable’ file that I mistakenly downloaded. #PowerEraser,1276040,NortonSupport,Thu Oct 26 14:35:34 +0000 2017,@418703 Thanks for the shout out! We're happy to hear that this is taken care. :) - Charlie,
1281156,419767,Mon Oct 30 23:18:38 +0000 2017,"@NortonSupport @132897 Just sharing a dialog box that didn't know where it was. Unless, Power Erasure has it's own super secret Safe Zone to reboot too. LOL 😂",1281155,NortonSupport,Mon Oct 30 23:20:56 +0000 2017,@419767 Let us know if you need any assistance with Norton -Anirban,
1281158,419767,Wed Oct 25 11:32:38 +0000 2017,".@132897 ""Windows is running in safemode. Norton Power Eraser will restart in safe mode to continue."" Ok, safemode it is! 👊👊👊 https://t.co/qhlfHmXAPf",1281157,NortonSupport,Wed Oct 25 11:36:25 +0000 2017,@419767 Sorry for the trouble. Could you please try restarting your computer to see if the issue still persists?Steffi (cc: @132897),1281156
1281160,419768,Mon Oct 30 22:27:47 +0000 2017,@NortonSupport Already taken care of. Thanks.,1281159,NortonSupport,Mon Oct 30 22:34:32 +0000 2017,@419768 Alright. Glad to hear that -Anirban,
1281162,419768,Mon Oct 30 20:11:31 +0000 2017,Is on-hold music meant to encourage the irate customer to hang up? Norton AntiVirus' is making me wanna do just that.,1281161,NortonSupport,Mon Oct 30 20:20:12 +0000 2017,"@419768 Hi, sorry for the trouble. Please DM the issue you are having. I can look into it for you -Anirban",1281160
1286275,420858,Thu Oct 26 18:32:47 +0000 2017,@8501 pop up. emails just have enough stop!,1286274,NortonSupport,Thu Oct 26 18:45:40 +0000 2017,@420858 Hi Patricia. Sorry about that. Please DM a screenshot of the email. I can look into it  -Anirban https://t.co/K1tHrA9w85,
128661,123150,Fri Nov 24 16:58:21 +0000 2017,"@NortonSupport Ok, please let me know when!  I’m uninstalling now.  HUGE oversight in customer experience by your devs",128663,NortonSupport,Fri Nov 24 17:02:26 +0000 2017,"@123150 Sorry about that! After 3 consecutive attempts of choosing ""Remind me later"" as a result you will receive an option ""No Thanks"" and further you will also have an option to not to choose this in the future. Please try and let us know about the status. -Karthik",
128661,123150,Fri Nov 24 16:58:21 +0000 2017,"@NortonSupport Ok, please let me know when!  I’m uninstalling now.  HUGE oversight in customer experience by your devs",128664,NortonSupport,Mon Nov 27 17:25:32 +0000 2017,"@123150 Hi, Zeke! Hope you are doing good. Just a follow up to check if you need any further help with this. -Abilash",128665
128662,123150,Fri Nov 24 04:34:05 +0000 2017,@NortonSupport Twice this week.  I keep safari lean without any extensions,128660,NortonSupport,Fri Nov 24 04:56:39 +0000 2017,"@123150 Sorry, currently we do not have an option to disable the notification. If we have any, we will let you know. -raj",128661
128665,123150,Tue Nov 28 02:35:41 +0000 2017,"@NortonSupport I was hopeful that after three dismissals the notifications would stop, not happening…",128666,NortonSupport,Tue Nov 28 02:41:42 +0000 2017,@123150 Sorry that you're still seeing the message. Are you still seeing this message even after multiple attempts on choosing 'Remind me later'? -Prasanna,
128668,123150,Fri Nov 24 04:14:45 +0000 2017,@NortonSupport I will uninstall Norton and leave negative ratings if this doesn’t stop.  Please help! https://t.co/aJ4VdVR9gO,128667,NortonSupport,Fri Nov 24 04:19:39 +0000 2017,"@123150 Sorry about the pop up notifications. We have already reported this to the development team and they are looking into this. May I know how often you see this message? Also, is there any specific reason that you don't want to add this extension? -raj",128662
128671,144951,Fri Nov 24 04:09:01 +0000 2017,"@144952 Fallout3だよー
あと多分ノートン先生、exe開く前に止めとけばいける気がする",128669,NortonSupport,Fri Nov 24 04:44:35 +0000 2017,"@144951 ノートンサポートです。
既に該当ファイルがノートンに削除されてしまったのであれば、
以下の方法で復元したうえで、スキャンからの除外設定をしていただくのがはやいかと思われます。-hide

誤ってセキュリティリスクであると識別されたファイルを復元する
https://t.co/sVjGvSHSIJ",128670
128681,144953,Fri Nov 24 04:03:18 +0000 2017,"@NortonSupport Thanks Raj! I mean, I'm mostly annoyed by it more than anything, but it's probably worth checking out.",128680,NortonSupport,Fri Nov 24 04:12:35 +0000 2017,@144953 Thank you. There is a possibility that it might have downloaded as an add-on when you try downloading any third party application. Do you remember downloading any free applications recently? -raj,
128683,144953,Fri Nov 24 03:59:30 +0000 2017,@NortonSupport So how did I get a prompt for it? I don't install virus scanners on ANY of my devices. https://t.co/IbtL01Jaye,128682,NortonSupport,Fri Nov 24 04:01:21 +0000 2017,@144953 That's odd! Let me check this with the team and get back to you. -raj,128681
128684,NortonSupport,Fri Nov 24 03:49:56 +0000 2017,@144953 I understand your concern. I am afraid that it is not possible for safe search to be installed on Chrome with out your permission. You might have accidentally clicked on the prompt to allow it. -raj,128685,NortonSupport,Mon Nov 27 08:52:35 +0000 2017,@144953 Hi Antonio! We're just following up to see if you still need any help with this. -Prasanna,
128686,144953,Fri Nov 24 03:45:49 +0000 2017,"@NortonSupport @132897 Oh yeah, it's gone now. I want to know how it ever got on there in the first place. I've gotten like weird search engine hijacks before, but never Norton...",128684,NortonSupport,Fri Nov 24 03:49:56 +0000 2017,@144953 I understand your concern. I am afraid that it is not possible for safe search to be installed on Chrome with out your permission. You might have accidentally clicked on the prompt to allow it. -raj,"128683,128685"
128688,144953,Wed Nov 22 15:04:42 +0000 2017,"@132897 safe search invited itself onto my chrome without ever asking my permission, and made itself the default search engine. Is there a term for a self-propagating piece of computer software that moves from system to system, not unlike a virus? Asking for a friend.",128687,NortonSupport,Wed Nov 22 15:24:34 +0000 2017,@144953 Strange! You should be prompted to add the Norton Safe Search extension to your Chrome browser. Did you try disabling Norton Safe Search from your browser? -Karthik (cc: @132897),128686
128690,144954,Fri Nov 24 03:16:44 +0000 2017,@NortonSupport ありがとうございます。出来るか調べてみます。,128689,NortonSupport,Fri Nov 24 03:19:27 +0000 2017,@144954 うまくいかない場合は、ご連絡いただければと思います。-hide,
128692,144954,Thu Nov 23 14:39:58 +0000 2017,"話題の＄５バンドル買ったら、その内の一つであるOvertoneがＮｏｒｔｏｎ先生に蹴られたｗ

AIR Music Technologyがブラックフライデー「$1 Deals Bundle」発売開始！「Hybrid 3」とその他5つのエフェクトバンドル（定価46,000円相当）がわずか660円！ https://t.co/fuDP91u52W @7386さんから",128691,NortonSupport,Fri Nov 24 03:11:57 +0000 2017,"@144954 突然失礼いたします。
ノートンに削除されたファイルは、履歴画面から復元できます。
その際、次回以降のスキャンからの除外設定もしていただけます。-hide

誤ってセキュリティリスクであると識別されたファイルを復元する
https://t.co/sVjGvSHSIJ",128690
128694,144955,Thu Nov 23 23:41:32 +0000 2017,"ノートンのセキュリティソフトがアプリケーションエラーでインストール出来ねー(ヾ(´・ω・｀)
誰かへるぷみー。
家帰ったらサポートセンターに問い合わせるか。",128693,NortonSupport,Fri Nov 24 03:15:40 +0000 2017,"@144955 ノートンサポートです。
こちらで承ります。
エラー画面のスクリーンショットをお送りいただけますでしょうか。-hide",
128696,144956,Thu Nov 23 14:27:12 +0000 2017,"いや、だからね、Nortonさん？まえにも言ったよね？
Serumの体験版をDLした瞬間に削除するのやめてくださらない？",128695,NortonSupport,Fri Nov 24 03:09:13 +0000 2017,"@144956 ノートンに削除されたファイルは、履歴画面から復元できます。

誤ってセキュリティリスクであると識別されたファイルを復元する
https://t.co/sVjGvSHSIJ",
128696,144956,Thu Nov 23 14:27:12 +0000 2017,"いや、だからね、Nortonさん？まえにも言ったよね？
Serumの体験版をDLした瞬間に削除するのやめてくださらない？",128697,NortonSupport,Fri Nov 24 03:08:26 +0000 2017,"@144956 ご不便をおかけしております。
該当ファイルについて、スキャンからの除外設定をしていただけますでしょうか。
https://t.co/gomXNw0MUy
「スキャンから除外」「自動保護、SONAR、ダウンロードインテリジェンスの検出から除外」両方での設定をお願いいたします。",
128699,144957,Thu Nov 23 08:12:38 +0000 2017,やろうとしたフリゲを起動しようとしたらノートン先生に消された,128698,NortonSupport,Fri Nov 24 02:55:24 +0000 2017,"@144957 突然失礼いたします。
ノートンに削除されたファイルは、履歴画面から復元できます。
その際、次回以降のスキャンからの除外設定もしていただけます。

誤ってセキュリティリスクであると識別されたファイルを復元する
https://t.co/sVjGvSHSIJ",
128701,144958,Thu Nov 23 07:06:24 +0000 2017,Hidden Star in Four Seasons ノートンにブロックされるんだが,128700,NortonSupport,Fri Nov 24 02:52:26 +0000 2017,"@144958 突然失礼いたします。
ノートンにファイルが削除される、ということでしょうか。
それとも、ノートンに通信をブロックされる、ということでしょうか。",
128703,144959,Thu Nov 23 03:38:56 +0000 2017,除外したフリーソフト、またノートン先生が勝手に処理してる,128702,NortonSupport,Fri Nov 24 02:46:56 +0000 2017,"@144959 もし、ファイル復元時の除外設定だけでうまくいかない場合は、
以下の設定をお試しいただけますでしょうか。
https://t.co/gomXNw0MUy
「スキャンから除外」「自動保護、SONAR、ダウンロードインテリジェンスの検出から除外」両方での設定をお願いいたします。",
1290296,421746,Thu Oct 26 19:39:35 +0000 2017,"@NortonSupport Hi, I appear to be having trouble starting a game I own on Steam - bringing up error messages about ""WP.Reputation.1"" 🤔",1290295,NortonSupport,Thu Oct 26 19:49:15 +0000 2017,"@421746 Hi, please DM us with more information and we can look into this for you -Anirban https://t.co/K1tHrA9w85",
1296215,422969,Thu Oct 26 21:13:14 +0000 2017,"It works! Thank you, @132897 😁 https://t.co/MO2KXTnI7k",1296214,NortonSupport,Thu Oct 26 21:14:04 +0000 2017,@422969 Welcome :),
1299993,423846,Thu Oct 26 22:13:43 +0000 2017,@132897 #protects you so well that it allows unknown entities download onto your computer. #whatsgoingon,1299992,NortonSupport,Thu Oct 26 22:27:59 +0000 2017,@423846 Strange! How do you suspect that this happened? We can check. -Karthik (cc: @132897),
1303230,414496,Thu Oct 26 11:41:57 +0000 2017,あ、NORTONさんからリプ来てた。ちゃんと設定できてますよー。ご安心ください。ルータからの通信を遮断してたのを設定し直しました。ありがとうございます。,1303229,NortonSupport,Fri Oct 27 00:09:02 +0000 2017,"@414496 それはよかったです！
ご返信、ありがとうございます。",
1303232,424546,Thu Oct 26 15:42:13 +0000 2017,"ノートンのファイルインサイトくそすぎる
ノートン先生やめようかな",1303231,NortonSupport,Fri Oct 27 00:07:50 +0000 2017,"@424546 ノートンサポートです。
どうされましたか。",
1310539,426252,Tue Oct 17 14:57:33 +0000 2017,"再起動したらノートン先生が「ゆかりねっと」絶対殺すマンになった…
ボイスロイドも削除削除削除削除と、先生気でも狂ったのか…",1310540,NortonSupport,Wed Oct 18 00:48:05 +0000 2017,"@426252 ご不便をおかけしております。
該当ファイルを、スキャン対象から除外する設定をしていただけますでしょうか。
https://t.co/gomXNw0MUy
「スキャンから除外」「自動保護、SONAR、ダウンロードインテリジェンスの検出から除外」両方での設定をお願いいたします。",1797701
1310539,426252,Tue Oct 17 14:57:33 +0000 2017,"再起動したらノートン先生が「ゆかりねっと」絶対殺すマンになった…
ボイスロイドも削除削除削除削除と、先生気でも狂ったのか…",1310538,NortonSupport,Wed Oct 18 00:48:52 +0000 2017,"@426252 ノートンに削除されたファイルは、履歴画面から復元していただけます。-hide

誤ってセキュリティリスクであると識別されたファイルを復元する
https://t.co/sVjGvSHSIJ",
1310542,274958,Tue Oct 17 23:26:46 +0000 2017,"ノートンの無能めがｗｗｗｗ
一度除外したMODの.DLLをまぁた誤検知しよった。(； ･`д･´)
めんどくせぇんだよ！！ええええっ！？
こうやってるうちにまぁた削除されたわ(;´Д｀)
ノートンダメポ(´・ω・`)",1310541,NortonSupport,Wed Oct 18 00:52:18 +0000 2017,"@274958 ご不便をおかけしております。
もしまだでしたら、以下の除外設定をお試しいただけますでしょうか。
https://t.co/gomXNw0MUy
「スキャンから除外」「自動保護、SONAR、ダウンロードインテリジェンスの検出から除外」両方で設定をお願いいたします。",
1310544,426253,Tue Oct 17 13:52:39 +0000 2017,ノートンよそろそろ覚えなさい、結城友奈は勇者である.exe は有害ファイルではない(,1310543,NortonSupport,Wed Oct 18 00:45:38 +0000 2017,"@426253 ノートンに削除されたファイルは、以下の方法で復元していただけます。-hide

誤ってセキュリティリスクであると識別されたファイルを復元する
https://t.co/sVjGvSHSIJ",
1310544,426253,Tue Oct 17 13:52:39 +0000 2017,ノートンよそろそろ覚えなさい、結城友奈は勇者である.exe は有害ファイルではない(,1310545,NortonSupport,Wed Oct 18 00:44:17 +0000 2017,"@426253 ご不便をおかけしております。
以下の方法で、該当ファイルをノートンのスキャン対象から除外していただけます。
https://t.co/gomXNw0MUy
「スキャンから除外」「自動保護、SONAR、ダウンロードインテリジェンスの検出から除外」両方での設定をお願いいたします。",1310551
1310548,426254,Tue Oct 17 15:58:28 +0000 2017,おのれSymantec,1310547,NortonSupport,Wed Oct 18 00:36:07 +0000 2017,"@426254 突然失礼いたします。
もし、ノートンが必要なファイルを誤検知で削除した、ということでしたら
以下の方法で、履歴画面からファイルは復元できます。

誤ってセキュリティリスクであると識別されたファイルを復元する
https://t.co/sVjGvSHSIJ",
1310550,426255,Tue Oct 17 10:53:07 +0000 2017,Eclipseで作ったファイルがノートンに削除されて困る,1310549,NortonSupport,Wed Oct 18 00:37:37 +0000 2017,"@426255 ご不便をおかけしております。
ノートンに削除されたファイルは、以下の方法で復元できます。
その際、次回以降のスキャンから除外する設定もしていただけます。-hide

誤ってセキュリティリスクであると識別されたファイルを復元する
https://t.co/sVjGvSHSIJ",
1310551,426253,Wed Oct 18 13:01:53 +0000 2017,@NortonSupport ご丁寧にありがとうございます。,1310552,NortonSupport,Thu Oct 19 01:06:34 +0000 2017,@426253 こちらこそ、ご返信ありがとうございます。-hide,
131442,145638,Fri Nov 24 07:56:38 +0000 2017,"@NortonSupport Hey Norton. I thought everything was resolved and now my fiancee has anxiety again and now it is starting to affect me. 
@145639",131444,NortonSupport,Fri Nov 24 08:00:27 +0000 2017,"@145638 We just replied. Not to worry, if Amber needs more information, we are here to help. -raj",
131443,145638,Fri Nov 24 07:07:17 +0000 2017,"@NortonSupport Thank you for helping my Fiancee. I really appreciate it. ❤️
cc: @145639",131441,NortonSupport,Fri Nov 24 07:10:29 +0000 2017,@145638 It is our pleasure to help :) Tweet us if you need any help with Norton in the future! -Harini,131442
131446,145638,Fri Nov 24 06:00:07 +0000 2017,"Hey @NortonSupport Can you please assist my Fiancee @145639?
1) Her Norton was suppose to renew on 3 December, but it renewed now!
2) It was normally $50 and now you charged her $95.

You just caused her unnecessary anxiety and stress.",131445,NortonSupport,Fri Nov 24 06:05:43 +0000 2017,"@145638 Hi Jua! Yes, we will certainly assist you and your Fiancee with this! -Harini",131443
131449,145639,Fri Nov 24 06:03:57 +0000 2017,"@145638 @NortonSupport Yes, I budgeted for about $60 and now it's nearly double and way too early. Supposed to be on December 3rd so now I have literally $1.00 in my account",131475,NortonSupport,Fri Nov 24 06:10:31 +0000 2017,"@145639 Hi Amber! If your Norton subscription was enrolled in auto renewal service, it will be charged 30 days prior to expiration date. However, your subscription days will not be reduced. Could you please send us a DM? We will look into this for you. -Harini https://t.co/K1tHrA9w85",
131451,145640,Tue Nov 21 05:48:26 +0000 2017,@NortonSupport Soon,131452,NortonSupport,Tue Nov 21 05:53:33 +0000 2017,"@145640 Okay, if you need any help, we are here. -raj",
131451,145640,Tue Nov 21 05:48:26 +0000 2017,@NortonSupport Soon,131450,NortonSupport,Fri Nov 24 07:01:01 +0000 2017,@145640 Hi Lucy! Just checking to see if you still need any help with Norton. -Harini,
131454,145640,Sun Nov 19 05:57:45 +0000 2017,@NortonSupport  https://t.co/Z3han6wjPN,131453,NortonSupport,Sun Nov 19 06:01:30 +0000 2017,@145640 Were you able to follow the instructions to remove Norton files from your Mac? -Prasanna,131451
131457,145640,Sun Nov 19 04:04:40 +0000 2017,"@NortonSupport I had it removed because product did not do the job, and yet it says revoked.  Your ad men are not the most excellent to get the consumer to return, are they?",2661641,NortonSupport,Sun Nov 19 04:07:38 +0000 2017,@145640 Please follow the instructions here to remove any Norton files from your Mac: https://t.co/bW6Sv5QXKR. Let us know if that helped.,
131458,145640,Sun Nov 19 03:42:21 +0000 2017,@NortonSupport You keep saying and yet the doing remains undone.,2661642,NortonSupport,Sun Nov 19 03:46:04 +0000 2017,"@145640 Sorry, you feel this way. May I know what exactly happens when you try to remove Norton from your PC? -Prasanna",
131459,145640,Sun Nov 19 03:38:50 +0000 2017,@145641 @132897 Norton.  I am absolutely repulsed by your refusal to remove your product from my computer.  Also making it hard to unsubscribe email is bonus annoyance.  I’m begging you to leave me alone.,131456,NortonSupport,Sun Nov 19 03:41:23 +0000 2017,@145640 Sory for the trouble. May I have the name/version of your Norton product? We can help. -Prasanna,"131457,131455,131458"
131462,145642,Sat Nov 25 09:12:32 +0000 2017,@NortonSupport not at specific sites.n and when laptop rebooted the toolbar does not reappear even when clicking on Norton icon. I pay a lot and I expect something that works,131464,NortonSupport,Sat Nov 25 09:15:11 +0000 2017,"@145642 We can completely understand your concern. Kindly send us a DM, we would like to gather more information. -Harini",
131462,145642,Sat Nov 25 09:12:32 +0000 2017,@NortonSupport not at specific sites.n and when laptop rebooted the toolbar does not reappear even when clicking on Norton icon. I pay a lot and I expect something that works,131465,NortonSupport,Tue Nov 28 09:45:02 +0000 2017,@145642 Hi Robbo! We're just following up to see if you still need any help with your Norton toolbar. Let us know if you still have any concern. -Prasanna,131466
131463,145642,Fri Nov 24 06:25:38 +0000 2017,"@NortonSupport yeah that works occasionally at best. toolbar NEVER a problem on windows explorer but always problems on Chrome, my preferred browser",131461,NortonSupport,Fri Nov 24 06:40:38 +0000 2017,@145642 Does it happen when you browse any specific sites? -Harini,131462
131466,145642,Wed Nov 29 04:25:27 +0000 2017,@NortonSupport it is erratic and I have given up on it. works perfectly on Explorer,131468,NortonSupport,Wed Nov 29 05:41:25 +0000 2017,@145642 Sorry about that. We'll check this with the concerned team to see if there is any workaround for Chrome. -Prasanna,
131466,145642,Wed Nov 29 04:25:27 +0000 2017,@NortonSupport it is erratic and I have given up on it. works perfectly on Explorer,131467,NortonSupport,Sat Dec 02 07:30:31 +0000 2017,"@145642 Hi Robbo! Currently, we don't have any workaround for Chrome browser. You can use the ^ near the left-most end of the toolbar. It will hide the toolbar and it will let you see the original webpage ""un-obscured"" -Prasanna",
131470,145642,Fri Nov 24 06:15:58 +0000 2017,@NortonSupport @132897 your toolbar is hiding part of the webpage content. webpage does not resize to fit under your toolbar,131469,NortonSupport,Fri Nov 24 06:19:29 +0000 2017,"@145642 Thank you for explaining that. You can click on the X, this will not disable Norton safe search or the vault. It can still be accessed from the icon at the top right in your browser. -Harini",131463
131472,145642,Fri Nov 24 05:59:12 +0000 2017,Hey @132897 when your tool bar occasionally works on chrome the browser does not resize web pages. This is Tweetdeck https://t.co/1BaDLg4xpn,131471,NortonSupport,Fri Nov 24 06:13:49 +0000 2017,@145642 Sorry that you are having trouble with Norton toolbar. Could you please elaborate the issue you are facing? -Harini(cc: @132897),131470
131474,135006,Fri Nov 24 05:55:55 +0000 2017,The time of the year to buy #antivirus of choice. Thanks to #blackfriday and whatever for some discount. This year it is #Norton again!,131473,NortonSupport,Fri Nov 24 06:20:51 +0000 2017,"@135006 Thank you for choosing Norton Security to protect your devices! Tweet us if you need any help with Norton, we are right here :) -Harini",
131477,144951,Fri Nov 24 04:54:44 +0000 2017,@144952 丁寧にサポート貰えたよ(驚き) https://t.co/fldh2JMpbT,131476,NortonSupport,Fri Nov 24 05:04:14 +0000 2017,"@144951 ご返信、ありがとうございます。
うまくいかない場合は、またご連絡いただければと思います。-hide",
1322862,428723,Fri Oct 27 08:54:39 +0000 2017,I finally figured out my site issues. I had a Norton Connectsafe DNS (no idea how that happened) Removed the DNS and all is good,1322861,NortonSupport,Fri Oct 27 09:04:49 +0000 2017,@428723 Hi Dev. Sorry you had trouble with Norton ConnectSafe. Tweet us if you need any help with Norton in the future! -Harini,
1337855,432048,Fri Oct 27 13:44:41 +0000 2017,"It gets better, my antivirus doesn't like it because less than 50 people have the software installed in the norton community so it gets insta-deleted 🙃",1337854,NortonSupport,Fri Oct 27 13:52:12 +0000 2017,"@432048 Hi There! Sorry to hear that. Please send us a DM with details, if you need any help with Norton. We can help. - Charlie",
136085,144207,Fri Nov 24 09:10:49 +0000 2017,"帰宅しました。
ノートンさんいつもお世話になっております。",136084,NortonSupport,Fri Nov 24 09:12:24 +0000 2017,"@144207 それはよかったです！
ご連絡、ありがとうございます。",
136087,146660,Fri Nov 24 09:08:49 +0000 2017,@NortonSupport it keeps spiking. the computer is just trying to prepare to install windows 10 updates... https://t.co/UYRQqyNZVX,136089,NortonSupport,Mon Nov 27 14:11:42 +0000 2017,@146660 Hi Tyler! We are just following to check if you still need any help with Norton. - Charlie,
136087,146660,Fri Nov 24 09:08:49 +0000 2017,@NortonSupport it keeps spiking. the computer is just trying to prepare to install windows 10 updates... https://t.co/UYRQqyNZVX,136088,NortonSupport,Fri Nov 24 14:00:26 +0000 2017,"@146660 Thank you very much for your patience, Tyler. Please run this remove and reinstall tool from https://t.co/EvIBoQEM2g and let us know if the issue persist. -Harini",
136087,146660,Fri Nov 24 09:08:49 +0000 2017,@NortonSupport it keeps spiking. the computer is just trying to prepare to install windows 10 updates... https://t.co/UYRQqyNZVX,136086,NortonSupport,Fri Nov 24 09:10:04 +0000 2017,"@146660 Okay. Please bear with me, we will check and get back to you. -Harini",
136091,146660,Fri Nov 24 08:34:28 +0000 2017,@NortonSupport I can't replicate it but next time it happens I'll try to remember to screenshot it.,136090,NortonSupport,Fri Nov 24 08:35:45 +0000 2017,@146660 Sure. Do let us know when it happens again :) -Harini,136087
136093,146660,Fri Nov 24 08:27:29 +0000 2017,@NortonSupport No. It's like 40%+ cpu usage and it's during say Windows update or playing an online game.,136092,NortonSupport,Fri Nov 24 08:30:37 +0000 2017,@146660 Could you please provide a screenshot of the processes tab in Task manager when this happens? We will investigate this. -Harini,136091
136095,146660,Fri Nov 24 08:23:32 +0000 2017,Doing a Windows update and @132897 decides to fire up and gobble the cpu. Why does it do this at the most ridiculous times?!,136094,NortonSupport,Fri Nov 24 08:25:58 +0000 2017,@146660 Sorry for the trouble. Did you get any notification or pop up from Norton? We will help! -Harini,136093
136097,146661,Fri Nov 24 08:24:44 +0000 2017,@NortonSupport いえ、「インストールしない」というオプションがなかったのでツイートしました。,136096,NortonSupport,Fri Nov 24 08:35:01 +0000 2017,"@146661 ノートンをインストールする過程では、
ツールバーのインストールを許可しなければ先に進まない、ということはありません。
ツールバー自体は、ブラウザで有効にしない、ノートン側の設定でオフにする、という方法がございます。",
136099,146661,Fri Nov 24 08:09:43 +0000 2017,Nortonインストールしてるんだけどさ、ツールバーをインストールしないオプションはないの？,136098,NortonSupport,Fri Nov 24 08:18:45 +0000 2017,"@146661 できます。
ツールバーをインストールしないと画面が先に進まない、ということでしょうか",136097
136101,146663,Fri Nov 24 17:40:42 +0000 2017,"@NortonSupport @146662 lol Norton Support trying to ""help"". The only way you can help is telling me how to remove your shit from my laptop. We all know that even though we ""uninstall"" it, it still hangs on other programs and eats away at the CPU WITHOUT TELLING YOU HOW MUCH IN TASK MANAGER!",136103,NortonSupport,Fri Nov 24 17:47:23 +0000 2017,"@146663 Hi, Sorry if you had a bad experience. Which Norton program are you trying to uninstall? I can help -Anirban",136104
136102,146662,Fri Nov 24 08:25:21 +0000 2017,@NortonSupport I bought it at a store and it came as a disc so i was playing halfway and i got no audio and i got a notif that norton deleted my audio driver,136100,NortonSupport,Fri Nov 24 08:33:29 +0000 2017,@146662 Thats strange. Could you please provide a screenshot of that alert? You can find this detail in Norton Security's History. Please open your Norton program &gt; double click Security &gt; History. -Harini,136101
136106,146662,Fri Nov 24 08:20:36 +0000 2017,@146665 @146666 Norton deleted my audio driver cause it was a “virus”,136105,NortonSupport,Fri Nov 24 08:24:05 +0000 2017,"@146662 Sorry, that should not happen. Could you tell us from where did you download the audio driver? We will help! -Harini",136102
136111,146667,Fri Nov 24 07:11:34 +0000 2017,ノートンの野郎・・・　Nscripter2を勝手に削除しやがる……,136110,NortonSupport,Fri Nov 24 07:17:24 +0000 2017,"@146667 ご不便をおかけしております。
ノートンに削除されたファイルは、履歴画面から復元できます。
その際、次回以降のスキャンからの除外設定もしていただけます。-hide

誤ってセキュリティリスクであると識別されたファイルを復元する
https://t.co/sVjGvSHSIJ",
1368877,219699,Fri Oct 27 22:07:06 +0000 2017,"@NortonSupport Can you ask me through MESSAGE as I don't want to post in public, may have key and does have serial #
Thanks.",1368876,NortonSupport,Fri Oct 27 22:12:26 +0000 2017,"@219699 Sure, Bob! Send us a DM from this link. -Karthik https://t.co/K1tHrA9w85",
1368879,219699,Fri Oct 27 21:58:02 +0000 2017,@NortonSupport  https://t.co/rlsuehJem9,1368878,NortonSupport,Fri Oct 27 22:00:41 +0000 2017,@219699 Great! Could you please click on 'Help - About' from your Norton product and share the version details? -Karthik,1368877
1368881,219699,Fri Oct 27 21:47:49 +0000 2017,@NortonSupport  https://t.co/QUBGwoahLA,1368880,NortonSupport,Fri Oct 27 21:51:59 +0000 2017,@219699 Thank you! Could you also send us the name &amp; version of the Norton product installed on this device? -Karthik,1368879
1368883,219699,Fri Oct 27 21:38:19 +0000 2017,"@NortonSupport 56.0.2, updated yesterday. 
Thanks.",1368882,NortonSupport,Fri Oct 27 21:44:51 +0000 2017,@219699 Could you please send us a screenshot of Firefox version build to investigate more on this? -Karthik,1368881
1368885,219699,Fri Oct 27 20:29:56 +0000 2017,@NortonSupport That doesn't show on my end. Toolbar Add On still shows legacy. And will be stopped soon unless it changes when they apply change. https://t.co/N2Fg4K1bJR,1368884,NortonSupport,Fri Oct 27 20:52:27 +0000 2017,@219699 Could you please provide us the version of your Firefox browser? We can check. -Karthik,1368883
1368887,219699,Fri Oct 27 20:11:38 +0000 2017,@NortonSupport Sorry one I wanted fixed was the tool bar one. When will they both be in compliance with Firefox.,1368886,NortonSupport,Fri Oct 27 20:23:54 +0000 2017,"@219699 Mozilla is requiring verification of all 3rd-party extensions due to this recent security limitations, we have made these changes. -Karthik",1368885
1368890,219699,Fri Oct 27 19:11:21 +0000 2017,"@NortonSupport In Nov Firefox will no longer support SAFE SEARCH Add On so I will lose it, has N done anything to fix this. If so when ?",1368888,NortonSupport,Fri Oct 27 19:19:46 +0000 2017,@219699 Sorry about that! Did you try updating this feature from this link https://t.co/QZoHHc11c0. Please let us know if this helps. -Karthik,"1368887,1368889"
1368892,438631,Mon Nov 20 15:34:09 +0000 2017,@NortonSupport Hey Karthik! I don't really need to create more than one account so this hasn't been bothering me. But I checked anyway and it does seem to be resolved. Thanks!,1368894,NortonSupport,Mon Nov 20 15:56:23 +0000 2017,@438631 Hi Maggie! We're glad to know that this issue is resolved now. Feel free to reach us out if you need any further help with Norton. - Charlie,
1368893,438631,Tue Oct 24 20:08:49 +0000 2017,"@NortonSupport I was able to bypass this to get my account set up. As someone who works in web products, I thought you'd like to know something is wrong.",1368895,NortonSupport,Tue Oct 24 20:14:12 +0000 2017,@438631 Glad that you got this under control! We'll check if there is any latency from our end. Please keep us posted if you still see this.-Karthik,
1368893,438631,Tue Oct 24 20:08:49 +0000 2017,"@NortonSupport I was able to bypass this to get my account set up. As someone who works in web products, I thought you'd like to know something is wrong.",1368891,NortonSupport,Fri Oct 27 20:36:21 +0000 2017,@438631 Hi Maggie! Do you still have this issue as you reported? We would like to check this for you. -Karthik,1368892
1368898,438631,Tue Oct 24 19:42:54 +0000 2017,"@NortonSupport @132897 Yep, yep. Always take a screenshot, I always say. 

The tooltip field doesn't close when you go to the next field. https://t.co/nC2Jz6RqzY",1368897,NortonSupport,Tue Oct 24 19:50:16 +0000 2017,"@438631 Thank you! Did you try using all criteria as mentioned to set up the password? If yes, did you try using a different browser? -Karthik",1368896
1368900,438631,Tue Oct 24 19:20:30 +0000 2017,"Heyo, @132897. When you sign up for an account the password tooltip covers up all the other fields and you can't X out of it.",1368899,NortonSupport,Tue Oct 24 19:24:44 +0000 2017,"@438631 Sorry, could you please share a screenshot to show us what has happened? We can look into this for you. -Karthik (cc: @132897)",1368898
1373974,439791,Sat Oct 28 00:06:22 +0000 2017,Oops Norton didn't notify me of auto renewal and my account was overdrawn. Now 5-7 days till refund. They are sorry but I pay bank fees. 😡😡,1373973,NortonSupport,Sat Oct 28 00:09:45 +0000 2017,"@439791 Sorry for the trouble, Jerry. Could you please send us a DM to get more information on this? We'll look into this. -Prasanna",
1374882,440037,Thu Oct 19 01:53:38 +0000 2017,@NortonSupport 御親切にありがとうございます…！復元してファイルを実行し、スキャン除外の設定をすることができました！詳しく教えていただけたお陰で他のファイルの時も対処ができるようになれたと思います…！非常に助かりました…ありがとうございました！,1374884,NortonSupport,Thu Oct 19 02:26:54 +0000 2017,"@440037 それはよかったです！
ご連絡、ありがとうございました。-hide",
1374883,440037,Wed Oct 18 23:17:09 +0000 2017,ツクールのRTを不正として削除するノートン先生。,1374881,NortonSupport,Thu Oct 19 01:41:46 +0000 2017,"@440037 ノートンに削除されたファイルを復元する方法になります。
履歴画面から復元していいだたけます。-hide

誤ってセキュリティリスクであると識別されたファイルを復元する
https://t.co/sVjGvSHSIJ",1374882
1374883,440037,Wed Oct 18 23:17:09 +0000 2017,ツクールのRTを不正として削除するノートン先生。,1374885,NortonSupport,Thu Oct 19 01:40:45 +0000 2017,"@440037 ご不便をおかけしております。
該当ファイルについて、スキャンから除外する設定をしていただけますでしょうか。
https://t.co/gomXNw0MUy
「スキャンから除外」「自動保護、SONAR、ダウンロードインテリジェンスの検出から除外」両方での設定をお願いいたします。",
1380213,441298,Thu Oct 19 02:57:04 +0000 2017,申請用総合ソフトがノートンに引っかかってインストできない！,1380212,NortonSupport,Thu Oct 19 05:16:22 +0000 2017,"@441298 突然失礼いたします。
もしファイルをノートンに削除されたのであれば、以下の方法で、復元していただけますでしょうか。

誤ってセキュリティリスクであると識別されたファイルを復元する
https://t.co/sVjGvSHSIJ",
1381445,441539,Sat Oct 28 04:55:25 +0000 2017,@NortonSupport Either way thanks for the help. Your original suggestion would not have helped but this may be exactly what I needed to do.,1381444,NortonSupport,Sat Oct 28 04:56:29 +0000 2017,@441539 It might possible that the exception was just added to auto-protect. Please try this and let us know about the results. -Prasanna,
1381445,441539,Sat Oct 28 04:55:25 +0000 2017,@NortonSupport Either way thanks for the help. Your original suggestion would not have helped but this may be exactly what I needed to do.,1381446,NortonSupport,Tue Oct 31 06:37:28 +0000 2017,@441539 Hi Craig! Were you able to exclude the file from SONAR? Please let us know if  you still need any help. -Prasanna,1381466
1381450,441539,Sat Oct 28 04:47:32 +0000 2017,"@NortonSupport If I can get this to work without having to fight with it so much you will definitely have a new customer. 

Thanks again. I hope this works",1381451,NortonSupport,Sat Oct 28 04:49:37 +0000 2017,@441539 Norton removes a file/application based on it's activity. It might be possible that it's due the latest virus (1/2),
1381450,441539,Sat Oct 28 04:47:32 +0000 2017,"@NortonSupport If I can get this to work without having to fight with it so much you will definitely have a new customer. 

Thanks again. I hope this works",1381447,NortonSupport,Sat Oct 28 04:49:45 +0000 2017,@441539 definitions update. Please do let us know how it goes. -Prasanna (2/2),"1381445,1381448,1381449"
1381454,441539,Sat Oct 28 04:43:34 +0000 2017,@NortonSupport I figured it should be expected from everything. I will try adding an additional exception to sonar as well.,1381452,NortonSupport,Sat Oct 28 04:45:06 +0000 2017,"@441539 Sure. Please go to Norton settings&gt; Antivirus&gt; Add files manually in ""Exclude item to scan in SONAR and Auto-protect"" -Prasanna","1381453,1381450"
1381456,441539,Sat Oct 28 04:40:53 +0000 2017,@NortonSupport I'm not buying Norton now. I'll try something else. Im not doing your trouble shooting for you. Provide proper instructions or lose users,1381455,NortonSupport,Sat Oct 28 04:42:12 +0000 2017,@441539 Sorry you feel this way. Did you try to exclude the file from SONAR? -Prasanna,1381454
1381461,441539,Sat Oct 28 04:24:29 +0000 2017,@NortonSupport So does that mean it I cannot use Norton? Seems that way. What's the point if I have to keep turning it off? Good thing I tried first.,1381457,NortonSupport,Sat Oct 28 04:27:42 +0000 2017,@441539 Sorry for the trouble. Please report this to our False Positive team. Follow the steps here to report: https://t.co/wYcH7Rd0co. -Prasanna,"1381458,1381459,1381456,1381460"
1381466,441539,Tue Oct 31 08:59:53 +0000 2017,@NortonSupport Its excluded from Sonar now but it still catches it with intrusion prevention and I can't see how to stop that. Suggestions would be great!,1381467,NortonSupport,Tue Oct 31 09:05:11 +0000 2017,"@441539 Sorry about that Craig, did you add the files Real time exclusion window yet? If not, let me know, I will guide you. -raj",1381468
1381468,441539,Tue Oct 31 09:06:36 +0000 2017,"@NortonSupport I guess I haven't done that. If you can help me with it, that would be great.",1381469,NortonSupport,Tue Oct 31 09:08:36 +0000 2017,"@441539 Sure, could you send us a DM? The steps might be longer that what I can type here. -raj https://t.co/K1tHrA9w85",
1383445,441962,Sat Oct 28 07:46:36 +0000 2017,@57478 YEAH my NORTON ANTI VIRUS Blocked and warned me when I clicked,1383444,NortonSupport,Sat Oct 28 07:53:15 +0000 2017,@441962 Sorry for the trouble. Could you please elaborate the problem you're having with Norton? We could help. -Prasanna,
1385121,442321,Thu Oct 19 09:57:14 +0000 2017,"@NortonSupport そういう方法があったんですね。
一度セキュリティを切ってから実行していたので次からその方法でやってみます。
ありがとうございます。",1385124,NortonSupport,Thu Oct 19 10:10:16 +0000 2017,"@442321 ノートンが、同じファイルを何度も削除してお困りの場合は、
スキャンからの除外設定をしていただければと思います。
復元の際にも設定はできますが、それでも削除される場合は、",
1385121,442321,Thu Oct 19 09:57:14 +0000 2017,"@NortonSupport そういう方法があったんですね。
一度セキュリティを切ってから実行していたので次からその方法でやってみます。
ありがとうございます。",1385123,NortonSupport,Thu Oct 19 10:10:26 +0000 2017,"@442321 https://t.co/gomXNw0MUy
「スキャンから除外」「自動保護、SONAR、ダウンロードインテリジェンスの検出から除外」両方の設定をお願いいたします。-hide",
1385122,442321,Thu Oct 19 09:02:55 +0000 2017,んー、体験版やろうとしたらノートンが危険とかいってファイル消しやがる,1385120,NortonSupport,Thu Oct 19 09:46:32 +0000 2017,"@442321 ご不便をおかけしております。
以下の方法で、消されたファイルを復元していただけますでしょうか。-hide

誤ってセキュリティリスクであると識別されたファイルを復元する
https://t.co/sVjGvSHSIJ",1385121
1398808,445293,Sat Oct 28 15:54:25 +0000 2017,And I mean @NortonSupport as well for the “just in case”,1398807,NortonSupport,Sat Oct 28 15:59:07 +0000 2017,@445293 Hi Courtney! We're just a Tweet away if you need any help with Norton Security. - Charlie,
1402796,446160,Mon Oct 16 16:43:27 +0000 2017,"@NortonSupport Yes but it's still there. It's called https://t.co/00JxoI4a68 and it keeps flashing get rich schemes, &amp; telling me my phone is infected.",1402798,NortonSupport,Mon Oct 16 16:45:21 +0000 2017,@446160 That's really strange. Will you be able to send us a screen capture of this? -Abilash,1402799
1402797,446160,Mon Oct 16 16:34:11 +0000 2017,Bastard!!! Picked I up a virus on my cell phone!  I keep getting messages from E93-????  Okay @NortonSupport do your thing!,1402795,NortonSupport,Mon Oct 16 16:36:26 +0000 2017,@446160 Hi Andrew! Did you try running a scan with the Norton Mobile app? -Abilash,1402796
1402799,446160,Mon Oct 16 16:49:45 +0000 2017,@NortonSupport Here you go... https://t.co/9SD0gROvPv,1402800,NortonSupport,Mon Oct 16 16:52:01 +0000 2017,@446160 Thanks for the screenshot Andrew. Do you see any apps with a similar name in the list of apps on your device? -Abilash,1402801
1402801,446160,Mon Oct 16 16:53:13 +0000 2017,@NortonSupport No...  I just check again.,1402802,NortonSupport,Mon Oct 16 16:57:27 +0000 2017,@446160 We might have to collect some details on this. Could you please send us a Direct Message? -Abilash,
1402805,151347,Mon Oct 16 15:25:09 +0000 2017,@NortonSupport do you offer any discounts or anything for customers renewing their subscription?,1402804,NortonSupport,Mon Oct 16 15:31:43 +0000 2017,"@151347 Hi, We would be happy to help. Could you please send us a DM? -Steffi",
140395,147675,Fri Nov 24 11:07:34 +0000 2017,@147676 Norton.,140394,NortonSupport,Fri Nov 24 11:17:48 +0000 2017,"@147675 Hi Jenn! Are you facing any issues with your Norton program? We can help you, please send us a DM. -Harini https://t.co/K1tHrA9w85",
140401,147677,Fri Nov 24 16:16:37 +0000 2017,@NortonSupport Many thanks-just done a Deep Clean &amp; you've removed a couple of mega-nasties in the process which seems related. All seems well now. Well worth the money!,140403,NortonSupport,Fri Nov 24 16:19:06 +0000 2017,"@147677 It's definitely our pleasure, Edward! Need any help with Norton, we're at your service. :) -Karthik",
140402,147677,Fri Nov 24 10:55:17 +0000 2017,@147678 Norton is flagging you up as a suspicious website (!) -do you have a problem or are Norton taking the ....? Cheers!,140400,NortonSupport,Fri Nov 24 11:07:17 +0000 2017,"@147677 Hi Edward! If you suspect this could be a false positive, please report it to https://t.co/26M7IRm4Cw . -Harini",140401
140405,147679,Fri Nov 24 10:39:03 +0000 2017,If you use @132897 security check your bank account! They've debited a payment I didnt agree! #Fraud #VisaDispute,140404,NortonSupport,Fri Nov 24 10:50:39 +0000 2017,@147679 Hi Jenna. Sorry about this. We can look into this for you! Please send us a DM. -Harini (cc: @132897) https://t.co/K1tHrA9w85,
1407289,132542,Wed Nov 01 23:07:34 +0000 2017,@NortonSupport Yes. Why? Are you telling me that Norton 360 needs all of that?,1407291,NortonSupport,Wed Nov 01 23:11:02 +0000 2017,@132542 We are only confirming system specs. What is the name and version of windows you are using? -Anirban,1407292
1407290,132542,Wed Nov 01 09:14:22 +0000 2017,@NortonSupport  If you really want to help then tell us how to shut off NSBU.Exe. I have 1.37GB of RAM. Norton can't possibly need it all!,1407288,NortonSupport,Wed Nov 01 21:12:15 +0000 2017,@132542 You mentioned 1.37GB of RAM. Is that the total RAM memory your computer has? -Anirban,1407289
1407290,132542,Wed Nov 01 09:14:22 +0000 2017,@NortonSupport  If you really want to help then tell us how to shut off NSBU.Exe. I have 1.37GB of RAM. Norton can't possibly need it all!,1407293,NortonSupport,Wed Nov 01 09:18:31 +0000 2017,"@132542 We are here to help. May I know what operating system you have on your computer? Also, let us know the version number on your Norton. -raj",
1411280,448006,Sat Oct 28 18:26:45 +0000 2017,@NortonSupport @132897 sweetie I was joking I’m just find a different website lol,1411279,NortonSupport,Sat Oct 28 18:28:11 +0000 2017,@448006 Oh! Cheers! :) -Karthik,
1411282,448006,Sat Oct 28 18:21:27 +0000 2017,@132897 get the fuck outta my face I don’t need your protection I need to read this paper abt body dysmorphia,1411281,NortonSupport,Sat Oct 28 18:24:52 +0000 2017,@448006 Sorry about the trouble! Must be something wrong. Could you share a screenshot of this? -Karthik (cc: @132897),1411280
1413711,448537,Wed Nov 01 09:30:08 +0000 2017,Depthアプデすると必ずノートンに遮断されるんだけど遮断解除しようとすると応答なしになって逃げるのせこくない？,1413710,NortonSupport,Thu Nov 02 01:22:55 +0000 2017,"@448537 ノートンサポートです。
よろしければ、詳細を教えていただけますでしょうか。",
1413712,119438,Thu Nov 02 08:00:53 +0000 2017,@NortonSupport 補足説明ありがとうございます、違います。通常のインターネット回線を用いています。,1413713,NortonSupport,Thu Nov 02 08:14:45 +0000 2017,"@119438 了解いたしました。本来なら出ないエラーですね。
アクティブ化ですが、以下の、プロダクトキーを入力する方法で
試してみていただけますでしょうか。
https://t.co/vyazmisGJy",1413714
1416817,449284,Thu Nov 02 02:14:43 +0000 2017,Nortonって、再インストールに金かかんないよね?,1416815,NortonSupport,Thu Nov 02 02:34:14 +0000 2017,"@449284 はい。
有効期限がまだ残っている場合、
ノートンを再インストールし、アクティブ化していただければ、引き続きご利用いただけます。",1416816
1416819,449285,Wed Nov 01 14:53:56 +0000 2017,"ノートン™ WiFi プライバシーってあのWPA2のセキュリティホールの対策に有効なのだろうか？ VPNも有効でないような記述があったが。
アクセスポイントまでの通信が最悪平文と同じ扱いになってしまった場合、VPNの接続自体クライアント暗号キー認証なら大丈夫なのか？？",1416818,NortonSupport,Thu Nov 02 02:32:06 +0000 2017,"@449285 はい。WiFiプライバシーをご利用のユーザー様はKRACKの脅威から保護されます。
https://t.co/0BlWQp0DRW",
1419524,132542,Wed Nov 01 23:42:44 +0000 2017,@NortonSupport Is this it? Norton Security with Backup\Engine\22.11.0.41\uistub.exe,1419526,NortonSupport,Wed Nov 01 23:53:57 +0000 2017,@132542 Thanks. Did you have any other security program installed before Norton? Did this start after you made any changes to the computer? -Anirban,1419527
1419525,132542,Wed Nov 01 23:29:10 +0000 2017,@NortonSupport Fine. Here. https://t.co/2YuUdyGMYP,1419523,NortonSupport,Wed Nov 01 23:32:09 +0000 2017,@132542 Thanks. What is the version and name of Norton you are currently using? -Anirban,1419524
1419527,132542,Thu Nov 02 07:05:54 +0000 2017,@NortonSupport No. And I didn't make any changes.,1419528,NortonSupport,Thu Nov 02 07:13:23 +0000 2017,@132542 Okay. Please run this remove and reinstall tool from https://t.co/EvIBoQEM2g . Let us know if the issue persists. -Harini,1419529
1419529,132542,Thu Nov 02 07:18:50 +0000 2017,@NortonSupport WE've already done this before. https://t.co/IZjB5X8gBo,1419530,NortonSupport,Thu Nov 02 07:30:58 +0000 2017,"@132542 Okay. We would like to gather some more information related to this issue, to get help. Please send us a DM. -Harini https://t.co/K1tHrA9w85",
1419532,132542,Wed Nov 01 23:23:25 +0000 2017,"@NortonSupport LOL If you don't have any known issues, you're not looking.",1419531,NortonSupport,Wed Nov 01 23:24:51 +0000 2017,@132542 We are only trying to help. Let us know the information requested and we can look into this further. Thanks -Anirban,1419525
1419534,132542,Wed Nov 01 23:24:39 +0000 2017,@NortonSupport This is from your own site. Your 360 should not be locking up any computer. https://t.co/KPo6nZvV2M,1419536,NortonSupport,Wed Nov 01 23:26:23 +0000 2017,@132542 Let us know the information requested. We can look into this further -Anirban,
1421831,450479,Thu Nov 02 10:13:53 +0000 2017,"@NortonSupport おお！有難う御座います！！
私なんてメンテの知識も乏しいのですが、バージョンUPされるたびにどんどん良くなって、有り難く思っておりますが、貴方の様な専門家ともアポが持てて、とても心強くなりました！
何かトラブった時など、頼りにさせて頂きます！！",1421833,NortonSupport,Mon Nov 06 01:29:39 +0000 2017,"@450479 お返事ありがとうございます。
これからも、ノートンをご利用されていて、不具合・疑問等ございましたら
このアカウント、お急ぎの場合は24時間対応のサポートセンター(https://t.co/wPqrUv2KEr)までご連絡いただければと思います。-hide",
1421832,450479,Thu Nov 02 07:17:21 +0000 2017,"@NortonSupport @161760 はじめまして。でも、ノートンセキュリティをダウンロードした途端、もの凄くＰＣの反応等が遅くなりました！／
改善されストレスなく、なんて嘘です！！",1421830,NortonSupport,Thu Nov 02 07:57:22 +0000 2017,"@450479 ご連絡、ありがとうございます。
ちなみに、PCの最適化および一時ファイル削除は、ノートンの「パフォーマンス」からも実施いただけます。-hide",1421831
1421832,450479,Thu Nov 02 07:17:21 +0000 2017,"@NortonSupport @161760 はじめまして。でも、ノートンセキュリティをダウンロードした途端、もの凄くＰＣの反応等が遅くなりました！／
改善されストレスなく、なんて嘘です！！",1421835,NortonSupport,Thu Nov 02 07:25:35 +0000 2017,"@450479 現在、ノートンをインストールし、お使いになっているのですね。
遅くなったのは、Webの閲覧でしょうか。それとも、PCの動作すべてでしょうか。
現在の、ノートンのCPU使用率はどのくらいでしょうか。",
1421832,450479,Thu Nov 02 07:17:21 +0000 2017,"@NortonSupport @161760 はじめまして。でも、ノートンセキュリティをダウンロードした途端、もの凄くＰＣの反応等が遅くなりました！／
改善されストレスなく、なんて嘘です！！",1421834,NortonSupport,Thu Nov 02 07:27:29 +0000 2017,@450479 あと、ノートン以外のセキュリティソフトが起動している、ということはございませんでしょうか。,1430545
1424159,450927,Thu Nov 02 09:49:28 +0000 2017,@NortonSupport Hi I Have Had A Payment Taken Out Of My Account? How Do I Get A Refund?,1424158,NortonSupport,Thu Nov 02 09:53:44 +0000 2017,@450927 Hi! We will help you! Please send us a DM. -Harini,
1425173,451108,Fri Oct 20 01:50:19 +0000 2017,@NortonSupport ありがとうございます 解決しました,1425172,NortonSupport,Fri Oct 20 01:52:21 +0000 2017,"@451108 それはよかったです！
ご連絡、ありがとうございます。-hide",
1425175,451108,Thu Oct 19 15:51:56 +0000 2017,久しぶりにメイド開こうとしたら無限にクラッシュするわクソノートンがdll消すわで泣いてる,1425174,NortonSupport,Fri Oct 20 01:44:01 +0000 2017,"@451108 ご不便をおかけしております。
ノートンが削除したファイルは、履歴画面から復元できます。
その際、次回以降のスキャンから除外する設定もしていただけます。-hide

誤ってセキュリティリスクであると識別されたファイルを復元する
https://t.co/sVjGvSHSIJ",1425173
1425177,451109,Thu Oct 19 13:43:17 +0000 2017,ノートンが無能過ぎて辛いんだけど,1425176,NortonSupport,Fri Oct 20 01:32:48 +0000 2017,"@451109 ご不便をおかけしております。
以下にある、該当ファイルをスキャン対象から除外する設定をしていただけますでしょうか。
https://t.co/gomXNw0MUy
スキャンから除外、自動保護、SONAR、ダウンロードインテリジェンスの検出から除外、両方での設定をお願いいたします。",
1426037,451287,Thu Nov 02 04:14:06 +0000 2017,"( (Cont.)
#1 - Norton Antivirus wiping out your shit, regardless of how safe the file is. Moral of the story: Don't use Norton.)",1426036,NortonSupport,Thu Nov 02 04:16:22 +0000 2017,@451287 Sorry for the trouble. You can restore those files back from Security history if you trust the source. -Praveen,
1426075,451298,Mon Oct 30 03:55:49 +0000 2017,@NortonSupport Bruh we all know companys like you fuck with our computers so we renew the alleged security you provide. Dont bullshit me man,1426074,NortonSupport,Thu Nov 02 04:03:53 +0000 2017,"@451298 Hi, This is a follow-up message. Please let us know if you still need any help with Norton. -Praveen",
1426075,451298,Mon Oct 30 03:55:49 +0000 2017,@NortonSupport Bruh we all know companys like you fuck with our computers so we renew the alleged security you provide. Dont bullshit me man,1426076,NortonSupport,Mon Oct 30 04:01:03 +0000 2017,"@451298 Sorry. We're just trying to help. May I have the name/version of your Norton? Also, the operating system you're running. -Prasanna",
1426078,451298,Mon Oct 30 03:47:45 +0000 2017,@132897 everytime i go on a computer i dont use often its slow and your security is telling me im at risk. Stop fucking with my laptop,1426079,NortonSupport,Mon Oct 30 03:54:29 +0000 2017,@451298 Please restart your PC and run a Live update. Let us know if that improved the speed. -Prasanna (2/2),
1426078,451298,Mon Oct 30 03:47:45 +0000 2017,@132897 everytime i go on a computer i dont use often its slow and your security is telling me im at risk. Stop fucking with my laptop,1426077,NortonSupport,Mon Oct 30 03:53:48 +0000 2017,@451298 Sorry. It just because your Norton haven't been updated for a long time. Please keep your Norton updated to have your PC protected. (1/2),1426075
1426081,451299,Fri Nov 03 04:17:06 +0000 2017,@NortonSupport @132897 It was my PC but I figured it out.,1426083,NortonSupport,Fri Nov 03 04:27:12 +0000 2017,@451299 Glad it's working now. You can reach out to us anytime if you need any help with Norton in the future. -Praveen,
1426082,451299,Thu Nov 02 03:08:14 +0000 2017,It took me 30 minuted to figure out how to turn off #nortonwifiprivacy to watch Netflix. @132897 #netflix #annoying,1426080,NortonSupport,Thu Nov 02 03:19:48 +0000 2017,@451299 Sorry for the trouble. May I know what device you have the issue with Norton Wi-Fi Privacy? -Praveen (cc: @132897),1426081
1429114,451950,Mon Oct 16 17:01:59 +0000 2017,@8501 Whats your highest protection for Mac OS?,1429113,NortonSupport,Mon Oct 16 17:14:46 +0000 2017,"@451950 Apple's limitations. You can check this link for more details:
https://t.co/VF7N2JRrm6. -Steffi 
(cc: @8501)",
1429114,451950,Mon Oct 16 17:01:59 +0000 2017,@8501 Whats your highest protection for Mac OS?,1429115,NortonSupport,Mon Oct 16 17:13:47 +0000 2017,"@451950 Hi, Jorge! For Apple devices you'll only get ""Lost phone finder"" and ""Contacts backup"" and we do not have the Anti-virus scan due to (cont)",
1431587,452430,Fri Oct 20 07:33:46 +0000 2017,なんでもかんでもウイルス判定するノートンはもう,1431586,NortonSupport,Fri Oct 20 07:57:22 +0000 2017,"@452430 ご不便をおかけしております。
ノートンに削除されたファイルは、履歴画面から復元できます。
その際、次回以降のスキャンから除外する設定もしていただけます。-hide

誤ってセキュリティリスクであると識別されたファイルを復元する
https://t.co/sVjGvSHSIJ",
1435639,402390,Thu Nov 02 13:30:33 +0000 2017,"@NortonSupport It was a flash type advert generated by the software. Not an email. But as I say, I trusted it would be honoured as it came from Norton.",1435638,NortonSupport,Thu Nov 02 13:32:01 +0000 2017,"@402390 Okay. Please bear with me, I will look into this and check. -Harini",
1435642,402390,Thu Nov 02 13:24:39 +0000 2017,"@NortonSupport Just DM'd you, Harini. How much is the voucher, please? I thought it was a decent amount when the offer flashed by, hence my wish to get it.",1435640,NortonSupport,Thu Nov 02 13:28:18 +0000 2017,@402390 Hi David. Did you receive a confirmation email on this offer? -Harini,"1435641,1435639"
1435644,402390,Thu Nov 02 13:19:34 +0000 2017,"@NortonSupport @132897 Yes - there was no lapse in my subscription, &amp; an offer flashed up over an Amazon voucher if I renewed? Just wondering when I'd get it? Thx.",1435643,NortonSupport,Thu Nov 02 13:22:07 +0000 2017,"@402390 Hi David. Please send us a DM, we will look into this for you. -Harini https://t.co/K1tHrA9w85",1435642
1435646,402390,Thu Nov 02 13:15:43 +0000 2017,"@132897 - my Norton renewed yesterday &amp;  I believe you've promised me an Amazon voucher as a reward? When might I receive it, please?",1435645,NortonSupport,Thu Nov 02 13:17:17 +0000 2017,"@402390 Hi David. Was your Norton subscription automatically renewed? Please send us a DM, we will help! -Harini (cc: @132897)",1435644
1435921,453356,Fri Oct 20 09:15:05 +0000 2017,@453357 そんなに嫌悪な姉ってどーゆーのだろお？と思ってOHP見ようとしたら、ノートンせんせーが激怒して見られなかったっすｗｗｗｗｗｗｗ,1435920,NortonSupport,Fri Oct 20 09:22:14 +0000 2017,"@453356 突然失礼いたします。
ノートンに削除されたファイルは、履歴画面から復元できます。
その際、次回以降のスキャンから除外する設定もしていただけます。-hide

誤ってセキュリティリスクであると識別されたファイルを復元する
https://t.co/sVjGvSHSIJ",
1453237,457251,Mon Oct 16 19:30:19 +0000 2017,"Oh the antivirus subscription runs out this week

Wonder if we should finally switch from Norton...",1453236,NortonSupport,Mon Oct 16 19:37:04 +0000 2017,@457251 Hi! Let us know if you need any helps with your renewal. We will be more than happy to help. -Steffi,
145579,149012,Fri Nov 24 13:59:26 +0000 2017,@NortonSupport @8501 I don't use your product. Users have complained about not being able to access the site. Safeweb has it listed as unsafe - https://t.co/NJriYqb29k,145581,NortonSupport,Fri Nov 24 14:08:22 +0000 2017,"@149012 We can see there are few security issues which has to be fixed to update the rating. You can find the details under ""Threat Report"" and then you can report it from here https://t.co/SPpXCz6pfs if you are the site owner for further analysis. -Karthik",145582
145580,149012,Fri Nov 24 13:47:42 +0000 2017,Does anyone know who to contact at @8501? Their software is blocking @8509 as a false positive. Bad timing to say the least.,145578,NortonSupport,Fri Nov 24 13:55:47 +0000 2017,"@149012 Hi, there! Could you please provide us the name and version of your Norton product? -Karthik (cc: @8501)",145579
145582,149012,Fri Nov 24 14:09:46 +0000 2017,@NortonSupport That was removed over a week ago. Look at any of those URLs. It's not there.,145583,NortonSupport,Fri Nov 24 14:52:57 +0000 2017,"@149012 Ah! Sorry, could you please submit this for re-analysis from here https://t.co/26M7IRm4Cw? Our team will review this again and will update the current status. -Karthik",145584
145584,149012,Fri Nov 24 14:57:09 +0000 2017,@NortonSupport I already did for both underground hip-hop dot com and ughh dot com. Can you please get them to fast track? This is hurting our sales during Black Friday,145585,NortonSupport,Fri Nov 24 15:07:49 +0000 2017,@149012 Sorry about that! Did you receive an email confirmation reference to that? -Karthik,145586
145586,149012,Fri Nov 24 15:12:09 +0000 2017,@NortonSupport 60355. I also submitted for a reevaulation in safeweb.,145587,NortonSupport,Fri Nov 24 15:26:16 +0000 2017,@149012 Alright! We will check this and will get back to you. -Karthik,145588
145588,149012,Fri Nov 24 16:10:48 +0000 2017,@NortonSupport Looks like it's fixed now. Thank you!,145589,NortonSupport,Fri Nov 24 16:15:34 +0000 2017,"@149012 Fantastic! That's all we want to hear. If you need any help with Norton, feel free to tweet us here. :) -Karthik",
145591,149013,Fri Nov 24 13:33:53 +0000 2017,@NortonSupport they are actually from McAfee antivirus!! I was mistaken. sorry to call you guys out 😅,145590,NortonSupport,Fri Nov 24 13:39:40 +0000 2017,"@149013 Phew! No problem! If you need any help with Norton, feel free to tweet us here. :) -Karthik",
145595,149014,Fri Nov 24 13:19:48 +0000 2017,"@NortonSupport Yes, but can I send you a DM?",145594,NortonSupport,Fri Nov 24 13:23:23 +0000 2017,"@149014 Sorry, Sebastian! My bad! I was suppose to say DM but missed to mention it. Please send us a DM from this link. -Karthik https://t.co/K1tHrA9w85",
145597,149014,Fri Nov 24 13:03:43 +0000 2017,"@NortonSupport Hello Karthik, thanks for your reply. I have not used my Norton account for years. Therefore, I want to delete the account.",145596,NortonSupport,Fri Nov 24 13:17:25 +0000 2017,@149014 Alright! Could you please provide us your Norton account email address? -Karthik,145595
145599,149014,Fri Nov 24 12:57:57 +0000 2017,@NortonSupport Hi! Is it possible to delete the Norton account?,145598,NortonSupport,Fri Nov 24 13:01:02 +0000 2017,"@149014 Hi, Sebastian! We can sure help you with this. Out of curiosity, may I know why you wish to delete your Norton account?-Karthik",145597
1471661,461603,Fri Nov 03 00:31:48 +0000 2017,@NortonSupport Norton Security,1471663,NortonSupport,Fri Nov 03 01:05:12 +0000 2017,@461603 Where exactly are you seeing this pricing? -Anirban,1471664
1471662,461603,Fri Nov 03 00:24:49 +0000 2017,Are automatic renewals set at the same price as the original purchase? @NortonSupport,1471660,NortonSupport,Fri Nov 03 00:31:19 +0000 2017,"@461603 Hi, there! Could you please provide us the name of your Norton product? -Karthik",1471661
1471664,461603,Fri Nov 03 01:06:32 +0000 2017,"@NortonSupport No I didn't see any pricing, I was wondering when my renewal is charged if it is just the original price.",1471665,NortonSupport,Fri Nov 03 01:10:14 +0000 2017,@461603 This way you can avail the introductory offers -Anirban,1471667
1471664,461603,Fri Nov 03 01:06:32 +0000 2017,"@NortonSupport No I didn't see any pricing, I was wondering when my renewal is charged if it is just the original price.",1471666,NortonSupport,Fri Nov 03 01:09:53 +0000 2017,"@461603 The renewal prices will different or rather more than the original price. I suggest, you buy a new program key when the subscription is over",
1471667,461603,Fri Nov 03 01:10:46 +0000 2017,@NortonSupport OK thank you for the information.,1471668,NortonSupport,Fri Nov 03 01:11:42 +0000 2017,@461603 Welcome :),
1475257,462470,Thu Nov 02 20:57:57 +0000 2017,Having had my little rant I can still say I love @8501 and my family wouldn't use anything else to keep us safe.😼,1475256,NortonSupport,Thu Nov 02 21:01:02 +0000 2017,@462470 Thanks for the kind words :),
1475259,462470,Thu Nov 02 20:40:47 +0000 2017,That moment when you're retro platforming and @8501 decides to restart✋. The Bastards! https://t.co/SJv2S0OQ0k,1475260,NortonSupport,Thu Nov 02 20:44:59 +0000 2017,@462470 Sorry for any inconvenience. Please do select restart later so you can finish your work -Anirban,
1480018,463665,Mon Oct 16 20:53:52 +0000 2017,@NortonSupport I don’t have a case number. I gave my mobile number and the last 5 numbers of my product key,1480017,NortonSupport,Mon Oct 16 20:58:25 +0000 2017,@463665 Please DM the registered email address. I can check with that -Anirban https://t.co/K1tHrA9w85,
1480020,463665,Mon Oct 16 20:49:32 +0000 2017,@132897 not agree to pay for support,1480019,NortonSupport,Mon Oct 16 20:50:39 +0000 2017,"@463665 H, Sorry for the inconvenience. Please share the case number for the call. Let me check this for you -Anirban",1480018
1485677,179628,Fri Nov 03 02:00:56 +0000 2017,@NortonSupport DM sent about an hour ago. No response.,1485676,NortonSupport,Fri Nov 03 03:32:55 +0000 2017,"@179628 Sorry for the delay. We have replied to your direct message, kindly check. -Praveen",
1485679,179628,Fri Nov 03 00:25:57 +0000 2017,@NortonSupport Core router reboots/drops WiFi multiple times a day (every day). Per review on app store was advised to contact via Twitter.,1485678,NortonSupport,Fri Nov 03 00:41:08 +0000 2017,@179628 I am really sorry for the trouble caused to you. Could you send us a direct message? We would like to collect a few details and help -Dinesh,1485677
1497251,463665,Mon Oct 16 22:06:07 +0000 2017,@NortonSupport Thank you for your help and patience ✅,1497250,NortonSupport,Mon Oct 16 22:06:59 +0000 2017,@463665 You are welcome :),
1497251,463665,Mon Oct 16 22:06:07 +0000 2017,@NortonSupport Thank you for your help and patience ✅,1497252,NortonSupport,Thu Oct 19 22:50:47 +0000 2017,@463665 Hi there! Did you get a chance to update your Norton product? Please let us know if you need any help. -Karthik,1523693
1498431,467908,Fri Nov 03 13:38:56 +0000 2017,@NortonSupport @132897 That worked! Thank you :),1498433,NortonSupport,Fri Nov 03 13:50:20 +0000 2017,"@467908 Awesome! Let us know if you need any help with Norton, we are just a tweet away. -Harini",
1498432,467908,Fri Nov 03 12:55:20 +0000 2017,@132897 for the last week or so I haven't been able to log in to the app to renew my subscription. https://t.co/PMZiRqyC2p,1498430,NortonSupport,Fri Nov 03 12:59:02 +0000 2017,@467908 Hi Maisie. Have you tried reinstalling your Norton Mobile Security app? We will help! -Harini (cc: @132897),1498431
1498435,467909,Fri Nov 03 12:43:47 +0000 2017,@132897 how can I download norton on an android phone where it say: this item is not available in your country.,1498434,NortonSupport,Fri Nov 03 12:46:54 +0000 2017,@467909 Hi! Please provide the exact name of the Norton app you are trying to download. We will help! -Harini (cc: @132897),
1510674,470634,Fri Nov 03 16:03:29 +0000 2017,@NortonSupport Do you want me to get you those details via message? If so please message me and I can give you details and phone number,1510673,NortonSupport,Fri Nov 03 16:05:17 +0000 2017,@470634 Yes! Please send us a Direct Message from here. - Charlie https://t.co/K1tHrA9w85,
1510676,470634,Fri Nov 03 15:57:01 +0000 2017,"I called you @NortonSupport in September as well to try &amp; resolve this then. You've been charging me twice a year, over $100 each time",1510675,NortonSupport,Fri Nov 03 16:00:15 +0000 2017,@470634 Sorry to hear to about your experience and I sincerely apologize for any frustrations. We need more details about your subscription (cont..),1510674
1510682,470634,Fri Nov 03 15:47:02 +0000 2017,Just had horrible exprienc w a @132897 customer service representative. Have been charging me twice for # yrs &amp; I can't get resolution,1510681,NortonSupport,Fri Nov 03 16:00:58 +0000 2017,@470634 Please send us a DM here. We will look into this for you. - Charlie (cc: @132897),
1516903,471931,Fri Nov 03 18:54:32 +0000 2017,"@NortonSupport I'll try to find it, I ended up having to restart the computer afterwards 🤷‍♀️",1516905,NortonSupport,Fri Nov 03 19:01:28 +0000 2017,@471931 Could you also try running a scan using Norton Power Eraser from this link https://t.co/bM2ojd1vgT? Let us know about the status. -Karthik,1516906
1516904,471931,Fri Nov 03 18:50:37 +0000 2017,@NortonSupport I don't know the exact version but I know it's the one that Comcast customers get free,1516902,NortonSupport,Fri Nov 03 18:53:14 +0000 2017,@471931 Could you share a screenshot of Windows Scan results you were notified? -Karthik,1516903
1516906,471931,Fri Nov 03 19:20:45 +0000 2017,@NortonSupport Alrighty it's going to work ✊️,1516907,NortonSupport,Fri Nov 03 19:26:35 +0000 2017,"@471931 Don't worry, we will figure out what happened! Let us know how it goes. -Karthik",1516908
1516908,471931,Fri Nov 03 19:39:16 +0000 2017,@NortonSupport Cool beans 👍 https://t.co/64GkbC43Hf,1516909,NortonSupport,Fri Nov 03 19:53:36 +0000 2017,@471931 These files are unknown due to less reputation. Could you please run 'Live Update' and restart then perform a full system scan? -Karthik,1516910
1516910,471931,Fri Nov 03 20:17:19 +0000 2017,@NortonSupport It's taking it's sweet time but going 👌,1516911,NortonSupport,Fri Nov 03 20:20:19 +0000 2017,"@471931 Sorry, scanning all files might take some time. Just keep a close observation and let us know about the results. -Karthik",1516912
1516914,471931,Fri Nov 03 18:44:08 +0000 2017,@NortonSupport @132897 Says Norton full scan found nothing but using windows scan it found Win32:Enistery (?),1516915,NortonSupport,Fri Nov 03 20:38:11 +0000 2017,"@471931 Sorry about the time taken! Soon, we will figure out this situvation with the results. -Karthik",1516918
1516914,471931,Fri Nov 03 18:44:08 +0000 2017,@NortonSupport @132897 Says Norton full scan found nothing but using windows scan it found Win32:Enistery (?),1516913,NortonSupport,Fri Nov 03 18:49:49 +0000 2017,@471931 Strange! Could you please provide us the name and version of your Norton product? -Karthik,1516904
1516917,471931,Fri Nov 03 18:33:33 +0000 2017,@121548 support says I have a virus on my computer and @132897 says I'm good... who's the liar 🤔,1516916,NortonSupport,Fri Nov 03 18:40:33 +0000 2017,@471931 Sorry about that! Could you share the notification that you received? -Karthik (cc: @132897),1516914
1516918,471931,Sun Nov 05 06:14:14 +0000 2017,@NortonSupport Says no threats found 👌,1516919,NortonSupport,Sun Nov 05 06:17:04 +0000 2017,@471931 Perfect! Let us know if you need any help with Norton in the future :) -Harini,
1523692,463665,Thu Oct 19 23:10:31 +0000 2017,"@NortonSupport Many thanks, fantastic customer service 👍🏾",1523694,NortonSupport,Thu Oct 19 23:12:35 +0000 2017,@463665 It's our pleasure assisting you! :) -Karthik,
1523693,463665,Thu Oct 19 22:52:09 +0000 2017,"@NortonSupport Good evening, yes I am all up to date. Thank you for asking.",1523691,NortonSupport,Thu Oct 19 22:58:50 +0000 2017,"@463665 Glad to hear that! Appreciate your efforts on getting this fixed. If you need any help with Norton, we're just a tweet away! :) -Karthik",1523692
1533622,475617,Fri Nov 03 22:43:07 +0000 2017,"@NortonSupport it's all good now, thank you!",1533624,NortonSupport,Fri Nov 03 23:04:06 +0000 2017,"@475617 You're welcome, Anna! We're just worried that you stayed up late. But if you need any help with Norton, you can tweet us here. :) -Karthik",1533625
1533623,475617,Fri Nov 03 22:09:19 +0000 2017,norton is having a really hard time scanning my computer which means i'll have a really hard time getting up early tomorrow (it's 11pm),1533621,NortonSupport,Fri Nov 03 22:37:36 +0000 2017,"@475617 Sorry, must be something wrong! What is the name and version of the Norton product you're using? We can check this for you. -Karthik",1533622
1533625,475617,Sat Nov 04 05:33:15 +0000 2017,@NortonSupport aw no don't worry about it! and thank you for the offer i might get back to it :),1533626,NortonSupport,Sat Nov 04 05:35:12 +0000 2017,@475617 Glad to know that! It was our pleasure helping you :) -Prasanna,
1536308,360458,Sun Oct 22 17:48:05 +0000 2017,@NortonSupport @132897 Just not user friendly or intuitive. It is designed for auto renew not purchasing third party key,1536309,NortonSupport,Sun Oct 22 18:02:39 +0000 2017,@360458 I am really sorry to hear about your experience. Your feedback is really important to us. Can you please share us more detail (cont..),
1536308,360458,Sun Oct 22 17:48:05 +0000 2017,@NortonSupport @132897 Just not user friendly or intuitive. It is designed for auto renew not purchasing third party key,1536307,NortonSupport,Sun Oct 22 18:03:18 +0000 2017,@360458 (Cont..) your experience while activating Norton Security in DM. We will look into it. - Charlie,
1536311,360458,Sun Oct 22 14:25:25 +0000 2017,@132897 adding a new product key to existing account is pain in ass. Next time I am uninstalling and using someone else 😠,1536310,NortonSupport,Sun Oct 22 14:28:35 +0000 2017,@360458 Sorry about that. Could you explain what happens when you try to add the key to your Norton account? We'll help! -Harini cc: @132897,1536308
1546634,478931,Fri Oct 20 12:57:58 +0000 2017,ノートン切ったらインストできましたノトーンせんせぇ…,1546635,NortonSupport,Mon Oct 23 01:03:14 +0000 2017,"@478931 ご不便をおかけしております。
以下の、該当ファイルをスキャンから除外する設定で対応していただけますでしょうか。
https://t.co/gomXNw0MUy
「スキャンから除外」「自動保護、SONAR、ダウンロードインテリジェンスの検出から除外」両方で設定をお願いいたします。",
1546634,478931,Fri Oct 20 12:57:58 +0000 2017,ノートン切ったらインストできましたノトーンせんせぇ…,1546633,NortonSupport,Mon Oct 23 01:04:09 +0000 2017,"@478931 ノートンに削除されたファイルは、以下の方法で、履歴画面から復元していただけます。-hide

誤ってセキュリティリスクであると識別されたファイルを復元する
https://t.co/sVjGvSHSIJ",
1546637,478932,Fri Oct 20 11:39:57 +0000 2017,"@NortonSupport 
NJsave.dillの復元について教えてください。",1546636,NortonSupport,Mon Oct 23 00:52:40 +0000 2017,"@478932 まずは削除された履歴を見つけます。

次に、その履歴にある「復元する」をクリックし、案内にしたがって復元します。
「復元する」という表示が見つからない場合は、「オプション」「その他のオプション」をクリックしてみてください。-hide",
1546637,478932,Fri Oct 20 11:39:57 +0000 2017,"@NortonSupport 
NJsave.dillの復元について教えてください。",1546638,NortonSupport,Mon Oct 23 00:49:07 +0000 2017,"@478932 お問い合わせ、ありがとうございます。
履歴画面から、該当ファイルが削除された履歴を見つけて復元します。
セキュリティ→履歴、でセキュリティ履歴画面を開き、
クイック検索でファイル名を入れて検索するか、
「表示」を「解決したセキュリティリスク」「検疫」「SONAR活動」に設定して",
1546860,478981,Tue Oct 17 01:32:11 +0000 2017,NortonがWiFiセキュリティとか出してたけど、あれで対応できんのかな？,1546859,NortonSupport,Tue Oct 17 02:21:39 +0000 2017,"@478981 はい。
ノートンWiFiプライバシーをはじめとしたVPNをご使用いただくことで、
ネットワーク機器にパッチが適用されるまでの間、
今回発見されたWPA2の脆弱性によるリスクを低減できます。",
1546870,401740,Mon Oct 16 10:57:50 +0000 2017,まさか出来の悪い生徒に個別指導してくださるとはノートン先生は流石だなぁ,1546869,NortonSupport,Tue Oct 17 01:49:01 +0000 2017,"@401740 お役に立てたようで、なによりです。
ご連絡、ありがとうございました。-hide",
1548504,479369,Sun Oct 22 07:15:48 +0000 2017,lolをFPS視点で見れるソフトがあるんだけど、ウィルスついてるってノートンが判断してダウンロードできない、、、,1548503,NortonSupport,Mon Oct 23 02:37:35 +0000 2017,"@479369 もし、ノートンがダウンロードしたファイルを削除してしまう、ということであれば、
ファイルは履歴画面から復元していただけます。-hide

誤ってセキュリティリスクであると識別されたファイルを復元する
https://t.co/sVjGvSHSIJ",
1548506,479370,Sat Oct 21 13:28:31 +0000 2017,norton security　のせいで安全なファイルなのに開けない…,1548505,NortonSupport,Mon Oct 23 02:09:38 +0000 2017,"@479370 突然失礼いたします。
もし、該当ファイルがノートンに削除された、ということでしたら、
以下の方法で、履歴画面から復元していただけますでしょうか。-hide

誤ってセキュリティリスクであると識別されたファイルを復元する
https://t.co/sVjGvSHSIJ",
1548509,479371,Sun Oct 22 04:46:53 +0000 2017,@479372 ノートン先生に色んなダウンロードブロックされるるる,1548507,NortonSupport,Mon Oct 23 02:31:11 +0000 2017,"@479371 ご不便をおかけしております。
ノートンに削除されたファイルは、履歴画面から復元できます。
その際、次回以降のスキャンから除外する設定もしていただけます。-hide

誤ってセキュリティリスクであると識別されたファイルを復元する
https://t.co/sVjGvSHSIJ",1548508
1548513,400528,Sat Oct 21 08:24:26 +0000 2017,おパソコン買い替えてから試用版ノートン使ってるんだけど誤検知おおすぎない❓❓❓🤔🤔🤔❓❓❓,1548511,NortonSupport,Mon Oct 23 01:59:42 +0000 2017,"@400528 ご不便をおかけしております。
ノートンに削除されたファイルは、以下の方法で復元できます。
その際、次回以降のスキャンから除外する設定もしていただけます。-hide

誤ってセキュリティリスクであると識別されたファイルを復元する
https://t.co/sVjGvSHSIJ",1548512
1550164,479789,Sun Oct 22 12:57:45 +0000 2017,"ノートン アンチウイルス ベーシック
アカウント登録してもログインできず、記載されているSETUPサイトも在りません。
ダウンロードしようにもアカウントが登録されないためダウンロードもできません。
紙切れ一枚に何千円も払わされました、結局何もできず、最低な商品です。",1550163,NortonSupport,Mon Oct 23 03:39:35 +0000 2017,"@479789 突然失礼いたします。
まずアカウントですが、以下のサイトで、ご購入時に使用されたメールアドレスで
アカウントを作成いただきましたでしょうか。
https://t.co/nXn3rbhFJq",
1550166,479790,Sun Oct 22 10:42:40 +0000 2017,"x264関連のファイルが毎回消失するんだけど
これノートン先生が悪さしてる系？",1550165,NortonSupport,Mon Oct 23 03:18:15 +0000 2017,"@479790 突然失礼いたします。
ノートンがファイルを削除した場合、履歴が残ります。
セキュリティ→履歴で、「表示」を「検疫」「SONAR活動」「解決したセキュリティリスク」等に設定してご確認いただけます。
削除されたファイルの復元も、履歴画面から行うことができます。-hide",
1551388,480075,Sun Oct 22 15:03:28 +0000 2017,"@480076 @480077 えーと
「このファイルは危険なため削除しました」byノートンセキュリティ
何をどうしても設定切れませんでした。",1551386,NortonSupport,Mon Oct 23 04:56:49 +0000 2017,"@480075 ご不便をおかけしております。
ノートンに削除されたファイルは、以下の方法で復元できます。
その際、次回以降のスキャンから除外する設定もしていただけます。-hide

誤ってセキュリティリスクであると識別されたファイルを復元する
https://t.co/sVjGvSHSIJ",1551387
1551399,480078,Sun Oct 22 16:04:21 +0000 2017,最近ノートンさんウィルスでもないファイル消すこと多いんだけど何なんだ,1551398,NortonSupport,Mon Oct 23 04:59:59 +0000 2017,"@480078 突然失礼いたします。
ノートンが削除したファイルは、履歴画面から復元できます。
その際、次回以降のスキャンから除外する設定もしていただけます。-hide

誤ってセキュリティリスクであると識別されたファイルを復元する
https://t.co/sVjGvSHSIJ",
1552588,480388,Mon Oct 23 05:57:03 +0000 2017,ノートンセキュリティにめっちゃ拒否される,1552587,NortonSupport,Mon Oct 23 06:10:21 +0000 2017,"@480388 もし、安全が確認されているファイルをノートンが削除してしまう、ということでしたら
以下の方法で、ファイルを復元していただけますでしょうか。

誤ってセキュリティリスクであると識別されたファイルを復元する
https://t.co/sVjGvSHSIJ",
1554327,480777,Mon Oct 23 07:31:53 +0000 2017,ノートンのせいでwavetoneが使えないので全く進まない,1554326,NortonSupport,Mon Oct 23 07:37:19 +0000 2017,"@480777 ご不便をおかけしております。
ノートンに削除されたファイルは、以下の方法で復元できます。
その際、次回以降のスキャンから除外する設定もしていただけます。-hide

誤ってセキュリティリスクであると識別されたファイルを復元する
https://t.co/sVjGvSHSIJ",
1556242,481169,Sun Nov 26 03:44:52 +0000 2017,@NortonSupport ok...It seems to be working with norton vpn so far..!,1556244,NortonSupport,Sun Nov 26 03:47:52 +0000 2017,@481169 Glad to know that! Please enable your Norton Security and see if you're having any issues. -Prasanna,1556245
1556243,481169,Sun Nov 26 03:04:12 +0000 2017,"@NortonSupport I've uninstalled one, still no internet connection when logged onto vpn.",1556241,NortonSupport,Sun Nov 26 03:10:59 +0000 2017,"@481169 I doubt Norton Security is the one blocking your VPN/internet connection since it doesn't work even after disabling Norton Security. Please uninstall your VPN software and restart your PC? Once you restart your PC, please reinstall Norton WiFI Privacy. Let us know if that worked.",1556242
1556245,481169,Sun Nov 26 04:02:03 +0000 2017,"@NortonSupport Nope, not so far-thanks!",1556246,NortonSupport,Sun Nov 26 04:03:16 +0000 2017,@481169 Great! You're welcome! -Prasanna,1556247
1556247,481169,Sun Nov 26 22:41:56 +0000 2017,"@NortonSupport Okaaay..This morning we're back to square one with Norton vpn logging on but again, being booted from the internet.",1556248,NortonSupport,Sun Nov 26 22:47:42 +0000 2017,"@481169 Sorry, could you please provide us the version of Norton Wi-Fi Privacy? And, did you try setting this under ""Firewall Exclusion"" from ""Settings&gt;Firewall&gt;Program Control"" and let us know if that helps? -Karthik","1556249,1556250"
1556249,481169,Sun Nov 26 23:42:51 +0000 2017,"@NortonSupport Sorry, 1.2.162.0 is the file version..and it seems to be holding ok so far-",1556251,NortonSupport,Sun Nov 26 23:47:49 +0000 2017,@481169 Thanks for the details Helena! Please let us know if you continue to experience this issue. We will help you get to the bottom of this. -Abilash,
1556254,481169,Sun Nov 26 02:39:12 +0000 2017,@NortonSupport Ok...Both VPN's log on ok (not at the same time) but no internet connection with either.,1556252,NortonSupport,Sun Nov 26 02:44:52 +0000 2017,@481169 Please don't have more than one VPN's installed on your device (Though you're not trying to use it at the same time). Do you mean to say that the internet connection isn't working? -Prasanna,"1556243,1556253"
1556256,481169,Sun Nov 26 02:03:31 +0000 2017,"@NortonSupport When connected to either vpn, I have no internet connection. https://t.co/HVcrdxMbj7",1556255,NortonSupport,Sun Nov 26 02:28:19 +0000 2017,@481169 Please Go to System Try -&gt; Right click on Norton icon -&gt; disable auto-protect and firewall. Your PC might be open to vulnerabilities once you disable your Norton. -Prasanna,1556254
1556256,481169,Sun Nov 26 02:03:31 +0000 2017,"@NortonSupport When connected to either vpn, I have no internet connection. https://t.co/HVcrdxMbj7",1556257,NortonSupport,Sun Nov 26 02:07:12 +0000 2017,@481169 Thanks for the screenshot. Could you please disable your Norton Security temporarily and try connecting to your VPN? Let us know if the VPN works with Norton Security disabled. -Prasanna,1556374
1556259,481169,Sun Nov 26 01:53:19 +0000 2017,"@NortonSupport I'm not using Norton wifi Security at all..When it was the only vpn software I was using, I could not access the internet.

My other VPN gets booted every minute &amp; is forced to reconnect.",1556258,NortonSupport,Sun Nov 26 01:56:19 +0000 2017,@481169 Okay! Could you please send us a screenshot of your security history? -Prasanna,1556256
1556261,481169,Sun Nov 26 01:48:40 +0000 2017,"@NortonSupport In Security History, it notes that my non-Norton VPN connects..Then 'protected'..Then 'ISP has disappeared'..
The relationship with all software on my windows7 PC is fine but not my windows8 tablets.",1556260,NortonSupport,Sun Nov 26 01:51:11 +0000 2017,@481169 We don't recommend you to have 2 VPN software at the same as it may conflict each other. We recommend you to remove one of the VPN's and try connecting once again. Let us know if that helped. -Prasanna,1556259
1556264,481169,Sun Nov 26 01:05:23 +0000 2017,"@132897 Your security keeps kicking me off my VPN so it has to reconnect every few minutes, as well as your own wifi Privacy!-I've tried everything, help!",1556262,NortonSupport,Sun Nov 26 01:33:41 +0000 2017,@481169 That's not supposed to happen! Are you seeing any error message from your Norton? May I know what exactly happens when you enable the VPN? -Prasanna,"1556261,1556263"
15584,119438,Tue Oct 31 11:17:25 +0000 2017,@NortonSupport 1番目に書かれていることのみが可能性としてはあり得ます。VPNとは「インターネット接続」のことで間違いありませんか？,15587,NortonSupport,Wed Nov 01 01:27:19 +0000 2017,"@119438 いいえ。通常のインターネットに接続したうえで
VPN(バーチャル・プライベート・ネットワーク)に接続することで
その端末からVPNの接続先までの通信は暗号化(とトンネル化)で守られます。
もしVPNの接続先が外国だった場合、ノートンのシステムは、外国からのアクセスだと認識します。",
15584,119438,Tue Oct 31 11:17:25 +0000 2017,@NortonSupport 1番目に書かれていることのみが可能性としてはあり得ます。VPNとは「インターネット接続」のことで間違いありませんか？,15586,NortonSupport,Thu Nov 02 01:15:35 +0000 2017,"@119438 ちなみに、VPNは通常のインターネット接続とは違いますが、
現在、VPNをご利用になっている、ということで間違いないでしょうか。",1413712
15584,119438,Tue Oct 31 11:17:25 +0000 2017,@NortonSupport 1番目に書かれていることのみが可能性としてはあり得ます。VPNとは「インターネット接続」のことで間違いありませんか？,15582,NortonSupport,Wed Nov 01 01:29:55 +0000 2017,"@119438 前回、ノートンをアクティブ化された時も
日本国内からアクセスし、アクティブ化されたのでしょうか。",15583
15584,119438,Tue Oct 31 11:17:25 +0000 2017,@NortonSupport 1番目に書かれていることのみが可能性としてはあり得ます。VPNとは「インターネット接続」のことで間違いありませんか？,15585,NortonSupport,Wed Nov 01 01:28:40 +0000 2017,"@119438 ということは、日本版のノートンを購入し、現在も日本からアクセスしている。
にも関わらず、お送りいただいたスクリーンショットのようなエラーメッセージが出る、
ということでよろしいでしょうか。",
15589,119438,Mon Oct 30 11:26:47 +0000 2017,"@NortonSupport 連絡をくださってありがとうございます。コンピュータには疎く、困っていました…。
「保護を開始するにはアクティブ化が必要」とのことだったので、メールアドレスとパスワードを入力してサインインしたところ、このような画面が表示されます。どうすればよいですか？ https://t.co/7xyOnCM9Kn",15588,NortonSupport,Tue Oct 31 01:35:23 +0000 2017,"@119438 ・VPNを使用しており、VPNの接続先が日本国外である
・日本国外でノートンを購入し、現在日本からアクティブ化を試みている
・現在、日本国外からアクセスしている",15584
15589,119438,Mon Oct 30 11:26:47 +0000 2017,"@NortonSupport 連絡をくださってありがとうございます。コンピュータには疎く、困っていました…。
「保護を開始するにはアクティブ化が必要」とのことだったので、メールアドレスとパスワードを入力してサインインしたところ、このような画面が表示されます。どうすればよいですか？ https://t.co/7xyOnCM9Kn",15590,NortonSupport,Tue Oct 31 01:31:45 +0000 2017,"@119438 ご連絡ありがとうございます。
エラーメッセージから判断すると、ノートンを購入した国と、ノートンのサーバにアクセスする接続元の国が異なるのが
アクティブ化ができない原因と考えられます。
次のいずれかに該当しますでしょうか。",
15592,119438,Sun Oct 29 06:39:45 +0000 2017,Norton更新しないといけないから説明通りにやってたら保護を一旦解除した挙句「更新できません」とかぬかしやがるこのパソコン…ガバガバやぞ,15591,NortonSupport,Mon Oct 30 05:24:54 +0000 2017,"@119438 ノートンサポートです。
よろしければ、現在の状況を詳しく教えていただけますか。
スクリーンショットもあると助かります。",15589
15594,119439,Wed Nov 01 01:36:48 +0000 2017,"@NortonSupport docomo Mailを自分宛に端末から送信すると、受信は出来るのですがね。Gmailはoutです。
その他メルマガ・スパムは、一切届きません。
docomoショップに行って、トラブルシューティングをして貰ったら、ノートンWi-Fiプライバシーが邪魔をしているはずとのこと。",15597,NortonSupport,Wed Nov 01 03:45:37 +0000 2017,"@119439 Gmail:送受信が全くできない
docomo Mail:自分のアカウントへのメール送信(と受信)は可
ということでよろしいでしょうか。",15599
15594,119439,Wed Nov 01 01:36:48 +0000 2017,"@NortonSupport docomo Mailを自分宛に端末から送信すると、受信は出来るのですがね。Gmailはoutです。
その他メルマガ・スパムは、一切届きません。
docomoショップに行って、トラブルシューティングをして貰ったら、ノートンWi-Fiプライバシーが邪魔をしているはずとのこと。",15596,NortonSupport,Wed Nov 01 03:46:04 +0000 2017,"@119439 ノートンWiFiプライバシーをオフにすると、メールの送受信は可能ということでしょうか。
PCからWebブラウザで両メールアカウントを見た時の様子はいかがでしょうか。",15598
15595,119439,Tue Oct 31 09:43:04 +0000 2017,@119441 Androidのスマートホンにインストールしたら、Mailが一切来なくなりました。,15593,NortonSupport,Wed Nov 01 01:20:04 +0000 2017,"@119439 ノートンサポートです。
こちらで承ります。
ノートンWiFiプライバシーをお持ちのAndroidでご利用になっていて、
現在、そのAndroidでメールが一切受信できなくなった、ということでよろしいしょうか。",15594
15599,119439,Wed Nov 01 03:53:51 +0000 2017,@NortonSupport Gmailも送信は可能です。受信はできませんが。これはブラウザからでも、AppleMailからも、確認ができます。docomo Mailは問題の端末から問題の端末への送受信は可能です。,15601,NortonSupport,Wed Nov 01 04:44:45 +0000 2017,"@119439 WiFiプライバシーをオンにした時とオフにした時の、Gmailやdocomo Mailの見え方の違いを教えてください。
オフにすると、問題なく送受信は可能とのことですが、ということは、
オフにした時に受信され、アカウントの中にあったメールが、WiFiプライバシーをオンにすると",
15599,119439,Wed Nov 01 03:53:51 +0000 2017,@NortonSupport Gmailも送信は可能です。受信はできませんが。これはブラウザからでも、AppleMailからも、確認ができます。docomo Mailは問題の端末から問題の端末への送受信は可能です。,15600,NortonSupport,Wed Nov 01 04:45:55 +0000 2017,"@119439 なので、Web上にあるGmailやdocomo Mailのアカウントでメールを送受信できるかどうかに
WiFiプライバシーは影響を与えません。",15604
15599,119439,Wed Nov 01 03:53:51 +0000 2017,@NortonSupport Gmailも送信は可能です。受信はできませんが。これはブラウザからでも、AppleMailからも、確認ができます。docomo Mailは問題の端末から問題の端末への送受信は可能です。,15603,NortonSupport,Wed Nov 01 04:20:02 +0000 2017,"@119439 Android上でメールを閲覧するときは、
Gmailについてもdocomo Mailについても、AppleMailを使用している、ということでよろしいでしょうか。

&gt;ブラウザから見てもdocomo Mailは見えません
これは、送受信もできないということでしょうか。",15642
15599,119439,Wed Nov 01 03:53:51 +0000 2017,@NortonSupport Gmailも送信は可能です。受信はできませんが。これはブラウザからでも、AppleMailからも、確認ができます。docomo Mailは問題の端末から問題の端末への送受信は可能です。,15602,NortonSupport,Wed Nov 01 04:45:28 +0000 2017,"@119439 消えてしまう、ということでしょうか。

スマホでメールを受信する、とは、別にメールがスマホ端末にダウンロードされるわけではありません。
Web上にあるGmailやdocomo Mailのアカウントにメールが届き、そのアカウントにスマホでアクセスして見ています。",
15605,119439,Wed Nov 01 04:56:24 +0000 2017,"@NortonSupport docomoMailについては、ノートンWi-Fiプライバシーをオフにすると、30分に1通くらいはスパムが来るのですが、オンにすると来なくなります。
オフにしたときに、ブラウザから見たことはないのですが、オンにすると、ブラウザからも見えなくなって消えてしまいます。",15606,NortonSupport,Wed Nov 01 06:43:47 +0000 2017,"@119439 メールは、スマホにダウンロードされるわけではありません。
Web上にあるdocomoMailのアカウントに、スマホでアクセスしてメールを閲覧しています。
docomoMailのアカウントにスパムメールが送られているのであれば、それはWiFiプライバシーとは関係なく受信しています。",15607
15608,119439,Wed Nov 01 07:30:56 +0000 2017,@NortonSupport これ以上のことは、シマンテックでないと分からないと言うことだったのです。,15610,NortonSupport,Wed Nov 01 07:46:32 +0000 2017,"@119439 それとも、それ以前のメールは見えるが、WiFiプライバシーがオンの間は
一切受信されなくなる、ということでしょうか。",15640
15608,119439,Wed Nov 01 07:30:56 +0000 2017,@NortonSupport これ以上のことは、シマンテックでないと分からないと言うことだったのです。,15611,NortonSupport,Wed Nov 01 07:46:20 +0000 2017,"@119439 WiFiプライバシーをオンにしたときの
「すべてのメールが見えなくなる」というのは、
過去に受信したメールもすべて消えてしまう、ということでしょうか。",15641
15608,119439,Wed Nov 01 07:30:56 +0000 2017,@NortonSupport これ以上のことは、シマンテックでないと分からないと言うことだったのです。,15609,NortonSupport,Wed Nov 01 08:15:34 +0000 2017,@119439 受信が確認できたら、今度はWiFiプライバシーをオンにして、同じ要領でテストメールを送信していただけますでしょうか。,15612
15610,NortonSupport,Wed Nov 01 07:46:32 +0000 2017,"@119439 それとも、それ以前のメールは見えるが、WiFiプライバシーがオンの間は
一切受信されなくなる、ということでしょうか。",15640,NortonSupport,Wed Nov 01 08:15:09 +0000 2017,"@119439 WiFiプライバシーをオフにした状態で、
Macから、Gmailのアカウントで、docomoMailのアカウントにテストメールを送ってみていただけますでしょうか。
それを、WiFiプライバシーをオフにしたまま
届いているかどうか確認します。",
15612,119439,Wed Nov 01 08:34:10 +0000 2017,@NortonSupport 今、下りさくら号で、西明石を通過したところなので、testは3時間以上先になると思います。,15613,NortonSupport,Wed Nov 01 08:47:58 +0000 2017,@119439 ご連絡、ありがとうございます。了解いたしました。,15614
15620,119439,Wed Nov 01 13:23:03 +0000 2017,@NortonSupport MacからISPのPOPサーバを叩いて、Gmail宛に送信。ノートンWi-Fiプライバシーをonにしていると、Xperiaは、ウンともスンとも言わず、Xperiaのメーラーから見えません。,15622,NortonSupport,Thu Nov 02 01:55:30 +0000 2017,"@119439 WiFiプライバシーをオフにすると、docomoMailが受信できるのは分かりました。
で、その後にWiFiプライバシーをオンにすると、その直前に受信を確認したメールが消える、
ということでしょうか。","15631,15632"
15622,NortonSupport,Thu Nov 02 01:55:30 +0000 2017,"@119439 WiFiプライバシーをオフにすると、docomoMailが受信できるのは分かりました。
で、その後にWiFiプライバシーをオンにすると、その直前に受信を確認したメールが消える、
ということでしょうか。",15631,NortonSupport,Thu Nov 02 06:03:01 +0000 2017,"@119439 ご報告、ありがとうございます。
docomoMailの送受信について、WiFiプライバシーの問題として、
さらに深堀り調査をいたします。
進展があり次第、ご報告させていただきます。",15633
15626,119439,Wed Nov 01 13:39:54 +0000 2017,@NortonSupport Xperia SO-01J Androidバージョン7.0です。,15628,NortonSupport,Thu Nov 02 02:02:40 +0000 2017,@119439 Gmailのほうは、スマホのメールアプリの問題のようですね。,15630
1562793,482661,Sat Nov 04 09:44:44 +0000 2017,@NortonSupport Hopefully before Xmas out I'll have to use something else.,1562792,NortonSupport,Sat Nov 04 09:47:23 +0000 2017,@482661 Okay. Tweet us if you need any help with Norton. -Harini,
1562795,482661,Sat Nov 04 09:25:54 +0000 2017,"@NortonSupport Hi, that's a shame I use it on android and it works pretty good.",1562794,NortonSupport,Sat Nov 04 09:28:25 +0000 2017,@482661 We are glad to hear that. You will be notified through the app when its made available :) -Harini,1562793
1562797,482661,Sat Nov 04 09:17:58 +0000 2017,@NortonSupport was thinking of getting Norton Family for iOS. Will screen time limit be available any time soon?,1562796,NortonSupport,Sat Nov 04 09:24:31 +0000 2017,"@482661 Hi! Sorry, we do not have an update on the screen time feature's availability. -Harini",1562795
15633,119439,Thu Nov 02 06:12:23 +0000 2017,@NortonSupport よろしくお願いします。,15635,NortonSupport,Thu Nov 02 06:44:03 +0000 2017,"@119439 すみません、これは、現象をお聞きしていて思いついた、正式な解決策ではないのですが、
Androidの設定→アプリ、のWiFiプライバシーで、データとキャッシュを消去してみていただけますでしょうか。
メールアプリのほうも、この方法で解決するかもしれません。",15638
15633,119439,Thu Nov 02 06:12:23 +0000 2017,@NortonSupport よろしくお願いします。,15634,NortonSupport,Thu Nov 02 06:56:55 +0000 2017,@119439 もしかしたら、古いキャッシュを見せられているのかな、という気がしたので,15636
15635,NortonSupport,Thu Nov 02 06:44:03 +0000 2017,"@119439 すみません、これは、現象をお聞きしていて思いついた、正式な解決策ではないのですが、
Androidの設定→アプリ、のWiFiプライバシーで、データとキャッシュを消去してみていただけますでしょうか。
メールアプリのほうも、この方法で解決するかもしれません。",15638,NortonSupport,Mon Nov 06 07:55:25 +0000 2017,@119439 ブラウザのほうもキャッシュを削除してみたらいかがでしょう。,
15642,119439,Wed Nov 01 04:48:41 +0000 2017,"@NortonSupport docomoMailはAndroidスマートホンでしか、閲覧しません。昨日、ドコモショップで店員がdocomoMailをブラウザで閲覧して見えなかったと言うことです。
GmailはいつもMacで受信していて、Androidスマートホンでは、受信できない状態です。",15643,NortonSupport,Wed Nov 01 04:53:16 +0000 2017,"@119439 まずdocomoMailですが、WiFiプライバシーをオンにすると送受信できず、
オフにすると送受信できるとのことですが、具体的に、オフの時とオンの時で
メールアカウントを開いた時、どのような違いがありますか。",
1575397,126399,Sat Nov 04 13:35:07 +0000 2017,@NortonSupport  I do not need it actually on IPad. I have already Norton on my laptop. Thanks https://t.co/gQ3yLBO5jP,1575396,NortonSupport,Sat Nov 04 13:37:57 +0000 2017,@126399 Alright! Please follow instructions here https://t.co/y7LntBqAfW to cancel your subscription. - Charlie,
1577043,290275,Sat Nov 04 17:37:30 +0000 2017,@NortonSupport Will do.,1577045,NortonSupport,Tue Nov 07 23:03:11 +0000 2017,"@290275 Hi, did you get a chance to reinstall the app? Let us know if you need further assistance -Anirban",1577047
1577043,290275,Sat Nov 04 17:37:30 +0000 2017,@NortonSupport Will do.,1577046,NortonSupport,Sat Nov 04 17:46:23 +0000 2017,@290275 Great! We will soon figure this out for you. -Karthik,
1577044,290275,Sat Nov 04 17:27:57 +0000 2017,@NortonSupport No i haven't. But I will. Thanks,1577042,NortonSupport,Sat Nov 04 17:29:27 +0000 2017,@290275 Sure! Let us know about the status! :) -Karthik,1577043
1577047,290275,Tue Nov 07 23:04:18 +0000 2017,@NortonSupport I did and it did nothing I'm afraid.,1577048,NortonSupport,Tue Nov 07 23:06:12 +0000 2017,@290275 What device are you using? -Anirban,1577049
1577049,290275,Tue Nov 07 23:06:46 +0000 2017,@NortonSupport HTC 10.,1577050,NortonSupport,Tue Nov 07 23:14:02 +0000 2017,@290275 Are you having speed/connectivity issues on specific websites/apps ? -Anirban,1577051
1577051,290275,Tue Nov 07 23:16:40 +0000 2017,"@NortonSupport A few apps like di.fm and my banking app. But am having issues in general like loading twitter, searching google and so on",1577052,NortonSupport,Tue Nov 07 23:21:16 +0000 2017,@290275 Run a speed test with wifi privacy on and off. Please share screenshots of it. I can have it forwarded to the concerned team -Anirban,"1577053,1577054,1577055"
1577053,290275,Tue Nov 07 23:25:57 +0000 2017,@NortonSupport This with it off. https://t.co/RFiOJemPNI,1577056,NortonSupport,Tue Nov 07 23:29:05 +0000 2017,@290275 Is the server selection on auto-select ? -Anirban,1577057
1577055,290275,Tue Nov 07 23:21:47 +0000 2017,@NortonSupport Okay.,1577061,NortonSupport,Tue Nov 07 23:23:25 +0000 2017,@290275 Thanks :),
1577057,290275,Tue Nov 07 23:31:00 +0000 2017,@NortonSupport I selected so it's connected to Sweden so my streaming services works. Otherwise it thinks I'm out of the country,1577058,NortonSupport,Tue Nov 07 23:32:25 +0000 2017,@290275 Please set it to auto and check the speed again -Anirban,1577059
1577059,290275,Tue Nov 07 23:45:59 +0000 2017,@NortonSupport On auto https://t.co/jKCrysRi8D,1577060,NortonSupport,Tue Nov 07 23:49:01 +0000 2017,@290275 Thanks for the screenshots. I will get back to you soon -Anirban,
1577063,290275,Sat Nov 04 17:24:28 +0000 2017,"@NortonSupport Yeah I manually set it to Sweden because some apps wouldn't work correctly if I am out of the country, and no. No other vpn apps",1577062,NortonSupport,Sat Nov 04 17:27:21 +0000 2017,@290275 Did you try uninstalling and reinstalling the app and check if that helps? -Karthik,1577044
1577065,290275,Sat Nov 04 16:59:04 +0000 2017,@NortonSupport Extremely slow inyernet or no internet connection what so ever.,1577064,NortonSupport,Sat Nov 04 17:23:11 +0000 2017,@290275 Did you try manually changing the location and check if that helps? Do you have another 3rd-party VPN app installed? -Karthik,1577063
1577067,290275,Sat Nov 04 16:54:43 +0000 2017,@NortonSupport 2.3.0.9076,1577066,NortonSupport,Sat Nov 04 16:57:37 +0000 2017,@290275 Thank you! What happens when you try connecting your 'Data Network'? -Karthik,1577065
1577069,290275,Sat Nov 04 16:48:36 +0000 2017,@NortonSupport When I have Wi-Fi privacy on on my phone I have problems with connection even over the 4G LTE net. Ideas?,1577068,NortonSupport,Sat Nov 04 16:50:20 +0000 2017,"@290275 Sorry, could you please provide us the version of your Norton WiFi Privacy? We can check. -Karthik",1577067
1583598,132542,Sat Nov 04 20:03:17 +0000 2017,"@NortonSupport I've had enough. Because you won't even admit that this is your problem, I will actively seek another antivirus company. https://t.co/VkI3s4rR5E",1583597,NortonSupport,Sat Nov 04 20:12:45 +0000 2017,@132542 (Cont..) the bottom of this issue. Please send us a DM so we can look into this. - Charlie https://t.co/K1tHrA9w85,
1583598,132542,Sat Nov 04 20:03:17 +0000 2017,"@NortonSupport I've had enough. Because you won't even admit that this is your problem, I will actively seek another antivirus company. https://t.co/VkI3s4rR5E",1583599,NortonSupport,Sat Nov 04 20:12:07 +0000 2017,@132542 Sorry you feel that way! We would like to everything that is possible to get this sorted for you. We need more details to get into (cont..),1583600
1583600,132542,Sat Nov 04 21:58:23 +0000 2017,@NortonSupport If you really want to help I need you to first admit there is a problem with your NSBU.exe. https://t.co/Uxpi3A0DNi,1583602,NortonSupport,Sat Nov 04 22:18:12 +0000 2017,@132542 This is not something which is occurring to all but can happen due to some conflicts. We'd like to collect few details to check. -Karthik,
1583600,132542,Sat Nov 04 21:58:23 +0000 2017,@NortonSupport If you really want to help I need you to first admit there is a problem with your NSBU.exe. https://t.co/Uxpi3A0DNi,1583601,NortonSupport,Sun Nov 05 05:29:17 +0000 2017,@132542 May I know if this happens only when you run a full system scan or even when the program is idle? -Prasanna,1583603
1587246,488254,Sat Nov 04 22:35:56 +0000 2017,@NortonSupport unable to load my computer,1587247,NortonSupport,Tue Nov 07 22:38:25 +0000 2017,"@488254 Hi, just a follow-up. Let us know if you need any further assistance -Anirban",
1587246,488254,Sat Nov 04 22:35:56 +0000 2017,@NortonSupport unable to load my computer,1587245,NortonSupport,Sat Nov 04 22:37:09 +0000 2017,@488254 Strange! Did you encounter any error message? -Karthik,
1587249,488254,Sat Nov 04 22:27:19 +0000 2017,@NortonSupport my hp windows won't load,1587248,NortonSupport,Sat Nov 04 22:34:03 +0000 2017,"@488254 Sorry, are you not able to load your computer? -Karthik",1587246
1587251,488254,Sat Nov 04 22:16:46 +0000 2017,@488255 my computer froze this morning some weird science out of no where got Norton can't figurebit out yet,1587250,NortonSupport,Sat Nov 04 22:22:39 +0000 2017,@488254 Sorry for the trouble! Could you please provide us the name of the Norton product? We can check. -Karthik,1587249
1587254,488256,Sat Nov 04 22:24:42 +0000 2017,"@NortonSupport I renewed it, in principle the new 365 days should have been added to my current left over days, but it just ignored the leftover days.",1587256,NortonSupport,Sat Nov 04 22:36:32 +0000 2017,@488256 I kindly request to delete your public post which has your email for privacy concern and send us a DM? -Karthik https://t.co/K1tHrA9w85,
1587255,488256,Wed Nov 01 21:39:44 +0000 2017,"@132897 Recently I renewed my subscription, Norton swallowed 25 days of my current subscription, felt cheated.",1587257,NortonSupport,Wed Nov 01 21:44:00 +0000 2017,@488256 We can help you with this! Can you send us a DM? We'll look in to the account and get this taken care of ASAP. -tim https://t.co/K1tHrA9w85,
1587255,488256,Wed Nov 01 21:39:44 +0000 2017,"@132897 Recently I renewed my subscription, Norton swallowed 25 days of my current subscription, felt cheated.",1587253,NortonSupport,Sat Nov 04 21:48:21 +0000 2017,@488256 Hi there! Could you please send us few details to check this for you? -Karthik,1587254
1587259,488257,Sat Nov 04 21:32:25 +0000 2017,I don't have norton now though so it can't really be that. So why the fuck.,1587258,NortonSupport,Sat Nov 04 21:45:01 +0000 2017,"@488257 Sorry, could you please let us know what happened? We can check. -Karthik",
1587262,488258,Sat Nov 04 21:29:00 +0000 2017,Why is norton such a bitch to uninstall good god,1587261,NortonSupport,Sat Nov 04 21:44:30 +0000 2017,"@488258 Sorry, could you please provide us the name of your Norton product? -Karthik",
1591441,489236,Tue Oct 24 13:03:18 +0000 2017,@NortonSupport しかしながら多すぎです。一度に大量に消されたことにより復元しても動かなくなったファイルもあります。,1591443,NortonSupport,Wed Oct 25 00:50:34 +0000 2017,"@489236 ご不便をおかけして申し訳ございません。
対応として、特定のファイルやフォルダを除外設定するという策がございます。
https://t.co/gomXNw0MUy
「スキャンから除外」「自動保護、SONAR、ダウンロードインテリジェンスの検出から除外」両方の設定をお願いいたします。",
1591442,489236,Mon Oct 23 14:23:20 +0000 2017,"@489237 Nortonがウイルスソフトだわw
消しても完全に消えないし、製品版購入の表示が永遠に出る。
必要なファイル消されるし…ファック！！笑笑",1591440,NortonSupport,Tue Oct 24 00:11:43 +0000 2017,"@489236 突然失礼いたします。
もし、ノートンが安全なファイルを削除することでお困りでしたら
以下の方法で復元していただけます。-hide

誤ってセキュリティリスクであると識別されたファイルを復元する
https://t.co/sVjGvSZu7j",1591441
1600373,467909,Sun Nov 05 04:47:38 +0000 2017,@NortonSupport home is the Netherlands.,1600376,NortonSupport,Sun Nov 05 04:53:19 +0000 2017,@467909 Sorry for any misunderstanding. Norton products are region specific. It doesn’t work in a different region. -Prasanna,1600377
1600375,467909,Sun Nov 05 04:15:55 +0000 2017,@nortonsupport @132897 two apps norton mobile and norton wifi privacy. neither of them can be downloaded here (Afghanistan). https://t.co/7FwNUBOj1Q,1600372,NortonSupport,Sun Nov 05 04:25:35 +0000 2017,@467909 Thank you! May I know from where did you purchase your Norton products? -Prasanna,"1600373,1600374"
1600377,467909,Sun Nov 05 05:43:53 +0000 2017,"@NortonSupport that isn't helpful. The product doesn't work in a different region, or I can download it in a different region? There is a difference there.",1600378,NortonSupport,Sun Nov 05 05:54:09 +0000 2017,"@467909 Sorry, you can download Norton on a different region, however, the product key cannot be used to activate your Norton on a different region.",1600379
1600379,467909,Sun Nov 05 12:08:23 +0000 2017,"@NortonSupport I've already found another solution. Thank you. The product key was already activated, I just needed to add another device.",1600380,NortonSupport,Sun Nov 05 12:12:19 +0000 2017,@467909 Glad to hear that! Tweet us if you need any help with Norton in the future. -Harini,
1605470,492486,Tue Oct 17 10:05:06 +0000 2017,hello @118190 why do I get @132897 ransomware alert for downloading your program? https://t.co/DY9BKEzQLn,1605469,NortonSupport,Tue Oct 17 10:11:26 +0000 2017,"@492486 Sorry. If you feel the program is safe, you can report this to our False Positive team here: https://t.co/XdjtRMEA2G. -Prasanna",
1606675,493545,Sun Nov 05 01:51:32 +0000 2017,"Hi Richard, Please work on to improve Norton's customer service. It should not take more than 2 months to get a resolution @65495",1606674,NortonSupport,Sun Nov 05 01:55:30 +0000 2017,@493545 Sorry for the trouble. Please let us know if you need any help with your Norton product. We can help. -Prasanna,
1623022,395179,Tue Oct 24 17:41:27 +0000 2017,"I had a nightmare buying &amp; installing @132897 #antivirus this week, now not working, now nightmare trying to get webchat #itsupport",1623020,NortonSupport,Tue Oct 24 17:45:00 +0000 2017,@395179 Sorry for the trouble this has caused! Could you please send us a DM with details? We can quickly check this. -Karthik (cc: @132897) https://t.co/K1tHrzRVgx,1623021
1638607,124332,Sun Nov 05 18:25:47 +0000 2017,"@NortonSupport No it does not. I am logged in on all machines and I still need to put key in seperately, ffs. Crap service.",1638608,NortonSupport,Sun Nov 05 18:35:07 +0000 2017,@124332 (Cont..) Subscription will not get updated automatically if you purchase a new key. You will have to manually update the product key (cont),
1638607,124332,Sun Nov 05 18:25:47 +0000 2017,"@NortonSupport No it does not. I am logged in on all machines and I still need to put key in seperately, ffs. Crap service.",1638609,NortonSupport,Sun Nov 05 18:34:13 +0000 2017,@124332 Sorry if any misunderstanding. I see you have purchased a new product key instead of renewing your existing product key. (Cont..),
1638607,124332,Sun Nov 05 18:25:47 +0000 2017,"@NortonSupport No it does not. I am logged in on all machines and I still need to put key in seperately, ffs. Crap service.",1638606,NortonSupport,Sun Nov 05 18:35:28 +0000 2017,@124332 (Cont..) on your devices. - Charlie,
1638611,124332,Sun Nov 05 18:20:58 +0000 2017,"@NortonSupport In the future, give the option to activate all current machines on first setup.",1638610,NortonSupport,Sun Nov 05 18:23:24 +0000 2017,"@124332 If you renew same product key, subscription will get updated on all devices uses that key. We really appreciate your feedback (cont..)",1638607
1638611,124332,Sun Nov 05 18:20:58 +0000 2017,"@NortonSupport In the future, give the option to activate all current machines on first setup.",1638612,NortonSupport,Sun Nov 05 18:23:48 +0000 2017,@124332 (cont..) We will pass this on to the concerned team. - Charlie,
1639809,501368,Tue Oct 24 09:46:52 +0000 2017,俺の大切なスレッドプログラム。上司の目の前で突如現れたウィルスセキュリティ☆ノートンに切り裂かれ、一瞬で息を引き取った……,1639808,NortonSupport,Wed Oct 25 01:03:32 +0000 2017,"@501368 ご不便をおかけしております。
ノートンに削除されたファイルは、以下の方法で復元していただけます。-hide

誤ってセキュリティリスクであると識別されたファイルを復元する
https://t.co/sVjGvSHSIJ",
1639811,501369,Tue Oct 24 10:48:01 +0000 2017,Nortonはクソだな ＞RT,1639810,NortonSupport,Wed Oct 25 01:05:25 +0000 2017,"@501369 突然失礼いたします。
ノートンに削除されたファイルは、履歴画面から復元できます。
その際、次回以降のスキャンから除外する設定もしていただけます。-hide

誤ってセキュリティリスクであると識別されたファイルを復元する
https://t.co/sVjGvSHSIJ",
1639813,501370,Tue Oct 24 14:26:34 +0000 2017,もーまじでノートンいらんてー勘弁してくれー迷惑でしかない,1639812,NortonSupport,Wed Oct 25 01:08:13 +0000 2017,"@501370 ご不便をおかけしております。
ノートンに削除されたファイルは、履歴画面から復元できます。
その際、次回以降のスキャンから除外する設定もしていただけます。-hide

誤ってセキュリティリスクであると識別されたファイルを復元する
https://t.co/sVjGvSHSIJ",
1639816,501371,Tue Oct 24 14:27:54 +0000 2017,ノートン！タブレットドライバを消すな！！！,1639814,NortonSupport,Wed Oct 25 01:10:13 +0000 2017,"@501371 ご不便をおかけしております。
ノートンに削除されたファイルは、履歴画面から復元できます。
その際、次回以降のスキャンから除外する設定もしていただけます。-hide

誤ってセキュリティリスクであると識別されたファイルを復元する
https://t.co/sVjGvSHSIJ",1639815
1639818,501372,Tue Oct 24 09:37:37 +0000 2017,seDirectorDLしたらNortonに消された,1639817,NortonSupport,Wed Oct 25 00:55:41 +0000 2017,"@501372 突然失礼いたします。
ノートンに削除されたファイルは、以下の方法で復元できます。
その際、次回以降のスキャンから除外する設定もしていただけます。-hide

誤ってセキュリティリスクであると識別されたファイルを復元する
https://t.co/sVjGvSZu7j",
1646005,400529,Wed Oct 25 03:27:37 +0000 2017,"Nortonさん素晴らしいな。
docomoさんも飛んできて欲しいものです☜",1646004,NortonSupport,Wed Oct 25 04:34:29 +0000 2017,"@400529 ご連絡、ありがとうございます。
弊社サポートセンターで解決しなかった問題は、こちらにお問い合わせいただければと思います。

あとdocomoショップの件は、もしお気が変わりましたら、ダイレクトメッセージでお送りください。",
1658602,506037,Sun Nov 05 08:02:11 +0000 2017,除外したと思ったのにまたノートンがjoytterを消しそうになった,1658600,NortonSupport,Mon Nov 06 04:26:21 +0000 2017,"@506037 復元の際に行う除外設定だけでうまくいかない場合、以下をお試しください。
https://t.co/gomXNw0MUy
「スキャンから除外」「自動保護、SONAR、ダウンロードインテリジェンスの検出から除外」両方での設定をお願いいたします。",1658601
1658605,506038,Sat Nov 04 03:20:42 +0000 2017,ノートンのせいでaviutlのプラグインセットアップexeファイル削除されてキレそう,1658603,NortonSupport,Mon Nov 06 04:12:58 +0000 2017,"@506038 ご不便をおかけしております。
ノートンに削除されたファイルは、以下の方法で復元できます。
その際、次回以降のスキャンからの除外設定もしていただけます。-hide

誤ってセキュリティリスクであると識別されたファイルを復元する
https://t.co/sVjGvSHSIJ",1658604
1658607,506039,Fri Nov 03 23:19:35 +0000 2017,"Ultimate traffic live導入しました！
UTT787卒業できたしクウォリティ上がってた

けどやっぱりインストールはFlyerさんのブログ通り、ノートンの自動保護のせいで読み込めないファイルがあって大変でした。 https://t.co/CNH1lliTZY",1658606,NortonSupport,Mon Nov 06 04:06:23 +0000 2017,"@506039 突然失礼いたします。
ノートンに削除されたファイルは、以下の方法で復元できます。
その際、次回以降のスキャンからの除外設定もしていただけます。-hide

誤ってセキュリティリスクであると識別されたファイルを復元する
https://t.co/sVjGvSHSIJ",
1658609,506040,Fri Nov 03 20:56:07 +0000 2017,ノートンの通知かなんか来てWoTが一時的に操作できなくなって履帯嵌めされて死亡。死ね。ノートン死ね死ね死ね死ね死ね,1658608,NortonSupport,Mon Nov 06 03:57:27 +0000 2017,"@506040 もし、ノートンが危険でないファイルを削除した、ということでしたら、ファイルは履歴画面から復元できます。
その際、次回以降のスキャンの対象からの除外設定もしていただけます。
誤ってセキュリティリスクであると識別されたファイルを復元する
https://t.co/sVjGvSHSIJ",
1687316,512408,Wed Oct 25 22:38:39 +0000 2017,"パソコンが
ウイルスの入ったファイル開いたっぽくて
どうにも挙動がアレなので
ノートン先生に攻撃的サーチさせたら
起動できんくなった

ので
8月末迄巻き戻るけど
以前使ってたHDDに戻した。

週末にSSDへ移そう",1687315,NortonSupport,Thu Oct 26 00:25:19 +0000 2017,"@512408 ノートンサポートです。
詳しい状況は分かりませんが、ウイルスが原因でPCが起動できない疑いがある場合は
ノートン　ブータブルリカバリツールのご使用もご検討ください。
https://t.co/bMiVY4gHnL",
1687318,512409,Wed Oct 25 15:00:34 +0000 2017,新作に向けてメタモンを生産しようかと思ったけど・・・・　メモどこおいたか・・・・・　あれないとわからん・・・・・　パソコ新しくしたらノートン先生　あのツールはじくんだよね・・　入れれないんだよね・・・・,1687317,NortonSupport,Thu Oct 26 00:19:41 +0000 2017,"@512409 ノートンに削除されたファイルは、以下の方法で復元できます。
その際、次回以降のスキャンから除外する設定もしていただけます。

誤ってセキュリティリスクであると識別されたファイルを復元する
https://t.co/sVjGvSHSIJ",
1692794,513750,Thu Oct 26 02:46:18 +0000 2017,"「更新プログラムを初期化」って今までは無かったし ﾉｰﾄﾝと関係が有るのか無いのか分かるまで Windows Update は開かないようにしよう。
 
そう言えば、1週間以上前に ↘のアクションセンターを開いた時に変な事があった。",1692793,NortonSupport,Thu Oct 26 03:04:07 +0000 2017,"@513750 ノートンサポートです。
少なくともここ最近は、ノートン側で、Windowsの更新ができない、というユーザー様からの申告は受けておりません。
もし、ノートンが原因であることが疑われる場合は、まずノートンを手動で最新版にアップデートし、
PCを再起動していただけますでしょうか。",
1695159,514305,Thu Oct 26 03:34:33 +0000 2017,会社のパソコンウイルスから守ってくれてるノートンさんがプロジェクトに必要なEXEとか消してしまうんだけど😰,1695158,NortonSupport,Thu Oct 26 05:25:49 +0000 2017,"@514305 ご不便をおかけしております。
ノートンに削除されたファイルは、履歴画面から復元できます。
その際、次回以降のスキャンの対象から除外する設定もしていただけます。-hide

誤ってセキュリティリスクであると識別されたファイルを復元する
https://t.co/sVjGvSHSIJ",
1708787,517795,Thu Oct 26 12:59:11 +0000 2017,@132897 @NortonSupport,1708786,NortonSupport,Thu Oct 26 13:03:43 +0000 2017,@517795 Sorry about that! Are you facing this issue on all your devices? Please send us a DM with details. We can check.-Charlie(cc: @132897) https://t.co/K1tHrA9w85,
1712376,249642,Tue Nov 07 01:53:02 +0000 2017,@NortonSupport I figured it out already. Thanks,1712375,NortonSupport,Tue Nov 07 01:55:18 +0000 2017,@249642 Glad it's working! You can reach out to us anytime if you need any help with Norton again. -Praveen,
1712378,249642,Tue Nov 07 01:36:21 +0000 2017,"@NortonSupport It takes me to app store. Get the app. The app makes me sign in to Norton, Norton asks for a product key. One biiig circle",1712377,NortonSupport,Tue Nov 07 01:44:04 +0000 2017,"@249642 Please click ""I have Partner code"" on the home screen. Follow the instruction on this link https://t.co/gpgEoSsHu5 -Praveen",1712376
1712380,249642,Tue Nov 07 01:24:19 +0000 2017,"@NortonSupport @132897 Thanks for nothing. You made me do the exact thing I already did. Downloaded app, still at a dead end. https://t.co/GWeOdkn9ta",1712379,NortonSupport,Tue Nov 07 01:34:34 +0000 2017,@249642 May I know what happens after you signed in to your Telus account from the download link? -Praveen,1712378
1712380,249642,Tue Nov 07 01:24:19 +0000 2017,"@NortonSupport @132897 Thanks for nothing. You made me do the exact thing I already did. Downloaded app, still at a dead end. https://t.co/GWeOdkn9ta",1712381,NortonSupport,Tue Nov 07 01:29:04 +0000 2017,@249642 Are you trying to download the basic or the premium version? -Anirban,2084095
1712383,249642,Tue Nov 07 01:12:04 +0000 2017,@132897 I have a subscription provided by telus and I’m trying to protect another device. Needs product key. I don’t have one...,1712382,NortonSupport,Tue Nov 07 01:19:27 +0000 2017,"@249642 Hi, you do not need a product key for this. Please follow instructions here https://t.co/g8lK0VHZ7o -Anirban (cc: @132897)",1712380
172193,156234,Fri Nov 24 21:28:57 +0000 2017,@132897 you all took 76 bucks out of my 76 yr old father in laws checking account. And he never authorizes anyone to take money from his account. He is old school! And not happy right now!,172192,NortonSupport,Fri Nov 24 21:32:02 +0000 2017,@156234 Hi Devin. We are really sorry for the inconvenience. Please share the registered email address. Let me look into this for you -Anirban,
1740255,525109,Fri Oct 27 07:51:50 +0000 2017,"@NortonSupport わざわざありがとうございます...！
あとで試してみます...！",1740257,NortonSupport,Mon Oct 30 01:35:13 +0000 2017,"@525109 ご連絡、ありがとうございます。
もしうまくいかない場合は、こちらまでご連絡いただければと思います。-hide",
1740256,525109,Fri Oct 27 06:16:20 +0000 2017,"う〜〜疲れたぁ...
動画編集用の拡張子ファイルを用意してたんだけど、解凍しようとしたらノートンに邪魔されて手詰まり...どうしたらいいかわからんし頭が疲れてきて作業に集中できないどころかイライラして怒りが収まらなくなってきたから休憩。もうむり...",1740254,NortonSupport,Fri Oct 27 06:30:45 +0000 2017,"@525109 解凍したファイルをノートンが削除した、ということでしょうか。
その場合、履歴画面から復元できます。
該当ファイルを次回以降のスキャンから除外する設定もしていただけます。

誤ってセキュリティリスクであると識別されたファイルを復元する
https://t.co/sVjGvSHSIJ",1740255
1745443,526293,Tue Oct 31 13:35:43 +0000 2017,@NortonSupport @132897 What the hell is a dm 5-10 days to get money back bank account now overdrawn thanks guys,1745442,NortonSupport,Tue Nov 07 14:28:53 +0000 2017,@526293 Hello! We are just checking to see if you have received your refund. Let us know if you need any further help. -Steffi,
1745443,526293,Tue Oct 31 13:35:43 +0000 2017,@NortonSupport @132897 What the hell is a dm 5-10 days to get money back bank account now overdrawn thanks guys,1745444,NortonSupport,Tue Oct 31 13:39:18 +0000 2017,@526293 We have replied to your private message. -Steffi,
1745446,526293,Tue Oct 31 13:29:38 +0000 2017,@132897 bunch of twats had auto renew taken off last year and you've taken money out of my bank to renew this year,1745445,NortonSupport,Tue Oct 31 13:32:43 +0000 2017,@526293 Sorry for the inconvenience caused. Could you please send us a DM with more details? We can look into it. -Steffi (cc: @132897),1745443
1751351,527684,Tue Nov 07 18:08:23 +0000 2017,"@NortonSupport I tried restarting my computer &amp; re-ran 'Live Update' &amp; I'm still getting the same message. Yes, I can take a screenshot. Put it here or DM?",1751349,NortonSupport,Tue Nov 07 18:13:57 +0000 2017,@527684 Could you please send us the screenshot via DM? We can check. -Steffi https://t.co/K1tHrA9w85,1751350
1751353,527684,Tue Nov 07 18:13:24 +0000 2017,@NortonSupport -Steffi... Now I can't even get the same message to come back up. Ckd 2 see if I had most recent/updated version &amp; I do. Advice?,1751357,NortonSupport,Tue Nov 07 18:16:17 +0000 2017,@527684 Alright! Please go ahead and update your Norton product to the latest version. -Steffi,
1751354,527684,Tue Nov 07 17:44:25 +0000 2017,@NortonSupport I've run 'Live Update' &amp; keep getting message that server is unavailable due to maintenance or capacity problems. Thx for the link.,1751352,NortonSupport,Tue Nov 07 17:49:30 +0000 2017,@527684 Sorry about that! Could you please share a screenshot of the same? We can look into it. -Steffi,"1751353,1751351"
1751356,527684,Tue Nov 07 17:28:24 +0000 2017,@NortonSupport Having trouble getting my Password Vault to open. Keep getting message that Server is down for maintenance. Am I alone?,1751355,NortonSupport,Tue Nov 07 17:35:15 +0000 2017,"@527684 Sorry, did you try running 'Live Update', restart then check if that help? Also see if you can login here https://t.co/XzY0Uli5z3? -Karthik",1751354
1782909,535677,Tue Oct 17 22:05:08 +0000 2017,Can I get a contact from Symantec? I'd like them to fix their signature,1782908,NortonSupport,Tue Oct 17 22:06:49 +0000 2017,"@535677 Hi, Please refer to  https://t.co/aM62gV048c for symantec support information -Anirban",
1784041,429565,Wed Oct 11 09:15:57 +0000 2017,"@132897 silly question, but I got an email offering a £15 amazon loyalty voucher. Can you confirm this was sent by Norton UK?",1784040,NortonSupport,Wed Oct 11 09:43:20 +0000 2017,@429565 Hi Chi! Could you please send us a DM? We will check and help you with this! -Harini :) (cc: @132897) https://t.co/K1tHrA9w85,
1786212,148124,Wed Oct 11 14:47:10 +0000 2017,@132897   Beware of Norton Utilite 16.  You CAN NOT remove it and you will get Pop Up all day long.  Norton case number 32804055,1786211,NortonSupport,Wed Oct 11 14:52:48 +0000 2017,@148124 Sorry for the inconvenience caused. Could you please send us a Dm with more details? We can look into it. -Steffi (cc: @132897),
1786917,536836,Wed Oct 11 16:16:33 +0000 2017,NORTON WONT EVEN LET ME RUN THE RTP FUCK U,1786916,NortonSupport,Wed Oct 11 16:28:04 +0000 2017,@536836 I apologize for the inconvenience this may have caused. Could you let me know the issue you are facing? We could help with that -Dinesh,
1792323,538328,Thu Oct 12 22:47:13 +0000 2017,@538329 norton thinks it’s a virus and so i’m not able to get it .-. https://t.co/25umI2RKM1,1792322,NortonSupport,Thu Oct 12 23:03:41 +0000 2017,@538328 Sorry about that! Do you trust this file? Could you please click on 'Origin' &amp; 'Activity' and share those screenshots as well? -Karthik,
17929,119975,Wed Nov 22 14:06:45 +0000 2017,"@8501 you create what must be the worst, slowest, resource hungry mess that you pass off as software that I have ever the the misfortune of having to use. How you sell this crap is beyond me!",17928,NortonSupport,Wed Nov 22 14:10:30 +0000 2017,@119975 Hi Ron! Sorry to hear about the performance issue. We could help you get to the bottom of this. Please send us a DM with more details here. We will look into this for you. - Charlie https://t.co/K1tHrA9w85,
1797697,540166,Tue Oct 17 13:36:31 +0000 2017,ノートンを消すか有効期限済んでからインストールし直すとしようかな,1797696,NortonSupport,Wed Oct 18 00:41:49 +0000 2017,"@540166 削除されたファイルは、以下の方法で復元していただけます。-hide

誤ってセキュリティリスクであると識別されたファイルを復元する
https://t.co/sVjGvSHSIJ",
1797697,540166,Tue Oct 17 13:36:31 +0000 2017,ノートンを消すか有効期限済んでからインストールし直すとしようかな,1797698,NortonSupport,Wed Oct 18 00:40:31 +0000 2017,"@540166 ノートンに削除されたファイルは、以下の除外設定をしていただくことで
削除されずインストールできます。
https://t.co/gomXNw0MUy
「スキャンから除外」「自動保護、SONAR、ダウンロードインテリジェンスの検出から除外」両方での設定をお願いいたします。",
1797701,426252,Wed Oct 18 10:15:45 +0000 2017,@NortonSupport そうしました。リプライありがとうございますm(_ _)m,1797702,NortonSupport,Thu Oct 19 01:02:38 +0000 2017,@426252 いえいえ。こちらこそ、ご返信ありがとうございます。unable,
1797718,540172,Wed Oct 18 06:19:39 +0000 2017,"@NortonSupport 当然これは設定してます。しかしI.D.セーフ内にログイン情報がない場合、「ログイン情報を作成して下さい」と言われてしまう。
Safariでログインした情報をI.D.セーフにそのまま保存が出来ない。
PC版のI.D.セーフは出来るので、iPhone版も出来ると嬉しいです。",1797719,NortonSupport,Wed Oct 18 07:09:31 +0000 2017,"@540172 すみません、おっしゃっているのは、あるサイトにログインした時に、
そのサイトとログインの情報をそのままIDセーフに保存する(IDセーフを開かなくても)機能があるか、ということでしょうか","1797720,1797721"
1797721,540172,Wed Oct 18 07:53:19 +0000 2017,"@NortonSupport 既にI.D.セーフへ登録されているログイン情報は簡単に呼び出せますが、保存されていない情報は「サイトのログイン情報を作成して下さい」となり弾かれます。
つまり、Safariで入力したログイン情報をまたI.D.セーフを開いて再度入力する必要があります。これは面倒です。",1797722,NortonSupport,Thu Oct 19 02:36:33 +0000 2017,"@540172 確かに、IDセーフにはおっしゃるような機能はございません。
IDセーフにログイン情報をまず登録する必要がございます。
PC版のSafariだとログインしただけでその情報を登録できる、ということですが、これはもしかして、IDセーフではなく、Safariの機能ではないですか。",
1797721,540172,Wed Oct 18 07:53:19 +0000 2017,"@NortonSupport 既にI.D.セーフへ登録されているログイン情報は簡単に呼び出せますが、保存されていない情報は「サイトのログイン情報を作成して下さい」となり弾かれます。
つまり、Safariで入力したログイン情報をまたI.D.セーフを開いて再度入力する必要があります。これは面倒です。",1797723,NortonSupport,Thu Oct 19 02:36:51 +0000 2017,"@540172 次回からはパスワードを入力しなくていい、という機能ですよね。
1passwordの使い方も見てみたのですが、ログイン情報を登録する、というプロセスはあったので。","1797724,1797725"
1797724,540172,Thu Oct 19 03:49:01 +0000 2017,@NortonSupport シマンテックの高い技術力なら1passwordと同等のものを作れそうなのに、と思っての要望でした。色々と調べて頂いて、ありがとうございました。,1797726,NortonSupport,Thu Oct 19 05:03:35 +0000 2017,"@540172 &gt;Safariで、あるログインページを開いてログイン情報を入力後そのログイン情報を保存

これは、1passwordではなくSafariの機能だと思われます。
1passwordを削除なり無効にしても、同様のことができるはずです。",1797727
1797727,540172,Thu Oct 19 05:10:00 +0000 2017,@NortonSupport Safariであるログインページを開く、ログイン情報を入力する。この状態でSafariの共有ボタンから1passwordを起動すると、URL、ユーザーID、パスワードを「新しいログイン」として保存出来ます。わざわざ作成しなくても、そのまま保存出来るんですよ。これは便利。,1797728,NortonSupport,Thu Oct 19 09:48:50 +0000 2017,"@540172 教えていただき、ありがとうございます。
いただいたノートンへのご意見とともに、今後の参考にさせていただきます。",
1806709,542800,Wed Oct 18 01:36:48 +0000 2017,"i'm the fool here..
this is a dream double bill
norton virus scan
#haiku",1806708,NortonSupport,Wed Oct 18 01:45:32 +0000 2017,@542800 Sorry for the trouble. Could you please send us a DM to get more information on this? We can help. -Prasanna,
18075,120016,Wed Nov 01 03:53:46 +0000 2017,@NortonSupport 復元することが出来ました。些細なツイートへの対応ありがとうございました。,18074,NortonSupport,Wed Nov 01 03:59:48 +0000 2017,"@120016 よかったです！
ご連絡、ありがとうございます。-hide",
18077,120016,Wed Nov 01 03:04:44 +0000 2017,@NortonSupport 丁寧な返信をありがとうございます。削除後に再起動の指示が出て、再起動しなければ復元もできず除外設定もできない場合はどうすればよいでしょうか？,18076,NortonSupport,Wed Nov 01 03:23:44 +0000 2017,"@120016 そのまま再起動していただいて大丈夫です。
ファイルを削除した履歴は残っているので、再起動後に復元できます。
「検疫」で削除履歴が見つからない場合は、
「スキャン結果」「解決したセキュリティリスク」「SONAR活動」で探してみてください。-hide",18075
18079,120016,Tue Oct 31 15:21:51 +0000 2017,ノートンのガバガバ判定ホントやめてほしい,18078,NortonSupport,Wed Nov 01 02:34:46 +0000 2017,"@120016 ご不便をおかけしております。
ノートンが削除したファイルは、以下の方法で履歴画面から復元できます。
その際、次回以降のスキャンからの除外設定もしていただけます。-hide
誤ってセキュリティリスクであると識別されたファイルを復元する
https://t.co/sVjGvSHSIJ",18077
1814893,545199,Sun Oct 15 23:38:03 +0000 2017,"gotta love how norton blocks programs, and when i tell it to allow them to run norton crashes and i have to start up said program again",1814892,NortonSupport,Sun Oct 15 23:40:25 +0000 2017,"@545199 Hi, sorry for the inconvenience. Please DM us more details of the issue. I can look into it for you -Anirban https://t.co/K1tHrA9w85",
1821208,546753,Mon Oct 16 17:51:49 +0000 2017,@132897 has been billing my dead grandfather for years &amp; refuse to refund. Charging a dead man 4 yrs #scam #norton #antivirus #boycott https://t.co/wcKPNhMLv2,1821207,NortonSupport,Mon Oct 16 17:56:30 +0000 2017,@546753 Sorry for the inconvenience caused. We would like to collect some details. Could you please send us a DM? - Steffi (cc: @132897),
1830086,549188,Tue Oct 17 14:56:48 +0000 2017,Fucking not impressed that Norton have taken £60 out of my bank! 😤 thanks for stealing my student loan it’s much appreciated. Stupid fucks.,1830085,NortonSupport,Tue Oct 17 15:02:38 +0000 2017,@549188 Sorry about that. We would like to collect more info about the charge. Could you please send us a DM? We can look into it. -Steffi https://t.co/K1tHrA9w85,
1830105,549193,Tue Oct 17 02:47:46 +0000 2017,@NortonSupport will support be able to walk through Norton core installation over the phone? Trying buy core for mom in another state.,1830104,NortonSupport,Tue Oct 17 16:05:22 +0000 2017,"@549193 Yes, Our team would be able to help you setup Norton Core over the phone. Feel free to contact us here- https://t.co/d9xoeb6Ndy. -Steffi",
1833399,549985,Wed Oct 18 04:38:56 +0000 2017,"PCに詳しい人いない？？？
てゆかノートンよくわかんないんだけど😭😭😭😭",1833398,NortonSupport,Wed Oct 18 04:41:13 +0000 2017,"@549985 ノートンサポートです。
何かお困りでしょうか。",
1833463,386317,Mon Oct 16 12:19:19 +0000 2017,@NortonSupport Any ETA for a NortonCore fix for the KRACKattack?,1833462,NortonSupport,Mon Oct 16 22:04:26 +0000 2017,"@386317 Hi, Our team is currently researching this. We'll update you as soon as we have more information. Thank you for your patience. -Dinesh",
1833463,386317,Mon Oct 16 12:19:19 +0000 2017,@NortonSupport Any ETA for a NortonCore fix for the KRACKattack?,1833464,NortonSupport,Fri Oct 20 00:35:20 +0000 2017,"@386317 Hi, just a follow up to let you know that Norton Core is protected from this vulnerability and it doesn't require a fix or update. -Karthik",
1835137,550378,Wed Oct 18 14:23:48 +0000 2017,.@132897 wow literally stealing from the dead? You realize that deceased individuals can't consent to recurring charges. #ScamAlart,1835136,NortonSupport,Wed Oct 18 14:28:59 +0000 2017,@550378 Sorry about that! We would like to collect few details. Could you please send us a DM? We can look into it. -Steffi (cc: @132897),
1836189,546753,Wed Oct 18 14:52:39 +0000 2017,@NortonSupport @132897 You did! And still denied the refund.,1836188,NortonSupport,Wed Oct 18 14:59:34 +0000 2017,@546753 We are trying our level best to help you with it. We request you to give us some time so that we can get back to you with an update. -Steffi,
1836193,546753,Wed Oct 18 14:23:12 +0000 2017,@132897 has been charging my dead gpa for yes &amp; refuse to refund. #boycottNorton #elderabuse #scamalert #takingadvantageoftheelderly,1836190,NortonSupport,Wed Oct 18 14:25:41 +0000 2017,"@546753 Hi, Cassidy! We have already replied to your private message. -Steffi (cc: @132897)","1836191,1836192,1836189"
1837515,123959,Wed Oct 18 16:50:19 +0000 2017,@NortonSupport It kept spinning for about 10 mins then signed me out,1837518,NortonSupport,Wed Oct 18 16:52:50 +0000 2017,@123959 Sorry about that! We would like to collect some product details. Could you please send us a Direct Message? -Abilash https://t.co/K1tHrA9w85,
1837517,123959,Wed Oct 18 16:40:37 +0000 2017,"@132897 need some help, bought norton security on the card, typed it in and the cursor kept spinning and timed out, will I loose one?",1837514,NortonSupport,Wed Oct 18 16:42:10 +0000 2017,"@123959 Hi, Joey! We can help you sort this out. Are you able to go online from this device? Are you facing any connectivity issues? -Abilash","1837515,1837516"
1838790,551111,Wed Oct 18 18:26:27 +0000 2017,Well @132897 refuses to refund for 5 yrs charges for a deceased grandfather's inactive account. #boycott #elderabuse #ScamAlert,1838789,NortonSupport,Wed Oct 18 18:30:54 +0000 2017,@551111 Hi Jessica. Sorry for the experience you had. Please DM us with the account email address. Anirban (cc: @132897) https://t.co/K1tHrA9w85,
1839644,342895,Sat Oct 28 22:59:47 +0000 2017,"Digital tech is shit, can't log into Norton, camera won't send pics, Eurosport won't open, new signal booster fails to initiate; just today!",1839643,NortonSupport,Sat Oct 28 23:31:11 +0000 2017,"@342895 Sorry, what happens when you try logging into your Norton? -Karthik",
1851904,554269,Wed Oct 18 23:30:31 +0000 2017,@132897 Really? No system in place to stop auto-billing seniors after they die? You send an email? To who? #elderabuse #ScamAlert,1851903,NortonSupport,Wed Oct 18 23:31:58 +0000 2017,@554269 Hi Kelly. Sorry if you had a bad experience. We would like to look into this. Please DM us more details -Anirban https://t.co/K1tHrA9w85,
1852921,554493,Thu Oct 19 01:56:08 +0000 2017,"@132897 @8501 Boot time protection is not scanning files when I boot.  Support chat says its because i have an SSD and that's already a ""fast drive"". 😟",1852920,NortonSupport,Thu Oct 19 02:05:56 +0000 2017,@554493 Hi Alexander. Please share the case number of the chat you had with support. I can look into this for you -Anirban(cc: @132897),
1854419,481169,Thu Oct 19 06:03:26 +0000 2017,"@NortonSupport @132897 That link you just gave me however, shows the product in my cart tho, yes.

The prev link didn't.",1854422,NortonSupport,Thu Oct 19 06:05:41 +0000 2017,"@481169 We can certainly help you with that, Helena. Could you please send us a DM ? -Harini https://t.co/K1tHrA9w85",
1854421,481169,Thu Oct 19 05:38:31 +0000 2017,@132897 Clicking on 'subscribe now' to buy your wifi privacy package keeps taking me to an 'empty cart' notification-I can't purchase!,1854418,NortonSupport,Thu Oct 19 05:47:13 +0000 2017,"@481169 Sorry about that, Helena. Could you please check if you are able to purchase Norton from https://t.co/AnK95htXTE ? -Harini cc: @132897","1854419,1854420"
1855388,555033,Thu Oct 19 05:57:37 +0000 2017,I wasted 3 hours trying to setup #nortoncore by @132897 but I couldn't get it to work and had to put my old equipment back #pissed :-/,1855387,NortonSupport,Thu Oct 19 07:11:50 +0000 2017,"@555033 Sorry for the inconvenience, Lila. We received your Facebook message and have replied. Kindly check your inbox. -Harini cc: @132897",
1856627,555283,Mon Oct 30 03:39:22 +0000 2017,"@NortonSupport 丁寧にありがとうございます
信用できるところだったのでファイルを再DL後、起動前にスキャンの除外指定で事なきを得ました
自分の知識不足もあったのでこれからもお世話になりまする",1856629,NortonSupport,Mon Oct 30 03:58:41 +0000 2017,"@555283 それはよかったです！
今後、不具合・疑問等ございましたら、
当アカウント、またはサポートセンター(https://t.co/wPqrUv2KEr)までご連絡いただければと思います。-hide",
1856628,555283,Fri Oct 27 10:39:13 +0000 2017,"結局ノートン先生の好みの問題じゃったか
いざとなったら解雇も考えねばならんなー",1856626,NortonSupport,Mon Oct 30 02:08:46 +0000 2017,"@555283 ご不便をおかけしております。
ノートンに削除されたファイルは、以下の方法で復元していただけますでしょうか。-hide

誤ってセキュリティリスクであると識別されたファイルを復元する
https://t.co/sVjGvSHSIJ",1856627
1856632,555284,Fri Oct 27 08:59:46 +0000 2017,鯖はノートンが外部からのjoinを全てブロックしていたっぽいので何通りか試してみてそれでもダメだったら鯖立て中だけバスターに切り替えるようにしようかな,1856630,NortonSupport,Mon Oct 30 02:05:10 +0000 2017,"@555284 突然失礼いたします。
こちらのファイアウォール設定が参考になりますでしょうか。

遮断されたプログラムを許可する
https://t.co/XsigZD7gL6

侵入防止除外リスト
https://t.co/SSkzv90uw4",1856631
1856635,555285,Mon Oct 30 03:01:29 +0000 2017,@NortonSupport 問題が発生しているPC上では次の画像のような状況となっております。https://t.co/zDPAWKF4Cc,1856637,NortonSupport,Mon Oct 30 03:56:43 +0000 2017,"@555285 詳細なご報告、ありがとうございます。
除外設定につきましては、よろしければ、以下の方法もお試しいただければと思います。
https://t.co/gomXNw0MUy
それでもダメな場合
https://t.co/7PIfgJwFAX",1856638
1856636,555285,Fri Oct 27 08:34:43 +0000 2017,ノートンの入ったコンピュータに新作ゲームを入れようとしたらウィルス認定を受けて間髪入れずに消されてしまい困っています。（解決しました-処理の必要はありません）なんだこれ。,1856633,NortonSupport,Mon Oct 30 01:47:04 +0000 2017,"@555285 ご不便をおかけしております。
ノートンが削除したファイルは、履歴画面から復元できます。
その際、次回以降のスキャンから除外する設定もしていただけます。-hide

誤ってセキュリティリスクであると識別されたファイルを復元する
https://t.co/sVjGvSHSIJ","1856634,1856635"
1856638,555285,Mon Oct 30 09:31:37 +0000 2017,@NortonSupport はい、先程申し上げました通り、そうした場凌ぎ的な対処しかできない状況です。これはファイルインサイトに依存しているノートンの弱点とも認識しており、根本的な改善が難しいことも理解しております。ただお客様から誤検出のレポートをいただく度、このシステムは改善して欲しいとも感じております。,1856640,NortonSupport,Tue Oct 31 05:42:35 +0000 2017,"@555285 申請フォームには、ファイルやサイトについての情報をご記入いただく必要があることから
所有者様からの申請をお願いしております。-hide",1856641
1856638,555285,Mon Oct 30 09:31:37 +0000 2017,@NortonSupport はい、先程申し上げました通り、そうした場凌ぎ的な対処しかできない状況です。これはファイルインサイトに依存しているノートンの弱点とも認識しており、根本的な改善が難しいことも理解しております。ただお客様から誤検出のレポートをいただく度、このシステムは改善して欲しいとも感じております。,1856639,NortonSupport,Tue Oct 31 05:42:16 +0000 2017,"@555285 弊社では、false positiveに対しファイルやサイトの所有者様からの
異議・再審査要求を受け付けております。
以下のページにあるリンク先から申請していただけます。
https://t.co/usj1O0xsD1",
1857601,509115,Thu Oct 19 12:23:51 +0000 2017,Disapponted I’ve been renewing my software for £60 yearly and when I cancel I was offered a BETTER package for half the price @NortonSupport,1857600,NortonSupport,Thu Oct 19 12:34:03 +0000 2017,"@509115 We are truly sorry to hear about for your disappointment. If you don't mind, can you please the case details in DM. We can check. - Charlie",
1857617,283059,Thu Oct 19 12:21:22 +0000 2017,@132897 WiFi Privacy software stops my PC from sending emails. Just had to uninstall it. A complete waste of money. Avoid.,1857616,NortonSupport,Thu Oct 19 12:26:19 +0000 2017,@283059 Sorry to hear that! We would like to collect more details about this issue. Please send us a DM. We can check. - Charlie(cc: @132897),
1857651,415762,Thu Oct 19 13:18:50 +0000 2017,@NortonSupport @132897 Oh right.When did that change? I felt better doing it myself knowing it had been done.,1857653,NortonSupport,Thu Oct 19 14:06:37 +0000 2017,@415762 We would like to collect more details about Norton Security version. Please send us a DM. We can check. - Charlie,
1857652,415762,Thu Oct 19 13:08:59 +0000 2017,@132897 I no longer get reminders from Norton popping up to tell me I need to do a scan.Any idea why please,1857650,NortonSupport,Thu Oct 19 13:15:00 +0000 2017,"@415762 Norton Security will do scans automatically, you will get a notification only when auto scan fails to start. - Charlie (cc: @132897)",1857651
1858808,391560,Thu Oct 19 13:22:01 +0000 2017,"Based on the constant ad pop-ups it generates on my PC, I'm beginning to consider @132897 a computer virus in its own right.",1858807,NortonSupport,Thu Oct 19 13:36:10 +0000 2017,@391560 Sorry you feel that way. We try to balance your privacy with our concern for your Internet safety.Your feedback is really important(Cont..),
1860049,499877,Thu Oct 19 15:27:09 +0000 2017,@NortonSupport why have I been charged for renewal without an email notifying me of the price first as per your t&amp;c's? #dissapointed,1860048,NortonSupport,Thu Oct 19 15:52:05 +0000 2017,@499877 Hi Karen! Sorry to hear about your disappointment.We usually send pre billing email prior renewal. Please send us a DM.We can check.-Charlie,
1860055,556069,Thu Oct 19 16:14:15 +0000 2017,I find NORTON THE WORST PRODUCT EVER BOUGHT. IT IS LIKE A VIRUS TO TRY TO RID. WAIT FOREVER TO CHAT A TIMER THAT TELLS YOU 2 MINS MEANS 2 HR,1860054,NortonSupport,Thu Oct 19 16:16:26 +0000 2017,@556069 Hi Karen! We are really sorry to hear that. Please send us a DM with more details about your issue with Norton. We can check. - Charlie,
1860492,556150,Sat Oct 28 09:30:35 +0000 2017,"@556151 色々ありがとうございます。
それがzipファイルをデスクトップに解凍する際に強制的に削除されてしまうのでexeファイル実行まで行きついていない状態なのですよ～。
せめて解凍ぐらい自由にさせてくださいノートン先生ｗｗ",1860491,NortonSupport,Mon Oct 30 04:33:47 +0000 2017,"@556150 ご不便をおかけしております。
ノートンに削除されたファイルは、以下の方法で、履歴画面から復元できます。

誤ってセキュリティリスクであると識別されたファイルを復元する
https://t.co/sVjGvSHSIJ",
1860492,556150,Sat Oct 28 09:30:35 +0000 2017,"@556151 色々ありがとうございます。
それがzipファイルをデスクトップに解凍する際に強制的に削除されてしまうのでexeファイル実行まで行きついていない状態なのですよ～。
せめて解凍ぐらい自由にさせてくださいノートン先生ｗｗ",1860493,NortonSupport,Mon Oct 30 04:37:40 +0000 2017,"@556150 除外設定ですが、復元の際に行う設定だけでうまくいかない場合は、以下をお試しいただけますでしょうか。
https://t.co/gomXNw0MUy
「スキャンから除外」「自動保護、SONAR、ダウンロードインテリジェンスの検出から除外」両方での設定をお願いいたします。-hide",
1860507,556152,Mon Oct 30 10:19:30 +0000 2017,@NortonSupport 既に復元も設定もしております。メッセージありがとうございました。,1860509,NortonSupport,Tue Oct 31 01:18:57 +0000 2017,"@556152 それはよかったです。
ご連絡、ありがとうございます。",
1860508,556152,Sat Oct 28 14:47:25 +0000 2017,"期限切れに伴って初めてノートン使ってみたけど、フリーソフトの実行ファイルを問答無用で削除されて「何で勝手に消しよん！」って届かない声を上げてしまった。

性質上、頼もしいと捉えることもできるんやろうけど、せめて確認してや……。",1860506,NortonSupport,Mon Oct 30 04:50:22 +0000 2017,"@556152 突然失礼いたします。
ノートンに削除されたファイルは、履歴画面から復元できます。
その際、次回以降のスキャンから除外する設定もしていただけます。-hide

誤ってセキュリティリスクであると識別されたファイルを復元する
https://t.co/sVjGvSHSIJ",1860507
1860511,556153,Sat Oct 28 23:31:41 +0000 2017,"私「さてゲームダウンロードしたしやるかな」
ノートン「他のユーザーがあまりこれ使ってないからウィルスがあるに違いない消しといたお」
私「あれ？.exeがない？」
ノ「削除しといたお」
私「勝手なことすんじゃねぇ」",1860510,NortonSupport,Mon Oct 30 05:00:59 +0000 2017,"@556153 ご不便をおかけしております。
ノートンに削除されたファイルは、以下の方法で復元できます。
その際、次回以降のスキャンから除外する設定もしていただけます。-hide

誤ってセキュリティリスクであると識別されたファイルを復元する
https://t.co/sVjGvSHSIJ",
1862043,556494,Thu Oct 19 16:24:02 +0000 2017,Norton just sent a notice Krack virus from WiFi. Wanting me to get protection. Is this real?,1862042,NortonSupport,Thu Oct 19 16:45:48 +0000 2017,"@556494 May I know the name of Norton program you are using? However, Norton WiFi Privacy protects your devices while using public Wifi. - Charlie",
1862061,395179,Thu Oct 19 17:30:06 +0000 2017,"Trying to deal w @132897 re their ASTOUNDINGLY bad #itsupport must be worse than #KRACK #KrackAttack itself. Spent $$, won't install",1862059,NortonSupport,Thu Oct 19 17:31:29 +0000 2017,"@395179 Sorry, Nicola! We would like to help, but we need to collect some additional information. Let us know if we could help you sort this. -Abi",1862060
1862063,395179,Thu Oct 19 17:22:15 +0000 2017,#nortononline how can you send out a conf email with ONE button for install instrcutions and have them be WRONG?? Thanks #norton #KRACK,1862062,NortonSupport,Thu Oct 19 17:24:44 +0000 2017,@395179 I apologize for the frustration this has caused. Could you please send us a Direct Message with the case number? We can help you. -Abilash,
1862114,395179,Thu Oct 19 17:19:11 +0000 2017,"@132897 ""Estimated wait time is 0 hours 9 minutes 8 seconds"" is a lie - #norton mean 30 minutes &amp; counting @88800",1862112,NortonSupport,Thu Oct 19 17:19:47 +0000 2017,@395179 We are terribly sorry that you had a bad experience. Could you please send us a Direct Message with one of those case numbers? -Abilash https://t.co/K1tHrA9w85,1862113
1862842,556648,Sun Oct 29 06:24:10 +0000 2017,"艦これめいか一覧。
新バージョン　ノートン様に弾かれる(T_T)",1862841,NortonSupport,Mon Oct 30 05:22:30 +0000 2017,"@556648 突然失礼いたします。
ノートンに削除されたファイルは、履歴画面から復元できます。
その際、次回以降のスキャンから除外する設定もしていただけます。-hide

誤ってセキュリティリスクであると識別されたファイルを復元する
https://t.co/sVjGvSHSIJ",
1862844,556649,Sun Oct 29 15:03:18 +0000 2017,"@556650 トロイってのはウイルスかな？知識なくてごめん（；´-｀）
うちのはノートンがＭｏＥダウンロードしようとすると毎回危険ななんちゃらかんちゃらとか言ってＭｏＥのデータそのものを削除毎回してくるよ・・・",1862843,NortonSupport,Mon Oct 30 05:45:36 +0000 2017,"@556649 ご不便をおかけしております。
ノートンに削除されたファイルは、以下の方法で復元できます。
その際、次回以降のスキャンから除外する設定もしていただけます。-hide

誤ってセキュリティリスクであると識別されたファイルを復元する
https://t.co/sVjGvSHSIJ",
1862848,556651,Mon Oct 30 05:16:55 +0000 2017,"@556652 神かよ
欲を言えばオトメドメインがノートンによって消されたためまた貸して頂けるとありがたいです…",1862847,NortonSupport,Mon Oct 30 06:02:06 +0000 2017,"@556651 突然失礼いたします。
ノートンが削除したファイルは、以下の方法で復元できます。
その際、次回以降のスキャンから除外する設定もしていただけます。-hide

誤ってセキュリティリスクであると識別されたファイルを復元する
https://t.co/sVjGvSHSIJ",
1862869,556653,Sun Oct 29 13:40:28 +0000 2017,ノートン先生が厳しすぎて関係ないexeファイルまで削除してくださる,1862867,NortonSupport,Mon Oct 30 05:40:11 +0000 2017,"@556653 ご不便をおかけしております。
ノートンに削除されたファイルは、履歴画面から復元できます。
その際、次回以降のスキャンから除外する設定もしていただけます。-hide

誤ってセキュリティリスクであると識別されたファイルを復元する
https://t.co/sVjGvSHSIJ",1862868
1862871,556654,Sun Oct 29 15:59:00 +0000 2017,ノートン絵のデータ消してくるからほんとむり💢💢,1862870,NortonSupport,Mon Oct 30 05:47:48 +0000 2017,"@556654 突然失礼いたします。
ノートンが削除したファイルは、履歴画面から復元できます。
その際、次回以降のスキャンから除外する設定もしていただけます。-hide

誤ってセキュリティリスクであると識別されたファイルを復元する
https://t.co/sVjGvSHSIJ",
1863915,556900,Fri Oct 20 12:35:28 +0000 2017,".@132897 sort your customer service out, it’s so awful omg",1863914,NortonSupport,Fri Oct 20 12:47:46 +0000 2017,@556900 Sorry to hear about your experience. Customer experience is really important to us. Please send DM with details.-Charlie(cc: @132897),
1865182,557247,Fri Oct 20 16:05:13 +0000 2017,@132897 (2/2) Nicest thing they've done for me since they automatically renewed my £29 Norton Security for £80.,1865181,NortonSupport,Fri Oct 20 16:13:57 +0000 2017,@557247 Sorry to hear that. Could you please send us a direct message? I could look into the records and help you -Dinesh (cc: @132897) https://t.co/K1tHrA9w85,
1866310,557573,Fri Oct 20 17:55:56 +0000 2017,@38733 I cant down load and install the Swing wallet on my windows cause @132897 keeps quarntining zend.exe and zen-cli.exe HELP!,1866309,NortonSupport,Fri Oct 20 18:33:09 +0000 2017,@557573 Sorry about that! Please follow instructions here https://t.co/nWH7Xtwope and let us know if that helps. - Charlie (cc: @132897),
1871448,558872,Fri Oct 20 00:43:12 +0000 2017,"@NortonSupport @132897 @8501 All I'm saying is that these attacks happened ages ago, these notifications would have been awesome in May and June. Thanks though for keeping my opsec in your highest priority.",1871450,NortonSupport,Fri Oct 20 01:01:46 +0000 2017,@558872 When was the last time you see the 'Live Update' installed? Just wanted to make sure if everything is right? -Karthik,1871451
1871449,558872,Fri Oct 20 00:28:00 +0000 2017,@132897 @8501 I got this tonight and a petya notification last night these are MONTHS OLD MY DUDE!!!! you best have my back you've had like 180 days to figure this out! get on it! https://t.co/zHDdaUdgG3,1871447,NortonSupport,Fri Oct 20 00:37:10 +0000 2017,@558872 Hi Stephen! Could you please send us a DM with your account details? We can check this for you. -Karthik (cc: @132897) (cc: @8501) https://t.co/K1tHrA9w85,1871448
1871451,558872,Fri Oct 20 02:46:01 +0000 2017,@NortonSupport  https://t.co/iJYRUkgpIb,1871452,NortonSupport,Fri Oct 20 02:51:56 +0000 2017,@558872 Thats odd. Was your computer disconnected from the internet for a long period of time? -Harini,1871453
1871453,558872,Fri Oct 20 02:55:44 +0000 2017,"@NortonSupport nope, unless from 11pm to 9:00am every night since the petya and wcry attacks happened this summer counts as a 'long period of disconnected time.' guys, just fix your notifications. no big deal.",1871454,NortonSupport,Fri Oct 20 03:03:06 +0000 2017,"@558872 Sorry for this inconvenience caused, Stephen. We will pass this feedback to the concerned team. As long as you have latest live (Cont)",
1871453,558872,Fri Oct 20 02:55:44 +0000 2017,"@NortonSupport nope, unless from 11pm to 9:00am every night since the petya and wcry attacks happened this summer counts as a 'long period of disconnected time.' guys, just fix your notifications. no big deal.",1871455,NortonSupport,Fri Oct 20 03:04:46 +0000 2017,@558872 Thank you for bringing this to our attention. -Harini,
1871453,558872,Fri Oct 20 02:55:44 +0000 2017,"@NortonSupport nope, unless from 11pm to 9:00am every night since the petya and wcry attacks happened this summer counts as a 'long period of disconnected time.' guys, just fix your notifications. no big deal.",1871456,NortonSupport,Fri Oct 20 03:04:09 +0000 2017,"@558872 updates, your devices are protected from all the latest threats that are emerging. (Cont)",
1873005,559268,Fri Oct 20 05:00:16 +0000 2017,@NortonSupport Here it is https://t.co/jWMHnPiGaM,1873004,NortonSupport,Fri Oct 20 05:11:29 +0000 2017,@559268 Thank you again. Could you please send us a DM? We'd like to gather some info related to this issue. -Harini https://t.co/K1tHrA9w85,
1873007,559268,Fri Oct 20 04:49:21 +0000 2017,@NortonSupport So these were some of the few I have received recently https://t.co/3rbhY1KeGX,1873006,NortonSupport,Fri Oct 20 04:56:47 +0000 2017,@559268 Thank you. Please click on the recent alert and provide a screenshot of the details shown. -Harini,1873005
1873009,559268,Fri Oct 20 04:43:36 +0000 2017,"@NortonSupport I'm not sure, I keep getting notifications of vulnerabilities being blocked, and computers trying to access my computer",1873008,NortonSupport,Fri Oct 20 04:46:23 +0000 2017,@559268 Please send us a screenshot of it. We will check and help you. -Harini,1873007
1873011,559268,Fri Oct 20 04:38:53 +0000 2017,"Norton keeps telling me about all these vulnerabilities it's blocking, for Allah's sake who's tryna access my computer 🤨",1873010,NortonSupport,Fri Oct 20 04:40:27 +0000 2017,"@559268 Sorry about that, Rawan. Could you tell us what exactly happened? We can help you fix that! -Harini",1873009
1873688,559414,Fri Oct 20 07:48:18 +0000 2017,"@132897 Please can you advise how I contact someone at Norton via email? I've tried to chat a few times, but it's not working.",1873687,NortonSupport,Fri Oct 20 07:52:15 +0000 2017,"@559414 Sorry for the trouble, Anita. We do not have an email support. Please send us a DM, we'll help! -Harini (cc: @132897) https://t.co/K1tHrA9w85",
1879112,337821,Sat Oct 21 08:57:49 +0000 2017,Unless my maths brain hasn’t woken up yet. The discounts offered give no incentive to sign up for 2 years @21694. It’s more expensive 💻 https://t.co/7OOvPQfpy8,1879111,NortonSupport,Sat Oct 21 09:02:30 +0000 2017,"@337821 Sorry Ryan, there is a 50% discount on 1 year and 37% on 2, that is why you see a higher price on 2 year subscription. -raj (cc: @21694)",
1880666,561281,Sat Oct 21 16:19:48 +0000 2017,@NortonSupport What exactly is the issue/concern with running Windows 10 periodic scanning in addition to Norton?,1880665,NortonSupport,Sat Oct 21 16:31:21 +0000 2017,@561281 Hi James! Please check https://t.co/HMKmus94qU to know more about Norton and Windows Defender Periodic can compatibility. - Charlie,
1881950,561611,Sat Oct 21 18:33:06 +0000 2017,Also my laptop is running at a snail's pace today. Ever since I installed Norton. Silly me.,1881949,NortonSupport,Sat Oct 21 18:35:24 +0000 2017,@561611 Sorry to hear that! May I know the name of Norton program you are using? Please send us a DM with more details. We can check. - Charlie https://t.co/K1tHrA9w85,
1882982,561932,Fri Oct 20 13:16:32 +0000 2017,ノートンさんよぉ…危険だからって勝手に消すのやめろよマジで…,1882981,NortonSupport,Mon Oct 23 01:07:06 +0000 2017,"@561932 ご不便をおかけしております。
ノートンに削除されたファイルは、以下の方法で復元できます。
その際、次回以降のスキャンから除外する設定もしていただけます。-hide

誤ってセキュリティリスクであると識別されたファイルを復元する
https://t.co/sVjGvSHSIJ",
1889998,422969,Sun Oct 22 15:12:36 +0000 2017,@132897 Why can’t I establish a PIN for #IDSafe? It’s been weeks and I always get the same error. https://t.co/PP73TeqJkm,1889997,NortonSupport,Sun Oct 22 15:16:03 +0000 2017,@422969 Sorry for the trouble. We would like to collect more details about this error. Please send us a DM.We can check.-Charlie(cc: @132897),
1894886,121868,Tue Oct 24 09:29:24 +0000 2017,"@NortonSupport
Useless info! Asked how I confirm AV Auto Renewal status. Told if I can't see Auto Renewal status in my account it's off!",1894885,NortonSupport,Tue Oct 24 09:31:32 +0000 2017,@121868 Sorry about the confusion Tim. Could you send us a DM with your email address? We can check this for you. -raj https://t.co/K1tHrA9w85,
1899323,566044,Mon Oct 30 23:35:16 +0000 2017,何が辛いってノートンにエグゼファイル消されることだよね…初めてエロゲが引っかかったわ,1899322,NortonSupport,Tue Oct 31 02:10:39 +0000 2017,"@566044 ご不便をおかけしております。
ノートンに削除されたファイルは、履歴画面から復元できます。
その際、次回以降のスキャンからの除外設定もしていただけます。-hide

誤ってセキュリティリスクであると識別されたファイルを復元する
https://t.co/sVjGvSHSIJ",
1899944,566209,Mon Oct 23 20:44:38 +0000 2017,"@NortonSupport Hi, Is @47275 Legit? there are spelling mistakes on their account.",1899943,NortonSupport,Mon Oct 23 21:08:45 +0000 2017,"@566209 Hi, Please ignore the account as it is impersonating Norton Support. We will go ahead and report the same to our concerned team -Dinesh",
1901297,566606,Tue Oct 31 04:36:12 +0000 2017,ノートンにゲームの実行ファイルをことごとく消されてめっちゃキレながらアンインストールした,1901296,NortonSupport,Tue Oct 31 05:14:59 +0000 2017,"@566606 ご不便をおかけしております。
ノートンに削除されたファイルは、以下の方法で、履歴画面から復元していただけます。

誤ってセキュリティリスクであると識別されたファイルを復元する
https://t.co/sVjGvSHSIJ",
1901299,556654,Tue Oct 31 04:00:23 +0000 2017,@NortonSupport そういうことです…,1901298,NortonSupport,Tue Oct 31 05:12:43 +0000 2017,"@556654 申し訳ございません。その場合、以下の、該当ファイルのスキャンからの除外設定をしたうえで
インストールしていただくのがいいかと思われます。
https://t.co/gomXNw0MUy",
1901299,556654,Tue Oct 31 04:00:23 +0000 2017,@NortonSupport そういうことです…,1901300,NortonSupport,Tue Oct 31 05:13:07 +0000 2017,@556654 「スキャンから除外」「自動保護、SONAR、ダウンロードインテリジェンスの検出から除外」両方での設定をお願いいたします。,2643952
1901302,556654,Mon Oct 30 17:08:52 +0000 2017,削除されたファイルどうやっても復元できませんノートン先生。,1901301,NortonSupport,Tue Oct 31 01:40:16 +0000 2017,"@556654 履歴を見ても「復元する」の表示がない、
「オプション」「その他のオプション」を開いても、復元の案内が出てこない、ということでしょうか。",1901299
1901304,566607,Tue Oct 31 03:52:33 +0000 2017,ノートン先生に排除されるクラウン先生,1901303,NortonSupport,Tue Oct 31 05:07:05 +0000 2017,"@566607 突然失礼いたします。
ノートンに削除されたファイルは、履歴画面から復元できます。
その際、次回以降のスキャンからの除外設定もしていただけます。-hide

誤ってセキュリティリスクであると識別されたファイルを復元する
https://t.co/sVjGvSHSIJ",
1904299,567487,Tue Oct 24 11:15:25 +0000 2017,@132897 Bonjour je peux savoir pourquoi Norton défragmente mon SSD quand je ne suis pas sur mon PC ? Et comment désactiver ceci ?!,1904298,NortonSupport,Wed Oct 25 07:44:01 +0000 2017,"@567487 Bonjour Nicolas,

Si vous m'envoyez un MP afin que je vous fournisse les coordonnées de notre support technique afin de vous assister. Merci",
1909066,395179,Tue Oct 24 18:33:35 +0000 2017,Any sensible company out there want to offer me #antivirus software? Had it with @132897 after all these years,1909065,NortonSupport,Tue Oct 24 18:41:49 +0000 2017,@395179 We sure can do our best to make your experience better with us. Could you please let us know what has happened? We can check. -Karthik https://t.co/K1tHrA9w85,
1911940,569536,Thu Oct 26 17:10:00 +0000 2017,I need help . I get error messages about the firewall with Norton in #QuickBooks 2016. How can i fix this issue? https://t.co/7gY0FDV3LV,1911939,NortonSupport,Thu Oct 26 17:31:48 +0000 2017,@569536 Sorry about that! Are you seeing any message from Norton Firewall? Please send us a DM with more details. We can check. - Charlie,
191380,160986,Mon Oct 02 09:09:28 +0000 2017,@NortonSupport 更新を押しても、「最新です」と出るまで、更新し続けないといけないですか？,191382,NortonSupport,Mon Oct 02 09:25:49 +0000 2017,"@160986 削除ツールは、削除のみを選択し再インストールをしない操作が可能です。
削除後、ノートンアカウントからダウンロードしていただければ、うまくいくはずです。
アップデートにつきましては、最新の状態に保たれることを推奨しております。",191383
191381,160986,Sat Sep 23 12:04:07 +0000 2017,とりあえずノートンがプロダクトコード使えない問題と、アップデートが最新と言いつつ全く最新でない問題。,191394,NortonSupport,Mon Oct 02 08:55:59 +0000 2017,"@160986 再インストールですが、ノートンセキュリティの体験版を専用の削除ツールで削除し、
その後、ノートンアカウントにログインし、ノートンアカウントからダウンロード、インストールした、
ということでよろしいでしょうか。",613285
191381,160986,Sat Sep 23 12:04:07 +0000 2017,とりあえずノートンがプロダクトコード使えない問題と、アップデートが最新と言いつつ全く最新でない問題。,191379,NortonSupport,Mon Oct 02 08:53:21 +0000 2017,"@160986 お待たせして申し訳ございません。
まずアップデートですが、トップ画面には最新と出ていても、
ライブアップデートをクリックすると更新が始まる、ということは起こりえます。",191380
191383,160986,Mon Oct 02 10:51:06 +0000 2017,"@NortonSupport 一度ツールで設定変えて削除して再起動？した後、ブラウザからマイノートンへ行き、ダウンロードということでしょうか。

アップデートは、更新無しが出なくなるまでは、何回でもし続けるべきということですね。",191384,NortonSupport,Tue Oct 03 01:38:30 +0000 2017,"@160986 ご認識のとおりです。
削除ツールを使う最初に「削除のみ」を選択し、
削除後、インストールするかどうかを聞いてくるので、そこで「しない」を選択します。
その後にマイノートンからダウンロードです。","191385,191386"
191386,160986,Wed Oct 11 13:36:10 +0000 2017,@NortonSupport ノートンインターネットセキュリティを入れ直して、Google拡張機能も入れ直したのですが、ノートンセキュリティツールバーが破損してると表示され、修復を押しても一度消して入れ直しても一時的には表記が戻りますが、別タブを開くとまた破損状態になります。,191388,NortonSupport,Thu Oct 12 00:15:38 +0000 2017,"@160986 Google Chromeで拡張機能が破損している、というメッセージが表示されたということでしょうか。
それでしたら、まずはChromeのほうのヘルプを参照していただけますでしょうか。",191389
191389,160986,Sun Oct 15 13:02:57 +0000 2017,"@NortonSupport ノートンの拡張機能全て一度消し、ノートンをアップデートした後に、入れ直したノートン拡張機能を四つとも許可したところ表示されました。

別件
以前はツールーバーとIDセーフのみ許可して表示されてたのですが、今は四つとも許可して初めて表示される仕様なのでしょうか？",191390,NortonSupport,Mon Oct 16 07:47:28 +0000 2017,"@160986 こちらの環境でChromeを入れ直してみたのですが、
ツールバーとセーフサーチのみ有効にし、IDセーフはまだ有効にしていませんが、
Chromeでは2つとも表示されております。","191391,191392"
191392,160986,Tue Oct 17 15:14:57 +0000 2017,"@NortonSupport 更に全て有効にしてても、クローム起動した最初のタブだと表示されないときあります。
新しくタブ開くと、そちらはツールバー最初から表示される",191393,NortonSupport,Wed Oct 18 04:45:33 +0000 2017,"@160986 おそらく、一時的な事象であると思われます。
ノートンのアップデート、Chromeの再起動、PCの再起動等で
様子を見ていただけますでしょうか。",
1918872,571439,Wed Oct 18 14:01:00 +0000 2017,@NortonSupport how do I know which product I have? basic or premium?,1918871,NortonSupport,Wed Oct 18 14:05:20 +0000 2017,"@571439 Hi, Jay! You can login to your Norton account from https://t.co/dWGfkhD3le to know the details. -Steffi",
1920258,358541,Thu Oct 26 15:17:32 +0000 2017,@132897 why should I pay for the new Krack protection? Why can’t you just add it to my account?,1920257,NortonSupport,Thu Oct 26 15:37:28 +0000 2017,@358541 Hi There! We would like to collect more details about your subscription. Please send us a DM. We can check. - Charlie (cc: @132897) https://t.co/K1tHrA9w85,
1921053,571883,Thu Oct 26 23:25:05 +0000 2017,"#Symantec, what is your problem? I can't order on your website, and your sales # rings and rings, and then cuts me off. Need another vendor.",1921052,NortonSupport,Thu Oct 26 23:30:20 +0000 2017,"@571883 Hi, John. W are sorry for the inconvenience. Which program are you trying to buy? Please let me know and I can look into it -Anirban",
1924548,572855,Fri Oct 27 12:30:55 +0000 2017,.@NortonSupport Thank you for your quick response. I can always count your great support and problem solving skills.,1924547,NortonSupport,Fri Oct 27 12:39:37 +0000 2017,@572855 Thanks for the shout out! Feel free to reach us out anytime when you need any with Norton subscription. Happy to help. - Charlie,
1926006,573229,Thu Nov 09 08:10:34 +0000 2017,"@NortonSupport It's happened twice in the last couple of days. Direct from my Norton 360 icon, ""today it read you are no longer protected"". https://t.co/n5xWXQl2fy",1926005,NortonSupport,Thu Nov 09 08:16:10 +0000 2017,"@573229 Sorry, we need to get more info, can you please send us a direct message? -Praveen",
1926114,573229,Thu Nov 09 08:05:06 +0000 2017,"@132897 Why am I receiving notifications from my direct Norton 360 icon to RENEW NOW, when I have automatic renewal and my subscription doesn't expire for another 2 months?",1926113,NortonSupport,Thu Nov 09 08:08:12 +0000 2017,"@573229 Sorry for the trouble. Can you please send us the screenshot of the pop-up, we'll check that for you. -Praveen (cc: @132897)",
1931556,574796,Sat Oct 28 14:50:19 +0000 2017,some malware infected my pc that causes adblocks and pop-up blockers not work but the irony is pop-ups leading me to @132897  🤔🤔🤔🤔🤔🤔🤔🤔,1931555,NortonSupport,Sat Oct 28 14:53:53 +0000 2017,@574796 Sorry about that! What makes you feel that your device is infected and could you please share a screenshot?  -Steffi (cc: @132897),
1936314,576077,Tue Oct 31 14:15:33 +0000 2017,アプデしようとしてもノートンがファイル排除してくる,1936313,NortonSupport,Wed Nov 01 02:33:14 +0000 2017,"@576077 突然失礼いたします。
ノートンに削除されたファイルは、履歴画面から復元できます。
その際、次回以降のスキャンからの除外設定もしていただけます。-hide

誤ってセキュリティリスクであると識別されたファイルを復元する
https://t.co/sVjGvSHSIJ",
1936316,576078,Tue Oct 31 12:43:21 +0000 2017,@NortonSupport お教えいただきありがとうございます、と言いたいところなのですが、この通りにやっても検疫の中には出てこず、最近の履歴で重大度中で「ダウンロードインサイトによって検出されました」と出ます。オプションからは「復元して除外」が出来ない状態なのです。除外だけ。,1936315,NortonSupport,Wed Nov 01 01:52:14 +0000 2017,"@576078 もし、おっしゃっている削除履歴が該当ファイルのものではない、という場合、
表示を「スキャン結果」「解決したセキュリティリスク」「SONAR活動」にして
探してみていただけますでしょうか。
履歴自体は見つけたもので間違いない、という場合、除外設定だけになります、申し訳ございません",
1936318,576078,Mon Oct 30 11:12:42 +0000 2017,OpenTweenの新しいのがノートン先生のおかげで使えない,1936317,NortonSupport,Tue Oct 31 01:51:04 +0000 2017,"@576078 突然失礼いたします。
もし該当ファイルをノートンが削除した場合、以下の要領で復元できます。
その際、次回以降スキャンから除外する設定もしていただけます。

誤ってセキュリティリスクであると識別されたファイルを復元する
https://t.co/sVjGvSHSIJ",1936316
1939371,576887,Sat Oct 28 06:39:00 +0000 2017,"Thank you for your swift answer. I myself am not a stranger on the interwebs, but some people are. Some of these people rely on you and your internet security apps to shield them. it was a bit discouraging to see this popup from your app 3 weeks late. https://t.co/kBxdGQNWzT",1939370,NortonSupport,Sat Oct 28 06:41:27 +0000 2017,@576887 I do understand your concern. I am not sure why it took 3 weeks. Do let me know if you need any help. I am more than happy to help. :) -raj,
1939380,576887,Sat Oct 28 06:15:00 +0000 2017,"o rly, KRACK is a thing? anyone who doesn't live behind an ice block in antarctica knows about KRACK now. FCKN UPDATE YOUR SHIT! INFORM THE PEOPLE WHO PAY MONEY FOR YOUR SERVICES! https://t.co/YZMn5ut34S",1939381,NortonSupport,Sat Oct 28 06:28:26 +0000 2017,"@576887 I totally understand your frustration. We have sent notification about this 2 weeks back. Also, this is related to a vulnerability (cont)",
1939380,576887,Sat Oct 28 06:15:00 +0000 2017,"o rly, KRACK is a thing? anyone who doesn't live behind an ice block in antarctica knows about KRACK now. FCKN UPDATE YOUR SHIT! INFORM THE PEOPLE WHO PAY MONEY FOR YOUR SERVICES! https://t.co/YZMn5ut34S",1939382,NortonSupport,Sat Oct 28 06:29:54 +0000 2017,@576887 of protection against this vulnerability: https://t.co/hSLryjQ2Kn Let me know if you need any further help. -raj (cc: @132897),
1939380,576887,Sat Oct 28 06:15:00 +0000 2017,"o rly, KRACK is a thing? anyone who doesn't live behind an ice block in antarctica knows about KRACK now. FCKN UPDATE YOUR SHIT! INFORM THE PEOPLE WHO PAY MONEY FOR YOUR SERVICES! https://t.co/YZMn5ut34S",1939379,NortonSupport,Sat Oct 28 06:29:22 +0000 2017,@576887 on public WiFi connections. Kindly check the following link for more details and you can get Norton Wi-Fi Privacy as a extra layer (cont),
1940064,480777,Wed Nov 01 06:47:08 +0000 2017,あーもう何故wavetoneを使わせないノートン,1940063,NortonSupport,Wed Nov 01 06:55:19 +0000 2017,"@480777 先日、復元と除外設定についてご案内させていただきましたが
それでもまだwavetoneが使えない、ということでしょうか。

誤ってセキュリティリスクであると識別されたファイルを復元する
https://t.co/sVjGvSHSIJ",
1943677,577874,Mon Oct 30 01:39:16 +0000 2017,"@NortonSupport Norton Core died 2 wks ago, Support said would contact in 24-48 hrs. Have heard nothing.",1943676,NortonSupport,Mon Oct 30 01:45:56 +0000 2017,@577874 I would like to apologize for the experience you had. Could you send us a direct message? I could collect a few details and help -Anirban https://t.co/K1tHrA9w85,
194476,161716,Wed Oct 04 17:12:21 +0000 2017,@NortonSupport Thanks I've dm'ed you,194478,NortonSupport,Wed Oct 04 17:29:59 +0000 2017,@161716 I have replied to your DM. - Charlie,
194477,161716,Wed Oct 04 16:55:44 +0000 2017,"@NortonSupport Hi, My mum has had £50 come out of her acc from you, she has not ever given details, what's the best email add? please",194475,NortonSupport,Wed Oct 04 16:58:27 +0000 2017,@161716 Hi There! We do not have email support. Please send us a DM here. We can help. - Charlie,194476
194481,161717,Tue Oct 03 21:15:25 +0000 2017,@NortonSupport @132897 Can you give me an email to send to pls. I can't DM if you don't follow me. And am not my details in public!,194482,NortonSupport,Tue Oct 03 21:18:42 +0000 2017,@161717 We do not have an email support as such. You can DM us here -Anirban https://t.co/K1tHrA9w85,
194481,161717,Tue Oct 03 21:15:25 +0000 2017,@NortonSupport @132897 Can you give me an email to send to pls. I can't DM if you don't follow me. And am not my details in public!,194479,NortonSupport,Wed Oct 04 09:36:42 +0000 2017,@161717 @132897 so that I will be able to send you the details. -raj,194480
194481,161717,Tue Oct 03 21:15:25 +0000 2017,@NortonSupport @132897 Can you give me an email to send to pls. I can't DM if you don't follow me. And am not my details in public!,194483,NortonSupport,Wed Oct 04 09:36:21 +0000 2017,"@161717 @132897 Thank you for sending us the details. I was not able to reply to your DM as you are not following us. Could you follow us, (cont)",
194485,161717,Mon Oct 02 20:04:06 +0000 2017,"@132897 Email says sub due 1/11. In small print, taking £ today. £69.99 gone. Same product in PCWorld is £22.99. Crooks! @161718",194484,NortonSupport,Tue Oct 03 07:45:37 +0000 2017,"@161717 Sorry about the delay. Send us a DM with the details, we can check this for you. -raj (cc: @132897)",194481
194486,161718,Tue Oct 03 07:41:12 +0000 2017,"@161717 @132897 Try tweeting @NortonSupport, they may be able to help. Otherwise contact our advice team on 03454 040506. Sasha",194676,NortonSupport,Tue Oct 03 07:47:30 +0000 2017,@161718 Thank you for bringing this to our notice. We have reached out to @161717 offering help. -raj,
194488,161719,Wed Oct 04 07:21:19 +0000 2017,"@NortonSupport 
できました。ありがとうございました。",194487,NortonSupport,Wed Oct 04 07:30:18 +0000 2017,"@161719 それはよかったです。
ご連絡、ありがとうございます。",
194490,161719,Tue Oct 03 13:06:55 +0000 2017,AEのElement 3DのプラグインがNortonに消されるからうざすぎて萎えた,194489,NortonSupport,Wed Oct 04 01:40:49 +0000 2017,"@161719 突然失礼いたします。
除外設定してもノートンがファイルを削除する、とのことですが、
設定→ウイルス対策→スキャンとリスク、の
スキャンから除外、自動保護、SONAR、ダウンロードインテリジェンスの検出から除外、の両方を設定いただきましたでしょうか。-hide",194488
194492,161720,Wed Oct 04 02:14:58 +0000 2017,@NortonSupport i have a case number and cannot get through by phone to norton core support,194494,NortonSupport,Sat Oct 07 08:03:37 +0000 2017,@161720 could be of any further assistance. Glad to help. -Prasanna (2/2),
194492,161720,Wed Oct 04 02:14:58 +0000 2017,@NortonSupport i have a case number and cannot get through by phone to norton core support,194493,NortonSupport,Wed Oct 04 06:43:19 +0000 2017,"@161720 Hi Tess, we are very sorry that you’ve been unsuccessful in reaching someone at Norton Support. (1/2)",
194492,161720,Wed Oct 04 02:14:58 +0000 2017,@NortonSupport i have a case number and cannot get through by phone to norton core support,194491,NortonSupport,Wed Oct 04 06:43:33 +0000 2017,"@161720 If you could DM the case number, we will have someone contact you and help you out! -Prasanna (2/2)",
194492,161720,Wed Oct 04 02:14:58 +0000 2017,@NortonSupport i have a case number and cannot get through by phone to norton core support,194495,NortonSupport,Sat Oct 07 08:03:19 +0000 2017,"@161720 Hi Tess, We would like to follow up to see if you were able to reach our Norton Support team. Do let us know if we (1/2)",
194499,161721,Wed Oct 04 05:53:07 +0000 2017,"@NortonSupport なぜそれでもノートンを使うか分かりますか？
信用なんてしてませんよ？
本年５月、一年分の使用料金を自動引き落としですでに支払っているので「仕方なく」使うんです。
来年の更新時期になったら間違いなく解約して別のセキュリティーソフトを使います。",194496,NortonSupport,Wed Oct 04 06:17:59 +0000 2017,"@161721 次回、同じ状況に遭遇した際は、
以下の要領で、ノートンのファイアウォールでChromeの通信を許可していだたけますでしょうか。-hide
https://t.co/XsigZD7gL6","194497,194498"
194502,161721,Wed Oct 04 02:34:04 +0000 2017,"@NortonSupport Chromeとの通信を遮断されている状態でした。
Chromeをアンインストールして、再度ダウンロードしようとすると、ダウンロード画面すら遮断して通信できない状態になっていました。",194500,NortonSupport,Wed Oct 04 03:31:50 +0000 2017,"@161721 ありがとうございます。
ノートンがChromeをブロックする現象は、現在も続いていますでしょうか。","194499,194501"
194504,161721,Tue Oct 03 10:04:22 +0000 2017,"@NortonSupport ファイアウォールをオフにしてもクロームをインストール出来ないので、復元も除外も出来ませんでした。
さらに、先日パソコンを初期化したので以前の状態には戻りません。",194503,NortonSupport,Wed Oct 04 02:19:26 +0000 2017,"@161721 ご連絡、ありがとうございます。
PCにDLされたChromeをノートンが削除していたのでしょうか。
それとも、Chromeとの通信をノートンがブロックしていたのでしょうか。",194502
194506,161721,Tue Oct 03 09:40:40 +0000 2017,@NortonSupport @161722 画像をご覧いただければお分かりいただけるかと思います。,194505,NortonSupport,Tue Oct 03 09:47:10 +0000 2017,@161721 復元および除外設定は可能でしょうか,194504
194508,161722,Tue Oct 03 05:12:11 +0000 2017,@NortonSupport 私はノートンを問題なく使えていますが、フォロワーさんのノートンがChromeをウィルス扱いして弾いてしまうようです,194507,NortonSupport,Tue Oct 03 05:25:12 +0000 2017,"@161722 ご連絡、ありがとうございます。
よろしければ、その方に、このアカウント、またはノートンサポートセンター(https://t.co/wPqrUv2KEr)まで
お問い合わせいただくようお伝えいただければ幸いです。",194506
194510,161722,Sun Oct 01 12:49:31 +0000 2017,@161723 @161721 わたしもノートンさんだけどクロームさんはスルーされてます(&gt;_&lt;),194509,NortonSupport,Tue Oct 03 03:51:23 +0000 2017,"@161722 突然失礼いたします。
ノートンがChromeをスルーするとは、具体的にどのような現象でしょうか。
ちなみにノートンのブラウザ拡張機能は、Chromeでもお使いいただけます。-hide",194508
194514,161724,Wed Oct 04 05:45:30 +0000 2017,@NortonSupport 助かったぞ。生きろNorton。。,194513,NortonSupport,Wed Oct 04 06:10:35 +0000 2017,@161724 それはよかったです！,
194516,161724,Mon Oct 02 08:16:27 +0000 2017,なんかBattleEyeのシステムがNortonに撲滅されてパブジー開けなくなった。Norton死ね,194515,NortonSupport,Tue Oct 03 05:03:27 +0000 2017,"@161724 ご不便をおかけしております。
ノートンに削除されたファイルは、履歴画面から、以下の方法で復元できます。-hide

誤ってセキュリティリスクであると識別されたファイルを復元する
https://t.co/sVjGvSHSIJ",194514
194518,161725,Wed Oct 04 05:50:54 +0000 2017,"@NortonSupport ご返信ありがとうございます。
通常の日本語版で問題ないこと了解しました。",194521,NortonSupport,Wed Oct 04 06:25:03 +0000 2017,"@161725 ご連絡、ありがとうございます。
これからも、疑問、不具合等ございましたら、
当アカウントまたはサポートセンター(https://t.co/wPqrUv2KEr)までお気軽にお問い合わせください。-hide",
194519,161725,Thu Oct 05 00:25:16 +0000 2017,"@NortonSupport すみません。追加の質問です。
DL版購入が難しく店舗でのパッケージ版となりますが、英語版OSに関しては同じですか？",194522,NortonSupport,Thu Oct 05 00:59:50 +0000 2017,"@161725 はい、同じです。
ただし、インストール後のアクティブ化は、日本版を購入された場合、日本国内からのアクセスで行う必要がございます。゛",
194520,161725,Wed Oct 04 04:11:44 +0000 2017,@NortonSupport   Windows OSが英語版の場合、英語版対応パッケージなどを購入するのでしょうか。,194517,NortonSupport,Wed Oct 04 05:09:17 +0000 2017,"@161725 お問い合わせありがとうございます。
日本からアクセスしNortonをDLする場合、日本語版がDLされますが
OSが英語版でNortonと言語が異なっていても、問題なく動作します。","194518,194519"
194528,161727,Wed Oct 04 02:20:11 +0000 2017,"@12119 fyi to remove your website from ""dangerous"" on Norton AntiVirus https://t.co/sqetwE1Kfc",194527,NortonSupport,Wed Oct 04 02:24:48 +0000 2017,@161727 You're welcome! You can tweet us anytime if you need any help with Norton. -Praveen,
194621,161749,Wed Oct 04 01:59:23 +0000 2017,@NortonSupport Refer to case 32679440,194622,NortonSupport,Wed Oct 04 02:08:50 +0000 2017,@161749 Please go to your Phone settings&gt; App manager&gt; Norton Wi-Fi Privacy&gt; Clear data and cache&gt; restart your phone (1/2),
194621,161749,Wed Oct 04 01:59:23 +0000 2017,@NortonSupport Refer to case 32679440,194620,NortonSupport,Wed Oct 04 02:09:00 +0000 2017,@161749 and open Norton and sign back in to see if that helped. -Prasanna,
194625,161749,Wed Oct 04 01:48:58 +0000 2017,@NortonSupport The Auto connect and enable warnings is not working on 8 like it was on 7.1.2 .  (2/2),194623,NortonSupport,Wed Oct 04 01:55:11 +0000 2017,@161749 Is it happening on a particular public WiFi network or it's happening on every public network? -Prasanna,"194621,194624"
194630,161750,Tue Oct 03 14:35:08 +0000 2017,MHFの入ってるファイルは触るなって何度も言ってるのに、ウイルスあるで！！って言ってくるノートン先生はアホなのか？,194628,NortonSupport,Wed Oct 04 01:49:22 +0000 2017,"@161750 ご不便をおかけしております。
該当ファイルについて、除外設定をしているのに、ノートンが相変わらず削除してくる、ということでしょうか。-hide",194629
194632,161751,Tue Oct 03 10:08:05 +0000 2017,ノートンサポートさん、ありがとうございました。,194631,NortonSupport,Wed Oct 04 01:26:24 +0000 2017,"@161751 こちらこそ、ご連絡、ありがとうございました。
今後とも、ノートンをよろしくお願いいたします。-hide",
194634,161752,Tue Oct 03 22:12:48 +0000 2017,"From the help of Norton, my computer is clean now, I can do a stream today but that does mean I can't upload today, That means I skip a day",194633,NortonSupport,Tue Oct 03 22:32:15 +0000 2017,@161752 Glad it is fixed. Let us know if you need any assistance with Norton going forward -Anirban,
194636,161753,Tue Oct 03 21:57:21 +0000 2017,@161754 guys installed norton to save my pc why do i have more viruses,194635,NortonSupport,Tue Oct 03 22:00:57 +0000 2017,"@161753 Hi, let us know if you need any assistance with Norton -Anirban",
194640,161752,Tue Oct 03 21:47:25 +0000 2017,"@NortonSupport Well so far it gives me a Error 8504, 104 and it also shows all my stuff I downloaded and one of them might of been a virus",194638,NortonSupport,Tue Oct 03 21:50:31 +0000 2017,@161752 Restart the computer and then run a scan from https://t.co/bM2ojd1vgT -Anirban,194639
194642,161752,Tue Oct 03 21:42:46 +0000 2017,My norton security does detect that something is wrong and I might know how that happened,194641,NortonSupport,Tue Oct 03 21:44:05 +0000 2017,"@161752 Hi, let us know if you need any assistance with Norton -Anirban",194640
194644,149064,Thu Oct 12 11:56:59 +0000 2017,@NortonSupport Still getting Error where Norton has Stopped...,194646,NortonSupport,Thu Oct 12 12:01:55 +0000 2017,"@149064 Please provide a screenshot of that error, we will look into this for you! -Harini",
194645,149064,Tue Oct 03 16:55:53 +0000 2017,"@NortonSupport Leave it with me, will get back to you.",194643,NortonSupport,Tue Oct 03 16:58:38 +0000 2017,@149064 Alright! Feel free to reach us out if you need any help with Norton in the future. -Steffi,194644
194648,149064,Fri Sep 29 16:38:36 +0000 2017,@NortonSupport Version Number: 3.22.0.3322.,194647,NortonSupport,Sat Sep 30 00:16:28 +0000 2017,@149064 recent automatic updates? Please run Live update' from 'App Settings' then check 'Activity Log' and let us know about the status. -Karthik,194645
194648,149064,Fri Sep 29 16:38:36 +0000 2017,@NortonSupport Version Number: 3.22.0.3322.,194649,NortonSupport,Tue Oct 03 01:16:36 +0000 2017,@149064 Hi there! We're just following up to see if you still need any help with your Norton. Let us know if you still have any concern. -Prasanna,246916
194651,149064,Fri Sep 29 16:06:05 +0000 2017,"@NortonSupport I just Installed New Version, however, getting Error Message saying Norton has Stopped Responding; seems to Respond again after 5minutes...",194650,NortonSupport,Fri Sep 29 16:13:04 +0000 2017,@149064 We would like to collect more details to check with our concerned team. Could you please share a screenshot of the version? -Karthik,194648
194653,149064,Thu Sep 28 22:36:51 +0000 2017,@NortonSupport Hello!  Already using the Latest Version.  Thanks!,194652,NortonSupport,Thu Sep 28 22:42:08 +0000 2017,@149064 Could you please provide us the updated version details? -Karthik,194651
194655,149064,Mon Sep 25 00:42:23 +0000 2017,@NortonSupport Have you heard back from the team yet?,194654,NortonSupport,Thu Sep 28 14:53:41 +0000 2017,@149064 Hi there! Did you get a chance to update the app? -Abilash,194653
194657,149064,Thu Sep 21 19:31:41 +0000 2017,@NortonSupport Dragon Touch andd Model Number is: Y88X Plus.,194656,NortonSupport,Thu Sep 21 19:42:29 +0000 2017,@149064 Thank you for sharing the details. We will check this with the concerned team will get back to you with an update. - Charlie,194655
194659,149064,Tue Sep 19 01:48:55 +0000 2017,"@NortonSupport I know this already, but it doesn't Run automatically as already explained - and this has been happening for a few months now...",194658,NortonSupport,Tue Sep 19 01:55:16 +0000 2017,@149064 Did you try to remove and reinstall it the application? May I have the make and model of your mobile? -Prasanna,194657
194661,149064,Tue Sep 19 01:38:35 +0000 2017,@NortonSupport Is there any reason why you're asking me to wait longer when I know this is a fault with the product?,194660,NortonSupport,Tue Sep 19 01:46:01 +0000 2017,@149064 It's because Norton Mobile Security runs LiveUpdate automatically at predefined intervals. Please wait for couple of days and see (1/2),194659
194663,149064,Tue Sep 19 01:21:05 +0000 2017,@NortonSupport It's not even downloading updates automatically; it's not downloading anything un-less LiveUpdate is Run as Manually.,194662,NortonSupport,Tue Sep 19 01:25:06 +0000 2017,@149064 updated date with the date that we sent updates and investigate this further. -Prasanna (2/2),194661
194665,149064,Tue Sep 19 01:12:28 +0000 2017,"@NortonSupport I just did a Manual Update, but this has been happening for months where it doesn't Auto.-Update.",194664,NortonSupport,Tue Sep 19 01:16:37 +0000 2017,@149064 The application gets update only when we send a patch/updates. Please wait for couple of days and see if it's getting updated (1/2),194663
194667,149064,Tue Sep 19 01:05:45 +0000 2017,"@NortonSupport N.M.S. Version: 3.21.0.3302.

android Version: 4.4.2.",194666,NortonSupport,Tue Sep 19 01:09:23 +0000 2017,@149064 May I know when your Norton Mobile Security was updated? I mean the last updated date. -Prasanna,194665
194669,149064,Tue Sep 19 00:53:14 +0000 2017,@NortonSupport This is a seperate issue with a different product.,194668,NortonSupport,Tue Sep 19 00:58:39 +0000 2017,"@149064 Sorry, my bad! May I have the version of your Norton Mobile Security? Also, the version of the OS you're running. -Prasanna",194667
194671,149064,Tue Sep 19 00:44:47 +0000 2017,@NortonSupport: Norton Mobile Security does not Auto.-Run the Norton LiveUpdate. How can I repair this so it Runs Automatically?,194670,NortonSupport,Tue Sep 19 00:51:29 +0000 2017,@149064 Sorry. Re-install tool doesn't work with Norton Mobile security. It has to be manually uninstalled. Let us know if that works. -Prasanna,194669
194673,161755,Tue Oct 03 12:32:30 +0000 2017,@NortonSupport @132897 Please What is DM,194672,NortonSupport,Tue Oct 03 12:34:59 +0000 2017,"@161755 Our apologies, DM stands for direct message. You can do it by clinking on this link: https://t.co/K1tHrA9w85",
194675,161755,Wed Sep 27 17:25:48 +0000 2017,@132897 Norton LiES  security software cannot be removed,194674,NortonSupport,Wed Sep 27 17:29:59 +0000 2017,@161755 Hi There! Please send us a DM with more details if you need any help with Norton. We will look into it for you. -Charlie(cc: @132897),194673
194682,161757,Tue Oct 03 05:00:38 +0000 2017,@NortonSupport ありがとうございます,194681,NortonSupport,Tue Oct 03 05:12:43 +0000 2017,@161757 こちらこそ、ご連絡、ありがとうございます。-hide,
194684,161757,Sun Oct 01 18:51:51 +0000 2017,ノートンがvapeのファイルを脅威あつかいして消しやがった,194683,NortonSupport,Tue Oct 03 04:57:27 +0000 2017,"@161757 ノートンが削除したファイルは、以下の方法で復元できます。
その際、次回以降のスキャンから除外する設定もしていただけます。-hide

誤ってセキュリティリスクであると識別されたファイルを復元する
https://t.co/sVjGvSHSIJ",194682
194686,161758,Fri Sep 29 13:31:55 +0000 2017,ノートン君の過剰反応で今まで使ってたアプリが削除処理されて使えなくなってもうた,194687,NortonSupport,Tue Oct 03 03:02:37 +0000 2017,"@161758 お手数おかけいたします。
ファイルを復元したうえでスキャンからの除外の設定をしていただけますでしょうか。

誤ってセキュリティリスクであると識別されたファイルを復元する
https://t.co/sVjGvSHSIJ",
194686,161758,Fri Sep 29 13:31:55 +0000 2017,ノートン君の過剰反応で今まで使ってたアプリが削除処理されて使えなくなってもうた,194685,NortonSupport,Tue Oct 03 03:04:01 +0000 2017,"@161758 除外設定の方法になります。
https://t.co/gomXNw0MUy
設定の際は「スキャンから除外」「自動保護、SONAR、ダウンロードインテリジェンスの検出から除外」
両方の設定をお願いいたします。-hide",
194689,161751,Tue Oct 03 09:41:56 +0000 2017,@NortonSupport 自分で詳細設定→ファイアウォールの所を見ていろいろ触っていたのですが今日は接続遮断されることなく繋がっています。警告のポップも出ていません。数日遮断され続けたのが意味不明でした。,194693,NortonSupport,Tue Oct 03 09:44:49 +0000 2017,"@161751 了解いたしました。
今は問題ないということですね。
再度通信がブロックされた場合は、以下の操作をお試しいただければと思います。-hide
https://t.co/XkcDWtaX9W",194694
194692,161751,Fri Sep 29 10:53:15 +0000 2017,"これノートンがファイアーウォールで止めてるぽい💦
設定の仕方が分からん💦
OSのアプデに備えてアップデートしろっていうからしたらこんな事になったじゃないか💢",194688,NortonSupport,Tue Oct 03 02:58:03 +0000 2017,"@161751 ノートンサポートです。
よろしければ、現在の状態について詳しく教えていただけますか。","194689,194690,194691"
194697,161759,Tue Oct 03 02:28:03 +0000 2017,"@NortonSupport Yes, I tried that. Windows + P didn't work &amp; there is no ""Peek"" setting right-clicking the Norton icon. Peek interrupted this msg 4 times!",194698,NortonSupport,Fri Oct 06 03:16:31 +0000 2017,"@161759 Hi Tom, please let us know if you still need any help with Norton. -Praveen",194701
194697,161759,Tue Oct 03 02:28:03 +0000 2017,"@NortonSupport Yes, I tried that. Windows + P didn't work &amp; there is no ""Peek"" setting right-clicking the Norton icon. Peek interrupted this msg 4 times!",194696,NortonSupport,Tue Oct 03 02:30:35 +0000 2017,@161759 We're are really sorry the trouble. May I know the version of Norton Security installed on your device? -Prasanna,
194700,161759,Tue Oct 03 02:20:27 +0000 2017,"Norton Security Suite ""Peek"" is a real pain in the...!!!  It's like having a virus.  It just keeps popping up!!!!!!!!!!!!!!!!
@132897",194699,NortonSupport,Tue Oct 03 02:23:32 +0000 2017,@161759 Sorry. Norton Peek protects you from unsafe hyperlinks. To manage this follow the steps here https://t.co/9zABECNJA1. -Prasanna,194697
194701,161759,Fri Oct 06 04:14:17 +0000 2017,"@NortonSupport No, I was eventually able to shut Peek off. So far, so good. Thanks for checking back.",194702,NortonSupport,Fri Oct 06 04:16:05 +0000 2017,@161759 Great! You can message us here anytime if you need any help with Norton again. -Praveen,
194704,161760,Mon Oct 02 10:20:07 +0000 2017,@NortonSupport ありがとうございます！,194703,NortonSupport,Tue Oct 03 01:42:15 +0000 2017,"@161760 お問い合わせ、ありがとうございました。
今後とも、ノートンをよろしくお願いいたします。-hide",
194706,161760,Thu Sep 28 02:05:32 +0000 2017,@NortonSupportノートン　アンチウイルスを利用中で、こちらを更新するか、ノートンセキュリティプレミアムを利用するか検討中です。動作の速さは変わらないでしょうか。https://t.co/0s1L1unVsH また、主な性能の差はこちらのサイトの通りですか？,194707,NortonSupport,Mon Oct 02 05:08:15 +0000 2017,"@161760 ご返信が遅くなり申し訳ございません。
ノートンを入れるとPCの動作が遅くなる、と心配されるユーザーの方がいらっしゃいますが
最近は改善されており、最新の製品であるノートンセキュリティも
ストレスなくお使いいただけます。",1421832
194706,161760,Thu Sep 28 02:05:32 +0000 2017,@NortonSupportノートン　アンチウイルスを利用中で、こちらを更新するか、ノートンセキュリティプレミアムを利用するか検討中です。動作の速さは変わらないでしょうか。https://t.co/0s1L1unVsH また、主な性能の差はこちらのサイトの通りですか？,194705,NortonSupport,Mon Oct 02 05:09:44 +0000 2017,"@161760 性能については、お送りいただいたページの内容のとおりですが、
ノートン製品の比較は、こちらのページもご参考に。-hide
https://t.co/JWN881k8jT",194704
194709,161761,Mon Oct 02 12:46:44 +0000 2017,"@NortonSupport 返答ありがとうございます。
消されてたのはドキュメントの方だったらしく、そちらを指定したらきちんと復元されました。",194708,NortonSupport,Tue Oct 03 01:39:24 +0000 2017,"@161761 それはよかったです。
ご連絡、ありがとうございます。-hide",
194711,161761,Sun Sep 24 14:41:10 +0000 2017,"ノートンさんにオトメドメイン.exe削除されたので復元しようとしましたが、ここから先に進めません！
教えて、エロい人！ https://t.co/m4rM8wwKGz",194710,NortonSupport,Mon Oct 02 07:40:19 +0000 2017,"@161761 復元先の場所として、新しいフォルダを作成し(フォルダ名は任意で結構です)
そこに復元してみていただけますでしょうか。-hide",194709
194717,161764,Mon Oct 02 18:08:24 +0000 2017,@NortonSupport Is there currently an issue activating the serial numbers?,194716,NortonSupport,Mon Oct 02 18:11:05 +0000 2017,@161764 You can DM here https://t.co/K1tHrA9w85,
194717,161764,Mon Oct 02 18:08:24 +0000 2017,@NortonSupport Is there currently an issue activating the serial numbers?,194718,NortonSupport,Mon Oct 02 18:10:12 +0000 2017,@161764 Not really. Please DM a screenshot of what you are seeing. I can check -Anirban,
194720,161764,Mon Oct 02 17:45:28 +0000 2017,@NortonSupport The case no. Is 32718896,194722,NortonSupport,Mon Oct 02 17:58:27 +0000 2017,@161764 Looks like a call back has been arranged and you will receive a call soon. Please let us know if you do not get a call in next few hours,
194721,161764,Mon Oct 02 17:23:38 +0000 2017,"@NortonSupport Spoke to online chat over 4 hours ago -still waiting for a call so I can enter product code, can anyone help?",194719,NortonSupport,Mon Oct 02 17:37:25 +0000 2017,@161764 Hi Andy. Sorry for the trouble. Please share the case number. I can look int this for you -Anirban,"194717,194720"
194724,161765,Mon Oct 02 17:10:45 +0000 2017,"@NortonSupport I have messaged you, thanks",194727,NortonSupport,Wed Oct 11 23:09:48 +0000 2017,"@161765 Hi, just a follow-up. Have you received the refund? Let me know if you need any further assistance -Anirban",
194724,161765,Mon Oct 02 17:10:45 +0000 2017,"@NortonSupport I have messaged you, thanks",194726,NortonSupport,Mon Oct 02 17:43:22 +0000 2017,@161765 Thank you for your direct message. -Dinesh,
194725,161765,Fri Sep 29 16:04:08 +0000 2017,@NortonSupport What details do you need exactly?,194723,NortonSupport,Mon Oct 02 17:06:22 +0000 2017,@161765 Hi! Simon. Hope you're doing good. Could you send us a direct message? We could help you with that. -Dinesh,194724
194729,161765,Fri Sep 29 09:37:17 +0000 2017,"@NortonSupport hi you've taken money from my account to renew a licence but I don't want it, how do reverse this and get my money back?",194728,NortonSupport,Fri Sep 29 09:38:46 +0000 2017,"@161765 Sorry for the trouble. Can you please direct message your details, we'll check that for you? -Praveen",194725
194731,161766,Mon Oct 02 15:24:58 +0000 2017,"@NortonSupport Apologies, it’s mcafee. I was cursing you in error! Thanks for the offer",194730,NortonSupport,Mon Oct 02 15:29:14 +0000 2017,"@161766 That's OK. If you need any help with Norton in the future, we're just a tweet away - Dinesh",
194733,161766,Mon Oct 02 15:12:43 +0000 2017,FFS. Half an hour now. I’m sure it’s only having a hissy fit because my trial of shitty Norton antivirus ends today,194732,NortonSupport,Mon Oct 02 15:23:54 +0000 2017,"@161766 Hi, Do you need any help with Norton Security? Let me know I would be more than happy to assist you with that. -Dinesh",194731
194736,161767,Mon Oct 02 14:58:53 +0000 2017,"@NortonSupport In the end I got a nice discount and excellent customer service, I’ll definitely be sticking with #Norton in the future.",194735,NortonSupport,Mon Oct 02 15:21:34 +0000 2017,"@161767 Thank you for your kind words. If you need any help with Norton, we're more than happy to help. -Dinesh",
194738,161768,Mon Oct 02 13:25:24 +0000 2017,@NortonSupport I'm trying to turn off the AUTOMATIC RENEWAL button on Norton 360 but it doesn't work. Any chance of help?,194737,NortonSupport,Mon Oct 02 13:28:46 +0000 2017,"@161768 Sorry about the trouble. Send us a DM with the registered email address, we can help. :) -raj https://t.co/K1tHrA9w85",
194740,161769,Mon Oct 02 11:10:33 +0000 2017,@NortonSupport Really amazing. On my account page I've a product key and product serial number and some 180 days to run. What else do you need to find me?,194739,NortonSupport,Mon Oct 02 11:14:55 +0000 2017,@161769 Sorry about the confusion. We are able to locate the details. -raj,
194742,161769,Sun Oct 01 22:02:15 +0000 2017,@NortonSupport An earlier case number was 29387517,194741,NortonSupport,Sun Oct 01 22:08:06 +0000 2017,@161769 Found your account but there are no active subscriptions currently. Please DM the serial number from norton&gt;help&gt;about -Anirban,194740
194744,161769,Sun Oct 01 21:56:39 +0000 2017,@NortonSupport I can't believe I'm the only person with this problem &amp; the last time I raised it I was told engineers were investigating. Is it start again,194743,NortonSupport,Sun Oct 01 22:00:08 +0000 2017,@161769 I can check what exactly is happening as soon as I am able to locate your records -Anirban,194742
194746,161769,Sun Oct 01 21:16:36 +0000 2017,@NortonSupport I have raised this problem with you several times so presume you have records of these.,194745,NortonSupport,Sun Oct 01 21:19:15 +0000 2017,@161769 Do you have a case number? Where exactly did you raise your concern? -Anirban,194744
194748,161769,Sun Oct 01 21:11:23 +0000 2017,@NortonSupport Sorry I don't understand why you cannot look at the problem yourself - it is your system that is out of synchronism. Escalation is best.,194747,NortonSupport,Sun Oct 01 21:15:04 +0000 2017,@161769 We do not have any of your account details yet and hence will not be able to locate your records to look into this-Anirban,194746
194750,161769,Sun Oct 01 17:39:24 +0000 2017,@NortonSupport It just says that I've 3 devices &amp; my account says 4. Please escalate this as I've been trying to resolve this for months &amp; getting nowhere,194749,NortonSupport,Sun Oct 01 17:42:58 +0000 2017,@161769 That's strange. We would like to collect few details. Could you please send us a DM? We can look into it. -Steffi https://t.co/K1tHrA9w85,194748
194752,161769,Sun Oct 01 16:10:00 +0000 2017,@NortonSupport Don't know how to. Can't you look on the site? Stan,194751,NortonSupport,Sun Oct 01 16:16:23 +0000 2017,@161769 Could you please try accessing your Norton account from https://t.co/dWGfkhD3le and sign in with your Norton account email address? -Steffi,194750
194754,161769,Sun Oct 01 09:28:24 +0000 2017,"@NortonSupport I have asked over some months why if I go to ""more Norton"" I am told I have 3 devices protected but my account says 4. I cannot trust either",194753,NortonSupport,Sun Oct 01 09:31:32 +0000 2017,@161769 Sorry about this. Could you send us a screenshot of both these screens to look in to this further? We can help. -raj,194752
194757,161770,Mon Oct 02 07:32:10 +0000 2017,ダウンロードしたファイルをスキャンした時は問題ないと言うくせに、インストールして初回起動させるなり豹変して「やだやだ変な動きしたキモい消す！」ってなるノートン先生、信用はしてるけどフリーソフトに当たりきつすぎるよな…,194756,NortonSupport,Mon Oct 02 09:27:54 +0000 2017,"@161770 了解いたしました。
ご連絡、ありがとうございます。",
1959915,581365,Mon Oct 30 20:04:06 +0000 2017,@132897 I am seeing some odd behavior with my Norton WiFi VPN. I used to get a computer screen on my wifi icon when engaged.,1959914,NortonSupport,Mon Oct 30 20:07:39 +0000 2017,"@581365 Hi, Sorry for the trouble. Please DM us more information. I can look into this for you -Anirban(cc: @132897) https://t.co/K1tHrA9w85",
1972870,584331,Wed Oct 18 17:33:14 +0000 2017,"@132897 Your purchase/renewal turns on auto-renew and the turn-off process fails in IE, Chrome &amp; Firefox. This seems quite unethical.",1972869,NortonSupport,Wed Oct 18 17:34:58 +0000 2017,@584331 Sorry about that! Could you please send us a DM with more details? We can look into it. -Steffi (cc: @132897),
1981201,586448,Thu Nov 02 00:55:22 +0000 2017,"@NortonSupport I don't know exactly what it is, had my IT guy purge your spam. Are you a Jehovah's Witness?",1981200,NortonSupport,Thu Nov 02 15:29:38 +0000 2017,@586448 I am sorry for the trouble this may have caused. If you ever need any help with Norton. We are more than happy to assist you with it -Dinesh,
1981204,586448,Wed Nov 01 23:11:22 +0000 2017,"New Norton Core router, Hardware is great but software keeps trying to shake me down for more money and won't leave me alone.",1981203,NortonSupport,Thu Nov 02 00:01:34 +0000 2017,@586448 I apologize for any inconvenience Norton Core has caused to you. Are you talking about the Norton Core Security Plus subscription? -Anirban,1981201
1983277,377967,Wed Nov 01 21:18:18 +0000 2017,"@NortonSupport @122609 Please, friends, don't pwn my phone yet. I'm dealing with a support issue and this Spotify mix is killing it. Later. I promise.",1983276,NortonSupport,Wed Nov 01 21:28:27 +0000 2017,"@377967 Thanks, Johnnie! We would like to collect some device information to dig into this further. Do you mind sending us a DM? -Abilash https://t.co/K1tHrA9w85",
1984438,458895,Thu Nov 02 06:18:13 +0000 2017,"@NortonSupport @132897 My bank called and informed me that my account has been fraudulently access. Also, I need to scan all my devices. Which is the best product?",1984440,NortonSupport,Thu Nov 02 06:22:57 +0000 2017,@458895 Please contact your bank and do as they advise. Do send us a DM. We will help you with your Norton product! -Harini @132897 https://t.co/K1tHrA9w85,
1984438,458895,Thu Nov 02 06:18:13 +0000 2017,"@NortonSupport @132897 My bank called and informed me that my account has been fraudulently access. Also, I need to scan all my devices. Which is the best product?",1984441,NortonSupport,Sun Nov 05 08:21:26 +0000 2017,@458895 Hi Tray. We are following up to check if you still need any help with Norton. -Harini,1984442
1984439,458895,Thu Nov 02 00:53:33 +0000 2017,"Just purchased @132897 Security Deluxe for my OS devices... Hopefully, it does what I need it to do!!! #mtf",1984437,NortonSupport,Thu Nov 02 01:06:54 +0000 2017,"@458895 There is no confusion! You have made the right choice and if you need any help, we're just a tweet away. :) -Karthik (cc: @132897)",1984438
1984442,458895,Thu Nov 16 15:02:28 +0000 2017,@NortonSupport Do you all have any product that I can use to scan my iPhone?,1984443,NortonSupport,Thu Nov 16 15:11:03 +0000 2017,"@458895 Sure! Due to security limitations on iOS devices, we offer additional security features. Please refer this link https://t.co/dpwpWHg51N for more information. -Karthik","1984444,1984445,1984446,1984447"
1984443,NortonSupport,Thu Nov 16 15:11:03 +0000 2017,"@458895 Sure! Due to security limitations on iOS devices, we offer additional security features. Please refer this link https://t.co/dpwpWHg51N for more information. -Karthik",1984445,NortonSupport,Thu Nov 16 15:35:04 +0000 2017,@458895 Sorry! I am afraid the key features for iPhones are Anti-Theft and Contacts Backup only. We don't have an option to scan the device -Dinesh,
1984443,NortonSupport,Thu Nov 16 15:11:03 +0000 2017,"@458895 Sure! Due to security limitations on iOS devices, we offer additional security features. Please refer this link https://t.co/dpwpWHg51N for more information. -Karthik",1984444,NortonSupport,Thu Nov 16 16:11:20 +0000 2017,"@458895 You're welcome. If you need any help with Norton in the future, we're just a tweet away -Dinesh",
198445,162657,Fri Sep 29 10:24:52 +0000 2017,"シージ起動する
→ノートンセキュリティ反応
→ファイル消去出てくる
→消すまでフリーズ
→消す
→シージのファイルでシージクラッシュ
→泣きそう←今ここ",198444,NortonSupport,Tue Oct 03 02:53:57 +0000 2017,"@162657 突然失礼いたします。
ノートンに消されたファイルを、以下の方法で、履歴から復元してみていただけますでしょうか。-hide

誤ってセキュリティリスクであると識別されたファイルを復元する
https://t.co/sVjGvSHSIJ",
198494,162674,Mon Oct 02 08:47:51 +0000 2017,@NortonSupport 対応に関しては少々残念でしたが、製品の能力に関しては大変満足しており継続して使用していきたいと考えていますので、また何かありましたら宜しくお願い致します。,198493,NortonSupport,Mon Oct 02 08:56:45 +0000 2017,@162674 ありがとうございます。,
198496,162674,Mon Oct 02 08:34:22 +0000 2017,"@NortonSupport 問題ありません、先日こちらからチャットサポートを通じて対応していただきました。
ただ、予定時に連絡がなかったために再インストールを試行してしまい、その後の対応時に症状が出なかったため、もしまた症状が出るようであれば問い合わせ致します。",198495,NortonSupport,Mon Oct 02 08:41:09 +0000 2017,"@162674 了解いたしました。
ご迷惑をおかけして、申し訳ございませんでした。",198494
198498,162674,Tue Sep 26 10:30:15 +0000 2017,結局Symantecからなんの連絡もねぇや,198497,NortonSupport,Mon Oct 02 08:30:58 +0000 2017,"@162674 この度はご迷惑をおかけしております。
こちらから、担当のほうに申し伝え、再度連絡するようにいたしましょうか。",198496
1990260,480078,Wed Nov 01 15:05:16 +0000 2017,ノートン先生がactのプラグインとか延々と削除するんだけど・・・除外しても消しやがるぞこのヤロウ,1990259,NortonSupport,Thu Nov 02 01:29:34 +0000 2017,"@480078 ご不便をおかけしております。
こちらの除外設定をお試しいただけますでしょうか。
https://t.co/gomXNw0MUy
「スキャンから除外」「自動保護、SONAR、ダウンロードインテリジェンスの検出から除外」両方での設定をお願いいたします。",
1990262,589007,Wed Nov 01 10:42:16 +0000 2017,ラズパイをVNC接続するためにWi-Fiスキャンするソフト入れようとしたらノートンに消されるの何,1990261,NortonSupport,Thu Nov 02 01:24:28 +0000 2017,"@589007 ご不便をおかけしております。
ノートンに削除されたファイルは、履歴画面から復元できます。
その際、次回以降のスキャンからの除外設定もしていただけます。-hide

誤ってセキュリティリスクであると識別されたファイルを復元する
https://t.co/sVjGvSHSIJ",
1990991,589239,Fri Nov 03 01:12:21 +0000 2017,@61185 what antivirus do you use? I'm sick of Norton eating all my memory....,1990990,NortonSupport,Fri Nov 03 01:14:34 +0000 2017,@589239 Sorry about that! Could you please provide us the name and version of your Norton product? We can check this for you. -Karthik,
1992748,589742,Wed Oct 18 18:55:01 +0000 2017,"@132897 I uninstalled Norton but I'm afraid there are residuals,could you please help me removing them completely?",1992747,NortonSupport,Wed Oct 18 18:59:58 +0000 2017,@589742 Hi! Please try running this tool https://t.co/2znwowaQK0 to make sure Norton is removed completely. -Steffi (cc: @132897),
2001168,591745,Fri Nov 03 18:01:48 +0000 2017,"So I bought the new Norton Core router and have been using it for the past two weeks.

It has a few things that... https://t.co/IIV0OZGMK9",2001167,NortonSupport,Fri Nov 03 19:43:24 +0000 2017,@591745 Sorry! That doesn't sound right! May I know what makes you feel like Norton Core is slow? We would like a chance to make it right. -Charlie,
2011086,594696,Sat Nov 25 12:43:46 +0000 2017,@132897 get real with your product key. Finding nemo was easier than finding your product key.,2011085,NortonSupport,Sat Nov 25 12:50:01 +0000 2017,@594696 Sorry if there is been any difficulties locating the product key. Please follow instructions here https://t.co/NPOLjLrzFm to locate the product key. Let us know if that helps. - Charlie (cc: @132897),
2023738,598510,Mon Nov 20 07:05:24 +0000 2017,"@NortonSupport The tracking number for your submission is: 58165
とのことです。",2023739,NortonSupport,Tue Nov 28 00:03:36 +0000 2017,"@598510 本件、長らくお待たせしておりました。
いただいた申請は反映され、現在は、もうノートンに削除されないはずです。
アップデートでノートンを最新の状態にしたあと、ご確認いただけますでしょうか。",2023754
2023738,598510,Mon Nov 20 07:05:24 +0000 2017,"@NortonSupport The tracking number for your submission is: 58165
とのことです。",2023737,NortonSupport,Mon Nov 20 07:44:30 +0000 2017,"@598510 ありがとうございます。
進展あり次第後連絡いたします。",
2023741,598510,Fri Nov 17 03:08:28 +0000 2017,@NortonSupport 今回も提出しましたが、前回もshogiQuest-release.apkという名前で、提出したと思います。私はユーザーから報告を受けているだけなので詳細は分かりませんが、Androidでマルウェアとの警告が出るそうです。 https://t.co/sY5aePmWlN,2023742,NortonSupport,Fri Nov 17 03:46:35 +0000 2017,@598510 こちらからも、今回ご提出いただいた申告について、確認いたします。,
2023741,598510,Fri Nov 17 03:08:28 +0000 2017,@NortonSupport 今回も提出しましたが、前回もshogiQuest-release.apkという名前で、提出したと思います。私はユーザーから報告を受けているだけなので詳細は分かりませんが、Androidでマルウェアとの警告が出るそうです。 https://t.co/sY5aePmWlN,2023740,NortonSupport,Mon Nov 20 06:29:50 +0000 2017,"@598510 ちなみに、False Positiveのフォームから申告いただいた際の
Submission numberはお分かりになりますか。
DMでお送りいただいても結構です。",2023738
2023744,598510,Wed Nov 15 08:12:49 +0000 2017,@NortonSupport 以前にもここから申し立てを行って、「次のバージョンから除外する」旨の返答をもらったのですが、本当に効力があるのでしょうか？それともAndroidアプリのバージョンアップを行っているとまた引っかかってしまうのでしょうか？,2023743,NortonSupport,Thu Nov 16 04:03:34 +0000 2017,"@598510 「除外した」と回答したのであれば、少なくともその時点ではスキャンで引っかからないよう対応したはずです。
誤検知されるファイル名、誤検知する弊社ソフト名(ノートンセキュリティ/モバイルセキュリティ)
誤検知の仕方(スキャン、自動保護、SONAR等)を教えていただけますか。",2023741
2023746,598510,Mon Nov 13 14:47:50 +0000 2017,@598511 ちなみにノートンのバージョンみたいなのは新しくなってるでしょうか？次のバージョンアップで修正すると書かれていたので、もし古いままだと変わってないということもありそうなので。,2023747,NortonSupport,Tue Nov 14 09:04:02 +0000 2017,"@598510 除外設定の方法になります。
https://t.co/gomXNw0MUy
「スキャンから除外」「自動保護、SONAR、ダウンロードインテリジェンスの検出から除外」両方での設定をお願いいたします。",2393895
2023746,598510,Mon Nov 13 14:47:50 +0000 2017,@598511 ちなみにノートンのバージョンみたいなのは新しくなってるでしょうか？次のバージョンアップで修正すると書かれていたので、もし古いままだと変わってないということもありそうなので。,2023748,NortonSupport,Tue Nov 14 09:02:39 +0000 2017,"@598510 現在の検知基準のままで該当ソフトをご利用いただく方法としては、
削除されたファイルの復元、およびスキャンからの除外設定で対応いただいております。

誤ってセキュリティリスクであると識別されたファイルを復元する
https://t.co/sVjGvSHSIJ",
2023746,598510,Mon Nov 13 14:47:50 +0000 2017,@598511 ちなみにノートンのバージョンみたいなのは新しくなってるでしょうか？次のバージョンアップで修正すると書かれていたので、もし古いままだと変わってないということもありそうなので。,2023745,NortonSupport,Tue Nov 14 09:00:18 +0000 2017,"@598510 ノートンサポートです。
誤検知の件ですが、以下のページのリンク先から、該当ファイルについて
申請いただけますでしょうか。
https://t.co/usj1O0xsD1
ファイルの情報が必要な関係で、開発者・所有者の方に申請をお願いしている次第です。",2023744
2023753,598512,Sun Nov 19 20:29:44 +0000 2017,"Zo laat @132897 trouwe klanten € 79 betalen voor verlenging abonnement. Nieuwe klanten betalen € 49,99 voor zelfde pakket. No Norton for me #byebye",2023752,NortonSupport,Mon Nov 20 07:29:34 +0000 2017,"@598512 Neem contact op met Support: https://t.co/PENwUbAfYx, die kunnen je zeker helpen.",
2023754,598510,Wed Nov 29 11:26:35 +0000 2017,@NortonSupport 申請後に私のアプリを更新しているのですが、するとまた無効になってしまうのでしょうか？以前も申請して削除されたのにマルウェアと判定されると報告があり、今回2度目の申請をしたわけですが。,2023755,NortonSupport,Thu Nov 30 01:11:04 +0000 2017,"@598510 ファイル名が変わっている、または弊社のアルゴリズムが変わった、等で
そうなる可能性が全くないとは言えません。
その際は、以前ご案内した、Android側の設定で対応していただければと思います。",
2023757,598513,Mon Nov 20 06:02:23 +0000 2017,@NortonSupport なるほど……。消えたらもうどうしようもない、というわけではないんですね。教えていただきありがとうございます,2023756,NortonSupport,Mon Nov 20 06:08:04 +0000 2017,@598513 こちらこそ。ご返信ありがとうございます。-hide,
2023759,598513,Sun Nov 19 09:47:29 +0000 2017,@104615 勝手に消されるのは怖いなぁ……最近のノートンもそうなのかどうかちょっと調べてきます,2023758,NortonSupport,Mon Nov 20 05:56:04 +0000 2017,"@598513 ノートンにファイルを消された場合、履歴に削除の記録が残ります。
履歴画面からファイルの復元が可能で、特定のファイル・フォルダをスキャンから除外する設定もしていただけます。-hide",2023757
2023762,598514,Mon Nov 20 05:09:35 +0000 2017,@NortonSupport タスクトレイから終了しても消えません。,2023761,NortonSupport,Mon Nov 20 05:43:12 +0000 2017,"@598514 力技ですが、PCを再起動していただけますか。
ノートンは強制終了になりますが、動作が正常に戻ればアップデートはまた行っていただけます。",
2023766,598515,Sun Nov 19 12:55:49 +0000 2017,#Nortoncore  is this is it the same company that gave me software on my computer that encourage viruses to come to my computer I cough up $60 a year to keep be threatened by viruses by your software. This device is actually a scam people don't buy it!,2023765,NortonSupport,Mon Nov 20 05:24:20 +0000 2017,@598515 Could you please let us know what made you think that you were not protected? We'll take this chance to get it right. -Prasanna (2/2),
2023766,598515,Sun Nov 19 12:55:49 +0000 2017,#Nortoncore  is this is it the same company that gave me software on my computer that encourage viruses to come to my computer I cough up $60 a year to keep be threatened by viruses by your software. This device is actually a scam people don't buy it!,2023767,NortonSupport,Mon Nov 20 05:24:02 +0000 2017,"@598515 We're sorry about the way you felt! It's definitely shocking to see your experience that you shared. We understand how does it feel if you do not get what was promised, but we can certainly make it up for you. (1/2)",
2023770,598516,Mon Nov 20 03:57:45 +0000 2017,"@NortonSupport わざわざどうもありがとうございます。
ちなみに57.0でも危険サイトのセキュリティーによる保護はされますか？",2023768,NortonSupport,Mon Nov 20 05:23:32 +0000 2017,"@598516 ご案内したページで有効にできる機能はすべてお使いいただけます。
機能もこれまで同様です。-hide",2023769
2023772,598516,Sat Nov 18 12:04:42 +0000 2017,ノートンのアドオン使えないじゃん,2023771,NortonSupport,Mon Nov 20 03:47:19 +0000 2017,"@598516 Firefox 57.0でNorton Toolbarをご利用いただくには、
ノートンセキュリティのほうで有効に設定したうえで
Firefoxを開き、下記のサイトから新たにSecurity Toolbarをダウンロードいただけますでしょうか。-hide
https://t.co/b72MUs1ybi",2023770
2023774,598517,Tue Nov 21 13:34:38 +0000 2017,@NortonSupport 公式HPの＊や数字のリファレンスがどこに貼ってあるのかわかりづらいです。せめてリンクで飛べるようにしてほしいです。,2023776,NortonSupport,Wed Nov 22 01:20:13 +0000 2017,@598517 どこかに表示された数字をもとに、弊社サイト内で該当のコンテンツを探したい、ということでしょうか。,
2023775,598517,Sun Nov 19 03:20:32 +0000 2017,Nortonのホームページが不親切すぎてどこに書いてあるのか全く分からん・・・,2023773,NortonSupport,Mon Nov 20 05:16:55 +0000 2017,"@598517 ノートンサポートです。
何かお困りでしょうか。",2023774
203612,164182,Wed Oct 04 23:58:37 +0000 2017,At least the Customer Service bot at @132897 was polite. This is sound of losing a customer for life. *plop*,203611,NortonSupport,Thu Oct 05 00:09:21 +0000 2017,"@164182 Sorry for the trouble. Please let us know if you have any issues with Norton, we'll help you. -Praveen (cc: @132897)",
2039045,602910,Thu Oct 05 08:47:59 +0000 2017,@NortonSupport can you please provide a complaints telephone number or email for the UK?,2039044,NortonSupport,Thu Oct 05 08:50:10 +0000 2017,@602910 Hi Allan. You can view the local numbers to contact our Norton support at https://t.co/FkzNsZSkXX . You can also send us a DM. -Harini https://t.co/K1tHrA9w85,
2043371,604260,Wed Oct 04 14:38:45 +0000 2017,"@132897 Whats the f point using your safe app ,when abroad I get the message of no internet connection when I actually have one?",2043370,NortonSupport,Wed Oct 04 14:55:52 +0000 2017,@604260 Sorry about that! We would like to collect more details about this. Please DM exact error message. We can check.-Charlie(cc: @132897),
2043376,604262,Mon Oct 02 21:28:13 +0000 2017,"@132897 bought product with Norton Shopping Guarantee, got empty box. Was told by Norton the package was delivered, no guarantee. ???",2043375,NortonSupport,Mon Oct 02 21:31:28 +0000 2017,@604262 Sorry for the trouble. Please get in touch with support at __email__ for help with this. -Anirban(cc: @132897),
2043389,161727,Wed Oct 04 00:51:30 +0000 2017,@12119 my anti virus says your website is dangerous. you can contact @132897 to ask why,2043387,NortonSupport,Wed Oct 04 01:02:59 +0000 2017,@161727 Sorry for the trouble. The site owner can submit their website here https://t.co/SPpXCz6pfs for analysis. -Praveen (cc: @132897),2043388
2043401,561281,Mon Oct 02 17:17:14 +0000 2017,@341628 Does it still come with 10 Norton Security seats?,2043400,NortonSupport,Mon Oct 02 18:10:19 +0000 2017,@561281 Norton Core includes a one-year complimentary subscription to Norton Core Security Plus that helps protect unlimited devices -Dinesh,
2048736,605893,Thu Oct 05 15:41:37 +0000 2017,"@132897 Hi guys, I have Norton and a malware that pops up and there is no uninstall button.",2048735,NortonSupport,Thu Oct 05 15:50:26 +0000 2017,"@605893 We apologize for any frustration that may caused due to the popups. We would like to investigate, please DM us.- Charlie(cc: @132897)",
2050155,606273,Thu Oct 05 16:38:49 +0000 2017,Why is @141879's new update flagged on @132897 for having a virus warning?👾,2050154,NortonSupport,Thu Oct 05 16:51:25 +0000 2017,@606273 Sorry! If you suspect Norton is flagging it by mistake you could dispute it here: https://t.co/26M7IRm4Cw. -Dinesh (cc: @132897),
2051183,606590,Thu Oct 05 20:01:08 +0000 2017,"Norton Security System is saying that @141879 studio is acting suspicious in my pc, and it should be deleted, fix this please.",2051182,NortonSupport,Thu Oct 05 20:05:28 +0000 2017,@606590 Hi there! You can ask them to report it here https://t.co/26M7IRm4Cw if you think it's false positive. Our team can look into this. -Karthik,
2053381,607269,Fri Oct 06 01:49:56 +0000 2017,"@141879 Ever since your recent update, @132897 has declared you a security risk. May I ask why? https://t.co/V7aHE4oxAQ",2053380,NortonSupport,Fri Oct 06 01:52:32 +0000 2017,@607269 Sorry about that. If you think it's a false positive you can submit it here https://t.co/cMuL3rjxDi Thank you! -Praveen (cc: @132897),
2059066,161749,Sat Oct 07 11:32:06 +0000 2017,@NortonSupport Yes I cleared the data which also cleared the cached data.  I haven't been at a wifi hotspot to test though.,2059067,NortonSupport,Sat Oct 07 11:46:45 +0000 2017,"@161749 Please try from a public wifi connection and if issue re appears, please share the screenshot in DM. We can have this checked. - Charlie",
2067577,611412,Sun Oct 08 11:40:20 +0000 2017,@NortonSupport you automatically took £59.99 from my account for norton on a laptop that broke 8 months ago. Please can I have a full refund https://t.co/8Ja7eXmntr,2067576,NortonSupport,Sun Oct 08 11:44:53 +0000 2017,@611412 Hi Tim! We need more details about your subscription to help you. Please send us a DM. We will look into this - Charlie (cc: @132897),
2076337,614083,Tue Oct 10 13:34:52 +0000 2017,"Dear @NortonSupport why do I pay $90 to ""Renew"" my account but can buy the same coverage for $50  New???? #DoNotAutoRenew #FeelingRippedoff",2076336,NortonSupport,Tue Oct 10 13:37:17 +0000 2017,@614083 Sorry about this. Could you send us a DM with the product details? We can look in to this for you. -raj https://t.co/K1tHrA9w85,
2076717,614199,Mon Oct 09 07:16:55 +0000 2017,"Norton has such a bullshit way of protecting your computer. I never asked for a download to be automatically deleted, stop.",2076716,NortonSupport,Mon Oct 09 07:35:05 +0000 2017,@614199 Sorry that your file was blocked by Norton. Please follow the steps here to exclude the file from scan: https://t.co/VnH0e2AzlC. -Prasanna,
2081232,274958,Wed Oct 18 10:28:32 +0000 2017,"ノートンのバカアプリがまたしても
mfgconsole.dllを削除してくれやがりました&lt;(_ _)&gt;
本当にありがたいぜバカヤロウ(;´Д｀)
いっくら除外しても設定してもダメなのさ（　＾ω＾）・・・",2081231,NortonSupport,Thu Oct 19 01:03:59 +0000 2017,"@274958 すみません。
よろしければ、どのような除外設定をしたか、教えていただけますでしょうか。-hide",
2084045,616364,Wed Nov 08 08:40:11 +0000 2017,@132897 Why do you keep emailing me even though I click unsubscribe! The laptop you're trying to renew on isn't even mine anymore!!!,2084044,NortonSupport,Wed Nov 08 08:50:06 +0000 2017,@616364 Sorry about this. Could you send us a DM? We could collect more details and help. -raj (cc: @132897) https://t.co/K1tHrA9w85,
2084047,616365,Wed Nov 08 06:32:12 +0000 2017,@NortonSupport  https://t.co/YxABNhtAQt,2084048,NortonSupport,Wed Nov 08 06:41:51 +0000 2017,@616365 It looks like Norton suspected something on this website. If you're a site owner you can submit your (1/2),
2084047,616365,Wed Nov 08 06:32:12 +0000 2017,@NortonSupport  https://t.co/YxABNhtAQt,2084049,NortonSupport,Sat Nov 11 07:53:03 +0000 2017,@616365 Hi! Did you get a chance to submit your website for further analysis? Let us know if you need any help. -Prasanna,
2084047,616365,Wed Nov 08 06:32:12 +0000 2017,@NortonSupport  https://t.co/YxABNhtAQt,2084046,NortonSupport,Wed Nov 08 06:42:11 +0000 2017,@616365 website for further analysis: https://t.co/cMuL3rjxDi. -Prasanna (2/2),
2084052,616365,Wed Nov 08 06:13:56 +0000 2017,@NortonSupport https://t.co/cfIPiVPtH2,2084050,NortonSupport,Wed Nov 08 06:16:34 +0000 2017,@616365 Thank you! Are you seeing any error message when you try to visit this website? Could you please send us a screenshot of the same? -Prasanna,"2084047,2084051"
2084054,616365,Wed Nov 08 06:08:51 +0000 2017,@NortonSupport Why is Norton blocking Bitcomet? What is so harmful  in the new updates? Why is Norton blocking Bitcomet site?,2084053,NortonSupport,Wed Nov 08 06:12:24 +0000 2017,@616365 Hi Manash! May I have the website URL/link you're trying to visit? We'll check this for you. -Prasanna,2084052
2084057,616366,Wed Nov 08 04:57:28 +0000 2017,"@NortonSupport @132897 Much better, thank you.",2084056,NortonSupport,Wed Nov 08 04:59:41 +0000 2017,@616366 You're welcome! You can reach out to us anytime if you need any help with Norton again. -Praveen (cc: @132897),
2084059,616366,Wed Nov 08 04:36:13 +0000 2017,@132897  Security Suite is beginning to look more difficult to remove from my computer than a virus. Been preparing to uninstall for over an hour now.,2084058,NortonSupport,Wed Nov 08 04:40:04 +0000 2017,@616366 Sorry about that. Please run this tool to uninstall Norton https://t.co/DsoNcuFHKZ Let us know how it goes. -Praveen (cc: @132897),2084057
2084061,616367,Wed Nov 08 03:16:39 +0000 2017,@NortonSupport 発生当初とは手順が異なりますが、セキュリティ履歴→(推奨する処理)「オプション」→このプログラムを除外、くらいしか方法が見つからなかったのでこれを実行しました。復元しないとしても同じファイルを展開したとき、除外されることを期待したのですが、何度やっても効果がなかったです。,2084060,NortonSupport,Wed Nov 08 04:22:41 +0000 2017,@616367 その除外設定でうまくいかなかった場合に、最初にご案内した除外設定の方法を推奨しております。,
2084063,616367,Wed Nov 08 01:12:54 +0000 2017,@NortonSupport なお、対象ファイルは個人がベータ版扱いで配布していたプログラムを格納した自己解凍型ファイルなので、利用実績が少ないのは当然、通常注意が必要なファイルとされることも当然と考えます。その上で利用する場合が非常に不便で、今回ついにどうしようもない事態に陥った次第です。,2084062,NortonSupport,Wed Nov 08 02:40:41 +0000 2017,"@616367 その場合、フォルダを除外設定し、その中でファイルを扱う、という次善策がございます。
復元の件は、復元の案内が出なかったのではなく、復元を行っても削除されたファイルが復元されなかった、ということでしょうか。",2084061
2084067,616367,Wed Nov 08 00:30:09 +0000 2017,@NortonSupport これは「特定ファイルの検査を除外する方法」で、今回の問題は「ダウンロード・展開した一時ファイルを強引に削除された」ですので、この方法では可能かもしれませんが煩雑ですし、そもそも削除されて復旧もできないファイルを指定できるのでしょうか…？(なお除外レポートは数回送りました),2084066,NortonSupport,Wed Nov 08 01:01:48 +0000 2017,"@616367 先にご紹介した除外設定は、ファイル名で指定できます。
復元できないとのことですが、「オプション」「その他のオプション」からたどっても、復元の案内が出てこない、ということでしょうか。",2084065
2084069,616367,Tue Nov 07 09:04:57 +0000 2017,何度許可してもノートンが「これ人気が無いからウイルス」と言い張るので、ノートンのほうを止めた。しかも手動でスキャンさせると「安全」と出してくるあたり、だいぶ狂っているとしか…。,2084068,NortonSupport,Wed Nov 08 00:21:30 +0000 2017,"@616367 ご不便をおかけしております。
除外設定ですが、以下の方法を試してみていただけますでしょうか。
https://t.co/gomXNw0MUy
「スキャンから除外」「自動保護、SONAR、ダウンロードインテリジェンスの検出から除外」両方の設定をお願いいたします。-hide",2084067
2084071,616368,Wed Nov 08 03:00:58 +0000 2017,事務作業用のPCのノートンがなんかおかしい,2084070,NortonSupport,Wed Nov 08 04:19:55 +0000 2017,"@616368 ノートンサポートです。
どうされましたか。",
2084077,616369,Tue Nov 07 04:02:06 +0000 2017,"@NortonSupport 
今しばらくツイッターを離れますので、またプロダクトキーが見つからなければ後ほどDMにてご連絡させていただきます！",2084076,NortonSupport,Tue Nov 07 04:03:16 +0000 2017,@616369 了解いたしました,
2084079,616369,Tue Nov 07 03:51:37 +0000 2017,"@NortonSupport 
探してみないと分からないのですが…もし無くしてしまったら確認できませんか？",2084078,NortonSupport,Tue Nov 07 03:57:18 +0000 2017,"@616369 他にも確認方法はございますが、
個人情報をやりとりする可能性があるため、
ここから先はダイレクトメッセージでお話しできますでしょうか。
今、お客様のアカウントをフォローしました。",2084077
2084081,616369,Tue Nov 07 03:44:45 +0000 2017,"@NortonSupport 
連絡ありがとうございます。
ライセンスがあるかどうかはどのようにすれば確認できますでしょうか？",2084080,NortonSupport,Tue Nov 07 03:49:03 +0000 2017,"@616369 ノートンを購入された時の
プロダクトキー等はお手元にございますか。",2084079
2084083,616369,Mon Nov 06 15:24:45 +0000 2017,"新宿セブンの録画に失敗した(T . T)
Nortonのバカぁ！！",2084082,NortonSupport,Tue Nov 07 00:22:58 +0000 2017,"@616369 突然失礼いたします。
有効なノートンのライセンスをお持ちでしたら、
無料お試し版をアクティブ化して、お持ちのライセンスでノートンをお使いいただけます。",2084081
2084085,616370,Mon Nov 06 09:55:24 +0000 2017,"@NortonSupport 分かりました、確認してみます。
ありがとうございます。",2084086,NortonSupport,Thu Nov 09 01:52:50 +0000 2017,"@616370 あと、可能でしたら遠隔操作でお客様の端末にアクセスし、ログを収集したいのですが、
よろしければ、平日9:00-18:00の間で、当方からのリモートアクセスが可能な日時を教えていただければと思います。",2084116
2084085,616370,Mon Nov 06 09:55:24 +0000 2017,"@NortonSupport 分かりました、確認してみます。
ありがとうございます。",2084084,NortonSupport,Tue Nov 07 02:52:56 +0000 2017,"@616370 こちらのほうでも原因について調査し、
進展あり次第お伝えいたします。
もしかしたら、追加で何かお聞きすることがあるかもしれません。",
2084085,616370,Mon Nov 06 09:55:24 +0000 2017,"@NortonSupport 分かりました、確認してみます。
ありがとうございます。",2084088,NortonSupport,Thu Nov 09 01:51:56 +0000 2017,"@616370 本件の調査のため、以下について教えていただけませんでしょうか。
お客様のアカウントをフォローしたので、こちらにはDMで返信いただけます。
・WiFiプライバシーによりアズールレーンがブロックされる頻度。常にor時々
・端末について。機器名およびOSとそのバージョン",
2084085,616370,Mon Nov 06 09:55:24 +0000 2017,"@NortonSupport 分かりました、確認してみます。
ありがとうございます。",2084087,NortonSupport,Thu Nov 09 01:52:15 +0000 2017,"@616370 ・WiFiプライバシーのバージョンおよびシリアル番号
・インターネット接続。WiFi(会社・組織か個人か)かモバイルデータ通信か
・お客様が実際にいる場所(都道府県)とWiFiプライバシーでの接続先
以上になります。",
2084090,616370,Mon Nov 06 09:14:42 +0000 2017,@NortonSupport 色々と接続先を変えてみましたが繋がりませんでした。諦めてアプリする時だけ電源オフにします。,2084089,NortonSupport,Mon Nov 06 09:41:09 +0000 2017,"@616370 一度、アズールレーン側で、特定のVPNからのアクセスをブロックしていないか
ご確認いただくといいかもしれません。",2084085
2084092,616370,Mon Nov 06 03:49:00 +0000 2017,"@NortonSupport こんにちわ
アズールレーンというアプリなんですけど、Wi-Fiプライバシーを起動してるとこの画面が出てしまい起動しなくなってしまいます。電源を切っていれば問題なく起動します。
今のところ自分が入れてるアプリで起動しないのはこれだけです。 https://t.co/ocb8BBLI5K",2084091,NortonSupport,Mon Nov 06 08:28:12 +0000 2017,"@616370 ご返信、ありがとうございます。
WiFiプライバシーの接続先は、どの国になっていますでしょうか。
接続先を変更して問題が解決するか、試してみていただけますでしょうか。",2084090
2084094,616370,Thu Nov 02 14:07:47 +0000 2017,ちくしょうノートン入れたら起動しないんかよマジかよ(´°ω°｀)他のアプリ起動すんのに…,2084093,NortonSupport,Mon Nov 06 02:00:04 +0000 2017,"@616370 ノートンサポートです。
よろしければ、状況について詳細を教えていただけませんでしょうか。",2084092
2084099,616372,Mon Nov 06 18:53:38 +0000 2017,@367853 I think my cpu got a virus but i dont know how all i did was watch netflix while it downloaded. I ran norton and it says im clean,2084098,NortonSupport,Mon Nov 06 18:56:43 +0000 2017,"@616372 Hi, Do let us know if you need any assistance with Norton -Anirban",
2084103,616373,Mon Nov 06 13:44:33 +0000 2017,@132897 has been charging my card for years without notice #theft beware of subscriptions,2084102,NortonSupport,Mon Nov 06 13:48:14 +0000 2017,@616373 Sorry about the trouble Morris. Could you send us a DM with the details of the charge? We would like to help. -raj (cc: @132897) https://t.co/K1tHrA9w85,
2084105,282579,Mon Nov 06 13:42:24 +0000 2017,"@NortonSupport do you want a copy of the outlook message itself, or just a screenshot??",2084104,NortonSupport,Mon Nov 06 13:44:22 +0000 2017,"@282579 A screenshot would be fine. However, it might have your personal information, so please send it in a DM. -raj",
2084107,282579,Mon Nov 06 13:13:53 +0000 2017,"@NortonSupport Hi I got my renewal email through a couple of days ago, but text content is in German! asking to pay in GBP ??",2084106,NortonSupport,Mon Nov 06 13:17:09 +0000 2017,"@282579 Sorry about that. Could you DM the details, I can check this for you. -raj https://t.co/K1tHrA9w85",2084105
2084109,616374,Mon Nov 06 12:46:44 +0000 2017,"Apparently, this is what I get when I try to turn off automatic renewal of my Norton Security subscription. I guess my desire to stop using it got validated. https://t.co/jHWWec6B5R",2084108,NortonSupport,Mon Nov 06 12:48:37 +0000 2017,"@616374 Sorry about the trouble Roni. Send us a DM with the details, we can help. -raj https://t.co/K1tHrA9w85",
2084111,616375,Mon Nov 06 11:46:52 +0000 2017,@132897 Scare you costumers away and ask them for even more money. Your software starts to look like scam software. #greedy #KRACK https://t.co/A53Uv0m697,2084110,NortonSupport,Mon Nov 06 11:51:18 +0000 2017,@616375 Sorry about the trouble. I will pass your feedback to the concerned team. -raj (cc: @132897),
2084113,283959,Mon Nov 06 11:21:46 +0000 2017,"@NortonSupport It says installation failure, this could be down to an infected computer, try the power eraser tool to find the problem. But I've ran that programme and it couldn't find a problem so now norton won't install",2084112,NortonSupport,Mon Nov 06 11:24:44 +0000 2017,"@283959 Not to worry, send us a DM, we would like to collect more details and help. -raj",
2084115,283959,Mon Nov 06 10:58:18 +0000 2017,@NortonSupport my norton won't download at all. I don't know what to do? Power eraser didn't find any problems and the support website won't load..,2084114,NortonSupport,Mon Nov 06 11:19:27 +0000 2017,@283959 Sorry about this. May I know what error message you see while trying to download Norton? I can help. -raj,2084113
2084116,616370,Thu Nov 09 01:56:57 +0000 2017,"@NortonSupport 前日運営に問い合わせたところVPNに対応していない為VPNを起動させておくとアプリは立ち上がらないと返答を頂きました。
VPNを起動してなければ問題なくアプリは起動できるので、本件に関してそこまでしていただかなくても大丈夫ですのです。

色々と申し訳ありませんでした。",2084117,NortonSupport,Thu Nov 09 02:07:01 +0000 2017,"@616370 ご連絡、ありがとうございます。
了解いたしました。",
2084119,616376,Mon Nov 06 09:21:31 +0000 2017,@NortonSupport 了解しました。現状はその方法で対処していきます。ただ、やはり毎度手動で設定する手間を考えると自動削除の強弱や削除時の確認メッセージ等の設定が可能な方が便利かと思います。ご検討お願いします。今回は丁寧な対応ありがとうございました。,2084118,NortonSupport,Mon Nov 06 09:37:42 +0000 2017,@616376 こちらこそ。お問い合わせありがとうございました。,
2084121,616376,Mon Nov 06 08:00:00 +0000 2017,@NortonSupport 復元・次回以降の除外作業は毎回行っています。ただ、毎度毎度新しいファイルを自動削除されるとかなり不便なので、自動削除の際に確認メッセージを表示する設定をできるようにするなどの対処をしてほしいです,2084120,NortonSupport,Mon Nov 06 08:52:38 +0000 2017,"@616376 ご連絡、ありがとうございます。
現在の仕様で対応するとしたら、たとえば、フォルダを除外設定し、そこに
ゲーム等ノートンに削除される可能性のあるファイルを置く、という方法もございます。",2084119
2084123,616376,Sat Nov 04 19:06:15 +0000 2017,ノートン先生、エロゲをウイルスと勘違いして勝手に削除する無能,2084122,NortonSupport,Mon Nov 06 07:08:46 +0000 2017,"@616376 ご不便をおかけしております。
ノートンに削除されたファイルは、履歴画面から復元できます。
その際、次回以降のスキャンの対象からの除外設定もしていただけます。-hide

誤ってセキュリティリスクであると識別されたファイルを復元する
https://t.co/sVjGvSHSIJ",2084121
2084125,616377,Mon Nov 06 07:57:26 +0000 2017,@NortonSupport 作業中で未保存のデータだったので無理でしょう。クリックしようとした場所にちょうど再起動が表示されてもうなす術無しって感じでした。わがままかもしれませんが誤って再起動押す可能性もあるので、本当にいいですか？みたいな警告出して欲しいです,2084124,NortonSupport,Mon Nov 06 08:57:24 +0000 2017,"@616377 貴重なご意見、ありがとうございます。
参考にさせていただきます。",
2084127,616377,Mon Nov 06 07:48:32 +0000 2017,Norton貴様まじ許さん,2084126,NortonSupport,Mon Nov 06 07:52:34 +0000 2017,"@616377 ご不便をおかけしております。
ノートンに削除されたファイルは、以下の方法で復元できます。
その際、次回以降のスキャンの対象からの除外設定もしていただけます。-hide

誤ってセキュリティリスクであると識別されたファイルを復元する
https://t.co/sVjGvSHSIJ",2084125
2084129,616378,Sat Nov 04 16:05:16 +0000 2017,"ノートン先生のオカゲで、データ破損。
一部のデータ移行ならず。あきらめた。",2084130,NortonSupport,Mon Nov 06 07:05:47 +0000 2017,"@616378 ご不便をおかけしております。
ノートンに削除されたファイルは、以下の方法で復元できます。
その際、次回以降のスキャンの対象からの除外設定もしていただけます。-hide

誤ってセキュリティリスクであると識別されたファイルを復元する
https://t.co/sVjGvSHSIJ",2214458
2084129,616378,Sat Nov 04 16:05:16 +0000 2017,"ノートン先生のオカゲで、データ破損。
一部のデータ移行ならず。あきらめた。",2084128,NortonSupport,Mon Nov 06 07:58:35 +0000 2017,"@616378 了解しました。
ご連絡、ありがとうございます。",
2084134,616380,Mon Nov 06 10:42:18 +0000 2017,"@NortonSupport お世話になります。
お忙しいところ返信ありがとうございます。
アップデートができなくなって2週間が経ちました。
“サポート情報”をクリックしても、無反応です。
どうすれば良いでしょうか。
よろしくお願いします。 https://t.co/T4dxp7mk6o",2084136,NortonSupport,Mon Nov 13 04:45:11 +0000 2017,"@616380 2週間は長いですね。
打てる手としては、先日ご案内した手順2の次にある、パワーイレイサーでスキャン、
あるいは、ノートンを削除&amp;再インストール、という方法がございます。
削除は下のリンク先にある、専用の削除ツールで行います。
https://t.co/cYIX0t6171",
2084135,616380,Fri Nov 03 09:23:21 +0000 2017,"@NortonSupport 
アップデートができません https://t.co/VLayPMqxkq",2084137,NortonSupport,Tue Nov 07 00:18:20 +0000 2017,"@616380 既にお試しかもしれませんが、
PC再起動、ノートンの画面からセキュリティ→ライブアップデートで手動でアップデートなどを行い、
うまくいかない場合は、以下のページの手順2で更新していただけますでしょうか。-hide
https://t.co/RDPb9eyv1g",2262965
2084135,616380,Fri Nov 03 09:23:21 +0000 2017,"@NortonSupport 
アップデートができません https://t.co/VLayPMqxkq",2084133,NortonSupport,Mon Nov 06 01:32:23 +0000 2017,"@616380 お問い合わせ、ありがとうございます。
その後、状況はいかがでしょうか。",2084134
2084139,124332,Sun Nov 05 18:11:10 +0000 2017,@NortonSupport I renewed my sub for 5 machines. Why doesnt that register on all my machines? Really annoying.,2084138,NortonSupport,Sun Nov 05 18:18:56 +0000 2017,@124332 Hi Thomas!Looks like you purchased a new subscription.Follow instructions here https://t.co/P1r7dtrnn0 to activate on other devices.-Charlie,
2084143,132542,Sun Nov 05 10:14:15 +0000 2017,@NortonSupport Scan showed nothing so I don't see how it could fix anything. https://t.co/7sZDDOKovE,2084144,NortonSupport,Sun Nov 05 10:17:02 +0000 2017,"@132542 There might be a pending scan, which would run in the background. This might be a cause, that is why we would like you to manually (cont)",
2084143,132542,Sun Nov 05 10:14:15 +0000 2017,@NortonSupport Scan showed nothing so I don't see how it could fix anything. https://t.co/7sZDDOKovE,2084145,NortonSupport,Wed Nov 08 10:18:59 +0000 2017,"@132542 Hi, I am following up to see if you have ran a full system scan to see if the issue reoccurs. -raj",2084164
2084143,132542,Sun Nov 05 10:14:15 +0000 2017,@NortonSupport Scan showed nothing so I don't see how it could fix anything. https://t.co/7sZDDOKovE,2084142,NortonSupport,Sun Nov 05 10:17:37 +0000 2017,"@132542 run a scan. Once the scan is complete, restart the computer and check if the issue reoccurs. -raj",
2084147,132542,Sun Nov 05 06:44:58 +0000 2017,"@NortonSupport This is after restart. Even with firefox at 311K the cpu is at zero. So, we'll see what happens. https://t.co/fWJ3RXLwBr",2084146,NortonSupport,Sun Nov 05 06:46:17 +0000 2017,"@132542 Okay, but if there was a scan pending, it might happen again. Run a full system scan and this should not happen again. -raj",2084143
2084149,132542,Sun Nov 05 06:25:39 +0000 2017,"@NortonSupport After 6 times, this is as good as it gets. https://t.co/2AS40eBDpa",2084148,NortonSupport,Sun Nov 05 06:28:00 +0000 2017,"@132542 Okay, please restart the computer and run a full system scan. Let the scan complete. Once it is done let me know. -raj",2084147
2084151,132542,Sun Nov 05 06:07:41 +0000 2017,@NortonSupport Yes to the R%R. No other product.,2084152,NortonSupport,Sun Nov 05 06:15:26 +0000 2017,"@132542 restarted, please check and let me know if you still face this issue with your Norton. -raj",
2084151,132542,Sun Nov 05 06:07:41 +0000 2017,@NortonSupport Yes to the R%R. No other product.,2084150,NortonSupport,Sun Nov 05 06:14:59 +0000 2017,@132542 Thank you. Could you please run LiveUpdate multiple times (till it says not required) and reboot the computer. Once it is (cont),2084149
2084154,132542,Sun Nov 05 05:54:19 +0000 2017,@NortonSupport windowsxp,2084153,NortonSupport,Sun Nov 05 05:59:00 +0000 2017,@132542 Thank you. Have you already used the remove and reinstall tool? Do you have any other security product installed on this computer? -raj,2084151
2084156,NortonSupport,Thu Nov 02 09:02:53 +0000 2017,"@132542 it does, please visit https://t.co/Twhj09ntkT . We would like to investigate this further, kindly send us a DM. -Harini",2084155,NortonSupport,Sun Nov 05 05:52:54 +0000 2017,"@132542 Okay, could you let me know the operating system on your computer? (You have deleted the previous tweet with that info) -raj",2084154
2084159,616382,Sun Nov 05 09:26:04 +0000 2017,@NortonSupport The sub I have is “Security Premium for One Device”. Don’t understand why it’s increased (other than the 10% GST).,2084158,NortonSupport,Sun Nov 05 09:28:50 +0000 2017,"@616382 Sorry, last year you bought the product through an introductory offer. Renewals does not come with any discounts. Send us a DM, we can help.",
2084160,616382,Sun Nov 05 09:23:21 +0000 2017,@NortonSupport what other basic anti-virus packages do you have? I noticed my subscription has increased from $59.99 last yr to $84.99 :(,2084161,NortonSupport,Sun Nov 05 09:26:01 +0000 2017,"@616382 Sorry about this Matt, could you send us a DM, we can check this for you. -raj https://t.co/K1tHrA9w85",
2084163,616383,Sun Nov 05 05:17:51 +0000 2017,data service is too slow to log into norton core on rural ak phone network to activate core. is there any other way?,2084162,NortonSupport,Sun Nov 05 07:28:23 +0000 2017,@616383 Hi Sonny! We can help you with activating your Norton Core router. Kindly send us a DM to provide you with the instructions. -Harini https://t.co/K1tHrA9w85,
2084164,132542,Wed Nov 08 10:22:40 +0000 2017,"@NortonSupport I've been waiting a few days. Of the 446,000 google hits on your NSBU.exe overloading cpu's, a few said it returned a few days after a 'fix'. So far so good.",2084165,NortonSupport,Wed Nov 08 10:25:23 +0000 2017,@132542 which will take care of all background tasks. -raj,2084167
2084164,132542,Wed Nov 08 10:22:40 +0000 2017,"@NortonSupport I've been waiting a few days. Of the 446,000 google hits on your NSBU.exe overloading cpu's, a few said it returned a few days after a 'fix'. So far so good.",2084166,NortonSupport,Wed Nov 08 10:25:05 +0000 2017,"@132542 Not to worry, this might happen if there is a background task running. If this happens again, just run a manual full system scan, (cont)",
2084167,132542,Wed Nov 08 10:36:20 +0000 2017,@NortonSupport Your assistance is much appreciated. Thank you.,2084169,NortonSupport,Thu Nov 16 11:34:45 +0000 2017,@132542 Hi! Just checking to see if you still need any help with Norton. -Harini,"2084170,2084171"
2084167,132542,Wed Nov 08 10:36:20 +0000 2017,@NortonSupport Your assistance is much appreciated. Thank you.,2084168,NortonSupport,Wed Nov 08 10:38:42 +0000 2017,@132542 Our pleasure. :) Do let us know if you ever need any help with Norton. Glad to help. :) -raj,
2084170,132542,Fri Nov 17 05:19:54 +0000 2017,"@NortonSupport No,  I'm good. Thanks.",2084172,NortonSupport,Fri Nov 17 05:22:02 +0000 2017,"@132542 You are welcome. If you ever need any help with Norton, we are just a tweet away. :) -raj",
2084171,132542,Mon Nov 27 18:35:03 +0000 2017,@NortonSupport Can you tell me why your NSBU is using 100% of the CPU at 100K and FireFox isn't taking up anything at almost 500K?,2084173,NortonSupport,Mon Nov 27 18:50:04 +0000 2017,@132542 Sorry about that. Could you please follow these steps from this link: https://t.co/UmqqjZa0A4 and let us know if that helps. -Steffi,
2107413,129361,Thu Oct 19 03:58:44 +0000 2017,Okay so a question y'all anyone else having issues with their WiFi lately cuz mine has been spotty as hell lately now Norton is telling me-,2107412,NortonSupport,Thu Oct 19 04:30:38 +0000 2017,@129361 Hi! Let us know if you need any help with your Norton product :) -Harini,
2144548,135193,Thu Nov 30 17:48:58 +0000 2017,ANYONE USING HOME AUTOMATION should consider #NortonCore as your router. A bubble of cyber security around your home https://t.co/tWQPGigiIg,2144546,NortonSupport,Thu Nov 30 20:12:24 +0000 2017,@135193  https://t.co/coKH7FM3m9,2144547
2145197,630647,Thu Nov 30 19:53:12 +0000 2017,NORTON SECURITY CAN YOU SHUT THE FUCK UP IM TRYNA DLOAD A VHS CC FOR AE,2145196,NortonSupport,Thu Nov 30 19:59:44 +0000 2017,"@630647 Hi, sorry for the inconvenience. Please share a screenshot of what you see. I can look into this for you -Anirban",
2151715,632322,Wed Nov 08 10:32:35 +0000 2017,"最近、今更入れたノートン先生でスキャンして、「怪しいかも」ってやつを全部削除したらｚｉｐが展開できなくなった。
分割ファイルを１つにできなくなった。
やや厳しい",2151714,NortonSupport,Thu Nov 09 01:00:59 +0000 2017,"@632322 突然失礼いたします。
ノートンに削除されたファイルは、履歴画面から復元できます。
その際、次回以降のスキャンからの除外設定もしていただけます。-hide

誤ってセキュリティリスクであると識別されたファイルを復元する
https://t.co/sVjGvSHSIJ",
2151717,632323,Wed Nov 08 22:22:08 +0000 2017,@NortonSupport Thanks for your support! It is much appreciated!,2151716,NortonSupport,Wed Nov 08 22:23:37 +0000 2017,@632323 Welcome Janos :),
2151721,632323,Wed Nov 08 20:52:50 +0000 2017,Hey @132897 why renewal got less than I buy a new sub? I am a loyal customer w/ 6+ years sub.,2151718,NortonSupport,Wed Nov 08 20:54:07 +0000 2017,@632323 Hi Jason. Please DM us the registered email address. Let me quickly check your records and get back to you -Anirban,"2151717,2151719,2151720"
2151723,632324,Sat Nov 11 08:41:19 +0000 2017,@NortonSupport Thanks! Your team removed my issues excellently!!!!,2151725,NortonSupport,Sat Nov 11 08:43:24 +0000 2017,@632324 Thats great! We are happy to hear that you got help :) Tweet us if you need any help with Norton in the future! -Harini,
2151724,632324,Wed Nov 08 22:04:52 +0000 2017,@132897 please stop taking my money! I am very upset!,2151722,NortonSupport,Wed Nov 08 22:06:28 +0000 2017,"@632324 Hi, Please DM us the issue I can look int this for you -Anirban https://t.co/K1tHrA9w85",2151723
2151727,632325,Wed Nov 08 15:44:20 +0000 2017,Norton does this to my computer every Wednesday morning. I so wish I could have this run while the computer is sleeping overnight. Literally brings the entire computer to a crawl for about 2 hours. https://t.co/5Bu4OJ4WK9,2151726,NortonSupport,Wed Nov 08 15:48:57 +0000 2017,@632325 Sorry for the inconvenience caused. Could you please provide the name/version of Norton product you have? We can look into it. -Steffi,
2151729,632326,Wed Nov 08 12:32:06 +0000 2017,"@NortonSupport No other anti-virus software has this amount of false positives, Norton never apologise. Yet it damages the reputation of small businesses like mine. It's the Gameshield component inside the .exe, your devs have known this for years.",2151730,NortonSupport,Sun Nov 12 09:57:40 +0000 2017,@632326 the file to our Flash Positive team: https://t.co/cMuL3rjxDi. Our team will look into this for you. (ctd),
2151729,632326,Wed Nov 08 12:32:06 +0000 2017,"@NortonSupport No other anti-virus software has this amount of false positives, Norton never apologise. Yet it damages the reputation of small businesses like mine. It's the Gameshield component inside the .exe, your devs have known this for years.",2151731,NortonSupport,Sun Nov 12 09:57:50 +0000 2017,@632326 If you need any help you can always send us a DM. -Prasanna (ctd),
2151729,632326,Wed Nov 08 12:32:06 +0000 2017,"@NortonSupport No other anti-virus software has this amount of false positives, Norton never apologise. Yet it damages the reputation of small businesses like mine. It's the Gameshield component inside the .exe, your devs have known this for years.",2151728,NortonSupport,Wed Nov 08 12:42:36 +0000 2017,@632326 I completely understand your frustration and we are really sorry about this. We will check this and get back to you. -raj,
2151733,NortonSupport,Wed Nov 08 12:28:00 +0000 2017,"@632326 Sorry about the trouble Oli, we would like to collect more information on this. Could you send us a DM? We can help. -raj https://t.co/K1tHrA9w85",2151734,NortonSupport,Sun Nov 12 09:56:40 +0000 2017,"@632326 Hi Oli! We've received an update from the concerned team. If you ever see any False Positives in future, you can submit (ctd)",
2151735,632326,Wed Nov 08 12:25:49 +0000 2017,Tech support is a double edged sword. So critical to help those people who can't use your game/software for no fault of their own. But at the same time inevitably ~50% of all requests are entirely their fault/Norton issues etc. Kills productivity.,2151733,NortonSupport,Wed Nov 08 12:28:00 +0000 2017,"@632326 Sorry about the trouble Oli, we would like to collect more information on this. Could you send us a DM? We can help. -raj https://t.co/K1tHrA9w85","2151732,2151734"
2151737,632327,Fri Nov 03 18:30:23 +0000 2017,Toujours pas de nouvelles de mon dossier #Proximus... mais bien une lettre qu'on as activé Norton Multi Security que je n'ai pas demandé :'(,2151736,NortonSupport,Wed Nov 08 12:08:37 +0000 2017,"@632327 Bonjour Mr Esevez,

Pourriez vous me fournir le numero de dossier afin que je regarde cela pour vous? 

Merci et bonne journée,

-Sébastien",
2152249,135301,Thu Oct 19 09:36:02 +0000 2017,@NortonSupport @132897 just wanted to know if youve sent an email about KRACK,2152248,NortonSupport,Thu Oct 19 09:40:27 +0000 2017,"@135301 We did send an email on the emerging vulnerability, KRACK. And wanted to make sure our customers are aware of it. -Harini",
2152251,135301,Thu Oct 19 09:01:58 +0000 2017,"@132897 where can i get a simple answer to a simple question, UK support is PATHETIC!!!!!!!!!!!",2152250,NortonSupport,Thu Oct 19 09:13:12 +0000 2017,"@135301 Sorry for the trouble, Rob. Please send us a DM, we can help! -Harini (cc: @132897)",2152249
2157615,633802,Thu Nov 09 04:37:17 +0000 2017,@NortonSupport Nothing coming up. I've messaged their site to see what they can do. Thanks.,2157617,NortonSupport,Thu Nov 09 04:39:44 +0000 2017,@633802 Okay! Let us know how it goes. -Praveen,
2157616,633802,Thu Nov 09 03:59:09 +0000 2017,@NortonSupport Can;t remember. Don't know how to access the log.,2157614,NortonSupport,Thu Nov 09 04:03:38 +0000 2017,@633802 Can you please try now see what is the error message you are getting. -Praveen,2157615
2157619,633802,Thu Nov 09 03:54:42 +0000 2017,@NortonSupport Just the basic internet protection. I never had a problem until a few days ago. I don't know how to exclude individual sites. And I don't know if the site itself hasn't changed something.,2157618,NortonSupport,Thu Nov 09 03:56:20 +0000 2017,@633802 We'll help you. May I know what happens when you try to access the site? Can I have the exact error message? -Praveen,2157616
2157621,633802,Thu Nov 09 03:50:33 +0000 2017,@85575 the site is suddenly inaccessable to me. My Norton antivirus suddenly detected a problem and now I can't log in or even see a full page.,2157620,NortonSupport,Thu Nov 09 03:52:38 +0000 2017,@633802 Sorry for the trouble. May I know what Norton program are you running? -Praveen,2157619
2157623,412871,Thu Nov 09 03:30:21 +0000 2017,@NortonSupport Please just refund my money. It has now made my computer crash and it’s “repairing” all from doing the restart just like I was instructed,2157622,NortonSupport,Thu Nov 09 03:44:10 +0000 2017,"@412871 Sorry, can you please send us a direct message, we'll help you with that. -Praveen",
2157627,412871,Thu Nov 09 03:12:50 +0000 2017,@NortonSupport Then I get this https://t.co/OKcwcyQTVf,2157624,NortonSupport,Thu Nov 09 03:14:25 +0000 2017,@412871 You can close this pop-up and continue with the installation in the background. -Praveen,"2157625,2157626,2157623"
2157629,412871,Thu Nov 09 03:06:30 +0000 2017,@NortonSupport  https://t.co/zy8PmCMHZH,2157628,NortonSupport,Thu Nov 09 03:09:16 +0000 2017,@412871 Okay! Please run NAV-ESD*.exe(3rd one in the list) file -Praveen,2157627
2157631,412871,Thu Nov 09 03:04:07 +0000 2017,@NortonSupport Do not have that file,2157630,NortonSupport,Thu Nov 09 03:05:49 +0000 2017,@412871 May I know what are files you have in that folder? -Praveen,2157629
2157633,412871,Thu Nov 09 02:57:30 +0000 2017,@NortonSupport I do yes,2157632,NortonSupport,Thu Nov 09 03:00:51 +0000 2017,"@412871 Please open ""Nortonxx.exe"" inside the folder and see if it works. -Praveen",2157631
2157635,412871,Thu Nov 09 02:43:11 +0000 2017,@NortonSupport @132897 It just won’t finish installing after I restart and I’ve done that about 3 times and did the remove and reinstall and that didn’t work,2157634,NortonSupport,Thu Nov 09 02:46:15 +0000 2017,"@412871 Sorry, Can you please check if you have ""Norton Installation files"" folder on your desktop? -Praveen",2157633
2157637,412871,Thu Nov 09 02:36:29 +0000 2017,@132897 can I get my money back since your anti virus won’t install on my computer?,2157636,NortonSupport,Thu Nov 09 02:41:34 +0000 2017,@412871 Sorry about that. May I know what happens when you try to install Norton? -Praveen (cc: @132897),2157635
2160545,634533,Thu Nov 09 06:57:21 +0000 2017,@132897 just received renewal email. What’s ethical about charging a month prior to my account expiring? So I basically pay for 11 months of protection?,2160544,NortonSupport,Thu Nov 09 07:02:51 +0000 2017,@634533 Hi! That one month is added to your new subscription. You can check the subscription status in your Norton product. -Harini  @132897,
2173470,637343,Thu Nov 09 13:06:30 +0000 2017,"What the hell, @132897? You acknowledge I unsubscribed so email me about it, long after the fact? Terrible practice. Should be ashamed https://t.co/tOazhhbgrF",2173469,NortonSupport,Thu Nov 09 13:19:28 +0000 2017,@637343 Sorry for this inconvenience caused. We will forward this feedback to the concerned team. -Harini (cc: @132897),
2189904,641096,Thu Oct 19 12:09:51 +0000 2017,Downloaded installer from Norton sight. Norton identifies it as unsafe when I run it. Doesn't inspire confidence in the product https://t.co/BgJHMo7yUl,2189903,NortonSupport,Thu Oct 19 12:21:24 +0000 2017,@641096 That shouldn't happen! May I know the link from which you downloaded this file? Please send us a DM. We can check. - Charlie,
2196609,642646,Fri Nov 10 00:53:53 +0000 2017,@NortonSupport 携帯のアドレスを入力したつもりが、一文字間違ってしまい、注文完了画面をみて判明しました。ですので、確認メール自体来ていない状況です。,2196611,NortonSupport,Fri Nov 10 01:00:34 +0000 2017,"@642646 間違えて入力したメールアドレスでノートンのアカウントを作れば、プロダクトキーの確認はできます。
登録メールアドレスの変更をご希望の場合は、DMでお客様の情報のやりとりをした後、
手続の際には別の者がご本人確認を行います。",
2196610,642646,Fri Nov 10 00:29:15 +0000 2017,@NortonSupport 製品は延長した際に一緒にユーティリティを。アドレスはタイプミスで存在しないアドレスを入力してしまいました。,2196608,NortonSupport,Fri Nov 10 00:47:13 +0000 2017,"@642646 ありがとうございます。
存在しないメールアドレスを入力した、というのは
どのような方法で判明したのでしょうか。
購入後の確認メールが、入力するつもりだったメアド宛にまだ届いていない、ということでしょうか。",2196609
2196614,642647,Thu Nov 09 13:23:06 +0000 2017,"うーん…Nortonだと働くオトナとかの体験版が消される。
復元すればいいらしいけど、復元項目出ないぞ！？なんで！？",2196613,NortonSupport,Fri Nov 10 00:29:22 +0000 2017,"@642647 削除を知らせる画面、あるいは履歴にある削除の記録を示す画面に
「オプション」「その他のオプション」という表示はありますでしょうか。
もしあれば、それをクリックして、復元の案内があるか確認していただけますでしょうか。-hide",
2196616,642648,Fri Nov 10 10:39:04 +0000 2017,"@NortonSupport リプライありがとうございます。
「サブスクリプションの状態」には「1053日の残り日数」と表示されています。",2196618,NortonSupport,Mon Nov 13 01:11:51 +0000 2017,"@642648 その状態ですと、やはりすでにアクティブ化されていますね。
もし、アクティブ化されてるのに○○ができない、等、不具合がございましたら
ご連絡いただければと思います。",2196619
2196617,642648,Thu Nov 09 10:09:13 +0000 2017,ノートンを開封してインストールしてプロダクトキーを入力したら「すでにアクティブ化されています」って出てきてアクティブ化されたとはとても思えないんやけど、これは一体どういうこと？,2196615,NortonSupport,Fri Nov 10 00:25:12 +0000 2017,"@642648 ノートンサポートです。
ノートンの画面のいちばん下に「サブスクリプションの状態」「有効期間の状態」という表示があるかと思います。
その行に表示されている内容を教えていただけますでしょうか。",2196616
2196619,642648,Mon Nov 13 01:37:17 +0000 2017,"@NortonSupport ありがとうございます！
メイン画面には「保護されています」と表示されていて、普通に使える状態になっています。
また不明な点がありましたら連絡させて頂きます^^",2196620,NortonSupport,Mon Nov 13 01:41:51 +0000 2017,"@642648 了解です。
お問い合わせ、ありがとうございました。",
2196622,642649,Thu Nov 09 23:57:39 +0000 2017,"@NortonSupport I appreciate that Anirban, thank you for your time and help!",2196621,NortonSupport,Thu Nov 09 23:59:10 +0000 2017,@642649 :),
2196624,642649,Thu Nov 09 23:53:00 +0000 2017,"@NortonSupport Nope, everything else runs at normal CPU usage. After we disabled all their programs, we did a deep scan and went to bed that night. It's been running fine ever since.",2196623,NortonSupport,Thu Nov 09 23:56:09 +0000 2017,"@642649 Also, you can get in touch with support at https://t.co/kp15pYDlL2 if you would like a technician to take a closer look. -Anirban",2196622
2196624,642649,Thu Nov 09 23:53:00 +0000 2017,"@NortonSupport Nope, everything else runs at normal CPU usage. After we disabled all their programs, we did a deep scan and went to bed that night. It's been running fine ever since.",2196625,NortonSupport,Thu Nov 09 23:55:07 +0000 2017,@642649 That is good. We will take full responsibility and fix if you have any issues at all with Norton. Just let us know right here :),2196639
2196627,642649,Thu Nov 09 23:50:15 +0000 2017,"@NortonSupport It came back clean. That's good. Just to let u know, Ubisoft is blaming u guys for their Assassin's Creed game. If u need that, we have a screen shot we can send u.",2196626,NortonSupport,Thu Nov 09 23:51:44 +0000 2017,@642649 That will not be necessary. Are you still having issues of high cpu usage after uninstalling the game? -Anirban,2196624
2196629,642649,Thu Nov 09 23:47:49 +0000 2017,"@NortonSupport Ok, one moment...",2196640,NortonSupport,Thu Nov 09 23:50:14 +0000 2017,@642649 Sure :),
2196630,642649,Thu Nov 09 23:40:52 +0000 2017,"@NortonSupport And FYI, our computer exceeded their maximum specs, by far.",2196628,NortonSupport,Thu Nov 09 23:45:46 +0000 2017,@642649 Alright. Please run a a scan from https://t.co/bM2ojd1vgT Let me know the result -Anirban,"2196627,2196629"
2196633,642649,Thu Nov 09 23:35:23 +0000 2017,@NortonSupport The company I suspect was blaming u guys for my CPU usage spikes.,2196641,NortonSupport,Thu Nov 09 23:36:57 +0000 2017,@642649 Please share a screenshot of the task manager and the cpu usage window. We can look into this for you -Anirban,
2196636,642649,Thu Nov 09 22:42:19 +0000 2017,"@132897  Do u guys currently offer any data mining protection? Is that even a thing yet? If not, how can I check if my comp is being mined without my knowledge? I have a Norton subscription.",2196632,NortonSupport,Thu Nov 09 22:53:01 +0000 2017,@642649 Is there anything in particular regarding data mining that you came across? -Anirban,"2196633,2196631,2196634,2196635"
2196636,642649,Thu Nov 09 22:42:19 +0000 2017,"@132897  Do u guys currently offer any data mining protection? Is that even a thing yet? If not, how can I check if my comp is being mined without my knowledge? I have a Norton subscription.",2196637,NortonSupport,Thu Nov 09 22:51:32 +0000 2017,"@642649 Hi,Meg. Data mining in general refers to data collection and analysis from a larger data base.",
2196639,642649,Thu Nov 09 23:56:12 +0000 2017,"@NortonSupport Not at all, u guys have been great. Thank u!",2196638,NortonSupport,Thu Nov 09 23:57:44 +0000 2017,@642649 We are happy to be of help :),
219858,168419,Thu Oct 05 02:08:34 +0000 2017,"@NortonSupport Naw, I'm good, switching to an incompatible OS fixed it, Thanks for not being mad for me talking trash. I just get passionate.",219856,NortonSupport,Thu Oct 05 02:11:11 +0000 2017,@168419 Okay! You can reach out to us anytime if you need any help with Norton. Have a good day. -Praveen,219857
219860,168419,Thu Oct 05 02:03:24 +0000 2017,@168420 @82581 Are those guys the ones who run Norton? Fuck those guys. Hated trying to figure out the uninstall process when it was either pre-installed,219859,NortonSupport,Thu Oct 05 02:06:07 +0000 2017,"@168419 Sorry for the trouble. Please let us know if you have any issues with uninstalling Norton, we'll help you. -Praveen",219858
2206633,645177,Mon Nov 06 07:57:32 +0000 2017,@NortonSupport データ10個くらい消されてめんどくさいのでいいです…,2206635,NortonSupport,Mon Nov 06 08:10:10 +0000 2017,"@645177 了解いたしました。
スキャンからの除外設定として、フォルダを除外設定し、そこにファイルを入れるという運用もございます。
https://t.co/gomXNw0MUy
「スキャンから除外」「自動保護、SONAR、ダウンロードインテリジェンスの検出から除外」両方での設定が必要です",
2206634,645177,Sun Nov 05 08:45:56 +0000 2017,ノートンさんに許可なく勝手にプラグイン消されておこなんだけど https://t.co/L33V2jU80n,2206632,NortonSupport,Mon Nov 06 02:52:50 +0000 2017,"@645177 ご不便をおかけしております。
ノートンに削除されたファイルは、履歴画面から復元できます。
その際、次回以降のスキャンからの除外設定もしていただけます。-hide

誤ってセキュリティリスクであると識別されたファイルを復元する
https://t.co/sVjGvSHSIJ",2206633
2206637,645178,Fri Nov 03 09:24:25 +0000 2017,突然JoytterがNortonに削除されてしまった。何が原因なんだろう,2206636,NortonSupport,Mon Nov 06 02:42:02 +0000 2017,"@645178 ご不便をおかけしております。
ノートンに削除されたファイルは、以下の方法で復元できます。
その際、次回以降のスキャンからの除外設定もしていただけます。-hide

誤ってセキュリティリスクであると識別されたファイルを復元する
https://t.co/sVjGvSHSIJ",
2206639,645179,Fri Nov 03 09:19:51 +0000 2017,ノートン先生にjoytter消されたわ,2206638,NortonSupport,Mon Nov 06 02:39:56 +0000 2017,"@645179 突然失礼いたします。
ノートンに削除されたファイルは、以下の方法で復元できます。
その際、次回以降のスキャンからの除外設定もしていただけます。-hide

誤ってセキュリティリスクであると識別されたファイルを復元する
https://t.co/sVjGvSHSIJ",
2206641,645180,Thu Nov 02 18:58:26 +0000 2017,@645181 できたー！と思ったらノートン先生に削除されたのでノートン先生アンインストールしようと思いますｗｗｗｗｗｗｗｗｗｗｗｗｗ,2206640,NortonSupport,Mon Nov 06 02:13:41 +0000 2017,"@645180 ご不便をおかけしております。
ノートンに削除されたファイルは、履歴画面から復元できます。
その際、次回以降のスキャンからの除外設定もしていただけます。-hide

誤ってセキュリティリスクであると識別されたファイルを復元する
https://t.co/sVjGvSHSIJ",
2206652,645182,Thu Nov 02 13:56:05 +0000 2017,TS PLAYのWin版あったからインスコしてみたけどノートン先生が邪魔してうまく聴けない,2206651,NortonSupport,Mon Nov 06 01:58:37 +0000 2017,"@645182 もし、ノートンが該当ファイルを削除する、ということでしたら、
以下の方法で復元できます。
その際、次回以降のスキャンの対象からの除外設定もしていただけます。

誤ってセキュリティリスクであると識別されたファイルを復元する
https://t.co/sVjGvSHSIJ",
2211905,259537,Thu Oct 19 14:08:29 +0000 2017,"@nortonsupport I am going to buy a 1 yr sub of premium. It says it will auto renew at £80. If I cancel, will I still be charged next year?",2211904,NortonSupport,Thu Oct 19 14:11:57 +0000 2017,@259537 Hi Lauren! We would like to collect more details about your subscription. Please send us a DM. We can check. - Charlie,
2211907,391560,Thu Oct 19 13:36:04 +0000 2017,@646499 @132897 @43154 Not Kaspersky? ;-),2211906,NortonSupport,Thu Oct 19 13:37:10 +0000 2017,@391560 (Cont..) to us. Please send us a DM. We can check. - Charlie (cc: @132897),
2214460,647101,Sat Nov 04 15:58:20 +0000 2017,あああああ！？ノートンにOFF消された！！！？なんで！！！？,2214459,NortonSupport,Mon Nov 06 07:02:50 +0000 2017,"@647101 ノートンが、危険ではないファイルを削除してしまった、ということでしたら、履歴画面から復元できます。
その際、次回以降のスキャンの対象からの除外設定もしていただけます。

誤ってセキュリティリスクであると識別されたファイルを復元する
https://t.co/sVjGvSHSIJ",
2214953,647232,Fri Nov 10 05:12:46 +0000 2017,ノートンがシージをウィルス扱いしてくる,2214952,NortonSupport,Fri Nov 10 05:37:08 +0000 2017,"@647232 突然失礼いたします。
ノートンに削除されたファイルは、履歴画面から復元できます。
その際、次回以降のスキャンからの除外設定もしていただけます。-hide

誤ってセキュリティリスクであると識別されたファイルを復元する
https://t.co/sVjGvSHSIJ",
2223328,132371,Fri Nov 10 14:02:03 +0000 2017,"@87735 taken paypal of £59.99 for an automatic renewal, no idea what product/service that's for. Emailed earlier in the week and no response, have called twice today to reading office and no answer.Not quite sure how I'm meant to resolve this if no one can speak to me.",2223327,NortonSupport,Fri Nov 10 14:09:09 +0000 2017,@132371 We certainly understand your concern. We need more details to look into this. Please send us a DM. We can check. - Charlie https://t.co/K1tHrA9w85,
2223330,132371,Fri Nov 10 13:53:36 +0000 2017,"@87735 charged £59.99 to my Paypal for an automatic renewal, have no idea what device/product this relates to. Emailed earlier in the week and no response, have now tried to call reading office twice and there's been no response. I'd appreciate help in resolving this.",2223329,NortonSupport,Fri Nov 10 14:00:36 +0000 2017,@132371 Hi Emily! We would like to collect more details about your subscription. Please send us a DM. We can check. - Charlie,
2223332,649255,Fri Nov 10 15:49:23 +0000 2017,"@NortonSupport @132897 Oh dear, it's quite a nuisance if you are on holiday and you can't access any of your passwords",2223334,NortonSupport,Fri Nov 10 15:53:01 +0000 2017,@649255 We understand  your concern. Our team is working as fast as possible to fix this. We will get back you when we have an update. -Charlie,
2223332,649255,Fri Nov 10 15:49:23 +0000 2017,"@NortonSupport @132897 Oh dear, it's quite a nuisance if you are on holiday and you can't access any of your passwords",2223335,NortonSupport,Mon Nov 13 15:56:31 +0000 2017,"@649255 Hi, we hope everything's fine. Please let us know if you still have any issues with Norton. -Steffi",
2223333,649255,Fri Nov 10 13:31:15 +0000 2017,@132897 Can't log on in identity safe today. Known problem? #frustrated,2223331,NortonSupport,Fri Nov 10 13:35:22 +0000 2017,"@649255 Sorry for this inconvenience caused. Our concerned team is working on getting this sorted, we will update you soon. -Harini @132897",2223332
2223337,149064,Fri Nov 10 12:53:41 +0000 2017,@NortonSupport: Hi.  I can't Log-In to Norton Identity Safe when I could earlier.  Is/are there issues/faults with it right now?,2223336,NortonSupport,Fri Nov 10 13:11:58 +0000 2017,@149064 (Cont..) to get this sorted. We really appreciate your patience while we work on this. - Charlie,
2223337,149064,Fri Nov 10 12:53:41 +0000 2017,@NortonSupport: Hi.  I can't Log-In to Norton Identity Safe when I could earlier.  Is/are there issues/faults with it right now?,2223339,NortonSupport,Mon Nov 13 13:24:02 +0000 2017,"@149064 Hi, Our team was able to resolve the issue with Id Safe. May I know if you are able to login to your account? -Dinesh",2340786
2223337,149064,Fri Nov 10 12:53:41 +0000 2017,@NortonSupport: Hi.  I can't Log-In to Norton Identity Safe when I could earlier.  Is/are there issues/faults with it right now?,2223338,NortonSupport,Fri Nov 10 13:11:20 +0000 2017,@149064 Sorry for the trouble! We have temporary issue with Norton Identity Safe app. Our teams are working as fast as possible (cont..),
2223341,649256,Fri Nov 10 12:41:12 +0000 2017,@NortonSupport Are you guys experiencing issues with your Norton Identity Safe? Been trying all day to log in and continued errors denying access,2223342,NortonSupport,Fri Nov 10 13:08:57 +0000 2017,@649256 Sorry for the trouble! We have temporary issue with Norton Identity Safe app and our teams are working on it. We will update you (cont..),
2223341,649256,Fri Nov 10 12:41:12 +0000 2017,@NortonSupport Are you guys experiencing issues with your Norton Identity Safe? Been trying all day to log in and continued errors denying access,2223343,NortonSupport,Mon Nov 13 13:24:08 +0000 2017,"@649256 Hi, Our team was able to resolve the issue with Id Safe. May I know if you are able to login to your account? -Dinesh",2340784
2223341,649256,Fri Nov 10 12:41:12 +0000 2017,@NortonSupport Are you guys experiencing issues with your Norton Identity Safe? Been trying all day to log in and continued errors denying access,2223340,NortonSupport,Fri Nov 10 13:09:57 +0000 2017,@649256 (Cont..) as soon as we get an update on this. We really appreciate your patience while we work on this. - Charlie,
2227976,650294,Fri Nov 10 12:29:29 +0000 2017,"@NortonSupport Oké, no prob, can happen.Thanks for the feedback and a good weekend.",2227975,NortonSupport,Fri Nov 10 12:31:11 +0000 2017,@650294 You are welcome! Have a great weekend. - Charlie,
2227978,650294,Fri Nov 10 12:12:54 +0000 2017,"@NortonSupport Yes i need assistens, cant log in to acces my paswords ect. Is there maintenens?",2227977,NortonSupport,Fri Nov 10 12:28:22 +0000 2017,@650294 (Cont..) Our teams are working as fast as possible to get this sorted. I apologize for any inconvenience this might have caused (cont..),2227976
2227978,650294,Fri Nov 10 12:12:54 +0000 2017,"@NortonSupport Yes i need assistens, cant log in to acces my paswords ect. Is there maintenens?",2227979,NortonSupport,Fri Nov 10 12:28:55 +0000 2017,@650294 (Cont..) We will get back to you as soon as we get an update from the team. - Charlie,2227984
2227978,650294,Fri Nov 10 12:12:54 +0000 2017,"@NortonSupport Yes i need assistens, cant log in to acces my paswords ect. Is there maintenens?",2227980,NortonSupport,Fri Nov 10 12:27:15 +0000 2017,@650294 We have temporary issue with Norton Identity Safe and you might face intermittent errors while accessing vault. (Cont..),
2227983,650294,Fri Nov 10 11:55:48 +0000 2017,Whats wrong with #Norton identity safe?,2227981,NortonSupport,Fri Nov 10 12:02:33 +0000 2017,@650294 Hi Marcel! Are you facing any issue with Norton Identity Safe? Let us know if you need any help with this. - Charlie,"2227978,2227982"
2227984,650294,Fri Nov 10 12:30:27 +0000 2017,@NortonSupport BTW you can tweet with 280 caracters :P,2227985,NortonSupport,Mon Nov 13 13:15:52 +0000 2017,"@650294 Hi, Our team was able to resolve the issue with Id Safe. May I know if you are able to login to your account? -Dinesh",2227986
2227986,650294,Mon Nov 13 13:21:19 +0000 2017,"@NortonSupport Thanks, yes i can use Identity safe again.",2227987,NortonSupport,Mon Nov 13 13:22:25 +0000 2017,"@650294 That's great. If you need any help with Norton in the future, we're just a tweet away -Dinesh",
2227988,120295,Fri Nov 10 15:42:17 +0000 2017,@NortonSupport @650294 In fact I cannot log in to Norton at all. Is my computer safe?,2227990,NortonSupport,Mon Nov 13 16:56:22 +0000 2017,"@120295 Hi Mike, we hope everything's fine. Please let us know if you still have any issues with Norton. -Steffi",2227991
2227988,120295,Fri Nov 10 15:42:17 +0000 2017,@NortonSupport @650294 In fact I cannot log in to Norton at all. Is my computer safe?,2227989,NortonSupport,Fri Nov 10 15:50:49 +0000 2017,@120295 Sorry to hear that! Can you please send us a DM with more details about issue with Norton? We can check. - Charlie https://t.co/K1tHrA9w85,
2227991,120295,Mon Nov 13 19:19:46 +0000 2017,"@NortonSupport Steffi, all OK. Thanks, Mike",2227992,NortonSupport,Mon Nov 13 19:22:11 +0000 2017,@120295 That sounds great! Feel free to tweet us if you need any further help with Norton products in the future. -Steffi,
2227994,650295,Fri Nov 10 11:10:59 +0000 2017,Norton Internet Security have stolen from my account!,2227993,NortonSupport,Fri Nov 10 11:29:00 +0000 2017,"@650295 Hi Terry. We do not have an email address. Please send us a DM, we will look into this for you! -Harini https://t.co/K1tHrA9w85",
2227994,650295,Fri Nov 10 11:10:59 +0000 2017,Norton Internet Security have stolen from my account!,2227995,NortonSupport,Fri Nov 10 11:14:00 +0000 2017,@650295 Hi Terry! Could you please explain what exactly happened? We will help! -Harini,2228001
2227998,650296,Fri Nov 10 11:13:24 +0000 2017,@NortonSupport just a little fun with the first day,2227996,NortonSupport,Fri Nov 10 11:16:45 +0000 2017,"@650296 Sorry again. If you need any help with Norton, we are just a tweet away! -Harini",2227997
2228000,650296,Fri Nov 10 11:02:53 +0000 2017,thank pcsx2 for not installing fucking norton on my back has been tired and also the first time in a few days where i've played ff14.......,2227999,NortonSupport,Fri Nov 10 11:13:19 +0000 2017,@650296 Sorry about that! Are you facing any issues with your Norton product? We can help! -Harini :),2227998
2232364,554405,Fri Nov 10 17:06:55 +0000 2017,"@NortonSupport it's a personal computer, but I don't give my main account admin status.",2232363,NortonSupport,Fri Nov 10 17:14:14 +0000 2017,@554405 We might have to collect some details about your Computer. Do you mind sending us a Direct Message? -Abilash https://t.co/K1tHrA9w85,
2232366,554405,Fri Nov 10 16:46:49 +0000 2017,"@NortonSupport I'm still having this problem. As you can see from the screenshot, the ""security history"" and ""network activity"" buttons are greyed out. I can't click them.",2232365,NortonSupport,Fri Nov 10 17:06:12 +0000 2017,@554405 That looks strange! Is this a personal computer or a work computer? Might be due to some restrictions that were set. -Abilash,2232364
2232368,554405,Mon Sep 25 13:30:02 +0000 2017,@132897 how do you see the history of scans on a mac? It should not be this hard to find the results of previous scans. https://t.co/qLP2sNVwMc,2232367,NortonSupport,Mon Sep 25 20:24:12 +0000 2017,"@554405 Hi, Brad! From your Norton account click on scans&gt;advanced&gt;activity &gt;security history&gt;virus scans to know your history of scans. -Steffi",2232366
2232370,651336,Fri Nov 10 16:24:44 +0000 2017,@132897 Norton Family is having some serious issues right now. All kinds of errors and redirects to the server error page,2232369,NortonSupport,Fri Nov 10 16:31:42 +0000 2017,@651336 Sorry to hear that! We would like to collect more details about this. Please send us a DM here. We can check. - Charlie (cc: @132897),
2243921,654147,Fri Nov 10 22:34:01 +0000 2017,@NortonSupport Norton has had my back during some tough compute times my friend. McAfee can blow it out their ass I was never with them in the first place,2243920,NortonSupport,Fri Nov 10 22:57:44 +0000 2017,"@654147 Thank you for your kind words. If you need any help renewing Norton, let us know. We're more than happy to assist you with that. -Dinesh",
2243924,654147,Fri Nov 10 21:59:00 +0000 2017,McAfee &amp; Norton Anti-Virus want my computer to be so safe they harass me w/ more popups than anything malware could ever dream of,2243922,NortonSupport,Fri Nov 10 22:16:06 +0000 2017,@654147 Having more than one security would conflict between each other. Are you receiving frequent notifications from Norton? -Karthik,"2243921,2243923"
2243928,654149,Fri Nov 10 21:09:12 +0000 2017,"@511046 @NortonSupport Exactly,  I've switched mine off!",2243927,NortonSupport,Fri Nov 10 21:29:54 +0000 2017,"@654149 This feature offers you uninterrupted protection but it's optional. Glad, you got this taken care of! Tweet us if you need any help.-Karthik",
2243929,511046,Fri Nov 10 21:02:43 +0000 2017,"@NortonSupport Yeah I looked at the email you sent regarding this, £79 OR I could buy it from your web page at ....wait for it....£39
So why auto renew? Twice the price 😡",2243930,NortonSupport,Fri Nov 10 21:04:17 +0000 2017,"@511046 Sorry, we would like check what went wrong! Could you please send us a DM with the account details? -Karthik https://t.co/K1tHrA9w85",
2248871,655313,Fri Nov 10 20:15:56 +0000 2017,@NortonSupport Unsuspectingly been duped into auto-renewal via PayPal; no notification to take money and £79.99 charged when only £39.99 on Norton website!  Are you for real?,2248870,NortonSupport,Fri Nov 10 20:25:58 +0000 2017,@655313 Sorry you feel that way! We would like collect more details about your subscription. Please send us a DM here. We can check. - Charlie,
2248873,655314,Fri Nov 10 19:13:20 +0000 2017,"@NortonSupport Having a problem with Firefox and windows, but not Android",2248872,NortonSupport,Fri Nov 10 19:38:22 +0000 2017,@655314 Sorry for the trouble! Our teams are looking into it. We will update here https://t.co/j3QU0ivuv2 as soon as it is fixed. - Charlie,
2248875,527684,Fri Nov 10 18:11:43 +0000 2017,@NortonSupport I had a problem yesterday but all is good now! Still I do agree that this situation needs to be investigated. My thoughts... possible hack in progress?,2248882,NortonSupport,Fri Nov 10 18:17:18 +0000 2017,@527684 This error is due to communication issue and we are glad this is taken care now.We're just a Tweet away if you need help with Norton-Charlie,2248881
2248877,655315,Fri Nov 10 19:06:58 +0000 2017,"@NortonSupport No thanks. Already went through your support. They had plenty of excuses, none of which made me think your company could handle protecting anyone's computer or device. All I want is a refund now.",2248876,NortonSupport,Fri Nov 10 19:25:49 +0000 2017,@655315 We are really sorry to hear about your experience. We would like to collect more details about this. Please send us a DM. - Charlie,
2248879,655315,Fri Nov 10 18:27:11 +0000 2017,.@132897 Having the slowest error-ridden website sure doesn't instill confidence in your product.,2248878,NortonSupport,Fri Nov 10 18:33:40 +0000 2017,@655315 Hi Richard! Please send us DM with more details if you need any help with Norton. We can check. - Charlie,2248877
2248881,527684,Fri Nov 10 18:42:12 +0000 2017,@NortonSupport -Charlie... It could still be a possible hack in progress in my thinking.,2248880,NortonSupport,Fri Nov 10 19:06:46 +0000 2017,@527684 We certainly understand your concern and we will check this. Feel free to reach us out if you need any help with Norton. - Charlie,
224930,169738,Thu Oct 05 05:48:53 +0000 2017,"@169739 ノートンさん、サポートありがとうございますm(__)m
帰宅して夜やってみますね！",224929,NortonSupport,Thu Oct 05 05:55:02 +0000 2017,@169738 もしうまくいかない場合は、こちらまでご連絡いただければと思います。-hide,
224931,169738,Wed Oct 04 11:10:01 +0000 2017,@169739 全くダメです。びんぼっちゃま先生にもナビってもらいましたが、ノートン解雇しかないのかな。と。,224933,NortonSupport,Thu Oct 05 01:06:27 +0000 2017,"@169738 突然失礼いたします。
ノートンに削除されたファイルは、以下の方法で復元できます。

誤ってセキュリティリスクであると識別されたファイルを復元する
https://t.co/sVjGvSHSIJ",
224931,169738,Wed Oct 04 11:10:01 +0000 2017,@169739 全くダメです。びんぼっちゃま先生にもナビってもらいましたが、ノートン解雇しかないのかな。と。,224932,NortonSupport,Thu Oct 05 01:09:12 +0000 2017,"@169738 復元の際にも、次回以降のスキャンから除外する設定をしていただけますが、個別に行う場合は、以下の方法になります。
https://t.co/gomXNw0MUy
「スキャンから除外」「自動保護、SONAR、ダウンロードインテリジェンスの検出から除外」両方で設定してください。",
2258079,657589,Sat Nov 11 01:42:18 +0000 2017,"Hey, @NortonSupport . I got charged through PayPal for a yearly renewal I do not remember agreeing to. I’ve filed a report with them because I don’t do auto renew on anything and don’t need service for as many devices. That, and I still have a few weeks of subscription left.",2258077,NortonSupport,Sat Nov 11 01:45:41 +0000 2017,@657589 Sorry for the trouble. Could you please send us a DM to get more information on this? We'll get this checked. -Prasanna,2258078
2258081,657590,Sat Nov 11 03:38:24 +0000 2017,@NortonSupport Gives message unsafe and removes the update exe file after dow load,2258083,NortonSupport,Sat Nov 11 03:43:21 +0000 2017,"@657590 Thanks for your info. You will have an option to ""Exclude and keep the file"" you can exclude it if you trust the source. -Praveen",
2258082,657590,Sat Nov 11 01:39:21 +0000 2017,@657591 @160676 Why wouldn't ubnt release an update that Norton would accept,2258080,NortonSupport,Sat Nov 11 01:42:03 +0000 2017,@657590 Sorry for the trouble. May I know what happens when you update? -Praveen,2258081
2258085,657590,Sat Nov 11 21:41:16 +0000 2017,"@657591 @160676 Thanks for the replies.  Had to disable Norton to work.  Never had this issue before with updates (weird). All good Now. 
Will check out Viper",2340870,NortonSupport,Sat Nov 11 21:44:12 +0000 2017,@657590 Did you try excluding that file and check if that helps? -Karthik,2340868
2260354,658168,Sun Oct 29 04:59:53 +0000 2017,Ugh. I opened a link on @189075 and it is spam and could be a virus. Hope Norton protects me. #creeps,2260355,NortonSupport,Sun Oct 29 05:07:39 +0000 2017,@658168 Please don't worry. The SONAR Behavioral Protection which detects the signs that a file is dangerous to (1/2),
2260354,658168,Sun Oct 29 04:59:53 +0000 2017,Ugh. I opened a link on @189075 and it is spam and could be a virus. Hope Norton protects me. #creeps,2260353,NortonSupport,Sun Oct 29 05:08:05 +0000 2017,@658168 proactively protect you from new threats. Please run a quick scan and let us know the results. -Prasanna,
2260358,395179,Thu Oct 19 17:13:37 +0000 2017,#itsupport Please help @132897. ANY advice would be appreciated as they have no idea what they're doing. Thanks #norton,2260356,NortonSupport,Thu Oct 19 17:14:18 +0000 2017,@395179 Sorry for the trouble Nicola! We could help you get to the bottom of this. Do you have a case number for this conversation? -Abilash,2260357
2260360,385361,Thu Oct 19 19:48:50 +0000 2017,@NortonSupport Ah I see. Thanks!,2260362,NortonSupport,Thu Oct 19 19:56:03 +0000 2017,@385361 You are welcome! Feel free to reach us out if you have any further help with this. - Charlie,
2260361,385361,Thu Oct 19 16:11:24 +0000 2017,@NortonSupport And can I change this country whenever I want to? Thanks!,2260359,NortonSupport,Thu Oct 19 16:37:30 +0000 2017,"@385361 Hi Monil! You can change VPN server location. However, your countries security policies may get applied. - Charlie",2260360
2262965,616380,Tue Nov 07 09:11:56 +0000 2017,"@NortonSupport お世話になります。
手順2で更新、というのを教えていただきありがとうございます。
ですが、アップデートはできませんでした。

関係ないとは思いますが、マイクロソフトの３Dペイントが強制的にアップデートされてから、アップデートができてません。

どうすればよいでしょうか。 https://t.co/YlP7U4DG6y",2262966,NortonSupport,Wed Nov 08 03:01:20 +0000 2017,"@616380 セキュリティ→履歴、で表示を「ライブアップデート」にして
失敗したアップデートの履歴を見ていただけますでしょうか。
「その他のオプション」等をクリックし、エラーの詳細(エラー番号等)の情報があるといいのですが。",2262967
2263807,654147,Sat Nov 11 02:25:32 +0000 2017,"Let me tell you something Dinesh, we have had some good times. That one night I was downloading Dutch porn and the shit hit the fan, Norton was there. If I’m ever in a pinch again you cats have my business https://t.co/QZ2xHrHJni",2263806,NortonSupport,Sat Nov 11 02:35:31 +0000 2017,"@654147 If you ever need any help with Norton in the future, we're just a tweet away. -Praveen",
2271133,660787,Sat Nov 11 11:52:25 +0000 2017,Thank you @NortonSupport  for all your help! Best customer service ever!,2271132,NortonSupport,Sat Nov 11 11:56:47 +0000 2017,@660787 You are welcome! Thanks for the shout out. We're happy to hear that you are enjoying the service. - Charlie,
2271135,660788,Sat Nov 11 11:06:43 +0000 2017,"@NortonSupport @132897 It says ""fix complete"" but still ""security at risk"". Where can I see the error messages? Using Mac.",2271134,NortonSupport,Sat Nov 11 11:08:44 +0000 2017,"@660788 Please send us a DM, we will walk you through. -Harini https://t.co/K1tHrA9w85",
2271137,660788,Sat Nov 11 11:00:11 +0000 2017,"Doesn't matter how many times I select ""fix now"" it still says ""security at risk"". Time to dump @132897 for someone else?",2271136,NortonSupport,Sat Nov 11 11:02:35 +0000 2017,@660788 Sorry about that. Are you getting any error message or error code from your Norton product? We'll help! -Harini (cc: @132897),2271135
2275606,661867,Tue Nov 07 06:36:18 +0000 2017,Joytterがノートンに凶悪なウィルス判定されて使えなくなってしまった,2275605,NortonSupport,Tue Nov 07 06:44:31 +0000 2017,"@661867 ノートンに、危険ではないファイルを誤検知で削除されてしまった、という場合、
以下の方法でファイルを復元していただけます。

誤ってセキュリティリスクであると識別されたファイルを復元する
https://t.co/sVjGvSHSIJ",
2285445,473824,Thu Oct 19 18:14:06 +0000 2017,@89659 hello there. i just downloaded the protonvpn client and when i want to install it it gets deleted by my norton. is this normal ?,2285444,NortonSupport,Thu Oct 19 18:24:07 +0000 2017,@473824 Sorry about that! Please follow instructions here https://t.co/nWH7XteN0E and let us know if that helps. - Charlie,
228743,170551,Wed Nov 01 23:15:24 +0000 2017,@NortonSupport More crap https://t.co/uG0QMaRrUx,228745,NortonSupport,Wed Nov 01 23:23:55 +0000 2017,"@170551 Hi, please go to Norton&gt;settings&gt;administrative settings and switch off special offer notifications -Anirban",
228744,170551,Wed Oct 18 20:34:07 +0000 2017,#ADWARE @132897 Norton security has become adware.  We have this and that oh and the other damn thing. #PissOff #NotRenewing,228742,NortonSupport,Wed Oct 18 20:41:25 +0000 2017,"@170551 Hi, Sorry if you had a bad experience. Please DM us more details of the issue you are having and I can look into it for you -Anirban",228743
2320907,672610,Thu Oct 19 22:36:36 +0000 2017,@NortonSupport  ad and download Norton privacy it states not compatable,2320906,NortonSupport,Thu Oct 19 22:51:46 +0000 2017,"@672610 Hi, Sharon! We have replied to your private message. -Karthik",
2325778,673669,Fri Nov 10 11:54:45 +0000 2017,"@NortonSupport 上手くいきました！

わざわざありがとうございます。",2325780,NortonSupport,Mon Nov 13 01:09:40 +0000 2017,"@673669 それはよかったです！
ご連絡、ありがとうございます。",
2325779,673669,Tue Nov 07 15:08:56 +0000 2017,"ノートンがモンハンのファイル消しまくって進まねー

何回除外すればいーんだよ",2325777,NortonSupport,Wed Nov 08 00:25:19 +0000 2017,"@673669 ノートンをご利用いただき、ありがとうございます。
除外設定ですが、以下の方法をお試しいただけますでしょうか。
https://t.co/gomXNw0MUy
「スキャンから除外」「自動保護、SONAR、ダウンロードインテリジェンスの検出から除外」両方での設定をお願いいたします。",2325778
2325782,673670,Tue Nov 07 14:15:13 +0000 2017,いいオナニーの日だから気になってたソフト買ってシコシコしようと思ってたのにノートン先生に邪魔されまくってマジおジャ魔女カーニバル,2325781,NortonSupport,Wed Nov 08 00:23:04 +0000 2017,"@673670 突然失礼いたします。
ノートンが削除したファイルは、以下の方法で復元できます。
その際、次回以降のスキャン対象からの除外設定もしていただけます。-hide

誤ってセキュリティリスクであると識別されたファイルを復元する
https://t.co/sVjGvSHSIJ",
232804,171417,Thu Oct 05 09:03:13 +0000 2017,"@NortonSupport iPad, running on IOS11",232806,NortonSupport,Thu Oct 05 09:07:22 +0000 2017,"@171417 Thank you. Please send us a DM, we would like to gather more information related to this issue. -Harini",
232805,171417,Thu Oct 05 08:56:10 +0000 2017,"@NortonSupport 
Been using the vpn for two weeks now, mostly good so far.
Connection drops out on a regular basis, and can’t turn it off on occasion, any ideas ?",232803,NortonSupport,Thu Oct 05 09:02:18 +0000 2017,@171417 Hi Andrew. We will help you with this concern :) Can you tell us on which device you are using Norton Wifi Privacy app? -Harini,232804
2340779,677106,Mon Nov 13 12:52:58 +0000 2017,"@NortonSupport @132897 If you have an automated system which allegedly picks up viruses, you should also have an automated system to correct errors. #poorservice",2340780,NortonSupport,Mon Nov 13 12:55:34 +0000 2017,@677106 Sorry! I do understand your frustration. Let me go ahead and check with the concerned team and get back to you as soon as possible. -Dinesh,
2340779,677106,Mon Nov 13 12:52:58 +0000 2017,"@NortonSupport @132897 If you have an automated system which allegedly picks up viruses, you should also have an automated system to correct errors. #poorservice",2340778,NortonSupport,Mon Nov 13 14:07:50 +0000 2017,@677106 Our team has manually analyzed your website and it is currently rated green. You can check the rating here: https://t.co/r6HbzYnKOO -Dinesh,
2340783,677106,Mon Nov 13 12:31:09 +0000 2017,Dear @132897 I am EXTREMELY unhappy that your software is INCORRECTLY reporting a virus on my site https://t.co/MABqzTsKM7 Your Meta tags fix doesn't work. Customer service useless. Please fix asap!!!,2340781,NortonSupport,Mon Nov 13 12:35:52 +0000 2017,@677106 Sorry for the trouble. Please try the steps in the link here: https://t.co/shxBCRxW3Y. Let me know if it helps -Dinesh (cc: @132897),"2340779,2340782"
2340784,649256,Mon Nov 13 17:03:00 +0000 2017,@NortonSupport Thanks yes we logged in this morning successfully,2340785,NortonSupport,Mon Nov 13 17:13:36 +0000 2017,"@649256 That's great! If you need any help with Norton in the future, we're just a tweet away -Dinesh",
2340786,149064,Mon Nov 13 20:25:35 +0000 2017,"@NortonSupport Yes I am, thanks!",2340787,NortonSupport,Mon Nov 13 20:27:24 +0000 2017,"@149064 Happy to hear that. If you need any help with Norton in the future, we're just a tweet away -Dinesh",
2340790,622305,Mon Nov 13 10:51:43 +0000 2017,@NortonSupport I've just told you the problem,2340788,NortonSupport,Mon Nov 13 11:01:05 +0000 2017,@622305 Sorry that you've been on for a long time. Please send us a DM to get more information and help you with the problem. -Prasanna,2340789
2340793,622305,Mon Nov 13 10:48:20 +0000 2017,@NortonSupport Paid for a tune up online and received an email with a phone number to call - I've now been on hold with that number for 1hr and 12 mins.,2340791,NortonSupport,Mon Nov 13 10:51:00 +0000 2017,"@622305 We do apologize for the inconvenience. Please let us know the problem, we could help. -Prasanna","2340792,2340790"
2340795,622305,Mon Nov 13 10:40:16 +0000 2017,"Paid £39.99 for a @132897 computer tune up, but after an hour waiting on hold, I'm beginning to think they only have one staff member working there.",2340794,NortonSupport,Mon Nov 13 10:47:04 +0000 2017,@622305 Sorry for the delay. Could you please elaborate the issue you're facing with Norton Computer Tune-up? We can help. -Prasanna,2340793
2340797,677109,Mon Nov 13 04:34:04 +0000 2017,"@NortonSupport そういうことになります。
現在はwifiプライバシーをOFFにすることで接続が可能になっております。",2340796,NortonSupport,Mon Nov 13 04:52:19 +0000 2017,"@677109 弊社としては、WiFiプライバシーを1つ契約してAPにつなげば、
APにテザリングで繋いだすべての端末でVPNが使用できる、という使い方は
できない仕様にさせていただいております。",
2340797,677109,Mon Nov 13 04:34:04 +0000 2017,"@NortonSupport そういうことになります。
現在はwifiプライバシーをOFFにすることで接続が可能になっております。",2340798,NortonSupport,Mon Nov 13 04:51:51 +0000 2017,"@677109 そうなると、WiFiプライバシーの問題というより、
APから同時に複数の異なる回線での通信が可能かどうか、という問題になってくると思います。",
2340800,677109,Mon Nov 13 04:16:48 +0000 2017,"@NortonSupport 返信ありがとうございます。

実際は保護の有無ではなく、wifiプライバシーをONにしている状態でテザリングを行うと、接続機器が接続状態になるものの、通信のやりとりが出来ない、ということです。",2340799,NortonSupport,Mon Nov 13 04:31:03 +0000 2017,"@677109 アクセスポイントとなる機器からWiFiプライバシーを使用しながら、
APに接続している機器が、APからWiFiプライバシーで守られていない回線につながるようにしてほしい、ということでしょうか。",2340797
2340802,677109,Mon Nov 13 02:18:36 +0000 2017,"ノートンwifiつけっぱなしだとテザリングが出来ない。
なんでこんなソフトにお金を払ってしまったんだ。。。",2340801,NortonSupport,Mon Nov 13 04:06:15 +0000 2017,"@677109 申し訳ございません。
WiFiプライバシーをインストールしたデバイスのWi-Fi接続のみが保護され、
テザリング接続しているほかのデバイスは保護されない、という仕様になっております。
https://t.co/qwypIWMmEL",2340800
2340804,144208,Mon Nov 13 04:31:53 +0000 2017,"@NortonSupport リプライありがとうございます。
昨晩はそのまま使用してシャットダウン、本日先程起動したところ、ノートンさんはグリーンライトで「保護されています」とご機嫌なご様子です。昨晩の不機嫌は何だったのでしょう？(^_^;)
ちなみに製品は最新版(アップデートもして最新の状態)です。",2340803,NortonSupport,Mon Nov 13 04:33:49 +0000 2017,"@144208 ご返信、ありがとうございます。
一時的な不具合だったようです。
とにかく、正常な動作に戻ったようで、なによりです。",
2340806,677110,Mon Nov 13 11:45:54 +0000 2017,"@NortonSupport あ、ご親切にどうもです
すみません、あんな事呟きましたが正直復旧方法知ってまして現在正常稼働しております
ご面倒お掛けしました",2340808,NortonSupport,Tue Nov 14 01:29:00 +0000 2017,"@677110 それはよかったです。
ご連絡、ありがとうございました。-hide",
2340807,677110,Sun Nov 12 07:09:23 +0000 2017,ノートン貴様ぁ!!げんげっちゅの構成ファイルをばんばん消すんじゃあない!!,2340805,NortonSupport,Mon Nov 13 03:54:43 +0000 2017,"@677110 突然失礼いたします。
ノートンに削除されたファイルは、履歴画面から復元できます。
その際、次回以降のスキャンからの除外設定もしていただけます。-hide

誤ってセキュリティリスクであると識別されたファイルを復元する
https://t.co/sVjGvSHSIJ",2340806
2340810,677111,Sun Nov 12 10:53:22 +0000 2017,思い出した。ノートン先生DLタイプ使ってたんだった。アカウントにログインせんといかんのやな。アカウント覚えてないな？？？？？でも止めるにしても機種追加するにしてもアカウントいるから思い出さねば。,2340809,NortonSupport,Mon Nov 13 03:52:36 +0000 2017,"@677111 もし、アカウントのメールアドレスは分かっているがパスワードを失念、という場合は
こちらのリンク先でパスワードをリセットしていただけます。
https://t.co/fSpwqTKxwg
メールアドレスもお忘れの場合、当アカウントで確認できます。",
2340812,677112,Sun Nov 12 07:42:56 +0000 2017,ノートンの24時間　チャットサポートが使えない。 https://t.co/btjB8GAout,2340811,NortonSupport,Mon Nov 13 03:47:45 +0000 2017,"@677112 ノートンサポートです。
チャットサポートへのアクセスができなかった、ということでしょうか。
よろしければ、その時間帯を教えていただけますでしょうか。",
2340814,677113,Sun Nov 12 11:34:24 +0000 2017,ノートン先生、エロゲの体験版を食べないでください。マジで。,2340813,NortonSupport,Mon Nov 13 03:35:37 +0000 2017,"@677113 突然失礼いたします。
ノートンに削除されたファイルは、履歴画面から復元できます。
その際、次回以降のスキャンからの除外設定をしていただけます。-hide

誤ってセキュリティリスクであると識別されたファイルを復元する
https://t.co/sVjGvSHSIJ",
2340816,677114,Sat Nov 11 13:43:29 +0000 2017,メタセコ開くとノートン先生が何か削除するからメタセコという選択肢を外すしかない予感…,2340815,NortonSupport,Mon Nov 13 02:03:29 +0000 2017,"@677114 ご不便をおかけしております。
ノートンに削除されたファイルは、以下の方法で復元できます。
その際、次回以降のスキャンからの除外設定もしていただけます。-hide

誤ってセキュリティリスクであると識別されたファイルを復元する
https://t.co/sVjGvSHSIJ",
2340819,677115,Sat Nov 11 09:59:42 +0000 2017,久しぶりに腰を据えてフリゲしようとDLしてたやつ解凍して開く端からノートンに消されてキレそう,2340817,NortonSupport,Mon Nov 13 02:00:09 +0000 2017,"@677115 突然失礼いたします。
ノートンに削除されたファイルは、履歴画面から復元できます。
その際、次回以降のスキャンからの除外設定もしていただけます。-hide

誤ってセキュリティリスクであると識別されたファイルを復元する
https://t.co/sVjGvSHSIJ",2340818
2340821,677116,Sat Nov 11 08:37:53 +0000 2017,んで、影廊やろうとしてもノートンさんが駄目っ！危ないから消すね！って行ってきて遊べませんでした。大人しく実況観るか……,2340820,NortonSupport,Mon Nov 13 01:57:45 +0000 2017,"@677116 ご不便をおかけしております。
ノートンに削除されたファイルは、以下の方法で復元できます。
その際、次回以降のスキャンからの除外設定もしていただけます。-hide

誤ってセキュリティリスクであると識別されたファイルを復元する
https://t.co/sVjGvSHSIJ",
2340823,677117,Fri Nov 10 09:10:02 +0000 2017,ノートンIDセーフが起動しない。,2340822,NortonSupport,Mon Nov 13 01:23:16 +0000 2017,"@677117 ご不便をおかけして申し訳ございません。
IDセーフのほうの不具合は、現在復旧しております。-hide",
2340825,677118,Sun Nov 12 20:14:58 +0000 2017,"@NortonSupport With repect Steffi, unless you are on the board, you are not going to get close.",2340824,NortonSupport,Sun Nov 12 20:16:28 +0000 2017,@677118 Could you please provide the Name/version of Norton product you have? -Steffi,
2340827,677118,Sun Nov 12 20:11:03 +0000 2017,@NortonSupport Activating Reply … Please wait …,2340826,NortonSupport,Sun Nov 12 20:13:16 +0000 2017,@677118 Sure! Please send us a DM with more details. We will be happy to assist you. -Steffi https://t.co/K1tHrA9w85,2340825
2340829,677118,Sun Nov 12 20:06:47 +0000 2017,"If any of you are thinking of using Norton AntiVirus, my recommendation is don’t. I cannot believe what an amateur setup they are. Seriously.",2340828,NortonSupport,Sun Nov 12 20:09:39 +0000 2017,@677118 Sorry for the inconvenience caused. Could you please let us know the concern? We can look into it. -Steffi,2340827
2340832,644513,Sun Nov 12 16:46:18 +0000 2017,@132897 just had an Amazon voucher email from you. Real or phishing? I've not clicked the link as yet,2340830,NortonSupport,Sun Nov 12 17:00:30 +0000 2017,@644513 Hi Louise! We would like to collect more details about this. Please send us a DM. We can check. (cc: @132897) - Charlie,2340831
2340834,677119,Sun Nov 12 14:10:17 +0000 2017,your online store is broken...I cant buy a product @132897,2340833,NortonSupport,Sun Nov 12 14:17:46 +0000 2017,@677119 Sorry about that!Are you getting any error while purchasing Norton subscription?Please send us a DM.We can check.(cc: @132897)-Charlie,
2340836,677120,Sun Nov 12 14:14:24 +0000 2017,@132897 While Norton claims to be an online security provider but it has become a big threat to security of our credit cards. Contact.,2340835,NortonSupport,Sun Nov 12 14:17:30 +0000 2017,@677120 Sorry you feel this way. Are you facing any issues with your Norton product? We will help! -Harini (cc: @132897),
2340838,248885,Sun Nov 12 09:02:29 +0000 2017,"@NortonSupport Hi Harini, thanks so much yes I was able to enter it that way. Thanks for your help 👍",2340837,NortonSupport,Sun Nov 12 09:04:48 +0000 2017,@248885 Perfect! Tweet us if you need any help with Norton. -Harini :),
2340840,248885,Sun Nov 12 08:51:53 +0000 2017,"@NortonSupport Hi Harini,yes can access other websites &amp; have just installed your 30day free trial as it's just the setup page not working",2340839,NortonSupport,Sun Nov 12 08:57:02 +0000 2017,@248885 Thats strange. Please open your Norton trial version  &gt; Help &gt; Enter a product key and let us know if you are able to activate. -Harini,2340838
2340842,248885,Sun Nov 12 08:45:35 +0000 2017,"@NortonSupport Hi Harini, thanks but no sorry that did not work either.",2340841,NortonSupport,Sun Nov 12 08:47:29 +0000 2017,@248885 Do you suspect any threat on this computer? Are you able to access any other website? -Harini,2340840
2340844,248885,Sun Nov 12 08:28:09 +0000 2017,"@NortonSupport Hi Harini, yes it worked off my phone but I thought I had to be on my PC for it to install onto there? Thanks",2340843,NortonSupport,Sun Nov 12 08:35:22 +0000 2017,@248885 Could you check if you are able to access https://t.co/dWGfkhD3le from your PC? -Harini,2340842
2340846,248885,Sun Nov 12 08:23:31 +0000 2017,"@NortonSupport Hi Harini, yes it says unable to access site 😫 I was trying to put in my new licence key",2340845,NortonSupport,Sun Nov 12 08:26:14 +0000 2017,@248885 Sorry about that. Have you tried accessing this site on a different device? -Harini,2340844
2340848,248885,Sun Nov 12 08:14:47 +0000 2017,"@NortonSupport the page https://t.co/lf7MeNQ6wp is not working from my pc, is there an issue at your end? Thanks",2340847,NortonSupport,Sun Nov 12 08:18:05 +0000 2017,@248885 Hi! Are you getting any error? We are able to access this site. -Harini,2340846
2340850,260738,Sun Nov 12 06:12:20 +0000 2017,@NortonSupport Take your time. I'm blowing up your Facebook page next...and then everyone I know...you really think someone buys 2 subscriptions voluntarily?,2340849,NortonSupport,Sun Nov 12 06:25:57 +0000 2017,@260738 We're checking this with our resources here. Please bear with us. We'll get back to with an update. -Prasanna,
2340852,260738,Sun Nov 12 06:08:23 +0000 2017,"@NortonSupport buy hey, you only lost a customer..well, according to you. .2 customers. Gotta go. Lots of people to share with.",2340851,NortonSupport,Sun Nov 12 06:09:15 +0000 2017,@260738 We'll get back to you once we have an update. -Prasanna (2/2),2340850
2340854,260738,Sun Nov 12 06:04:37 +0000 2017,"@NortonSupport Lol. Replied by denying a refund..come on now..share all the facts, not just some. Explain again why you think I bought 2 subscriptions for the same thing..and that it wasn't a fraudulent charge...really enjoyed the broken English of your Indian chat agents though..",2340853,NortonSupport,Sun Nov 12 06:09:03 +0000 2017,@260738 Sorry that you had a bad experience with our support. We're already checking with our resources. (1/2),
2340856,260738,Sun Nov 12 05:55:44 +0000 2017,@132897  I guess DM'S make it easier for you to deny a refund for billing twice for the same thing. Buh-bye now. McAfee says hello.,2340855,NortonSupport,Sun Nov 12 05:58:45 +0000 2017,"@260738 Sorry, you feel this way, Daniel. We've replied to your DM. -Prasanna",2340854
2340858,260738,Sun Nov 12 05:26:22 +0000 2017,@NortonSupport Sent...,2340857,NortonSupport,Sun Nov 12 05:27:47 +0000 2017,@260738 We've replied to your DM. -Prasanna,
2340860,260738,Sun Nov 12 05:09:35 +0000 2017,@NortonSupport He is saying no refund. Past 60 days. Fails to comprehend this: why would I buy the same thing twice...,2340859,NortonSupport,Sun Nov 12 05:11:06 +0000 2017,@260738 Could you please send us DM to get more details? We'll check our options here. -Prasanna,2340858
2340862,260738,Sun Nov 12 05:03:30 +0000 2017,"@NortonSupport Will do. Shivek said no. Ritesh is ""researching""",2340861,NortonSupport,Sun Nov 12 05:08:17 +0000 2017,@260738 Okay! It could you be possible that he is checking with his resources. Let us know how it goes. -Prasanna,2340860
2340864,260738,Sun Nov 12 04:58:29 +0000 2017,@NortonSupport I'd rather wait until the overseas supervisor also tells me you won't refund me,2340863,NortonSupport,Sun Nov 12 05:01:36 +0000 2017,"@260738 Please let us know if you've got your refund. If not, please send us a DM to get more info. We can help. -Prasanna",2340862
2340866,260738,Sun Nov 12 04:51:54 +0000 2017,@132897 and your wonderful overseas agent says you can't refund me.,2340865,NortonSupport,Sun Nov 12 04:56:11 +0000 2017,@260738 Sorry for the trouble. That's not a kind of experience we want our customers to have. Could you please send us a DM? -Prasanna,2340864
2340868,657590,Sat Nov 11 21:59:38 +0000 2017,"@NortonSupport Didn't know how,  just shut off smart download for 15 minutes and it worked. Before that the file would be removed as soon as it was downloaded",2340867,NortonSupport,Sat Nov 11 22:07:18 +0000 2017,"@657590 You can check this under ""Security&gt;History"" from your Norton product. Let us know if you can find it. -Karthik",
2340868,657590,Sat Nov 11 21:59:38 +0000 2017,"@NortonSupport Didn't know how,  just shut off smart download for 15 minutes and it worked. Before that the file would be removed as soon as it was downloaded",2340869,NortonSupport,Tue Nov 14 22:09:48 +0000 2017,@657590 Hi Ron! We are just following up to see if you still need any further help with this. -Steffi,2340871
2340871,657590,Tue Nov 14 23:37:14 +0000 2017,"@NortonSupport No,   thank-you for the follow up.  I don't know why Norton chose to find this update unsafe when the similar updates didn't raise any flags before.  The suggestions worked to allow the update this time. Appreciate the follow up.",2340872,NortonSupport,Tue Nov 14 23:39:18 +0000 2017,@657590 Welcome :) Do let us know if you need further assistance -Anirban,2340873
2340873,657590,Wed Nov 15 00:59:15 +0000 2017,@NortonSupport Will do.  Thanks again,2340874,NortonSupport,Wed Nov 15 01:06:16 +0000 2017,@657590 You are welcome. :),
2340876,677121,Sat Nov 11 18:49:39 +0000 2017,"For years I used @132897 to protect my PC, however since I ceased using their service I’ve had more aggro from their remorseless attempts to claw me back as a subscriber than I ever had from nefarious computer miscreants! Say NO to Norton! NO!! 👀🙄😱",2340875,NortonSupport,Sat Nov 11 19:00:47 +0000 2017,@677121 Sorry for any inconvenience this might have caused. We need more details to get this sorted. Please send us a DM.(cc: @132897)-Charlie,
2340878,677122,Sat Nov 11 18:09:49 +0000 2017,@NortonSupport can I renew my Norton subscription via buying the same subscription again from a shop?,2340877,NortonSupport,Sat Nov 11 18:12:47 +0000 2017,"@677122 You can activate Norton subscription with new key but, it will be considered as new activation. - Charlie",
2340880,677123,Sat Nov 11 17:52:34 +0000 2017,@NortonSupport I have just purchased a sealed Norton 360 gold version 5.0 and wanted to know if would be compatible with Windows 10 before I open it. Could you please tell me as only has older os details on back of packet.,2340879,NortonSupport,Sat Nov 11 18:01:44 +0000 2017,"@677123 Hi, Mark! Yes, it's compatible with Windows 10. For reference https://t.co/Tpan55P5u0. Let us know if you need further help. -Karthik",
2340882,677124,Sat Nov 11 17:29:22 +0000 2017,@NortonSupport @132897 Or you could just turn them off altogether...,2340881,NortonSupport,Sat Nov 11 17:38:23 +0000 2017,@677124 Your feedback is really important to us and we will definitely share this with the concerned team. Let us know if... https://t.co/FSf5gAsXau,
2340884,677124,Sat Nov 11 17:05:45 +0000 2017,"I’m so slow sometimes...I paid for @132897, not realizing that its main use is to show me ads for their other products...meanwhile I was totally happy with my other ad providers!

I guess I should spend more time studying what I’m buying...gosh do I feel silly!",2340883,NortonSupport,Sat Nov 11 17:27:34 +0000 2017,"@677124 Sorry you feel that way!You can turn off""Special Offer Notifications""from Settings.Let us know if you need help.-Charlie(cc: @132897)",2340882
2351434,679601,Mon Nov 13 19:03:44 +0000 2017,@NortonSupport  https://t.co/vu8Oo2OI4y,2351436,NortonSupport,Mon Nov 13 19:09:09 +0000 2017,@679601 Oops! Sorry! I was just helping you based on some similar scenarios we have seen in the past. Simple but effective. -Steffi,2351437
2351435,679601,Mon Nov 13 16:33:34 +0000 2017,"@NortonSupport @8501 No, I'm not. Wrong password, I tried with old one and the new. I only have access to vault from the windows app but I need it from my android app.",2351433,NortonSupport,Mon Nov 13 16:49:48 +0000 2017,@679601 Could you please check whether is caps lock is turned off and make sure you don't leave any space. -Steffi,2351434
2351437,679601,Mon Nov 13 19:35:50 +0000 2017,"@NortonSupport But not in this scenario, you have to read more carefully before answering. I can login in the website with the new password now but I can not access from the mobile, weird. Maybe is a matter of time.",2351438,NortonSupport,Mon Nov 13 19:45:22 +0000 2017,@679601 login in with your new password? Let us know how it goes. -Steffi,2351440
2351437,679601,Mon Nov 13 19:35:50 +0000 2017,"@NortonSupport But not in this scenario, you have to read more carefully before answering. I can login in the website with the new password now but I can not access from the mobile, weird. Maybe is a matter of time.",2351439,NortonSupport,Mon Nov 13 19:44:47 +0000 2017,@679601 Sorry about that! Could you please try uninstalling and reinstalling your Norton identity safe on your mobile device and then try (cont),
2351440,679601,Mon Nov 13 20:06:17 +0000 2017,"@NortonSupport it works, thanks. 👌",2351441,NortonSupport,Mon Nov 13 20:08:16 +0000 2017,@679601 That sounds great! Feel free to reach out to us if you need any help with Norton products in the future. -Steffi,
2351443,679601,Mon Nov 13 16:19:54 +0000 2017,@8501 I have changed my vault from Norton Identity Safe correctly but now I can't access my passwords. @NortonSupport answer: create a new vault. It's a joke!!!,2351442,NortonSupport,Mon Nov 13 16:24:50 +0000 2017,@679601 Sorry about that! Can you please check if you are able to access the vault from https://t.co/XzY0Uli5z3? -Steffi (cc: @8501),2351435
2351445,679602,Fri Nov 10 18:19:49 +0000 2017,"Ich glaube, ich habe @132897 gecrasht. Seit dem ich online meine Seriennummer eingegeben habe, bekomme ich nur noch einen Systemfehler auf der Website angezeigt. War das etwa der Code zur Apokalypse?? 🤣🤣🤣",2351444,NortonSupport,Mon Nov 13 15:36:09 +0000 2017,"@679602 Sehr geehrter Kunde,

vielen Dank für Ihre Nachricht, auf welcher Webseite haben Sie den Code eingegeben?

Mit freundlichen Grüßen,
Norton",
2368722,683619,Mon Nov 13 20:54:19 +0000 2017,Yall @132897 what you chattin’? https://t.co/GoYil8YP18,2368721,NortonSupport,Mon Nov 13 20:58:30 +0000 2017,@683619 Sorry about that! Could you try these steps at this link: https://t.co/i0UPZzrFlL and let us know if that helps? -Steffi (cc: @132897),
2369489,683817,Tue Nov 14 01:36:27 +0000 2017,@AppleSupport I uninstalled/reinstalled Norton on my iMac.  Problem went away on both my iMac and Macbook Air even though I did nothing at all to my Macbook.  Weird.,2369490,NortonSupport,Tue Nov 14 01:46:51 +0000 2017,"@683817 Hi Rex, let us know if you need any help with your Norton products. :) -raj",
237256,161749,Sun Oct 01 00:47:35 +0000 2017,@NortonSupport Am I supposed to set anything in these Android 8 Settings screen? https://t.co/YQCLUeWnMG,237258,NortonSupport,Sun Oct 01 01:14:34 +0000 2017,"@161749 Yes, please try enabling 'Norton WiFi Privacy' and see if that helps. -Karthik",
237257,161749,Sun Oct 01 00:28:02 +0000 2017,@NortonSupport Version is 2.3.0.9076,237255,NortonSupport,Sun Oct 01 00:37:03 +0000 2017,@161749 You have the updated version. Could please provide the screenshot with the error message? We can check. -Karthik,237256
237305,161770,Mon Oct 02 06:39:29 +0000 2017,人間がやってないのかなノートンサポート垢…,237303,NortonSupport,Mon Oct 02 06:47:02 +0000 2017,"@161770 「前回の保護・除外設定が間違っていた・うまくいってないかもしれないからやり直します」
こちらも@masaki_kkmt 様のつぶやきをそのように理解し、案内致しました。
どこかおかしい所がございましたでしょうか。",237304
237468,161749,Sat Sep 30 23:28:11 +0000 2017,@NortonSupport Is Norton WiFi Security supported on Android 8.0.0?  After myphone was updated from 7.1.2 to 8.0.0 VPN connections don't work,237467,NortonSupport,Sun Oct 01 00:20:04 +0000 2017,"@161749 Sorry, John! That shouldn't happen! Did you try reinstalling Norton WiFi Privacy and check if that helps? -Karthik",
237468,161749,Sat Sep 30 23:28:11 +0000 2017,@NortonSupport Is Norton WiFi Security supported on Android 8.0.0?  After myphone was updated from 7.1.2 to 8.0.0 VPN connections don't work,237469,NortonSupport,Sat Oct 07 07:28:51 +0000 2017,@161749 Hi John! Were you able to clear and cache data? Let us know if you still need any help with your Norton WiFi Privacy -Prasanna,2059066
2375986,685327,Mon Nov 13 15:00:22 +0000 2017,"NortonのHPが魔境と化している

製品買ってるはずなんだが製品ページに飛ばされ買え買え言われる＞＜

製品コードもどこにあるのだかわからない
https://t.co/EOK6BxliB7
#Norton",2375985,NortonSupport,Tue Nov 14 02:01:52 +0000 2017,"@685327 ノートンサポートです。
よろしければ、お困りの点について、詳細を教えていただけませんでしょうか。",
2375988,685328,Tue Nov 14 00:16:52 +0000 2017,"@NortonSupport after the white flashing is yellow flashing for setup, help!",2375987,NortonSupport,Tue Nov 14 01:17:33 +0000 2017,@685328 active internet connection on your modem? -raj,
2375988,685328,Tue Nov 14 00:16:52 +0000 2017,"@NortonSupport after the white flashing is yellow flashing for setup, help!",2375989,NortonSupport,Tue Nov 14 01:17:23 +0000 2017,@685328 Sorry for the trouble Steven! Looks like your Norton Core is not connected to internet. Could you pleases check if there is an (cont),
2375988,685328,Tue Nov 14 00:16:52 +0000 2017,"@NortonSupport after the white flashing is yellow flashing for setup, help!",2375990,NortonSupport,Fri Nov 17 01:42:55 +0000 2017,"@685328 Hi, Steven. Hope you’re doing good. We’re following up to see if you were able to resolve the connection issues with your Norton Core. Let me know if you still need any help. :) -raj",
2375992,685329,Tue Nov 14 00:15:54 +0000 2017,"@92812 I've notified @NortonSupport to express concerns on this. I expect Norton to screen my PC for malicious code, not to police my content, and I certainly don't expect Norton to trust the wisdom of trolls. Hopefully Norton does the right thing and whitelists Butterfly Soup ASAP.",2375991,NortonSupport,Tue Nov 14 00:23:42 +0000 2017,"@685329 Sorry about the trouble Shawn, if you trust the file, follow the steps provided here: https://t.co/wYcH7Rd0co Does this help. -raj",
2375995,685330,Tue Nov 14 00:04:18 +0000 2017,"@NortonSupport @132897 Took 3 hours to get to this point after lots of norton attempts to change mind, so no ty, also cancel button doesn’t work #computertakeover",2375997,NortonSupport,Fri Nov 17 00:12:24 +0000 2017,"@685330 Hi Ryan, were you able to remove your Norton? Let us know. -raj",2376000
2375995,685330,Tue Nov 14 00:04:18 +0000 2017,"@NortonSupport @132897 Took 3 hours to get to this point after lots of norton attempts to change mind, so no ty, also cancel button doesn’t work #computertakeover",2375994,NortonSupport,Tue Nov 14 00:10:03 +0000 2017,@685330 removal tool: https://t.co/CRqluSP3cE Let me know if you need any further help. -raj,
2375995,685330,Tue Nov 14 00:04:18 +0000 2017,"@NortonSupport @132897 Took 3 hours to get to this point after lots of norton attempts to change mind, so no ty, also cancel button doesn’t work #computertakeover",2375996,NortonSupport,Tue Nov 14 00:09:47 +0000 2017,@685330 I could understand your frustration. I suspect that some of your Norton files might be corrupted. Please run this (cont),
2375999,685330,Mon Nov 13 23:42:08 +0000 2017,@132897 bordering on three hours to uninstall ur expired program. Stop killing my #computer cuz I don’t use you anymore #thenewmcafee https://t.co/uxlc7pmTiz,2375998,NortonSupport,Mon Nov 13 23:50:58 +0000 2017,"@685330 Sorry about the trouble Ryan, could you click on Cancel to see if it finishes uninstalling? -raj (cc: @132897)",2375995
2376000,685330,Fri Nov 17 00:21:06 +0000 2017,@NortonSupport Yes it finally concluded and uninstalled thanks for the follow up.,2376001,NortonSupport,Fri Nov 17 00:21:50 +0000 2017,@685330 You are welcome. :) -raj,
237899,172624,Wed Oct 04 19:07:14 +0000 2017,"@NortonSupport yup, got it all working and figured out, thanks.",237901,NortonSupport,Wed Oct 04 19:09:47 +0000 2017,@172624 Great! Feel free to reach us out if you need any help with Norton in the future. We will be more than happy to help. - Charlie,
237900,172624,Sun Sep 03 19:14:50 +0000 2017,@NortonSupport i have the security suite that comes free to xfinity customers,237898,NortonSupport,Wed Sep 06 19:33:29 +0000 2017,"@172624 Hi, were you able to able add exceptions in Norton? Let me know if you need further assistance -Anirban",237899
237903,172624,Sun Sep 03 19:03:08 +0000 2017,"@172625 oh joy, so i guess i have to figure out how to disable norton, and then reinstall it again?",237902,NortonSupport,Sun Sep 03 19:07:06 +0000 2017,@172624 You can add an exception for this folder in Norton. What Norton program do you use? -Anirban,237900
238040,172646,Sun Oct 01 02:35:59 +0000 2017,@NortonSupport 🧐👍👍 https://t.co/H61RrtxcfQ,238038,NortonSupport,Sun Oct 01 03:29:41 +0000 2017,"@172646 Thanks for your compliments! If you ever need any help with Norton, we're just a tweet away :) -Prasanna",238039
238042,172646,Sun Oct 01 02:26:26 +0000 2017,This is what all company should be doing. . . https://t.co/O8ZIvcHIks,238041,NortonSupport,Sun Oct 01 02:33:09 +0000 2017,@172646 You are welcome! :) -Karthik,238040
238174,172665,Mon Oct 02 03:37:46 +0000 2017,Oh crap i cant cus havent backed up pc on norton yet cus expired but when upgrade tomorrow then ill reset,238172,NortonSupport,Mon Oct 02 03:48:29 +0000 2017,@172665 Sorry. Are you looking to renew your subscription? Please let us know if you need any help. -Prasanna,238173
2381749,259693,Tue Nov 14 05:34:57 +0000 2017,"@NortonSupport Thank you! :) I appreciate that. And I appreciate your keeping my PC virus free for the past...how many years, now? 10? :)",2381748,NortonSupport,Tue Nov 14 05:36:22 +0000 2017,@259693 It's our pleasure. :) -raj,
2381751,259693,Tue Nov 14 05:06:29 +0000 2017,"@NortonSupport @132897 No, not really. Love Norton, but the incessant pop-ups since the Equifax breach are getting old.",2381750,NortonSupport,Tue Nov 14 05:15:51 +0000 2017,"@259693 I understand, we have already reported it to the concerned team. Do send us a tweet if you ever need any help with your Norton. :) -raj",2381749
2381753,259693,Tue Nov 14 04:55:09 +0000 2017,"@115890 and @132897, what's with all the obnoxious pop-ups, lately? No, I don't want to switch from Chrome to Edge. No, I don't want to add more services, Norton. Thanks, but you can stop with the pop-ups now.",2381752,NortonSupport,Tue Nov 14 04:57:01 +0000 2017,"@259693 Hi, let us know if you need any help with your Norton. Glad to help. -raj (cc: @132897)",2381751
238642,172646,Sun Oct 01 01:44:06 +0000 2017,"@NortonSupport Sent a email toward ur security team, but i have not receieve any email back? Can u please reply me back if ur reading my report - Steven",238644,NortonSupport,Sun Oct 01 01:51:21 +0000 2017,"@172646 We appreciate your efforts on reporting this incident. If there is any query, our concerned team will get back to you on this. -Karthik",238645
238643,172646,Fri Sep 29 23:39:45 +0000 2017,"@NortonSupport Yeah, sure :)",238641,NortonSupport,Fri Sep 29 23:40:41 +0000 2017,@172646 Great :) -Prasanna,238642
238645,172646,Sun Oct 01 01:53:03 +0000 2017,"@NortonSupport Yes, Thank you Karthik, I take web and other platform securities very seriously and hopefully get a reply back asap!",238646,NortonSupport,Sun Oct 01 02:20:01 +0000 2017,@172646 Precisely! Symantec is committed to resolving security vulnerabilities quickly and carefully. For info https://t.co/TvTXiACmLf. -Karthik,238647
238649,172646,Fri Sep 29 23:32:47 +0000 2017,"@NortonSupport Understand, anyways the report isnt public yet as Ive send the email with information. Lets only see, if they reply back :) Time is gold.",238648,NortonSupport,Fri Sep 29 23:39:08 +0000 2017,@172646 Sure! Please keep us posted and let us know what they've to say :) -Prasanna,238643
238651,172646,Fri Sep 29 23:23:01 +0000 2017,"@NortonSupport Ive sent the email with a provided detail information, hopefully this would get patched soon as possible :)",238650,NortonSupport,Fri Sep 29 23:31:12 +0000 2017,"@172646 We hope the same as well, Steven! But I'm sure there would be a communication about this regardless of the status. -Karthik",238649
238653,172646,Fri Sep 29 23:13:06 +0000 2017,@172764 @NortonSupport Alright Karthik Thank you :),238652,NortonSupport,Fri Sep 29 23:22:04 +0000 2017,"@172646 You're welcome, Steven! :) -Karthik",238651
238656,172646,Fri Sep 29 07:33:47 +0000 2017,"Whats the matter with these virus companies, before ESET and now symantec -.-"" https://t.co/n5Ej4ZqJPw",238655,NortonSupport,Fri Sep 29 17:36:27 +0000 2017,@172646 Hi Steven! Sorry about the delay! You can report this at __email__. Our team will look into this. -Karthik,238654
2393882,689215,Tue Nov 14 11:42:22 +0000 2017,@NortonSupport @132897 Already talked to the support via chat. Your database thinks there's a virus in the site and I can't configure the software to allow me to navigate through the website,2393885,NortonSupport,Fri Nov 17 13:56:07 +0000 2017,@689215 Hi there! We haven't heard anything from you yet. Please let us know if you need further help with this. -Karthik,
2393882,689215,Tue Nov 14 11:42:22 +0000 2017,@NortonSupport @132897 Already talked to the support via chat. Your database thinks there's a virus in the site and I can't configure the software to allow me to navigate through the website,2393884,NortonSupport,Tue Nov 14 11:45:33 +0000 2017,@689215 May I know what is exact error message you're getting from Norton when you try to access that website? -Praveen,
2393883,689215,Tue Nov 14 11:32:18 +0000 2017,"hey @132897 thanks for blocking a website I use for work and not even  me to  configure the software so the website can load lol

leave us some control over the software, what about it?",2393881,NortonSupport,Tue Nov 14 11:38:51 +0000 2017,@689215 Sorry for the trouble. May I know what Norton product are you running? -Praveen (cc: @132897),2393882
2393887,689216,Tue Nov 14 11:26:36 +0000 2017,"@132897 - youve again taken an auto renewal paypal payment ..which was cancelled ...you,ve done this before and had to refund me back in June..ive had no response as yet  ! Can you sort ASAP . Thanks",2393886,NortonSupport,Tue Nov 14 11:38:10 +0000 2017,"@689216 Sorry for the trouble. Can you please send us your details through a direct message, we'll check that for you. -Praveen (cc: @132897)",
2393889,689217,Tue Nov 14 11:39:33 +0000 2017,"@NortonSupport Name: Steve Ryall
User Name: __email__
Product: Norton Security Premium
Product Serial Number: PJWVPPVBG7H4
Regards Steve",2393891,NortonSupport,Tue Nov 14 11:43:48 +0000 2017,@689217 Kindly delete your previous message since it contains sensitive data. Please wait while I am checking this for you. -Praveen,2393892
2393890,689217,Tue Nov 14 11:20:12 +0000 2017,"@NortonSupport Hi, 4 times I have requested data purge still not done",2393888,NortonSupport,Tue Nov 14 11:22:49 +0000 2017,"@689217 Sorry about that. Can you please send us your details through a direct message, we'll help you. -Praveen",2393889
2393892,689217,Tue Nov 14 14:14:31 +0000 2017,"@NortonSupport Hi pravin, how you getting on fixing my problem",2393893,NortonSupport,Tue Nov 14 14:25:39 +0000 2017,@689217 I can see that a callback has been arranged from the concerned team and you'll receive it soon. -Praveen,
2393895,598510,Tue Nov 14 09:06:15 +0000 2017,@NortonSupport 私が報告を受けているのはAndroidアプリの話ですが、同様の除外設定はあるのでしょうか？,2393894,NortonSupport,Tue Nov 14 09:13:17 +0000 2017,"@598510 Androidですと、
プライバシーリスクとして検出されたアプリを、「信頼する」と操作することでご利用いただけます。
https://t.co/4wGFugSotg",
239659,172938,Fri Sep 29 17:34:59 +0000 2017,"@NortonSupport IS DM , DIGITAL MONEY ?",239657,NortonSupport,Fri Sep 29 17:39:35 +0000 2017,@172938 Hi Simon! We have replied to your private message. -Karthik,239658
239661,172938,Sat Sep 16 03:39:11 +0000 2017,@NortonSupport,239660,NortonSupport,Sat Sep 16 03:45:28 +0000 2017,@172938 Hi Simon! How may I help you today? -Prasanna,239659
242331,173566,Thu Oct 05 13:53:42 +0000 2017,"@NortonSupport Thanks! You might want to have them reword the writing just to remove the ambiguity (doesn’t say on deluxe, for instance).",242333,NortonSupport,Thu Oct 05 13:56:47 +0000 2017,@173566 Your feedback is really important to us and we will share this with the concerned team. - Charlie,
242332,173566,Thu Oct 05 13:48:42 +0000 2017,".@NortonSupport Q: does Norton Premium not cover Macs? Ad on website says iOS devices in text but adds Mac in chart, kind of confusing #help",242330,NortonSupport,Thu Oct 05 13:52:30 +0000 2017,@173566 Hi There! Norton Security Premium is compatible with current and previous two versions of Mac OS X. - Charlie,242331
242401,173579,Fri Sep 29 18:25:53 +0000 2017,"@NortonSupport i have, and it doesnt come up in my control panel, yet it still comes up",242403,NortonSupport,Mon Oct 02 18:30:40 +0000 2017,"@173579 Hi, Just a follow-up. Let us know if you need any further assistance -Anirban",242404
242402,173579,Fri Sep 29 18:19:05 +0000 2017,@NortonSupport no,242400,NortonSupport,Fri Sep 29 18:24:11 +0000 2017,@173579 Then you can uninstall it from 'Control Panel' and you should not receive any pop-up's further. Let us know how it goes. -Karthik,242401
242404,173579,Mon Oct 02 18:52:50 +0000 2017,"@NortonSupport still doesnt show up on control panel or startup, but folders are in my x86 but says theyre in use so i cant delete them",242405,NortonSupport,Mon Oct 02 19:02:42 +0000 2017,@173579 Were you able to find Norton utilities under start up menu? -Anirban,242406
242406,173579,Mon Oct 02 19:05:45 +0000 2017,@NortonSupport no,242408,NortonSupport,Mon Oct 02 19:10:58 +0000 2017,@173579 Please install Norton utilities from https://t.co/LxkJRU5mSV and then check if you can see it listed in the add/remove programs -Anirban,
242406,173579,Mon Oct 02 19:05:45 +0000 2017,@NortonSupport no,242407,NortonSupport,Thu Oct 05 23:41:37 +0000 2017,@173579 HI Scott! Where you were able to install your Norton Utilities by using the link above? -Karthik,242409
242409,173579,Fri Oct 06 11:13:16 +0000 2017,@NortonSupport nope I just smashed my hard drive,242411,NortonSupport,Mon Oct 09 11:26:54 +0000 2017,"@173579 Scott, we would like to help you in downloading your Norton Utilities, let us know if you still need help. -raj",
242409,173579,Fri Oct 06 11:13:16 +0000 2017,@NortonSupport nope I just smashed my hard drive,242410,NortonSupport,Fri Oct 06 11:23:51 +0000 2017,"@173579 We are sorry to hear that. Did you have any trouble downloading Norton Utilities? Please send us a DM, we'll help! -Harini",
242413,173579,Fri Sep 29 18:04:54 +0000 2017,"how do i stop this popping up CONSTANTLY, making me exit games when i dont even have norton @NortonSupport https://t.co/yVZ6T5mGAm",242412,NortonSupport,Fri Sep 29 18:18:44 +0000 2017,@173579 Sorry about that! Do you have an active subscription with Norton Utilities? -Karthik,242402
2440639,699980,Tue Nov 14 22:55:02 +0000 2017,@33618 Have you folks noticed WiFi Privacy disconnecting  and not reconnecting again when network changes in Android 8?,2440638,NortonSupport,Tue Nov 14 22:57:41 +0000 2017,"@699980 Hi, we are sorry for the inconvenience. Please DM us. We would like to collect more information regarding this -Anirban https://t.co/K1tHrA9w85",
2440641,219699,Tue Nov 14 22:00:11 +0000 2017,"@NortonSupport Thats for IDENTITY SAFE... I had SAFE SEARCH &amp; TOOLBAR, thats whats gone. The safe (green)/risky(red, grey)boxes on Google and Toolbar that shows safe page. Now I have no warning until I click the link.",2440640,NortonSupport,Tue Nov 14 22:03:02 +0000 2017,@219699 Please DM us. We would like to collect more information -Anirban https://t.co/K1tHrA9w85,
2440643,219699,Tue Nov 14 21:10:25 +0000 2017,@144408 Just had Firefox update to Quantum. I have now lost Norton TOOLBAR &amp; SAFE SEARCH. Plus start up speed from desktop is way slower than FF 56. 56 was maybe 2 seconds. New FF up to 10. Will this be fixed ?,2440642,NortonSupport,Tue Nov 14 21:54:31 +0000 2017,@219699 Please download and enable the extension from https://t.co/La3jv618vb and let me know how it goes,2440641
2440646,699981,Tue Nov 14 20:58:33 +0000 2017,My Norton Antivirus auto renewed taking £50 out of my account which really annoyed me! So I tried to switch off... https://t.co/4wq6JNMxGz,2440645,NortonSupport,Tue Nov 14 21:28:08 +0000 2017,@699981 We are sorry for the inconvenience. Please DMus the registered email address - Anirban,
2440649,219699,Tue Nov 14 20:40:03 +0000 2017,"@NortonSupport Just had Firefox update to Quantum. I have now lost legacy Norton TOOLBAR &amp; SAFE SEARCH. when we last spoke you said it would be changed, any idea when ?",2440647,NortonSupport,Tue Nov 14 21:00:54 +0000 2017,@219699 Hi Bob. Sorry for the trouble. Please check and let me know the version of Norton you are using. I can look into this -Anirban,2440648
2440651,699982,Fri Nov 17 09:56:34 +0000 2017,@NortonSupport i've managed it bymyself  thanks anyway!,2440653,NortonSupport,Fri Nov 17 10:02:00 +0000 2017,@699982 Okay :) Tweet us when you need help! -Harini,
2440652,699982,Tue Nov 14 20:10:16 +0000 2017,"@NortonSupport i installed windows 10 so i started all over again.. update all my drivers, installed norton and run scan ect.",2440650,NortonSupport,Tue Nov 14 20:56:22 +0000 2017,@699982 Let us know if you need any help with Norton going forward -Anirban,2440651
2445934,701227,Fri Oct 20 18:03:14 +0000 2017,ノートン切れたから入れなおしたらエロゲ消えた,2445933,NortonSupport,Mon Oct 23 01:09:34 +0000 2017,"@701227 ご不便をおかけしております。
ノートンに削除されたファイルは、履歴画面から復元できます。
その際、次回以降のスキャンから除外する設定もしていただけます。-hide

誤ってセキュリティリスクであると識別されたファイルを復元する
https://t.co/sVjGvSHSIJ",
2447334,667090,Wed Nov 15 01:32:52 +0000 2017,"@NortonSupport Yeah, I'm just going to cancel my subscription.",2447333,NortonSupport,Wed Nov 15 01:34:45 +0000 2017,"@667090 Sorry about the confusion David, if you need any help, do let us know. -raj",
2447336,667090,Wed Nov 15 01:28:42 +0000 2017,"@NortonSupport The latest version for Mac. Your ""clean"" just put all my files in the recycling bin. I'm going to have to spend hours and hours restoring them.",2447335,NortonSupport,Wed Nov 15 01:31:15 +0000 2017,@667090 files to keep and which one to remove. I suggest that you review the files before clicking on the options to remove. -raj,2447334
2447336,667090,Wed Nov 15 01:28:42 +0000 2017,"@NortonSupport The latest version for Mac. Your ""clean"" just put all my files in the recycling bin. I'm going to have to spend hours and hours restoring them.",2447337,NortonSupport,Wed Nov 15 01:31:11 +0000 2017,"@667090 Sorry David, Norton Clean feature does not automatically removes any files. Before removing it will give you the option to choose which(con)",
2447339,667090,Wed Nov 15 01:08:31 +0000 2017,@13333 your cleanup scan just deleted all my OneDrive files into the recycling bin. Why would you do that?,2447338,NortonSupport,Wed Nov 15 01:22:13 +0000 2017,@667090 Sorry about the trouble. May I know the name and version of Norton product you have? I can help. -raj,2447336
2447341,701552,Wed Nov 15 01:30:20 +0000 2017,Fixed the computer had reset it to new luckily it didn’t erase the download files just Norton needs a key #thankyouJesus,2447340,NortonSupport,Wed Nov 15 01:33:23 +0000 2017,"@701552 Hi Kevin, let us know if you need any help with your Norton. Glad to help. :) -raj",
2447343,701553,Wed Nov 15 01:15:30 +0000 2017,"ノートンってどれ買ってもいいの？
プレミアムじゃないとダメとかあるの？3000円のがいいんだけど←",2447342,NortonSupport,Wed Nov 15 01:26:00 +0000 2017,@701553 機能は基本的に同じですが、プレミアムはオンラインのバックアップを25Gまでご利用になれます。,
2447345,701554,Wed Nov 15 00:35:53 +0000 2017,@NortonSupport 昨日ノートンのライブアップデート後に各ブラウザ起動時にノートンの機能オンの確認画面が出てその後どのブラウザを使ってもAmazonビデオが見られなくなったのですが、こちらの通信環境の問題だったようでPC再起動後は不具合は解消しました。解決済みです。ありがとうございます。,2447344,NortonSupport,Wed Nov 15 00:39:33 +0000 2017,"@701554 それはよかったです。
ご連絡、ありがとうございました。",
2447347,701554,Tue Nov 14 15:17:47 +0000 2017,"なんとも受け入れがたいことが起きているけれど私にはまだiPad miniがあるからだいじょうぶ(；△；)　
※多分ノートンさんが悪さをしてPCブラウザでAmazonビデオが突然見られなくなりました",2447346,NortonSupport,Wed Nov 15 00:24:41 +0000 2017,"@701554 ノートンサポートです。
よろしければ、状況の詳細を教えていただけますでしょうか。",2447345
2447349,701555,Tue Nov 14 12:55:41 +0000 2017,amazonだったり楽天だったり、他のショップサイトでカード情報の画面開こうとしたら普通に開ける。nortonだけが開かない。もうイミフ,2447348,NortonSupport,Wed Nov 15 00:20:50 +0000 2017,"@701555 ノートンサポートです。
現在の状況はいかがでしょうか。",
2452504,702701,Sun Oct 29 16:41:27 +0000 2017,My computers got a virus is it even safe to enter my deets in while I'm copping Norton ???,2452503,NortonSupport,Sun Oct 29 16:56:48 +0000 2017,@702701 Sorry about that! Could you please elaborate the issue you're facing? We can look into it. -Steffi,
2457075,703800,Wed Nov 15 04:08:50 +0000 2017,@NortonSupport um because it is a Norton application error?,2457074,NortonSupport,Wed Nov 15 04:14:38 +0000 2017,"@703800 Sorry, I would like to collect more details and help. Could you send us a DM? -raj https://t.co/K1tHrA9w85",
2457077,703800,Wed Nov 15 03:55:36 +0000 2017,@NortonSupport just tried it and when my computer rebooted the error came up about 1minute after,2457076,NortonSupport,Wed Nov 15 03:59:00 +0000 2017,"@703800 Sorry, I couldn't find any relation of this error message with Norton. May I know why you suspect Norton is causing this? -raj",2457075
2457079,703800,Wed Nov 15 03:19:33 +0000 2017,@NortonSupport it took about 5 hours before it appeared today and no other changes to PC,2457078,NortonSupport,Wed Nov 15 03:27:03 +0000 2017,"@703800 Sorry, Jane. Please download and run this tool on your PC: https://t.co/WhK2MaGI4j. Let us know if that helped. -Prasanna",2457077
2457081,703800,Wed Nov 15 03:04:46 +0000 2017,@NortonSupport on my desktop https://t.co/2cYrhQLGI4,2457080,NortonSupport,Wed Nov 15 03:10:14 +0000 2017,@703800 Thank you. Are you getting this error right after you reinstall your Norton? Did you made any other recent changes to your computer? -raj,2457079
2457083,703800,Wed Nov 15 02:55:10 +0000 2017,@NortonSupport 22.11.0.41 is the version - it is installed and working fine just keep getting the rollback message - I did the get support diagnostic &amp; it didn't pick up any issues,2457082,NortonSupport,Wed Nov 15 02:57:58 +0000 2017,"@703800 Sorry, may I know where exactly you see this rollback message? If possible, send us a screenshot of the error. -raj",2457081
2457085,703800,Wed Nov 15 02:44:09 +0000 2017,@NortonSupport  having issues when I reinstalled now getting /rollback error that shuts down pc if click ok - tried to access your chat now but got a 502 error ?,2457084,NortonSupport,Wed Nov 15 02:46:59 +0000 2017,@703800 Sorry about the trouble Jane. What version of Norton is it? How are you trying to install it? -raj,2457083
2457087,703644,Wed Nov 15 03:20:00 +0000 2017,@703801 Haven’t had issues with Google stuff before. I installed a Norton extension to Chrome that I think is the culprit.,2457086,NortonSupport,Wed Nov 15 03:27:35 +0000 2017,@703644 Sorry for the trouble. Could you please elaborate the problem you're facing with Norton? We can help. -Prasanna,
2457091,703802,Wed Nov 15 03:08:13 +0000 2017,@NortonSupport I have a virus. I’ve scanned my laptop multiple times and it’s not finding anything.,2457090,NortonSupport,Wed Nov 15 03:11:10 +0000 2017,@703802 Sorry about the trouble. May I know how exactly you came to know about the infection? Is it showing any symptoms? -raj,
2457093,703803,Wed Nov 15 02:51:20 +0000 2017,"I've been letting you @NortonSupport the past 45 minutes. they r transferring me know to the ""mac"" dept. Just need to restore all necessary app files 2 original location. I will def let every1 know how this ends. https://t.co/EYh3tGPcbY",2457092,NortonSupport,Wed Nov 15 02:58:46 +0000 2017,"@703803 I understand your frustration. Do send us a DM with the details, we can help. -raj https://t.co/K1tHrA9w85",
2457095,703803,Wed Nov 15 02:46:32 +0000 2017,@132897 do NOT use Norton Clean App - just deleted CORE ADOBE FILES &amp; an extremely non-knowledgeable support person doesn't know how 2 restore. negative 100 4 reviews. Stay away from @8501 @95648,2457094,NortonSupport,Wed Nov 15 02:49:17 +0000 2017,@703803 Sorry about the trouble you have with Norton Clean feature. Let us know if you need any help. -raj (cc: @132897),
2468857,706305,Mon Nov 06 17:24:03 +0000 2017,ノートン先生除外対象にしたのにアスカツール引っ掛けるのやめーや,2468856,NortonSupport,Tue Nov 07 00:27:32 +0000 2017,"@706305 ご不便をおかけしております。
復元時の除外設定でもうまくいかない場合は、以下をお試しいただけますでしょうか。
https://t.co/gomXNw0MUy
「スキャンから除外」「自動保護、SONAR、ダウンロードインテリジェンスの検出から除外」両方での設定お願いいたします。",
2468859,706306,Mon Nov 06 15:15:23 +0000 2017,Norton、VOICEROID2のアップデートパッチを容赦なく速攻で消してくるから本当にムカつく。期限切れたらもう絶対使わない。,2468858,NortonSupport,Tue Nov 07 00:24:35 +0000 2017,"@706306 ご不便をおかけしております。
ノートンに削除されたファイルは、履歴画面から復元できます。
その際、次回以降のスキャンの対象からの除外設定もしていただけます。-hide

誤ってセキュリティリスクであると識別されたファイルを復元する
https://t.co/sVjGvSHSIJ",
246916,149064,Thu Oct 12 11:54:16 +0000 2017,@NortonSupport Hi!  It looks like it is Updating Automatically again. Should a Scan Run after Definitions have been updated?,246917,NortonSupport,Thu Oct 12 11:56:14 +0000 2017,"@149064 Hi! Yes, you can run the scan once the virus definitions are updated. -Harini",246918
246918,149064,Thu Oct 12 12:23:02 +0000 2017,"@NortonSupport Understood, but shouldn't it Run Automatically after Definitions have been Updated?",246919,NortonSupport,Thu Oct 12 12:27:46 +0000 2017,"@149064 Currently, it is not set to run after updating the virus definitions to avoid interrupting the device performance. -Harini",246920
246920,149064,Thu Oct 12 12:32:14 +0000 2017,"@NortonSupport What happens if ""Smart Scan"" is Turned Off?

I would like it to Run after Definitions have been Updated, so dis-appointed Option not there.",246922,NortonSupport,Thu Oct 12 12:47:23 +0000 2017,"@149064 We can completely understand your concern over this matter. Even if the smart scan feature is turned off, (Cont)",246923
246920,149064,Thu Oct 12 12:32:14 +0000 2017,"@NortonSupport What happens if ""Smart Scan"" is Turned Off?

I would like it to Run after Definitions have been Updated, so dis-appointed Option not there.",246921,NortonSupport,Thu Oct 12 12:47:36 +0000 2017,@149064 Norton will continue to monitor and detect any malicious activity immediately. -Harini,
246923,149064,Thu Oct 12 13:00:29 +0000 2017,@NortonSupport So this means that no Scans will run on the system?,246924,NortonSupport,Thu Oct 12 13:08:28 +0000 2017,@149064 It will automatically run the scheduled scans also the smart scan would run if enabled. -Harini,246925
246925,149064,Thu Oct 12 14:32:13 +0000 2017,@NortonSupport What if there''s no Scheduled Scans Set?,246926,NortonSupport,Thu Oct 12 14:42:41 +0000 2017,@149064 It will run the scan automatically unless you manually run it. We recommend that you leave the scan turned on. -Harini,246927
246927,149064,Thu Oct 12 15:16:43 +0000 2017,"@NortonSupport So what's the Scan that it does if Smart Scan is Off?

Norton Stopped again; took a picture, which will send shortly.",246928,NortonSupport,Thu Oct 12 17:57:03 +0000 2017,@149064 Sorry about the delay in getting back. I have sent you an DM. - Charlie,
2481415,132542,Sun Oct 29 22:01:39 +0000 2017,@NortonSupport You have become the very thing I pay you to protect my computer from. :-( https://t.co/t9oUB0Szoi,2481414,NortonSupport,Sun Oct 29 22:08:00 +0000 2017,"@132542 Hi, we are sorry about that. Please DM us more information -Anirban",
2481417,709026,Sun Oct 29 20:42:44 +0000 2017,Last thing I wanted to see when checking me balance is norton security taking 70 bar off is when me laptops smashed to bits,2481416,NortonSupport,Sun Oct 29 20:43:40 +0000 2017,"@709026 Hi, sorry for the trouble. Please DM the registered email address. i can look into this -Anirban",
2493632,711829,Wed Nov 15 16:27:24 +0000 2017,"My #NortonCore has let loose a Trojan inside my home. Please send help
@132897",2493631,NortonSupport,Wed Nov 15 16:42:45 +0000 2017,@711829 Strange! That shouldn't happen. May I know what makes you suspect that your network is infected with a Trojan? Let us know we will figure it out for you. -Karthik (cc: @132897),
2493634,711830,Wed Nov 15 16:14:26 +0000 2017,@NortonSupport Thank you I called support and getting my refund. I’m still upset about it because I turned off auto renewal and you guys save all my bank info.,2493633,NortonSupport,Wed Nov 15 16:36:25 +0000 2017,"@711830 I am really sorry to hear about your experience and I apologize for any frustrations this might have caused. To get to the bottom of this issue, we need more details about your subscription. Please send us DM. We will look into this for you. - Charlie",
2495402,712200,Sun Oct 29 23:17:03 +0000 2017,Computer crashed. Then Norton told me my computer is having performance issues. No shit.,2495401,NortonSupport,Sun Oct 29 23:25:23 +0000 2017,@712200 Hi Eric. please DM us more details. We can look into this -Anirban https://t.co/K1tHrA9w85,
2497877,712771,Mon Oct 30 02:23:02 +0000 2017,"@NortonSupport お世話になっております。
Tegaki Draw and Tweet
というフリーの描画ソフトを使用しておりますが、こちらのツイッター投稿機能にノートンの確認が挟まれるようになった、という件でした。
現在は常に許可設定しており、特に不自由はありません。
反応ありがとうございます。",2497879,NortonSupport,Mon Oct 30 03:48:27 +0000 2017,"@712771 了解いたしました。
ご連絡、ありがとうございます。-hide",
2497878,712771,Fri Oct 27 13:16:44 +0000 2017,"ノートン先生がTegakiソフトに干渉するようになってのう。

たった二週間であちこち変わりすぎじゃ。",2497876,NortonSupport,Mon Oct 30 02:15:17 +0000 2017,"@712771 ノートンサポートです。
よろしければ、状況を詳しく教えていただけますでしょうか。",2497877
2497881,712772,Fri Oct 27 15:22:57 +0000 2017,5.ノートンがA列車で行こう9を削除しやがったので心の底から不愉快,2497880,NortonSupport,Mon Oct 30 02:21:39 +0000 2017,"@712772 ご不便をおかけしております。
ノートンに削除されたファイルは、履歴画面から復元できます。
その際、次回以降のスキャンから除外する設定もしていただけます。-hide

誤ってセキュリティリスクであると識別されたファイルを復元する
https://t.co/sVjGvSHSIJ",
2504035,714140,Wed Nov 15 20:09:39 +0000 2017,@NortonSupport I'm trying to login to the Symantec website but it's not accepting my email address. I have a subscription.,2504034,NortonSupport,Wed Nov 15 20:12:08 +0000 2017,@714140 Sorry for the inconvenience caused. Could you please send us a DM with more details? We can look into it. -Steffi,
2504037,714141,Wed Nov 15 19:01:22 +0000 2017,"#Malwarebytes just stopped and quarantined more than a dozen attacks against my laptop that Norton never saw coming. I lost my last laptop, but this one is still working. Thought some might want to know.",2504036,NortonSupport,Wed Nov 15 19:11:35 +0000 2017,@714141 That's sounds odd! We would like to collect more details about this detection. Can you please send us a DM here. We will look into this for you. - Charlie,
2511112,715749,Sat Oct 28 06:15:13 +0000 2017,もうノートンゴミ過ぎてイライラする,2511111,NortonSupport,Mon Oct 30 04:30:31 +0000 2017,"@715749 ノートンサポートです。
どうされましたか。",
2517897,717227,Thu Nov 16 01:31:21 +0000 2017,"@NortonSupport  ver57へのToolber対応が済んだかどうかについては、どこをチェックしていたら分かりますか？。
  また、その対応さえ済めば、FirefoxのQuantumを導入し使用しても、ノートンセキュリティの防護に穴は無くなり安心できますか？",2517899,NortonSupport,Thu Nov 16 02:00:21 +0000 2017,"@717227 今回の他のユーザー様からもお問い合わせいただいたこともあり、
対応でき次第お知らせいたします。
FirefoxのアドオンとしてToolbarが有効化できるか、実際にやってみることで
対応済かどうかお客様側で確認することは可能です。",
2517897,717227,Thu Nov 16 01:31:21 +0000 2017,"@NortonSupport  ver57へのToolber対応が済んだかどうかについては、どこをチェックしていたら分かりますか？。
  また、その対応さえ済めば、FirefoxのQuantumを導入し使用しても、ノートンセキュリティの防護に穴は無くなり安心できますか？",2517900,NortonSupport,Fri Nov 17 01:54:31 +0000 2017,"@717227 Firefox 57.0でNorton Toolbarをご利用いただくには、
ノートンセキュリティのほうで有効に設定したうえで
Firefoxを開き、下記のサイトから新たにSecurity Toolbarをダウンロードいただけますでしょうか。
https://t.co/b72MUs1ybi","2517901,2517902"
2517898,717227,Wed Nov 15 13:12:26 +0000 2017,@119441 正式に公開された Firefox quantum は、今すぐ導入しても大丈夫ですか？それとも見合わせるべきですか？当方「Windows7の64bit版＋ノートンセキュリティー」環境ですが、防御に穴が開いたり、危険になりませんか？,2517896,NortonSupport,Thu Nov 16 00:25:02 +0000 2017,"@717227 ノートンとの関連ですと、現時点で、ver57.0でのNorton Security Toolbarの有効化がうまくいきません。
近日中に対応が完了する予定です。",2517897
2517900,NortonSupport,Fri Nov 17 01:54:31 +0000 2017,"@717227 Firefox 57.0でNorton Toolbarをご利用いただくには、
ノートンセキュリティのほうで有効に設定したうえで
Firefoxを開き、下記のサイトから新たにSecurity Toolbarをダウンロードいただけますでしょうか。
https://t.co/b72MUs1ybi",2517902,NortonSupport,Mon Nov 20 02:08:32 +0000 2017,"@717227 拡張機能がセーフサーチ、ホームページ、セーフウェブ、IDセーフと
4つ表示されるかと思います。
お客様が使用する機能をすべて有効化してください。",
2517904,717228,Wed Nov 15 23:49:42 +0000 2017,"Found out today @132897 has been charging me about $100 every year for a subscription purchased in college that hasnt been used since. They apparently send notifications prior to renewal. However, my account is my college email address. It was closed when I graduated. 🙄",2517903,NortonSupport,Wed Nov 15 23:53:35 +0000 2017,@717228 Hi. We are sorry for the trouble. Please DM us the old email address. Let me look into this for you -Anirban https://t.co/K1tHrA9w85,
252337,175996,Fri Oct 20 02:20:08 +0000 2017,"@6580 @NortonSupport  what did you guys do to my computer? Icons moved, different default browser, settings changed. #askfirst",252336,NortonSupport,Fri Oct 20 02:27:45 +0000 2017,@175996 Strange! Did you try installing any apps recently? Could you share few screenshots for a reference? We can check. -Karthik,
252340,175997,Fri Oct 20 01:44:28 +0000 2017,@NortonSupport I sent you a dm!,252338,NortonSupport,Fri Oct 20 01:51:06 +0000 2017,@175997 Hi there! We have replied to your DM. -Karthik,252339
2524318,718840,Thu Nov 16 02:34:00 +0000 2017,@NortonSupport 確認はしていましたがメールのヘッダー情報等はここでは公開できないのでこれ以上の情報提供はできません。私の勘違いもあるかもしれないので今晩に再確認して必要に応じて再通知します。ちなみにBメアドではマイノートンにログインできません。（←Nアカ削除した可能性あり）,2524320,NortonSupport,Thu Nov 16 03:04:13 +0000 2017,"@718840 ご連絡、ありがとうございます。
了解しました。
調査のためアカウント情報をお知らせいただく必要が出てきた場合は、
DMでやりとりさせていただければと思います。",
2524319,718840,Thu Nov 16 01:58:16 +0000 2017,@NortonSupport 「個人情報」「サインインユーザー」各ページに表示されたメアドはいずれも先にツイートした同じAメアドでした。,2524317,NortonSupport,Thu Nov 16 02:15:54 +0000 2017,"@718840 Bメアドに弊社から届いたメールが、本当にIDセーフアカウント作成の確認メールなのか
今一度ご確認いただけますでしょうか。",2524318
2524322,718840,Thu Nov 16 01:07:05 +0000 2017,@NortonSupport iOSアプリ「ID セーフ」です。現在のNortonアカウント(Nアカ)のAメアドで登録→Bメアドに確認メール到着。Aメアドには未着。記憶が曖昧ですが過去にBメアドでNアカ登録したことがあり、この辺が何か？と考え中。問題はBメアドの確認メールのURLへ接続しなくてもAメアドのNアカで使用できているたこと。,2524321,NortonSupport,Thu Nov 16 01:48:17 +0000 2017,"@718840 マイノートン→サブスクリプションの「個人情報」に登録されているメールアドレス、
ノートン製品の右上に表示される「サインインユーザー」のメールアドレス、
これらを確認していただけますでしょうか。",2524319
2524324,718840,Wed Nov 15 22:12:53 +0000 2017,@119441 アプリに既存のNortonアカウントのメアドでアカウント登録したあと、別の自身のメアドに確認メールが届いた。原因不明、転送ではない。また、その確認メールのURLに接続しなくても、アプリがそのまま使えるところに違和感。,2524323,NortonSupport,Thu Nov 16 00:29:02 +0000 2017,"@718840 こちらで承ります。
アプリというのは、ノートンセキュリティのことでしょうか。",2524322
2527318,719616,Mon Oct 30 12:49:06 +0000 2017,@719617 ノートン先生というウイルス消すためにノートン先生を導入しなきゃ（無限ループ）,2527317,NortonSupport,Tue Oct 31 01:58:11 +0000 2017,"@719616 ご不便をおかけしております。
ノートンが削除したファイルは、以下の方法で復元できます。
その際、次回以降のスキャンからの除外設定もしていただけます。-hide

誤ってセキュリティリスクであると識別されたファイルを復元する
https://t.co/sVjGvSHSIJ",
2527328,719620,Tue Oct 31 03:26:45 +0000 2017,@NortonSupport ご対応いただきありがとうございます。無事にファイルを復旧できました。,2527330,NortonSupport,Tue Oct 31 03:29:56 +0000 2017,"@719620 それはよかったです！
ご連絡、ありがとうございます。-hide",
2527329,719620,Mon Oct 30 12:18:08 +0000 2017,Symantecさんさぁ...,2527327,NortonSupport,Tue Oct 31 01:52:54 +0000 2017,"@719620 ご不便をおかけしております。
ノートンが削除したファイルは、履歴画面から復元できます。
その際、次回以降のスキャンから除外する設定もしていただけます。-hide

誤ってセキュリティリスクであると識別されたファイルを復元する
https://t.co/sVjGvSHSIJ",2527328
2528685,146661,Tue Nov 14 14:18:24 +0000 2017,"や　っ　た　ぜ
さ よ な ら N o r t o n #Norton https://t.co/KKLDPmWKYq",2528684,NortonSupport,Thu Nov 16 05:27:01 +0000 2017,"@146661 本件、現在対応中です。
進展あり次第ご連絡いたします。",
2528685,146661,Tue Nov 14 14:18:24 +0000 2017,"や　っ　た　ぜ
さ よ な ら N o r t o n #Norton https://t.co/KKLDPmWKYq",2528686,NortonSupport,Fri Nov 17 01:54:10 +0000 2017,"@146661 Firefox 57.0でNorton Toolbarをご利用いただくには、
ノートンセキュリティのほうで有効に設定したうえで
Firefoxを開き、下記のサイトから新たにSecurity Toolbarをダウンロードいただけますでしょうか。
https://t.co/b72MUs1ybi",
2537367,721736,Thu Nov 16 08:34:52 +0000 2017,"@NortonSupport I have followed all your advice. I've temporarily turned off download insight, which lets me keep the updater for this game I want to play. I added the file to the antivirus exclusions list, but the updater is still blocked from accessing the Internet.",2537366,NortonSupport,Thu Nov 16 08:43:41 +0000 2017,"@721736 Sorry, that should not happen. Please send us a DM, we will help. -Harini https://t.co/K1tHrA9w85",
2537369,721736,Thu Nov 16 07:51:19 +0000 2017,"I would like to play @98440, but @132897 keeps removing the installer every time I download it because it says it's not safe. Any tips on how I can get pass the Web Security Miniboss?",2537368,NortonSupport,Thu Nov 16 07:54:40 +0000 2017,"@721736 Sorry about this. If you feel that the file is safe to your computer, follow the steps provided here: https://t.co/wYcH7Rd0co Let me know if you need any further help. :) -raj",2537367
2537371,721737,Thu Nov 16 06:25:03 +0000 2017,"@NortonSupport @132897 I am putting in the product key and it says that it is invalid, I received this item as a gift, when I called the support line, they told me I need to get the receipt and go back to the store to get the product activated, however we do not have a receipt since it was a GIFT",2537370,NortonSupport,Thu Nov 16 06:31:01 +0000 2017,"@721737 Not to worry, could you send us a DM, we would like to collect additional details and help. -raj https://t.co/K1tHrA9w85",
2537373,721737,Thu Nov 16 06:00:24 +0000 2017,"@132897 
We have bought Norton security deluxe antivirus for 13 years. This year we received this as an gift from friend. When we tried to install it cause a problem. Contact customer service, they are not helpful at all. We can not use it! You just lost royal customer.",2537372,NortonSupport,Thu Nov 16 06:14:50 +0000 2017,"@721737 Sorry about the trouble you have with our product. May I know what exactly happens when you try to install your Norton? Are you getting any error message? Let us know, we are here to help. :) -raj (cc: @132897)",2537371
2573636,435107,Thu Nov 16 17:48:28 +0000 2017,Would like to thank Rubesh @NortonSupport for his help with a subscription issue. Top Customer Service. 👏👏,2573635,NortonSupport,Thu Nov 16 17:56:45 +0000 2017,@435107 Thanks for the kind words. We will pass on the thanks to him -Anirban,
2582823,572855,Thu Nov 16 22:58:08 +0000 2017,"@NortonSupport For all the times you folks helped me, I can at least give you a retweet. Thanks for the support.",2582822,NortonSupport,Thu Nov 16 22:59:51 +0000 2017,@572855 Thanks for the shout out :),
2582826,731955,Thu Nov 16 22:14:02 +0000 2017,@132897 is the worst antivirus. it removes a LUA script file i use on GTAV. i have been using this file for over a year and now i cant use it or exclude it so i can use it...,2582825,NortonSupport,Thu Nov 16 22:38:19 +0000 2017,@731955 Sorry about that! If you think that the file was removed by mistake please report it here: https://t.co/26M7IRm4Cw. -Steffi (cc: @132897),
2590050,733648,Mon Oct 30 18:44:00 +0000 2017,"Finally my @132897 sub has expired. No more reminders to renew from a co that rips off its loyal custs. Hello @27786, set me right",2590049,NortonSupport,Mon Oct 30 18:53:28 +0000 2017,"@733648 Hi, Sorry if you had a bad experience. Please DM the registered email. Let me look into this -Anirban",
2592995,734333,Thu Nov 16 23:52:22 +0000 2017,"@NortonSupport I tried to dm you, does not work, cancel my Norton wifi, does not work and crashed my computer!",2592994,NortonSupport,Thu Nov 16 23:54:44 +0000 2017,@734333 I can surely help you with that. You can DM us the registered email address here -Anirban https://t.co/K1tHrA9w85,
2592997,734333,Thu Nov 16 23:40:54 +0000 2017,"@132897 I have tried 7 times to cancel WiFi virus, it crashed my computer, why won't you respond?",2592996,NortonSupport,Thu Nov 16 23:45:33 +0000 2017,"@734333 Hi, we are sorry for the trouble. What exactly is happening on the computer? Please DM us more details -Anirban https://t.co/K1tHrA9w85",2592995
2598192,735598,Fri Nov 17 04:24:17 +0000 2017,"@NortonSupport Don't mind me, just spent a whole $60 on anti-virus and still haven't received my confirmation email",2598191,NortonSupport,Fri Nov 17 04:27:33 +0000 2017,@735598 Sorry about the inconvenience. Please send us a DM with the details. I can check this for you. -raj https://t.co/K1tHrA9w85,
2598194,735599,Fri Nov 17 02:28:00 +0000 2017,Nortonダメだわこれ……スマホ再起動してもエラー治んないしアプリの強制停止も出来ないから一旦削除＆再インストールしようとしたけど、デバイスの追加から送られてきたメールも何か変で、再インストール出来ないんですけど！？もーやだー,2598193,NortonSupport,Fri Nov 17 03:04:12 +0000 2017,"@735599 ノートンサポートです。
メールからのインストールがうまくいかない場合、まず体験版をインストールして、
その後アクティブ化してお持ちのライセンスでご利用いただく、という方法もございます。-hide",
2601387,736317,Fri Nov 17 07:13:30 +0000 2017,Just signed up and and tried to fill out my profile. From suggestions I can assume my location and possible interests are known. First to pop up is a Norton Error code. hmm. Wonder why?,2601386,NortonSupport,Fri Nov 17 07:16:29 +0000 2017,"@736317 Hi, let us know the error code that you see from your Norton. We can help. -raj",
2609627,738087,Fri Nov 17 10:58:07 +0000 2017,@NortonSupport I am not getting any error code. When I click on the icon it will not open. When I rightclick to open from Windows it also will not open.,2609629,NortonSupport,Fri Nov 17 11:01:04 +0000 2017,@738087 Did you perform any troubleshooting on your computer? Like system restore or any other updates? -Harini,2609630
2609628,738087,Fri Nov 17 08:25:10 +0000 2017,@132897 My Norton will not open.,2609626,NortonSupport,Fri Nov 17 08:29:58 +0000 2017,"@738087 Sorry about the trouble. Are you getting any error code? Do you have any other security products installed on this computer? Let us know, we can help. -raj",2609627
2609630,738087,Fri Nov 17 11:27:14 +0000 2017,@NortonSupport No. I update Norton daily and it was fine when I shutdown last night. Now it will not open.,2609631,NortonSupport,Fri Nov 17 11:28:21 +0000 2017,@738087 Do you see the Norton icon in the system tray at the bottom right hand corner? -Harini,2609632
2609632,738087,Fri Nov 17 11:30:06 +0000 2017,@NortonSupport No. The Norton VPN is the only icon that will work.,2609633,NortonSupport,Fri Nov 17 11:32:20 +0000 2017,@738087 Sorry about this. Please run the Norton remove and reinstall tool from https://t.co/EvIBoQEM2g and let us know if that helps. -Harini,2609634
2609634,738087,Fri Nov 17 12:43:59 +0000 2017,@NortonSupport ok that worked thanks,2609635,NortonSupport,Fri Nov 17 12:48:40 +0000 2017,@738087 You're welcome! Please let us know if you need any further help. -Karthik,
261137,178175,Thu Oct 05 20:49:05 +0000 2017,"WTF @132897 this ransomware where decades ago in infosec world.
#infosecurity https://t.co/eNTu12k6Fq",261135,NortonSupport,Thu Oct 05 21:12:28 +0000 2017,@178175 Hi there! Please visit this link https://t.co/zAbUTzQXS3 for more information. -Karthik (cc: @132897),261136
2614681,739128,Fri Nov 17 13:09:09 +0000 2017,Why do @132897 think when I type ww of www. they think I am about to vist a 'malicious website'? https://t.co/ZLFC4BQ0B4,2614680,NortonSupport,Fri Nov 17 13:41:38 +0000 2017,"@739128 Sorry, could you please share a screenshot by clicking on ""View Details""? We can check. -Karthik (cc: @132897)",
2620786,161770,Mon Oct 02 06:18:38 +0000 2017,ノートンサポートさん何日前のツイートにリプくれてんの…,2620784,NortonSupport,Mon Oct 02 06:20:48 +0000 2017,"@161770 こちらのページに
https://t.co/gomXNw0MUy
「スキャンから除外する項目」「自動保護、SONAR、ダウンロードインテリジェンスの検出から…」いずれかの操作をします、
と書いてありますが、両方の項目で除外設定をしてみてください。-hide",2620785
2623513,741150,Fri Nov 17 15:48:22 +0000 2017,"""Your Norton subscription has ended.""

Yes. I know. Like all other people, I did not have it on purpose.",2623512,NortonSupport,Fri Nov 17 16:02:07 +0000 2017,"@741150 Sorry for the inconvenience. If you are no longer using Norton, we would suggest uninstalling Norton using add/remove programs. Let me know if you need any help -Dinesh",
2623515,741151,Fri Nov 17 14:12:22 +0000 2017,Love how my norton vpn has all of a sudden changed Its configuration..Guess who's hacked againnnnnn https://t.co/gakZlaoWS2,2623514,NortonSupport,Fri Nov 17 14:44:24 +0000 2017,"@741151 Sorry, we can see the Norton product is working properly. Could you please elaborate the issue you're concerned about? -Karthik",
262896,178640,Thu Oct 05 21:12:59 +0000 2017,"Who else's antivirus is blocking roblox?

Dang it, Norton",262895,NortonSupport,Thu Oct 05 21:37:10 +0000 2017,@178640 Hi there! What is the name and version of your Norton product? -Karthik,
263157,178722,Sat Nov 25 03:32:59 +0000 2017,@NortonSupport Had to spend several hours to reinstall everything on 7 mobile AND non-mobile devices. Not the best use of my time compensating for your product malfunction.,263159,NortonSupport,Sat Nov 25 03:37:17 +0000 2017,@178722 We're really sorry that the reinstallation process was tiring and took a lot of your time. We'll pass on your feedback to the concerned team. You can also leave product suggestion/feedback here: https://t.co/Cj8njLRBb8. -Prasanna,
263158,178722,Wed Nov 22 02:27:46 +0000 2017,@NortonSupport Problem still exists. Have mobile app running on 4 phones and problem exists on all of them.,263160,NortonSupport,Wed Nov 22 02:38:35 +0000 2017,"@178722 Sorry, I missed a step. Please restart your device after the process. -Prasanna",
263158,178722,Wed Nov 22 02:27:46 +0000 2017,@NortonSupport Problem still exists. Have mobile app running on 4 phones and problem exists on all of them.,263156,NortonSupport,Sat Nov 25 03:08:24 +0000 2017,@178722 Hi Douglas! We're just following up to see if everything is fine with your Norton Mobile Security. Let us know if you still need any help. -Prasanna,263157
263162,178722,Sat Nov 18 22:08:56 +0000 2017,"@NortonSupport Here's proof. Backup wants me to  sign in but won't let me. Takes me to sign in, accepts user id and password but doesn't sign in. https://t.co/gmPYfCEy95",263163,NortonSupport,Sat Nov 18 22:12:56 +0000 2017,@178722 Thanks for the screenshot. I will pass it on to the concerned team and get back to you as soon as we have an update -Anirban,
263162,178722,Sat Nov 18 22:08:56 +0000 2017,"@NortonSupport Here's proof. Backup wants me to  sign in but won't let me. Takes me to sign in, accepts user id and password but doesn't sign in. https://t.co/gmPYfCEy95",263161,NortonSupport,Wed Nov 22 02:23:14 +0000 2017,"@178722 Hi, could you please run live update and check if you are still having the same issue. -Anirban",263158
263166,178722,Sat Nov 18 21:43:17 +0000 2017,@NortonSupport  https://t.co/svvmN5vdKR,263164,NortonSupport,Sat Nov 18 21:51:43 +0000 2017,"@178722 The program is registered to your account. No problem there. Since you can see the serial number, you are already logged in. -Anirban","263162,263165"
263168,178722,Sat Nov 18 21:20:53 +0000 2017,@NortonSupport No error. I enter userid and password and it goes through the process as though it logged in but then doesn't actually log in.,263167,NortonSupport,Sat Nov 18 21:24:49 +0000 2017,@178722 Please check and let me know the serial number of the Norton program installed -Anirban,263166
263170,178722,Sat Nov 18 19:39:52 +0000 2017,@NortonSupport  https://t.co/gfoSKymoxE,263169,NortonSupport,Sat Nov 18 20:09:19 +0000 2017,@178722 Are you getting any error when you are trying to sign in? -Anirban,263168
263170,178722,Sat Nov 18 19:39:52 +0000 2017,@NortonSupport  https://t.co/gfoSKymoxE,263171,NortonSupport,Wed Nov 22 02:37:23 +0000 2017,"@178722 Sorry, the Live Update didn't resolve the problem. Could you please try to clear cache and data for Norton Mobile Security and see if that worked? Please check Settings -&gt; Apps -&gt; Norton Mobile Security-&gt; Clear Cache &amp; Clear Data. -Prasanna",
263174,178722,Sat Nov 18 17:59:28 +0000 2017,@NortonSupport Mobile app won't accept sign in again! Last time had to de/reinstall app and reset ALL settings! Or is this how app designed?,263172,NortonSupport,Sat Nov 18 18:10:16 +0000 2017,"@178722 Hey, Douglas. Sorry for the inconvenience. Which program are you trying to install? I can help you with that. -Anirban","263170,263173"
263176,178723,Sat Nov 25 03:03:48 +0000 2017,@NortonSupport  https://t.co/WjTq10A2Cf,263175,NortonSupport,Sat Nov 25 03:06:48 +0000 2017,"@178723 Sorry for the misunderstanding. It doesn't mean that you lose data encryption, it says enhance (improve) data encryption. -Prasanna",
263177,178723,Sun Nov 26 03:13:36 +0000 2017,@NortonSupport Love my Norton!,263195,NortonSupport,Sun Nov 26 03:16:11 +0000 2017,"@178723 Yayyy! That's awesome. We're so glad to know hear that from our customer. If you ever need any help with your Norton, we're just a tweet away. -Prasanna",
263180,178723,Sat Nov 25 01:36:59 +0000 2017,"@NortonSupport ""This app may not be optimized for your device."" - What do you recommend?",263191,NortonSupport,Sat Nov 25 01:40:26 +0000 2017,@178723 Which app showed you that message? -Anirban,263190
263182,178723,Sat Nov 25 01:25:07 +0000 2017,@NortonSupport Confusing. If I USE Norton I LOSE data encryption? https://t.co/HwCjqsblFe,263179,NortonSupport,Sat Nov 25 01:33:38 +0000 2017,"@178723 Hi, What is the version of android ? -Anirban","263176,263180,263181"
263185,128777,Sat Nov 25 02:57:16 +0000 2017,@comcastcares PLEASE help me get the garbage Norton program you pump off my system. I can't stand the incessant popups demanding I install a browser extension. I'll pay for better security software.,263184,NortonSupport,Sat Nov 25 03:00:32 +0000 2017,@128777 Please follow the steps here: https://t.co/bW6Sv5QXKR. Let us know if that helped. -Prasanna,
263190,178723,Sat Nov 25 02:49:10 +0000 2017,@NortonSupport Google Play,263187,NortonSupport,Sat Nov 25 02:59:12 +0000 2017,@178723 May I know the name of Norton app that showed you the message? -Prasanna,"263188,263189"
263194,128777,Sat Nov 25 02:48:04 +0000 2017,@comcastcares Please tell me how to uninstall the garbage Norton from my Mac. I can't stand this incessant popup demanding I install a browser extension.,263192,NortonSupport,Sat Nov 25 02:55:57 +0000 2017,@128777 Sorry that you would like to uninstall your Norton. Please run the following tool to uninstall your Norton: https://t.co/KW6MgU0C18. Let us know if that worked. -Prasanna,263193
2634691,468556,Fri Nov 17 19:12:21 +0000 2017,"@329676 When I last bought @132897 I wasn't given any choice. I had to agree to automatic renewel. Gone are the days when you could buy it half-price in a box from Smiths, it seems.",2634690,NortonSupport,Fri Nov 17 19:20:55 +0000 2017,"@468556 Hi, Jane. You can always disable automatic renewal from your account at https://t.co/dWGfkhD3le.  -Anirban",
2634692,329676,Fri Nov 17 19:25:16 +0000 2017,"@468556 @132897 You can opt out of auto renewal,i have now done that.Pretty sure you can buy in Currys. Its only £29.99 on their own website! No way to treat loyal customers. But have now received 50% discount",2646091,NortonSupport,Fri Nov 17 19:35:09 +0000 2017,@329676 We will definitely look into your suggestion. Thanks. Do let us know if you need any assistance going forward -Anirban,
2634693,329676,Fri Nov 17 19:09:51 +0000 2017,"If you have got automatic renewel on you Norton internet security,suggest you cancal it now. Just been charged £79.99. Scandalous.",2634694,NortonSupport,Fri Nov 17 19:12:11 +0000 2017,"@329676 Hi, Please DM us the registered email address. Let me look into this for you -Anirban",2634695
2642021,491485,Mon Oct 30 23:56:58 +0000 2017,@NortonSupport She was very helpful. Your online chat reps are great help. I would have no problem using your online reps if I need to again. Ok thanks.,2642020,NortonSupport,Mon Oct 30 23:58:11 +0000 2017,@491485 Glad to hear that :),
2642023,491485,Mon Oct 30 23:50:33 +0000 2017,@101985 today I had an issue with my Norton updating. I was assisted by someone who remotely helped me fix this. #Norton #internet,2642022,NortonSupport,Mon Oct 30 23:53:02 +0000 2017,@491485 You can let us know right here if you need any help going forward -Anirban,2642021
264259,178975,Sun Oct 15 20:08:33 +0000 2017,"@NortonSupport OK, thanks.",264258,NortonSupport,Sun Oct 15 20:09:29 +0000 2017,@178975 You're welcome. -Steffi,
264259,178975,Sun Oct 15 20:08:33 +0000 2017,"@NortonSupport OK, thanks.",264260,NortonSupport,Wed Oct 18 20:11:53 +0000 2017,"@178975 Hi, we hope everything's fine. Please let us know if you still have any issues with Norton. -Steffi",652807
264262,178975,Sun Oct 15 19:44:14 +0000 2017,@NortonSupport I keep getting this error message when trying to install and setup Norton on my Android device. What's up? https://t.co/ma3QzncN1h,264261,NortonSupport,Sun Oct 15 20:05:46 +0000 2017,@178975 Sorry about that. We are aware of the issue and the concerned team is working towards the fix. We will update you once hear from them. -Stef,264259
2646089,468556,Fri Nov 17 19:33:00 +0000 2017,"@329676 @132897 How did you manage that? The discount? I'll have to look at opting out too. I've used Norton for years, but will gladly switch if I can find a different programme that's cheaper.",2646090,NortonSupport,Mon Nov 20 20:29:11 +0000 2017,@468556 Hi Jane! We are following to see if you still need any further assistance with Norton. Do let us know if you need any help. - Charlie,
2646089,468556,Fri Nov 17 19:33:00 +0000 2017,"@329676 @132897 How did you manage that? The discount? I'll have to look at opting out too. I've used Norton for years, but will gladly switch if I can find a different programme that's cheaper.",2646088,NortonSupport,Fri Nov 17 19:38:47 +0000 2017,@468556 Please DM us the email address. Let me look  into this for you -Anirban,
2648492,747164,Sun Nov 26 19:39:50 +0000 2017,"why is norton antivirus cost money? it should not even be free, norton should have to pay the consumer. that is how bad it is",2648491,NortonSupport,Sun Nov 26 20:38:28 +0000 2017,@747164 Sorry the way you feel. Could you please share a screenshot of that notification? -Karthik,
2648494,747165,Sun Nov 26 19:41:29 +0000 2017,@NortonSupport Have I told you lately that I love you? Your products work and your customer service is outstanding—diligent problem solvers who are also quite pleasant. Other companies can learn from you.,2648493,NortonSupport,Sun Nov 26 20:22:30 +0000 2017,@747165 Thanks for the shout out! Your business means a lot to us and we simply cannot survive with out loyal customers. It's our honor to have you with us and we will strive our service to the best we can and continue to do so. :) -Karthik,
2661615,244463,Sun Nov 19 06:18:33 +0000 2017,"@NortonSupport ... only to see, yet again, ""Cannot connect to the Norton server"". 

Who do I send the invoice to for the hours my of time wasted on this? https://t.co/yEEFECCGnq",2661614,NortonSupport,Sun Nov 19 06:21:26 +0000 2017,"@244463 Sorry, that didn't help. Could you please send us a DM to get more information on this? -Prasanna",
2661618,244463,Sun Nov 19 06:15:56 +0000 2017,@NortonSupport Downloaded. Installed. Then ... https://t.co/Pzffe7qJLk,2661632,NortonSupport,Sun Nov 19 06:17:52 +0000 2017,@244463 Please close the download manager and see if you can find Norton icon on your system tray. -Prasanna,2661633
2661619,244463,Sun Nov 19 06:05:46 +0000 2017,@NortonSupport Downloading now from my Norton account. Fingers (and eyes) crossed. https://t.co/unyWuiBhOv,2661616,NortonSupport,Sun Nov 19 06:11:25 +0000 2017,@244463 Sure! Please keep us posted on the status. -Prasanna,"2661615,2661617,2661618"
2661621,244463,Sun Nov 19 05:59:35 +0000 2017,"@NortonSupport Repeatedly got ""unable to communicate with Norton server"" error &amp; reinstallation failed. It also failed to completely uninstall. Manually removing software now, restarting yet again. Will try to download &amp; reinstall from my Norton account. 3 hours of this now. 1am here.",2661620,NortonSupport,Sun Nov 19 06:03:22 +0000 2017,"@244463 If you're still facing the problem after the reinstall, please send us DM to get more information on this. We'll look into this further. -Prasanna",2661619
2661623,244463,Sun Nov 19 05:42:24 +0000 2017,@NortonSupport Finally after nearly 15 minutes of nothing happening an installation dialogue popped up. No time estimate but it appears to be updating to latest version. Unable to use PC whatsoever during this.,2661622,NortonSupport,Sun Nov 19 05:47:11 +0000 2017,@244463 Please wait for the installation to complete and restart your PC. It should help you fix the issue. Please keep us posted. -Prasanna,2661621
2661625,244463,Sun Nov 19 05:36:44 +0000 2017,"@NortonSupport Removal / Reinstall tool appears to have removed Norton Internet Security, but after restarting there are no on-screen instructions. No auto reinstallation.",2661624,NortonSupport,Sun Nov 19 05:40:04 +0000 2017,"@244463 Sorry, Kevin. This is just a removal tool that removes the Norton files completely. Please click here to download and reinstall your Norton Internet Security: https://t.co/V3CTCWGpPE. -Prasanna",2661623
2661627,244463,Sun Nov 19 05:18:59 +0000 2017,"@NortonSupport I tried the auto-fix which assures me all is well, but product still will not launch. So, yes, I will try removing &amp; reinstalling from scratch. Not happy. Hours of wasted time. https://t.co/iklwrYo0pr",2661626,NortonSupport,Sun Nov 19 05:24:33 +0000 2017,@244463 We're really sorry that had to go through this. Please let us know if that reinstall helped. We're more than happy to help. -Prasanna,2661625
2661630,244463,Sun Nov 19 04:59:26 +0000 2017,"@NortonSupport Restarted 2X. Powered off and restarted. It then opened briefly to download a 3-part Live Update, installed that, then same problem again. Restarted again. Still not working. I logged in to my account &amp; shows Active &amp; device online.",2661634,NortonSupport,Sun Nov 19 05:03:52 +0000 2017,@244463 Please remove your Norton product using this tool: https://t.co/7XxHPrcvna and reinstall your Norton from your account: https://t.co/ljpoMqbwAe. The tool removes Norton files completely from your PC. It should work with the fresh install. Let us know if that helped. -Prasanna,2661635
2661631,244463,Sun Nov 19 04:54:13 +0000 2017,This is not something I like seeing ... 😨😠 @132897 @8501 (Windows 10). https://t.co/7IKFZG9K1C,2661628,NortonSupport,Sun Nov 19 04:56:11 +0000 2017,@244463 Sorry for the trouble. Could you please restart your PC and see if that helped? -Prasanna,"2661629,2661630,2661627"
2661635,244463,Sun Nov 19 05:10:43 +0000 2017,"@NortonSupport This is, forgive to colloquialism, a huge pain in the ass.",2661636,NortonSupport,Sun Nov 19 05:15:39 +0000 2017,"@244463 Sorry, you feel this way, Kevin. Please try to remove your Norton using the tool and reinstall once again. Let us know if that worked. We'll investigate this further. -Prasanna",
2661638,750183,Sun Nov 19 04:44:56 +0000 2017,@NortonSupport Thank u I’m getting chromebook because all issues with windows updates,2661637,NortonSupport,Sun Nov 19 04:48:22 +0000 2017,@750183 You're welcome! Please let us know if you need any help with Norton in future. -Prasanna,
2661640,750183,Sun Nov 19 02:50:14 +0000 2017,@NortonSupport will norton security suite for xfinity work on chromebooks?,2661639,NortonSupport,Sun Nov 19 02:56:31 +0000 2017,"@750183 Sorry, Jerrod! Norton Security is compatible only with Windows, Mac, Android, and iOS (Limited features). It isn't compatible with Chromebook OS. -Prasanna",2661638
2661644,699910,Sun Nov 19 01:15:36 +0000 2017,My laptop died earlier this year. When I got a new one it came with a different internet security. I didn't think my #Norton  was on auto renewal from my old laptop. Just found out is. I am now another 100 bucks away from a vacation.,2661643,NortonSupport,Sun Nov 19 01:19:57 +0000 2017,@699910 Sorry for the trouble. Could you please send us a DM to get more information on this? We can help. -Prasanna,
2661646,738087,Sat Nov 18 18:07:03 +0000 2017,@NortonSupport Thanks that worked.,2661645,NortonSupport,Sat Nov 18 18:10:32 +0000 2017,@738087 You are welcome! Glad to hear that. Feel free to reach us out if you need any help with Norton in the future. - Charlie,
2661648,738087,Sat Nov 18 17:45:29 +0000 2017,@NortonSupport ok will do,2661647,NortonSupport,Sat Nov 18 17:51:27 +0000 2017,@738087 Thank you for your cooperation. Let us know if you need any help with this. - Charlie,2661646
2661650,738087,Sat Nov 18 17:28:06 +0000 2017,@NortonSupport Hello Norton my VPN still will not connect. Have tried it on 2 different networks.,2661649,NortonSupport,Sat Nov 18 17:34:46 +0000 2017,@738087 We might have to reinstall Norton Wifi Privacy on your device. Please reinstall Norton Wifi Privacy and let us know if that helps. - Charlie,2661648
2661652,409648,Sat Nov 18 17:58:19 +0000 2017,@NortonSupport @132897 You can disregard that tweet. I'm staying with Norton!,2661651,NortonSupport,Sat Nov 18 18:03:32 +0000 2017,@409648 That's awesome! We're really glad to hear about your decision. Feel free to reach us out if you need any help with Norton in the future. - Charlie,
2661654,409648,Sat Nov 18 17:04:02 +0000 2017,After many years with @132897 time to switch over to @7529 . . .,2661653,NortonSupport,Sat Nov 18 17:15:35 +0000 2017,@409648 Hi Antwon! That's not something that we would like to hear from our customers. We would like to look into this for you. Please send us a DM with more details about issue with Norton. We will look into this for you. - Charlie (cc: @132897) https://t.co/K1tHrA9w85,2661652
2661656,750184,Sat Nov 18 13:53:30 +0000 2017,"Seriously @132897, I don't pay for your product so you can spam me with passive aggressive advertising popups like this... https://t.co/oOrcxLpSA7",2661655,NortonSupport,Sat Nov 18 14:09:23 +0000 2017,"@750184 We're sorry you feel it as spam. We try to balance your privacy with our concern for your Internet safety.Your feedback is important to us and we'll forward this to the concerned team. You can disable ""Special offer notification"" from ""Setting - Admin settings"".-Charlie",
2661658,750185,Sat Nov 18 12:09:13 +0000 2017,@NortonSupport Alright I'll try again and let you know if it happens again,2661659,NortonSupport,Tue Nov 21 12:33:33 +0000 2017,@750185 Hi Joe! We are just following to check if you still need any help with Norton. - Charlie,2661670
2661658,750185,Sat Nov 18 12:09:13 +0000 2017,@NortonSupport Alright I'll try again and let you know if it happens again,2661657,NortonSupport,Sat Nov 18 12:11:59 +0000 2017,@750185 We really appreciate it. We are just a Tweet away if you need any help. - Charlie,
2661661,750185,Sat Nov 18 12:00:40 +0000 2017,@NortonSupport I'm using Windows 10 64 bit system. What do you mean by build version?,2661660,NortonSupport,Sat Nov 18 12:07:58 +0000 2017,"@750185 Go to Run (Press Ctrl+R) and type in winver, you will be able to see Windows 10 build. Norton Antivirus is compatible with Windows 10 and it shouldn't affect Windows performance. Can you please reinstall Norton Antivirus and let us know if you still encounter this issue. -Charlie",2661658
2661663,750185,Sat Nov 18 11:52:45 +0000 2017,@NortonSupport I haven't tried reinstalling it yet. I'm not sure what i can do to get it to not Max out my computers performance that would basically shut my system down,2661662,NortonSupport,Sat Nov 18 11:59:24 +0000 2017,@750185 We certainly understand your concern and we will help you to get this sorted. May I know the operating system and build version you are using? - Charlie,2661661
2661665,750185,Sat Nov 18 11:39:22 +0000 2017,@750186 So far it did. I had to uninstall norton antivirus cuz i saw it was maxing out my performance and then i had to reinstall chrome to get it to open but so far it hasn't had another power failure,2661664,NortonSupport,Sat Nov 18 11:50:01 +0000 2017,"@750185 Sorry to hear that, Joe! Did you try reinstalling Norton Security? Please send us a DM if you need any help with Norton. We will look into it for you. - Charlie",2661663
2661670,750185,Tue Nov 21 13:16:55 +0000 2017,"@NortonSupport Thanks, i reinstalled norton and ran a full scan and found and caught 4 viruses including a trojan. It got rid of them and haven't had a power failure since",2661671,NortonSupport,Tue Nov 21 13:18:51 +0000 2017,@750185 That's great! Feel free to reach us out if you need any help with Norton in the future. - Charlie,2661672
2661672,750185,Tue Nov 21 13:27:17 +0000 2017,@NortonSupport Will do thanks again!,2661673,NortonSupport,Tue Nov 21 13:28:15 +0000 2017,@750185 You are welcome. - Charlie,
2661675,738087,Sat Nov 18 11:25:40 +0000 2017,@NortonSupport Norton this has taken all morning. My VPN is still not working. I cannot screenshot a popup and anyway the APP says what is always say the same as normal except it say disconnected,2661674,NortonSupport,Sat Nov 18 11:30:57 +0000 2017,@738087 Sorry for the time taken. We are trying to probe more to find out why Norton WiFi Privacy is not connecting. -Harini,
2661677,738087,Sat Nov 18 10:56:34 +0000 2017,@NortonSupport Hello Norton I am not getting a response to my report that my VPN will not connect,2661676,NortonSupport,Sat Nov 18 11:05:52 +0000 2017,@738087 We apologize for the delay in our response. Kindly check your inbox. -Harini,
2661679,738087,Sat Nov 18 10:40:59 +0000 2017,@NortonSupport What is a DM?,2661678,NortonSupport,Sat Nov 18 10:45:56 +0000 2017,@738087 DM is the direct messaging feature in Twitter. Please click on this link here to send us a message. -Harini https://t.co/K1tHrA9w85,
2661681,738087,Sat Nov 18 10:34:39 +0000 2017,@NortonSupport I have tried different locations and restarted my computer. Norton VPN will not connect,2661680,NortonSupport,Sat Nov 18 10:36:40 +0000 2017,"@738087 Sorry again. Please send us a DM, we would like to gather more info regarding this issue. -Harini https://t.co/K1tHrA9w85",2661679
2661684,738087,Sat Nov 18 08:59:42 +0000 2017,@NortonSupport It states Connecting but will not connect,2661682,NortonSupport,Sat Nov 18 09:09:41 +0000 2017,@738087 Sorry you are having trouble with your Norton VPN app. Have you tried restarting your computer? Could you try a different location and check? -Harini,"2661683,2661681"
2661686,738087,Sat Nov 18 08:10:48 +0000 2017,@NortonSupport My Norton VPN will not connect. Also when I click on a send button on Twitter the send button changes to black and flashes on and off as if somebody is blocking it.,2661685,NortonSupport,Sat Nov 18 08:20:22 +0000 2017,@738087 Sorry for the trouble. May I know what exactly happens when you try to connect your Norton WiFi Privacy? -Prasanna,2661684
2661688,458311,Sat Nov 18 10:19:09 +0000 2017,"@NortonSupport my product serial number is 7JGC4VG4CVGX, my subscription is about to expire which product is the right one to carry on my protection for my 5 devices?",2661687,NortonSupport,Sat Nov 18 10:22:52 +0000 2017,"@458311 Hi, Simon! We would recommend you to go for Norton Security Deluxe, https://t.co/oKF5L9MskX . -Harini :)",
2661690,750187,Sat Nov 18 09:42:28 +0000 2017,How come  Norton renews my subcribtion although I haven't paid the bill and no one in @NortonSupport can figure out the problem and cancel the order? 😤😤😤,2661689,NortonSupport,Sat Nov 18 09:46:40 +0000 2017,"@750187 Thats odd! Please send us a DM, we will look into this for you! -Harini https://t.co/K1tHrA9w85",
2661692,750188,Sat Nov 18 03:34:30 +0000 2017,@NortonSupport That fixed it! Thanks for pointing me in the right direction. Keep being an awesome security group that protects users of the internet! ❤️,2661691,NortonSupport,Sat Nov 18 03:37:15 +0000 2017,@750188 Glad to know that! It's our pleasure protecting you :) -Prasanna,
2661694,NortonSupport,Sat Nov 18 02:27:46 +0000 2017,"@750188 Hi, please check https://t.co/n02OUbimI3 for more information on how to install Norton toolbar on Firefox 57",2661693,NortonSupport,Sat Nov 18 03:21:46 +0000 2017,@750188 Please visit this page and check the status of your extensions: https://t.co/KYBLRk1Gt2. Let us know how it goes. -Prasanna,2661692
2661695,750188,Sat Nov 18 02:37:16 +0000 2017,@NortonSupport The page only explains how to remove older extensions... The Norton Identity Safe page itself won't automatically download the new toolbar.,2661704,NortonSupport,Sat Nov 18 02:42:22 +0000 2017,@750188 Sorry about that. Please remove the toolbar extension and try to add once again. Let us know if that helps. -Prasanna,2661705
2661696,750188,Sat Nov 18 02:10:30 +0000 2017,@NortonSupport I would like you to update the Norton Security Toolbar so that it supports Firefox Quantum. It's currently only counted as a legacy add-on.,2661694,NortonSupport,Sat Nov 18 02:27:46 +0000 2017,"@750188 Hi, please check https://t.co/n02OUbimI3 for more information on how to install Norton toolbar on Firefox 57","2661693,2661695"
2661698,750188,Sat Nov 18 01:13:31 +0000 2017,"@750189 I only recently managed to get everything installed (after having two other laptops arrive DOA), but I had a Norton Security Toolbar (my subscription is paid+up to date), &amp; a Classic Theme Restorer so I could fine-tune the UI (ie: removing the ""Close tab"" buttons &amp; change skins).",2661697,NortonSupport,Sat Nov 18 01:16:14 +0000 2017,"@750188 Hi, let us know if you need any help with your Norton product. Glad to help. -raj",2661696
2661702,750190,Sat Nov 18 02:42:39 +0000 2017,this thinkpad came with norton on it - it tries to ask me if i want to install a toolbar during the un-installer,2661701,NortonSupport,Sat Nov 18 02:45:42 +0000 2017,@750190 Sorry for the trouble. You can skip this step if you don't want Norton toolbar to be installed. Let us know if you need any help. -Prasanna,
2661705,750188,Sat Nov 18 02:50:15 +0000 2017,"@NortonSupport I removed the extension to test for any add-on conflicts before Firefox 57. When Firefox restarted with the update, it was already removed.",2661706,NortonSupport,Tue Nov 21 03:52:57 +0000 2017,@750188 Hi! Hope you're doing great. Please let us know if you still need any help with your Norton. -Prasanna,2661707
2661707,750188,Tue Nov 21 04:15:11 +0000 2017,"@NortonSupport Hey thanks for checking up on me! All is going well, and the Firefox add-on is working as advertised. Websites are being given a security rating with the toolbar icon as intended and it actively blocks websites from popping up new browser windows.

I'll be okay now. Stay awesome!",2661708,NortonSupport,Tue Nov 21 04:18:57 +0000 2017,"@750188 That's awesome! Glad to know that it's doing the job well. If you ever need any help with your Norton, we're just a tweet away :) -Prasanna",
266423,179469,Thu Oct 05 22:03:29 +0000 2017,"@NortonSupport 
Thank you, I do not use more norton products, I do not trust more.",266422,NortonSupport,Thu Oct 05 22:29:52 +0000 2017,"@179469 If you have any concern to be addressed, please let us know. We will look into that. -Karthik",
2671968,752349,Tue Oct 31 10:02:48 +0000 2017,"@NortonSupport valid VPN subscription still unable to connect, tried Norton tech help no luck, r u looting subscribers? hopeless",2671967,NortonSupport,Tue Oct 31 10:07:23 +0000 2017,"@752349 Sorry about the trouble Abhijit, we have replied to your Facebook private message. -raj",
2673893,752758,Tue Oct 31 12:14:00 +0000 2017,@NortonSupport Its being sorted deleted chrome and changing from Norton ... problem solved ..,2673895,NortonSupport,Tue Oct 31 12:17:00 +0000 2017,"@752758 Sorry to see you go. If you change your mind, do send us a tweet. We are here to help with any issues related to Norton. -raj",
2673894,752758,Tue Oct 31 12:03:46 +0000 2017,#google chrome .been sending lots of destructive stuff to my laptop..spying on me .advised not to use it .. not picked up by #Norton either,2673892,NortonSupport,Tue Oct 31 12:09:59 +0000 2017,"@752758 Sorry about the trouble Colin, could you explain more about this? We can help. -raj",2673893
26753,121868,Wed Nov 01 11:24:01 +0000 2017,"@NortonSupport Not sure why you expect that to work and it doesn't.
Just have to live with it 'til Norton allows account holders to suppress useless info.",26755,NortonSupport,Sat Nov 04 12:47:13 +0000 2017,@121868 Hi Tim! Did you try to sign back in? Let us know if you need any help! -Harini,
26754,121868,Wed Nov 01 09:36:18 +0000 2017,@NortonSupport If I can't remove expired subscriptions can the red renewal reminder for a sub that I am never going to renew be permanently suppressed?,26752,NortonSupport,Wed Nov 01 09:44:57 +0000 2017,"@121868 Yes, could you close the reminder and login from an other web browser to see if you still see it? -raj",26753
26757,121868,Wed Nov 01 09:21:27 +0000 2017,"@NortonSupport Yes, but only till I log out - but not relevant.
I want to remove all expired subscriptions from My Norton account.
They have expired!",26758,NortonSupport,Wed Nov 01 11:33:22 +0000 2017,"@121868 Sorry, Tim. Could you please sign out/sign in again after few hours and let us know if this still happens? -Harini",
26757,121868,Wed Nov 01 09:21:27 +0000 2017,"@NortonSupport Yes, but only till I log out - but not relevant.
I want to remove all expired subscriptions from My Norton account.
They have expired!",26759,NortonSupport,Wed Nov 01 09:24:35 +0000 2017,"@121868 Sorry Tim, we do not have option to remove expired products from the account. I would suggest that you go ahead and post your (cont)",
26757,121868,Wed Nov 01 09:21:27 +0000 2017,"@NortonSupport Yes, but only till I log out - but not relevant.
I want to remove all expired subscriptions from My Norton account.
They have expired!",26756,NortonSupport,Wed Nov 01 09:25:05 +0000 2017,@121868 feedback/suggestions in our Norton Forums here: https://t.co/Cj8njLRBb8 -raj,26754
26760,121868,Wed Nov 01 08:55:37 +0000 2017,@NortonSupport Neither! I'm talking about the renewal reminder for an expired subscription that shows in My Norton account every time I login. https://t.co/M7DuGlobDx,26761,NortonSupport,Wed Nov 01 09:02:04 +0000 2017,"@121868 Sorry about this Tim, are you getting this even after closing it(by clicking on the X mark)? -raj",
26762,121868,Wed Nov 01 07:59:49 +0000 2017,@NortonSupport How do I remove expired subs from MyNorton? Don't want to see renew reminder on login for something I'm never going to renew.,26763,NortonSupport,Wed Nov 01 08:09:55 +0000 2017,"@121868 Sorry, Tim. Are you referring to the pre-billing notification email? Or you're looking to remove Norton product from your PC? -Prasanna",
26765,121869,Wed Nov 01 09:46:50 +0000 2017,@NortonSupport パソコンを再起動するたびに必要なファイルやデータがNortonによって消されてしまいます。このデータを除外するにチェックを入れてもなってしまうのですがどうしたらいいでしょうか。,26768,NortonSupport,Thu Nov 02 01:21:30 +0000 2017,"@121869 こちらの除外設定をお試しいただけますでしょうか。
https://t.co/gomXNw0MUy
「スキャンから除外」「自動保護、SONAR、ダウンロードインテリジェンスの検出から除外」両方での設定をお願いいたします。-hide",
26765,121869,Wed Nov 01 09:46:50 +0000 2017,@NortonSupport パソコンを再起動するたびに必要なファイルやデータがNortonによって消されてしまいます。このデータを除外するにチェックを入れてもなってしまうのですがどうしたらいいでしょうか。,26767,NortonSupport,Thu Nov 02 01:20:17 +0000 2017,"@121869 ファイル復元の際に「今後のスキャンから除外します」にチェックを入れているのに
その復元したファイルをまたノートンが削除してしまう、ということでよろしいでしょうか。",26769
26766,121869,Wed Nov 01 09:10:46 +0000 2017,Nortonほんとふざけんなよ,26764,NortonSupport,Wed Nov 01 09:16:23 +0000 2017,"@121869 ノートンサポートです。
どうされましたか。",26765
268559,180021,Fri Oct 06 10:29:13 +0000 2017,@NortonSupport I get a message uninstall file missing,268561,NortonSupport,Fri Oct 06 10:31:50 +0000 2017,@180021 Hi Joe! Could you please send us a DM? We will look into this for you. -Harini :) https://t.co/K1tHrA9w85,
268560,180021,Fri Oct 06 00:09:57 +0000 2017,@NortonSupport I use Norton premium security and do not want a remote session,268558,NortonSupport,Fri Oct 06 00:13:42 +0000 2017,@180021 Sorry about that. May I know what happens when you uninstall Norton Utilities? -Praveen,268559
268563,180022,Thu Oct 05 23:54:44 +0000 2017,@132897 I praise you https://t.co/Qnbn8EWdZJ,268562,NortonSupport,Thu Oct 05 23:57:02 +0000 2017,@180022 Sorry for the trouble. Can you please restart the computer and see if that works? -Praveen (cc: @132897),
268565,180023,Thu Oct 05 23:31:54 +0000 2017,@141879 SONAR.AM.C!g9 seems to be in the new roblox update. Mind removing that because my norton is going off because of that?,268564,NortonSupport,Thu Oct 05 23:42:57 +0000 2017,@180023 Sorry for the trouble. If you think it's a false positive you can submit it here https://t.co/cMuL3rjxDi Thank you! -Praveen,
2692271,756782,Sun Nov 19 14:09:40 +0000 2017,@132897 Seems to be something wrong with your random password generator https://t.co/ho66r1xBjE,2692270,NortonSupport,Sun Nov 19 14:18:05 +0000 2017,@756782 Sorry to hear that! Can you please send us a DM with more details about issue you are facing with Norton password generator? We will look into this for you. - Charlie (cc: @132897),
2704875,126286,Sun Nov 19 20:43:23 +0000 2017,"@132897 Hi there. I renewed my Norton subscription this week, and now I have a Norton pop-up offering me a £15 Amazon voucher. Is this legit???",2704874,NortonSupport,Sun Nov 19 20:46:32 +0000 2017,@126286 Hi Carolyn. Could you please share a screenshot of the pop-up in the DM? We can look into it. -Steffi (cc: @132897) https://t.co/K1tHrA9w85,
2709880,760938,Mon Nov 20 00:34:17 +0000 2017,@NortonSupport Oh everything is fine! Thank you though. I just wasn’t sure if it was a spoof virus or an actual Dead Space type scare the crap out of your kind of thing,2709879,NortonSupport,Mon Nov 20 00:35:49 +0000 2017,"@760938 Glad to know that :) If you ever need any help with your Norton, we're just a tweet away! -Prasanna",
2709882,760938,Mon Nov 20 00:00:58 +0000 2017,how did that turn from my email to some shit saying I got a virus?? surely that wouldn't of gotten past @132897,2709881,NortonSupport,Mon Nov 20 00:08:14 +0000 2017,@760938 Sorry for the trouble. Please let us know if you need any help with your Norton. We could help. -Prasanna,2709880
2714976,762144,Sat Nov 18 12:02:45 +0000 2017,"@119441 

WS.Reputation.1
と言うファイルが削除されるためにFALCOMの暁の軌跡というゲームが
突然起動出来なくなり、それまでの経緯が全部失なわれた。UNITYという
サーバーのファイルが安全でないという理由らしいが、Windows でゲーム
を楽しんでいたユーザーは何の説明もなく、被害を受けた",2714977,NortonSupport,Mon Nov 20 03:45:43 +0000 2017,"@762144 除外設定ですが、復元の際にも設定できますが、削除が続く場合は、以下の方法でお願いいたします。
https://t.co/gomXNw0MUy
「スキャンから除外」「自動保護、SONAR、ダウンロードインテリジェンスの検出から除外」両方で設定してください。-hide",
2714976,762144,Sat Nov 18 12:02:45 +0000 2017,"@119441 

WS.Reputation.1
と言うファイルが削除されるためにFALCOMの暁の軌跡というゲームが
突然起動出来なくなり、それまでの経緯が全部失なわれた。UNITYという
サーバーのファイルが安全でないという理由らしいが、Windows でゲーム
を楽しんでいたユーザーは何の説明もなく、被害を受けた",2714978,NortonSupport,Mon Nov 20 03:43:05 +0000 2017,"@762144 ノートンサポートです。
ノートンに削除されたファイルは、履歴画面から復元できます。

誤ってセキュリティリスクであると識別されたファイルを復元する
https://t.co/sVjGvSHSIJ",
2714976,762144,Sat Nov 18 12:02:45 +0000 2017,"@119441 

WS.Reputation.1
と言うファイルが削除されるためにFALCOMの暁の軌跡というゲームが
突然起動出来なくなり、それまでの経緯が全部失なわれた。UNITYという
サーバーのファイルが安全でないという理由らしいが、Windows でゲーム
を楽しんでいたユーザーは何の説明もなく、被害を受けた",2714975,NortonSupport,Mon Nov 20 03:43:25 +0000 2017,@762144 該当ファイルの削除履歴の前後に、同時に削除された関連ファイルの削除履歴が残っているかもしれません。あわせてご確認いただければと思います。,
2714980,762145,Sat Nov 18 02:30:01 +0000 2017,"ノートン先生が死んだ
ノーガードだぜ",2714979,NortonSupport,Mon Nov 20 03:21:13 +0000 2017,"@762145 ノートンが立ち上がらない、ということでしょうか。
その状態はいまだ続いていますか。",
2714982,762146,Mon Nov 20 03:04:12 +0000 2017,@NortonSupport ありがとうございます。既に復元済みですので、大丈夫です。,2714981,NortonSupport,Mon Nov 20 03:13:20 +0000 2017,"@762146 それはよかったです！
ご連絡、ありがとうございます。",
2714984,762146,Fri Nov 17 15:08:12 +0000 2017,NortonがダウンロードしたてのDMMゲームプレイヤー削除してもうた,2714983,NortonSupport,Mon Nov 20 03:01:35 +0000 2017,"@762146 ご不便をおかけしております。
ノートンに削除されたファイルは、以下の方法で復元できます。
その際、次回以降のスキャンからの除外設定もしていただけます。

誤ってセキュリティリスクであると識別されたファイルを復元する
https://t.co/sVjGvSHSIJ",2714982
2714986,416026,Fri Nov 17 17:46:52 +0000 2017,"もうほんとノートンつかえない
ゴミ
だれだこんな産廃作ったやつは",2714985,NortonSupport,Mon Nov 20 03:09:30 +0000 2017,"@416026 ノートンサポートです。
何かお困りでしょうか。",
2714989,762147,Fri Nov 17 13:50:26 +0000 2017,またWindows勝手に落ちた… ノートン更新したからあと3年は持ってくれよ…,2714987,NortonSupport,Mon Nov 20 02:53:54 +0000 2017,"@762147 突然失礼いたします。
ノートンのライセンスの有効期限が残っていれば、
新しいPCにノートンをインストール、アクティブ化することで
残りの有効期間分をご利用いただけます。-hide",2714988
2714991,762148,Fri Nov 17 13:16:54 +0000 2017,えぇ～ノートン先生の３台版パッケージ買ったのにスマホに入ってくれないんだけど…,2714990,NortonSupport,Mon Nov 20 02:27:03 +0000 2017,"@762148 ノートンサポートです。
その後、インストールの状況はいかがでしょうか。",
2722575,220221,Mon Nov 20 09:36:08 +0000 2017,"@NortonSupport People don't install your product as an adware platform, they install it for security. Response required.",2722574,NortonSupport,Mon Nov 20 09:38:32 +0000 2017,"@220221 We do understand that and sorry for the inconvenience. Please turn off ""Offer notification"" to stop getting these notifications. -Praveen",
2732181,765860,Wed Nov 08 15:03:14 +0000 2017,Nortonぱいせんちょっとアホになっちゃったのか最新じゃねーぞオイ！って叫んでるから、んじゃ更新探してくれって言っても更新はないんやでって言ってくるので全く進まない,2732182,NortonSupport,Thu Nov 09 02:01:57 +0000 2017,"@765860 突然失礼いたします。
端末に設定された時間(年月日)が正しくない場合、そのメッセージが出ることがあります。
ライブアップデートで「更新はありません」と出るまで更新する、ノートンを停止&amp;再起動する、PCを再起動する、
それでしばらく様子を見ても同現象が続く場合",
2732181,765860,Wed Nov 08 15:03:14 +0000 2017,Nortonぱいせんちょっとアホになっちゃったのか最新じゃねーぞオイ！って叫んでるから、んじゃ更新探してくれって言っても更新はないんやでって言ってくるので全く進まない,2732180,NortonSupport,Thu Nov 09 02:05:28 +0000 2017,"@765860 この現象を止めるには、ノートンの削除&amp;再インストールが必要です。
専用の削除ツールをご利用ください。(Windows用。Macの場合はご連絡ください)
https://t.co/cYIX0t6171",
2733384,766152,Mon Nov 20 13:45:19 +0000 2017,"Here the same thing, just installing, while it says that it is the driver I did search, nasty nasty #Norton #Antivirus. https://t.co/VQXzvkMSjS",2733383,NortonSupport,Mon Nov 20 13:54:55 +0000 2017,@766152 Sorry for the trouble. May I know where did you download this software? -Praveen,
2744131,750184,Mon Nov 20 17:25:56 +0000 2017,"And today after a restart @132897 forced open tabs in both Chrome and Firefox to spam me with requests to swap my Google search to Norton search, to make them my homepage, add their toolbar and more. https://t.co/XYsCiek26r",2744130,NortonSupport,Mon Nov 20 17:44:31 +0000 2017,"@750184 Sorry you feel that way! Norton Safe Search is Norton's secure search engine that protects users from visiting phishing and other risky sites that may appear in search results. And, its a optional feature that comes with your Norton Security. - Charlie (cc: @132897)",
2745801,768964,Mon Nov 20 20:49:32 +0000 2017,@NortonSupport Ok I did. Signed in and it says I'm on a 30 day trial subscription but my subscription doesn't expire until 2018...,2745800,NortonSupport,Mon Nov 20 20:51:11 +0000 2017,@768964 Alright! We would like to collect few details. Could you please send us a DM? -Steffi,
2745803,768964,Mon Nov 20 20:41:37 +0000 2017,@NortonSupport Do I just download the app from Google play then?,2745802,NortonSupport,Mon Nov 20 20:46:15 +0000 2017,"@768964 Yes, you can go ahead and download it from your Google play. Please check this link:https://t.co/rIbRsGrvhj for more detail. -Steffi",2745801
2745805,768964,Mon Nov 20 20:38:24 +0000 2017,@NortonSupport Pretty sure I have the standard subscription,2745804,NortonSupport,Mon Nov 20 20:40:25 +0000 2017,"@768964 Sure, you can go ahead and install your Norton Security Standard on your Android device. -Steffi",2745803
2745809,173681,Mon Nov 20 20:22:56 +0000 2017,"@NortonSupport I had to dig to find it, even from history. I will need to see if my professor will accept my assignment after all if it works.",2745808,NortonSupport,Mon Nov 20 20:32:18 +0000 2017,"@173681 Ah, I see. Don't worry. Your Professor will accept your assignment. And I will pass on your feedback to our product team right away and see what we could do to improve the experience. - Charlie",
2745811,173681,Mon Nov 20 19:58:33 +0000 2017,@NortonSupport @132897 Yes Norton said it was risky and deleted the download for the app off my computer. Why is it so unclear how to switch off the firewall for applications like this that are in fact safe?,2745810,NortonSupport,Mon Nov 20 20:18:48 +0000 2017,"@173681 I am really sorry if the instructions were unclear. There should have been an option to restore the file and add it as an exclusion. Did you try restoring this file from ""Security - History""? - Charlie",2745809
2745813,173681,Mon Nov 20 18:54:53 +0000 2017,i hate that @132897 security LITERALLY made it impossible for me to download the necessary program to print my nine page paper remotely at my university.  THANKS FOR THE F GUYS.,2745812,NortonSupport,Mon Nov 20 19:56:46 +0000 2017,@173681 That's not cool. Did you see any messages or prompts from Norton when this happened? I could help you get to the bottom of this. -Steffi (cc: @132897),2745811
274584,181598,Fri Oct 06 05:10:33 +0000 2017,ノートン WiFi プライバシー、どうなんだろう？　基本公衆Wi-Fiは使わないようにしてるけど、安全に使えるならば使いたい,274585,NortonSupport,Fri Oct 06 05:21:36 +0000 2017,"@181598 突然失礼いたします。
公共Wi-Fiは暗号化されていないことが多く通信の盗聴が可能ですが、
ノートンWi-Fiプライバシーをお使いになることで、公共Wi-Fiでも通信のプライバシーは守られます。
https://t.co/vbH4YapYXq",708662
274584,181598,Fri Oct 06 05:10:33 +0000 2017,ノートン WiFi プライバシー、どうなんだろう？　基本公衆Wi-Fiは使わないようにしてるけど、安全に使えるならば使いたい,274583,NortonSupport,Fri Oct 06 05:22:16 +0000 2017,"@181598 こちらのページも参考までに
https://t.co/agTaddm9GC",
2752479,770549,Mon Nov 20 23:50:53 +0000 2017,"@NortonSupport Thanks for the help given me by Gordon S. today. He was patient, courteous and solved my problem quickly. I was supposed to get a call back, but I didn't, so this is just to say ""Thanks"".",2752478,NortonSupport,Mon Nov 20 23:55:59 +0000 2017,@770549 Yayyy! We are super elated to hear that you are happy with our service. I'll go ahead and pass your message to Gordon :) -Prasanna,
2758611,771944,Tue Nov 21 06:29:21 +0000 2017,"@NortonSupport 2.3.0.9076 Android 8.0.0 on Nexus 6p.It's a huge difference, every wifi I've been on so far.I usually have to shut off the WiFi Privacy just to maintain a connection.Very disappointing.I need this fixed asap, or I will demand a refund for all Norton products I recently purchased.",2758612,NortonSupport,Tue Nov 21 06:37:16 +0000 2017,"@771944 Not to worry Jason, we will report this to the concerned team and get back to you with a fix. Before we proceed further, we would like to collect few more details, could you send us a DM? -raj https://t.co/K1tHrA9w85",
2758614,771945,Tue Nov 21 03:11:27 +0000 2017,@NortonSupport 僕の彼女が....。,2758613,NortonSupport,Tue Nov 21 03:14:03 +0000 2017,@771945 ノートンをアンインストールする前に復元していただきたかったです...,
2758616,771945,Tue Nov 21 02:41:48 +0000 2017,@NortonSupport あ、アンインストールされてるのはノートンです,2758615,NortonSupport,Tue Nov 21 03:06:40 +0000 2017,"@771945 残念ですが、その場合、復元はできません。
誤検知については、当面は、復元と除外設定で対応いただければ、と思います。-hide",2758614
2758619,771945,Tue Nov 21 02:23:51 +0000 2017,彼女欲しいからカスタムメイドやりたいんだけどノートンに殺されたし買おうと思ってもps4にお金殺されるし一生彼女できないわ,2758618,NortonSupport,Tue Nov 21 02:36:47 +0000 2017,"@771945 突然失礼いたします。
ノートンに削除されたファイルは、履歴画面から復元できます。
その際、次回以降のスキャンからの除外設定もしていただけます。-hide

誤ってセキュリティリスクであると識別されたファイルを復元する
https://t.co/sVjGvSHSIJ",2758617
2761650,772647,Tue Nov 21 04:33:39 +0000 2017,@NortonSupport I dont want it you click the x or remind me later and the thing keeps coming back there is no way to turn it off many users reported this to the forums,2761652,NortonSupport,Tue Nov 21 04:42:51 +0000 2017,"@772647 Sorry, Joshua. Currently, there is no option to stop this pop-up. However, creating Norton account which gives additional features and helps you manage your subscription. You can leave product feedback/suggestions here:  https://t.co/Cj8njLRBb8. -Prasanna",
2761651,772647,Tue Nov 21 04:23:35 +0000 2017,"@NortonSupport Version:
22.11.0.41

Vendor Name:
Xfinity",2761649,NortonSupport,Tue Nov 21 04:30:51 +0000 2017,"@772647 Thanks for the information, Joshua. Norton account is needed if you're planning to use more features like Norton Identity Safe. This is by design to have more protection. If you would like you can create a Norton account and sign in to your product to stop this. -Prasanna",2761650
2761654,772647,Tue Nov 21 04:05:21 +0000 2017,@132897  get this off I dont want it and getting tired of it also why dont you guys have malware protection https://t.co/b6zWmpYEvh,2761653,NortonSupport,Tue Nov 21 04:11:05 +0000 2017,@772647 Sorry for the trouble. May I know the name/version of your Norton Security? We can help. -Prasanna,2761651
2761656,772648,Tue Nov 21 04:23:49 +0000 2017,"@NortonSupport 時系列としては、
1.パソコンを再起動(Nortonに関係した再起動ではなく、またNorton製品はインストールされている状態)
2.再起動後突然Nortonインストール画面が表示される
3.同意してインストールしたら変なことになった
という感じです。削除ツール実行後に不具合はなさそうでした。",2761655,NortonSupport,Tue Nov 21 04:26:08 +0000 2017,"@772648 ご連絡、ありがとうございます。
了解いたしました。",
2761658,772648,Tue Nov 21 04:02:52 +0000 2017,"@NortonSupport データが残っているとインストール画面が出るんですか？
再インストールに関しては問題なく行えました",2761657,NortonSupport,Tue Nov 21 04:06:26 +0000 2017,"@772648 ええ。削除ツールで削除のみを行っても
ノートンのポップが出ることはあります。
いろいろ削除された、というほうは大丈夫でしょうか。",2761656
2761660,772648,Tue Nov 21 03:45:13 +0000 2017,@772648 @NortonSupport 最初のNortonインストール的な画面が出たのはパソコンを再起動した直後で、他には何も触っていないためその画面が出てきたのが謎なんです。,2761659,NortonSupport,Tue Nov 21 04:00:13 +0000 2017,"@772648 データが何か残ってたんでしょうね。
再インストールの状況はいかがでしょうか。",2761658
2761665,772648,Tue Nov 21 03:16:37 +0000 2017,突然nortonをインストールとか出てきてアプデかなにかかなーとか思いながら実行したらいろいろと中途半端に削除されてかなりキレた,2761664,NortonSupport,Tue Nov 21 03:23:55 +0000 2017,"@772648 突然失礼いたします。
ノートンに削除されたファイルは、以下の方法で復元できます。
その際、次回以降のスキャンからの除外設定もしていただけます。-hide

誤ってセキュリティリスクであると識別されたファイルを復元する
https://t.co/sVjGvSHSIJ",2761663
2761667,772649,Tue Nov 21 18:47:40 +0000 2017,@NortonSupport Okay thank you!!,2761669,NortonSupport,Tue Nov 21 18:48:57 +0000 2017,@772649 You're welcome. :) -Steffi,
2761668,772649,Tue Nov 21 04:00:16 +0000 2017,@NortonSupport do you offer discounts for students on any anti viruses?,2761666,NortonSupport,Tue Nov 21 04:08:21 +0000 2017,"@772649 Yes, it's available. Please click here for more information:https://t.co/MpW10SZ3zL. We recommend you to use the email address provided in your school/college. -Prasanna",2761667
2765280,773405,Tue Nov 21 08:33:04 +0000 2017,"@132897 is there anyway to turn off your #ScareMonger pop-ups which ask me if I want to pay you for something I have or ""I'll take the risk.""",2765279,NortonSupport,Tue Nov 21 09:12:53 +0000 2017,@773405 Sorry you feel that way about Norton. In order to disable the offer notifications open Norton Security and go to Settings&gt;Administrative settings&gt;Special Offer Notifications. Disable the Special offer notifications in the screen. Let us know if it helps -Dinesh cc: @132897,
2768944,677118,Tue Nov 21 09:38:33 +0000 2017,"@132897 

So regarding your “WiFi Privacy” app:
a) it doesn’t remember my login, and, 
b) it doesn’t connect
thus making it useless.

#fail",2768943,NortonSupport,Tue Nov 21 09:47:07 +0000 2017,@677118 Sorry to hear that you are having issues with Norton WiFi Privacy. Could you let me know more about the issue you are facing? We would be more than happy to help you with that -Dinesh (cc: @132897),
2782570,406369,Tue Nov 21 14:54:26 +0000 2017,@NortonSupport Where is my Amazon gift card I was promised if I renewed?  Renewal was in September and gift card to be issued within 60 days.  Still waiting.,2782568,NortonSupport,Tue Nov 21 15:01:33 +0000 2017,@406369 Hi Joyce! We need more details about your subscription to investigate this. Please send us a DM here. We will look into this for you. - Charlie https://t.co/K1tHrA9w85,2782569
2786226,777893,Sun Nov 26 22:50:29 +0000 2017,"Is anyone else having issues using Norton with High Sierra on Mac?  It keeps asking me to install the browser extension - even after installing, then disabling, per Symantec support rep. #nortonantivirus #symantec #internetsecurity https://t.co/4OshCN4AWv",2786225,NortonSupport,Sun Nov 26 22:54:56 +0000 2017,"@777893 Sorry about that! After 3 consecutive attempts of choosing ""Remind me later"" as a result you will receive an option ""No Thanks"" and further you will also have an option to not choose this in the future. Please try and let us know about the status. -Karthik",
2786228,777894,Sun Nov 26 22:13:42 +0000 2017,Finally an pick and norton gone that ain’t a fucking coincidence hella pissed this game got me heated,2786227,NortonSupport,Sun Nov 26 22:27:29 +0000 2017,"@777894 Sorry, could you please let us know the name of your Norton product? -Karthik",
2790260,778791,Tue Nov 21 19:52:12 +0000 2017,Spent £70 on Norton Security for my laptop and it’s made it 10000x slower than it already was😅,2790259,NortonSupport,Tue Nov 21 20:04:34 +0000 2017,@778791 That's not cool! We could help you get to the bottom of this. Please send us a DM with more details. We will look into this for you. - Charlie https://t.co/K1tHrA9w85,
2790262,769668,Tue Nov 21 10:56:19 +0000 2017,"@115890 this windows 10 is horrible. It won’t work with my printer, it’s messing up my @132897, please fix it!",2790261,NortonSupport,Tue Nov 21 19:58:53 +0000 2017,@769668 Sorry to hear that! Please send us a DM with more details about issue you are having with Norton. We will look into it for you. - Charlie (cc: @132897) https://t.co/K1tHrA9w85,
2790264,657416,Tue Nov 21 18:11:56 +0000 2017,@NortonSupport Thank you for the quick response,2790263,NortonSupport,Tue Nov 21 18:19:11 +0000 2017,@657416 You are welcome. Do let us know if you need any further assistance. - Charlie,
2790266,657416,Tue Nov 21 17:58:25 +0000 2017,@NortonSupport @132897 @8501 Done https://t.co/pNNFhZtSjq,2790265,NortonSupport,Tue Nov 21 18:01:50 +0000 2017,@657416 Thanks for submitting. Our team will review your submission and will get back to you with an update. - Charlie,2790264
2790268,657416,Tue Nov 21 17:36:44 +0000 2017,@8501 @132897 how do i get this mistaken/inaccurate spam/virus warning off of my company’s website? A couple of investors are concerned we are losing traffic/users as a result. https://t.co/sumixd1Uzd,2790269,NortonSupport,Mon Nov 27 18:33:12 +0000 2017,"@657416 Hi, we hope everything's fine. Please let us know if you still have any issues with Norton. -Steffi",
2790268,657416,Tue Nov 21 17:36:44 +0000 2017,@8501 @132897 how do i get this mistaken/inaccurate spam/virus warning off of my company’s website? A couple of investors are concerned we are losing traffic/users as a result. https://t.co/sumixd1Uzd,2790267,NortonSupport,Tue Nov 21 17:47:52 +0000 2017,@657416 Sorry to hear that! Please submit your website for review here https://t.co/26M7IRm4Cw and our team will review and share the results with you. Let us know if you need any help with this. - Charlie(cc: @132897) (cc: @8501),2790266
2790271,778792,Tue Nov 21 18:10:18 +0000 2017,"I can't stand how Norton Antivirus bloatware keeps freaking out my poor mother.
""Oh no is my computer unprotected?! Should I pay?!""
Legitimate malware &gt;:-(",2790270,NortonSupport,Tue Nov 21 18:14:34 +0000 2017,@778792 Sorry for the inconvenience caused. Could you please let us know the name/version of Norton product you have? We can look into it. -Steffi,
2802820,781843,Wed Nov 22 00:05:24 +0000 2017,@NortonSupport Thank you,2802819,NortonSupport,Wed Nov 22 00:06:44 +0000 2017,@781843 You're welcome. -Steffi,
2802822,781843,Tue Nov 21 23:49:59 +0000 2017,@NortonSupport would be possible to add a night mode on Android Norton app lock like that one on Twitter?,2802821,NortonSupport,Tue Nov 21 23:55:29 +0000 2017,@781843 Thank you for your valuable feedback. We will go ahead and pass on the feedback to the product team. -Steffi,2802820
2807458,782980,Wed Nov 22 02:09:12 +0000 2017,まさかノートン先生からリプが来る日が来ようとは…!!😳,2807457,NortonSupport,Wed Nov 22 04:04:24 +0000 2017,"@782980 解決したようでなによりです！
ご連絡、ありがとうございます。-hide",
2807460,782981,Wed Nov 22 04:06:47 +0000 2017,@NortonSupport 設定しましたよ。調べたところ誤検出らしいのですが。,2807462,NortonSupport,Wed Nov 22 04:13:10 +0000 2017,"@782981 では、こちらをお試しください。

ファイルやプログラムをスキャン対象から除外した後も、ノートンが脅威として検出する
https://t.co/7PIfgJwFAX

ちなみにファイルの復元は可能でしょうか。",2807463
2807461,782981,Tue Nov 21 13:51:30 +0000 2017,"優秀なウィルスソフトのノートン先生がどうしてもprojectG.exeを検出して除外してしまう。その度にエラー落ちする。
対象外の項目にフォルダどころかファイルも設定してるのに何がいけないんだ…",2807459,NortonSupport,Wed Nov 22 01:42:01 +0000 2017,"@782981 ご不便をおかけしております。
除外設定を、「スキャンから除外」「自動保護、SONAR、ダウンロードインテリジェンスの検出から除外」
両方で設定したか、ご確認いただけますでしょうか。-hide",2807460
2807463,782981,Wed Nov 22 04:22:25 +0000 2017,"@NortonSupport 解凍する前のファイルがあるので一応あります。
解凍する前に個別にスキャンしたらなにも検出されないのに、解凍したら検出されるのは仕様ですか？",2807464,NortonSupport,Wed Nov 22 04:31:42 +0000 2017,"@782981 ファイルによります。

あと、先ほどの復元とは、ノートンが脅威だと判定し削除したファイルを、
ノートンの画面の操作で復活させる操作のことです。",2807465
2810526,783783,Wed Nov 22 05:54:04 +0000 2017,Krijg een @367705 krack alert in beeld. Zo te zien is dit al maanden gaande. hoe serieus moet ik dit nemen?,2810525,NortonSupport,Wed Nov 22 06:52:04 +0000 2017,"@783783 Als je Norton gebruikt en alle updates van je software hebt, dan loop je geen gevaar.",
2810528,783784,Wed Nov 22 05:45:30 +0000 2017,ノートンのサポートがリプくれて少し気まずいんですが……。　ボロクソに言ってしまった手前。　というか公式のサポートアカウントとかあったんですね。,2810527,NortonSupport,Wed Nov 22 06:08:13 +0000 2017,"@783784 それはよかったです！
今後ともよろしくお願いいたします。",
2810530,783785,Wed Nov 22 04:49:16 +0000 2017,I added Norton extra security. I hope I don't regret this.,2810529,NortonSupport,Wed Nov 22 05:10:42 +0000 2017,"@783785 Hi, Jessica! Thanks for choosing Norton and believing in us. We strive to provide the best security for your devices and we won't disappoint you. If you ever need any help with your Norton, you can always tweet. We'll be more than happy to assist you. -Prasanna",
2810533,783784,Tue Nov 21 11:32:22 +0000 2017,ノートンセーフサーチとかいうの終わってますよ、何で金払ってこんなウイルスみたいの貰わなきゃいけないんですか。　起動時のホームは戻せたけど新しいタブを開いた時が戻せない。　もう買うの止めようかな、潰れろ糞シマンテック。,2810531,NortonSupport,Wed Nov 22 04:28:54 +0000 2017,"@783784 突然失礼いたします。
お使いのブラウザの設定で、セーフサーチを無効に設定していただけますでしょうか。",2810532
2810535,783786,Wed Nov 22 04:11:02 +0000 2017,"[Q.32]アップル、シマンテックなどの多くのＩＴ企業の本社があるアメリカ・カリフォルニア州の都市は？
→クパチーノ

くぱぁﾁｰﾉ",2810534,NortonSupport,Wed Nov 22 04:17:15 +0000 2017,@783786 ちなみに、弊社のHQはクパチーノ(Cupertino)ではなくマウンテンビュー(Mountain View)にあります。,
2810537,783787,Wed Nov 22 04:10:02 +0000 2017,I hate norton security,2810536,NortonSupport,Wed Nov 22 04:14:38 +0000 2017,"@783787 Sorry to hear that you're disappointed with Norton Security. If possible, could you please tell us the reason why didn't like Norton? We can help you with any issues you've. -Prasanna",
2816623,785179,Fri Nov 24 15:00:54 +0000 2017,ゴミノートン,2816622,NortonSupport,Mon Nov 27 02:18:47 +0000 2017,"@785179 ご迷惑をおかけしております。
ノートンに削除されたファイルは、履歴画面から復元できます。
その際、次回以降のスキャンからの除外設定もしていただけます。-hide

誤ってセキュリティリスクであると識別されたファイルを復元する
https://t.co/sVjGvSHSIJ",
2816625,785180,Fri Nov 24 13:35:52 +0000 2017,エロゲの体験版のセットアップ、ノートン先生に削除されるんだがｗ,2816624,NortonSupport,Mon Nov 27 02:15:33 +0000 2017,"@785180 ご不便をおかけしております。
ノートンに削除されたファイルは、以下の方法で復元できます。
その際、次回以降のスキャンからの除外設定もしていただけます。-hide

誤ってセキュリティリスクであると識別されたファイルを復元する
https://t.co/sVjGvSHSIJ",
2816627,785181,Mon Nov 27 16:58:28 +0000 2017,"@NortonSupport 最終的にノートンをアンインストールした後接続を行い、ノートンを再インストールしました。
現在はノートンが起動していてもiPodの接続は問題なく行えるので、何らかの接続不良があったのかもしれません。
解決済みのため、ご報告までに。",2816630,NortonSupport,Tue Nov 28 00:31:09 +0000 2017,"@785181 了解しました。解決されたようで何よりです。
ご連絡、ありがとうございました。",
2816629,785181,Fri Nov 24 12:57:40 +0000 2017,ノートン先生が悪さしてipodが認識されないってところまではわかったんだけど、一時的に停止する方法がわからん。ipod接続するたびにアンインストールするのは手間だしどうすればええねん。,2816626,NortonSupport,Mon Nov 27 02:07:00 +0000 2017,"@785181 ノートンサポートです。
よろしければ、状況を詳しく教えていただけませんでしょうか。","2816627,2816628"
2816632,785182,Mon Nov 27 02:49:02 +0000 2017,@NortonSupport まさか回答いただけるとは。ありがとうございます。,2816634,NortonSupport,Mon Nov 27 05:03:45 +0000 2017,@785182 こちらこそ、ご返信ありがとうございます。-hide,
2816633,785182,Fri Nov 24 12:20:51 +0000 2017,Nortonにva11halla消されるんだけど,2816631,NortonSupport,Mon Nov 27 01:58:59 +0000 2017,"@785182 突然失礼いたします。
ノートンに削除されたファイルは、履歴画面から復元できます。
その際、次回以降のスキャンからの除外設定もしていただけます。-hide

誤ってセキュリティリスクであると識別されたファイルを復元する
https://t.co/sVjGvSHSIJ",2816632
2816636,785183,Thu Nov 30 00:32:41 +0000 2017,@NortonSupport この度は丁寧に解決策をご提示下さり、問題となっておりました削除された安全なファイルと、以降のスキャン除外設定につきまして無事に解決することが出来ました。心より感謝申し上げます。有難うございました。,2816638,NortonSupport,Thu Nov 30 01:07:17 +0000 2017,"@785183 それはよかったです！
ご連絡、ありがとうございました。-hide",
2816637,785183,Fri Nov 24 10:21:39 +0000 2017,@785184 うぉおお；；ノートン怖い😱ライセンスはちゃんと認証になって使える形にはなったので大丈夫かなぁと思うんですけど、開いた時に「このプラグインは使えませんよー」的な事が表示されまくるので、コチラでどうしてもダメだった場合は前のPCで作業したいと思いますー😉✨,2816635,NortonSupport,Mon Nov 27 01:52:37 +0000 2017,"@785183 もし、ノートンが危険ではないファイルを削除することでお困りでしたら
ファイルは以下の方法で復元できます。
その際、次回以降のスキャンからの除外設定もしていただけます。-hide

誤ってセキュリティリスクであると識別されたファイルを復元する
https://t.co/sVjGvSHSIJ",2816636
2816642,144957,Sat Nov 25 11:12:28 +0000 2017,ていうかノートン先生が同じシマンテックのVIP Access消してたら笑えないんだけど,2816641,NortonSupport,Mon Nov 27 01:46:31 +0000 2017,"@144957 削除の履歴の画面にある「オプション」「その他のオプション」をクリックして
復元の案内が表示されるようでしたら、その案内から復元していただけます。",
2816644,785185,Mon Nov 27 01:35:55 +0000 2017,"@108029 Rage wont work for me, says slow system or bad anti virus. i use Norton Security and have the latest version of Rage. if you can please help me.",2816643,NortonSupport,Mon Nov 27 01:38:30 +0000 2017,"@785185 Hi, Nathan! Do you see any messages from your Norton product? We are here if you need any help with your Norton Security. -Abilash",
2820378,786101,Sat Nov 25 00:11:59 +0000 2017,@786102 ほんとそれです！！！！オプション勝手につけすぎ！なんかノートンIDセーフっていうわけのわからないものつけられて設定しといてくださいねって言われてわけわからなくて、60日間返金保障って書いてあったけどいざそこのサイト飛んだら返金にかかる手数料はこっちが負担とかになってて…理解不能です,2820377,NortonSupport,Mon Nov 27 06:04:27 +0000 2017,"@786101 突然失礼いたします。
ノートンIDセーフは、お使いのブラウザで無効化できます。
ノートン上でも、個人情報タブ、または画面右上の設定→IDセーフ、で
オフにしていただけます。",
2820382,786103,Mon Nov 27 08:44:17 +0000 2017,"@NortonSupport なるほど…
回答してくださってありがとうございます
丁寧な対応に感謝します",2820384,NortonSupport,Mon Nov 27 09:08:16 +0000 2017,"@786103 こちらこそ、ご返信ありがとうございます。
今後も、ノートン使用中に不具合、疑問等ございましたら
当アカウント、またはサポートセンター(https://t.co/wPqrUv2KEr)までお問い合わせいただければと思います。",
2820383,786103,Mon Nov 27 05:35:58 +0000 2017,"@NortonSupport おお、方法を教えて頂いてありがとうございます
自身では本当に脅威であるか、という判断がつかない場合はノートンの機能に任せておけば良い、という認識で大丈夫でしょうか？",2820381,NortonSupport,Mon Nov 27 05:54:34 +0000 2017,"@786103 ノートンが脅威だとして削除したファイルを復元するかどうかは、
最終的にはユーザー様の責任での判断になりますので、
未知のファイルであれば、ノートンの判断に委ねるというのが無難ではあります。
ただ、残念ながら安全なファイルを削除する誤検知はございます。-hide",2820382
2820386,786103,Sun Nov 26 21:06:34 +0000 2017,"それにしてもENB変えたいといってから全然作業出来てない
どのENB良いかも見てないしなぁ…
unkoの感じが好きだから近いのが良かったんだけど導入すると目が潰れるしノートンさんからウィルス混じってたから消したでって言われる始末だからなぁ",2820385,NortonSupport,Mon Nov 27 04:34:29 +0000 2017,"@786103 突然失礼いたします。
ノートンに削除されたファイルは、以下の方法で復元できます。
該当ファイルを次回以降のスキャンから除外する設定も同時にしていただけます。-hide

誤ってセキュリティリスクであると識別されたファイルを復元する
https://t.co/sVjGvSHSIJ",2820383
2820388,NortonSupport,Mon Nov 27 03:48:59 +0000 2017,"@786104 ノートンサポートです。
本件、その後様子はいかがでしょうか。",2820387,NortonSupport,Mon Nov 27 05:48:35 +0000 2017,"@786104 ご返信、ありがとうございます。
現在ノートンをPCとスマホでご利用で、どちらも通信が非常に遅い、ということでよろしいでしょうか。
ノートンをオフにした場合、通信は以前の速度に回復しますか?",
2820390,786104,Sat Nov 25 08:52:00 +0000 2017,"ノートン・・・
どうしよう、どうすればいいんだろう
システムの復元？使う時だけノートン無効化？いやいや。これはノートンのサポートに電話なりするべきか。",2820388,NortonSupport,Mon Nov 27 03:48:59 +0000 2017,"@786104 ノートンサポートです。
本件、その後様子はいかがでしょうか。","2820387,2820389"
2820392,786105,Mon Nov 27 22:31:38 +0000 2017,@NortonSupport つい先ほどからTOKYOに繋がるようになりました。 https://t.co/vhmL7lue1i,2820394,NortonSupport,Tue Nov 28 00:39:16 +0000 2017,"@786105 ご報告、ありがとうございます。
現在、弊社側でも確認中です。",
2820392,786105,Mon Nov 27 22:31:38 +0000 2017,@NortonSupport つい先ほどからTOKYOに繋がるようになりました。 https://t.co/vhmL7lue1i,2820395,NortonSupport,Tue Nov 28 07:54:25 +0000 2017,"@786105 弊社側でも、不具合の解消が確認されました。
この度は、ご迷惑をおかけして申し訳ございませんでした。",
2820393,786105,Sat Nov 25 22:06:02 +0000 2017,ノートンWi-FiのVPN、3日くらい前から日本を選択してもNew Yorkに繋がるようになってしまった。このままではダゾーンで札幌の試合見れない。悲しみすぎる。 https://t.co/DVLfAHCdtM,2820391,NortonSupport,Mon Nov 27 05:40:12 +0000 2017,"@786105 本件、他のユーザー様からもご報告いただいております。
調査のうえ、連絡させていただきます。",2820392
2820397,786106,Mon Nov 27 05:06:20 +0000 2017,@NortonSupport わかりました。ありがとうございました。,2820396,NortonSupport,Mon Nov 27 05:13:40 +0000 2017,@786106 こちらこそ、ご返信、ありがとうございます。,
2820399,786106,Mon Nov 27 04:29:49 +0000 2017,@NortonSupport こんにちは。現在ノートンセキュリティデラックスを使っていて、もうすぐ有効期限が切れるのですが、デラックスからスタンダードにかえたいと思うのです。これは今までのをアンインストールして、新たにインストールし直すしかないのでしょうか？,2820398,NortonSupport,Mon Nov 27 04:47:29 +0000 2017,"@786106 お問い合わせ、ありがとうございます。
操作としては、延長する→キーまたはコードがある場合、で
購入いただいたスタンダードのプロダクトキーを入力してアクティブ化できます。

ただその場合、自動更新とは異なり、現在残っている残り日数は、新しいノートンには追加されません。-hide",2820397
2820402,786107,Mon Nov 27 04:09:32 +0000 2017,"@NortonSupport ファイルではありません。
何年も前のゲームデータの話をしております。
不躾に話しかけてくるのであれば話の筋を理解した上でお願いします、不愉快です。",2820400,NortonSupport,Mon Nov 27 05:08:08 +0000 2017,"@786107 失礼致しました。
次回、同様のことが起こった場合、
そのゲームのデータがノートンに削除されたのであれば、
削除した履歴がノートンに残っていますので、そこから復元していただけます。
ゲームのデータも、何らかのファイルとして存在しているはずです。",2820401
2820404,786107,Sat Nov 25 14:44:11 +0000 2017,"@786108 もうもうもう！！！そこラストに読んでからはずっとランバゼ…ランバゼ…って呟いてました。笑
カニファンのＥＸでランバゼがイチャイチャしていて、バンザイ🙌した記憶が懐かしいです！
データはね…迂闊にNortonいれた私がおバカですね…くっ

いまセイバーちゃんとプールに来てニヤニヤしてます♡笑",2820403,NortonSupport,Mon Nov 27 03:55:55 +0000 2017,"@786107 ご不便をおかけしております。
ノートンに削除されたファイルは、履歴画面から復元できます。
その際、次回以降のスキャンからの除外設定もしていただけます。-hide

誤ってセキュリティリスクであると識別されたファイルを復元する
https://t.co/sVjGvSHSIJ",2820402
2820408,786109,Sun Nov 26 07:36:50 +0000 2017,@786110 ノートンの馬鹿野郎(笑)が、濡れ衣で必要ファイルを消しちまったんです？,2820407,NortonSupport,Mon Nov 27 04:18:39 +0000 2017,"@786109 ご不便をおかけしております。
ノートンに削除されたファイルは、以下の方法で復元できます。
その際、次回以降のスキャンからの除外設定もしていただけます。-hide

誤ってセキュリティリスクであると識別されたファイルを復元する
https://t.co/sVjGvSHSIJ",
2820410,786110,Sun Nov 26 07:25:36 +0000 2017,ノートン先生！！！！（げきおこ）,2820411,NortonSupport,Mon Nov 27 04:15:44 +0000 2017,"@786110 ご不便をおかけしております。
ノートンに削除されたファイルは、履歴画面から復元できます。
その際、次回以降のスキャンからの除外設定もしていただけます。-hide

誤ってセキュリティリスクであると識別されたファイルを復元する
https://t.co/sVjGvSHSIJ",
2820413,786111,Sat Nov 25 08:45:17 +0000 2017,Norton先生に弾かれたんだが,2820412,NortonSupport,Mon Nov 27 03:52:35 +0000 2017,"@786111 突然失礼いたします。
ノートンに削除されたファイルは、履歴画面から復元できます。
その際、次回以降のスキャンからの除外設定もしていただけます。-hide

誤ってセキュリティリスクであると識別されたファイルを復元する
https://t.co/sVjGvSHSIJ",
2824154,786870,Mon Nov 27 08:40:28 +0000 2017,@108296 according to .@132897 your software is malware,2824153,NortonSupport,Mon Nov 27 08:48:27 +0000 2017,"@786870 Hi! If you feel the program is safe, please follow the instructions here to allow the blocked file: https://t.co/R10QH9cOiy. You can also report this to our False Positive team from here: https://t.co/DGLvgxK45B. -Prasanna",
2824157,146667,Mon Nov 27 12:04:38 +0000 2017,@NortonSupport 補足しておきます。「スキャンから除外」ではclipdesk.exe起動時にまた削除されましたが、「自動～～検出から除外」を加えた時点で起動成功しました。,2824159,NortonSupport,Tue Nov 28 00:41:32 +0000 2017,"@146667 それはよかったです。
ご連絡、ありがとうございます。",
2824158,146667,Mon Nov 27 06:58:28 +0000 2017,@NortonSupport 「このプログラムを除外」を設定した後も削除されます,2824155,NortonSupport,Mon Nov 27 07:08:31 +0000 2017,"@146667 こちらの除外設定をしていただけますでしょうか。
https://t.co/gomXNw0MUy
「スキャンから除外」「自動保護、SONAR、ダウンロードインテリジェンスの検出から除外」両方での設定もお願いいたします。","2824156,2824157"
2824162,146667,Mon Nov 27 06:52:44 +0000 2017,@NortonSupport SONAR機能をオフにしてもダメでした,2824160,NortonSupport,Mon Nov 27 06:54:46 +0000 2017,"@146667 「オプション」「その他オプション」をクリックしても、
復元の案内が表示されない状況でしょうか。","2824158,2824161"
2824165,146667,Mon Nov 27 06:46:14 +0000 2017,ノートンがclipdesk勝手に削除する上に復元もできない…,2824163,NortonSupport,Mon Nov 27 06:48:57 +0000 2017,"@146667 それは、削除の履歴が見つからないということでしょうか。
あるいは、復元の案内が見つからない、ということでしょうか。","2824162,2824164"
282697,183355,Fri Oct 06 12:25:18 +0000 2017,@NortonSupport It's the usual green box on bottom left that comes up when something is safe.,282699,NortonSupport,Fri Oct 06 12:29:58 +0000 2017,"@183355 Okay. Kindly provide a screenshot when it appears next time, we will look into that for you. -Harini",282700
282698,183355,Fri Oct 06 12:18:40 +0000 2017,"@NortonSupport @132897 They're just notifications that something is safe, and different ones keep popping up in succession. I",282696,NortonSupport,Fri Oct 06 12:21:36 +0000 2017,@183355 Okay. Did Norton detect any threat? Or does it look like promotional advertisements? -Harini,282697
282700,183355,Fri Oct 06 12:38:39 +0000 2017,@NortonSupport How do I take a screenshot on laptop and want to sent as DM.,282701,NortonSupport,Fri Oct 06 12:41:06 +0000 2017,@183355 Kindly follow the instructions from https://t.co/IwLi1St4dE and send us a DM. -Harini https://t.co/K1tHrA9w85,282702
282702,183355,Fri Oct 06 12:42:05 +0000 2017,"@NortonSupport Okay....will be gone all day. So, will have to be late night or tomorrow AM. Thanks!",282703,NortonSupport,Fri Oct 06 12:43:05 +0000 2017,"@183355 No problem :) Take your time, we are always available to help! -Harini",
282702,183355,Fri Oct 06 12:42:05 +0000 2017,"@NortonSupport Okay....will be gone all day. So, will have to be late night or tomorrow AM. Thanks!",282704,NortonSupport,Mon Oct 09 12:47:52 +0000 2017,"@183355 Hi, Melinda! We did not hear back from you. We are just following up to see if you still need any further help with this. -Steffi",282705
282705,183355,Thu Oct 26 21:29:03 +0000 2017,@NortonSupport Starting to have incessant notifications popping up on right bottom corner. Appears whenever AOL does an update. How to get rid of?,282706,NortonSupport,Thu Oct 26 21:34:27 +0000 2017,@183355 Please DM us a screenshot of what you see. We can look into it for you -Anirban https://t.co/K1tHrA9w85,
282708,183355,Fri Oct 06 11:55:42 +0000 2017,@132897 all of a sudden getting incessant bottom right notifications on laptop from app. Can't shut off. This is crazy. Please advise.,282707,NortonSupport,Fri Oct 06 12:08:10 +0000 2017,"@183355 Sorry for this inconvenience caused, Melinda. Could you please share a screenshot of that pop up? We will help! -Harini (cc: @132897)",282698
2828284,787703,Mon Nov 27 09:17:27 +0000 2017,"Can’t believe how bad Norton software is! 

I’ve tried to uninstall it and 12 hours later it’s still performing the process!

Thinly veiled attempt to retain customers?

@132897",2828283,NortonSupport,Mon Nov 27 09:30:21 +0000 2017,@787703 Sorry for the trouble. That's doesn't look right! It shouldn't take much time to uninstall. Follow the steps here to run the removal that helps you uninstall Norton: https://t.co/YNqucUiGEx. Let us know if you need any help. -Prasanna,
2834013,788922,Mon Nov 27 13:51:46 +0000 2017,Why did I get a Norton bill? My subscription isn't supposed to renew in the next 200 days?,2834011,NortonSupport,Mon Nov 27 14:00:12 +0000 2017,@788922 That shouldn't happen! We can dig more into this. We need more details about your subscription to get this sorted. Can you please send us a DM here. - Charlie https://t.co/K1tHrA9w85,2834012
2841602,790682,Mon Nov 27 16:32:38 +0000 2017,@NortonSupport I attached the order #. There shouldn't be anything else to discuss. #NotHappy,2841601,NortonSupport,Mon Nov 27 16:35:17 +0000 2017,@790682 I was able to locate your account Aaron. But we need to verify your Norton account ownership to avoid misuse of information. And we would like to do it in a private conversation as it involves your private information. -Abilash,
2841604,790682,Mon Nov 27 16:28:52 +0000 2017,"@132897 My automatic renewal was not set until 12/12 why did you feel that it
was ok to Bill me sooner? I only updated my card because of the constant harassing notifications.

I expect a reversal of charges today and not to be billed until 12/12.

Order Number: AP251194002",2841603,NortonSupport,Mon Nov 27 16:31:23 +0000 2017,@790682 Sorry for the trouble Aaron! That shouldn't happen. I would like to investigate this for you. Do you mind sending us a Direct Message? -Abilash https://t.co/K1tHrA9w85,2841602
284266,183710,Fri Oct 06 13:15:31 +0000 2017,This laptop has Norton Internet Security....ESET found virus's after the Norton scan....Scary...,284265,NortonSupport,Fri Oct 06 13:22:21 +0000 2017,@183710 That's strange. We would like to collect more details about this. Please send us a DM. We can check. - Charlie,
2858051,794296,Mon Nov 27 21:45:43 +0000 2017,@NortonSupport its fine ; i just finally restarted it ^^,2858050,NortonSupport,Mon Nov 27 21:47:05 +0000 2017,@794296 Great! Feel free to tweet us if you need any further help with Norton products in the future. -Steffi,
2858053,794296,Mon Nov 27 21:32:09 +0000 2017,@NortonSupport Howdy ; the notification to restart my pc due to a live update gets slowly a tiny bit annoying ; its also somehow confusing to me ; why cant Norton just finally finish it after i already shutted the pc down and booted it up again 5 times ; why do i need to restart?,2858052,NortonSupport,Mon Nov 27 21:39:54 +0000 2017,"@794296 Sorry about that!  Did you try restarting your computer once and check if that helps? Also, this could also happen if the default browser has not changed. Try following the steps from here https://t.co/foAc6QzVox and let us know about the status. -Steffi",2858051
2858055,794297,Mon Nov 27 20:00:42 +0000 2017,"It’s been a year since I’ve gotten my surface, I know this because norton antivirus took $50 out, what impeccable timing. I am completely broke now jesus christ but wow my art has really grown so much...",2858054,NortonSupport,Mon Nov 27 20:17:31 +0000 2017,@794297 Sorry for the inconvenience caused. Could you please let us know about that charge for Automatic renewal? We can look into it. -Steffi,
2863272,795344,Fri Nov 10 14:00:29 +0000 2017,BAMPのエロゲDLしたけどノートン発動してプレイできないんだけど,2863271,NortonSupport,Mon Nov 13 01:38:56 +0000 2017,"@795344 ご不便をおかけしております。
ノートンに削除されたファイルは、履歴画面から復元できます。
その際、次回以降のスキャンからの除外設定もしていただけます。-hide

誤ってセキュリティリスクであると識別されたファイルを復元する
https://t.co/sVjGvSHSIJ",
2863274,795345,Fri Nov 10 12:38:17 +0000 2017,久しぶりにfateインストールしたのに、ノートンが起動を許してくれない,2863273,NortonSupport,Mon Nov 13 01:34:49 +0000 2017,"@795345 突然失礼いたします。
ノートンに削除されたファイルは、履歴画面から復元できます。
その際、次回以降のスキャンからの除外設定もしていただけます。-hide

誤ってセキュリティリスクであると識別されたファイルを復元する
https://t.co/sVjGvSHSIJ",
2863276,795346,Fri Nov 10 10:42:31 +0000 2017,@91653 それ！！消しちゃいや！！！再インストしたらノートンが真っ先にそれ「削除しました♡」っていってきよって貴様かーーー！！！！！ってなりましたはい,2863275,NortonSupport,Mon Nov 13 01:27:51 +0000 2017,"@795346 ご不便をおかけしております。
ノートンに削除されたファイルは、以下の方法で復元できます。
その際、次回以降のスキャンからの除外設定もしていただけます。-hide

誤ってセキュリティリスクであると識別されたファイルを復元する
https://t.co/sVjGvSHSIJ",
2863878,606095,Sat Dec 02 16:27:12 +0000 2017,"my computer says my norton trial ended, but I'm pretty sure I have norton in general....have for years...so....ummmm....idk what happened to my original subscription that I've had all this time....",2863877,NortonSupport,Sat Dec 02 16:43:29 +0000 2017,"@606095 Sorry to hear that! To get this sorted, we need more details about your Norton subscription. Please send us DM here. We will look into this for you. - Charlie https://t.co/K1tHrA9w85",
2865928,370298,Mon Nov 27 22:33:06 +0000 2017,@132897 question: does the norton core replace my current router &amp; telecomm account for WiFi,2865927,NortonSupport,Mon Nov 27 22:40:02 +0000 2017,"@370298 Hi, there! Norton Core is a wireless router. It is a device that can replace your current router. However, you still need your telecom service for the Internet. -Abilash (cc: @132897)",
2865930,796018,Mon Nov 27 22:34:14 +0000 2017,@NortonSupport @132897 Should I uninstall and accept my money as lost then?,2865929,NortonSupport,Mon Nov 27 22:35:34 +0000 2017,@796018 Let me see what I could do for you. Could you please send us a Direct Message? I will look up your Norton Account and help you with this. -Abilash,
2865932,796018,Mon Nov 27 22:12:26 +0000 2017,I forgot that I had bought @7529 a month ago and bought @132897 today and I guess I just have both now. Here's to hoping they play nice with each other.,2865931,NortonSupport,Mon Nov 27 22:26:06 +0000 2017,@796018 Hi! We suggest you not to use 2 different security products which might cause conflicts with each other on your device. -Steffi (cc: @132897),2865930
2871866,797395,Tue Nov 28 02:30:47 +0000 2017,"@NortonSupport 朝頃、クライアントソフトがマイアカウントからのダウンロード、体験版のダウンロード共にプロバイダYahooソフトバンク、OCN、Y!MobileにてIE,エッジ、Chromeにて出来ない状態でしたが、現在はダウンロード出来てインストール出来ました。ありがとうございます。",2871868,NortonSupport,Tue Nov 28 03:49:35 +0000 2017,"@797395 よかったです。了解いたしました。
ご連絡、ありがとうございます。",
2871867,797395,Tue Nov 28 00:55:36 +0000 2017,ノートンのダウンロード鯖貧弱すぎない？,2871865,NortonSupport,Tue Nov 28 02:23:05 +0000 2017,"@797395 ノートンサポートです。
ダウンロードができないということでしょうか。
よろしければ、エラー内容をスクリーンショットでいただけますでしょうか。",2871866
2871870,699980,Tue Nov 28 01:57:38 +0000 2017,"@109969 love Norton Privacy but could have an option to only connect automatically when a WiFi network is detected, not mobile. Conversely disconnect and don't reconnect if WiFi is out of range and only mobile data available...",2871869,NortonSupport,Tue Nov 28 02:00:58 +0000 2017,@699980 Sorry about this. We have already forwarded the details to our development team and they are looking in to this. We will let you know as soon as there is an update. -raj (cc: @109969),
2871872,797396,Mon Nov 27 15:25:58 +0000 2017,@109977 了解でごさいます！そしてすみません今またうっかりノートン先生削除テロを食らいまして、また後日でもよろしいでしょうか…！(血涙),2871871,NortonSupport,Tue Nov 28 00:45:02 +0000 2017,"@797396 突然失礼いたします。
ノートンに削除されたファイルは、以下の方法で復元できます。
その際、次回以降のスキャンからの除外設定もしていただけます。-hide

誤ってセキュリティリスクであると識別されたファイルを復元する
https://t.co/sVjGvSHSIJ",
2871875,797397,Mon Nov 27 13:43:51 +0000 2017,動画編集ソフト入れたいのに、ノートンさんが気を利かせて｢コイツ危なそうだから消しとくね(´&gt;ω∂`)☆｣って、すぐ消す(´；ω；｀)そっちから調べなあかんかー,2871874,NortonSupport,Tue Nov 28 00:44:21 +0000 2017,"@797397 ご不便をおかけしております。
ノートンに削除されたファイルは、以下の方法で復元できます。
その際、次回以降のスキャンからの除外設定もしていただけます。-hide

誤ってセキュリティリスクであると識別されたファイルを復元する
https://t.co/sVjGvSHSIJ",
2871878,797398,Mon Nov 27 13:28:12 +0000 2017,SAI2落としたらノートンに消去されるんだけど,2871876,NortonSupport,Tue Nov 28 00:43:27 +0000 2017,"@797398 ご不便をおかけしております。
ノートンに削除されたファイルは、履歴画面から復元できます。
その際、次回以降のスキャンからの除外設定もしていただけます。-hide

誤ってセキュリティリスクであると識別されたファイルを復元する
https://t.co/sVjGvSHSIJ",2871877
2876264,798460,Tue Nov 28 03:15:09 +0000 2017,"Upgraded Adobe Digital Editions and was infected by the Norton Security virus. It turns off my firewall and virus scanner, then demands a reoccurring payment while it scans my files and diminishes my PCs performance. Jerks.",2876263,NortonSupport,Tue Nov 28 03:17:32 +0000 2017,"@798460 Really sorry about this. Did you try uninstalling it? Are you facing any issues with the removal of Norton? Let us know, we can help. -raj",
2880729,144952,Tue Nov 28 06:00:39 +0000 2017,本当に害悪ノートン…,2880728,NortonSupport,Tue Nov 28 06:17:02 +0000 2017,"@144952 突然失礼いたします。
復元時の除外設定だけではうまく除外できない場合は、以下の設定を試していただけますでしょうか。
https://t.co/gomXNw0MUy
「スキャンから除外」「自動保護、SONAR、ダウンロードインテリジェンスの検出から除外」両方での設定をお願いいたします。",
2895057,802304,Mon Nov 13 15:57:41 +0000 2017,やめろノートン、エロゲのデータを消すんじゃあない,2895056,NortonSupport,Tue Nov 14 02:04:53 +0000 2017,"@802304 ご存知かもしれませんが念のため。
ノートンに削除されたファイルは、以下の方法で復元できます。
その際、次回以降のスキャンからの除外設定もしていただけます。-hide

誤ってセキュリティリスクであると識別されたファイルを復元する
https://t.co/sVjGvSHSIJ",
2910240,714760,Tue Nov 28 21:05:23 +0000 2017,If you're going to have a popup then probably do at least 1 of the following: make it big enough to show its contents; make it resizeable. @132897 https://t.co/lsxohiHHT0,2910239,NortonSupport,Tue Nov 28 21:26:24 +0000 2017,"@714760 Hi, thans for the feedback. Please do submit your suggestions here as well https://t.co/4dDw0y95wR -Anirban",
2910242,805683,Tue Nov 28 20:44:52 +0000 2017,Don’t you just LOVE it when a software provider starts advertising on your desktop? So what’s up with that @8501?,2910241,NortonSupport,Tue Nov 28 20:49:24 +0000 2017,@805683 Sorry about that! We will be glad to address your query but before that could you please share a screenshot of that notification? -Steffi (cc: @8501),
2910244,805684,Wed Nov 01 20:25:31 +0000 2017,@132897 @115858 fuck both of you,2910243,NortonSupport,Tue Nov 28 20:18:27 +0000 2017,"@805684 Hi, we are sorry for any inconvenience with Norton. Please let us know if you need any assistance -Anirban(cc: @132897)",
2924392,809228,Wed Nov 29 02:59:52 +0000 2017,"@NortonSupport ありがとう
やっぱNorton神だわ",2924394,NortonSupport,Wed Nov 29 03:04:06 +0000 2017,"@809228 該当ファイルをスキャンから除外する設定ですが、
復元の際にも設定できますが、うまく除外できない場合は、以下の方法をお試しください。
https://t.co/gomXNw0MUy
「スキャンから除外」「自動保護、SONAR、ダウンロードインテリジェンスの検出から除外」両方の設定をお願いいたします。",
2924393,809228,Wed Nov 29 02:27:31 +0000 2017,"Nortonしね
何勝手にスクリプトのファイル削除してくれてんねん
なーんか消えてるなーと思ってたよ
何が危険なのか分からんから詳細開いたらフリーズして落ちるしもううんこ",2924391,NortonSupport,Wed Nov 29 02:40:53 +0000 2017,"@809228 ご不便をおかけしております。
削除の履歴の画面から、ファイルを復元していただけます。

誤ってセキュリティリスクであると識別されたファイルを復元する
https://t.co/sVjGvSHSIJ",2924392
2924396,723714,Wed Nov 29 02:57:28 +0000 2017,@NortonSupport I need a complete reinstall of it. It crashes,2924398,NortonSupport,Wed Nov 29 03:01:03 +0000 2017,"@723714 Are you seeing any error message when your Norton crashes? If possible, could you please provide a screenshot of the same? -Prasanna",2924399
2924397,723714,Sat Nov 25 23:43:58 +0000 2017,@8501 @132897 it appears I've goofed up my antivirus software. A little help haha?,2924395,NortonSupport,Wed Nov 29 02:40:12 +0000 2017,@723714 Sorry that you're facing trouble with Norton. Could you please elaborate the problem you're facing with Norton? We can help. -Prasanna,2924396
2924399,723714,Wed Nov 29 03:11:02 +0000 2017,@NortonSupport No error messages expect constant guard had stopped working. And it then restarts the program. All of my settings are f***** up ( please excuse my foul language),2924400,NortonSupport,Wed Nov 29 03:17:40 +0000 2017,"@723714 Sorry, I am afraid that we will not be able to help you with Constant Guard crash. You might need to contact Comcast. However, to completely reinstall your Norton, follow the steps provided here: https://t.co/EvIBoQEM2g Let me know how it goes. -raj",2924401
2924401,723714,Wed Nov 29 03:20:34 +0000 2017,"@NortonSupport Problem is, I would prefer a tech to do it. And seeing how it is classified as NSS by windows but branded as constant guard.. not sure who to deal with this. Prefer when techs install it.",2924402,NortonSupport,Wed Nov 29 03:22:57 +0000 2017,"@723714 Sure, I will let you know the details. Could you send us a DM? -raj https://t.co/K1tHrA9w85",
2924405,809229,Wed Nov 29 01:49:11 +0000 2017,"@NortonSupport なるほど
教えていただきありがとうございました！",2924403,NortonSupport,Wed Nov 29 01:51:22 +0000 2017,@809229 もしうまくいかない場合は、またご連絡いただければと思います。-hide,2924404
2924407,809229,Tue Nov 28 08:24:10 +0000 2017,なんか人形演舞のパッチ消えてからまたパッチ適用させてたら一部がノートン先生に消されて適用できん,2924406,NortonSupport,Wed Nov 29 01:42:04 +0000 2017,"@809229 ノートンがファイルを削除した場合、履歴が残ります。
履歴画面からファイルを復元できます。
その際、次回以降のスキャンからの除外設定もしていただけます。-hide

誤ってセキュリティリスクであると識別されたファイルを復元する
https://t.co/sVjGvSHSIJ",2924405
2924409,809230,Tue Nov 28 15:52:20 +0000 2017,ノートンさんが危険度高で削除してくるので念のためサブのPCで動かしてる,2924408,NortonSupport,Wed Nov 29 01:33:54 +0000 2017,"@809230 突然失礼いたします。
ノートンに削除されたファイルは、履歴画面から復元できます。
その際、次回以降のスキャンからの除外設定もしていただけます。-hide

誤ってセキュリティリスクであると識別されたファイルを復元する
https://t.co/sVjGvSHSIJ",
2924411,259693,Wed Nov 29 01:13:59 +0000 2017,"@NortonSupport @132897 Thank you! (And I'd enable those extensions, but I'm not a newbie and they slow browsing to a crawl. I'm sure they're helpful, though!)",2924410,NortonSupport,Wed Nov 29 01:16:41 +0000 2017,@259693 I understand your concern. Our latest extensions are much more improved and we recommend that you use it to protect your computer from any possible threats or browser redirects. -raj,
2924413,259693,Wed Nov 29 01:05:16 +0000 2017,"Dear @112137 and @132897 - I love you, but your incessant after-market pop-ups need to STOP. Good lord. You didn't used to jump on this bandwagon, why start NOW? (And Norton? If I haven't turned on the extensions the last six times you ""reminded"" me, I'm not gonna.)",2924412,NortonSupport,Wed Nov 29 01:08:00 +0000 2017,"@259693 Sorry about the pop up messages. We have already reported it to our development team. If you need any help, do send us a tweet. -raj (cc: @132897)",2924411
2924416,797398,Tue Nov 28 11:24:59 +0000 2017,Skypeのパスワード忘れるわフォトショのAdobe ID発行しろ言われるわモニターにUSB挿しててペンタブ動かないわSAIのユーザーライセンス保存してたメールのサービスは終了してるわSAI2落とせばノートンに邪魔されるわホント長かった･･･,2924415,NortonSupport,Wed Nov 29 01:09:17 +0000 2017,"@797398 削除されたファイルを復元する際に、スキャンからの除外設定ができますが、
それとは別に設定する場合は、以下の方法になります。
https://t.co/gomXNw0MUy
「スキャンから除外」「自動保護、SONAR、ダウンロードインテリジェンスの検出から除外」両方での設定をお願いいたします。",
2928592,810193,Wed Nov 29 04:29:18 +0000 2017,Norton先輩は直ぐにプログラム更新するけど、その巻き添えでSweetlightの「ひまわり！」のプログラムデータが全部消された(セーブデータのみは残ってるが)。,2928591,NortonSupport,Wed Nov 29 05:34:05 +0000 2017,"@810193 ご不便をおかけしております。
ノートンがファイルを削除した場合、履歴に記録されます。
以下が履歴画面からファイルを復元する方法になります。

誤ってセキュリティリスクであると識別されたファイルを復元する
https://t.co/sVjGvSZu7j",
2932133,810953,Wed Nov 29 08:01:33 +0000 2017,ノートンが毎回steamの東方exeを処理するから除外したのにまぁた検出しよる,2932132,NortonSupport,Wed Nov 29 08:10:05 +0000 2017,"@810953 ご不便をおかけしております。
復元時の除外設定だけではうまく除外できない場合は、以下の設定をお試しいただけますでしょうか。
https://t.co/gomXNw0MUy
「スキャンから除外」「自動保護、SONAR、ダウンロードインテリジェンスの検出から除外」両方での設定をお願いいたします。",
2943119,813100,Wed Nov 29 14:12:13 +0000 2017,@nortonsupport how do I contact customer sat?  Apparently you L2 team thinks it’s ok to just delete things from customer systems,2943118,NortonSupport,Wed Nov 29 14:17:03 +0000 2017,"@813100 Sorry about that, Terry! It's definitely not okay! In fact we do not encourage such actions. Please provide us the reference to your contact with our L2 support? We'll look into this for you right away. -Karthik",
2944736,813465,Tue Nov 14 15:59:31 +0000 2017,ノートン先生がAAA.exeは安全ではないので削除しましたとか言い出した,2944735,NortonSupport,Wed Nov 15 00:26:56 +0000 2017,"@813465 突然失礼いたします。
ノートンが削除したファイルは、履歴画面から復元できます。
その際、次回以降のスキャンからの除外設定もしていただけます。-hide

誤ってセキュリティリスクであると識別されたファイルを復元する
https://t.co/sVjGvSHSIJ",
2944738,813466,Tue Nov 14 13:01:07 +0000 2017,ノートン入れたらマイニングのソフトが起動しなくなった,2944737,NortonSupport,Wed Nov 15 00:23:49 +0000 2017,"@813466 もし、ノートンが該当ファイルを削除した場合は、履歴が残ります。
履歴画面から、ファイルの復元ができます。
その際、次回以降のスキャンからの除外設定もしていただけます。

誤ってセキュリティリスクであると識別されたファイルを復元する
https://t.co/sVjGvSHSIJ",
2944740,813467,Tue Nov 14 09:39:28 +0000 2017,"@813468 世界て二人っきりかぁ
そういうのって俺のPCに入ってるノートンが「これ世界で使われてないから危険やで」って削除しちゃうんだよね",2944739,NortonSupport,Wed Nov 15 00:20:07 +0000 2017,"@813467 突然失礼いたします。
ノートンに削除されたファイルは、以下の方法で復元できます。
その際、次回以降のスキャンからの除外設定もしていただけます。-hide

誤ってセキュリティリスクであると識別されたファイルを復元する
https://t.co/sVjGvSHSIJ",
2950642,814832,Wed Nov 29 16:41:07 +0000 2017,@132897 why the hell does your software keep trying to defrag my SSD?,2950641,NortonSupport,Wed Nov 29 16:58:48 +0000 2017,"@814832 Hi There! To understand this better, we need more details about Norton program that you are using. Can you please send us a DM with more details. We can check. - Charlie (cc: @132897)",
2950644,116829,Wed Nov 29 15:40:45 +0000 2017,"@NortonSupport For now, I think I'll keep Norton Security uninstalled.  I need to get work done versus having it deleted.

I'm now using @3715 and @113207.",2950643,NortonSupport,Wed Nov 29 15:47:24 +0000 2017,"@116829 We value your business a lot! Besides there must be something that makes your known files identified as suspicious. Hopefully if you ever change your mind in the future, we will get it straightened out for you. -Karthik",
2950646,814833,Wed Nov 29 13:37:35 +0000 2017,@132897 your new Core router will support 1gig WiFi?,2950645,NortonSupport,Wed Nov 29 15:37:34 +0000 2017,"@814833 Hi Rich! Norton Core supports speeds up to 2.5 Gbps, which ensures 4K streaming and lag-free gaming. To learn more about Norton Core features see https://t.co/oelAF7uDIh. Do let us know if you have any questions. -Charlie (cc: @132897). -Karthik",
2950648,813100,Wed Nov 29 14:20:13 +0000 2017,@nortonsupport I would like to speak to someone in regards to my issue but apparently you do not have any phones in customer satisfaction.  How do I contact you?,2950647,NortonSupport,Wed Nov 29 14:34:57 +0000 2017,"@813100 Sure, but I'm bit worried and wish to find out what went wrong. Could you please send us a DM with the case number or your account email address? We can direct you to the right channel to have your concerns addressed immediately. -Karthik https://t.co/K1tHrA9w85",
2960328,610519,Wed Nov 29 20:41:16 +0000 2017,"@113534 Hi, somehow I seem to have 2 subscriptions to Norton...a total of 10 licenses for (so far) just the one PC! - and it looks like I somehow have 2 licenses running on the same PC . No idea how it happened. Any chance of a refund of one?",2960327,NortonSupport,Wed Nov 29 20:42:36 +0000 2017,@610519 Hi Simon. Please DM me the registered email address. I can look into this for you -Anirban https://t.co/K1tHrA9w85,
2960330,344471,Wed Nov 29 11:41:03 +0000 2017,"@113533 bug found in #NortonAppLock , it takes different patterns as initial and confirm ??🤔🤔",2960329,NortonSupport,Wed Nov 29 19:55:32 +0000 2017,"@344471 Hi, Could you please elaborate the issue you are having. I can look into this for you -Anirban",
2960332,817027,Wed Nov 29 18:17:21 +0000 2017,"@NortonSupport lol, its ok i got it. Didn't expect you guys to respond. Makes me feel better about using the product :D",2960331,NortonSupport,Wed Nov 29 18:18:48 +0000 2017,@817027 Ping us right here if you need any help at all :),
2960334,817027,Wed Nov 29 18:09:07 +0000 2017,"Come on Norton, if I tell you to exclude the program then exclude the fucking program!",2960333,NortonSupport,Wed Nov 29 18:13:25 +0000 2017,"@817027 Hi, Which Norton program do you use? I can look into this for you -Anirban",2960332
2960336,817028,Wed Nov 29 17:37:10 +0000 2017,"I have a computer virus 
Just got this damn thing from Wal-Mart, had McAfee switch to norton. Tech says laptop had virus from the start,  I try to take it back. Wal-Mart says no, its 3 days pass the time. I will never shop Wal-Mart again. 500 buck wasted like grand theft auto",2960335,NortonSupport,Wed Nov 29 17:43:19 +0000 2017,@817028 Hi! Did you get a chance to install Norton on your computer and run the full system scan? -Steffi,
2968150,818791,Wed Nov 29 23:23:08 +0000 2017,@132897 no one even answered in the nearly 40 mins. How do I get a person on the phone https://t.co/uotxsG89T4,2968151,NortonSupport,Wed Nov 29 23:29:38 +0000 2017,@818791 We are really sorry for the inconvenience. Please DM the issue. I can look into this for you -Anirban,
2968150,818791,Wed Nov 29 23:23:08 +0000 2017,@132897 no one even answered in the nearly 40 mins. How do I get a person on the phone https://t.co/uotxsG89T4,2968149,NortonSupport,Wed Nov 29 23:29:50 +0000 2017,@818791 You can DM here https://t.co/K1tHrA9w85,
2968153,377969,Wed Nov 29 21:59:58 +0000 2017,@NortonSupport Will do,2968152,NortonSupport,Wed Nov 29 22:26:49 +0000 2017,@377969 Thank you -Dinesh,
2968155,377969,Wed Nov 29 21:43:11 +0000 2017,@NortonSupport Please can you email me a statement that shows this is the amount you have taken from me over the agreed period you said you would refund. If it matches the bank statements I had to pay £40 to get I'll accept it.,2968154,NortonSupport,Wed Nov 29 21:51:19 +0000 2017,@377969 Could you send your current email address as a private message? I would be able to forward the automatic renewal emails to you -Dinesh,2968153
2968157,377969,Wed Nov 29 21:10:24 +0000 2017,"@NortonSupport Really disappointed that you can say you'll do it, it'll take 6 weeks, I've been patient and trusted you and then refund £179 out of around £960 taken for two accounts over 5 years that I wasn't aware of with notification sent to an email that doesn't exist...",2968156,NortonSupport,Wed Nov 29 21:32:46 +0000 2017,@377969 Sorry for the inconvenience we might have caused. As I have promised a refund for the old charges have been processed and you should receive the credit in the next 5-7 business days. -Dinesh,2968155
2974694,820395,Thu Nov 30 02:08:47 +0000 2017,"@NortonSupport @132897 Pl send your e-mail address so that I can send my registered e-mail details in confidence. Chat session no. 33259359, Product : Norton&amp;#8482 Internet Security, Norton-Netprophets Order 251134326 dtd. 23/11/2017",2974693,NortonSupport,Thu Nov 30 02:26:15 +0000 2017,"@820395 With the case number which you have provided, we do see that a call back is been arranged to help https://t.co/ku6mwPpi9t can send us your email address in DM. -Steffi https://t.co/K1tHrA9w85",
2974696,820395,Thu Nov 30 01:08:45 +0000 2017,"After renewing @132897 , @121548 laptop powered on welcome screen show logging in as Guest User,on power off,all files of t session gets deleted. @132897 rep left the session booting up the laptop,w/o resolving t matter n gave phone no. that is swiched off!VPoor Service!",2974695,NortonSupport,Thu Nov 30 01:16:30 +0000 2017,"@820395 Sorry about the experience you had with our support. We would like to check your records to investigate more regarding the call and
 for that, we need the email address and it should be shared it in DM for privacy reasons. so, we can check. -Steffi (cc: @132897)",2974694
2974698,820396,Wed Nov 29 20:04:39 +0000 2017,修正ファイルがノートンから「これだめです」と削除されてしまって困る。,2974697,NortonSupport,Thu Nov 30 01:31:36 +0000 2017,"@820396 突然失礼いたします。
ノートンに削除されたファイルは、履歴から復元できます。
その際、次回以降のスキャンからの除外設定もしていただけます。-hide

誤ってセキュリティリスクであると識別されたファイルを復元する
https://t.co/sVjGvSHSIJ",
2974700,820397,Wed Nov 29 23:41:21 +0000 2017,@132897 you guys just saved my computer from a cyber attack #FACTS,2974699,NortonSupport,Wed Nov 29 23:48:17 +0000 2017,@820397 We are glad to be of help :) Let us know if you need any assistance at all -Anirban,
2975176,708461,Tue Oct 31 19:10:26 +0000 2017,Oi @132897 whys this looking like a threat https://t.co/5zL0A2kRBe,2975175,NortonSupport,Tue Oct 31 19:13:24 +0000 2017,"@708461 Hi, Sorry it seems that way. Please do X out of it to not receive the message again. -Anirban(cc: @132897)",
2975300,820562,Wed Nov 15 16:00:41 +0000 2017,"Nortonがクソ邪魔すぎる
必要なアプリを勝手に危険とか判断しないで欲しい",2975299,NortonSupport,Thu Nov 16 00:18:47 +0000 2017,"@820562 ご不便をおかけしております。
ノートンが削除したファイルは、履歴画面から復元できます。
その際、次回以降のスキャンから除外する設定もていただけます。-hide

誤ってセキュリティリスクであると識別されたファイルを復元する
https://t.co/sVjGvSHSIJ",
2975302,820563,Thu Nov 16 02:38:40 +0000 2017,@NortonSupport ご連絡、ありがとうございました。,2975304,NortonSupport,Thu Nov 16 03:02:04 +0000 2017,"@820563 いえ、こちらこそ、ご返信ありがとうございます。
あれで解決するといいのですが。",
2975303,820563,Wed Nov 15 09:29:17 +0000 2017,"@820564 削除されたファイルは、ノートンのどこかのフォルダに格納されている...
というような、淡い期待は微塵もないのですか？",2975301,NortonSupport,Thu Nov 16 00:13:21 +0000 2017,"@820563 ノートンがファイルを削除した場合、履歴画面に記録が残っています。
削除されたファイルの復元も、履歴画面から行っていただけます。
その際、次回以降のスキャンからの除外設定も同時に行えます。-hide

誤ってセキュリティリスクであると識別されたファイルを復元する
https://t.co/sVjGvSHSIJ",2975302
2975307,820565,Thu Nov 16 13:16:25 +0000 2017,@NortonSupport 承知致しました。その対処で合っていると思われますので設定致します。呟きとはいえ暴言の程失礼いたしました。助言いただき有難うございます。,2975309,NortonSupport,Fri Nov 17 00:06:12 +0000 2017,"@820565 お役に立てたようでなによりです。
もし、他にも不具合、疑問等ございましたら
当アカウント、またはサポートセンター(https://t.co/wPqrUv2KEr)までお問い合わせください。-hide",
2975308,820565,Wed Nov 15 12:49:52 +0000 2017,さっきZWIFTしてたらノートン先生にペアリング切られた。こいつもういらない,2975306,NortonSupport,Thu Nov 16 00:10:33 +0000 2017,"@820565 ご不便をおかけしております。
ノートンがアプリケーションの通信をブロックしている、ということでしたら
ファイアウォール設定で通信を許可していただけますでしょうか。
https://t.co/cs5eyy6uMJ",2975307
2975642,820663,Thu Nov 16 04:44:09 +0000 2017,除外リストに入れても削除していくノートンママ，躾がきびしくありませんかね,2975641,NortonSupport,Thu Nov 16 04:52:05 +0000 2017,"@820663 もし、復元の際に除外設定をしたのにノートンがファイルを削除し続ける、ということでしたら
以下の方法をお試しいただけますでしょうか。
https://t.co/gomXNw0MUy
「スキャンから除外」「自動保護、SONAR、ダウンロードインテリジェンスの検出から除外」両方での設定をお願いいたします",
2975746,820688,Thu Nov 16 02:57:10 +0000 2017,Norton Core. Does that ridiculous looking thing make a show of reporting when a wrong pwd was attempted at your locked hotspot? Is it a flourish that is the value add there?,2975745,NortonSupport,Thu Nov 16 07:03:24 +0000 2017,"@820688 Sorry to hear that, Blake. We would like to collect more information about the inconvenience caused to you and help make it right. Could you send us a DM? -raj https://t.co/K1tHrA9w85",
2977436,821152,Thu Nov 16 08:34:32 +0000 2017,Norton IDセーフがちゃんちゃんとfirefoxが更新されても対応してたらKeepassに乗り換えることもおそらくなかったんだろうが,2977435,NortonSupport,Fri Nov 17 01:53:48 +0000 2017,"@821152 Firefox 57.0でNorton Toolbarをご利用いただくには、
ノートンセキュリティのほうで有効に設定したうえで
Firefoxを開き、下記のサイトから新たにSecurity Toolbarをダウンロードいただけますでしょうか。
https://t.co/b72MUs1ybi",
2977438,821153,Fri Nov 17 00:24:57 +0000 2017,"ノートンＤＬサイトで買ったゲーム勝手に削除すんのほんとやめてほしい
なんなんまじで",2977437,NortonSupport,Fri Nov 17 00:46:14 +0000 2017,"@821153 突然失礼いたします。
ノートンに削除されたファイルは、以下の方法で復元できます。
その際、次回以降のスキャンからの除外設定もしていただけます。-hide

誤ってセキュリティリスクであると識別されたファイルを復元する
https://t.co/sVjGvSHSIJ",
2977440,821154,Thu Nov 16 12:30:57 +0000 2017,あ　ノートン先生が　えｒｇの起動用のexeファイル勝手に削除しやがった,2977439,NortonSupport,Fri Nov 17 00:36:28 +0000 2017,"@821154 ご不便をおかけしております。
ノートンが削除したファイルは、履歴画面から復元できます。
その際、次回以降のスキャンからの除外設定もしていただけます。-hide

誤ってセキュリティリスクであると識別されたファイルを復元する
https://t.co/sVjGvSHSIJ",
2977442,821155,Thu Nov 16 11:09:29 +0000 2017,wacomの更新ファイルがNortonのせいで削除される、、,2977441,NortonSupport,Fri Nov 17 00:31:58 +0000 2017,"@821155 突然失礼いたします。
ノートンに削除されたファイルは、以下の方法で復元できます。
その際、次回以降のスキャンからの除外設定もしていただけます。-hide

誤ってセキュリティリスクであると識別されたファイルを復元する
https://t.co/sVjGvSZu7j",
2977444,821156,Thu Nov 16 09:22:58 +0000 2017,SSPがノートンにピックアップガチャされまくって毎回毎回ssu.dllとかssp.exeが削除されるんですけどなんとかなりませんか #なりませんね,2977443,NortonSupport,Fri Nov 17 00:21:39 +0000 2017,"@821156 ご不便をおかけしております。
復元時に行う除外設定だけではうまくいかない場合、以下の設定をお試しいただけますでしょうか。
https://t.co/gomXNw0MUy
「スキャンから除外」「自動保護、SONAR、ダウンロードインテリジェンスの検出から除外」両方での設定をお願いいたします。",
2977609,821207,Fri Nov 17 04:30:00 +0000 2017,おいノートンふざけんなよ前除外したやつまた削除してんじゃねーよ,2977608,NortonSupport,Fri Nov 17 04:33:37 +0000 2017,"@821207 復元時に行う除外設定だけではうまくいかない場合は、以下の設定をお試しいだたけますでしょうか。
https://t.co/gomXNw0MUy
「スキャンから除外」「自動保護、SONAR、ダウンロードインテリジェンスの検出から除外」両方での設定をお願いいたします。",
2977611,821208,Fri Nov 17 02:49:22 +0000 2017,ノートン先生が勝手にexeファイルを消去してくる,2977610,NortonSupport,Fri Nov 17 03:01:03 +0000 2017,"@821208 突然失礼いたします。
ノートンに削除されたファイルは、履歴画面から復元できます。
その際、次回以降のスキャンからの除外設定もしていただけます。-hide

誤ってセキュリティリスクであると識別されたファイルを復元する
https://t.co/sVjGvSHSIJ",
2977950,821304,Fri Nov 17 08:38:07 +0000 2017,@100871 ちなみに、Nortonに苦情をツイートしましたが、なしのつぶてです。,2977949,NortonSupport,Fri Nov 17 09:36:18 +0000 2017,"@821304 ノートンサポートです。
ノートンクリーンの使用法ですが、スキャンをした後、「レビュー」で、
スキャンにより抽出されたファイルを確認、削除したくないファイルはクリーンの対象から外す、という操作が可能です。
次回からはそのような方法でご使用いただければ、と思います。",
2980218,757063,Sat Nov 18 18:35:30 +0000 2017,@132897 help!! Trying to install on anothe device and email says I am@covered  10 devices till May 18 yet it says I need to re do subscription as I’m out ....,2980217,NortonSupport,Sat Nov 18 18:39:12 +0000 2017,@757063 That's odd! We need more details about your subscription to get to the bottom of this issue. Can you please send us a DM. We will help you to get this sorted. - Charlie https://t.co/K1tHrA9w85,
2982144,822501,Sat Nov 18 06:11:36 +0000 2017,"そして、またもやノートンさんのツールバーが使用できない。
なんかなあ…。
とはいえ、edgeやIEは更に使いにくいので、まあしかたがないかなあ…。",2982143,NortonSupport,Mon Nov 20 03:27:32 +0000 2017,"@822501 Firefox 57.0でNorton Toolbarをご利用いただくには、
ノートンセキュリティのほうで有効に設定したうえで
Firefoxを開き、下記のサイトから新たにSecurity Toolbarをダウンロードいただけますでしょうか。-hide
https://t.co/b72MUs1ybi",
2982146,822502,Fri Nov 17 15:35:05 +0000 2017,ノートン先生すら排除するとかひどすぎじゃないですかね？ https://t.co/EYIHzzed6X,2982145,NortonSupport,Mon Nov 20 03:04:13 +0000 2017,"@822502 Firefox 57.0でNorton Toolbarをご利用いただくには、
ノートンセキュリティのほうで有効に設定したうえで
Firefoxを開き、下記のサイトから新たにSecurity Toolbarをダウンロードいただけますでしょうか。-hide
https://t.co/b72MUs1ybi",
2982149,822503,Fri Nov 17 13:36:05 +0000 2017,"ワンドロやろうと思ったがその気も失せた
寝る！　滅びろシマンテック社！！",2982148,NortonSupport,Mon Nov 20 02:48:54 +0000 2017,"@822503 ご不便をおかけしております。
復元の際の除外設定だけではうまく該当ファイルを除外できない場合は、以下をお試しいただけますでしょうか。
https://t.co/gomXNw0MUy
「スキャンから除外」「自動保護、SONAR、ダウンロードインテリジェンスの検出から除外」両方での設定をお願いいたします。",
2982151,822504,Fri Nov 17 11:09:45 +0000 2017,うちの父がウイルス対策用ソフトとしてノートンを買ってきたわけだけど、ノートンって.exeファイルを勝手に誤作動で消すことがあると聞いてカードワースのシナリオやソフトが消されないかが不安。,2982150,NortonSupport,Mon Nov 20 02:14:24 +0000 2017,"@822504 突然失礼いたします。
ノートンに危険ではないファイルを消された場合も、履歴画面から復元できます。
その際、次回以降のスキャンからの除外設定もしていただけます。

誤ってセキュリティリスクであると識別されたファイルを復元する
https://t.co/sVjGvSHSIJ",
2982350,822566,Sun Nov 19 09:01:23 +0000 2017,"@822567 ノートン先生「エッチなのは許しません！」

でもさすがにちょっと厳しいっす……",2982349,NortonSupport,Mon Nov 20 05:52:52 +0000 2017,"@822566 突然失礼いたします。
特定のファイルをスキャン対象から外す除外設定になります。
https://t.co/gomXNw0MUy
「スキャンから除外」「自動保護、SONAR、ダウンロードインテリジェンスの検出から除外」両方での設定をお願いいたします。-hide",
2982354,822568,Sun Nov 19 06:40:41 +0000 2017,親父から「Mac版ノートン１年延長申し込み→払い込み→画面に保留中と出ているだけ。耳が遠いのでサポートに連絡もできん」と悲鳴のメールが来た。が、自分はノートン使ってないのでネットで調べるも詳細は分からず・・・・週末に実家に帰って症状を見てみるか(´∀｀),2982353,NortonSupport,Mon Nov 20 05:40:37 +0000 2017,"@822568 突然失礼いたします。
弊社チャットサポートをご利用になれば、電話いただかなくても大丈夫です。
https://t.co/wPqrUv2KEr
24時間対応です。
もしツイッターのアカウントをお持ちなら、当アカウントでも承ります。-hide",
2982356,598516,Mon Nov 20 05:26:56 +0000 2017,"ノートン先生が教えてくれたのでfirefox上げます！
ノートン先生すごい親切だなぁ
これでもう少し軽くなれば最高なのに😬😬😬",2982355,NortonSupport,Mon Nov 20 05:31:15 +0000 2017,"@598516 ご返信、ありがとうございます。
ツイッターによるサポート(日本語)は、本年より開始した新たな試みです。
英語では24時間で対応しておりますが、もし夜間や週末に急ぎでサポートが必要な場合は
ライブチャット(https://t.co/wPqrUv2KEr)のご利用をお願いいたします-hide",
2982358,822569,Sun Nov 19 05:28:46 +0000 2017,艦これ一覧めいかー改二の最新版がノートン先生に消されたｗｗｗｗｗｗｗｗｗｗ勘弁してくれ,2982357,NortonSupport,Mon Nov 20 05:19:29 +0000 2017,"@822569 ご不便をおかけしております。
ノートンに削除されたファイルは、以下の方法で復元できます。
その際、次回以降のスキャンからの除外設定もしていただけます。-hide

誤ってセキュリティリスクであると識別されたファイルを復元する
https://t.co/sVjGvSHSIJ",
2983925,822834,Mon Nov 20 14:15:45 +0000 2017,So without even giving me a warning my subscription was up my internet security has updated itself and its cost me £70 no way would i normally pay that will be keeping a reminder for next year and cancelling altogether #Norton,2983924,NortonSupport,Mon Nov 20 14:30:12 +0000 2017,"@822834 That's odd! You should have received the pre billing email to the registered email prior subscription renewal. However, we would like to get to the bottom of this. Please send us a DM with more details. We can check.  - Charlie https://t.co/K1tHrA9w85",
2985543,823235,Mon Nov 20 14:10:01 +0000 2017,アプリ入れようとしてるのに、ノートンに邪魔される,2985542,NortonSupport,Tue Nov 21 02:22:19 +0000 2017,"@823235 もし、危険でないファイルがノートンに削除される、ということでしたら
ファイル以下の方法で復元できます。
その際、次回以降のスキャンからの除外設定もしていただけます。-hide

誤ってセキュリティリスクであると識別されたファイルを復元する
https://t.co/sVjGvSHSIJ",
2985545,823236,Mon Nov 20 13:23:02 +0000 2017,"んー？
艦これ一覧めいかー改二使ってみたんだけど、Norton先生がウィルスだから消すは、あと再起動必須な！
って何度言ってきてうざす。。

除外したはずなんだけどなぁ。",2985544,NortonSupport,Tue Nov 21 02:18:50 +0000 2017,"@823236 ご不便をおかけしております。
もし、復元時の除外設定だけで削除が止まらない場合は、以下の設定をお試しいただけますでしょうか。
https://t.co/gomXNw0MUy
「スキャンから除外」「自動保護、SONAR、ダウンロードインテリジェンスの検出から除外」両方での設定をお願いいたします。-hide",
2987708,823790,Wed Nov 22 01:17:56 +0000 2017,ノートン先生が天空璋の起動を頑なに拒否してくるー,2987707,NortonSupport,Wed Nov 22 04:06:12 +0000 2017,"@823790 もし、ノートンが危険でないファイルを削除する、という問題でしたら
ファイルは以下の方法で復元できます。
その際、次回以降のスキャンからの除外設定もしていただけます。

誤ってセキュリティリスクであると識別されたファイルを復元する
https://t.co/sVjGvSHSIJ",
2987710,782980,Tue Nov 21 17:13:35 +0000 2017,ノートン先生に削除された…ひどい…😇,2987709,NortonSupport,Wed Nov 22 01:59:45 +0000 2017,"@782980 ご不便をおかけしております。
ノートンに削除されたファイルは、以下の方法で復元できます。
その際、次回以降のスキャンからの除外設定もしていただけます。-hide

誤ってセキュリティリスクであると識別されたファイルを復元する
https://t.co/sVjGvSHSIJ",
2987712,823791,Tue Nov 21 14:57:36 +0000 2017,"@107723 再度失礼します。
search-tinymt-seed-x86を開こうとすると、ヒューリスティックウイルスが検出され、ノートンにひっかかって開けないのですが、解決策はありますか？",2987711,NortonSupport,Wed Nov 22 01:55:28 +0000 2017,"@823791 削除されたファイルは、以下の方法で復元できます。-hide

誤ってセキュリティリスクであると識別されたファイルを復元する
https://t.co/sVjGvSHSIJ",
2987712,823791,Tue Nov 21 14:57:36 +0000 2017,"@107723 再度失礼します。
search-tinymt-seed-x86を開こうとすると、ヒューリスティックウイルスが検出され、ノートンにひっかかって開けないのですが、解決策はありますか？",2987713,NortonSupport,Wed Nov 22 01:54:26 +0000 2017,"@823791 以下の除外設定をしてみていただけますでしょうか。
https://t.co/gomXNw0MUy
「スキャンから除外」「自動保護、SONAR、ダウンロードインテリジェンスの検出から除外」両方での設定をお願いいたします。",
2987715,823792,Tue Nov 21 14:17:25 +0000 2017,"ふと思いついてノートン先生を解除したら無事連携出来ました
PCでもスマホでも相変わらずゲームと相性最悪だね、ノートン先生",2987714,NortonSupport,Wed Nov 22 01:51:41 +0000 2017,"@823792 おそらくノートンのファイアウォールの動きのせいかと思われます。
以下の方法で、該当プログラムの通信を許可してみていただけますでしょうか。
https://t.co/XsigZD7gL6",
2987717,823793,Tue Nov 21 13:04:06 +0000 2017,カスノートンひで,2987716,NortonSupport,Wed Nov 22 01:37:23 +0000 2017,"@823793 突然失礼いたします。
ノートンに削除されたファイルは、以下の方法で復元できます。
その際、次回以降のスキャンからの除外設定もしていただけます。-hide

誤ってセキュリティリスクであると識別されたファイルを復元する
https://t.co/sVjGvSHSIJ",
2987719,823794,Tue Nov 21 11:06:53 +0000 2017,パムズmod入れたらノートンさんに隔離されたぞ？？？,2987718,NortonSupport,Wed Nov 22 01:29:21 +0000 2017,"@823794 突然失礼いたします。
ノートンに削除されたファイルは、履歴画面から復元できます。
その際、次回以降のスキャンからの除外設定をしていただけます。-hide

誤ってセキュリティリスクであると識別されたファイルを復元する
https://t.co/sVjGvSHSIJ",
298942,187255,Fri Oct 06 19:02:30 +0000 2017,@NortonSupport can you tell me why you've charged me £80 for the £28 Premium package?,298941,NortonSupport,Fri Oct 06 19:15:04 +0000 2017,@187255 Hi Matt! We would like to collect more details about your subscription. Please send is a DM. We will look into it. - Charlie,
29896,122579,Wed Nov 01 11:09:33 +0000 2017,I can't play #Infestation #TheNewZ due to a Norton false positive which I can't fix it. Should I buy #Left4Dead2 instead?,29895,NortonSupport,Wed Nov 01 11:13:31 +0000 2017,"@122579 Sorry for the trouble. Did you get any alert from Norton? Let us know, we can help! -Harini",
29898,122255,Wed Nov 01 10:20:44 +0000 2017,@NortonSupport I DM U my problem please help me,29897,NortonSupport,Wed Nov 01 10:21:20 +0000 2017,"@122255 Sure, we already replied to you DM. -raj",
29900,122255,Wed Nov 01 10:17:30 +0000 2017,@NortonSupport morning how are u today,29899,NortonSupport,Wed Nov 01 10:19:03 +0000 2017,@122255 Doing good. Let us know if you need any help with Norton. -raj,29898
303463,188445,Fri Oct 06 21:24:43 +0000 2017,@NortonSupport  https://t.co/eBzKtH3ZOu,303465,NortonSupport,Fri Oct 06 21:32:36 +0000 2017,"@188445 This file has less reputation critics but if you still trust this file, you can choose ""Restore and Exclude"" and see if that helps? -Karthik",303466
303464,188445,Fri Oct 06 21:15:59 +0000 2017,"@NortonSupport I keep trying to, I trust the file, but Norton won't let me use it",303462,NortonSupport,Fri Oct 06 21:17:37 +0000 2017,@188445 Could you please click on the 'Options' and share the screenshot of that screen? -Karthik,303463
303466,188445,Fri Oct 06 21:33:22 +0000 2017,@NortonSupport Ok,303468,NortonSupport,Fri Oct 06 21:34:19 +0000 2017,"@188445 Thanks, let us know how it goes. -Karthik",
303466,188445,Fri Oct 06 21:33:22 +0000 2017,@NortonSupport Ok,303467,NortonSupport,Tue Oct 10 02:02:31 +0000 2017,"@188445 Hi, just a follow-up. Do let us know if you need further assistance -Anirban",303469
303469,188445,Tue Oct 10 02:39:59 +0000 2017,@NortonSupport I will,303470,NortonSupport,Tue Oct 10 02:47:02 +0000 2017,@188445 Great! We're always here to help you. -Prasanna,
303472,188445,Fri Oct 06 20:49:57 +0000 2017,"@NortonSupport This is my problem, it wont let me install the device. https://t.co/2rSYDhcAcV",303471,NortonSupport,Fri Oct 06 21:15:06 +0000 2017,@188445 Strange! Do you trust the source of this file? And did you try restoring the file from this option? -Karthik,303464
303474,188445,Fri Oct 06 20:43:25 +0000 2017,So I'm trying to install the hardware in order for my 2ds capture card to work and Norton keeper getting in the way....😡😡😡😡👿👿👿👿,303473,NortonSupport,Fri Oct 06 20:47:14 +0000 2017,"@188445 Sorry, could you share a screenshot of this? We can check. -Karthik",303472
308820,189740,Fri Oct 06 23:37:45 +0000 2017,@NortonSupport Sorry? Is that all you got to say to me? Your supposed to stop shit like this from happening! Your system FAILED ME! Now my info is stolen 😠,308818,NortonSupport,Fri Oct 06 23:47:39 +0000 2017,@189740 That shouldn't happen. How do you suspect this? Could you please send us a DM with details? We can check. -Prasanna,308819
308823,189740,Fri Oct 06 07:36:32 +0000 2017,"Today I found out via @NortonSupport my e mail was breached! All my info. name, address, pics &amp; phone# &amp; password taken! FUCK U SCUM HACKERS",308822,NortonSupport,Fri Oct 06 07:43:52 +0000 2017,"@189740 Sorry for the trouble you have been through. If you need any help with Norton in the future, we are just a tweet away! -Harini",308820
322819,192903,Sat Oct 07 14:03:13 +0000 2017,@NortonSupport And 1236227890,322818,NortonSupport,Sat Oct 07 14:05:17 +0000 2017,"@192903 Thank you, we located the order. -Harini",
322819,192903,Sat Oct 07 14:03:13 +0000 2017,@NortonSupport And 1236227890,322820,NortonSupport,Sat Oct 07 14:04:31 +0000 2017,"@192903 Sorry, we could not locate the order number NP123622789. -Harini",
322823,192903,Sat Oct 07 14:04:47 +0000 2017,@NortonSupport Awful customer service,322825,NortonSupport,Sat Oct 07 14:16:03 +0000 2017,@192903 We could see that you have reached out to our support and got help on this recent auto renewal charge. -Harini,322826
322824,192903,Sat Oct 07 13:46:58 +0000 2017,"Called Norton support, guy literally says uh huh and puts me on hold!",322821,NortonSupport,Sat Oct 07 13:56:12 +0000 2017,@192903 Sorry about this. Could you please provide the order number? We will check that for you. -Harini,"322819,322822,322823"
322826,192903,Sat Oct 07 15:09:33 +0000 2017,"@NortonSupport Still not happy, do you have an email address for complaints?",322827,NortonSupport,Sat Oct 07 15:14:13 +0000 2017,@192903 (cont..) investigate this. Please send us a DM here. We can check. - Charlie https://t.co/K1tHrA9w85,
322826,192903,Sat Oct 07 15:09:33 +0000 2017,"@NortonSupport Still not happy, do you have an email address for complaints?",322828,NortonSupport,Sat Oct 07 15:13:41 +0000 2017,"@192903 We are really sorry to hear that you are not happy with support. We do not have support through email. However, we would like to (cont..)",
336127,196184,Sat Oct 07 20:48:17 +0000 2017,"@NortonSupport I'm trying to end my autosubscription. Your  apparent ""24/7 Support"" automated voice told me to go online. Can someone help?",336126,NortonSupport,Sat Oct 07 20:56:43 +0000 2017,@196184 Sorry about that! Please let us know how can we be help to you? -Karthik,
338064,196695,Sat Oct 07 21:22:50 +0000 2017,"@NortonSupport I didn't install it in the first place, it just appeared. I already have an antivirus software I'm using, so I'm not sure how I got this.",338062,NortonSupport,Sat Oct 07 21:24:56 +0000 2017,@196695 Strange! Could you share us the notification that appeared? We can check. -Karthik,338063
338065,196695,Sat Oct 07 21:27:09 +0000 2017,"@NortonSupport I've not turned my laptop off in...a while, so I'm not sure how it managed to install itself in the background.",338066,NortonSupport,Sat Oct 07 21:30:14 +0000 2017,@196695 Could you please share us the screenshot of this? -Karthik,338067
338068,196695,Sat Oct 07 21:32:24 +0000 2017,@NortonSupport I got it when I haven't downloaded any new programs in weeks.,338069,NortonSupport,Sat Oct 07 21:55:41 +0000 2017,"@196695 All applications can be installed only with the user intervene. If you don't have valid subscription, you can uninstall it. -Karthik",338070
338072,196695,Sat Oct 07 22:08:31 +0000 2017,@NortonSupport understand how it came to be on my computer without my involvement. It makes no sense.,338073,NortonSupport,Sat Oct 07 22:35:44 +0000 2017,@196695 We can'r derive the situvation unless we have valid information. Did you try restoring your computer? -Karthik,
338075,196695,Sat Oct 07 21:03:57 +0000 2017,can anyone explain why norton has installed itself on my computer without being asked?,338074,NortonSupport,Sat Oct 07 21:19:00 +0000 2017,@196695 Sorry about that! Did you try reinstalling  your Norton product? -Karthik,338064
340468,197322,Sat Oct 07 23:47:14 +0000 2017,@157036 It turns out Norton Identity Safe's firefox add-on has a 20 character limit for entering a vault password. Doesn't seem very secure nor helpful for people with passwords above 20 chars,340467,NortonSupport,Sat Oct 07 23:59:00 +0000 2017,@197322 Hi Alex! We've replied to your DM. -Prasanna,
340470,197323,Sat Oct 07 23:42:31 +0000 2017,@NortonSupport @8501 thx,340469,NortonSupport,Sat Oct 07 23:51:31 +0000 2017,@197323 You're welcome! Let us know if you need any help. -Prasanna,
340472,197323,Sat Oct 07 21:25:26 +0000 2017,@16458 I just updated to the latest and greatest and received a Virus warning from @8501 what say u? https://t.co/4S7KfrLHcJ,340471,NortonSupport,Sat Oct 07 21:35:23 +0000 2017,@197323 You can ask them to report this here https://t.co/26M7IRm4Cw? Our concerned team will look into this for you. -Karthik (cc: @8501),340470
346925,198616,Sun Oct 08 04:07:35 +0000 2017,This is the last time I use @132897 antivirus. They double-charge you for the renewal then give you the runaround on a refund.,346924,NortonSupport,Sun Oct 08 04:13:31 +0000 2017,@198616 Sorry about that. Could you please send us DM to get more information on this? We can help. -Prasanna,
346927,198617,Sun Oct 08 08:01:50 +0000 2017,"@NortonSupport yes, downloaded  again from Chrome.",346929,NortonSupport,Sun Oct 08 08:10:02 +0000 2017,@198617 Hi! Can you provide the url from where you downloaded this file? -Harini,346930
346928,198617,Sun Oct 08 04:06:33 +0000 2017,@NortonSupport already done installation succeeded.,346926,NortonSupport,Sun Oct 08 04:10:12 +0000 2017,@198617 Did you update your browser recently? Please provide the version of your browser. -Prasanna,346927
346930,198617,Sun Oct 08 08:47:07 +0000 2017,@NortonSupport https://t.co/XE62Jsft8V,346931,NortonSupport,Sun Oct 08 08:49:21 +0000 2017,@198617 Thank you. Please provide a screenshot by click on 'More options' for this alert in Security history. -Harini,346932
346932,198617,Sun Oct 08 09:05:33 +0000 2017,@NortonSupport  https://t.co/9mOBoLLHg1,346933,NortonSupport,Sun Oct 08 09:07:48 +0000 2017,@198617 Hi. Please go to Security History in Norton &gt; Alert you received today &gt; Click on More options and provide a screenshot of it. -Harini,346934
346934,198617,Mon Oct 09 02:16:51 +0000 2017,@NortonSupport sorry not available because info mistakenly cleared off by me.,346935,NortonSupport,Mon Oct 09 02:23:01 +0000 2017,@198617 Alright. You can run a scan again on Norton and then see the result -Anirban,"346936,346937"
346936,198617,Mon Oct 09 02:24:50 +0000 2017,@NortonSupport yesterday I ran scan,346938,NortonSupport,Mon Oct 09 02:27:11 +0000 2017,@198617 Did you run a full system scan? Please run a scan from here as well https://t.co/bM2ojd1vgT -Anirban,346939
346939,198617,Mon Oct 09 02:28:23 +0000 2017,@NortonSupport OK doing so takes 1:45:00,346940,NortonSupport,Mon Oct 09 02:30:03 +0000 2017,@198617 Do let us know the result -Anirban,346941
346941,198617,Mon Oct 09 02:38:45 +0000 2017,@NortonSupport NPE scan Clear,346942,NortonSupport,Mon Oct 09 02:45:25 +0000 2017,@198617 Okay! Please do let us know if you encounter this again. We'll investigate it further. -Prasanna,346943
346943,198617,Mon Oct 09 04:48:54 +0000 2017,@NortonSupport full scan completed no threat detection.,346944,NortonSupport,Mon Oct 09 04:54:10 +0000 2017,@198617 Were you able to run the file successfully and install it on your PC? Let us know if the browser is still being blocked by Norton. -Prasanna,346945
346945,198617,Mon Oct 09 04:57:30 +0000 2017,@NortonSupport yes no problem,346946,NortonSupport,Mon Oct 09 04:58:51 +0000 2017,@198617 Glad to know that! Let us know if you need any help with your Norton. We'd be happy to assist you further. -Prasanna,346947
346947,198617,Mon Oct 09 05:02:21 +0000 2017,@NortonSupport last time also installation succeeded but before there was one detection only. no issue further now just to test following similar procedure,346948,NortonSupport,Mon Oct 09 05:04:27 +0000 2017,"@198617 That shoudn't happen! If you come through this again, let us know here. Glad to help. -Prasanna",346949
346949,198617,Mon Oct 09 05:05:37 +0000 2017,"@NortonSupport finished, no detection, may be false+ corrected by Symantec.",346950,NortonSupport,Mon Oct 09 05:11:04 +0000 2017,"@198617 Glad to know that, Ranjan! Let us know if you need any help in future. Happy to help :) -Prasanna",
346952,198617,Sun Oct 08 04:02:27 +0000 2017,@NortonSupport 22.11,346951,NortonSupport,Sun Oct 08 04:04:25 +0000 2017,@198617 Thanks! Could you please run a LiveUpdate and restart your PC to see if that helped? Let us know about the results. -Prasanna,346928
346954,198617,Sun Oct 08 03:47:35 +0000 2017,@16947 @132897 Detected Malicious. kindly check @13914 browser https://t.co/PUKrnh1GQq,346953,NortonSupport,Sun Oct 08 03:54:14 +0000 2017,@198617 That's odd! May I have the version of your Norton security? We'll look into this. -Prasanna,346952
347576,198616,Sun Oct 08 05:07:58 +0000 2017,@NortonSupport Why did you follow me? You already lost me as a customer today. After alerting the bank on Tuesday I'll find a new AV vendor.,347575,NortonSupport,Sun Oct 08 05:12:21 +0000 2017,@198616 We can certainly understand your frustration. We'll get back to you once we've an update with the concerned team. -Prasanna,
351271,199568,Sun Oct 08 11:03:25 +0000 2017,once my free trial's expired next week i'm gonna get the heck rid of norton &gt;:T,351270,NortonSupport,Sun Oct 08 11:06:22 +0000 2017,"@199568 Sorry, let us know what exactly wrong with your Norton, we are here to help. -raj",
351273,199569,Sun Oct 08 11:08:00 +0000 2017,@NortonSupport Thanks I'll DM you in the next hour with the details,351275,NortonSupport,Sun Oct 08 11:13:38 +0000 2017,"@199569 Sure, you can get in touch with us anytime. :) Happy to help. -raj",
351274,199569,Sun Oct 08 11:00:48 +0000 2017,@NortonSupport there's no way of cancelling it on the email and no contact details either to cancel. How do they cancel it? Can DM details,351272,NortonSupport,Sun Oct 08 11:05:29 +0000 2017,"@199569 send us a DM with the registered email address, we can help. :) -raj https://t.co/K1tHrA9w85",351273
351274,199569,Sun Oct 08 11:00:48 +0000 2017,@NortonSupport there's no way of cancelling it on the email and no contact details either to cancel. How do they cancel it? Can DM details,351276,NortonSupport,Sun Oct 08 11:05:07 +0000 2017,"@199569 Sorry about the trouble. Follow the steps provided here to cancel the renewal: https://t.co/v7xqNgfXIA If you need further help, do (cont)",
351278,199570,Sun Oct 08 10:41:57 +0000 2017,@NortonSupport @132897 Ok will do,351279,NortonSupport,Wed Oct 11 13:57:27 +0000 2017,@199570 Hello John! Just checking to see if you still need any help with Norton. -Harini :),351282
351278,199570,Sun Oct 08 10:41:57 +0000 2017,@NortonSupport @132897 Ok will do,351277,NortonSupport,Sun Oct 08 10:46:19 +0000 2017,"@199570 Thank you. If you need any further help, send us a tweet. -raj",
351281,199570,Sun Oct 08 10:35:12 +0000 2017,@132897 trying to load your s/w getting 10 minutes of this https://t.co/TYOv3bmLbf,351280,NortonSupport,Sun Oct 08 10:41:27 +0000 2017,@199570 Sorry about the trouble. Could you try on a different web browser and let us know how it goes? -raj (cc: @132897),351278
351282,199570,Wed Oct 11 14:25:02 +0000 2017,@NortonSupport Hi Harini it took a while to sort but all is ok now thanks for asking,351283,NortonSupport,Wed Oct 11 14:31:07 +0000 2017,@199570 That sounds great! Feel free to tweet us if you need any further help with Norton products in the future. -Steffi,
354370,200249,Sun Oct 08 16:38:19 +0000 2017,@NortonSupport I couldn't so I just used the RnR tool,354372,NortonSupport,Sun Oct 08 16:47:50 +0000 2017,@200249 and then log in to your Norton account to check. -Steffi,
354370,200249,Sun Oct 08 16:38:19 +0000 2017,@NortonSupport I couldn't so I just used the RnR tool,354373,NortonSupport,Wed Oct 11 17:30:14 +0000 2017,"@200249 Hi, Dan. Hope you're doing good. Just wanted to follow up and check if Norton is working on your PC. Let me know if you need any help-Dinesh",354375
354370,200249,Sun Oct 08 16:38:19 +0000 2017,@NortonSupport I couldn't so I just used the RnR tool,354374,NortonSupport,Sun Oct 08 16:47:27 +0000 2017,@200249 Sorry about that. Run the live update in Norton Security until you get the message no updates available and then restart the computer (cont),
354371,200249,Sun Oct 08 13:48:21 +0000 2017,@NortonSupport My Norton Security isn't opening. It says it's running in Task Manager but I dont get a window,354369,NortonSupport,Sun Oct 08 13:54:01 +0000 2017,"@200249 Sorry for this inconvenience caused, Dan. Do you see the Norton icon in the system tray? -Harini",354370
354375,200249,Sat Oct 14 19:20:07 +0000 2017,@NortonSupport Its doing good thank you,354376,NortonSupport,Sat Oct 14 19:24:31 +0000 2017,@200249 Thanks for your message Dan. :) Feel free to tweet us if you ever need any help with Norton in the future. Steffi,354377
354377,200249,Sat Oct 14 19:25:56 +0000 2017,"@NortonSupport Will do, thanks",354378,NortonSupport,Sat Oct 14 19:26:50 +0000 2017,@200249 You're welcome. :) -Steffi,
356655,200692,Sun Oct 08 14:28:49 +0000 2017,@NortonSupport Norton Mobile Security / 3.22.0.3322,356654,NortonSupport,Sun Oct 08 14:36:13 +0000 2017,@200692 Thanks. We would like to collect more details. Could you please send us a DM? -Steffi,
356657,200692,Sun Oct 08 14:16:02 +0000 2017,"@NortonSupport The application has blocked calls on my phone ... And now, what do I do ?!",356656,NortonSupport,Sun Oct 08 14:19:35 +0000 2017,@200692 Sorry about that! Could you please provide the Name/ Version of Norton product you have? -Steffi,356655
361661,201655,Sun Oct 08 17:45:33 +0000 2017,"@NortonSupport 2. I was lucky &amp; found NSBU download exe on my old laptop. Used that to do install on new laptop, so my issue is resolved.",361664,NortonSupport,Sun Oct 08 17:49:10 +0000 2017,"@201655 Glad that you were able to get this sorted. If you ever need any help with your Norton, we're just a tweet away. :) -Steffi",
361663,201655,Sun Oct 08 17:15:36 +0000 2017,"@NortonSupport Attempting to add device to my acct by downloading Sec Premium. Download never launches. Tried on 3 machines, diff browsers.",361660,NortonSupport,Sun Oct 08 17:24:17 +0000 2017,@201655 Sorry about that! Could you please share a  screenshot of the error message you receive? We can look into it. -Steffi,"361661,361662"
362940,201977,Sun Oct 08 18:15:28 +0000 2017,"@201978 Got it, Norton Antivirus doesnt like your section, disabled and working again, sorry.",362939,NortonSupport,Sun Oct 08 18:23:02 +0000 2017,@201977 Hi Jason! Send us a DM with more details if you need any help with Norton. We are just a Tweet away. - Charlie,
365924,202697,Sun Oct 08 19:48:27 +0000 2017,@NortonSupport @132897 It has been more than 3 days.. how much time do you guys need for a simple order. Really worst service I am getting!!,365923,NortonSupport,Sun Oct 08 20:08:33 +0000 2017,@202697 I apologize for any inconvenience this might have caused. I have send you to DM with more details. - Charlie,
365926,202697,Sat Oct 07 17:02:41 +0000 2017,@132897 bought a product and it has been 1 day haven’t got product key. Really bad service. It is terrible and worst to leave pc naked,365925,NortonSupport,Sat Oct 07 17:09:50 +0000 2017,@202697 Hi Avinash! Sorry you feel that way.We would like to collect more details about your order. Please send us a DM.(cc: @132897) -Charlie,365924
388772,207992,Mon Oct 09 13:49:39 +0000 2017,". @NortonSupport I want to thank you, my norton security is a great app. And I a customer for life.",388771,NortonSupport,Mon Oct 09 14:02:55 +0000 2017,"@207992 Thank you for your valuable feedback. If you ever need help with your Norton, we are just a tweet away. :) -raj",
396459,137888,Mon Oct 09 18:14:11 +0000 2017,@NortonSupport I am not sure version it is whatever Xfinity provides,396458,NortonSupport,Mon Oct 09 18:17:26 +0000 2017,@137888 You can DM here https://t.co/K1tHrA9w85,
396459,137888,Mon Oct 09 18:14:11 +0000 2017,@NortonSupport I am not sure version it is whatever Xfinity provides,396460,NortonSupport,Mon Oct 09 18:16:29 +0000 2017,@137888 Please DM us more information about the virus and what exact issue you are facing -Anirban,
396462,137888,Mon Oct 09 03:32:57 +0000 2017,So IT concluded I have a virus on my computer but Norton says otherwise?,396461,NortonSupport,Mon Oct 09 03:46:30 +0000 2017,@137888 That's odd! Norton should be able to find anything that's malicious. May I have the name/version of your Norton/Symantec product? -Prasanna,396459
404923,211843,Mon Oct 09 20:43:24 +0000 2017,@NortonSupport Thank you,404925,NortonSupport,Mon Oct 09 20:45:18 +0000 2017,@211843 Welcome :),
404924,211843,Mon Oct 09 20:31:07 +0000 2017,"@NortonSupport Example ad thing.
How do I make these go away, permanently. They pop up at the worst times.
They annoy me greatly when I am recording video https://t.co/cmH3TQUnKS",404922,NortonSupport,Mon Oct 09 20:38:42 +0000 2017,@211843 Click 'No thanks' and also go to settings&gt;administrative settings&gt;switch off special offer notifications -Anirban,404923
404927,211843,Sat Oct 07 04:18:31 +0000 2017,"@NortonSupport Next time one pops up, yes.
They do some about once a day.

So many companies do this. It's very off-putting.",2058749,NortonSupport,Sat Oct 07 04:23:20 +0000 2017,"@211843 Let us know when it appears again. Please check if you can see Don't show me again. If not, please let us know. We'll investigate. -Prasanna",
404928,211843,Sat Oct 07 03:47:56 +0000 2017,"@132897 keeps showing popup ads on my computer...

This makes me consider switching.
I pay... so why must I see MORE ads?",404926,NortonSupport,Sat Oct 07 04:16:48 +0000 2017,@211843 Sorry that you're seeing ads from Norton. Could you please send us a screenshot of the pop up you're seeing? We can help. -Prasanna,"404927,404924"
411857,213248,Tue Oct 10 00:27:04 +0000 2017,@NortonSupport Norton 360. It gets up to using 50% of the CPU. When I end the task it goes down to 1-5%.,411855,NortonSupport,Tue Oct 10 00:29:25 +0000 2017,"@213248 We need to get more info, can you please send us a direct message? -Praveen",411856
411859,213248,Tue Oct 10 00:20:47 +0000 2017,"If you have the Norton antivirus I'd recommend you to uninstall it and get a better one, because it slows down your PC by 50%. CPU eaten up",411858,NortonSupport,Tue Oct 10 00:25:39 +0000 2017,"@213248 Sorry that's odd. May I know what Norton product are you running? Let us know, we'll check that for you. -Praveen",411857
416060,214228,Fri Oct 06 15:45:58 +0000 2017,店でいたけど　ウイルスバスターはランサムウェアに対応してノートンインターネットセキュリティは対応してない　みたいな。ホンマか,416059,NortonSupport,Tue Oct 10 01:52:09 +0000 2017,"@214228 突然失礼いたします。ノートンはランサムウェアに対応しております。

WannaCry ランサムウェアに対する保護
https://t.co/Sk8kauOR21

Petya ランサムウェアに対する保護
https://t.co/rY3LtAii6c",
417768,214690,Sat Oct 07 10:05:55 +0000 2017,norton新しく入れたんだけど何こいつ？全部消してくるやん,417767,NortonSupport,Tue Oct 10 03:55:07 +0000 2017,"@214690 ご不便をおかけしております。
ノートンに削除されたファイルは、以下の方法で、履歴画面から復元していだたけます。-hide

誤ってセキュリティリスクであると識別されたファイルを復元する
https://t.co/sVjGvSHSIJ",
419344,215012,Sun Oct 08 20:07:50 +0000 2017,"@NortonSupport 「symquald」のcpu使用率が以上に高く、とてもインストールしてしておけません。
　システムはMacOSのHigh Sierraです。",419343,NortonSupport,Tue Oct 10 04:45:54 +0000 2017,"@215012 お問い合わせ、ありがとうございます。
一度、以下の要領で、ノートンの削除&amp;再インストールをお試しいたたけますでしょうか。-hide
https://t.co/YqSm2pB9uy",
419348,414766,Tue Oct 17 05:06:00 +0000 2017,"@NortonSupport 質問です。
ノートン セキュリティ 3台版を購入した場合、下記のような状況はどこまで許されるでしょうか?
1.友人などと共同購入して、1台分を分割した場合。
2.遠方に住んでいる親族に、1台分を分割した場合。
以上、よろしくお願いいたします。",1257916,NortonSupport,Tue Oct 17 05:25:19 +0000 2017,"@414766 3台版を購入された場合、3台分のライセンスはすべて、
ノートンのポータルでは1つのアカウント(メアド&amp;PW)の下で管理されます。
ポータル上では、共有している他のユーザーのノートンを無効化することも可能です。
その辺りをふまえてユーザー間で合意があれば、いずれの使用法も可能です",
419349,642646,Thu Nov 09 13:49:37 +0000 2017,@NortonSupport 製品を購入したのですが、メールアドレスを間違ってしまい、製品プロダクトコードがわかりません。どうしたらいいでしょうか？,2196612,NortonSupport,Fri Nov 10 00:19:16 +0000 2017,"@642646 詳しい状況を教えていただけますか。
製品はどこから購入したのでしょうか。
購入時に入力(登録)したメールアドレスを間違えたとは、
普段使用していないメールアドレスということでしょうか。
それともタイプミスで実際には存在しないメールアドレスを登録してしまった、ということでしょうか。",2196610
419350,598514,Mon Nov 20 03:06:23 +0000 2017,@NortonSupport ノートンライブアップデートのダイアログボックスが消えません。なぜでしょうか？,2023763,NortonSupport,Mon Nov 20 03:48:19 +0000 2017,"@598514 アップデートを促され、手動でアップデートを行ったのに
ダイアログボックスが消えない、ということでしょうか。
その現象は、どのくらい続いてますでしょうか。","2023762,2023764"
420894,215318,Tue Oct 10 07:07:53 +0000 2017,@NortonSupport hi can you tell me who to contact to cancel a subscription coming frommy elderly fathers credit card please? He has no idea of his account details so can't cancel online,420892,NortonSupport,Tue Oct 10 07:09:24 +0000 2017,"@215318 Sorry for the trouble. Can you please send us a direct message, we'll help you. -Praveen",420893
420895,215318,Tue Oct 10 09:21:07 +0000 2017,@NortonSupport Quick Thank you to Raj who sorted this out with me via DM great service @132897 😀,420896,NortonSupport,Tue Oct 10 09:24:29 +0000 2017,@215318 Thank you for your feedback Dave. Have a great day! -raj,
422000,215522,Tue Oct 10 08:39:50 +0000 2017,"Norton Security Toolbar is becoming a legacy in Firefox.
Norton has to update the toolbar as soon as possible.",421997,NortonSupport,Tue Oct 10 08:52:22 +0000 2017,@215522 Sorry about the trouble. May I know what exactly went wrong with the toolbar? I can help. -raj,"421998,421999"
427280,216631,Tue Oct 10 12:10:24 +0000 2017,"@NortonSupport All My Twitter Photos are GONE!! I didn't ask you to download or ERASE! 
This is not the name on my account. Please DM. Thank",427279,NortonSupport,Tue Oct 10 12:27:30 +0000 2017,@216631 Sorry for the inconvenience caused. Could you please send us a DM with more details? We can look into it. -Steffi,
428575,216935,Tue Oct 10 13:19:12 +0000 2017,@NortonSupport Treated with suspicion and reported already to @O2 by DM. Not clear to me whose network the number is on.,428577,NortonSupport,Tue Oct 10 13:24:03 +0000 2017,"@216935 You did the right thing. If you ever need help with Norton, you know where to find us. :) -raj",
428576,216935,Tue Oct 10 13:10:43 +0000 2017,Suspicious call to my landline today purporting to be from @NortonSupport . Need to be alert to #cybercrime,428574,NortonSupport,Tue Oct 10 13:16:54 +0000 2017,@216935 Strange! We don't call our customers unless we receive a request for a call back. This might be a scam attempt. -raj,428575
428578,216935,Wed Oct 11 14:20:37 +0000 2017,"@NortonSupport Another suspect call today, purporting to be from @115890 We need easy ways to report these to @216188 #cybercrime #CyberSecurity",742229,NortonSupport,Wed Oct 11 14:28:48 +0000 2017,@216935 Sorry about that! Please check this link: https://t.co/jN9TXGO8DQ and let us know if that helps. -Steffi,742228
429881,217243,Tue Oct 10 14:37:49 +0000 2017,"@NortonSupport Thanks but after uninstall and restart, there's nothing prompting to reinstall.",429883,NortonSupport,Tue Oct 10 14:40:33 +0000 2017,@217243 Sorry! Please follow these steps to reinstall your Norton product from this link: https://t.co/VF7N2JRrm6. -Steffi,429884
429882,217243,Tue Oct 10 14:15:00 +0000 2017,"@NortonSupport Hi! Well, my auto-protect keeps turning off putting everything at risk. Not able to turn it on. Grayed out switch.",429880,NortonSupport,Tue Oct 10 14:17:23 +0000 2017,@217243 Could you please try these steps from this link: https://t.co/SPKdZYADFy and let us know if that helps. -Steffi,429881
429884,217243,Tue Oct 10 16:55:50 +0000 2017,"@NortonSupport Um...i waited for an hour for installation but it's stuck on ""starting"" and laptop is extremely sluggish now so I'm kinda stuck.",429885,NortonSupport,Tue Oct 10 17:04:33 +0000 2017,@217243 Could you please try rebooting and try installing the Norton in Safe mode? Let us know how it goes. -Steffi,429886
429886,217243,Tue Oct 10 17:45:45 +0000 2017,"@NortonSupport Hm, apparently it installed before freezing up. Didn't launch is Safe Mode but normal restart got it up &amp; running. Thanks for the help!",429887,NortonSupport,Tue Oct 10 17:56:58 +0000 2017,@217243 That sounds great! Feel free to tweet us if you need any help with Norton product in the future. -Steffi,
429889,217243,Tue Oct 10 14:07:27 +0000 2017,Uh-oh. Norton is freaking out on the laptop. I had a good run.,429888,NortonSupport,Tue Oct 10 14:11:20 +0000 2017,"@217243 Sorry, may I know what's wrong with your Norton? I can help. -raj",429882
444145,220221,Wed Nov 22 10:36:08 +0000 2017,@NortonSupport So Adware and scareware are built in to Norton by design?,444147,NortonSupport,Wed Nov 22 11:03:09 +0000 2017,"@220221 Sorry, you feel this way. Kindly share your feedback on our forums. -Harini",444148
444146,220221,Wed Nov 22 09:24:13 +0000 2017,@NortonSupport  https://t.co/sqnxTzbFYO,444144,NortonSupport,Wed Nov 22 09:39:20 +0000 2017,"@220221 Thank you for sharing this screenshot. By design, our Norton Security program will alert our customers about other Norton Security products. Specially if they are running introductory offers. -Harini",444145
444146,220221,Wed Nov 22 09:24:13 +0000 2017,@NortonSupport  https://t.co/sqnxTzbFYO,444149,NortonSupport,Wed Nov 22 11:20:05 +0000 2017,"@220221 I can understand how upsetting this must be for you. Kindly go to Norton Settings&gt; Administrative settings&gt; Turn off ""Special offer notification"" and let us know if you still continue to get any pop up from Norton. -Harini",608912
444151,220221,Mon Nov 20 10:12:56 +0000 2017,@NortonSupport I've just turned it off! Its from Norton peddling snake oil: https://t.co/ywtWSbsCax,444150,NortonSupport,Mon Nov 20 10:15:25 +0000 2017,@220221 Can you please send us the screenshot? -Praveen,444146
444153,220221,Mon Nov 20 09:58:57 +0000 2017,@NortonSupport Its uses the Norton software to force Ads onto your customers. There was no warning of its installation. You are deceiving your customers.,444152,NortonSupport,Mon Nov 20 10:07:15 +0000 2017,@220221 Can you please share the screenshot of the notifications you're getting? We would like to confirm if it is from Norton. -Praveen,444151
444155,220221,Mon Nov 20 09:54:55 +0000 2017,@NortonSupport That doesn't answer the question. Why are you silently installing adware on customer computers?,444154,NortonSupport,Mon Nov 20 09:57:23 +0000 2017,@220221 It's not an adware. It's just a pop-up notification from Norton product if you do not wish to see those you can go ahead and turn it off. -Praveen,444153
444157,220221,Mon Nov 20 09:48:15 +0000 2017,@NortonSupport No I want a public reply on record as to why this was though to be acceptable.,444156,NortonSupport,Mon Nov 20 09:54:03 +0000 2017,"@220221 The link we suggested above is a public forum. Some customers may prefer to get the latest update from Norton, we do have the option to turn it off as well if you don't prefer to receive these notifications. -Praveen",444155
444159,220221,Mon Nov 20 09:45:06 +0000 2017,@NortonSupport This optional setting was installed by stealth and turned on by default turning customer computers in your own private adware platform.,444158,NortonSupport,Mon Nov 20 09:47:35 +0000 2017,@220221 You can post your product suggestions here https://t.co/0X0B7MwCuJ concerned team will look into that for you. -Praveen,444157
444161,220221,Mon Nov 20 09:39:33 +0000 2017,@NortonSupport Why was this update added by stealth onto my computer? Why does Symantec think this is acceptable?,444160,NortonSupport,Mon Nov 20 09:43:11 +0000 2017,"@220221 Sorry, this is an optional setting by default and you can turn it off anytime from the settings menu. -Praveen",444159
444162,220221,Mon Nov 20 09:21:28 +0000 2017,@NortonSupport Why has my installed Norton Security started advertising Norton products ?,444163,NortonSupport,Mon Nov 20 09:26:01 +0000 2017,"@220221 Sorry for the trouble. Please go to Norton Settings&gt; Administrative settings&gt; Turn off ""Special offer notification"" and see if that helps. -Praveen",2722575
444165,220222,Wed Nov 22 14:39:20 +0000 2017,@NortonSupport All good Prasanna I caught 0 virus during my set. Thank u,444167,NortonSupport,Wed Nov 22 14:45:08 +0000 2017,@220222 You are welcome! Feel free to reach us out if you need any further help with Norton. - Charlie,
444166,220222,Wed Nov 22 07:21:51 +0000 2017,I played and it was good. Norton Antivirus started running while I was playing,444164,NortonSupport,Wed Nov 22 07:29:04 +0000 2017,@220222 Hi! Please let us know if you need any help with your Norton product. We can help. -Prasanna,444165
444170,220223,Wed Nov 22 07:17:17 +0000 2017,"@NortonSupport your system is bogus, you are a scam. get out of @8501 you are scamming uncontactable thieves. give me my prorate money back",444169,NortonSupport,Wed Nov 22 07:28:22 +0000 2017,"@220223 Hi, Michelle! I'm sorry that we didn't meet your expectation. Could you please elaborate the issue you're having with Norton? We'll be more than happy to assist you. -Prasanna",
454397,222833,Thu Nov 30 21:17:22 +0000 2017,@NortonSupport I could keep the program going but I get the advice no to. The risk would be very high https://t.co/C2TNenxgVx,454396,NortonSupport,Thu Nov 30 21:27:44 +0000 2017,"@222833 Thanks for sharing the screenshot. If you suspect this as a false positive, please report it here https://t.co/26M7IRm4Cw. Our concerned team can look into it. -Steffi",
454400,222833,Thu Nov 30 20:59:48 +0000 2017,@222834 @222835 @132897 I can redo the process. But its in german. It basically said your programm is trying to perform unwanted activity and gave me the advice to deinstall your programm,454398,NortonSupport,Thu Nov 30 21:01:46 +0000 2017,"@222833 Hi, Phil! Just stepping in to see if we could help you. Did you try adding the program to the exclusion list? Could you please give us the exact message you see from Norton? -Abilash","454399,454397"
454405,222836,Thu Nov 30 21:10:37 +0000 2017,@NortonSupport I'm trying this Link but this keeps happening https://t.co/Dc4n6j7FYp,454404,NortonSupport,Thu Nov 30 21:11:51 +0000 2017,@222836 Please restart the computer. Open Norton and then try running live update -Anirban,
454405,222836,Thu Nov 30 21:10:37 +0000 2017,@NortonSupport I'm trying this Link but this keeps happening https://t.co/Dc4n6j7FYp,454406,NortonSupport,Sun Dec 03 21:14:52 +0000 2017,"@222836 Hi, we're following to check if you still need any help with Norton. - Charlie",
454410,222836,Thu Nov 30 20:32:50 +0000 2017,"@132897 hi! I keep getting this and it won't fix, how do I sort this please? X https://t.co/QTHtVnjsfn",454409,NortonSupport,Thu Nov 30 20:36:08 +0000 2017,@222836 Sorry for the inconvenience caused. Could you please provide your Name/version of Norton product you have? We can look into it. -Steffi (cc: @132897),
461156,224575,Fri Dec 01 01:45:16 +0000 2017,"@NortonSupport I have a Norton active license and I use Norton Security Premium on my devices, now I have a new smartphone with an integrated Avast service. Can I install NSP or they will conflict?",461155,NortonSupport,Fri Dec 01 01:48:13 +0000 2017,"@224575 Hi, thanks for reaching out to us. We suggest that you use only one security product on any device. More than one might create conflicts. Let me know if you need any further information. :) -raj",
461158,224576,Fri Dec 01 00:41:09 +0000 2017,@132897 how much is Norton family and how many devices to it cover I need to cover 1 child's tablet and phone,461157,NortonSupport,Fri Dec 01 00:49:53 +0000 2017,@224576 Hi Gordon! Please check this link: https://t.co/JLjCtsJYwL to know more about Norton family and let us know if that helps. -Steffi (cc: @132897),
461160,224577,Thu Nov 30 23:28:37 +0000 2017,Got @132897 anti virus. Nobody hacking my shit 😈,461159,NortonSupport,Thu Nov 30 23:40:29 +0000 2017,@224577 Thank you for purchasing Norton product. If you need any help with Norton we're just a tweet away. :) -Steffi (cc: @132897),
461162,224578,Thu Nov 30 23:26:17 +0000 2017,"@224579 I know everyone will bash me, but I’ve been using Norton for years without a hitch and it’s actually saved my bacon numerous times. Haven’t had any issues with it at all but I practice safe browsing. As always, ymmv.",461161,NortonSupport,Thu Nov 30 23:30:58 +0000 2017,@224578 Glad you like Norton. Do let us know if you need any assistance :)  -Anirban,
46784,126399,Sat Nov 04 13:17:33 +0000 2017,@NortonSupport Hi there. 2 days ago i accidentally subscribed to Norton WiFi Privacy on iPad for 1 month free try. How can i unsubscribe?,46783,NortonSupport,Sat Nov 04 13:24:16 +0000 2017,@126399 Sorry to hear that! We can help you with this. May I know the reason why you would like to cancel Norton Wifi Privacy? - Charlie,
471435,227258,Fri Dec 01 08:24:49 +0000 2017,"@NortonSupport @21694 Private message sent,but I am looking elswhere. I know my money is small cash to companies like @21694 but I don't like being ripped off thanks.",471434,NortonSupport,Fri Dec 01 08:30:16 +0000 2017,"@227258 Sorry about this experience, Barry. We have replied to your private message. -Harini",
471437,227258,Fri Dec 01 07:37:30 +0000 2017,"On the left the price on @21694 @NortonSupport  website,on the right the price on my #antuvirus renewel email.£79 Vs  £39.So I guess new customers are higher priority than existing ones? #confused #norton #ripofftactics ""Day in day out,we got your back"" I don't think so! https://t.co/gcNHCaduNG",471436,NortonSupport,Fri Dec 01 07:42:54 +0000 2017,@227258 Hi Barry. We can understand your concern on this pricing. Could you please send us a DM? We will help you. -Harini (cc: @21694) https://t.co/K1tHrA9w85,471435
471440,227259,Fri Dec 01 07:39:00 +0000 2017,Realized today that we have 7 Norton anti-virus subscriptions. I guess my husband just kept buying more whenever he thought a computer was in danger. That’s about $500 annually down the drain.,471438,NortonSupport,Fri Dec 01 07:42:20 +0000 2017,@227259 Sorry about the confusion. Could you send us a DM with the details? We can look into this for you. -raj https://t.co/K1tHrA9w85,471439
471442,227260,Fri Dec 01 07:33:04 +0000 2017,@NortonSupport @132897 I can assure you I've seen it more than 3 times on each of my computers,471441,NortonSupport,Fri Dec 01 07:36:22 +0000 2017,@227260 Strange! Let me check this our development team and get back to you. -raj,
471444,227260,Fri Dec 01 06:09:00 +0000 2017,"@132897 does not *need* to add anything to Safari. They need to add a ""never bother me with this ever again because I grew up with the internet and know what phishing looks like"" button. 

And I wonder why people don’t use antivirus... https://t.co/vAb5sEIa0E",471443,NortonSupport,Fri Dec 01 06:20:12 +0000 2017,"@227260 Sorry that you are having trouble with your Norton toolbar. You can try choosing ""Remind me later"" each time the alert appears. After the third time, you should be able to see ""Do not ask me again"". Let us know if that helped. -Harini (cc: @132897)",471442
471446,227261,Fri Dec 01 05:35:44 +0000 2017,@NortonSupport ありがとうございました。おかげで使えるようになりました。,471445,NortonSupport,Fri Dec 01 05:37:34 +0000 2017,"@227261 よかったです！
ご連絡、ありがとうございます。-hide",
471448,227261,Fri Dec 01 02:30:17 +0000 2017,@227262 艦これ一覧めいかがノートンに阻まれてダウンロードできない。(涙),471447,NortonSupport,Fri Dec 01 02:42:03 +0000 2017,"@227261 突然失礼いたします。
ノートンに削除されたファイルは、以下の方法で復元できます。
その際、次回以降のスキャンからの除外設定もしていただけます。-hide

誤ってセキュリティリスクであると識別されたファイルを復元する
https://t.co/sVjGvSHSIJ",471446
477654,228475,Fri Dec 01 11:02:29 +0000 2017,"@NortonSupport Oh sorry just a small rant on my end, I am having no issue at all and your product is amazing. You're just doing your job. Thank you for protecting my new computer. :)))",477653,NortonSupport,Fri Dec 01 11:04:38 +0000 2017,"@228475 We are glad to hear that there are no issues at the moment. If you need any help with Norton, we are just a tweet away! -Harini :)",
508009,236647,Sat Dec 02 04:03:52 +0000 2017,@NortonSupport here is.a.recording of all the apps installed https://t.co/jlpEhAof9G,508011,NortonSupport,Sat Dec 02 04:19:26 +0000 2017,"@236647 Thank you. Could you try remove and reinstalling the app? Before removing it, clear the Cache and Data on Norton Mobile Security. -raj",508012
508010,236647,Fri Dec 01 21:19:13 +0000 2017,@NortonSupport maybe...i cant find out on my own..wat to do now,508008,NortonSupport,Fri Dec 01 21:25:11 +0000 2017,@236647 Can you send me a screen recording of scrolling through the list of apps? -Anirban,508009
508012,236647,Sat Dec 02 04:23:10 +0000 2017,@NortonSupport which app ?,508013,NortonSupport,Sat Dec 02 04:25:00 +0000 2017,@236647 Norton Mobile Security. -raj,508014
508014,236647,Sat Dec 02 05:35:27 +0000 2017,@NortonSupport again the same.problem..norton mobile security is getting switched off on its own if i leave my phone idle https://t.co/7Hwi8t8SkX,508015,NortonSupport,Sat Dec 02 05:37:10 +0000 2017,@236647 Could you check if Norton is enabled in Device Administrators? -raj,508016
508016,236647,Sat Dec 02 05:39:08 +0000 2017,@NortonSupport it is https://t.co/imeK97dpKd,508017,NortonSupport,Sat Dec 02 05:47:53 +0000 2017,"@236647 Hi, could you reply with the version number that you see on your Norton Mobile Security, so that I can forward the information to our engineering team and check. -raj",508019
508016,236647,Sat Dec 02 05:39:08 +0000 2017,@NortonSupport it is https://t.co/imeK97dpKd,508018,NortonSupport,Sat Dec 02 05:41:25 +0000 2017,"@236647 Strange, I am not sure what exactly is wrong, let me check this further and get back to you. -raj",
508019,236647,Sat Dec 02 05:49:23 +0000 2017,@NortonSupport okay https://t.co/zfMiWZAI7z,508020,NortonSupport,Sat Dec 02 05:52:17 +0000 2017,@236647 Thank you. We will get back to you once we have an update. -raj,508021
508021,236647,Sat Dec 02 08:44:18 +0000 2017,@NortonSupport waiting..and i thought norton being my device administrator should be able to overwrite any attempts to switch it off..dont.know what is causing.its inability,508022,NortonSupport,Sat Dec 02 08:54:58 +0000 2017,@236647 I can understand your concern. We are looking into this for you. We will get back to you as soon as we hear from the engineering team. -Harini,
508024,236647,Fri Dec 01 21:15:54 +0000 2017,@NortonSupport it is enabled..but it gets off switched off on its own...is it Vivo's inbuilt bug tht doesnt want norton to protect my phone?,508023,NortonSupport,Fri Dec 01 21:18:00 +0000 2017,@236647 That should not be happening. Is there any other security program installed or anything came built in?- Anirban,508010
508026,236647,Fri Dec 01 21:06:22 +0000 2017,@NortonSupport exactly...its a vivo 1610  android version 6.0.1,508025,NortonSupport,Fri Dec 01 21:13:25 +0000 2017,@236647 Alright. Go to settings&gt;security&gt;device administrators and make sure Norton is enabled -Anirban,508024
508028,236647,Fri Dec 01 20:58:26 +0000 2017,@NortonSupport i do switch it on everytime...then it switches off itself,508027,NortonSupport,Fri Dec 01 21:01:39 +0000 2017,@236647 That should not happen. What phone are you using and what is the android version? -Anirban,508026
508030,236647,Fri Dec 01 20:40:13 +0000 2017,@132897 https://t.co/7B5cgMqgan,508029,NortonSupport,Fri Dec 01 20:46:05 +0000 2017,"@236647 Hi, Sorry about that. Please check under phone settings&gt;accessibility&gt;Norton security services and make sure it is switched on -Anirban",508028
508032,227259,Fri Dec 01 20:19:10 +0000 2017,@236648 @132897 Thank you. 💕,508031,NortonSupport,Fri Dec 01 20:21:55 +0000 2017,@227259 :),
508034,227259,Fri Dec 01 18:50:19 +0000 2017,Wow!  The people at @132897 are being absolutely amazing at helping us sort through our over-subscription issues (as well as getting me set up for life without my husband).  So grateful. #norton,508035,NortonSupport,Fri Dec 01 18:52:35 +0000 2017,@227259 We are really glad we could be of help :),
508037,236649,Fri Dec 01 18:57:53 +0000 2017,@132897 help! A renewal has come out that I’ve not authorised!! Please help I can’t afford £50 atm!,508036,NortonSupport,Fri Dec 01 19:04:55 +0000 2017,"@236649 Hi, Katherine. Sorry for the inconvenience. Please DM the registered email address. I can look into this for you -Anirban https://t.co/K1tHrA9w85",
517046,239207,Sat Dec 02 00:42:34 +0000 2017,@NortonSupport @132897 Norton antivirus basic,517045,NortonSupport,Sat Dec 02 00:45:18 +0000 2017,@239207 Thank you! You can download the latest version of Norton Anti-virus basic from here: https://t.co/5JAULANmm0. Let us know if that helped. -Prasanna,
517048,239207,Sat Dec 02 00:37:28 +0000 2017,@132897 wtf https://t.co/2kSctJlHZU,517047,NortonSupport,Sat Dec 02 00:40:47 +0000 2017,@239207 Sorry that you're having trouble downloading Norton. May I know the name of Norton product you're trying to download? We can help. (cc: @132897),517046
517050,239208,Fri Dec 01 22:54:35 +0000 2017,@NortonSupport One of your techs assisted me yesterday with uninstalling an old antivirus program and installing Norton on my laptop. He went above and beyond my expectations. Thank You!,517049,NortonSupport,Fri Dec 01 22:57:57 +0000 2017,@239208 We are glad you had a pleasant experience :),
517052,239209,Fri Dec 01 22:29:33 +0000 2017,"@NortonSupport Anirban, thank you for checking into this.  I did try to activate the product twice, as I recall, but could not do so.  So I will look into trying again.  Do you believe the issues with Chrome and my computer are being caused by a virus?",517051,NortonSupport,Fri Dec 01 22:31:38 +0000 2017,@239209 It is hard to tell. You can run a scan from https://t.co/bM2ojd1vgT and check for any infections -Anirban,
517054,239209,Fri Dec 01 22:22:23 +0000 2017,"@NortonSupport Anirban, I meant a Yahoo! Mail system restore....  Did you receive my message regarding the renewal of the Norton product which did not take effect?  I fear my recent problems are due to a virus!",517053,NortonSupport,Fri Dec 01 22:24:55 +0000 2017,@239209 I see that the renewal was successful but you have not activated Norton yet. Please follow the instructions here https://t.co/U4okO2OlGb to install Norton -Anirban,517052
517056,239209,Fri Dec 01 22:14:21 +0000 2017,"@NortonSupport Anirban, just to clarify, I purchased a renewal to the Norton product but haven't been using it because I could not get it to download properly.  And I have been so preoccupied with my research project I have not followed up.",517055,NortonSupport,Fri Dec 01 22:18:42 +0000 2017,@239209 Unfortunately a system restore cannot restore webmails. You can get in touch with yahoo and see if they have any suggestions for you -Anirban,517054
517057,239209,Fri Dec 01 22:11:51 +0000 2017,"@NortonSupport Hello, Anirban, thank you.  I use Chrome.  Also, my computer has been crashing and Chrome has become unresponsive nearly every day, recently.",517058,NortonSupport,Fri Dec 01 22:14:32 +0000 2017,"@239209 Since you are using webmail, Norton or any other program cannot have any access or control over your emails. Unfortunately we will not be able to do anything regarding the drafts being erased. -Anirban",517062
517060,239209,Fri Dec 01 22:07:09 +0000 2017,"@NortonSupport In August I renewed my subscription to Norton Internet Security but couldn't get it to download and now I fear my computer has a virus, or something which is causing problems, including my issue today.  Can you assist?  Thank you!",517059,NortonSupport,Fri Dec 01 22:09:19 +0000 2017,"@239209 Hi, We are really sorry about the problem you are having. Do you access your email through a client or do you use a browser to access webmail? -Anirban",517057
523364,240933,Wed Nov 29 03:23:34 +0000 2017,@NortonSupport Thanks so much for the reply. I’ll see how that goes.,523363,NortonSupport,Sat Dec 02 03:27:19 +0000 2017,"@240933 Hi, just a follow up to check if you are still getting these reminders. Let us know if you need any help. -raj",
523364,240933,Wed Nov 29 03:23:34 +0000 2017,@NortonSupport Thanks so much for the reply. I’ll see how that goes.,523365,NortonSupport,Wed Nov 29 03:25:05 +0000 2017,"@240933 You're welcome. If you need any help, we are just a tweet away. :) -raj",
523367,240933,Sun Nov 26 22:50:28 +0000 2017,"Is anyone else having issues using Norton with High Sierra on Mac?  It keeps asking me to install the browser extension - even after installing, then disabling, per Symantec support rep. #nortonantivirus #symantec #internetsecurity https://t.co/Lica5F9VVL",523366,NortonSupport,Sun Nov 26 22:54:39 +0000 2017,"@240933 Sorry about that! After 3 consecutive attempts of choosing ""Remind me later"" as a result you will receive an option ""No Thanks"" and further you will also have an option not to choose this in the future. Please try and let us know about the status. -Karthik",523364
527406,242084,Sat Dec 02 06:58:49 +0000 2017,"@NortonSupport @132897 the key i bought in mideast i sent to my son in SE asia region. it said he can only install and use in mideast. if that is the case, why it got activated? and now i can't use it here in mideast!!",527404,NortonSupport,Sat Dec 02 07:12:22 +0000 2017,@242084 Strange! Could you please send us a DM? We would like to collect more details about the product and help. -raj https://t.co/K1tHrA9w85,527405
527408,242084,Sat Dec 02 06:10:07 +0000 2017,"@132897 guys, if your products are geo locked, why activate it on the wrong region!!??",527407,NortonSupport,Sat Dec 02 06:18:44 +0000 2017,"@242084 Sorry, may I know what exactly you mean by ,activate it on the wrong region'? We can help. -raj (cc: @132897)",527406
532471,243357,Sat Dec 02 10:52:10 +0000 2017,"@NortonSupport I have fixed all the false alarms so many times myself. Please don't expect that I will help Norton out in the job they are supposed to know it by themselves, and before anyone else.",532473,NortonSupport,Sat Dec 02 14:09:35 +0000 2017,"@243357 We certainly understand your concern about this. And, we really appreciate you reporting this. We will forward your feedback to appropriate teams within Norton to investigate. - Charlie",532474
532472,243357,Sat Dec 02 10:33:13 +0000 2017,"@NortonSupport Please don't ask these simple questions. I have almost 3 decades of experience. What I mentioned, this NOTICE of :Suspicious Behavior"" by Norton of innocent files has crossed all lines and reason in the name of security.",532470,NortonSupport,Sat Dec 02 10:41:21 +0000 2017,"@243357 Sorry again. Please select ""Quarantine"" in Norton history and provide a screenshot of it. -Harini",532471
532475,243357,Sat Dec 02 18:15:18 +0000 2017,@NortonSupport A lot of people follow my computer advise. Mind that.,532476,NortonSupport,Sat Dec 02 18:18:22 +0000 2017,@243357 Alright. Do let us know if you ever need our help. Have a good day :),
532478,243357,Sat Dec 02 10:14:05 +0000 2017,@NortonSupport I understand Norton is not amazing StarDock $4.99 cost program for life. Big amount every year.,532477,NortonSupport,Sat Dec 02 10:28:26 +0000 2017,"@243357 Norton Security sometimes quarantines a file based on its suspicious behavior in the background. Before you click 'restore the file' in the quarantine, you will also have the option to exclude the file ID from future scan. Do you choose that? -Harini",532472
532481,243357,Sat Dec 02 10:02:03 +0000 2017,"@NortonSupport Thanks for your surprising fast response. I appreciate. Not my responsibility to add 100s of common files in exclusion list. Files are from famous games!!! etc.
Using Norton since 15 years. Product have gone hyper in last 5 years . Am tired &amp; so my advise endorsing it.",532479,NortonSupport,Sat Dec 02 10:07:37 +0000 2017,"@243357 We can understand that it is not easy to add more files to the exclusion list, I would have felt the same If I were you. Are you facing any issues now? We would like to check why the files are reported as threat. -Harini","532478,532480"
532483,243357,Sat Dec 02 09:47:54 +0000 2017,"Once my #Norton #Security subscription expires in 28 days. I will forever stop using it. Too many false triggers on game files, #Steam files and what not. Gone crazy.
Just #Windefender with #Malwarebytes  is safe enough. https://t.co/Zl7pyT28WM",532482,NortonSupport,Sat Dec 02 09:54:16 +0000 2017,"@243357 Sorry that you are having trouble with your Norton program. Have you tried adding those game files to the exclusion list in Norton settings? If not, we can help you. -Harini",532481
532485,243358,Sat Dec 02 10:00:53 +0000 2017,"@NortonSupport Stop being sorry and fix it, you've apologized to some extent in just about every tweet in this thread and it lost its effect after three or four of 'em!

JUST FIX WHAT'S BROKEN!",532484,NortonSupport,Sat Dec 02 10:04:10 +0000 2017,@243358 Okay. Tweet us if you need any help with Norton in the future. We will update this to the concerned team. -Harini,
532487,243358,Sat Dec 02 09:55:40 +0000 2017,"@NortonSupport Go through all your listings, and fix what's wrong, don't leave it to people like me who have to point it out to you that you've blocked emergency services websites.  I shudder to think what happens to people in disaster zones that can't access those sites because of Norton.",532486,NortonSupport,Sat Dec 02 09:59:35 +0000 2017,@243358 We are truly sorry for this trouble caused to you. We will pass this feedback to the concerned team. -Harini,532485
532489,243358,Sat Dec 02 09:43:01 +0000 2017,"@NortonSupport Patience my giddy ass!  🤬

This makes me wonder how many other police/law enforcement/emergency services websites are inaccessible because of your software?!  🤬

#OverhaulYourShit",532488,NortonSupport,Sat Dec 02 09:51:29 +0000 2017,@243358 We apologize for this inconvenience caused to you. Please let us know if you need any help with Norton in the future. -Harini,532487
532491,243358,Sat Dec 02 09:33:25 +0000 2017,"@NortonSupport It's working now without a restart, but this shouldn't have happened in the first place.  How in the blue hell did a police website even make it onto your malicious/dangerous list in the first place?!",532490,NortonSupport,Sat Dec 02 09:39:09 +0000 2017,"@243358 We appreciate your patience with us. Glad to hear that you are now able to access this site. I understand that this should not have happened in the first place, but sometimes our servers analyze Web sites to see how they will affect you and your computer. -Harini",532489
532493,243358,Sat Dec 02 09:20:39 +0000 2017,@NortonSupport FIX IT!!!  🤬 https://t.co/EK7zrb2Ko8,532492,NortonSupport,Sat Dec 02 09:22:30 +0000 2017,@243358 Please restart your computer once and check again. -Harini,532491
532495,243358,Sat Dec 02 09:06:25 +0000 2017,"@NortonSupport I do, but that doesn't work anymore, it now puts me on some Symantec search engine page saying drps.ca doesn't exist.

Pretty sure @24202 won't be happy to find out that the most prevalent anti-virus software companies in the world put their page on a malicious/dangerous list.  🤬",532494,NortonSupport,Sat Dec 02 09:10:54 +0000 2017,"@243358 Thats odd. Please provide a screenshot of it, we will forward that to the team. -Harini",532493
532497,243358,Sat Dec 02 08:58:13 +0000 2017,"@NortonSupport Look, just unblock the Durham Regional Police Service website on your service, it's https://t.co/GHTI5QYsm7, how bloody hard does this have to be?!  Just go look at the site for yourself, see that it's a POLICE website, and take it off your dangerous/malicious list already!  🤬",532496,NortonSupport,Sat Dec 02 09:03:34 +0000 2017,@243358 Do you see the option to continue to the site anyway? -Harini,532495
532499,243358,Sat Dec 02 08:57:06 +0000 2017,@NortonSupport I CAN'T BECAUSE I DON'T HAVE MY FATHER'S PASSWORD TO THE ACCOUNT WE SHARE NORTON 360 PREMIER ON OUR DEVICES WITH!  I mentioned this two bloody tweets ago!  Do you people not read the full thread before spewing repeats of bad advice?!  🤬,532507,NortonSupport,Sat Dec 02 09:03:20 +0000 2017,"@243358 We can totally understand your frustration about Norton blocking this site. This specific location https://t.co/fED25fexpK seems to confirm a phishing attack. But, please be assured that we are going to check again with the concerned team on this. -Harini",
532500,243358,Sat Dec 02 08:45:02 +0000 2017,@NortonSupport You need to login to submit a user review.  😠,532498,NortonSupport,Sat Dec 02 08:49:56 +0000 2017,@243358 Sorry. Have you tried logging in using your Norton account credentials? -Harini,"532497,532499"
532502,243358,Sat Dec 02 08:27:02 +0000 2017,@NortonSupport I can't login there because the Norton 360 Premier is on my father's Norton account and I don't have the password!  Just go look at the site yourself and unblock it for crying out loud!  😠,532501,NortonSupport,Sat Dec 02 08:36:00 +0000 2017,@243358 Sorry for the misunderstanding. You don't need Norton installed for submitting False Positive. -Prasanna,532500
532504,243358,Sat Dec 02 08:13:25 +0000 2017,"@NortonSupport It's NOT a malicious or unsafe website!  It's the homepage for the Durham Regional Police Service for the Durham Region of Ontario, Canada, and I resent the fact that you put a blocker on it on Norton 360 Premier!  UNBLOCK IT NOW!!!",532503,NortonSupport,Sat Dec 02 08:21:40 +0000 2017,"@243358 We do apologize for the inconvenience. Unfortunately, we don't have an option to whitelist a website unless it's verified by our Flash Positive. We recommend you to report it to our False Positive team from here: https://t.co/cMuL3rjxDi. -Prasanna",532502
532506,243358,Sat Dec 02 07:53:40 +0000 2017,"@132897 - So here's what you're going to do.  You're going to REMOVE https://t.co/GHTI5QYsm7 from your list of harmful websites BECAUSE IT'S A CANADIAN POLICE SERVICE WEBSITE!  I was sick of it getting blocked by Norton 360 Premier, but now I can't continue to the page!  🤬",532505,NortonSupport,Sat Dec 02 08:09:35 +0000 2017,"@243358 Sorry for the trouble. Norton Safe Web blocks a website only when it's malicious/unsafe to visit. Check here to know the threat report: https://t.co/r5X5h2vMxl. If you're the admin of the website, please report it to our Flase Positive team here: https://t.co/cMuL3rjxDi. -Prasann",532504
554583,249430,Sat Dec 02 17:58:19 +0000 2017,@132897 trying to install antivirus software on my Mac desktop but keeps saying won’t connect to server.....help!,554582,NortonSupport,Sat Dec 02 18:00:25 +0000 2017,@249430 Hi Daniel. Sorry about that. Share a screenshot of the error you see. I can help you with this -Anirban,
554585,249431,Sat Dec 02 17:07:02 +0000 2017,@8501 I have just had an automatic renewal of product I DID NOT WANT.  I want a refund and cancel - Please advise how.,554584,NortonSupport,Sat Dec 02 17:28:40 +0000 2017,"@249431 Sorry to hear that! To get this sorted, we need more details about your subscription. Please send us a DM here. We can check. - Charlie https://t.co/K1tHrA9w85",
562842,251762,Wed Nov 29 21:31:58 +0000 2017,@NortonSupport it's multiple critical game files triggering it. and I can't figure out which ones it is or were they're located,562843,NortonSupport,Wed Nov 29 21:40:53 +0000 2017,@251762 Alright! Could you please go to Settings - Antivirus - Scans and Risks - Items to Exclude from Scans and add the game set up folder? Let us know if that helps. -Steffi,
562842,251762,Wed Nov 29 21:31:58 +0000 2017,@NortonSupport it's multiple critical game files triggering it. and I can't figure out which ones it is or were they're located,562841,NortonSupport,Sat Dec 02 23:21:37 +0000 2017,"@251762 Hi, Just a follow-up. Let us know if you need any further assistance -Anirban",
562845,251762,Wed Nov 29 21:24:07 +0000 2017,"@NortonSupport Good, Because Phantasy star Univers is generating a false positive. Old Game software I'm guessing.",562844,NortonSupport,Wed Nov 29 21:26:25 +0000 2017,"@251762 If you suspect this as a false positive, please report it here https://t.co/26M7IRm4Cw. We can check. -Steffi",562842
562847,251762,Wed Nov 29 21:06:43 +0000 2017,@NortonSupport Is it possible to set Norton to ignore/ not scan External drives?,562846,NortonSupport,Wed Nov 29 21:15:33 +0000 2017,"@251762 Yes, it's possible. Custom your scan by going to Security&gt;Run Scans&gt;Create Custom Scans. -Steffi",562845
562848,NortonSupport,Sat Dec 02 23:21:04 +0000 2017,"@251763 Hi, Norton Identity safe is available as an independent extension. Please check https://t.co/Ndmm90FO0L for instructions on how to download it -Anirban",562849,NortonSupport,Sun Dec 03 00:04:59 +0000 2017,"@251763 That's odd! May I have the version of your Microsoft Edge? If I'm not wrong, you don't see an install button as shown in the following screenshot. Is that right? -Prasanna https://t.co/h7IFGicQM0",562852
562851,251763,Sat Dec 02 23:18:44 +0000 2017,Norton ID Safe doesn't support Microsoft Browser Edge yet. I would've set Egde as default browser on Windows10 if Symantec had already developed ID Safe for Edge...,562848,NortonSupport,Sat Dec 02 23:21:04 +0000 2017,"@251763 Hi, Norton Identity safe is available as an independent extension. Please check https://t.co/Ndmm90FO0L for instructions on how to download it -Anirban","562849,562850"
562852,251763,Sun Dec 03 00:21:43 +0000 2017,"@NortonSupport The version of my Microsoft Edge is 41.16299.15.0, and I can't see the install button.",562853,NortonSupport,Sun Dec 03 00:33:57 +0000 2017,@251763 Please try to add the extension from this page: https://t.co/KYBLRk1Gt2. -Prasanna,
562855,251764,Sat Dec 02 21:13:50 +0000 2017,A man from Norton antivirus is currently controlling my phone (remotely). I am in the future.,562854,NortonSupport,Sat Dec 02 21:16:08 +0000 2017,@251764 You can also let me know here if you need any assistance with Norton -Anirban,
56448,128777,Thu Nov 23 00:22:50 +0000 2017,@NortonSupport I think I found a work around--install the extension then go in and manually uninstall them.  But I don't know if the updater will continue insisting I install them or not.,56450,NortonSupport,Thu Nov 23 00:42:25 +0000 2017,"@128777 If this issue happens again, could you share the logs as provided in the link here: https://t.co/ZgAOKqp7OD? It would help us investigate more into the issue and fix it -Dinesh",
56449,NortonSupport,Thu Nov 23 00:09:15 +0000 2017,"@128777 Sorry, Steven! I understand how frustrating this can be and I have passed on your concern to our engineering team. They are currently looking into the issue, as it is not readily reproducible we would like your help to collect logs and screenshots that would help us fix it-Dinesh",56446,NortonSupport,Thu Nov 23 00:21:26 +0000 2017,"@128777 I can see why you would like to uninstall Norton Security from your device. You can find the steps to uninstall Norton from your MAC here: https://t.co/8OAZif2apa. However, I would like to ask you to give us another chance and give us sometime to make it right for you. -Dinesh","56447,56448"
568821,159776,Sun Dec 03 00:44:38 +0000 2017,"NOOO IT . IT DID THE ""THIS FILE IS MISSING"" THING AGAIN WHEN I CLOSED IT I FEEL REALLY DISTRESSED CAN NORTON STOP DELETING MY FUCKING FILES",568820,NortonSupport,Sun Dec 03 00:53:12 +0000 2017,@159776 Hi! Just stepping in to see if we could help you. Please follow the steps here to report it to our False Positive team and add the files to exclusion list: https://t.co/m9nYMA6f37. Let us know if you need any help. -Prasanna,
573469,254811,Sun Dec 03 05:15:25 +0000 2017,This interaction could get really fun. https://t.co/MKrnmr6XGj,573468,NortonSupport,Sun Dec 03 05:19:33 +0000 2017,"@254811 Sorry, you feel this way! We're just trying to help you in resolving the issue. May I know what exactly you see in the pop-up? It helps us to get to the bottom of the issue . -Prasanna",
573471,254811,Sun Dec 03 05:09:46 +0000 2017,@NortonSupport Can you tell me how I can make these pop-ups stop on my homepage every time I boot it up? I'm not gonna subscribe again and I just want it gone. I AM NOT IN LOVE WITH YOU PLEASE STOP FOLLOWING ME EVERYWHERE I GO!!,573470,NortonSupport,Sun Dec 03 05:13:47 +0000 2017,@254811 Are you seeing any message in the pop-up notification that appears? We'll look into this. -Prasanna,
573473,254811,Sun Dec 03 04:59:35 +0000 2017,Norton anti-virus software is like a virus that cannot be stopped.,573472,NortonSupport,Sun Dec 03 05:06:05 +0000 2017,@254811 Sorry that you're unhappy with Norton Security. Could you please elaborate the problem you're having with Norton? We can help. -Prasanna,573471
573475,254812,Thu Nov 30 03:51:05 +0000 2017,@NortonSupport It just says preparing to uninstall then freezes,573476,NortonSupport,Thu Nov 30 03:56:02 +0000 2017,"@254812 Okay, could you restart the computer and run our removal tool from here: https://t.co/CRqluSP3cE
If you have any difficulties following the instructions that you see on the page, let me know. -raj",
573475,254812,Thu Nov 30 03:51:05 +0000 2017,@NortonSupport It just says preparing to uninstall then freezes,573474,NortonSupport,Sun Dec 03 04:01:00 +0000 2017,@254812 Hi! Did you get a chance to uninstall your Norton using the removal tool? Let us know if you still need any help with this. -Prasanna,
573478,254812,Thu Nov 30 03:48:43 +0000 2017,@NortonSupport It wont uninstall and every time I try it crashes my computer,573477,NortonSupport,Thu Nov 30 03:50:14 +0000 2017,@254812 I apologize about the uninstallation failure. Are you getting any error code while uninstalling? -raj,573475
573480,254812,Thu Nov 30 03:41:24 +0000 2017,@132897 why does your service suck,573479,NortonSupport,Thu Nov 30 03:45:04 +0000 2017,"@254812 Sorry about the trouble. May I know what happened? If you need any help, let me know. We are more than happy to help. -raj",573478
576730,255728,Sun Dec 03 03:45:34 +0000 2017,"@26748 could you share any thoughts on Norton Core, it’s deep packet inspection, and it’s claim to protect IoT devices? Please?",576729,NortonSupport,Sun Dec 03 08:38:30 +0000 2017,@255728 It comes with the crypto-core processor to ensure data encryption for all user data and communications. Let us know if have any questions on Norton Core. We'd be more than happy to assist you. -Prasanna (2/2),
576730,255728,Sun Dec 03 03:45:34 +0000 2017,"@26748 could you share any thoughts on Norton Core, it’s deep packet inspection, and it’s claim to protect IoT devices? Please?",576731,NortonSupport,Sun Dec 03 08:38:17 +0000 2017,"@255728 Hi, Craig! Thanks for your interest in Norton Core. Norton Core is a secure wireless router that protects your connected home network (Includes IoT) with deep packet inspection and intrusion prevention that identifies vulnerabilities at the network level. (1/2)",
580891,256863,Sun Dec 03 10:31:09 +0000 2017,@132897 Cherry on top; need to call to cancel!!,580890,NortonSupport,Sun Dec 03 10:32:22 +0000 2017,@256863 Hi Palvinder. Could you please send us a DM? We will look into this for you! -Harini (cc: @132897),
594449,260826,Sun Dec 03 16:33:13 +0000 2017,@NortonSupport Thanks Charlie,594448,NortonSupport,Sun Dec 03 16:39:00 +0000 2017,@260826 You are welcome! Feel free to reach us out if you need any help with Norton in the future. - Charlie,
594451,260826,Sun Dec 03 15:53:04 +0000 2017,"@NortonSupport Hi guys! I need some advice. Which one should i buy.
Norton Computer Tune Up or Norton Utilities. https://t.co/XFIsi5m1F3",594450,NortonSupport,Sun Dec 03 16:25:24 +0000 2017,@260826 Hi Koni! Computer Tune Up is a service which is performed by our technicians through remote assistance to optimize the performance of a PC or Mac for details see https://t.co/UzF0zAsQc8. Norton Utilities is a application to optimize PC performance. - Charlie,594449
601738,235818,Sun Dec 03 20:26:11 +0000 2017,When installing Norton virus it says its all installed on my computer.But down on the flag it says i still need to activate &amp; sends me to a different page that says i require a pin and if i don't have one it directs me back to telus to get the 4 pin im worried computer isn't safe,601737,NortonSupport,Sun Dec 03 20:41:25 +0000 2017,"@235818 Sorry to hear about activation issue you are having with Norton Online. To  narrow down to issue, we need more details about your subscription. Please send us DM here. We will look into this for you. - Charlie",
601740,262789,Sun Dec 03 19:16:13 +0000 2017,Don't automatically renew Norton subscriptions. Send email about a month in advance of expiration date https://t.co/xDNe7LMsr7 via @132897,601739,NortonSupport,Sun Dec 03 19:20:34 +0000 2017,@262789 Hi Carol! We send pre billing notifications to the registered email address prior renewing the subscription. Please send us a DM with details if you need any help with this. We can check. - Charlie (cc: @132897),
608912,220221,Wed Nov 22 13:42:54 +0000 2017,@NortonSupport You’re missing the point.. why was it there in the first place? This is a security product how can anyone trust it if this is what it is being used for?,608913,NortonSupport,Wed Nov 22 15:15:33 +0000 2017,"@220221 Your feedback means a lot to us. I'll go ahead and pass your feedback to our product team here and see how we can improve this. For now, we suggest you to turn off ""Special Offer Notification"" from settings and let us know if this helps. -Karthik","608915,608916"
608912,220221,Wed Nov 22 13:42:54 +0000 2017,@NortonSupport You’re missing the point.. why was it there in the first place? This is a security product how can anyone trust it if this is what it is being used for?,608914,NortonSupport,Wed Nov 22 15:15:09 +0000 2017,"@220221 Now I see what you mean, Patrick! The whole idea is to make sure that we're constantly updating you with our other benefits of additional protection. But, we understand how it feels if you're getting frequent notifications. Sorry, that you find this annoying! (1/2)",608924
608916,220221,Wed Nov 22 15:17:47 +0000 2017,@NortonSupport You're still deliberately not answering my questions because you have been caught being dishonest.,608917,NortonSupport,Wed Nov 22 16:14:57 +0000 2017,"@220221 Sorry, Patrick. I do understand how frustrating this can be and I promise to forward your feedback to our marketing teams. I would request you disable the ""Special Offer Notifications"" to stop any future notifications. -Dinesh",608918
608918,220221,Wed Nov 22 16:15:53 +0000 2017,"@NortonSupport Ok , lets try again.. Why is this built in to the product in the first place? Answer the question.",608919,NortonSupport,Wed Nov 22 16:21:12 +0000 2017,@220221 The Norton Special Offer notification is built into Norton to keep you and all our customers updated about the current threats and ways we can protect them. As there are new threats everyday that pose a risk to you or your privacy. -Dinesh,"608920,608921,608922"
608920,220221,Wed Nov 22 16:24:28 +0000 2017,"@NortonSupport By adding it to the suite you are tricking users into thinking its necessary. Hence the opt out ""No I'll take the risk""...",608923,NortonSupport,Wed Nov 22 16:40:57 +0000 2017,"@220221 I can certainly understand why you’re frustrated about these Pop up's. As I promised, I would be sharing this conversation with my manager and the marketing team for review and see what can be done about it in a future update. -Dinesh",
608926,264739,Wed Nov 22 10:48:57 +0000 2017,"I've bought a renewal code for my Norton I. Security,but im on business trip outside europe so it redeemed but wont activate-lost money. @NortonSupport was unable to help-&gt;my computer is not secured.I wont buy another.After years,I will decide between @27786 and @28369",608925,NortonSupport,Wed Nov 22 11:16:53 +0000 2017,"@264739 Sorry about this. Kindly send us a DM, we will look into this for you., -Harini",
608928,264740,Wed Nov 22 13:51:14 +0000 2017,"@NortonSupport That's done, I'll monitor the situation over days. Tnx.",608930,NortonSupport,Wed Nov 22 14:09:38 +0000 2017,"@264740 Sure, let us know if you need any help. We're at your service. :) -Karthik","608932,608933"
608928,264740,Wed Nov 22 13:51:14 +0000 2017,"@NortonSupport That's done, I'll monitor the situation over days. Tnx.",608931,NortonSupport,Thu Nov 23 09:43:09 +0000 2017,"@264740 Sorry about that. Please bear with me, let me check. -Harini",
608929,264740,Wed Nov 22 10:40:17 +0000 2017,@NortonSupport Just when starting.,608927,NortonSupport,Wed Nov 22 11:07:13 +0000 2017,"@264740 Okay. Please search for ""System settings"" in your Windows PC &gt; Disable fast start up &gt; Turn on Identity safe vault and restart your computer. Let us know if the issue persist. -Harini",608928
608930,NortonSupport,Wed Nov 22 14:09:38 +0000 2017,"@264740 Sure, let us know if you need any help. We're at your service. :) -Karthik",608932,NortonSupport,Thu Nov 23 09:50:06 +0000 2017,@264740 Please login to your vault &gt; click on Settings (at the bottom left) &gt; Click on Security and provide a screenshot of it. -Harini,608934
608934,264740,Thu Nov 23 09:54:10 +0000 2017,"@NortonSupport Not sure what you mean. My vault is now open, but only after rebooting.",608935,NortonSupport,Thu Nov 23 10:05:20 +0000 2017,"@264740 Okay. Please follow the instructions from this link, https://t.co/phM5RGzIn1 and provide a screenshot of the Security tab. -Harini",608936
608936,264740,Thu Nov 23 10:36:17 +0000 2017,@NortonSupport This was you mean? https://t.co/gFXpy4CQPc,608937,NortonSupport,Thu Nov 23 10:40:15 +0000 2017,"@264740 Yes, thank you for sharing this screenshot. The settings seems to be fine. Please send us a DM, we would like to gather more information. -Harini https://t.co/K1tHrA9w85",
608939,264740,Wed Nov 22 10:05:43 +0000 2017,"@NortonSupport Why does ID Safe turn itself OFF? On boot-up Vault OFTEN refuses to open. *Sometimes* a reboot cures it temporarily, but only sometimes! https://t.co/MP0P6Ta8Px",608938,NortonSupport,Wed Nov 22 10:11:33 +0000 2017,"@264740 Sorry, you are having trouble with your Identity safe vault. Does it turn off while you are browsing or on boot up? -Harini",608929
609294,264841,Mon Oct 02 13:44:44 +0000 2017,もーやだ、Norton先生きらい,609293,NortonSupport,Tue Oct 03 05:45:53 +0000 2017,"@264841 ご不便をおかけしております。
ノートンが同一のファイルを何度も削除するのを防ぐため、
スキャンからの除外設定をしていただけますでしょうか。
https://t.co/gomXNw0MUy",
609294,264841,Mon Oct 02 13:44:44 +0000 2017,もーやだ、Norton先生きらい,609295,NortonSupport,Tue Oct 03 05:47:12 +0000 2017,"@264841 「スキャンから除外」「自動保護、SONAR、ダウンロードインテリジェンスの検出から除外」両方での設定をお願いいたします。
削除されたファイルの復元は以下の方法になります。
誤ってセキュリティリスクであると識別されたファイルを復元する
https://t.co/sVjGvSHSIJ",
609297,264842,Mon Oct 02 12:18:40 +0000 2017,ノートン先生ワイのエロゲ消しすぎでは…,609296,NortonSupport,Tue Oct 03 05:41:19 +0000 2017,"@264842 ノートンに削除されたファイルは、以下の方法で復元できます。
その際、次回以降のスキャンから除外する設定もしていただけます。-hide

誤ってセキュリティリスクであると識別されたファイルを復元する
https://t.co/sVjGvSHSIJ",
609308,264847,Mon Oct 02 10:08:52 +0000 2017,Nortonにpinch hitter消されて出来なくなりました,609307,NortonSupport,Tue Oct 03 05:07:18 +0000 2017,"@264847 ノートンに削除されたファイルは、履歴画面から復元できます。
その際、次回以降のスキャンから除外する設定もしていただけます。-hide

誤ってセキュリティリスクであると識別されたファイルを復元する
https://t.co/sVjGvSHSIJ",
609310,264848,Sun Oct 01 13:36:24 +0000 2017,ノートンがエロゲはじくの本当むかつくよな,609309,NortonSupport,Tue Oct 03 05:10:46 +0000 2017,"@264848 ノートンが脅威でないファイルを削除した場合は、以下の方法で復元していただけますでしょうか。
その際、次回以降のスキャンから除外する設定もしていただけます。

誤ってセキュリティリスクであると識別されたファイルを復元する
https://t.co/sVjGvSHSIJ",
613180,161750,Wed Oct 04 03:16:00 +0000 2017,ノートンさんからリプがあってびっくりした。デルさんといいノートンさんといい、Twitterをすごい活用してる感があっていいね。これも企業努力なんだろね。,613181,NortonSupport,Wed Oct 04 03:28:22 +0000 2017,"@161750 ご連絡、ありがとうございます。
除外設定ですが、ファイル復元の際に設定したのにいまだ削除される場合は、
以下の方法をお試しいただけますでしょうか。
https://t.co/gomXNw0MUy",
613180,161750,Wed Oct 04 03:16:00 +0000 2017,ノートンさんからリプがあってびっくりした。デルさんといいノートンさんといい、Twitterをすごい活用してる感があっていいね。これも企業努力なんだろね。,613178,NortonSupport,Wed Oct 04 03:30:26 +0000 2017,"@161750 スキャンから除外、自動保護、SONAR、ダウンロードインテリジェンスの検出から除外、両方で設定をお願いいたします。
あと、ご存知かもしれませんが、ファイル復元の方法です。
誤ってセキュリティリスクであると識別されたファイルを復元する
https://t.co/sVjGvSHSIJ",613179
613185,265813,Tue Oct 03 16:17:27 +0000 2017,突然、ゆゆゆ特典PC用ゲームがノートン先生に検閲削除されてキレた,613184,NortonSupport,Wed Oct 04 01:58:30 +0000 2017,"@265813 突然失礼いたします。
ノートンに削除されたファイルは、以下の方法で復元できます。
その際、次回以降のスキャンから除外する設定もしていただけます。-hide

誤ってセキュリティリスクであると識別されたファイルを復元する
https://t.co/sVjGvSZu7j",
613189,265815,Tue Oct 03 14:44:09 +0000 2017,免許取るのに苦戦したり虫歯が発覚したりノートンのせいでAvitulが御釈迦になったりしましたがなぜかまだ生きています,613190,NortonSupport,Wed Oct 04 01:52:48 +0000 2017,"@265815 ご不便をおかけしております。
ノートンに削除されたファイルは、以下の方法で、履歴画面から復元できます。

誤ってセキュリティリスクであると識別されたファイルを復元する
https://t.co/sVjGvSHSIJ",
613189,265815,Tue Oct 03 14:44:09 +0000 2017,免許取るのに苦戦したり虫歯が発覚したりノートンのせいでAvitulが御釈迦になったりしましたがなぜかまだ生きています,613188,NortonSupport,Wed Oct 04 01:54:44 +0000 2017,"@265815 復元の際にも、次回以降のスキャンから除外する設定をしていただけますが、
個別に行う場合は、以下の方法で、
スキャンから除外、自動保護、SONAR、ダウンロードインテリジェンスの検出から除外、両方で設定してください。-hide
https://t.co/gomXNw0MUy",
613225,265823,Mon Oct 02 17:48:13 +0000 2017,"デレステシミュレータ落としたらノートンに即消しされた
やっぱノートンってゴミだわ",613224,NortonSupport,Tue Oct 03 05:52:10 +0000 2017,"@265823 ご不便をおかけしております。
ノートンに削除されたファイルは、以下の方法で復元できます。
その際、次回以降のスキャンから除外する設定もしていただけます。-hide

誤ってセキュリティリスクであると識別されたファイルを復元する
https://t.co/sVjGvSHSIJ",
613237,265827,Thu Sep 28 14:28:35 +0000 2017,ノートンにフットスイッチのプログラム勝手に削除されるようになっちまった　どうすればええんや,613236,NortonSupport,Tue Oct 03 02:16:27 +0000 2017,"@265827 復元の際にも、該当ファイルをスキャンから除外する設定はできますが、
個別に行う場合は、以下の方法で設定できます。
https://t.co/gomXNw0MUy
「スキャンから除外」「自動保護、SONAR、ダウンロードインテリジェンスの検出から除外」両方で設定してください。",
613237,265827,Thu Sep 28 14:28:35 +0000 2017,ノートンにフットスイッチのプログラム勝手に削除されるようになっちまった　どうすればええんや,613238,NortonSupport,Tue Oct 03 02:14:01 +0000 2017,"@265827 ご不便をおかけしております。
ノートンに削除されたファイルは、以下の方法で、履歴画面から復元していただけます。

誤ってセキュリティリスクであると識別されたファイルを復元する
https://t.co/sVjGvSHSIJ",
613279,265837,Wed Sep 27 12:13:16 +0000 2017,Kshootのファイル除外してもkshoot.exe消してくるNorton害悪すぎる,613280,NortonSupport,Mon Oct 02 09:44:01 +0000 2017,"@265837 突然失礼いたします。
除外設定ですが、以下のページの
「スキャンから除外」「自動保護、SONAR、ダウンロードインテリジェンスの検出から除外」
両方で設定いただきましたでしょうか。
https://t.co/gomXNw0MUy",
613279,265837,Wed Sep 27 12:13:16 +0000 2017,Kshootのファイル除外してもkshoot.exe消してくるNorton害悪すぎる,613278,NortonSupport,Mon Oct 02 09:45:01 +0000 2017,"@265837 もし設定してもノートンが削除する場合は、
こちらをお試しいただけますでしょうか。

ファイルやプログラムをスキャン対象から除外した後も、ノートン製品が脅威として検出する
https://t.co/7PIfgJwFAX",
613282,265838,Mon Oct 02 13:16:04 +0000 2017,"@NortonSupport ご丁寧にありがとうございます。IEを11にアップグレードしたらダウンロードできたと連絡がありました。
古いPCで四苦八苦していたようです。",613284,NortonSupport,Tue Oct 03 01:41:05 +0000 2017,"@265838 解決されたようでなによりです。
ご連絡、ありがとうございます。-hide",
613283,265838,Tue Sep 26 16:48:05 +0000 2017,ノートンのカスタマに電話する前に私が話きいて逆によかったかもしれない。こんなんカスタマでも頭抱える案件な気がしてきた。,613281,NortonSupport,Mon Oct 02 09:04:27 +0000 2017,"@265838 突然失礼いたします。
友人様は、どちらのページからノートンをDLしようとしているのでしょうか。

こちらから体験版をダウンロードしてから、プロダクトキーやログインIDでアクティブ化する方法もございます。
https://t.co/P2jwho06HJ",613282
617367,120472,Tue Oct 03 18:27:22 +0000 2017,Hey @132897 @12397 What business sense does it make to charge more for renewal than a fresh purchase? https://t.co/z4F7eDFm6q,617366,NortonSupport,Tue Oct 03 18:35:02 +0000 2017,@120472 competitive and price those products based on the high level of service and performance we provide our customers. -Steffi,
617367,120472,Tue Oct 03 18:27:22 +0000 2017,Hey @132897 @12397 What business sense does it make to charge more for renewal than a fresh purchase? https://t.co/z4F7eDFm6q,617368,NortonSupport,Tue Oct 03 18:34:48 +0000 2017,@120472 We certainly understand your concern.  We periodically evaluate the prices for our products and subscriptions to ensure we remain (cont),
617415,266487,Sun Oct 01 12:19:04 +0000 2017,ノートン先生インスコしたら潔癖症すぎていろんなえっちげーむができなくなった,617416,NortonSupport,Tue Oct 03 03:48:35 +0000 2017,"@266487 こちらは、除外設定の方法になります。
https://t.co/gomXNw0MUy
「スキャンから除外する項目」「自動保護、SONAR、ダウンロードインテリジェンスの検出から除外」の両方で設定してください。-hide",639403
617415,266487,Sun Oct 01 12:19:04 +0000 2017,ノートン先生インスコしたら潔癖症すぎていろんなえっちげーむができなくなった,617414,NortonSupport,Tue Oct 03 03:47:25 +0000 2017,"@266487 突然失礼いたします。
脅威でないファイルをノートンに削除された際は、復元とスキャンからの除外設定で対応していただけますでしょうか。

誤ってセキュリティリスクであると識別されたファイルを復元する
https://t.co/sVjGvSHSIJ",
617418,266488,Sun Oct 01 07:03:52 +0000 2017,ノートン先生がフリーゲームを消してゆく、やめてください,617417,NortonSupport,Tue Oct 03 03:41:26 +0000 2017,"@266488 ご不便をおかけしております。
ノートンに削除されたファイルは、履歴画面から復元していただけます。-hide

誤ってセキュリティリスクであると識別されたファイルを復元する
https://t.co/sVjGvSHSIJ",
617420,266489,Sat Sep 30 11:58:08 +0000 2017,ノートン先輩いれたらＡＣＴのデータ削除された　まじ無能やん,617419,NortonSupport,Tue Oct 03 03:23:57 +0000 2017,"@266489 ご不便をおかけしております。
ノートンに削除されたファイルは、以下の方法で復元していただけますでしょうか。-hide

誤ってセキュリティリスクであると識別されたファイルを復元する
https://t.co/sVjGvSHSIJ",
617422,266490,Sat Sep 30 02:26:10 +0000 2017,NortonにMMDのデータ消されました  やっぱりNortonって使えないわ,617421,NortonSupport,Tue Oct 03 03:15:38 +0000 2017,"@266490 ご不便をおかけしております。
ノートンに削除されたファイルは、履歴画面から復元していただけますでしょうか。

誤ってセキュリティリスクであると識別されたファイルを復元する
https://t.co/sVjGvSHSIJ",
617430,266493,Tue Oct 03 00:53:13 +0000 2017,I JUST WANNA DOWNLOAD SOME ALBUMS FUCK YOU NORTON THEYRE NOT VIRUSES,617429,NortonSupport,Tue Oct 03 00:56:47 +0000 2017,@266493 Sorry. Please let us know if you need any help with your Norton. We can help. -Prasanna,
617484,172665,Mon Oct 02 15:48:31 +0000 2017,@NortonSupport Just a tune up,617486,NortonSupport,Mon Oct 02 15:50:07 +0000 2017,"@172665 Happy to hear that. If you need any help with Norton Security in the future, we're more than happy to assist you with that -Dinesh",
617485,172665,Mon Oct 02 15:38:00 +0000 2017,Norton tech is cleaning my pc. How nice lol,617482,NortonSupport,Mon Oct 02 15:45:49 +0000 2017,@172665 May I know if the tech is removing the Viruses from your PC or assisting with something else? -Dinesh,"617483,617484"
621246,267441,Wed Nov 22 16:46:02 +0000 2017,@NortonSupport NO,621245,NortonSupport,Wed Nov 22 16:53:36 +0000 2017,@267441 Sorry for the delay. We will get back to you with an update on the AppLock issues as soon as possible. -Abilash,
621248,768964,Mon Nov 20 20:25:32 +0000 2017,@NortonSupport Can I use it on my Android?,2745807,NortonSupport,Mon Nov 20 20:30:05 +0000 2017,@768964 Hi Yakubs! May I know which Norton program you are using? We can check. - Charlie,2745806
624941,150566,Fri Oct 27 11:09:32 +0000 2017,"@NortonSupport @132897 The live updates stopped about a month prior to my subscription ending, I bought a new subscription and thought that might fix it.",624942,NortonSupport,Mon Oct 30 11:14:59 +0000 2017,"@150566 Hi Nathan, we have not heard back from you yet. Let us know if you still need any help with your Norton. :) -raj",624966
624941,150566,Fri Oct 27 11:09:32 +0000 2017,"@NortonSupport @132897 The live updates stopped about a month prior to my subscription ending, I bought a new subscription and thought that might fix it.",624940,NortonSupport,Fri Oct 27 11:10:53 +0000 2017,@150566 Could you please send us a DM? We will help! Did you contact our support when you noticed this? -Harini https://t.co/K1tHrA9w85,
624944,150566,Fri Oct 27 10:52:06 +0000 2017,@132897 is it normal for my internet security to have not undergone a live update in over 80 days on my tablet security?,624943,NortonSupport,Fri Oct 27 10:54:51 +0000 2017,@150566 Hi Nathan. That should not happen. Can you tell us if there was any changes made to your device recently? -Harini (cc: @132897),624941
624966,150566,Mon Oct 30 22:51:20 +0000 2017,"@NortonSupport Hi, I don’t have access to my tablet at present but will in a few days during my days off work. I will correspond further then. Thank you",624967,NortonSupport,Mon Oct 30 22:52:34 +0000 2017,@150566 Sure. Please do let us know -Anirban,
626906,268458,Wed Nov 22 11:37:26 +0000 2017,@132897 I do NOT need a password manager!,626905,NortonSupport,Wed Nov 22 14:09:15 +0000 2017,"@268458 Hi, there! Norton Identity Safe is an optional feature and you can turn it off from your product settings. Please let us know if you need any help. -Karthik (cc: @132897)",
626908,128777,Wed Nov 22 13:17:38 +0000 2017,@NortonSupport I'm on a Mac so the only way I can make the popoup go away is to launch the activity monitor and force quit Norton updater.,626907,NortonSupport,Wed Nov 22 13:32:41 +0000 2017,@128777 We certainly understand your concern. Your feedback back is really important to us. We will get back to you here with an update soon. - Charlie,
626910,128777,Wed Nov 22 13:05:12 +0000 2017,@NortonSupport I can't make the pop stop launching every time I start Firefox so now am uninstalling Norton and shopping for a competitor.  This was a moronic design decision.,626909,NortonSupport,Wed Nov 22 13:15:37 +0000 2017,@128777 I am really sorry to hear that and I certainly understand your frustration. We will escalate this to the concerned team and we will get back to you here as soon as we have any update from them. - Charlie,626908
626912,128777,Tue Nov 21 20:46:53 +0000 2017,@NortonSupport This is really getting old--it happens every time I open a browser,626911,NortonSupport,Tue Nov 21 21:04:00 +0000 2017,@128777 Please go to Norton&gt;settings&gt;identity protection and disable it -Anirban,626910
626915,128777,Tue Nov 21 20:41:28 +0000 2017,WTF @132897 ?  Every time I open a browser now this window pops and the only way to make it go away is to reboot the computer!  Stupid move! https://t.co/jqu4mqfQqs,626914,NortonSupport,Tue Nov 21 20:43:58 +0000 2017,@128777 Sorry about that. Which browser are you using? Have you clicked 'remind me later' ?-Anirban,626913
638498,271428,Wed Nov 22 19:51:34 +0000 2017,"@NortonSupport As far as I know Norton security standard, where will I find more information?  Thanks https://t.co/azpomehzr4",638499,NortonSupport,Sat Nov 25 20:51:20 +0000 2017,@271428 Hi there! We haven't heard anything from you yet! Please let us know if you're able to send emails without any troubles? -Karthik,
638498,271428,Wed Nov 22 19:51:34 +0000 2017,"@NortonSupport As far as I know Norton security standard, where will I find more information?  Thanks https://t.co/azpomehzr4",638497,NortonSupport,Wed Nov 22 19:54:38 +0000 2017,@271428 Not a problem! Please follow the step from here https://t.co/lI2XlWOH7q and let us know about the status. -Karthik,
638501,271428,Wed Nov 22 19:32:05 +0000 2017,"@NortonSupport Yes, your email message was unable to be sent because the connection to your email server was interrupted. Thanks",638500,NortonSupport,Wed Nov 22 19:34:58 +0000 2017,"@271428 Could you please share a screenshot of that message? And, may I know the name and version of your Norton product? -Karthik",638498
638503,271428,Wed Nov 22 19:19:58 +0000 2017,"@29368 Hi keep getting error (from Norton AV) when sending emails through OL, connection interupt, Norton suggests isp issue. No is issue as far as aware with isp, could this be a Fh issue?",638502,NortonSupport,Wed Nov 22 19:29:24 +0000 2017,@271428 Sorry about that! Are you getting any error message? -Karthik,638501
638504,NortonSupport,Wed Nov 22 19:31:41 +0000 2017,"@271429 Hi, Nichole! Did you get a chance to update your Norton protection from CenturyLink? -Karthik",638505,NortonSupport,Wed Nov 22 21:33:20 +0000 2017,@271429 Alright! Let us know once you have updated your Norton protection from CenturyLink. We can help you further with this. -Steffi,
638507,271429,Sun Nov 19 17:41:16 +0000 2017,"@NortonSupport Yes, absolutely!  I am current with them, have been for years. I tagged them in this conversation?  @116072",638509,NortonSupport,Sun Nov 19 18:08:49 +0000 2017,@271429 That's bad! We can see they have tweeted you about this. Please let us know about the status once it's done. We just want to ensure that this has been taken care.  -Karthik,
638507,271429,Sun Nov 19 17:41:16 +0000 2017,"@NortonSupport Yes, absolutely!  I am current with them, have been for years. I tagged them in this conversation?  @116072",638504,NortonSupport,Wed Nov 22 19:31:41 +0000 2017,"@271429 Hi, Nichole! Did you get a chance to update your Norton protection from CenturyLink? -Karthik","638505,638506"
638511,271429,Sun Nov 19 17:24:11 +0000 2017,"@NortonSupport Everytime I shut down my computer and restart, it does this, there is something wrong. This is way beyond infuriating!",638510,NortonSupport,Sun Nov 19 17:35:02 +0000 2017,@271429 We understand how frustrating this must be. This seems to be an activation issue. Do you still have your Internet Service Provider as CenturyLink? -Karthik,638507
638514,271429,Sun Nov 19 16:16:19 +0000 2017,"@NortonSupport @116072 This is so stupid. I am active, I have uninstalled and reinstalled and everytime I get this in active status, then it checks my status, says I'm protected, then I run a scan and it says problem detected, product is inactive!!! https://t.co/Rl4nmmhFFo",638512,NortonSupport,Sun Nov 19 17:17:24 +0000 2017,@271429 Sorry about that! Did you try the steps from here https://t.co/YYVRMTWvy0 and check if you're able to activate Norton Antivirus. Let us know if this helps. -Karthik,"638511,638513"
638518,271430,Wed Nov 22 18:31:21 +0000 2017,"@132897 So I'm like, fuck it, and I remove the program, which takes my mom's password, and it says it'll restart the computer. And it deleted a fucking HOUR of editing work. It was the first time I've ever done anything like that. (Jumping between 2 cameras) Fuck you, @132897",638516,NortonSupport,Wed Nov 22 18:46:53 +0000 2017,@271430 It's really disappointing to hear that our product did not meet your expectations. Let us know if you need any help with this. We would be happy to assist you. -Abilash (cc: @132897),638517
638521,252356,Wed Nov 22 18:08:06 +0000 2017,@NortonSupport I cant send you a private message since you dont have that option enabled on twitter,638520,NortonSupport,Wed Nov 22 18:10:57 +0000 2017,@252356 My bad! Please click on the link here and sent us a DM. -Karthik https://t.co/K1tHrA9w85,
638523,252356,Wed Nov 22 17:45:15 +0000 2017,@NortonSupport Been on hold for 15 minutes. Online Chat not available.  Have a representative re: Norton Internet Security renewal contact me,638522,NortonSupport,Wed Nov 22 17:59:50 +0000 2017,@252356 Sorry for the long hold! We can certainly help you with the renewal. Did you try to renew or update your Norton product subscription? Please send us a private message with your account details and we can check? -Karthik,638521
638525,271431,Wed Nov 22 21:22:21 +0000 2017,"@NortonSupport I've sorta resolved it by not running Firefox.    Ever since last Firefox update, I get a lot of high disk write usage alerts and general computer sluggishness when using it.   I'd give the screen shot, but there are 109 detail items for 22 Nov.",638527,NortonSupport,Wed Nov 22 21:29:23 +0000 2017,@271431 Could you please try running the full system scan once again and then restart your computer to make sure everything is back to normal. -Steffi,638528
638526,271431,Wed Nov 22 17:59:41 +0000 2017,@NortonSupport Why does Norton keep starting a full system scan when I'm actually working on things?  Seems random and multiple times during the day.,638524,NortonSupport,Wed Nov 22 18:08:21 +0000 2017,"@271431 Strange! Do you have any customized scan scheduled to run frequently? Could you please share a screenshot of ""Security &gt; History"" from your Norton product? -Karthik",638525
638528,271431,Thu Nov 23 03:23:11 +0000 2017,"@NortonSupport Seems to be running fine now, no issues to report.  I guess my computer doesn't like the latest version of Firefox.",638530,NortonSupport,Sun Nov 26 03:39:42 +0000 2017,@271431 Hi! We're just following up to see if you everything is fine with your Norton. Let us know if you still have any concern. -Prasanna,638531
638528,271431,Thu Nov 23 03:23:11 +0000 2017,"@NortonSupport Seems to be running fine now, no issues to report.  I guess my computer doesn't like the latest version of Firefox.",638529,NortonSupport,Thu Nov 23 03:25:40 +0000 2017,"@271431 Okay, if you ever need any help with Norton, do send us a tweet. :) -raj",
638531,271431,Sun Nov 26 10:59:49 +0000 2017,"@NortonSupport No issues to report, thanks for the follow up.",638532,NortonSupport,Sun Nov 26 11:07:24 +0000 2017,"@271431 Glad to hear that! If you need any help with Norton, we are right here! -Harini",
639006,271563,Wed Oct 04 13:09:37 +0000 2017,ノートン入れてからvc関係使えなくなった,639007,NortonSupport,Thu Oct 05 01:12:47 +0000 2017,"@271563 突然失礼いたします。
ノートンが削除したファイルは、以下の方法で、履歴画面から復元できます。

誤ってセキュリティリスクであると識別されたファイルを復元する
https://t.co/sVjGvSHSIJ",
639006,271563,Wed Oct 04 13:09:37 +0000 2017,ノートン入れてからvc関係使えなくなった,639005,NortonSupport,Thu Oct 05 01:14:51 +0000 2017,"@271563 復元の際にも、次回以降のスキャンから除外する設定はできますが、個別に行う場合は、以下の方法で。
https://t.co/gomXNw0MUy
「スキャンから除外」「自動保護、SONAR、ダウンロードインテリジェンスの検出から除外」両方で設定していただけますでしょうか。-hide",
651631,274958,Thu Oct 05 07:26:44 +0000 2017,"ついでに言うとSSEが起動しなくなった。
死ねっノートン！",651630,NortonSupport,Thu Oct 05 07:35:29 +0000 2017,"@274958 ご不便をおかけしております。
ノートンに削除されたファイルは、履歴画面から復元できます。

誤ってセキュリティリスクであると識別されたファイルを復元する
https://t.co/sVjGvSHSIJ",
651637,274958,Thu Oct 05 07:36:40 +0000 2017,"@274960 ツイッター経由でノートンから、メッセージきたんよね。
 (´◉ω◉` )",651636,NortonSupport,Thu Oct 05 07:37:28 +0000 2017,"@274958 特定のファイルを次回以降のスキャンから除外する方法は、
復元の際にも設定いただけますが、以下の方法になります。
https://t.co/gomXNw0MUy
「スキャンから除外」「自動保護、SONAR、ダウンロードインテリジェンスの検出から除外」両方で設定してください。",
652807,178975,Wed Oct 18 20:12:59 +0000 2017,@NortonSupport Hello. It seems to be working ok now! 😎,652808,NortonSupport,Wed Oct 18 20:14:54 +0000 2017,@178975 That sounds great! Feel free to tweet us if you need any further help with Norton products in the future. -Steffi,
65478,130988,Thu Nov 30 07:33:09 +0000 2017,ノートン先生脳筋にもほどがある,65477,NortonSupport,Thu Nov 30 07:36:26 +0000 2017,@130988 何が起こっているのか、詳細をきちんと説明していただけますか。,
65480,130988,Thu Nov 30 07:14:57 +0000 2017,やっぱノートンってくそだった,65479,NortonSupport,Thu Nov 30 07:15:45 +0000 2017,"@130988 先ほどご案内した除外設定は、ファイル名を入力して設定できます。
何にお困りでしょうか。",
65483,130988,Thu Nov 30 06:56:35 +0000 2017,ノートンの削除回避探してもどのブログも紹介してあるのは古いバージョンでまったく役に立たない･･･どうしよ誰か助けて,65481,NortonSupport,Thu Nov 30 07:01:49 +0000 2017,"@130988 復元時の除外設定でうまく除外できない場合は、こちらをお試しください。
https://t.co/gomXNw0MUy
「スキャンから除外」「自動保護、SONAR、ダウンロードインテリジェンスの検出から除外」両方での設定をお願いいたします。",65482
65485,130988,Thu Nov 30 06:43:11 +0000 2017,ノートン先生にopengl32.dll削除されました,65484,NortonSupport,Thu Nov 30 06:51:07 +0000 2017,"@130988 突然失礼いたします。
ノートンに削除されたファイルは、履歴画面から復元できます。
その際、次回以降のスキャンからの除外設定もしていただけます。-hide

誤ってセキュリティリスクであると識別されたファイルを復元する
https://t.co/sVjGvSHSIJ",
660872,277446,Thu Nov 23 00:53:42 +0000 2017,@NortonSupport @132897 I just put the entire folder under exclude from all scans and auto protects. I cant prove it myself that OBS Studios pdf.dll is free of viruses but I have had both OBS and Norton running side by side for 3 years without problems,660871,NortonSupport,Thu Nov 23 00:56:03 +0000 2017,"@277446 I totally understand, in this case, you might submit the file for review by following the instructions provided in the link, our team will review the file and update you with the information. -raj",
660872,277446,Thu Nov 23 00:53:42 +0000 2017,@NortonSupport @132897 I just put the entire folder under exclude from all scans and auto protects. I cant prove it myself that OBS Studios pdf.dll is free of viruses but I have had both OBS and Norton running side by side for 3 years without problems,660873,NortonSupport,Sun Nov 26 01:15:03 +0000 2017,@277446 Hi! Did you get a chance to submit this to our False Positive team?  Please let us know if you still need any help. -Prasanna,
660875,277446,Wed Nov 22 23:53:31 +0000 2017,Normally im fine with @132897 but ever since I had to do a reinstall of it it has without fail always tried to delete and quarantine @15542 files whenever I launch OBS now,660874,NortonSupport,Thu Nov 23 00:11:02 +0000 2017,"@277446 Sorry, it sounds like Norton might have quarantined the file as a threat by mistake. If you know that the file is safe, follow the instructions provided here: https://t.co/wYcH7Rd0co Let me know how it goes. -raj (cc: @132897)",660872
660877,116829,Wed Nov 22 23:19:30 +0000 2017,@NortonSupport It wasn’t a third-party website... Javascript source files on my personal hard drive.  (I’m a web app developer.)  Ex: Multiple #jQueryUI JS files were identified &amp; deleted by over-zealous algorithm.,660876,NortonSupport,Wed Nov 22 23:26:07 +0000 2017,@116829 Alright! Let me check with concern team and get back to you. -Steffi,
660877,116829,Wed Nov 22 23:19:30 +0000 2017,@NortonSupport It wasn’t a third-party website... Javascript source files on my personal hard drive.  (I’m a web app developer.)  Ex: Multiple #jQueryUI JS files were identified &amp; deleted by over-zealous algorithm.,660878,NortonSupport,Tue Nov 28 01:24:49 +0000 2017,"@116829 Hi, James! Sorry for the delay in getting back to you. Did you try restoring these files from the Quarantine and we're you able to exclude these files? -Steffi",660885
660880,116829,Wed Nov 22 23:10:10 +0000 2017,"I ran a full system scan using @8501 NSS and all #js files were identified as ""Suspicious.Epi.4"" &amp; deleted. https://t.co/D6jEsVGqyL That doesn't seem very dev-friendly. :(",660881,NortonSupport,Wed Nov 29 15:27:14 +0000 2017,@116829 Sorry to see you go! Please try reinstalling your Norton Security and we will see if there is an option to exclude those files by white listing them. -Karthik,2950644
660880,116829,Wed Nov 22 23:10:10 +0000 2017,"I ran a full system scan using @8501 NSS and all #js files were identified as ""Suspicious.Epi.4"" &amp; deleted. https://t.co/D6jEsVGqyL That doesn't seem very dev-friendly. :(",660879,NortonSupport,Wed Nov 22 23:13:34 +0000 2017,"@116829 Sorry, James! If you think this website has been incorrectly marked as bad, please report it here https://t.co/BxhAfbwdQf. -Steffi",660877
660883,277447,Wed Nov 22 21:17:14 +0000 2017,@NortonSupport is there a way I can see what traffic caused my laptop to be quarantined using the core?,660884,NortonSupport,Wed Nov 29 00:18:05 +0000 2017,"@277447 Hi, Gail. We checked with our Core team and currently don't have an option to show the threat that caused the device to be quarantined. However, I have passed on this feedback to the proper support department to see what can be done about adding it in a future update. -Dinesh",
660883,277447,Wed Nov 22 21:17:14 +0000 2017,@NortonSupport is there a way I can see what traffic caused my laptop to be quarantined using the core?,660882,NortonSupport,Wed Nov 22 23:21:35 +0000 2017,@277447 Sorry for the delay getting back to you. We are checking with our resources once we get more details on this. We will get back to you. We appreciate your patience with us. -Steffi,
660885,116829,Tue Nov 28 01:29:38 +0000 2017,"@NortonSupport Seriously? 600+ JS files were quarantined/deleted. The Norton experience isn't very convenient when it comes to accessing history or quarantine. During future scans, I'm going to ""quarantine Norton"" &amp; block access to trusted/legit web developer resources.",660886,NortonSupport,Tue Nov 28 01:37:37 +0000 2017,@116829 We're really sorry for the inconvenience caused. Let me go ahead and check whether any workaround is available to help you on this. Could you please let us know did all the files had the same extension? -Steffi,660887
660887,116829,Wed Nov 29 00:12:14 +0000 2017,"@NortonSupport Yes.  Javascript files ending w/"".js"" were deleted; including @144408 extensions, @111911, @111912, @111913 &amp; @111914 #JS files. Incorrectly classified as ""Suspicious.Epi.4"" w/""Risk: High (High Stealth, High Removal, High Performance, High Privacy)""",660888,NortonSupport,Wed Nov 29 00:16:03 +0000 2017,@116829 Thanks for all the details. Let me go ahead check with the concern team and get back to you with an update. We once again apologize for the inconvenience caused.  -Steffi,660889
660891,277448,Wed Nov 22 22:31:59 +0000 2017,Why is @NortonSupport so useless?  Do they just hate their customers?,660890,NortonSupport,Wed Nov 22 22:33:48 +0000 2017,"@277448 Sorry, you feel that way, Could you please let us know your concern? We can look into it. -Steffi",
661226,161770,Fri Sep 22 02:41:30 +0000 2017,だからと言ってRadikoolが使えないノートン先生はなぁ…該当ファイルを何重も保護をかけても「怪しいから消すね！」と問答無用すぎて融通きかない('ω`),661224,NortonSupport,Mon Oct 02 06:09:44 +0000 2017,"@161770 ノートンに削除されたファイルは、以下の方法で復元できます。
その際、次回以降のスキャンから除外する設定もしていただけます。-hide

誤ってセキュリティリスクであると識別されたファイルを復元する
https://t.co/sVjGvSHSIJ",661225
667364,279055,Thu Nov 23 03:14:55 +0000 2017,@NortonSupport Hey im glad you guys replied. Thanks!,667363,NortonSupport,Thu Nov 23 03:17:22 +0000 2017,@279055 Our pleasure. :) -raj,
667366,279055,Thu Nov 23 03:12:24 +0000 2017,"@NortonSupport @132897 Actually i received several sms from you guys on something, but i didnt pay attention on the texts. It’s okay, though. I need you guys anyway.",667365,NortonSupport,Thu Nov 23 03:13:38 +0000 2017,"@279055 Thank you. If you need any help, send us a DM. Glad to help. :) -raj",667364
667368,279055,Thu Nov 23 02:52:45 +0000 2017,Wow @132897 just renewed the yearly subscription without me knowing,667367,NortonSupport,Thu Nov 23 03:11:13 +0000 2017,@279055 Sorry to know about the renewal happening without you knowing. Have you checked to see if you have received a pre-billing notification email? Let me know if you need any help. -raj (cc: @132897),667366
667370,279056,Thu Nov 23 02:45:07 +0000 2017,WOW okay somehow my computer was being attacked by some cryptocurrency miner malware??? Not sure where it came from since I don't have any suspicious sites open but...thankfully Norton took out both attacks,667369,NortonSupport,Thu Nov 23 03:06:49 +0000 2017,"@279056 Glad to know that Norton take care of it. If you need any help, we are here. :) -raj",
675682,281165,Thu Nov 23 10:13:45 +0000 2017,The policy of Norton Anti-virus seems to be that the best way to protect a computer is to render it completely unusable; worst resource hog ever.,675681,NortonSupport,Thu Nov 23 10:17:10 +0000 2017,@281165 Sorry that you are having trouble with your Norton product. Could you tell us if you are getting any error message from Norton or explain what exactly happened? We will help you fix this! -Harini,
681120,282550,Sat Nov 25 08:06:35 +0000 2017,"@NortonSupport Okay, ya see, Norton, it's like this--I've got your software on my computer, you know? And it wants to update, fine, fine, but later. So hours ago it asks me when I wanted to postpone the update to. You know? So I what do I do? I choose ""1 hour""...",681122,NortonSupport,Sat Nov 25 08:10:13 +0000 2017,@282550 That's odd! Sorry that the LiveUpdate didn't run as scheduled. May I know the name/version of your Norton product? -Prasanna,681124
681121,282550,Sat Nov 25 07:04:07 +0000 2017,"When I tell you, a fucken COMPUTER, to remind me again in 1 hour, I mean 60 minutes, not 50. Yes, I counted, Norton Anti-Virus! I'll update you when I gosh darn want to!",681119,NortonSupport,Sat Nov 25 07:15:54 +0000 2017,@282550 Sorry that you're facing issues with your Norton Anti-virus. Could you please elaborate the problem you're facing with Norton? We can help. -Prasanna,681120
681124,282550,Sat Nov 25 08:22:41 +0000 2017,"@NortonSupport It's called ""Norton Internet Security"", not sure what the version is or how to find that out. It has a yellow circle on the logo, if that helps",681125,NortonSupport,Sat Nov 25 08:28:44 +0000 2017,@282550 Please launch Norton -&gt; Help -&gt; About to get the version number. Is this the first time it's happening with you Norton Internet Security? -Prasanna,681126
681126,282550,Sat Nov 25 08:33:10 +0000 2017,"@NortonSupport It says this is version 22.11.0.41. This is the only time it has happened, it's not a big deal, I'll just update it when it pops up next.",681127,NortonSupport,Sat Nov 25 08:35:52 +0000 2017,@282550 We are truly sorry about this experience you had with your Norton product. Please do let us know when it happens again. We will look into this for you. -Harini,
688146,179469,Thu Oct 05 19:43:01 +0000 2017,"@13332, I bought this shit since  always asking to buy another license like @13333 we bought the license simply steal our money, fuck you.",688145,NortonSupport,Thu Oct 05 20:00:27 +0000 2017,@179469 Hi there! Please let us know if you need any help with your Norton products. -Karthik,
697806,286483,Tue Oct 10 18:59:50 +0000 2017,"@NortonSupport I have used that tool, as well as the norton power eraser",697808,NortonSupport,Tue Oct 10 19:03:15 +0000 2017,@286483 What version of windows are you using? -Anirban,697809
697807,286483,Tue Oct 10 18:56:38 +0000 2017,@NortonSupport Yes,697805,NortonSupport,Tue Oct 10 18:59:14 +0000 2017,@286483 Please run this tool https://t.co/2SlunKqqDK to remove and reinstall. Let me know how it goes -Anirban,697806
697809,286483,Tue Oct 10 19:05:15 +0000 2017,@NortonSupport Windows 8.1,697810,NortonSupport,Tue Oct 10 19:08:01 +0000 2017,@286483 Alright. Please try the steps here https://t.co/rA2Hl9aUwU -Anirban,697811
697811,286483,Tue Oct 10 19:09:52 +0000 2017,"@NortonSupport I think I got it to work now, thank you",697812,NortonSupport,Tue Oct 10 19:11:06 +0000 2017,@286483 That is great :),
697814,286483,Tue Oct 10 18:52:18 +0000 2017,"@NortonSupport It keeps saying Error: 8504, 104",697813,NortonSupport,Tue Oct 10 18:54:10 +0000 2017,@286483 Alright. Is the internet working fine? -Anirban,697807
697816,286483,Tue Oct 10 18:46:52 +0000 2017,I've spent the last 2 hours trying to remove and reinstall Norton on my computer and it's still not taken care of 😒,697815,NortonSupport,Tue Oct 10 18:48:31 +0000 2017,"@286483 Hi, We are sorry for the trouble. What exactly is happening? Let me know and i can check -Anirban",697814
700458,287171,Thu Oct 05 17:28:27 +0000 2017,Nortonがnvenc削除とかクソだろ,700457,NortonSupport,Fri Oct 06 00:11:31 +0000 2017,"@287171 ご不便をおかけしております。
ノートンに削除されたファイルは、以下の方法で復元していただけます。-hide

誤ってセキュリティリスクであると識別されたファイルを復元する
https://t.co/sVjGvSHSIJ",
700460,287172,Thu Oct 05 16:14:56 +0000 2017,ノートン入れてるとMHFZが起動できないの苦行,700461,NortonSupport,Fri Oct 06 00:10:18 +0000 2017,"@287172 復元の際にも、次回以降のスキャンから除外する設定をしていただけますが、個別に行う場合は以下の方法で。
https://t.co/gomXNw0MUy
「スキャンから除外」「自動保護、SONAR、ダウンロードインテリジェンスの検出から除外」両方で設定をお願いいたします。-hide",
700460,287172,Thu Oct 05 16:14:56 +0000 2017,ノートン入れてるとMHFZが起動できないの苦行,700459,NortonSupport,Fri Oct 06 00:08:08 +0000 2017,"@287172 ご不便をおかけしております。
ノートンに削除されたファイルは、履歴画面から復元できます。
以下が復元方法になります。

誤ってセキュリティリスクであると識別されたファイルを復元する
https://t.co/sVjGvSZu7j",
700983,287325,Thu Nov 23 14:07:53 +0000 2017,@NortonSupport TY,700982,NortonSupport,Thu Nov 23 14:11:33 +0000 2017,@287325 :),
700985,287325,Thu Nov 23 14:03:09 +0000 2017,@NortonSupport TY for your help.,700984,NortonSupport,Thu Nov 23 14:05:46 +0000 2017,@287325 It is our pleasure to be of help to you! -Harini,700983
700987,287325,Thu Nov 23 13:59:06 +0000 2017,@NortonSupport Just sad due to it may answer questions on passing. TY for your time.,700986,NortonSupport,Thu Nov 23 14:02:15 +0000 2017,"@287325 Sorry to know that. If you need any help with Norton in the future, we are just a tweet away. -Harini",700985
700989,287325,Thu Nov 23 13:55:45 +0000 2017,@NortonSupport Wow :(,700988,NortonSupport,Thu Nov 23 13:57:57 +0000 2017,@287325 We can understand your situations but this is done for security reasons. -Harini,700987
700991,287325,Thu Nov 23 13:44:21 +0000 2017,@NortonSupport @132897 Married couple . One passed on but the other one is now locked out.,700990,NortonSupport,Thu Nov 23 13:45:53 +0000 2017,@287325 Sorry to say. There is no other way to open the vault without the password. -Harini,700989
700994,287325,Thu Nov 23 13:35:35 +0000 2017,@132897 Is there a way to get into the vault without a password? Help needed please.,700993,NortonSupport,Thu Nov 23 13:38:23 +0000 2017,"@287325 Sorry, you will need your vault password to access your logins. Are you having trouble logging into your Norton Identity Safe vault? -Harini (cc: @132897)",700992
702513,287778,Fri Oct 06 01:18:20 +0000 2017,ノートンが｢今の見た？俺が攻撃を遮断したぜ…………｣っつってくるの面白い いいからダウンロードさせろよ,702512,NortonSupport,Fri Oct 06 01:22:07 +0000 2017,"@287778 突然失礼いたします。
ご存知かもしれませんが念のため。ノートンに削除されたファイルの復元方法になります。-hide

誤ってセキュリティリスクであると識別されたファイルを復元する
https://t.co/sVjGvSHSIJ",
710588,136153,Tue Oct 10 20:32:01 +0000 2017,So easy getting help from @NortonSupport. 1 of the best Twitter supports out there. Always had Norton software &amp;never had a software issue👌🏼,710587,NortonSupport,Tue Oct 10 20:33:49 +0000 2017,"@136153 Glad to be of help, Jenny.  Anytime :)",
710589,350656,Wed Oct 11 17:23:55 +0000 2017,@136153 @NortonSupport Agreed 100%!,972385,NortonSupport,Wed Oct 11 17:27:04 +0000 2017,@350656 Thank you. We are happy that you gave us a opportunity to help. -Dinesh,
711985,208727,Tue Oct 10 21:44:56 +0000 2017,@132897 how do you justify 20% increase in my annual subscription. Rip off! I'll be in touch,711984,NortonSupport,Tue Oct 10 21:50:47 +0000 2017,@208727 Sorry about that! Could you please send us a DM with more details? We will look into this. -Karthik (cc: @132897) https://t.co/K1tHrA9w85,
711987,290275,Tue Oct 10 21:28:47 +0000 2017,@NortonSupport Cool,711986,NortonSupport,Tue Oct 10 21:29:14 +0000 2017,@290275 :),
711989,290275,Tue Oct 10 21:25:50 +0000 2017,"@NortonSupport Sure thing. 
 Disable before I put in the USB dongel right?",711988,NortonSupport,Tue Oct 10 21:28:24 +0000 2017,"@290275 Yes, disable and then check with the dongle -Anirban",711987
711991,290275,Fri Oct 13 16:25:42 +0000 2017,@NortonSupport Pausing Norton did nothing to help me getting a IPV4 connection. Any other suggestions?,711999,NortonSupport,Fri Oct 13 16:58:56 +0000 2017,@290275 Sorry to hear that! Can you please try connecting the Dongle to another device and see if it works. - Charlie,712000
711992,290275,Tue Oct 10 21:07:49 +0000 2017,@NortonSupport Cool. Will try it out. Thank you,711990,NortonSupport,Tue Oct 10 21:20:33 +0000 2017,@290275 Sure. Let us know how it goes -Anirban,"711989,711991"
711994,290275,Tue Oct 10 21:04:38 +0000 2017,@NortonSupport The whole thing? No I haven't. Been afraid to. Any easy way to do so?,711993,NortonSupport,Tue Oct 10 21:06:57 +0000 2017,@290275 Right click on Norton in the taskbar and disable it. -Anirban,711992
711996,290275,Tue Oct 10 20:58:11 +0000 2017,@NortonSupport Having issues with getting internet connection with USB modem &amp; mobile internet. Losing connection with IPV4. Have ipv6 connection. weird,711995,NortonSupport,Tue Oct 10 21:03:48 +0000 2017,@290275 Strange! It might have caught up with something. Did you try disabling Norton to check if that helps? -Karthik,711994
711998,290275,Tue Oct 10 18:22:57 +0000 2017,@NortonSupport Could smart firewall make IPV4 connection not work using a USB router and mobile internet?,711997,NortonSupport,Tue Oct 10 18:33:12 +0000 2017,"@290275 Hi, Norton Smart Firewall blocks unsecured inbound/outbound traffic but not the Internet, for more info https://t.co/sieGR3cbpC. -Karthik",711996
712000,290275,Fri Oct 13 17:03:27 +0000 2017,@NortonSupport Sorry have no other device. Been talking to my provider and there is no problem with dongle or my SIM card,712001,NortonSupport,Fri Oct 13 17:10:01 +0000 2017,@290275 If you don't mind could you let me know which Norton feature did you disable before checking the internet connection? -Dinesh,712002
712002,290275,Fri Oct 13 17:23:25 +0000 2017,@NortonSupport I paused the Smart Firewall and Auto-Protect.,712003,NortonSupport,Fri Oct 13 17:28:48 +0000 2017,@290275 Since the internet connection is not working even with Firewall disabled. I am afraid it might not be an issue with Norton Security -Dinesh,712004
712004,290275,Fri Oct 13 17:29:24 +0000 2017,@NortonSupport Unistall and reinstall?,712005,NortonSupport,Fri Oct 13 17:32:50 +0000 2017,@290275 Please uninstall Norton using the steps here: https://t.co/BdrYMFFMo1 and check if you internet connection is working.-Dinesh,712006
712006,290275,Fri Oct 13 17:33:43 +0000 2017,@NortonSupport So try internet connection before re-installing Norton?,712007,NortonSupport,Fri Oct 13 17:43:47 +0000 2017,"@290275 Yes, please check and make sure if you are able to go online. If you have any issues please contact your Internet Service Provider. -Dinesh",712008
712008,290275,Fri Oct 13 17:44:47 +0000 2017,@NortonSupport Will do. If this don't work then it's probably my computer. Checked everything with my provider during weeks of troubleshooting,712009,NortonSupport,Fri Oct 13 17:58:18 +0000 2017,"@290275 Sure, do let us know about the status. -Karthik",712010
712010,290275,Fri Oct 13 17:59:19 +0000 2017,@NortonSupport Will do. I chose the keep all my settings option when uninstalling. Hope that will work just as well,712011,NortonSupport,Fri Oct 13 18:06:25 +0000 2017,"@290275 Once you check this, we might be able to find the root cause to eliminate the source of the problem once and for all. -Karthik",712012
712012,290275,Fri Oct 13 18:22:29 +0000 2017,@NortonSupport Because I had to restart my computer I have to wait until tomorrow night to check if it worked. It always works when I restart my computer,712013,NortonSupport,Fri Oct 13 18:24:54 +0000 2017,"@290275 Sure, anytime! Let us know if you need any help, we are just a tweet away! :) -Karthik","712014,712015"
712014,290275,Sat Oct 14 16:30:30 +0000 2017,@NortonSupport It seems like the computer can't handle to go from 1 connection to another without loosing IPV4-connection.,712016,NortonSupport,Sat Oct 14 16:36:15 +0000 2017,@290275 Did you try disabling Norton to check if that helps? -Steffi,712017
712015,290275,Fri Oct 13 18:26:15 +0000 2017,"@NortonSupport So happy for this easy help. Will return indeed if need be. 💛💙💛💙
 Waiting for response from Microsoft &amp; their take on this whole weird thing",712021,NortonSupport,Fri Oct 13 18:36:20 +0000 2017,@290275 It's been our pleasure to assist you. :) -Karthik,
712017,290275,Sat Oct 14 16:38:21 +0000 2017,@NortonSupport Yes. I did start up my computer using the USB dongel for my internet connection &amp; it worked just fine. That's why I think it's when I switch,712018,NortonSupport,Sat Oct 14 16:39:44 +0000 2017,@290275 That sounds great! Feel free to tweet us if you need any further help with Norton products in the future. -Steffi,712019
712019,290275,Sat Oct 14 16:41:05 +0000 2017,@NortonSupport Sure thing. Feel confident at this time it's not Norton's fault. It's something in windows or my computer. Waiting from Microsoft for info,712020,NortonSupport,Sat Oct 14 16:49:14 +0000 2017,@290275 We are really glad to hear that and it is our pleasure assisting you. -Steffi,
716522,291493,Tue Oct 10 23:27:04 +0000 2017,"PUBGが起動できない事案が発生
ノートンが間違ってバトルアイ消しちゃったのかな？ https://t.co/U5NmlrTE0k",716521,NortonSupport,Wed Oct 11 00:14:21 +0000 2017,"@291493 突然失礼いたします。
ノートンがファイルを削除したかどうかは、履歴画面で確認していただけます。
「検疫」「解決したセキュリティリスク」「SONAR活動」等でご覧ください。-hide",
718786,146661,Tue Oct 10 10:53:56 +0000 2017,あれ、そもそもNortonさん旧式の拡張機能がFirefox57からサポート終了するの知らないのかな？,718785,NortonSupport,Wed Oct 11 00:16:31 +0000 2017,"@146661 ご報告、ありがとうございます。
確認のうえ、折り返し連絡させていただきます。-hide",
718786,146661,Tue Oct 10 10:53:56 +0000 2017,あれ、そもそもNortonさん旧式の拡張機能がFirefox57からサポート終了するの知らないのかな？,718787,NortonSupport,Thu Oct 12 01:28:22 +0000 2017,"@146661 Firefox57.0はまだベータ版だとということもあり、現在は対応しておりません。
57.0が正式版としてリリースされてから、
Security Toolbarが使用できるよう対応する予定です。-hide",774604
721724,292774,Wed Oct 11 01:47:19 +0000 2017,I bet Norton Antivirus is a front too. No way does an antivirus program use that much memory.,721723,NortonSupport,Wed Oct 11 01:55:10 +0000 2017,@292774 Hi Abhay. Let us know if you need any assistance with Norton- Anirban,
728058,294414,Wed Oct 11 06:50:10 +0000 2017,"@NortonSupport It used to work, but now it doesn’t.  I added in all the extensions and still nothing. It works great with Edge so far",728057,NortonSupport,Wed Oct 11 06:53:29 +0000 2017,"@294414 Sorry, we need to get more info can you please send us a direct message? -Praveen",
728060,294414,Wed Oct 11 03:17:08 +0000 2017,"since chrome can't get their act together and work well with Norton identity safe, i've moved to edge.  it works pretty good!",728059,NortonSupport,Wed Oct 11 03:23:57 +0000 2017,@294414 That's odd! It should work fine with Chrome as well. May I know what exactly happens with Norton Identity Safe? We can help. -Prasanna,728058
728976,294610,Wed Oct 11 07:51:18 +0000 2017,@NortonSupport My email address is not accepte,728975,NortonSupport,Wed Oct 11 07:53:19 +0000 2017,@294610 Sorry about that. Are you trying to activate Norton subscription? -Praveen,
737631,296419,Fri Oct 06 19:36:29 +0000 2017,So I feel stupid asf because Chromebooks don't accept norton virus protection or office 365 and I got both 🤦🏽‍♀️,737630,NortonSupport,Fri Oct 06 20:12:37 +0000 2017,@296419 Hi There! Feel free to reach us out if you need any help with your Norton subscription. We are just a Tweet away. - Charlie,
742225,216935,Wed Oct 11 14:40:01 +0000 2017,"@NortonSupport This applies to all forms of attempts by phone, SMS, email....",742222,NortonSupport,Wed Oct 11 15:12:46 +0000 2017,"@216935 Sorry, I am afraid to let you that we don't have any other option apart for the link that you shared with you. -Steffi","742223,742224"
742226,216935,Wed Oct 11 15:23:08 +0000 2017,@NortonSupport Companies I have in mind include @NortonSupport @115890 @O2 @121122 @252 @120872 all the banks with @216188,742227,NortonSupport,Wed Oct 11 15:32:43 +0000 2017,@216935 We are actively looking out for these scammers. Feel free to report them to us if you find any. -Steffi,
752255,299788,Wed Oct 11 13:20:31 +0000 2017,@NortonSupport Its impossible to purchase Endpoint Protection Cloud onf https://t.co/YS5o6WETbs as doesn't allow to insert CC... #help,752254,NortonSupport,Wed Oct 11 13:25:51 +0000 2017,@299788 Sorry for the trouble! Our friends at @33618 will be able to help you with this. - Charlie,
75416,132896,Thu Nov 30 11:17:45 +0000 2017,I've had @132897 security for the past 11 years. I don't understand why it is cheaper to buy new subscription than auto renew.,75415,NortonSupport,Thu Nov 30 11:20:55 +0000 2017,@132896 Sorry about the trouble. Could you send us a DM with your registered email address? We can check this further for you and help. -raj (cc: @132897) https://t.co/K1tHrA9w85,
75418,132898,Thu Nov 30 11:00:09 +0000 2017,@NortonSupport It version is 1.2.162,75417,NortonSupport,Thu Nov 30 11:03:21 +0000 2017,@132898 Thank you. I will check this with our development team and get back to you. -raj,
75418,132898,Thu Nov 30 11:00:09 +0000 2017,@NortonSupport It version is 1.2.162,75419,NortonSupport,Thu Nov 30 21:53:35 +0000 2017,"@132898 Hi, Could you please run command prompt as administrator and try the following commands one by one

1. ipconfig /flushdns
2. netsh winsock reset

Check with wifi privacy once done.",75422
75421,132898,Thu Nov 30 09:07:56 +0000 2017,"@NortonSupport 

I am in trouble! because the WiFi privacy eternally ""connecting..."", when I unlock sleep Windows10 Pro 64bit.
No error and restarting the software will not cure it. The only solution is to restart the PC. https://t.co/Q8unUhxh3N",75420,NortonSupport,Thu Nov 30 09:15:39 +0000 2017,"@132898 Sorry about the trouble. Could you reply with the version number on your Norton, we can check this further for you. -raj",75418
75422,132898,Fri Dec 01 01:32:23 +0000 2017,"@NortonSupport Thank you for thinking about measures.
But, it did not solve. It remains the same situation.",75423,NortonSupport,Fri Dec 01 01:34:06 +0000 2017,@132898 Alright. Could you please try the steps here https://t.co/iaOL5azL88 -Anirban,75424
75424,132898,Fri Dec 01 12:09:50 +0000 2017,"@NortonSupport The software is not stable, but this time it solved. Also I will contact you if there is a problem again.
Thank you for your support.",75425,NortonSupport,Fri Dec 01 12:23:14 +0000 2017,"@132898 Sorry about this experience you had. If this happens again, please let us know. -Harini",
75427,132899,Thu Nov 30 09:00:18 +0000 2017,@NortonSupport Thanks a ton! :),75426,NortonSupport,Thu Nov 30 09:02:26 +0000 2017,"@132899 No problem, thanks for the shout out! -raj",
75429,132899,Thu Nov 30 05:08:29 +0000 2017,"@NortonSupport Hi, we have already uploaded our website for analysis and its working fine now.",75428,NortonSupport,Thu Nov 30 05:10:52 +0000 2017,"@132899 Great! If you ever need any help with Norton, do send us a tweet. :) -raj",75427
75431,NortonSupport,Sun Nov 26 13:24:46 +0000 2017,@132899 Sure. Please take your time :) -Harini,75430,NortonSupport,Wed Nov 29 14:09:36 +0000 2017,@132899 Hi there! Hope you're doing well. Feel free to reach out to us if you ever need any help with this. -Karthik,75429
75432,132899,Sun Nov 26 13:22:57 +0000 2017,"@NortonSupport Hi, we shall check with the web team and get back.",75431,NortonSupport,Sun Nov 26 13:24:46 +0000 2017,@132899 Sure. Please take your time :) -Harini,75430
75434,132899,Mon Nov 06 09:10:23 +0000 2017,"@NortonSupport Hi, we have forwarded this to our web team. Thanks for the info.",75433,NortonSupport,Fri Nov 24 16:38:19 +0000 2017,@132899 Hi there! We see the status as same. Did you get a chance to update your website for the reanalysis to our concerned team? -Karthik,75432
75434,132899,Mon Nov 06 09:10:23 +0000 2017,"@NortonSupport Hi, we have forwarded this to our web team. Thanks for the info.",75435,NortonSupport,Mon Nov 06 09:11:59 +0000 2017,@132899 You're welcome. Our team will check it and get back to you. -raj,
75437,132899,Mon Nov 06 08:54:29 +0000 2017,"@132900 @67269 @8501 @67270 Hi, as there was a virus attack sometimes back,Norton had blacklisted us.But everything is fine now,we’ll ask Norton to whitelist us.",75436,NortonSupport,Mon Nov 06 08:58:27 +0000 2017,"@132899 Hi, here is a link through where you can find more information on the process: https://t.co/SPpXCz6pfs Does this help? -raj",75434
769954,303860,Sat Oct 07 15:54:25 +0000 2017,"two computer software companies auto-renewed my subscriptions- in order to purchase you have to leave your credit card-
boo #norton-#iDrive",769953,NortonSupport,Sat Oct 07 15:56:28 +0000 2017,@303860 Hi There! Feel free to reach us out if you need any help with Norton. We will be more than happy to help. - Charlie,
769956,303861,Sat Oct 07 22:21:23 +0000 2017,"@NortonSupport @132897 Yes, know that now. My point: Norton ""sales"" material on Premium product is highly misleading re iOS features, to put it generously.",769958,NortonSupport,Sat Oct 07 22:41:27 +0000 2017,@303861 Sorry you feel that way! You can see the featuring information  on the website as they are limited due to iOS security features. -Karthik,
769957,303861,Sat Oct 07 14:40:02 +0000 2017,@132897 Make it CLEAR on sales pg that Norton Security Premium DOES NOT support iOS tabs/phones w/ most features. Not even a footnote?,769959,NortonSupport,Sat Oct 07 14:50:27 +0000 2017,"@303861 Sorry about that! Currently, Norton mobile security for iPhone has anti-theft and Contact Backup feature only. It does not have (cont)",
769957,303861,Sat Oct 07 14:40:02 +0000 2017,@132897 Make it CLEAR on sales pg that Norton Security Premium DOES NOT support iOS tabs/phones w/ most features. Not even a footnote?,769955,NortonSupport,Sat Oct 07 14:50:50 +0000 2017,@303861 have anti-malware or anti-virus functionality at this time. -Steffi (cc: @132897),769956
770394,303976,Wed Oct 11 23:05:11 +0000 2017,@NortonSupport @132897 And your support staff accomplished nothing except wasting 30 minutes of my time.,770393,NortonSupport,Wed Oct 11 23:08:43 +0000 2017,@303976 Please share the case number of your contact with support. Let me go through the case notes -Anirban,
770394,303976,Wed Oct 11 23:05:11 +0000 2017,@NortonSupport @132897 And your support staff accomplished nothing except wasting 30 minutes of my time.,770395,NortonSupport,Sat Oct 14 23:44:42 +0000 2017,@303976 Hi there! Please let us know if you need any help with this. We can check this for you. -Karthik,1073105
770398,303976,Wed Oct 11 22:57:29 +0000 2017,@132897 Your customer support re: Norton Family is horrendous. This crap is impossible to uninstall &amp; I am FURIOUS!,770396,NortonSupport,Wed Oct 11 23:01:57 +0000 2017,"@303976 Hi, we are really sorry for the trouble. Please find uninstall instructions here https://t.co/p4OpxJtKvu -Anirban (cc: @132897)","770397,770394"
772705,304581,Thu Oct 12 00:46:42 +0000 2017,Received good service from @NortonSupport on my Modbuddy issue. Thank you Praveen!,772704,NortonSupport,Thu Oct 12 00:49:57 +0000 2017,@304581 Thanks for the shoutout! -Praveen,
772708,304581,Thu Oct 12 00:16:47 +0000 2017,@NortonSupport I don't have the Restore &amp; exclude this file or Restor options. It just tells me why it was removed.,772710,NortonSupport,Thu Oct 12 00:18:06 +0000 2017,"@304581 We need to get more info, can you please send us a direct message? -Praveen",
772709,304581,Thu Oct 12 00:02:01 +0000 2017,@NortonSupport @132897 @132897 Norton Internet Security.,772707,NortonSupport,Thu Oct 12 00:05:32 +0000 2017,@304581 Can you please follow the instructions here https://t.co/HfGUr8c65s and see if you can restore and exclude that file? -Praveen,772708
772712,304581,Wed Oct 11 23:54:35 +0000 2017,"@132897 SONAR removed xcom.modbuddy.exe (a harmless modding tool), while I was using it. Make sure that it DOESN'T or that he ASKS us.",772711,NortonSupport,Wed Oct 11 23:56:56 +0000 2017,@304581 Sorry for the trouble. May I know what Norton product are you running? -Praveen (cc: @132897),772709
774606,305057,Thu Oct 12 01:19:05 +0000 2017,ノートン消そうかな,774607,NortonSupport,Thu Oct 12 01:24:04 +0000 2017,"@305057 復元時にも、該当ファイルを次回以降のスキャンから除外する設定はできますが、
それでも削除される場合は、以下の設定をお試しいただけますでしょうか。
https://t.co/gomXNw0MUy",
774606,305057,Thu Oct 12 01:19:05 +0000 2017,ノートン消そうかな,774608,NortonSupport,Thu Oct 12 01:21:27 +0000 2017,"@305057 突然失礼いたします。
もし、ノートンが必要なファイルを誤検知により削除したということでしたら、
以下の方法で、履歴画面から復元していただけます。

誤ってセキュリティリスクであると識別されたファイルを復元する
https://t.co/sVjGvSHSIJ",
774606,305057,Thu Oct 12 01:19:05 +0000 2017,ノートン消そうかな,774605,NortonSupport,Thu Oct 12 01:24:43 +0000 2017,"@305057 「スキャンから除外」「自動保護、SONAR、ダウンロードインテリジェンスの検出から除外」
両方での設定をお願いいたします。-hide",
774610,305058,Wed Oct 11 20:27:41 +0000 2017,さっきからノートン先生にMediaInfoを消去されまくっててつらい……　それ正規……,774609,NortonSupport,Thu Oct 12 01:14:36 +0000 2017,"@305058 ノートンにファイルを削除された場合は、履歴画面から、以下の方法で復元していただけます。-hide

誤ってセキュリティリスクであると識別されたファイルを復元する
https://t.co/sVjGvSHSIJ",
774610,305058,Wed Oct 11 20:27:41 +0000 2017,さっきからノートン先生にMediaInfoを消去されまくっててつらい……　それ正規……,774611,NortonSupport,Thu Oct 12 01:13:01 +0000 2017,"@305058 ご不便をおかけしております。
以下の方法で、該当ファイルをスキャンから除外する設定をしていただけます。
https://t.co/gomXNw0MUy
「スキャンから除外」「自動保護、SONAR、ダウンロードインテリジェンスの検出から除外」両方での設定をお願いいたします。",
774613,305059,Wed Oct 11 14:36:02 +0000 2017,"ノートン先生が荒ぶったときの備忘録
・aviutlフォルダ内の【デフォルト.cfg、デフォルト.sav、Plugins/x264guiEx.auo】の３つを削除
・改めてx264guiEx_～をインストール
≫続く",774615,NortonSupport,Thu Oct 12 01:02:53 +0000 2017,"@305059 ご不便をおかけしております。
以下が、ノートンに削除されたファイルを復元する方法になります。

誤ってセキュリティリスクであると識別されたファイルを復元する
https://t.co/sVjGvSHSIJ",
774613,305059,Wed Oct 11 14:36:02 +0000 2017,"ノートン先生が荒ぶったときの備忘録
・aviutlフォルダ内の【デフォルト.cfg、デフォルト.sav、Plugins/x264guiEx.auo】の３つを削除
・改めてx264guiEx_～をインストール
≫続く",774614,NortonSupport,Thu Oct 12 01:06:10 +0000 2017,"@305059 復元の際にも、該当ファイルを次回以降のスキャンから除外する設定はできますが、
設定後もノートンに削除される場合は、以下の設定をお試しください。
https://t.co/gomXNw0MUy",
774613,305059,Wed Oct 11 14:36:02 +0000 2017,"ノートン先生が荒ぶったときの備忘録
・aviutlフォルダ内の【デフォルト.cfg、デフォルト.sav、Plugins/x264guiEx.auo】の３つを削除
・改めてx264guiEx_～をインストール
≫続く",774612,NortonSupport,Thu Oct 12 01:06:45 +0000 2017,@305059 「スキャンから除外」「自動保護、SONAR、ダウンロードインテリジェンスの検出から除外」両方での設定をお願いいたします。-hide,
774617,305060,Wed Oct 11 16:29:45 +0000 2017,ccminerが勝手にNortonに消されててガン萎え～,774616,NortonSupport,Thu Oct 12 01:08:00 +0000 2017,"@305060 突然失礼いたします。
ノートンに削除されたファイルは、以下の方法で復元できます。
その際、次回以降のスキャンから除外する設定もしていただけます。-hide

誤ってセキュリティリスクであると識別されたファイルを復元する
https://t.co/sVjGvSHSIJ",
774619,305061,Wed Oct 11 13:24:54 +0000 2017,Aviutlの拡張プラグインを、過保護なノートン先生がこまめに削除しちゃう…　(・△・｀),774618,NortonSupport,Thu Oct 12 01:01:18 +0000 2017,"@305061 突然失礼いたします。
ノートンに削除されたファイルは、履歴画面から復元できます。
その際、次回以降のスキャンから除外する設定もしていただけます。-hide

誤ってセキュリティリスクであると識別されたファイルを復元する
https://t.co/sVjGvSHSIJ",
780536,145639,Thu Oct 12 05:08:32 +0000 2017,"@NortonSupport hello, my subscription auto renews on December 3rd. Could you please tell me the price?",780535,NortonSupport,Thu Oct 12 05:17:46 +0000 2017,@145639 Thanks for your message! You'll receive an email from Norton with all the details 30 days prior to the charge. -Praveen,
782269,306736,Thu Oct 12 05:58:31 +0000 2017,ノートン馬鹿すぎるでしょ,782268,NortonSupport,Thu Oct 12 06:02:13 +0000 2017,"@306736 以下の方法で、特定のファイルをスキャン対象から除外できます。
https://t.co/gomXNw0MUy
「スキャンから除外」「自動保護、SONAR、ダウンロードインテリジェンスの検出から除外」両方での設定をお願いいたします。-hide",
786845,307706,Sat Oct 07 22:37:32 +0000 2017,@8501 Still can't add payment information to buy more licenses &amp; told we can't buy by phone. Really? Starting to look @ other solutions,786844,NortonSupport,Sat Oct 07 22:43:58 +0000 2017,@307706 Hi there! Could you please provide us the name of Norton product you're trying to purchase? -Karthik (cc: @8501),
793201,309141,Mon Oct 09 06:55:20 +0000 2017,@NortonSupport Okay thanks Steffi,793200,NortonSupport,Thu Oct 12 13:06:14 +0000 2017,@309141 Hello :) We are following up to check if you still need any help with Norton. -Harini,
793201,309141,Mon Oct 09 06:55:20 +0000 2017,@NortonSupport Okay thanks Steffi,793202,NortonSupport,Mon Oct 09 07:06:15 +0000 2017,@309141 You're welcome! -Prasanna,
793203,309141,Sun Oct 08 18:57:30 +0000 2017,@NortonSupport Wow! That's great. I have to decide. Though I am not a security expert. 😑😑😑,793204,NortonSupport,Sun Oct 08 19:14:27 +0000 2017,@309141 choose to trust if you know the app. -Steffi,
793203,309141,Sun Oct 08 18:57:30 +0000 2017,@NortonSupport Wow! That's great. I have to decide. Though I am not a security expert. 😑😑😑,793205,NortonSupport,Sun Oct 08 19:14:02 +0000 2017,"@309141 We understand your concern. Norton Mobile Security detects marks apps as privacy risk-based on its behavior. However, you can (cont)",
793207,309141,Sun Oct 08 18:54:48 +0000 2017,"@NortonSupport That's why I installed Norton security on my phone, so that Norton could tell me, which app is safe and which one is not. It's Norton's job.",793206,NortonSupport,Sun Oct 08 18:55:27 +0000 2017,"@309141 If you want to trust the app that is marked as Privacy risk and continue using it, add it to the Trusted list or you can uninstall. -Steff",793203
793210,309141,Sun Oct 08 16:47:11 +0000 2017,"@NortonSupport Hi,What should I do?Can I uninstall this app?It's looks like risky!But,we know Fb is very famous.Then why their app is risky? https://t.co/RMlBQ91oXH",793208,NortonSupport,Sun Oct 08 17:01:16 +0000 2017,@309141 Sorry for the trouble. Could you please try the steps from this link: https://t.co/7X6S7SYzSw and let us know if that helps. -Steffi,"793207,793209"
818821,315057,Thu Oct 12 21:24:21 +0000 2017,"@NortonSupport No error messages. It was after the ios11 update, I logged in and found everything had disappeared",818820,NortonSupport,Thu Oct 12 21:27:24 +0000 2017,@315057 Could you please try signing this from here https://t.co/XzY0Ul0uHv and let us know about the status. -Karthik,
818823,315057,Thu Oct 12 19:46:07 +0000 2017,"@NortonSupport My app has deleted all my logins, passwords and payment methods. So safe even I can’t access some of my accounts now 👍",818822,NortonSupport,Thu Oct 12 20:04:06 +0000 2017,"@315057 Strange, that shouldn't be happening! Did you receive any error message? Did you try accessing this from any other devices? -Karthik",818821
831042,317898,Fri Oct 13 03:26:57 +0000 2017,"@NortonSupport 「スキャンから除外」の設定のみ行っておりました。失礼しました。
過日、そちらの両方の設定で試してみます。
丁寧にありがとうございます。",831041,NortonSupport,Fri Oct 13 03:28:41 +0000 2017,"@317898 ご連絡、ありがとうございます。
もしうまくいかない場合は、お気軽にお問い合わせください。",
831044,317898,Fri Oct 13 03:17:34 +0000 2017,"@NortonSupport はい。

1、対象のファイルに除外設定をかけたが削除された。
2、ファイルを復元し、今度は対象のファイル及びそれが入っているフォルダの両方に除外設定をしたが削除された。

というような状況になっております。",831045,NortonSupport,Fri Oct 13 03:22:56 +0000 2017,"@317898 もし、両方の項目で除外の設定をしたのに相変わらず削除される、
ということでしたら、こちらをお試しいただけますでしょうか。

ファイルやプログラムをスキャン対象から除外した後も、ノートンが脅威として検出する
https://t.co/7PIfgJwFAX",
831044,317898,Fri Oct 13 03:17:34 +0000 2017,"@NortonSupport はい。

1、対象のファイルに除外設定をかけたが削除された。
2、ファイルを復元し、今度は対象のファイル及びそれが入っているフォルダの両方に除外設定をしたが削除された。

というような状況になっております。",831043,NortonSupport,Fri Oct 13 03:20:41 +0000 2017,"@317898 ご連絡、ありがとうございます。
除外設定は、「スキャンから除外」「自動保護、SONAR、ダウンロードインテリジェンスの検出から除外」
両方で設定いただきましたでしょうか。",831042
831047,317898,Thu Oct 12 10:55:36 +0000 2017,"Nortonさんの方法使っても駄目でした！！
もぅまぢむり…
Dドライブにインスコしたのが何か悪いんかな…",831046,NortonSupport,Fri Oct 13 03:07:18 +0000 2017,"@317898 たびたび失礼いたします。
復元したファイルが、除外設定をしたのに、ふたたびノートンに削除された、ということでしょうか。-hide",831044
831049,317899,Thu Oct 12 13:33:49 +0000 2017,つまり、プログラミングする人はNortonは入れないほうがいいのね,831048,NortonSupport,Fri Oct 13 03:18:11 +0000 2017,"@317899 突然失礼いたします。
ノートンに消されたファイルは、履歴画面から復元できます。
消されたファイルを、次回以降のスキャンから除外する設定も可能です。-hide",
843742,320619,Tue Oct 17 13:46:22 +0000 2017,"@NortonSupport I play GTA 5 on the PC and run some mods. Norton deemed some as a danger, I set to allow but still they get removed. Tried many times.",843741,NortonSupport,Fri Oct 20 13:55:04 +0000 2017,@320619 Hi Garry! Did you get a chance to report it? Feel free to reach us out if you need any further help with this. - Charlie,
843742,320619,Tue Oct 17 13:46:22 +0000 2017,"@NortonSupport I play GTA 5 on the PC and run some mods. Norton deemed some as a danger, I set to allow but still they get removed. Tried many times.",843743,NortonSupport,Tue Oct 17 13:50:10 +0000 2017,"@320619 Sorry to hear that! If you suspect this as a false positive, please report it here https://t.co/26M7IRm4Cw. We can check. -Steffi

.",
843745,320619,Tue Oct 17 13:22:13 +0000 2017,"@NortonSupport Found Norton killed files even after I set to ignore or restore, really frustrating, support sux, back to Windows Defender.",843744,NortonSupport,Tue Oct 17 13:26:44 +0000 2017,@320619 Sorry about that! We would like to collect some details. Could you please send us a DM? - Steffi,843742
843747,320620,Fri Oct 20 13:46:58 +0000 2017,@132897 why does norton take so long to do a quick scan??,843746,NortonSupport,Fri Oct 20 13:54:12 +0000 2017,@320620 Hi Clarke! How long the quick scan is running? Please send us a DM with details. We can check. - Charlie (cc: @132897),
851060,322174,Fri Oct 20 13:42:22 +0000 2017,"@NortonSupport I subscribe to Norton 360 Premium. You say it is 'All in One' security, so why is Norton WIFI Security not included please?",851059,NortonSupport,Fri Oct 20 14:24:31 +0000 2017,@322174 (Cont..) on public network. Where as Norton 360 will protect your device from malicious contents. - Charlie,
851060,322174,Fri Oct 20 13:42:22 +0000 2017,"@NortonSupport I subscribe to Norton 360 Premium. You say it is 'All in One' security, so why is Norton WIFI Security not included please?",851061,NortonSupport,Fri Oct 20 14:23:26 +0000 2017,@322174 Norton 360 and Norton Wifi Privacy has different functionality. Wifi Privacy will encrypt the data that you send/receive when you are(cont.),
865183,325489,Sat Oct 21 01:42:29 +0000 2017,"@NortonSupport Full scan took 8 hours 20m.  Scanned a 2 TB C: drive &amp;  4 TB  external HD.
It found zero tracking cookies. https://t.co/H0unVZpCbt",865185,NortonSupport,Sat Oct 21 01:54:39 +0000 2017,@325489 Sorry that it took all the time. This shouldn't happen. May I know the version of your Norton Security? -Prasanna,865186
865184,325489,Fri Oct 20 17:19:44 +0000 2017,"@NortonSupport Thanks for wasting my time. I'll run it, but you should know how to trouble shoot your own program. Shouldn't have to do that for cookies.",865182,NortonSupport,Fri Oct 20 17:34:36 +0000 2017,@325489 (Cont..) when the scan is done. We will look into this. - Charlie,865183
865184,325489,Fri Oct 20 17:19:44 +0000 2017,"@NortonSupport Thanks for wasting my time. I'll run it, but you should know how to trouble shoot your own program. Shouldn't have to do that for cookies.",865198,NortonSupport,Fri Oct 20 17:34:00 +0000 2017,"@325489 I apologize for the time taking to get this check.  To understand this issue better, we need to try few work arounds. Let us know (cont..)",
865186,325489,Sat Oct 21 02:06:56 +0000 2017,@NortonSupport 22.11.0.41    Got it   9/4/17. Have to download new version once a year.,865187,NortonSupport,Sat Oct 21 02:22:30 +0000 2017,@325489 Thank you! You just need to run a Live Update to get a new version of Norton. This happens automatically with your Norton. -Prasanna,"865188,865189"
865188,325489,Sat Oct 21 02:40:51 +0000 2017,@NortonSupport I guess I should start looking for a new anti-virus product.,865190,NortonSupport,Sat Oct 21 02:44:40 +0000 2017,"@325489 Sorry for any misunderstanding, Ryk. We meant to says that the new version is updated through a Live Update. (1/2)",
865188,325489,Sat Oct 21 02:40:51 +0000 2017,@NortonSupport I guess I should start looking for a new anti-virus product.,865191,NortonSupport,Sat Oct 21 02:46:01 +0000 2017,"@325489 Regarding cookies, we're checking this with our resources here to check this further. We'll get back to you once we've an update. -Prasanna","865192,865193"
865193,325489,Sat Oct 21 02:48:26 +0000 2017,"@NortonSupport Remember this?   ""If the full system scan does not detect anything. We can escalate to our engineering team for further analysis. -Dinesh""",865194,NortonSupport,Sat Oct 21 02:50:45 +0000 2017,"@325489 As discussed, we've forwarded the details to the concerned team here. We'll get back to you once we've an update from them -Prasanna",865195
865195,325489,Sat Oct 21 02:53:48 +0000 2017,"@NortonSupport Okay. Have had Norton for years, this is the first time I've had a tech problem with it.",865196,NortonSupport,Sat Oct 21 02:55:41 +0000 2017,@325489 We certainly understand how frustrated you're. We'll follow up in person once we receive an update from the engineering team. -Prasanna,
865195,325489,Sat Oct 21 02:53:48 +0000 2017,"@NortonSupport Okay. Have had Norton for years, this is the first time I've had a tech problem with it.",865197,NortonSupport,Sat Oct 21 20:20:18 +0000 2017,"@325489 Thank you for your time.To narrow down to issue, we would like to collect few details. Please send us a DM here. - Charlie https://t.co/K1tHrA9w85",
865200,325489,Fri Oct 20 16:55:30 +0000 2017,@NortonSupport  https://t.co/vc1XG5ulWe,865199,NortonSupport,Fri Oct 20 17:17:26 +0000 2017,@325489 If the full system scan does not detect anything. We can escalate to our engineering team for further analysis. -Dinesh,865184
865203,325489,Fri Oct 20 16:44:45 +0000 2017,@NortonSupport  https://t.co/pa5m58Hc1F,865202,NortonSupport,Fri Oct 20 16:47:34 +0000 2017,@325489 Could you go ahead and run a Full System Scan manually? Let me know if tracking cookies are detected and removed -Dinesh,865201
865206,325489,Fri Oct 20 16:22:16 +0000 2017,"@NortonSupport In my history, Virus Scanner has removed tracking cookies only twice last 20 days 10/1 - 10/20. Last time was 12 days ago. This isn't right.",865205,NortonSupport,Fri Oct 20 16:35:17 +0000 2017,@325489 Please navigate to Settings &gt; Antivirus &gt; Scans &amp; Risks and make sure Tracking Cookies scan is not set to Ignore. -Dinesh,865204
865208,325489,Thu Oct 19 12:52:29 +0000 2017,"My new Norton rarely finds tracking cookies. Despite their tech support saying ""don't worry about it, everything's fine"", I'm not so sure.",865207,NortonSupport,Thu Oct 19 13:04:57 +0000 2017,@325489 Sorry you feel that way! Did you get a chance to review Norton Security history for confirmation? - Charlie,865206
87569,135193,Thu Nov 30 13:35:51 +0000 2017,@132897 thank you for outstanding customer service on my #NortonCore security router BTW my score is 500 ! https://t.co/ngTtGtF1gT,87567,NortonSupport,Thu Nov 30 14:33:29 +0000 2017,@135193 Thank you for the shout out. We are elated to hear that you had a great experience with our support team. It’s feedback such as yours that motivates us to achieve higher levels of service. -Karthik (cc: @132897),87568
878410,328538,Fri Oct 20 18:22:27 +0000 2017,"@NortonSupport @132897 Hi, cannot senden a DM. Got only Error from Windows Update. MS Support States IT IS caused by wrote permisson blocking

 only Error message",878409,NortonSupport,Fri Oct 20 18:40:18 +0000 2017,@328538 Did you try running the updates again? You can send us a DM from here. - Charlie https://t.co/K1tHrA9w85,
878412,328538,Fri Oct 20 16:43:36 +0000 2017,"@132897 Hi, looks like the Norton AV blocks the windows fall creators update. Any information about problems with Windows 1709 update?",878411,NortonSupport,Fri Oct 20 16:48:03 +0000 2017,@328538 Sorry about that! Are you getting any error message from Norton? Please send us a DM with details. We can check.-Charlie(cc: @132897),878410
887620,330748,Fri Oct 06 14:11:15 +0000 2017,"天空璋のアプリケーションファイルセキュリティソフトに抹消された…ｗｗ
ノートン許すまじ",887619,NortonSupport,Tue Oct 10 01:39:52 +0000 2017,"@330748 ノートンに削除されたファイルは、以下の方法で復元できます。
その際、次回以降のスキャンから除外する設定もしていただけます。-hide

誤ってセキュリティリスクであると識別されたファイルを復元する
https://t.co/sVjGvSHSIJ",
887622,330749,Fri Oct 06 12:59:53 +0000 2017,ノートン先生にエロゲを削除された…,887621,NortonSupport,Tue Oct 10 01:36:26 +0000 2017,"@330749 ノートンに削除されたファイルは、以下の方法で復元できます。
その際、次回以降のスキャンから除外する設定もしていただけます。

誤ってセキュリティリスクであると識別されたファイルを復元する
https://t.co/sVjGvSHSIJ",
887624,330750,Mon Oct 09 13:56:55 +0000 2017,インスト終わってもexe消されそう…おとなしくしてて下さいノートン先生,887623,NortonSupport,Tue Oct 10 01:33:05 +0000 2017,"@330750 ノートンに削除されたファイルは、以下の方法で復元していただけます。-hide

誤ってセキュリティリスクであると識別されたファイルを復元する
https://t.co/sVjGvSHSIJ",
887624,330750,Mon Oct 09 13:56:55 +0000 2017,インスト終わってもexe消されそう…おとなしくしてて下さいノートン先生,887625,NortonSupport,Tue Oct 10 01:31:58 +0000 2017,"@330750 ご不便をおかけしております。以下の設定で、特定のファイルをノートンのスキャン対象から除外していただけます。
https://t.co/gomXNw0MUy
スキャンから除外する項目、自動保護、SONAR、ダウンロードインテリジェンスの検出から除外する項目、両方を設定してください。",
889400,331159,Sat Oct 07 09:15:35 +0000 2017,ノートンくん先生がさっきからダウンロードしたいファイル削除しまくっててクソ,889399,NortonSupport,Tue Oct 10 02:35:31 +0000 2017,"@331159 突然失礼いたします。
ノートンが削除したファイルは、履歴画面から復元できます。
その際、次回以降のスキャンから除外する設定もしていただけます。

誤ってセキュリティリスクであると識別されたファイルを復元する
https://t.co/sVjGvSHSIJ",
892665,331958,Mon Oct 09 05:37:49 +0000 2017,"なんで、ノートン人がビジュアルスタジオでビルドしたやつ消そうとするんだよ
プログラム起動出来ねぇじゃねえか",892664,NortonSupport,Tue Oct 10 04:43:59 +0000 2017,"@331958 ご不便をおかけしております。
ノートンに削除されたファイルは、以下の方法で、履歴画面から復元していただけます。-hide

誤ってセキュリティリスクであると識別されたファイルを復元する
https://t.co/sVjGvSHSIJ",
892667,331959,Sun Oct 08 23:35:42 +0000 2017,ノートンもう二度とつかわないかもしれんわ・・こっちが解ってて入れてんのに、ソフト側でこっちの承諾なくアプリ削除しやがるのは本当にくそ,892666,NortonSupport,Tue Oct 10 04:36:36 +0000 2017,"@331959 除外設定の方法はこちらになります。
https://t.co/gomXNw0MUy
「スキャンから除外」「自動保護、SONAR、ダウンロードインテリジェンスの検出から除外」両方での設定をお願いいたします。-hide",
892667,331959,Sun Oct 08 23:35:42 +0000 2017,ノートンもう二度とつかわないかもしれんわ・・こっちが解ってて入れてんのに、ソフト側でこっちの承諾なくアプリ削除しやがるのは本当にくそ,892668,NortonSupport,Tue Oct 10 04:35:18 +0000 2017,"@331959 ご不便をおかけしております。
該当ファイルの復元、および除外設定で対応していただけますでしょうか。

誤ってセキュリティリスクであると識別されたファイルを復元する
https://t.co/sVjGvSHSIJ",
892670,331960,Sat Oct 07 16:09:35 +0000 2017,ノートン外してハルキス再インストールしてノートン復活させたら、ノートンがハルキスを削除したから間違いなくこいつだわ,892671,NortonSupport,Tue Oct 10 04:03:59 +0000 2017,"@331960 突然失礼いたします。
以下の設定で、特定のファイルを、ノートンのスキャン対象から除外していただけます。
https://t.co/gomXNw0MUy
「スキャンから除外」「自動保護、SONAR、ダウンロードインテリジェンスの検出から除外」両方で設定してください。",
892670,331960,Sat Oct 07 16:09:35 +0000 2017,ノートン外してハルキス再インストールしてノートン復活させたら、ノートンがハルキスを削除したから間違いなくこいつだわ,892669,NortonSupport,Tue Oct 10 04:04:57 +0000 2017,"@331960 ノートンに削除されたファイルは、履歴から、以下の方法で復元していただけます。-hide

誤ってセキュリティリスクであると識別されたファイルを復元する
https://t.co/sVjGvSHSIJ",
899426,146661,Tue Oct 10 09:03:47 +0000 2017,NortonはFirefox向けSecurity Toolbarを更新するつもりが無いのか？,899427,NortonSupport,Tue Oct 10 09:28:59 +0000 2017,"@146661 こちらに回答いたします。
Firefox 57.0でNorton Security Toolbarがデフォルトで無効に設定されるということですが、
Firefox側の設定で有効にすることは可能でしょうか。",
899426,146661,Tue Oct 10 09:03:47 +0000 2017,NortonはFirefox向けSecurity Toolbarを更新するつもりが無いのか？,899424,NortonSupport,Tue Oct 10 09:29:23 +0000 2017,"@146661 動作自体は最近版のFirefoxに対応している(はずです)ので、
もし、有効にできない、有効にしてもツールバーが使えない、ということでしたら
ご連絡いただけますでしょうか。",899425
914714,337217,Sat Oct 21 08:02:36 +0000 2017,"Norton Security yesterday removed thousands of JavaScript files from my React and other web projects as Suspicious.Epi.4. Thanks, Norton 😡",914713,NortonSupport,Sat Oct 21 08:09:58 +0000 2017,@337217 Sorry for the trouble. Could you tell us what is the name and version of Norton program you are using? We will help! -Harini,
917471,337820,Sat Oct 21 09:46:00 +0000 2017,"@8501 #symantec #onlinefraud

Bad grammar often helps identify fraudsters...

'to each of device...'?

Is this a scam? https://t.co/wGj1R1gM4o",917470,NortonSupport,Sat Oct 21 09:51:42 +0000 2017,"@337820 Hi, could you share the complete web link to look in to this further? -raj (cc: @8501)",
917473,337821,Sat Oct 21 09:29:07 +0000 2017,Thank you Raj. Let’s hope they discount the 2 year by 50% as well. Appreciate help @21694 https://t.co/8gbxZhwz8h,917472,NortonSupport,Sat Oct 21 09:30:10 +0000 2017,@337821 You are welcome. :) Have a great day! -raj,
917475,337821,Sat Oct 21 09:17:46 +0000 2017,Thanks reply Raj but that was the point I was making. No incentive to sign up for 2 years. Discounts given makes 1 year cheaper @21694 💻 https://t.co/D6zbSPTBbE,917474,NortonSupport,Sat Oct 21 09:24:21 +0000 2017,"@337821 We do understand, we will report this to the concerned team. Do let me know if you need any help with the purchase. :) -raj",
920818,338579,Fri Oct 13 20:16:16 +0000 2017,@NortonSupport nope but thank you!,920817,NortonSupport,Fri Oct 13 20:18:51 +0000 2017,@338579 You are welcome! -Karthik,
920820,338579,Fri Oct 13 20:08:19 +0000 2017,wait.....what iS NIALL ON NORTON TONIGHT??? HOW DID I NOT KNOW THIS WHY DO MY UPDATE ACCOUNTS SUCK,920819,NortonSupport,Fri Oct 13 20:15:17 +0000 2017,@338579 Hi there! Do you need any help with your Norton products? -Karthik,920818
923585,339185,Sat Oct 21 13:12:59 +0000 2017,"@NortonSupport @132897 My subscription (which was $20) is supposed to end next month, but I was charged $70 last night.",923584,NortonSupport,Sat Oct 21 13:15:09 +0000 2017,"@339185 Strange! Could you send us a DM with the details, I can check this for you. -raj https://t.co/K1tHrA9w85",
923587,339185,Sat Oct 21 12:52:53 +0000 2017,@132897 fuck your blindside ass recurring payments,923586,NortonSupport,Sat Oct 21 12:59:31 +0000 2017,@339185 Sorry about the trouble Nessa. We would like to help. Could you let us know more about the charge? -raj (cc: @132897),923585
923614,339188,Sat Oct 21 12:54:53 +0000 2017,Seriously @132897 this is the quick scan?,923613,NortonSupport,Sat Oct 21 13:00:43 +0000 2017,"@339188 Sorry, may I know what happened? What version of Norton you run? Let us know, we can help. -raj (cc: @132897)",
923616,339189,Wed Oct 18 05:17:11 +0000 2017,"@NortonSupport @132897 Already chatting with an agent, thank you. Shouldn't have to do it though",923617,NortonSupport,Wed Oct 18 05:19:57 +0000 2017,@339189 We do apologize for the inconvenience. You can reach out to us anytime if you need any help with Norton again. -Praveen,
923616,339189,Wed Oct 18 05:17:11 +0000 2017,"@NortonSupport @132897 Already chatting with an agent, thank you. Shouldn't have to do it though",923615,NortonSupport,Sat Oct 21 12:54:37 +0000 2017,@339189 Hello! Just following up to check if you still need any help with Norton. -Harini,
923619,339189,Wed Oct 18 05:08:07 +0000 2017,@132897 Was trying to cancel a Norton subscription for a customer and the Next button is grayed out! Really shady tactics...,923618,NortonSupport,Wed Oct 18 05:10:27 +0000 2017,"@339189 Sorry for the trouble. Can you please send us a direct message, we'll help you. -Praveen (cc: @132897)",923616
933169,333073,Sat Oct 21 12:44:55 +0000 2017,@NortonSupport Can you tell me why I cannot delete the other computer on my account,933175,NortonSupport,Sat Oct 21 15:09:10 +0000 2017,@333073 I apologize the delay in getting back. I have replied to your DM. - Charlie,933176
933174,333073,Sat Oct 21 11:45:51 +0000 2017,@NortonSupport I do not understand what information do you want,933168,NortonSupport,Sat Oct 21 11:49:06 +0000 2017,@333073 (cont..) Please send us a DM we can help you with this. - Charlie,"933169,933170,933171,933172,933173"
933174,333073,Sat Oct 21 11:45:51 +0000 2017,@NortonSupport I do not understand what information do you want,933177,NortonSupport,Sat Oct 21 11:48:27 +0000 2017,"@333073 For better understanding of this issue, we need the screenshot and we will have to discuss about the device information (Cont..) https://t.co/K1tHrA9w85",
933179,333073,Sat Oct 21 11:36:11 +0000 2017,@NortonSupport Yes easily but then things get very confusing as nothing seems to work,933178,NortonSupport,Sat Oct 21 11:42:59 +0000 2017,@333073 I am really sorry that you are going through this.We would like to collect more details about your subscription.Please send us a DM.-Charlie https://t.co/K1tHrA9w85,933174
933181,333073,Sat Oct 21 11:32:42 +0000 2017,@NortonSupport Can you please confirm you will not enter my device remotely,933180,NortonSupport,Sat Oct 21 11:35:25 +0000 2017,"@333073 Not to worry, we cannot have access to any of your device. Are you able to login to your Norton account? -raj",933179
933185,333073,Sat Oct 21 11:27:17 +0000 2017,@NortonSupport Can you please confirm you will not try to access my device remotely,933182,NortonSupport,Sat Oct 21 11:28:45 +0000 2017,@333073 Sorry about the confusion. Did you contacted our support through phone/chat? -raj,"933181,933183,933184"
933190,333073,Sat Oct 21 11:13:36 +0000 2017,@NortonSupport the hacked norton which I cannot get into,933186,NortonSupport,Sat Oct 21 11:19:19 +0000 2017,@333073 Sorry about this Lydia! May I know the exact error message that you see while trying to reinstall your Norton? I can check this for you.-raj,"933185,933187,933188,933189"
933371,341391,Fri Oct 13 21:32:07 +0000 2017,@NortonSupport just to say THANK YOU to all who have helped with my problem this past week x,933370,NortonSupport,Fri Oct 13 21:39:33 +0000 2017,"@341391 Honestly, it's our pleasure assisting you! If you need any help with Norton, we are just a tweet away! :) -Karthik",
963649,348716,Sat Oct 21 22:48:56 +0000 2017,@NortonSupport Vulnerability Blocking errors show up constantly when you try and add music libraries.  No help from Norton as tech support chat is too busy,963652,NortonSupport,Wed Oct 25 02:36:13 +0000 2017,@348716 Hi there! Do you still see this notification that you are referring to? -Karthik,
963649,348716,Sat Oct 21 22:48:56 +0000 2017,@NortonSupport Vulnerability Blocking errors show up constantly when you try and add music libraries.  No help from Norton as tech support chat is too busy,963651,NortonSupport,Sat Oct 21 22:50:49 +0000 2017,@348716 There might be something wrong! Could you share a screenshot of this error message that we can look into? -Karthik,
963650,348716,Sat Oct 21 22:40:10 +0000 2017,@NortonSupport - How do we make Norton Internet Security for Mac compatible with SONOS?  NIS prevents adding music libraries to SONOS!,963648,NortonSupport,Sat Oct 21 22:44:41 +0000 2017,"@348716 Sorry for the trouble! Strange, did you encounter any message or a notification from Norton about this incident? -Karthik",963649
973445,350869,Thu Oct 19 06:14:23 +0000 2017,"Even when I excluded the program, it keeps on deleteng it so I had to disable norton for a while so I can just install it.",973446,NortonSupport,Thu Oct 19 06:20:28 +0000 2017,@350869 Sorry again. Could you please send us a DM? We will help you with this! -Harini https://t.co/K1tHrA9w85,
973445,350869,Thu Oct 19 06:14:23 +0000 2017,"Even when I excluded the program, it keeps on deleteng it so I had to disable norton for a while so I can just install it.",973444,NortonSupport,Sun Oct 22 08:21:40 +0000 2017,@350869 Hi! We are following up to check if you still need any help with Norton. -Harini,
973447,350869,Thu Oct 19 06:01:18 +0000 2017,"Norton, I don't need to get out of my way so I can install a legal program that I bought.  Update your damn threat definition!",973448,NortonSupport,Thu Oct 19 06:09:56 +0000 2017,@350869 Sorry for the trouble. Are you facing any issues with your Norton program? We can help! -Harini :),
976525,351613,Wed Oct 11 18:36:57 +0000 2017,@132897 your id safe app on iPhone has stopped working. Updated to new version running ios11. Try loggin in get this screen https://t.co/Ifvx1NfE5j,976524,NortonSupport,Wed Oct 11 18:48:42 +0000 2017,@351613 We are sorry for the trouble. Please DM us. We would like to collect more details -Anirban https://t.co/K1tHrA9w85,
977636,351873,Sat Nov 25 17:11:25 +0000 2017,"@NortonSupport It’s been and gone, I’m afraid Karthik - I cancelled it to avoid any interference with the setup.",977638,NortonSupport,Sat Nov 25 17:22:08 +0000 2017,"@351873 No problem! Let us know if you need any help, we will definitely address your concerns. -Karthik",
977637,351873,Sat Nov 25 17:06:20 +0000 2017,"Setting up my wife’s new laptop and Norton has just popped up to run a scan IN THE MIDDLE OF THE FIRST-TIME SETUP.

GET IN THE SEEEEEEEAAAAAA!",977635,NortonSupport,Sat Nov 25 17:09:47 +0000 2017,@351873 Could you please share a screenshot of that notification? We can check. -Karthik,977636
977640,351874,Sat Nov 25 16:05:09 +0000 2017,"@21694 I'm having problems signing into y account and id safe , norton are sending verification codes but I haven't received any",977639,NortonSupport,Sat Nov 25 16:12:53 +0000 2017,"@351874 Sorry about that, Kevin! I hope you have registered Two-Factor Authentication for your account. Could you share a screenshot of that notification? -Karthik (cc: @21694)",
977642,351875,Sat Nov 25 15:14:03 +0000 2017,@351876 @132897 @43147 My elderly parents have been charged 2 months in a row for an annual renewal. Impossible to get someone to talk to. Can you refund the charge please?,977641,NortonSupport,Sat Nov 25 15:32:11 +0000 2017,@351875 Sorry for the trouble! There must be multiple subscriptions enrolled with their account. Could you please send us a DM with their account details? We will check this for you. -Karthik (cc: @132897),
985403,353553,Sun Oct 22 09:50:40 +0000 2017,@132897 Yes and on top of our subscription you now want more money-don't think so,985402,NortonSupport,Sun Oct 22 10:00:16 +0000 2017,@353553 Sorry for the trouble. Could you explain what exactly happened? We can help! -Harini (cc: @132897),
985405,771944,Tue Nov 21 03:36:27 +0000 2017,"@132897 Care to explain why my home wifi is SO MUCH SLOWER when using Wifi-Privacy than not using it? Seems like I'm getting ripped off. 7 Mbps DN/17 Mbps UP with Wifi-Privacy, 58 Mbps DN/64 Mbps UP without. Massive difference. Explain? https://t.co/Yd0Dcl5P5w",2758610,NortonSupport,Tue Nov 21 03:51:36 +0000 2017,"@771944 Sorry for the trouble. There shouldn't be a lot of difference in the speed. May I have the version of your Norton WiFi Privacy? Also, the name/verison the operating system you're running. -Prasanna",2758611
988253,354147,Sun Oct 22 14:22:54 +0000 2017,@NortonSupport No thanks. Everything's fine. I just wanted to check the email I received was not a scam.,988255,NortonSupport,Sun Oct 22 14:24:49 +0000 2017,@354147 Glad to hear :) Tweet us if you need any help with Norton in the future! -Harini,988256
988254,354147,Thu Oct 19 11:39:23 +0000 2017,"@NortonSupport Sorry I made a mistake. The sender's email address should read:__email__Is this one genuine?",988252,NortonSupport,Sun Oct 22 12:11:24 +0000 2017,@354147 Hello! We are following up to check if you still need any help with Norton. -Harini,988253
988254,354147,Thu Oct 19 11:39:23 +0000 2017,"@NortonSupport Sorry I made a mistake. The sender's email address should read:__email__Is this one genuine?",988258,NortonSupport,Thu Oct 19 11:41:32 +0000 2017,"@354147 Hi! Yes, this one is a genuine Norton email address. You can also check out https://t.co/0v4eEjM4Or to confirm this. -Harini :)",
988256,354147,Sun Oct 22 14:26:59 +0000 2017,@NortonSupport Thanks. Will do.,988257,NortonSupport,Sun Oct 22 14:29:19 +0000 2017,@354147 :) -Harini,
988260,354147,Thu Oct 19 11:32:36 +0000 2017,"@NortonSupport  The sender's email address is:__email__Is this genuine?",988259,NortonSupport,Thu Oct 19 11:35:01 +0000 2017,"@354147 Yes, this is a genuine Norton email address. -Harini",988254
988263,354147,Thu Oct 19 09:06:51 +0000 2017,@NortonSupport I've received email warning about a threat from KRACK to Wi-Fi systems. Norton offers protection for a fee. Is this a Scam?,988262,NortonSupport,Thu Oct 19 09:11:56 +0000 2017,@354147 Hi! Could you please provide the sender's email address? We will check and get back to you on that. -Harini,988260
988278,354149,Sun Oct 22 13:33:18 +0000 2017,"@NortonSupport Help, no. Unless you can explain what all the fancy graphics are for - if not to amuse users!",988280,NortonSupport,Sun Oct 22 13:40:55 +0000 2017,@354149 at https://t.co/eZ0xG5cg9B . -Harini,
988278,354149,Sun Oct 22 13:33:18 +0000 2017,"@NortonSupport Help, no. Unless you can explain what all the fancy graphics are for - if not to amuse users!",988281,NortonSupport,Sun Oct 22 13:40:46 +0000 2017,@354149 The design is just to encourage the users help keep their device performing well. Feel free to share your feedback (Cont),988282
988279,354149,Thu Oct 19 10:33:07 +0000 2017,@NortonSupport Text would give info without fancy graphics which just make users think something more is happening when in fact it's not.,988277,NortonSupport,Sun Oct 22 12:10:50 +0000 2017,@354149 Hi Annie! Just checking to see if you still need any help with Norton. -Harini,988278
988279,354149,Thu Oct 19 10:33:07 +0000 2017,@NortonSupport Text would give info without fancy graphics which just make users think something more is happening when in fact it's not.,988285,NortonSupport,Thu Oct 19 10:35:48 +0000 2017,@354149 Thank you for letting us know. Tweet us if you need any help with Norton :) -Harini,
988282,354149,Sun Oct 22 14:49:57 +0000 2017,@NortonSupport Pointless &amp; confusing. This ends here!,988283,NortonSupport,Sun Oct 22 14:53:56 +0000 2017,@354149 (Cont..) Do let us know if you need any further help with this. - Charlie,
988282,354149,Sun Oct 22 14:49:57 +0000 2017,@NortonSupport Pointless &amp; confusing. This ends here!,988284,NortonSupport,Sun Oct 22 14:53:36 +0000 2017,@354149 Sorry you feel this way. Your feedback is really important to us and we will share this with concerned to review. (Cont..),
988287,354149,Thu Oct 19 10:20:11 +0000 2017,"@NortonSupport Ah, then like I said, fancy but useless.",988286,NortonSupport,Thu Oct 19 10:29:10 +0000 2017,@354149 Could you please elaborate on why you think so? We will be able to share this to the concerned team. -Harini,988279
988289,354149,Thu Oct 19 09:58:17 +0000 2017,"@NortonSupport You clearly missed the question. I know what the app is, I asked what that screen is about. It does NOTHING so what use is it?",988288,NortonSupport,Thu Oct 19 10:12:55 +0000 2017,@354149 This screen only gives you the information on how much clean up was performed. -Harini,988287
988291,354149,Thu Oct 19 09:27:55 +0000 2017,.@NortonSupport Quite fancy screen but what does it actually DO? Seems like nothing more than an advert. https://t.co/CgHPqKV2Tv,988292,NortonSupport,Thu Oct 19 09:36:23 +0000 2017,@354149 Let us know if you need any help with it! -Harini :),
988291,354149,Thu Oct 19 09:27:55 +0000 2017,.@NortonSupport Quite fancy screen but what does it actually DO? Seems like nothing more than an advert. https://t.co/CgHPqKV2Tv,988290,NortonSupport,Thu Oct 19 09:36:14 +0000 2017,"@354149 Hi Annie. Norton Clean is a free app designed to clean junk, removing residual files, and optimizing device memory. (Cont)",988289
988294,354150,Thu Oct 19 11:18:56 +0000 2017,@NortonSupport any UK numbers to call?,988295,NortonSupport,Thu Oct 19 11:21:18 +0000 2017,@354150 The link we shared will provide the Norton support phone number for your region. -Harini,
988294,354150,Thu Oct 19 11:18:56 +0000 2017,@NortonSupport any UK numbers to call?,988293,NortonSupport,Sun Oct 22 12:10:10 +0000 2017,@354150 Hi Paul! Just following up to check if you were able to get in touch with our support. -Harini,
988297,354150,Thu Oct 19 11:13:40 +0000 2017,Any PC bods out there? Friend's PC further to downloading Norton anti-virus is now not loading Internet Explorer or Chrome - any ideas?,988296,NortonSupport,Thu Oct 19 11:17:23 +0000 2017,@354150 Hi! Please let your friend know that we are available on Twitter to help or they can call our support at https://t.co/FkzNsZSkXX . -Harini,988294
988299,354151,Sun Oct 22 11:47:19 +0000 2017,"Spent 30 mins to cancel automatic subscription using this unhelpful no. 0800 096 4909, been paying for years without use @NortonSupport",988298,NortonSupport,Sun Oct 22 11:54:57 +0000 2017,"@354151 Sorry for this inconvenience caused! Please send us a DM, we will help you with this charge. -Harini https://t.co/K1tHrA9w85",
991957,317898,Wed Oct 11 12:56:21 +0000 2017,市販のNortonにDies Aaが消された回数、35億。,991958,NortonSupport,Thu Oct 12 00:27:18 +0000 2017,"@317898 ご不便をおかけしております。
以下の方法で、該当ファイルを、ノートンのスキャン対象から除外していただけます。
https://t.co/gomXNvJc30
「スキャンから除外」「自動保護、SONAR、ダウンロードインテリジェンスの検出から除外」両方での設定をお願いいたします。",991974
991957,317898,Wed Oct 11 12:56:21 +0000 2017,市販のNortonにDies Aaが消された回数、35億。,991956,NortonSupport,Thu Oct 12 00:28:20 +0000 2017,"@317898 該当ファイルがノートンに削除された場合は、以下の方法で復元していただけます。-hide

誤ってセキュリティリスクであると識別されたファイルを復元する
https://t.co/sVjGvSHSIJ",
991960,354974,Wed Oct 11 13:07:19 +0000 2017,ノートン先生がワイが使ってるニコニコ動画のクライアントを削除した・・・,991959,NortonSupport,Thu Oct 12 00:59:40 +0000 2017,"@354974 ご不便をおかけしております。
ノートンに削除されたファイルは、以下の方法で復元できます。
その際、次回以降のスキャンから除外する設定もしていただけます。-hide

誤ってセキュリティリスクであると識別されたファイルを復元する
https://t.co/sVjGvSHSIJ",
991972,354976,Wed Oct 11 07:53:16 +0000 2017,またノートンがBVE弾いてるよ,991973,NortonSupport,Thu Oct 12 00:19:23 +0000 2017,"@354976 ご不便をおかけしております。
以下の方法で、特定のファイルをノートンのスキャン対象から除外していただけます。
https://t.co/gomXNw0MUy
「スキャンから除外」「自動保護、SONAR、ダウンロードインテリジェンスの検出から除外」両方の設定をお願いいたします。",
991972,354976,Wed Oct 11 07:53:16 +0000 2017,またノートンがBVE弾いてるよ,991971,NortonSupport,Thu Oct 12 00:20:20 +0000 2017,"@354976 ノートンに削除されたファイルは、履歴画面から、以下の方法で復元していただけます。-hide

誤ってセキュリティリスクであると識別されたファイルを復元する
https://t.co/sVjGvSHSIJ",
996586,355982,Sun Oct 22 15:22:05 +0000 2017,@AppleSupport why is norton stopping me access a website it’s not installed on my Mac? https://t.co/9fwTmvIlUU,996585,NortonSupport,Sun Oct 22 15:25:30 +0000 2017,@355982 Hi Steve! Looks like you have Norton DNS configured on your network. Please send us a DM. We will look into it. - Charlie,
