customer_tweet_id,customer_author_id,customer_created_at,customer_text,brand_tweet_id,brand_account,brand_created_at,brand_reply,brand_response_tweet_id
1008536,358655,Sat Oct 14 12:19:04 +0000 2017,@123644 What all should we consider if we want to use SQS in place of RabbitMQ?,1008535,AWSSupport,Sat Oct 14 13:16:03 +0000 2017,"@358655 Hi, you may find the following docs helpful https://t.co/FksmAoDB2F. For assistance, contact us here: https://t.co/P4U5aBltAk ^KM",
1008538,373217,Sat Oct 14 11:42:35 +0000 2017,"@123644 I am your client, how can I get in contact with you about  change of delivering address? Thanks.",1073082,AWSSupport,Sat Oct 14 23:36:52 +0000 2017,"@373217 For help with your AWS account: https://t.co/P0rri1jEGJ Or for retail assistance, go here: https://t.co/uha69t6fRt 😊 ^TI",
1008540,358656,Sat Oct 14 11:42:30 +0000 2017,"@AWSSupport Hi, I have just created account on AWS but I ran into such problem(( I need it for MLH challenge on @72588 https://t.co/DPhkP67TyC",1008539,AWSSupport,Sat Oct 14 12:05:52 +0000 2017,@358656 Oh no! Please fill out this form &amp; we'll be in touch to assist: https://t.co/UqVdYTXur4 ^CM,
101180,138140,Thu Nov 30 16:31:05 +0000 2017,That DJ tho! #AWS #reInvent @123644,101178,AWSSupport,Thu Nov 30 17:02:54 +0000 2017,"@138140 Hi, Darryl! I'm glad you like what you hear from @138141! 🎵🎧 ^ET",101179
101183,138142,Thu Nov 30 15:31:02 +0000 2017,AWS IoT 1-Click for @123644 looks really cool.  Don't try to  sign up for the preview as the link is broken! https://t.co/EmXBeWgyUP,101181,AWSSupport,Thu Nov 30 17:02:00 +0000 2017,"@138142 Hello, Simon! The provided link seems to be working. Please try to clear your cache/cookies and try the link again. You can also try using a different browser. ^ET",101182
101185,138143,Thu Nov 30 17:19:02 +0000 2017,"@AWSSupport That link is correct, but the the links on the page don't work. For example, if you click on ""Documentation"" it takes you to: https://t.co/yOFwyFHKa3. Confirmed on Safari, Firefox, and Chrome",101187,AWSSupport,Thu Nov 30 18:25:36 +0000 2017,"@138143 Thanks for the clarification, Matthew! I have shared this information internally to be reviewed. ^ET",
101186,138143,Thu Nov 30 13:47:35 +0000 2017,"@123644 The link for the Neptune documentation on https://t.co/jYiSC7vqsq is broken. Looks like the links start with ""docs-"" instead of ""docs.""",101184,AWSSupport,Thu Nov 30 16:59:00 +0000 2017,"@138143 The provided link seems to be in working order, Matthew. ✔️ Mind trying the doc again after you clear your cache/cookies? You can also try using a different browser. ^ET",101185
101189,138144,Thu Nov 30 13:47:16 +0000 2017,@AWSSupport Hi. When configuring an AWS ALB HTTPS listener is it possible to select a cert from another accounts ACM store? We run a multi-account setup and would like to manage all certs in a central Ops AWS account.,101188,AWSSupport,Thu Nov 30 15:35:00 +0000 2017,"@138144 Lloyd, Our engineers can help. Would you mind posting more details in our forums so they can take a look? https://t.co/pNsXomNRdE ^ET",
101192,138145,Thu Nov 30 13:42:19 +0000 2017,Yay! Passed my final @123644 exam - #AWS Certified Solutions Architect - Professional - this one was hard but worth it! 😊,101190,AWSSupport,Thu Nov 30 15:01:29 +0000 2017,@138145 🎶 You're taking care of business (every day). 🎶 I'm glad to hear the hard work paid off. Congrats on passing your exam! 🎉 ^ET,101191
101194,138146,Thu Nov 30 11:52:25 +0000 2017,"@123644, I really liked the layout for AmazonMQ, the only thing that I'm kinda disappointed is that there is not TAG option :(",101193,AWSSupport,Thu Nov 30 14:56:35 +0000 2017,@138146 Thanks for your insight! We are always looking for ways to improve. You can provide us more feedback any of the following ways: https://t.co/8gbca1j4qn 😊 ^ET,
101196,138147,Thu Nov 30 04:01:25 +0000 2017,@131019 Did we break the world record? #tatonka #reInvent,101195,AWSSupport,Thu Nov 30 14:46:34 +0000 2017,"@138147 Hi, Andy! Yes, a Guinness World Record 🏆 for largest wing eating contest was set. 😋^ET",
1012929,359690,Sun Oct 22 16:46:01 +0000 2017,@AWSSupport except my 2FA device isn’t lost or broken. I set it up just yesterday.,1012931,AWSSupport,Sun Oct 22 22:09:01 +0000 2017,"@359690 I found this thread in our Forums that may help: https://t.co/JYTgzgPXl9 For guidance from our experts, create a new thread. ^RH",
1012930,359690,Sun Oct 22 03:27:12 +0000 2017,"perhaps a kinder way to ask this, why do I get this message 9 out of 10 times? @AWSSupport https://t.co/hirrG22M2z",1012928,AWSSupport,Sun Oct 22 16:43:00 +0000 2017,"@359690 Hi, Can. Sorry for the trouble! Please see this article for more info on how to resolve this matter: https://t.co/EtzdUZZs6M ^ES",1012929
1026174,362802,Sun Oct 22 11:42:36 +0000 2017,"Is it just me, or is the #lightsail dashboard down? Can't start new instances  at all :-(. @AWSSupport",1026173,AWSSupport,Sun Oct 22 18:25:30 +0000 2017,"@362802 Sorry for the trouble! No issues here: https://t.co/pUqzYd2Ypj If this persists, post in our Forums: https://t.co/OJQRnl8Mpl ^RH",
1038063,365569,Thu Oct 12 15:45:03 +0000 2017,"Emails from @123644 won't stop coming, even after I deleted my account. Can't unsubscribe either :(",1038062,AWSSupport,Thu Oct 12 18:28:31 +0000 2017,@365569 Oh no! Try updating your AWS e-mail preferences. More info can be found here ➡️ https://t.co/M7aMlrrEkt. ^ET,
1039302,365887,Thu Oct 26 10:59:34 +0000 2017,Hey @123644 your Resource Group service is broken.,1039300,AWSSupport,Thu Oct 26 12:41:03 +0000 2017,"@365887 I'm sorry for any frustration, Marius. Mind providing more info so we can take a look? https://t.co/PoOqdJDO1J ^KK",1039301
1039304,365888,Thu Oct 26 10:53:23 +0000 2017,@123644 is there something wrong with the support center? Cases aren't being picked up.,1039303,AWSSupport,Thu Oct 26 12:30:38 +0000 2017,"@365888 Hi, Daan. Your case is actively being researched, please reply to the case if you have any further Q's ^KK",
1039306,365889,Thu Oct 26 08:21:12 +0000 2017,"@123644 Hello anyone around? Send a message to @AWSSupport, multiple tickets/emails and no reply on urgent issue RE my account...",1039305,AWSSupport,Thu Oct 26 12:27:32 +0000 2017,"@365889 Hi, Bobby. Please check your email inbox for the latest correspondence. ^ES",
1039308,365890,Thu Oct 26 10:38:43 +0000 2017,"@123644 ""EC2 Container Service is not available in Asia Pacific (Mumbai).""  Are there any plan in near future for  this region ?",1039307,AWSSupport,Thu Oct 26 12:18:26 +0000 2017,"@365890 We appreciate your interest, Kumar! I've shared your +1 for this feature with our EC2 Container Service team for review. 😊 ^KK",
1039310,365891,Thu Oct 26 02:06:24 +0000 2017,@AWSSupport https://t.co/WAYeInsxAA,1039309,AWSSupport,Thu Oct 26 10:40:00 +0000 2017,"@365891 Hi, Brad. Thanks for posting your query in our Forums. An engineer has responded to the thread.  ^ES",
1039313,365891,Wed Oct 25 19:46:36 +0000 2017,"@AWSSupport Is Certificate Manager having problems? New certs stuck in ""Pending validation"" after the requests were received and completed.",1039311,AWSSupport,Thu Oct 26 01:01:03 +0000 2017,@365891 All looks well here: https://t.co/cMVX2L0fY1 But here are some other things to check: https://t.co/rIY7kX4V1Q ☑️ ^TI,"1039310,1039312"
1043058,366653,Tue Oct 31 16:58:32 +0000 2017,@123644 #amazonlex needs to support numbers in the utterances! (not slots),1043057,AWSSupport,Fri Nov 10 16:06:31 +0000 2017,"@366653 Stephen, thank you for the feedback. We have it in our backlog and are actively working on adding support for it. Stay tuned for updates! https://t.co/bQRDyFAlTa ^JK",
1043060,366654,Fri Sep 15 15:56:29 +0000 2017,Working with @123644 ElastiCache for Redis for the first time. Discovered no security feature. I think there should be.... thinking...,1043059,AWSSupport,Fri Nov 10 15:52:00 +0000 2017,"@366654 Ewere, do you mind opening a case in our Support Center with more details? Our ElastiCache team would like more details: https://t.co/C3OAKhiLjA ^JK",
1043062,366655,Fri Nov 10 12:50:04 +0000 2017,"@123644  There's any AWS specialized certification, focused only on cybersecurity?  What are you recommending to have a landscape preview of all AWS security tools?",1043061,AWSSupport,Fri Nov 10 14:35:33 +0000 2017,"@366655 Hi, these may help: https://t.co/IUaDgz8qft &amp; https://t.co/rJ6aALEgzh If you have more questions, please contact the Training &amp; Certification team here: https://t.co/ta9OqfiWbG ^JK",
1043064,366656,Fri Nov 10 12:58:19 +0000 2017,@AWSSupport @123644 I received a random debit charge to my account that is not tied to your system. Who can I contact to figure this out??,1043063,AWSSupport,Fri Nov 10 14:26:44 +0000 2017,"@366656 Hi, Martin, please provide us with more details here: https://t.co/yhVmkhXUcB ^JK",
1045494,367162,Mon Oct 23 03:50:10 +0000 2017,@123644 Tech Essential Day! in Bangalore on 24 oct. no any registration conformation mail.. do help asap.,1045488,AWSSupport,Mon Oct 23 08:38:00 +0000 2017,"@367162 Hi, please have a look at your inbox subfolders for the confirmation email, if your unable to locate the email let us know. ^ES","1045489,1045490,1045491,1045492,1045493"
1045496,367163,Mon Oct 23 06:36:54 +0000 2017,@123644 I've mounted my s3 bucket to my EC2 instance via s3fs.  Are their any settings to limit amount of concurrent data on my bucket?,1045495,AWSSupport,Mon Oct 23 08:31:28 +0000 2017,@367163 We need more context into your use case. Please provide us with more details on our S3 Forum here: https://t.co/9YBNTq8UGa ^ES,
1048990,367914,Sat Oct 14 17:03:49 +0000 2017,"Hey @123644, please fix your web UI for managing S3 objects. Every time I want to hand-delete versioned objects, it freezes my browser up.",1048989,AWSSupport,Sat Oct 14 19:34:37 +0000 2017,"@367914 Hi, could you post more info to our Forums &amp; send me the URL? I'll have an engineer take a look https://t.co/APJa07nOmA ^KM",
1048992,352054,Sat Oct 14 16:48:17 +0000 2017,@123644 Many of our existing servers started timing out connections to s3. We had to stop and start them to restore connectivity,1048991,AWSSupport,Sat Oct 14 18:08:30 +0000 2017,"@352054 Hi, sorry for the trouble. Mind providing more info via our Forums &amp; sending me the URL? https://t.co/YZriSlQ9kn ^KM",
1048998,367917,Sat Oct 14 16:01:07 +0000 2017,"Is there a way to run EMR-like steps on EC2? The state tracking, termination, and log collection are really useful. @123644",1048997,AWSSupport,Sat Oct 14 18:07:00 +0000 2017,"@367917 Hi, that is a great question for our engineers. You can contact them via our Forums https://t.co/B4b3rpmD8w. ^KM",
1062115,370777,Sat Oct 14 17:24:51 +0000 2017,"@123644 Priced without and with ""discount"" code and it was the same price. You sure you didn't mean ""affiliate"" code? 🤑🤥👿",1062113,AWSSupport,Sat Oct 14 21:12:00 +0000 2017,"@370777 Hi, Metin. Could you provide more info for our Marketing Team so they can look into this? https://t.co/xxrcRtwAS8 ^KM",1062114
1068599,372172,Mon Oct 23 08:05:01 +0000 2017,@AWSSupport Issues with an instance in ap-south-1 region. System reachability check failing frequently. Please help.,1068598,AWSSupport,Mon Oct 23 11:49:27 +0000 2017,"@372172  Hi, Pankit. For your reference, check out the following article: https://t.co/bKtmR2aC0t ^KK",
1068602,372173,Mon Oct 23 06:19:41 +0000 2017,Can a service role like DynamoDBAutoscaleRole be created through the SDK/API @123644 ? API.CreateServiceLinkedRole docs are unhelpful 😕,1068600,AWSSupport,Mon Oct 23 10:18:48 +0000 2017,"@372173 We'd like to help, mind posting your Q's in our Amazon DynamoDB Forum &amp; sending me the URL?: https://t.co/px187rSGLX ^KK",1068601
1072975,373187,Sat Oct 14 22:46:16 +0000 2017,".@123644's UX for ElastiCache. cluster-enabled is set as ""yes|no"", is referred to as ""on|off"" yet should be ""true|false"". #Engineering https://t.co/0tsSyv9BEm",1072974,AWSSupport,Sat Oct 14 23:48:06 +0000 2017,"@373187 Thanks for the heads up, Colin! I've passed that along internally to our ElastiCache team to review. ✉️ ^TI",
1073080,373216,Sat Oct 14 21:52:39 +0000 2017,@123644 Hash index searches needs improvement. Shares the same issues as innodb,1073079,AWSSupport,Sat Oct 14 23:37:28 +0000 2017,"@373216 Thanks for the feedback, Ashley! Can you give us details one of these ways so we can look into it? https://t.co/veQ9zajwn9 😎 ^TI",
1073084,373218,Sat Oct 14 19:40:08 +0000 2017,"@123644  I know that I am not the smartest guy, but for a novice in AWS your stuff is pretty hard to learn through the docs. Any tips?",1073083,AWSSupport,Sat Oct 14 23:36:26 +0000 2017,@373218 📺 Check out our YouTube channel! https://t.co/5wyp9fyKlY Ask our experts &amp; community your Q's here: https://t.co/agnT8ebF0O ^TI,
1078016,374315,Fri Oct 13 13:08:51 +0000 2017,@123644 What would be nice is if an AutoScalingGrp had it’s own built-in single entry point so you can say ‘go there’ &amp; it sorts stuff out,1078015,AWSSupport,Fri Oct 13 15:22:06 +0000 2017,"@374315 We appreciate your feedback, Neil! I've forwarded your request to the service team for review. ^JK",
1096732,378796,Mon Oct 23 20:00:42 +0000 2017,@123644 Can I create a user with replication login factor in RDS?,1096731,AWSSupport,Mon Oct 23 21:18:42 +0000 2017,"@378796 Priscila, this article may help: https://t.co/HOKFuMsrSX Post in our Forums for expert guidance: https://t.co/nAz75j2huN ^RH",
1096734,378797,Mon Oct 23 19:33:23 +0000 2017,"@123644 Is there anyone at AWS Certification Support?
The conversion from Webassessor didn't work
Now I have two accounts, need ids merged.  HELP!",1096733,AWSSupport,Mon Oct 23 21:16:32 +0000 2017,"@378797 Contact our Training &amp; Certification team here: https://t.co/If8z6eHWbD Also, this may be useful: https://t.co/miK52R32Lh ^RH",
1096737,199789,Mon Oct 23 18:45:23 +0000 2017,Wish list for @123644 re-invent 17: ability to use any NodeJS runtime version in AWS Lambda.,1096736,AWSSupport,Mon Oct 23 20:56:28 +0000 2017,@199789 I've passed your suggestion on for review. Share any more ideas for our services via the methods here: https://t.co/wqXDvJQF2t ^ET,
1096739,378798,Mon Oct 23 18:20:09 +0000 2017,@AWSSupport I am not able to complete sign up for AWS. It gives me an error when I submit the contact information step.,1096738,AWSSupport,Mon Oct 23 19:34:33 +0000 2017,"@378798 This may help: https://t.co/5jNTkYpjW9 If not, please fill out the following form for more assistance: https://t.co/mVmVOYlUFc ^ET",
1096741,378799,Mon Oct 23 14:47:15 +0000 2017,@123644 why there is no such field in UI? And why Epic time format is used in API?,1096740,AWSSupport,Mon Oct 23 18:06:39 +0000 2017,@378799 I've shared your suggestion with our DynamoDB team. Provide additional ideas via the methods here: https://t.co/jVwuWCKN24 ^ET,
1114354,383001,Mon Oct 23 22:23:36 +0000 2017,I really wish that AWS Lambda's default Python environment included requests - it's used by half the functions I write!,1114353,AWSSupport,Mon Oct 23 22:49:00 +0000 2017,"@383001 I've sent your wish to our Lambda team for review, Rob! Share additional feedback via these methods: https://t.co/hdkdjnIBAK ^RH",
112786,141063,Thu Nov 23 15:27:39 +0000 2017,"@123644 I deleted an aws account without cleaning up resources
Help plz",112785,AWSSupport,Thu Nov 23 19:01:00 +0000 2017,@141063 Check out this doc for guidance: https://t.co/rCJ40rsVWn You can also speak with one of our agents &amp; request they reinstate your account through our Support Center: https://t.co/cKEBmh1nxd ^ET,
112788,141064,Thu Nov 23 15:56:24 +0000 2017,"@123644  Hello I would like to know how I can create a desktop application that allows me to synchronize Amazon S3 files with a folder on my computer, could you help me",112787,AWSSupport,Thu Nov 23 18:15:00 +0000 2017,"@141064 That's a great question for our community experts, Luis! Post in our S3 Forum to get help: https://t.co/DPszItz4V6 ^ET",
112790,141065,Thu Nov 23 09:46:00 +0000 2017,"@AWSSupport Would be nice to be able to link a ""prod"" EB env managed update to only occur after a successful ""staging"" EB env managed update.",112789,AWSSupport,Thu Nov 23 18:06:00 +0000 2017,"@141065 Thanks for sharing your request, Ulrick. I've passed it along to our Elastic Beanstalk team to review. Feel free to send future feedback via the methods here: https://t.co/KF2E7UAz3f 😊 ^ET",
112792,141066,Thu Nov 23 09:01:50 +0000 2017,@123644 can someone here help out with cyber crime,112791,AWSSupport,Thu Nov 23 18:00:50 +0000 2017,"@141066 Hi, Anish. For your reference, please use the following link to help report this: https://t.co/wSYAkZw1in ^KK",
112794,141067,Thu Nov 23 04:47:12 +0000 2017,"@123644 Is it possible to be temp. banned by IP from connecting to a Lightsail instance?  I think I just got banned after a chmod 775 was sent through as 777.  Whoops.  Thanks for saving me from myself, but let me back in.",112793,AWSSupport,Thu Nov 23 17:13:00 +0000 2017,"@141067 Hi, Chase. I recommend reaching out to our experts &amp; community on our Lightsail Forum! You can find it here: https://t.co/E994DGPWGB ^KK",
112796,141068,Tue Nov 14 01:10:59 +0000 2017,"Never got a confirmation email for @123644 @131019 ""Know Before You Go"" webinar. Currently missing it as scheduled because I don't have a link to connect. Tried two different emails.",112795,AWSSupport,Thu Nov 23 17:11:24 +0000 2017,"@141068 Hey Michael, have a look at the re:Invent 2017 edition of the 'Know Before You Go' webinar here: https://t.co/eEzNxukUKb It's also on YouTube, if you prefer: https://t.co/iUbvWaDM4i 😁 ^ES",
1134890,387382,Tue Oct 24 04:49:26 +0000 2017,"wow @123644 signup identity verification is painful
dissatisfying captcha, unable to the make call, redo captcha
really pityful experience",1134888,AWSSupport,Tue Oct 24 08:35:32 +0000 2017,@387382 Thanks for sharing your experience. Please see this article for details on how to resolve this: https://t.co/wxDjJZ86o0 ^ES,1134889
1134892,387383,Tue Oct 24 09:15:13 +0000 2017,"@AWSSupport When I tried ""Having problems with your authentication device?"" link, it shows my username as ""null"" and not able proceed further. https://t.co/gBRjc1gCbJ",1134894,AWSSupport,Tue Oct 24 09:49:28 +0000 2017,"@387383 Fill in your details in this form, and our MFA team will contact you within 15 minutes to help: https://t.co/lwYbt3eRWV ^ES",
1134893,387383,Tue Oct 24 06:20:34 +0000 2017,@AWSSupport I'm unable to login to my AWS as my MFA device got damaged. Could you give support email id where I could share details?,1134891,AWSSupport,Tue Oct 24 08:18:00 +0000 2017,@387383 This article has the info you need as well as the unusable authentication device contact form: https://t.co/o84zhROG0B ^ES,1134892
1134896,387384,Tue Oct 24 02:59:32 +0000 2017,@AWSSupport Some Webinar Slides say AWS Quick Sight Supports No-Sql Db but the FAQ are not clear about it. Can you clarify ?,1134895,AWSSupport,Tue Oct 24 06:43:31 +0000 2017,"@387384 Hi, Kush. Please have a look at our QuickSight doc for the supported data sources: https://t.co/3xwi2cGjJP 🤓 ^ES",
1146773,389909,Tue Oct 24 10:04:24 +0000 2017,@123644 Do you have httpd2.4.28 available for AMI so I can patch against OptionsBleed CVE-2017-9798 ? 2.4.27 only in repos.,1146771,AWSSupport,Tue Oct 24 11:04:53 +0000 2017,@389909 Please can you provide more details about this on our EC2 Forum here: https://t.co/wdMDKcZA6U ^ES,1146772
1146774,389909,Fri Oct 27 09:09:16 +0000 2017,@AWSSupport Hello ?  Any follow up on my question ?,1146775,AWSSupport,Fri Oct 27 11:24:28 +0000 2017,"@389909 Hi, for your reference, the following article may be helpful: https://t.co/RivbyiRp7H ^KK",
1146777,389910,Tue Oct 24 06:32:19 +0000 2017,@AWSSupport need to talk to someone about @48712 AWS account - your web enquiry thing is not very helpful. Tips?,1146776,AWSSupport,Tue Oct 24 09:22:42 +0000 2017,"@389910 Hi, Alvaro. Please open a support case, while signed in to the account in question, here: https://t.co/dazScdT8tO ^ES",
1148103,390200,Sun Oct 15 11:01:05 +0000 2017,"@123644 Hi, I entered a wrong mail for AWS student, is it possible to change it please ?",1148101,AWSSupport,Sun Oct 15 16:32:29 +0000 2017,@390200 ✔️ Check out this answer: https://t.co/9zzT1suE9r You can also contact our Educate team here: https://t.co/ONvRpugvtc ^TI,1148102
1163165,393619,Sun Oct 15 05:26:28 +0000 2017,@123644 why do amazon keep hendering myvseller account  ?  Why,1163164,AWSSupport,Sun Oct 15 09:38:23 +0000 2017,"@393619 Hi, Lauren. Please use the following to sign-in and contact the Amazon Seller Support team: https://t.co/wPMJlUw6bc ^ES",
1165120,394061,Sun Oct 15 17:02:29 +0000 2017,"@123644 why i'm not able to verify my mobile number
while creating new account",1165119,AWSSupport,Sun Oct 15 18:47:00 +0000 2017,"@394061 Sorry for the trouble, Himanshu! Here's how to get help: https://t.co/RsPTTkDI94 😊 ^TI",
1165122,394062,Sun Oct 15 14:39:07 +0000 2017,Would love to see more #SAPonAWS blogs on the @123644 website. The #SAP VPC zoning blog is well worth reading. https://t.co/680NLDe67N,1165121,AWSSupport,Sun Oct 15 18:20:26 +0000 2017,@394062 Thanks for the feedback! I've forwarded your request along internally for consideration. ^KM,
1165125,394063,Sun Oct 15 13:58:40 +0000 2017,@AWSSupport Do I have to take the professional exam before the associate certification expiry date? Or is the date flexible?,1165123,AWSSupport,Sun Oct 15 18:05:26 +0000 2017,"@394063 That is a good question for our Certification team, Gayan. You can contact them directly here: https://t.co/8LVcuvjuuK ^KM",1165124
1165127,394064,Sun Oct 15 13:50:32 +0000 2017,"@AWSSupport hey, i stuck in phone verification process. i cannot get phone call. so i could not start to use your awesome services, plz help",1165126,AWSSupport,Sun Oct 15 18:03:36 +0000 2017,@394064 Here's how to get this solved: https://t.co/YFNOmwegwX 📞 You can also reach out to us here: https://t.co/Uym69BvVdu ^TI,
1167583,394628,Tue Oct 24 15:24:08 +0000 2017,@123644 Is there a reason why I can't assign an Elastic IP to a load balancer? The apex domain CNAME restriction on domain names sucks.,1167581,AWSSupport,Tue Oct 24 17:55:32 +0000 2017,"@394628 Hi, Jamie, this post may help: https://t.co/cic4mBAuaN If you have more questions, please start a new thread. ^JK",1167582
1167585,394629,Wed Oct 25 07:01:15 +0000 2017,@AWSSupport Sorry that is not what am looking for,1167587,AWSSupport,Wed Oct 25 10:11:56 +0000 2017,@394629 Our Sales &amp; BD team can help with your online business Qs. Fill in this form to reach out to them: https://t.co/Vqqf2dgyuf ^ES,
1167586,394629,Tue Oct 24 16:19:29 +0000 2017,@123644 Sorry how can i start online business on these site?,1167584,AWSSupport,Tue Oct 24 17:44:00 +0000 2017,"@394629 Hi, David, this might be of interest to you: https://t.co/18kBjnDNIl ^JK",1167585
1167592,378796,Tue Oct 24 13:56:26 +0000 2017,"@AWSSupport I'm trying to create a user replication in POSTGRES RDS, and this not works. Error: user dont have privilegies. What can I do?",1167591,AWSSupport,Tue Oct 24 17:25:00 +0000 2017,"@378796 Try: https://t.co/3Q57HJy1Is For more Q's, please post in our forums so an engineer can help: https://t.co/8LtA3b0905 ^JK",
1167594,394631,Tue Oct 24 13:49:28 +0000 2017,@123644 HALP! We've been hacked and your support team isn't helping. For the love of God can we speak to a real person! https://t.co/dUSMwXyWOW,1167593,AWSSupport,Tue Oct 24 15:35:30 +0000 2017,"@394631 Christopher, I'm very sorry for the difficulty. You can reach our Support Center by phone here: https://t.co/0BMfM7rEc0 ^JK",
1167596,394632,Tue Oct 24 08:52:31 +0000 2017,Why does @123644 #codecommit not support a self hosted Bitbucket server? We have to use Jenkins to push from there to aws -.-,1167595,AWSSupport,Tue Oct 24 15:15:39 +0000 2017,"@394632 Thank you for your feedback, Mathias. I've sent it over to the CodeCommit team to look into. ^JK",
1186455,398985,Tue Oct 24 19:44:05 +0000 2017,@AWSSupport Are there issues with Trans. SMS types sent through SNS right now? Our Prom. types are being sent but Trans. is not being sent.,1186454,AWSSupport,Tue Oct 24 23:10:00 +0000 2017,@398985 Here's options for getting help with your resources: https://t.co/y7ejfH9vi8 📃 You can also post here: https://t.co/wKFucjqIEm ^TI,
1186457,398986,Tue Oct 24 14:51:40 +0000 2017,"@123644 (Here's the docs I'm referring to: https://t.co/kyT3v2ppsk)
Perhaps I should be talking to @10593 :)",1186456,AWSSupport,Tue Oct 24 22:14:33 +0000 2017,"@398986 Please share your feedback via these methods: https://t.co/eds3syrS5Z For expert help, post in our Forums: https://t.co/CWsIigsbeD ^RH",
1186461,398987,Tue Oct 24 20:47:43 +0000 2017,@AWSSupport is there any problem with the us-east-1? we are having connectivity problems with ours instances since yesterday.,1186460,AWSSupport,Tue Oct 24 22:10:00 +0000 2017,@398987 Sorry to hear it! Here's a few things to check on: https://t.co/vomJNvlvgf ✔️ ^TI,
1186463,387384,Tue Oct 24 19:43:49 +0000 2017,@AWSSupport Will today's webinar be up today only ?,1186462,AWSSupport,Tue Oct 24 21:44:31 +0000 2017,@387384 You can access our on-demand webinars on that channel whenever is convenient for you. No rush! 😁 ^TI,
1186465,387384,Tue Oct 24 18:30:47 +0000 2017,"@AWSSupport hey can you provide email for aws webcast , I missed it when they spoke about in the webinar today ?",1186464,AWSSupport,Tue Oct 24 19:10:00 +0000 2017,"@387384 Kush, you'll be able to watch the webinar recordings in a few days on our Youtube channel: https://t.co/vcJ8AFXkbE ^JK",1186463
1186467,398988,Tue Oct 24 16:41:09 +0000 2017,"Why doesn't the @123644 IAM policy ingestion engine reject policies with misspelled elements? Why even accept ""dyanmodb:*""?",1186466,AWSSupport,Tue Oct 24 19:39:00 +0000 2017,"@398988 David, thank you for the feedback. I've let the IAM team know! ^JK",
1186470,398989,Tue Oct 24 07:45:32 +0000 2017,@123644 PSI does not allow to reschedule exam after 30 OCT because my last eligible date is 30 Oct .. can you do something to reschedule?,1186468,AWSSupport,Tue Oct 24 19:28:28 +0000 2017,@398989 Add details about the situation here so it can be investigated &amp; communicated directly to you: https://t.co/ybetD8c7CP 🔍 ^TI,1186469
1186473,398990,Tue Oct 24 17:07:08 +0000 2017,.@123644 your TCO is a POS https://t.co/1oMDgu1Dce,1186471,AWSSupport,Tue Oct 24 19:16:08 +0000 2017,"@398990 Shareef, I'm sorry for any frustration. Can you provide more info so we can take a look? https://t.co/PoOqdJDO1J ^JK",1186472
1186475,161078,Tue Oct 24 10:55:08 +0000 2017,@48443 @123644 I have a question :) why Lambda is not listed in tag editor?,1186474,AWSSupport,Tue Oct 24 18:57:36 +0000 2017,"@161078 Thanks for the heads up, I've let our Console team know! 😊 Submit future feedback via these options: https://t.co/ctfehriqVt ^ES",
1193378,400420,Sat Nov 25 07:34:29 +0000 2017,I would like to use EFS in Tokyo region.  When is it coming?  @50721 @123644,1193377,AWSSupport,Sat Nov 25 11:10:55 +0000 2017,"@400420 Hi, Shohei. I have informed our EFS team of your interest in this feature. Thanks for the +1! ^CM",
1193385,400423,Sat Nov 25 04:39:07 +0000 2017,"@AWSSupport I am looking for a document on understanding how to write S3 bucket policies, every time I try custom policy thru policy generator, it says ""Policy has invalid action"" without giving any details, not user friendly at all. Is there any structure we have to follow.",1193383,AWSSupport,Sat Nov 25 08:48:00 +0000 2017,"@400423 Hi, Prashant. You may find this S3 Bucket Policy doc useful: https://t.co/4AKGJXhv3z You can also feel free to post more details on our S3 Forum here: https://t.co/yGkz9O2I4w ^CM",1193384
1193387,400424,Sat Nov 25 00:17:02 +0000 2017,"@123644 I can't modify an MSSQL RDS instance, getting this error https://t.co/4mFEupAcnE",1193386,AWSSupport,Sat Nov 25 06:47:54 +0000 2017,"@400424 Hi there, you may find the following doc helpful: https://t.co/D4vfLbuoiH Please feel free to post on our RDS Forum should you require any further assistance: https://t.co/saGkSYSH2J ^CM",
1209005,403840,Wed Oct 25 04:38:07 +0000 2017,@123644 Not able to access the Mumbai instance page and my server is also not working optimally. Any issue with aws services?,1209004,AWSSupport,Wed Oct 25 10:21:26 +0000 2017,@403840 No issues on our end. Have a look at the following link as it provides info that may be helpful: https://t.co/jTwHQGjPs8 ^KK,
1209007,403841,Wed Oct 25 01:17:34 +0000 2017,"@123644 seeing CPU credits drop over last 48 hours, loads consistently under baseline. AWS playing up or am I missing something?",1209006,AWSSupport,Wed Oct 25 08:35:51 +0000 2017,"@403841 This doc may be helpful: https://t.co/VsNVznEA91 For more Q's, post in our EC2 Forum: https://t.co/XkbhSmGzHZ ^KK",
1209009,138297,Wed Oct 25 05:34:39 +0000 2017,Trying to upload fn pkg of size ~80MB from S3 bucket. But getting this error. Any thoughts on this by @123644 experts would be helpful https://t.co/Woc6orM7VZ,1209008,AWSSupport,Wed Oct 25 08:24:07 +0000 2017,@138297 You've encountered the Lambda function deployment package size limit. Please see more info here: https://t.co/pINf8JHUwy ^ES,
1217060,405592,Wed Oct 25 12:45:57 +0000 2017,@123644 Any plans for Aurora w/ MySQL compatibility?,1217059,AWSSupport,Wed Oct 25 17:20:14 +0000 2017,"@405592 Hi, I've shared your request with our RDS team for consideration. Thanks for the feedback, Ken! ^KM",
1217065,405594,Wed Oct 25 14:21:00 +0000 2017,Still no news from @123644 RE supporting .net core 2 in lambdas eh? What's the hold up?,1217064,AWSSupport,Wed Oct 25 17:07:48 +0000 2017,"@405594 Thanks for the input, Ryan. I've shared your request with our Lambda team for review. ^KM",
1217067,405595,Wed Oct 25 15:06:16 +0000 2017,"Once ever I created a short-lived Windows EC2 instance, and now I get this email every week from @123644 https://t.co/5D22Ugywfl",1217066,AWSSupport,Wed Oct 25 16:23:07 +0000 2017,"@405595 Hi, Scott. You can update your e-mail preferences via https://t.co/XoJcv0CTPM ^KM",
1217379,196697,Wed Oct 25 12:32:00 +0000 2017,@AWSSupport I am using AdministratorAccess policy for IAM user still there is no option to edit exiting preset but can create copy with new-name.,1217377,AWSSupport,Wed Oct 25 14:06:53 +0000 2017,@196697 Could you provide more info via our Forums &amp; send me the URL? I'll have an engineer take a look https://t.co/dl4I4qeeRk ^KM,1217378
1217381,196697,Wed Oct 25 09:08:48 +0000 2017,Why we can't delete Elastic Transcoder jobs or set number of jobs to keep and also can't edit existing presets? @AWSSupport @123644,1217380,AWSSupport,Wed Oct 25 12:24:57 +0000 2017,@196697 Please check that you have the correct access control via IAM. View this doc for more info: https://t.co/Vd9o7XuHbu ^ES,1217379
1217384,405666,Wed Oct 25 07:30:10 +0000 2017,@123644 Help me to be one of you. I really want to actualize my passion for technology &amp; for any organization that builds this zeal in me.,1217382,AWSSupport,Wed Oct 25 12:04:22 +0000 2017,@405666 Hi. Christian. Check out our AWS Careers page &amp; apply for a post that is best suited for you: https://t.co/zKEgPchmMB 😊 ^KK,1217383
1217388,405667,Wed Oct 25 08:09:27 +0000 2017,@AWSSupport Is it possible to connect two different VPCs in two different regions by using an AWS-managed (transparant?) VPN solution?,1217386,AWSSupport,Wed Oct 25 11:31:50 +0000 2017,@405667 Please view this link: https://t.co/avgIXx3fTL &amp; also consider posting on our VPC Forum: https://t.co/w6q6BXvkvv ^ES,1217387
1217390,405668,Wed Oct 25 08:33:46 +0000 2017,Looking for Cloud Storage for business? @123644 @3107 pls share India Contact detail!,1217389,AWSSupport,Wed Oct 25 11:03:44 +0000 2017,@405668 You can use this link to contact our Sales &amp; BD team: https://t.co/iuH7r6nzqQ and they'll be in touch. 😊 ^ES,
1224156,407187,Sun Oct 15 14:25:24 +0000 2017,@AWSSupport AWS Console functionality for doing CloudFormation Stack Updates is still unusable. See https://t.co/wD9ASJy3JJ,1224155,AWSSupport,Sun Oct 15 22:56:00 +0000 2017,"@407187 Thanks for the feedback, Martin. I've passed that along internally for review. 👓 ^TI",
1229595,408390,Wed Oct 25 17:36:31 +0000 2017,"@123644 222.127.41.197' is Throttled and Blacklisted, still eating network BW. Null route HTTP from that ip to EC2 @10593 @AWSSupport",1229594,AWSSupport,Wed Oct 25 20:22:58 +0000 2017,"@408390 Hi, please fill out the following form &amp; we'll investigate! https://t.co/MdL0hYe6yb ^KM",
1229600,408391,Wed Oct 25 16:59:26 +0000 2017,@123644 Will there be support for bash scripts in Lambda in the future? Or is there any way to schedule a bash script with lambda ?,1229598,AWSSupport,Wed Oct 25 20:21:25 +0000 2017,"@408391 Hi, I've forwarded your feature request on to our Lambda Team to be reviewed. We appreciate your input, Josh! ^KM",1229599
1229602,408392,Wed Oct 25 17:10:30 +0000 2017,@AWSSupport Is there anyway to create an user for aws console for other people?,1229601,AWSSupport,Wed Oct 25 18:20:32 +0000 2017,"@408392 Hi, check out this doc: https://t.co/EtDXA3V3Lw. For additional help, contact us via the Support Center https://t.co/jANsmDICUz ^KM",
1229605,408393,Wed Oct 25 17:25:28 +0000 2017,"@AWSSupport Hi, i would like to reset 2FA and scan a new QR code. How to login if I don't have backup codes?",1229603,AWSSupport,Wed Oct 25 18:12:31 +0000 2017,"@408393 Hi, Alen. You may find the following doc helpful: https://t.co/1qLG62Tx9t. ^KM",1229604
1236623,410031,Thu Nov 30 18:47:57 +0000 2017,Seeing issues bringing up m5.* instances in us-east-1. They fail instance health checks on boot and asg kills them. About 1 in 4 are failing. @AWSSupport,1236622,AWSSupport,Thu Nov 30 22:04:00 +0000 2017,@410031 Sorry to hear about the trouble. There are a few options for getting help: https://t.co/B8eqCWiQpm 📖 ^TI,
1236939,410132,Thu Nov 30 20:28:05 +0000 2017,"@AWSSupport @410133 I assume no since not listed at https://t.co/pjmgjlV2pS.  Is that right?  If not hipaa now, when???",1236938,AWSSupport,Thu Nov 30 22:03:00 +0000 2017,"@410132 For questions about specific services &amp; HIPAA, reach out to our Compliance team here: https://t.co/QozsTocSfX 📝 ^TI",
1236941,410133,Wed Nov 29 16:44:27 +0000 2017,@131019 Awesome!  Any word on if Fargate is covered by BAA and eligible for running HIPAA workloads?,1236940,AWSSupport,Wed Nov 29 18:15:39 +0000 2017,"@410133 Hi, Casey. Check out the following page for more info about AWS HIPAA compliance https://t.co/5BpW7NCCA5 ^KM",1236939
1237554,410298,Wed Oct 25 20:39:46 +0000 2017,@123644 Do you charge for unused space of an EBS volume as well? Or just used space.,1237553,AWSSupport,Thu Oct 26 01:02:00 +0000 2017,"@410298 Hi Edward, here are the pricing details: https://t.co/irJeJkJEoC You can ask further Q's here: https://t.co/8HGUoHsSmF 👍 ^TI",
1237556,410299,Wed Oct 25 21:01:06 +0000 2017,@123644  When will node 8 be supported for Lambda functions? It goes into LTS in 6 days!,1237555,AWSSupport,Thu Oct 26 01:01:33 +0000 2017,"@410299 Thanks for the +1, Gareth! I've passed it along to our Lambda team. 😁 ^TI",
1237558,410300,Wed Oct 25 18:16:01 +0000 2017,"@123644 good day, I'm trying to enter to ""AWS Business Professional - Module 2: AWS Products and Services"" but the training is broken",1237557,AWSSupport,Thu Oct 26 01:00:40 +0000 2017,"@410300 If this error is still occurring, please reach out to our Training &amp; Certification team directly: https://t.co/bt45sVX8so 📝 ^TI",
1243708,411778,Wed Oct 25 19:19:49 +0000 2017,How can i register for @123644 seminar in my city ??,1243706,AWSSupport,Wed Oct 25 20:59:08 +0000 2017,@411778 Keep an eye on this page for local events: https://t.co/VUgPZzTLa1 &amp; check out our Webinars: https://t.co/40jPTkbUZw 😊 ^TI,1243707
1257446,414661,Wed Oct 25 23:35:20 +0000 2017,@AWSSupport i'm having trouble getting in to the root account without the MFA device as it's been destroyed.,1257445,AWSSupport,Thu Oct 26 07:30:00 +0000 2017,"@414661 Please view this article, which includes the unusable authentication device form, to help with this:https://t.co/QGe3q5fq7F ^ES",
1257448,414662,Thu Oct 26 03:18:21 +0000 2017,so I hit my limit of @123644 S3 buckets tonight :( Time to create a new account.,1257447,AWSSupport,Thu Oct 26 07:05:27 +0000 2017,"@414662 Hi, Chris. Have a look at this link as it provides info that may be helpful: https://t.co/CLDIyjpY4J 😊 ^KK",
127383,144605,Thu Nov 23 23:11:31 +0000 2017,@123644 feature request plz thanks https://t.co/5I3sogYUwx,127382,AWSSupport,Fri Nov 24 00:28:00 +0000 2017,"@144605 I hear you loud &amp; clear, Ross! I've passed that along to our IAM team for consideration. 😊 ^TI",
1274223,418257,Thu Oct 26 11:37:26 +0000 2017,@123644 is pricing available? Can't find it on the instance types page or others I've looked at,1274221,AWSSupport,Thu Oct 26 14:40:51 +0000 2017,"@418257 Hi, for your reference, check out AWS Deep Learning AMI details here: https://t.co/rfThbhFnp9 ^KK",1274222
1274226,418258,Thu Oct 26 08:23:11 +0000 2017,@123644 Why do I get this every time I try to login w/ Chrome? Deleted cache multiple times. Works fine on Safari or Chrome Incognito. https://t.co/8l1wG4YzvA,1274225,AWSSupport,Thu Oct 26 13:16:33 +0000 2017,@418258 No issues with the latest version of Chrome for both Windows &amp; Mac OS. Provide more details here: https://t.co/vlxqOvaEmE ^ES,
1282909,420126,Thu Oct 26 14:06:32 +0000 2017,"@123644 Dear AWS, can you specify how many V100 cards are in the offering for p3.2, p3.8 and p.3.16xlarge offering? Spec. is inconsistent.",1282908,AWSSupport,Thu Oct 26 16:39:35 +0000 2017,@420126 Please check out this blog for more info: https://t.co/U9j4jF3g6Y ^ET,
1290332,421752,Thu Oct 26 19:04:09 +0000 2017,"@123644 Urgent AWS WAF service attached to ALB on Oregon region causing 500 errors, AWS support not able to receive reports also.",1290325,AWSSupport,Thu Oct 26 19:33:01 +0000 2017,"@421752 This doc may help: https://t.co/lqvbnyqqg9 If not, create a forum thread so our engineers can assist: https://t.co/ryvP05vDzl ^ET","1290326,1290327,1290328,1290329,1290330,1290331"
1290336,421754,Thu Oct 26 18:43:57 +0000 2017,@AWSSupport Thank you ! Is there a way you keep customers updated in emails on this deprecated stuff as we don't  keep checking site daily for updates?,1290335,AWSSupport,Thu Oct 26 19:31:06 +0000 2017,@421754 I've passed your suggestion on for review. Here's how to share more ideas for our services: https://t.co/j0MgOPhid2 ^ET,
1290338,421754,Wed Oct 18 22:22:13 +0000 2017,"@AWSSupport Yum update httpd install tomcat6 isn’t working anymore , it is removed from your repo",1290337,AWSSupport,Thu Oct 26 18:25:32 +0000 2017,@421754 Our EC2 team says tomcat6 was removed from Amazon Linux 2017.09 &amp; recommends updating versions: https://t.co/Fi4vEnft8z ^RH,1290336
1290340,421754,Wed Oct 18 20:42:00 +0000 2017,"@AWSSupport- URGENT Have you removed tomcat6 in your repo , I cannot install tomcat6 in EC2 and  scripts are failing ,Can you pls check ?",1290339,AWSSupport,Wed Oct 18 21:27:00 +0000 2017,"@421754 Dinesh, I found this forum thread with a similar issue: https://t.co/BPVJ9IzN7y For expert guidance, create a new thread. ^RH",1290338
1290343,421755,Thu Oct 26 16:10:54 +0000 2017,@123644 Why isn’t this technology being used to read Kindle books on Amazon Echo?,1290341,AWSSupport,Thu Oct 26 19:07:33 +0000 2017,@421755 Check this out: https://t.co/TUbqlpYp1Q Here's how to share more feedback: https://t.co/6HSk3T6HWF ^ET,1290342
1298413,423447,Thu Oct 26 20:42:25 +0000 2017,@123644 @54423 Any idea when we might get Multi-AZ Failover for RDS SQL Server on GovCloud?,1298412,AWSSupport,Thu Oct 26 22:15:52 +0000 2017,"@423447 I've shared your query with our RDS team for review, Jack! Send us future feedback via these options: https://t.co/NTtvHODYo5 ^RH",
1298415,423448,Wed Oct 25 16:35:12 +0000 2017,@123644 could you take a look at this forum thread? https://t.co/WgJZtuPCKX #aws #lambda #nodejs,1298414,AWSSupport,Thu Oct 26 21:01:07 +0000 2017,"@423448 Hi, your forum post has been updated. If you have further questions, feel free to respond directly to the thread. ^KM",
1298511,423469,Mon Oct 16 01:51:46 +0000 2017,"The @123644 Rekognition API hasn't been able to match my face 4 out of the 5 comparisons, and I'm not trying to throw it off. No good",1298510,AWSSupport,Mon Oct 16 06:42:00 +0000 2017,"@423469 Hi, have a look at our Rekognition forum thread for some helpful info to increase your success: https://t.co/rOKWaspWGG^ES",
1303599,424626,Thu Oct 26 22:25:18 +0000 2017,"#awswishlist Way to check if a Parameter of type ""List&lt;AWS::EC2::SecurityGroup::Id&gt;"" is empty or not",1303598,AWSSupport,Thu Oct 26 22:53:37 +0000 2017,@424626 I've let our EC2 team know this is on your #AWSWishList! 😊 Share additional input via these methods: https://t.co/seq4FFUJ1K ^RH,
1319816,428186,Fri Oct 27 00:56:25 +0000 2017,@123644 It appears all or most of the sessions are booked - any thoughts?,1319815,AWSSupport,Fri Oct 27 06:25:00 +0000 2017,"@428186 Hi, Shawn. For all registration Q's, please refer to the following link: https://t.co/p1EzAA3TBP ^KK",
1320260,428268,Mon Oct 16 06:17:36 +0000 2017,@123644 Here is the error i am getting trying verify my phone number and the Support didnt reply to my mail.... https://t.co/Vy2rdHjhfj,1320259,AWSSupport,Mon Oct 16 11:24:29 +0000 2017,"@428268 If the issue persists, please fill out this form and we'll gladly look into this further: https://t.co/OksXNn5Y61 ^ES",
1320262,428269,Mon Oct 16 08:46:46 +0000 2017,what's the guidance on @123644 ELBs? should we convert them all to ALBs? until now i've been assuming there will be no ELB enhancements.,1320261,AWSSupport,Mon Oct 16 09:25:24 +0000 2017,"@428269 Hi, Anthony. Feel free to contact Sales &amp; Business Development team: https://t.co/VwBkv1v75e ^ES",
1335024,431427,Fri Oct 27 12:06:55 +0000 2017,"@AWSSupport ""If you recently activated your account, you might not be able to post messages for a few hours"" is quite an annoying thing...",1335022,AWSSupport,Fri Oct 27 13:24:29 +0000 2017,"@431427 Hi, Marco, sorry for any difficulty. Please see this doc for more details: https://t.co/BETgsun1rQ ^JK",1335023
1335026,431427,Fri Oct 27 10:58:33 +0000 2017,Are you aware of any way to copy Docker images on AWS ECR between regions?,1335025,AWSSupport,Fri Oct 27 11:58:00 +0000 2017,"@431427 Hi, Marco. Mind posting in our ECS Forum &amp; our experts can take a look? https://t.co/nD5a7jnEbc Keep an eye for any updates. ^KK",1335024
1335028,144315,Fri Oct 27 11:02:03 +0000 2017,"@AWSSupport is there a way to get SNS to only send texts from one origin number. Right now every one is coming from a new #, and it’s awful",1335027,AWSSupport,Fri Oct 27 12:35:00 +0000 2017,"@144315 This doc may help: https://t.co/acxnhS993o If not, create a forum thread so our engineers can assist: https://t.co/lnutIe9bif ^KK",
1335031,431428,Fri Oct 27 11:44:54 +0000 2017,"@55645 @123644 @55645, did you guys notice this? I still can't get in there and schedule an exam.",1335029,AWSSupport,Fri Oct 27 12:30:36 +0000 2017,"@431428 Sorry for the trouble, Walter. Please feel free to contact our AWS Training &amp; Certification Team: https://t.co/ohv8MpNJr5 ^KK",1335030
1357122,436407,Fri Oct 27 19:19:31 +0000 2017,"@AWSSupport Yeah, already saw that. I'm looking for this to be built into the ELB so that the redirect is handled by the ELB, not by the web/app server",1357124,AWSSupport,Sat Oct 28 00:30:41 +0000 2017,"@436407 Thanks for the clarification, I've sent that feedback along to our ELB team! 😊 ^TI",
1357123,436407,Fri Oct 27 15:57:40 +0000 2017,"C'mon @123644 where's the ""redirect http to https"" option in ELB? This needs to be a thing.",1357121,AWSSupport,Fri Oct 27 19:17:32 +0000 2017,"@436407 Hi, the following doc may help: https://t.co/eSvnViXKpG ^JK",1357122
1357126,328883,Mon Nov 13 12:48:58 +0000 2017,@AWSSupport Occur when a try to mount more than 2 EFS on same ec2 instance with fstab.,1357127,AWSSupport,Fri Nov 17 01:04:50 +0000 2017,@328883 Our EFS team said to make sure you include _netdev in your fstab options when following the instructions found here: https://t.co/atppnO4hPH You can post any further Q's here: https://t.co/D74BwsTGZf 📝 ^TI,1357128
1374887,440038,Fri Oct 27 20:39:43 +0000 2017,@123644 Add it as a feature rather than posting instructions,1374886,AWSSupport,Sat Oct 28 00:30:41 +0000 2017,@440038 I appreciate the feedback! I've forwarded that along internally for review. 😄 ^TI,
1382624,441774,Sat Oct 28 01:52:49 +0000 2017,Has anyone set up an @123644 API Gateway endpoint on the same domain as a static website hosted with S3 who can advise how to?,1382623,AWSSupport,Sat Oct 28 06:39:00 +0000 2017,"@441774 Hi, James. We'd like to help, mind posting more info in our Forum? https://t.co/EYFFWyJPiw ^CM",
1382626,441775,Sat Oct 28 02:06:03 +0000 2017,@AWSSupport how do we integrate #AWSLambda with my ML Model evaluation code? #AI #AmazonLex,1382625,AWSSupport,Sat Oct 28 06:23:31 +0000 2017,"@441775 Hi, Ayan. Feel free to post your question on our Forum and our engineers will gladly assist: https://t.co/EYFFWyJPiw ^CM",
1388782,443071,Sat Oct 28 08:01:46 +0000 2017,+1 please @123644 https://t.co/AigxNSwUAV,1388781,AWSSupport,Sat Oct 28 08:56:25 +0000 2017,"@443071 Thanks for the +1, Mauricio! I have informed our service team of your interest in this feature. 👍 ^CM",
1388784,443072,Sat Oct 28 03:31:02 +0000 2017,@57744 how can i get the name/url of an autogenerated queue in a worker environment? is it stored anywhere like the attached rds configs?,1388783,AWSSupport,Sat Oct 28 08:28:00 +0000 2017,"@443072 Hi, Joe. Our Forum is a great place to post this question. Feel free to do so here: https://t.co/EYFFWyJPiw ^CM",
1388787,443073,Sat Oct 28 01:39:02 +0000 2017,"How many @123644 CloudFront distro copies of a CNAME can be present, before one starts to break the system?",1388785,AWSSupport,Sat Oct 28 07:52:00 +0000 2017,"@443073 Hi, you may find this doc useful: https://t.co/QqajJzj9Sq You can also post on our Forum here: https://t.co/EYFFWyJPiw 👍 ^CM",1388786
1396108,444658,Sat Dec 02 20:33:56 +0000 2017,"@26086 @123644 #awswishlist kinesis streams with unlimited retention.....similar to s3....current, infrequent and glacier like access....scan back to the start of event time if needed! 😀",1396107,AWSSupport,Sun Dec 03 00:19:30 +0000 2017,"@444658 I hear you, Kurt! 📣 Thanks for letting me know. I've let our Kinesis team know so they can take a look. ^TI",
1399814,445485,Sat Oct 28 15:01:26 +0000 2017,@123644 can someone please get back with me on my AWS Educate Starter account??? It's only been a good 47 hours since I applied!,1399812,AWSSupport,Sat Oct 28 16:14:00 +0000 2017,"@445485 Sorry for the trouble, Austin. Please fill out this form &amp; our Educate Team will take a look: https://t.co/DumEdEcKbW ^KM",1399813
140433,147687,Fri Nov 24 04:33:58 +0000 2017,"Can't make this SQS FiFO queue to work :( AWS business support, help a brother out https://t.co/9eYjLW0jBs",140431,AWSSupport,Fri Nov 24 10:35:00 +0000 2017,"@147687 Hi, Sahand. Please feel free to create a case through our Support Center here: https://t.co/iJq9pyw9SY 😊 ^KK",140432
1423110,450701,Fri Oct 27 04:49:19 +0000 2017,@142 there are many of us in a reddit community who have pending deposits from 10/22 that are being given the runaround. What's up?,1423108,AWSSupport,Sat Oct 28 18:14:00 +0000 2017,"@450701 Hi, please provide more info via this contact form &amp; our customer service team will investigate https://t.co/OABpuoFZnW ^KM",1423109
1423112,450702,Sat Oct 28 16:40:41 +0000 2017,It would be great if we could announce routes from an instance to the @123644 VPC router using BGP (simpler HA for VPN/NAT) #awswishlist,1423111,AWSSupport,Sat Oct 28 18:04:31 +0000 2017,"@450702 We appreciate your input, Laurent. I've shared your wish with our EC2 team for consideration. 😉 ^KM",
1428889,451893,Mon Oct 16 14:06:46 +0000 2017,@AWSSupport Contacted you on Oct 12 about my account -- no response yet.,1428888,AWSSupport,Mon Oct 16 16:41:33 +0000 2017,"@451893 Sorry for the trouble! Your support case is being actively researched, please keep an eye out updates: https://t.co/WcthIUq3Bo ^ET",
1428898,451897,Mon Oct 16 14:53:29 +0000 2017,"Yo @123644 looks like u have a leak in your payment methods mgmt. Enter a cc # that's shared b/w cards, &amp; see a name that's not mine... 😑",1428897,AWSSupport,Mon Oct 16 16:32:40 +0000 2017,@451897 Our Security team would like to help! Mind contacting them at __email__? PGP key here: https://t.co/WmKynyohBJ ^ET,
1488929,465831,Mon Oct 16 16:27:41 +0000 2017,"@123644 how do I join affliate program.
What is that ?",1488928,AWSSupport,Mon Oct 16 21:43:42 +0000 2017,@465831 Find more details about the Amazon Associates program here: https://t.co/YkSV9dd7gt Qs? Post here: https://t.co/7qy8a60xe0 ^MN,
1488931,287899,Mon Oct 16 17:54:09 +0000 2017,Especially in Amazon #ECS I would like to see this as an inbuilt feature. 🤟 @123644 @48443,1488930,AWSSupport,Mon Oct 16 21:29:01 +0000 2017,@287899 Thanks for your input! I've forwarded your feature request on to our ECS team to be reviewed. ^ET,
1488934,465832,Mon Oct 16 17:42:35 +0000 2017,"@123644 Had a breaking change introduced with a recent update, release notes would be useful!!",1488933,AWSSupport,Mon Oct 16 19:25:00 +0000 2017,"@465832 Thanks for the feedback, Michael. I've passed this along internally to be reviewed. ^ET",
1488934,465832,Mon Oct 16 17:42:35 +0000 2017,"@123644 Had a breaking change introduced with a recent update, release notes would be useful!!",1488935,AWSSupport,Wed Oct 18 19:49:28 +0000 2017,"@465832 Hi, Michael! You can find announcements being made on the forums page here ➡️ https://t.co/VcEpdsHZ1c ^ET",
1488939,465833,Mon Oct 16 18:05:20 +0000 2017,I am in Greater NYC and use @123644 Loft here.  I would like a @61405 in ATL. Maybe near @465834 campus,1488937,AWSSupport,Mon Oct 16 19:20:27 +0000 2017,"@465833 We appreciate your feedback, Nicholas! I've forwarded your request to our AWSloft team to review. ^ET",1488938
1509819,470430,Fri Nov 03 09:54:10 +0000 2017,Well aws won’t let me post to the forum yet but people should be aware that if you have an ecs cluster it may now longer be able to scale,1509818,AWSSupport,Fri Nov 03 13:29:28 +0000 2017,"@470430 Steve, this doc may help: https://t.co/GxLlsaCEUg ^JK",
1594793,490047,Tue Oct 17 05:27:50 +0000 2017,Rodney of @AWSSupport is a gentleman and a scholar. Much love to #AWS #Support for helping us out in a huge way. https://t.co/IstP2xeDsV,1594791,AWSSupport,Tue Oct 17 08:50:00 +0000 2017,"@490047 Thanks for the great kudos, Kenny! I have ensured that Rodney knows what a MVP he is! ⚾ ^CM",1594792
1594795,490048,Mon Oct 16 23:26:32 +0000 2017,"The @123644 docs are also misleading; if you use pip3, you need that path. Lots of mucking around :(",1594794,AWSSupport,Tue Oct 17 08:45:36 +0000 2017,"@490048 Hi, Donna. Feel free to click the ""feedback"" button at the bottom right on any of our documentation to be reviewed by us. ^KK",
1594798,490049,Tue Oct 17 00:46:53 +0000 2017,@AWSSupport Hi. my saas https://t.co/vbdEmZXywP is on your domain and support in Brasil cant solve slow and instabilities can you help me?,1594797,AWSSupport,Tue Oct 17 08:38:31 +0000 2017,"@490049 Hi, I have created a case for you via the Support Center. Check here for more info: https://t.co/jANsmDICUz ^KK",
1594801,490050,Tue Oct 17 01:01:00 +0000 2017,Pathetic service by PSI for AWS exams I had to miss my exams because of poor communication please help to reschedule @123644,1594799,AWSSupport,Tue Oct 17 08:33:32 +0000 2017,@490050 Sorry to hear about your experience. Please contact our AWS Training and Certification team here: https://t.co/xAXSVz5nlP ^KK,1594800
1594802,490050,Wed Oct 18 02:27:00 +0000 2017,"@AWSSupport thanku you AWS ,PSI helped  me to resettle the exam without any extra pay",1594803,AWSSupport,Wed Oct 18 05:57:56 +0000 2017,"@490050 It's a pleasure, Sunil. I'm glad to hear your issue has been resolved. Good luck with your exam. 😊 ^KK",
1594814,490052,Tue Oct 17 01:08:52 +0000 2017,@123644 @50339 When is ap-southeast-2 region due?,1594813,AWSSupport,Tue Oct 17 08:26:57 +0000 2017,"@490052 Hi, I have forwarded your request to our AWS WAF team. Thanks for the +1! 😊 ^CM",
1594816,194668,Tue Oct 17 10:26:30 +0000 2017,@123644 It would be awesome if you guys can include https://t.co/KoQf5nYhup as well @65994 @AWSSupport,1622060,AWSSupport,Tue Oct 17 11:48:29 +0000 2017,"@194668 Hi, Vikas. Thanks for sharing your improvement idea with us! I've made sure your idea reaches the correct team. 😁 ^ES",
1594818,490053,Tue Oct 17 06:08:40 +0000 2017,"@AWSSupport Not to jinx it, but now it seems to be back up.",1594817,AWSSupport,Tue Oct 17 07:18:29 +0000 2017,"@490053 Glad to hear all is the way it should be on your end, Matt 🤞 Please give us a shout should you require any assistance. ^CM",
1594830,490056,Tue Oct 17 02:28:21 +0000 2017,"Dear @123644,
It was very cruel of you to introduce S3 object tagging but to not include searching for objects with tags.",1594829,AWSSupport,Tue Oct 17 06:49:31 +0000 2017,"@490056 Hi there, thanks for sharing your feedback. I have ensured that it reaches our S3 team for review. 👍 ^CM",
1614684,220551,Sat Nov 25 22:09:22 +0000 2017,@123644 @AWSSupport What's the best practice to keep a full backup of an instance with multiple volumes?,1614683,AWSSupport,Sun Nov 26 00:04:00 +0000 2017,@220551 Check out this Best Practices doc: https://t.co/WyNrXEhLvv &amp; you may find additional helpful info in this forum thread: https://t.co/3Dr5SKVXgZ Feel free to add to the thread if you have further questions! 😊 ^TI,
1614686,495290,Tue Nov 28 21:26:22 +0000 2017,@AWSSupport Is there some ticket I can track? We are waiting for this release so we can run Docker on Windows in production.,1614688,AWSSupport,Tue Nov 28 21:46:30 +0000 2017,"@495290 We'll make any announcements related to this release, here: https://t.co/jnK2BMSx42 📰 ^TI",1614689
1614687,495290,Sat Nov 25 12:45:17 +0000 2017,@22030 @123644 @160659 When does AMI for Windows Server 2016 (1709 version) land in your marketplace ?,1614685,AWSSupport,Sat Nov 25 21:03:27 +0000 2017,"@495290 Hi, Gudjon. Thanks for letting us know what you want! I've shared your request with our Marketplace team for consideration. ^KM",1614686
1614693,495291,Sat Nov 25 11:49:36 +0000 2017,"@123644  hello, i am stuck, i got the ssl working up to i need to modify this through putty https://t.co/RLjvbRbMWS Modify the /opt/bitnami/apps/APPNAME/conf/httpd-prefix.conf",1614690,AWSSupport,Sat Nov 25 20:59:29 +0000 2017,"@495291 Hi, could you post additional details on our forums so our engineers can take a look? https://t.co/hX5bhPDjjj ^KM","1614691,1614692"
1622049,316880,Tue Oct 17 07:34:27 +0000 2017,@AWSSupport @15838 Intrinsic functions need to be called to create them.. Hope you include them in cloudformation very soon.,1622048,AWSSupport,Tue Oct 17 11:53:33 +0000 2017,@316880 I have forwarded your feature request on to our CloudFormation team to be reviewed. Thanks for the input! 😊 ^KK,
1622063,496997,Tue Oct 17 00:33:36 +0000 2017,@123644 Are there any plans to support an EB image for .NET Core on Linux?,1622061,AWSSupport,Tue Oct 17 10:01:00 +0000 2017,"@496997 Great question, James! We're always trying to improve our services so I've made our service team aware of your request! ^KK",1622062
1622065,158486,Tue Oct 17 00:04:54 +0000 2017,@AmazonHelp @123644 Our senior developer passed away and his accounts have lapsed. Is there a way we can recover data from his EC2?,1622064,AWSSupport,Tue Oct 17 09:08:27 +0000 2017,@158486 I'm sorry to hear this &amp; we'd like to assist. Please create a case through our Support Center here: https://t.co/jANsmDICUz ^KK,
1624913,497635,Fri Nov 03 13:31:54 +0000 2017,"@AWSSupport Mind? How could I mind if you guys make fantastic stuff, it would be great to participate, I’ll hop on into the forums.",1624912,AWSSupport,Sun Nov 05 13:10:00 +0000 2017,@497635 Great! We appreciate your kind words. 😀 Ping us your post if you'd like. ^KM,
1624915,497635,Wed Oct 18 16:07:35 +0000 2017,Yo @123644 you know what would be great? A workmail App.,1624914,AWSSupport,Fri Nov 03 12:31:00 +0000 2017,@497635 Our engineers are interested in your use case. Mind posting it to our Forums &amp; sending me the URL? https://t.co/Ai7NRgdlk2 ^KM,1624913
1624915,497635,Wed Oct 18 16:07:35 +0000 2017,Yo @123644 you know what would be great? A workmail App.,1624916,AWSSupport,Wed Oct 18 18:50:33 +0000 2017,"@497635 Hi, Freddy. I've shared your feature request with our WorkMail team for review. Thanks for the input! 😀 ^KM",1997495
164131,154008,Fri Nov 24 16:16:20 +0000 2017,"500 Internal Error with @123644 when trying ot use SNS and support does not know how to help. 

Guess what ? SNS means: Amazon Simple Notification Service. SIMPLE !!!

SIMPLE !!! 

#fail @AWSSupport",164129,AWSSupport,Fri Nov 24 19:25:00 +0000 2017,"@154008 Hi Cyril, I'm sorry for the trouble! If still an issue, feel free to post in our Forums so our community can help out: https://t.co/fM33MB1puC ^KM",164130
164135,154009,Fri Nov 24 12:38:41 +0000 2017,#Phishing @123644 - BEWARE! https://t.co/4jprDmBNfy,164133,AWSSupport,Fri Nov 24 19:03:01 +0000 2017,@154009 Thanks for the heads up. Please fill out the following form with details &amp; someone will investigate: https://t.co/zpO0dZHVtU ^KM,164134
164140,154010,Fri Nov 24 17:01:50 +0000 2017,Hi @123644 Can you please make the columns on the IAM user list (https://t.co/bm7KPZH2W1) sortable? Be handy to sort by key age or Last Activity date. Thanks!,164139,AWSSupport,Fri Nov 24 18:59:31 +0000 2017,"@154010 Hi, I've forwarded your feature request to our IAM team for review. Thanks for the input!😀 ^KM",
164144,154011,Fri Nov 24 15:54:35 +0000 2017,@123644 Help! I've ordered my two full conference passes with a non-existing email address by accident and can't access my registration codes... Can we fix this?,164141,AWSSupport,Fri Nov 24 18:30:00 +0000 2017,@154011 Oh no! Please contact our re:Invent Support team via the following page &amp; someone will assist you directly: https://t.co/IfOcSTX29V ^KM,"164142,164143"
164146,154012,Fri Nov 24 09:53:39 +0000 2017,AWS sends me bills every months but I can use my account. @123644 Are you fucking kidding me? And also I can not turn off services which I don't use #aws #amazon https://t.co/NeqWXWhkEH,164145,AWSSupport,Fri Nov 24 18:02:00 +0000 2017,"@154012 I'm so sorry for the frustration! Here's what may be happening with those charges: https://t.co/zaXT7KQQKk. To figure this out &amp; get your account reinstated, follow the steps here: https://t.co/XQdVTyH0dK ^CM",
164148,133867,Fri Nov 24 10:49:19 +0000 2017,"Hey @123644 RDS Aurora, what happens? O_O

&gt; Recovery of the DB instance has started
&gt; Error restarting mysql: Engine bootstrap failed with no mysqld process running...

Anyone else experiences issues with RDS Aurora?",164147,AWSSupport,Fri Nov 24 12:06:26 +0000 2017,"@133867 Hi there, Sergei. No issues have been found on our end: https://t.co/OqTF0BdPad Please feel free to post on our RDS Forum should you require any further assistance: https://t.co/saGkSYSH2J ^CM",
164150,154013,Fri Nov 24 10:19:53 +0000 2017,"@AWSSupport hi team, we are in business plan, while we trying for technical support it's showing has technical support is unavailable in basic plan",164149,AWSSupport,Fri Nov 24 12:01:34 +0000 2017,"@154013 Hi there, our support team would be happy to assist. Please create an Account and Billing Support case and they will take a closer look as to what the problem may be: https://t.co/cKEBmh1nxd ^CM",
1658540,237891,Tue Oct 17 13:51:24 +0000 2017,"@AWSSupport can someone take a look at ticket 4543797331? 
it’s been a day with no reply",1658539,AWSSupport,Tue Oct 17 14:17:34 +0000 2017,"@237891 Hi, Fernando, we have received your inquiry and someone is looking into it currently. ^JK",
1658542,506019,Tue Oct 17 12:40:15 +0000 2017,"@123644 Hey on https://t.co/KoCE1J5fdU you have a link that is https://aws/amazon.com/free, which is broken.",1658541,AWSSupport,Tue Oct 17 13:53:03 +0000 2017,"@506019 George, thank you for your feedback. I've sent it over to the Web team so they can take a look. ^JK",
1699333,515336,Fri Nov 10 04:16:45 +0000 2017,@123644 So this https://t.co/J3rQuPjEF5 says EU but I cannot find c5 in Frankfurt or London!!,1699332,AWSSupport,Fri Nov 10 07:22:52 +0000 2017,"@515336 Hi, Khalida. EC2 C5 Instances are currently only available in the US East (Northern Virginia), US West (Oregon), and EU (Ireland) regions. For more info, please check out our AWS News Blog: https://t.co/nvbvPI1abA ^CM",
1713849,519021,Tue Oct 17 16:32:09 +0000 2017,@123644 Multiple AWS accounts and no way to switch between them without logout/login or separate browser is a nuisance,1713848,AWSSupport,Tue Oct 17 17:53:12 +0000 2017,"@519021 Katie, this doc may help: https://t.co/tsTNqeA1Kd ^JK",
1713851,519022,Thu Sep 21 10:04:22 +0000 2017,"@AWSSupport Cool, can you send me a link when it’s back. This is extremely relevant to my interests. Trying to migrate on-premise pgsql to RDS. :)",1713850,AWSSupport,Tue Oct 17 17:04:34 +0000 2017,"@519022 Good news, Till! The article you've been waiting for is up &amp; running again 🎉 https://t.co/nW5XYChIE8 ^RH",
1713853,519022,Wed Sep 20 21:48:07 +0000 2017,@123644 404 :(,1713852,AWSSupport,Wed Sep 20 22:19:00 +0000 2017,@519022 Thanks for letting us know! I've shared this internally so a fix can be made. 🛠 ^RH,1713851
1713857,519023,Tue Oct 17 15:48:17 +0000 2017,"The option to include User Data for the AMI created after a replication job.
@123644 #ServerMigrationService #WishList",1713855,AWSSupport,Tue Oct 17 16:42:00 +0000 2017,"@519023 We appreciate the feedback, Hernan, as we're always trying to improve our services. I've sent it to the service team! ^JK",1713856
1713862,519025,Tue Oct 17 14:24:33 +0000 2017,@123644 are you working on a new version of AWS where my EC2 instances do not vanish for no reason and take all their data with them?,1713861,AWSSupport,Tue Oct 17 16:13:32 +0000 2017,"@519025 Hi, we'd like to help. Could you post more details in our forums so our engineers can assist? https://t.co/SBy95M0Htv ^JK",
1716562,255744,Fri Nov 03 20:53:32 +0000 2017,". @53845  @123644  @53846 &gt; 
Any updates on the 2018 Summit Calendar ?",1716561,AWSSupport,Mon Nov 06 21:30:33 +0000 2017,@255744 Hello! Please email __email__ if you'd like to be notified when the 2018 Summits schedule is published. ^RH,
1716564,519811,Mon Nov 06 16:08:01 +0000 2017,@123644 Do you offer any free services beyond the AWS Free Teir for Prime Members?,1716563,AWSSupport,Mon Nov 06 20:58:01 +0000 2017,@519811 Our Free Tier covers a variety of services: https://t.co/bxC4iZXiWD For q's create a support case: https://t.co/cKEBmh1nxd ^ET,
1722093,521075,Tue Nov 07 05:51:18 +0000 2017,@123644 Any issues in Elastic Cache N. Virginia region?,1722092,AWSSupport,Tue Nov 07 07:40:24 +0000 2017,"@521075 No issues found on our end, Babu. If the issue persists, please post on our ElastiCache Forum here: https://t.co/Vl8Qzq71Oy ^CM",
1730655,522956,Tue Nov 07 08:19:40 +0000 2017,"@123644 please, add #CloudFront stats #api #awswishlist",1730654,AWSSupport,Tue Nov 07 11:37:31 +0000 2017,"@522956 Hi, Flavio. I have informed our CloudFront team of your feature request. Thanks for the +1 👍 ^CM",
1751096,527641,Tue Oct 17 07:59:14 +0000 2017,"Dear @123644 how can i get a better documentation and example for Mobile Rekognition? I need it so much, thanks.",1751095,AWSSupport,Tue Oct 17 18:35:32 +0000 2017,"@527641 Hi Ade, for your reference check out these pages! ➡️ https://t.co/egBuQMNvtK &amp; https://t.co/tw8gVqF6vB ^KK",
1751100,133867,Wed Oct 18 08:30:47 +0000 2017,"@AWSSupport I wish I could :( It seems that I have to wait a few hours until my account is ""activated"" :D Jeez....",1751102,AWSSupport,Wed Oct 18 09:59:34 +0000 2017,@133867 We'd like to help you with this. Please open a case for us to look into your AWS Forum account further: https://t.co/PgdngQy6np ^ES,
1751101,133867,Tue Oct 17 17:51:41 +0000 2017,Whoa! @123644 Device Farm is incredibly slow (especially the UI)... Like... the worst UX experience among all AWS products so far o_O,1751099,AWSSupport,Tue Oct 17 18:12:00 +0000 2017,"@133867 Sorry for any trouble, Sergei. Would you mind posting details in our forums so our engineers can help? https://t.co/ox7kbK2tkE ^JK",1751100
1770098,141065,Wed Oct 25 11:31:32 +0000 2017,"@AWSSupport On IAM console page, the ""Encryption keys"" menu item link ends with /us-east-1. Why? The others don't. https://t.co/muS2QOpSm0",1770096,AWSSupport,Sat Oct 28 22:16:00 +0000 2017,"@141065 The ""Encryption keys"" section represents the KMS console. Unlike IAM, KMS is a regional service https://t.co/vmX3pjc3uB ^KM",1770097
1770100,532154,Sat Oct 28 00:55:52 +0000 2017,@123644 What are the pros and cons of using Lightsail as opposed to EC2?,1770099,AWSSupport,Sat Oct 28 22:15:00 +0000 2017,@532154 Check this: https://t.co/DC3yt0f3Si You can post Q's here for insight from our experts &amp; community: https://t.co/5oNzxvMuiB ^TI,
1771454,532478,Tue Nov 07 23:41:38 +0000 2017,@123644 Does Aurora support JSON types yet?,1771453,AWSSupport,Wed Nov 08 01:19:00 +0000 2017,@532478 Thanks for letting me know what you're looking for! I've passed your +1 along to our Aurora team. 😊 ^TI,
1804740,542260,Tue Oct 17 20:24:33 +0000 2017,@48443 I've some questions about the AWS MongoDB service &amp; AWS S3 bucket service. Is there a german speaking support for small StartUps?,1804739,AWSSupport,Tue Oct 17 23:56:36 +0000 2017,@542260 Our Sales &amp; BD team can help! Fill this out &amp; a representative in your area will reach out: https://t.co/0bjTczyHjo 📝 ^TI,
1804742,542261,Tue Oct 17 20:23:16 +0000 2017,"@AWSSupport Hi, Your Win Beenstalk create is broke. Tried to let you know via support ticket but have to pay extra to go that route aprntly. https://t.co/6Zo8xikHWC",1804741,AWSSupport,Tue Oct 17 21:37:30 +0000 2017,@542261 Here are your options for help: https://t.co/YpbggiK9o9 I suggest posting in our Forums for guidance: https://t.co/E2YfYeGzhv ^TI,
1823204,547326,Mon Sep 25 19:28:47 +0000 2017,@123644 hi! Any news on getting into the Alpha for using TPU’s ? What’s it take ? When is it starting? #AWS #TensorFlow #TPU,1823202,AWSSupport,Mon Sep 25 20:07:32 +0000 2017,@547326 Thanks for the interest! I've captured your query &amp; shared it internally for review. 😊 ^RH,1823203
1855817,163480,Wed Oct 18 01:20:54 +0000 2017,"@123644 Your $50 AWS Credit Code | Virtual AWSome Day. 
Gave me an invalid code. Very Disappointed :(",1855816,AWSSupport,Wed Oct 18 06:57:31 +0000 2017,@163480 We'd like to help with this. Please create a support case and provide the promo code information: https://t.co/2wRahSaFxa ^ES,
1855819,555120,Wed Oct 18 00:48:24 +0000 2017,"@123644 Currently, Amazon ES does not support Amazon Kinesis Firehose integration for domains inside a VPC.  :(",1855818,AWSSupport,Wed Oct 18 06:46:38 +0000 2017,"@555120 Hi, Asif. I've shared this with our Elasticsearch team. Thanks for bringing this to our attention. ^ES",
1855825,555122,Wed Oct 18 01:21:34 +0000 2017,"@123644 Hey, do you not have any e-mail support? I can´t logg into my account... I have tried reseting the password 5 times already.",1855824,AWSSupport,Wed Oct 18 06:21:00 +0000 2017,@555122 We'd like to help! Please complete this form and we'll be in touch to further assist: https://t.co/CSc8kjNmLA ^KK,
1877251,560376,Mon Oct 30 12:17:56 +0000 2017,@AWSSupport @74647 @74648 you have a release schedule for the .got TLD (https://t.co/htLGD0PcS4)? Realy want a domain on it,1877249,AWSSupport,Mon Oct 30 15:39:00 +0000 2017,"@560376 Thanks for your interest, Richard! For updates please email: __email__ ^ET",1877250
1877253,216715,Mon Oct 30 13:28:28 +0000 2017,@AWSSupport i can't perform a yum update on a new instance. Instance ID is i-0e716f9be1364a24b and it times on a server. HELP!!!,1877252,AWSSupport,Mon Oct 30 14:42:34 +0000 2017,"@216715 Sorry for any trouble, Alex. Would you mind posting details in our forums so our engineers can help? https://t.co/hcRyyBBYQW ^ET",
1880087,561126,Wed Oct 18 10:05:48 +0000 2017,"@AWSSupport Hi ES, thanks for the response. I’d love to open a case, but I’m unable to logon to my account :-(",1880089,AWSSupport,Wed Oct 18 11:04:00 +0000 2017,@561126 Sorry to hear your having trouble logging in. Please reach out to us using this form: https://t.co/RPmqx8KrMc ^ES,1880090
1880088,561126,Wed Oct 18 07:26:09 +0000 2017,"Morning @AWSSupport please can you DM me wrt to my ongoing issue with the “Verifying it’s you” page / email etc., thanks in advance 😁",1880086,AWSSupport,Wed Oct 18 10:03:26 +0000 2017,"@561126 Hi, Dave. While we're unable to DM you, we definitely want to help! Please open a case here: https://t.co/cR8mMmtX35 ^ES",1880087
1880090,561126,Wed Oct 18 11:33:10 +0000 2017,"@AWSSupport Hi, thanks for this, I’ve done that a few times already, most recently Tania C came back to me, but need to get a proper 1:1 dialogue going!",1880091,AWSSupport,Thu Oct 19 08:44:29 +0000 2017,"@561126 Hi, Dave. Please check your email inbox, as well as its additional folders for the latest email correspondence. ^ES","1880092,1880093"
1880092,561126,Thu Oct 19 09:06:22 +0000 2017,"@AWSSupport Hi ES, yay yay and thrice yay, not sure how you did it, but we’re back in the AWS game. Thank you SO much, and likewise to your AWSome team!",1880094,AWSSupport,Thu Oct 19 10:58:30 +0000 2017,@561126 You're welcome! We're glad we were able to assist you and welcome you back to the cloud. Happy cloud computing ☁💻 ^ES,
1880098,561128,Wed Oct 18 11:12:26 +0000 2017,@AWSSupport It's working now. I'm not sure what was going on before. I'll comment in the support.,1880100,AWSSupport,Wed Oct 18 11:58:00 +0000 2017,@561128 I'm glad to hear that it's working! Feel free to let us know if you need anymore help. 🤓 ^ES,
1880099,561128,Tue Oct 17 23:38:21 +0000 2017,Hey @123644 - The links from my amazon dev email do not seem to work - help a girl out? https://t.co/QTHcaVbvFv,1880097,AWSSupport,Wed Oct 18 09:43:26 +0000 2017,"@561128 Hi, Jess. We'd like to help, please send us more info about the email via a support case: https://t.co/Orau5gNwjp ^ES",1880098
190272,160632,Wed Oct 04 20:47:37 +0000 2017,"@123644 you should update the HIPAA whitepaper with the new services (SQL Server, Lambda) https://t.co/2lb2AENaO0 because they're awesome!",190271,AWSSupport,Wed Oct 04 21:59:45 +0000 2017,"@160632 Hi, Dennis! Lambda info is on pg 20 &amp; SQL Server on pg 9. Feel free to share any additional feedback: https://t.co/HKzQ88Giws 😊 ^RH",
190275,160633,Wed Oct 04 20:39:35 +0000 2017,Any ideas why a #ElasticBeanstalk service isn't unzipping a #CodeBuild zip artifact once it lands on the #EC2 instance? Stumped... :( #AWS,190273,AWSSupport,Wed Oct 04 21:58:00 +0000 2017,"@160633 This info may help, Andy: https://t.co/N686twy65Y &amp; https://t.co/W4Ji5WCV2f For expert guidance, create a new forum thread. ^RH",190274
190278,160634,Tue Oct 03 23:08:48 +0000 2017,@48443 So does that mean that AWS can do end to end http 2.0 when using cloudfront to alb to AWS Linux running httpd or nginx?,190276,AWSSupport,Wed Oct 04 21:46:00 +0000 2017,@160634 This is a great question for our experts &amp; community! Mind posting your query in our forums? https://t.co/vDyfNfWcdk  ^RH,190277
190282,160635,Thu Oct 05 11:18:03 +0000 2017,"@AWSSupport There is an improper billing on my In wife's name.. Well, She used the free AWS service. Now charging values, fees, which we do not hire.",190284,AWSSupport,Thu Oct 05 11:47:30 +0000 2017,"@160635 Hi, Vitor. Please ask your wife to create a case via the Support Center &amp; we will gladly assist: https://t.co/jANsmDICUz ^VR",190285
190283,160635,Wed Oct 04 19:49:28 +0000 2017,"I need to resolve an undue billing issue with you (in Portuguese in Brazil), where to call, where to request? @123644",190280,AWSSupport,Wed Oct 04 20:36:00 +0000 2017,@160635 Support is offered in English &amp; Japanese: https://t.co/jZ6mFjFHRi but create a case &amp; we'll  it out: https://t.co/jANsmDICUz ^RH,"190281,190282"
190287,160636,Wed Oct 04 19:13:10 +0000 2017,@123644 Can i find out documentation or guide about this?,190286,AWSSupport,Wed Oct 04 20:03:00 +0000 2017,"@160636 Hi, check out this doc: https://t.co/PJ303ikWGl. You may also find the following webinar helpful https://t.co/xCJ24oHfiP ^KM",
190291,160637,Wed Oct 04 18:30:43 +0000 2017,@123644 @AWSSupport can you work on enabling S3 IAM access by S3 bucket tag? Only access by obj tag available 😢 thnx,190289,AWSSupport,Wed Oct 04 20:01:35 +0000 2017,"@160637 Hi, Iris. I've forwarded your feature request on to our IAM team to be reviewed. Thanks for the feedback! ^KM",190290
190291,160637,Wed Oct 04 18:30:43 +0000 2017,@123644 @AWSSupport can you work on enabling S3 IAM access by S3 bucket tag? Only access by obj tag available 😢 thnx,190292,AWSSupport,Sat Oct 07 20:57:28 +0000 2017,@160637 Our S3 team would like more details. Could you post more info to our Forums &amp; send me the URL? https://t.co/KO9F73NoqB ^KM,
190295,160638,Wed Oct 04 18:37:14 +0000 2017,"hey @AWSSupport  how on earth would you expect us to memorize our Amazon Acc ids? You don't send in any of your emails, and I can't login",190293,AWSSupport,Wed Oct 04 19:58:26 +0000 2017,"@160638 Sorry for the trouble, Bahadir. Please fill out the following form &amp; we'll assist you directly https://t.co/Z5FE9SVsEQ. ^KM",190294
190297,160639,Mon Oct 02 18:22:29 +0000 2017,@123644 I am looking for cloud setup.requested sales support but have not heard any one. I am from India.Can any one contact me in morning,190296,AWSSupport,Wed Oct 04 19:57:34 +0000 2017,"@160639 Sorry for the trouble! If you haven't already, please create a detailed support case so we can help: https://t.co/jANsmDICUz ^ET",
190301,160640,Wed Oct 04 14:02:28 +0000 2017,@5503 @AWSSupport Alexa developer portal seems to be broken atm :-/,190298,AWSSupport,Wed Oct 04 14:56:30 +0000 2017,"@160640 Hi, please post more info on our Forums, send me the URL &amp; I'll have an engineer take a look https://t.co/QakY2Om9KJ ^KM","190299,190300"
190303,160641,Wed Oct 04 07:31:50 +0000 2017,@123644 Plz allow searching across all log streams in aws lambda logs. It's really frustrating to search each log stream one by one,190302,AWSSupport,Wed Oct 04 09:57:28 +0000 2017,"@160641 I have forwarded your feature request on to our Lambda team to be reviewed. Thanks for the input, Nitin! 😊 ^KK",
190306,160642,Wed Oct 04 08:36:05 +0000 2017,"Proud to share my @123644 Certified Solutions Architect - Associate Badge
 https://t.co/GiU2Ro8Qqz to share my knowledge @12359  #in",190304,AWSSupport,Wed Oct 04 09:50:32 +0000 2017,"@160642 Well done, Nando! Thanks for sharing the great news. Looking forward to seeing what you'll do next! 😀 ^KK",190305
190308,160643,Wed Oct 04 05:51:01 +0000 2017,@123644 is there any problem going on with lambda? I am unable to upload any zip files to the functions.,190307,AWSSupport,Wed Oct 04 09:44:26 +0000 2017,"@160643 Hi, Akshay. There is no issue affecting Lambda. If the trouble persist, please open a case here: https://t.co/SFl4Eliyy5^KK",
190310,160644,Wed Oct 04 06:37:03 +0000 2017,"@123644 @AmazonHelp I tried with @6553 and @12131 credit cards for Rs. 2 auth payment for AWS hosting but it fails, Please help!",190309,AWSSupport,Wed Oct 04 07:32:51 +0000 2017,"@160644 Hi, Anisha. I have created a support case for you via the Support Center. You can view it here: https://t.co/jANsmDICUz ^KK",
190312,160645,Tue Oct 03 23:20:23 +0000 2017,"Wow, AWS Quicksight is beyond buggy. Definitely not ready for primetime. Can't even add multiple dimensions",190311,AWSSupport,Wed Oct 04 07:20:00 +0000 2017,"@160645 Hi, Jeff. We'd like to best understand your use case, please provide more info on our QuickSight Forum: https://t.co/lvNUIfyDJj ^ES",
190315,160646,Wed Oct 04 03:28:02 +0000 2017,"@115851 early stage startup,I wish my request to increase sns limit handled quicker, which would avoid unhappy clients. @AWSSupport",190313,AWSSupport,Wed Oct 04 07:19:00 +0000 2017,"@160646 Thanks for the feedback, Vinay. I've sent the feedback details along internally. 👍 ^KK",190314
1903243,567194,Tue Oct 31 02:27:59 +0000 2017,"@123644 hey guys, we need urgent help with our account to prevent suspension of it...!",1903241,AWSSupport,Tue Oct 31 06:26:29 +0000 2017,@567194 Please create a case and choose the phone contact option for AWS Support to quickly assist you: https://t.co/C3OAKhiLjA ^ES,1903242
190325,160648,Tue Oct 03 23:48:05 +0000 2017,Why you no say what version?!?!? @123644 #ebs https://t.co/sgxbwwfG4c,190324,AWSSupport,Wed Oct 04 06:54:00 +0000 2017,"@160648 Thanks for sharing this suggestion with us, Nathan. I've let the relevant team know about your request. 😊 ^ES",
190327,160649,Tue Oct 03 22:48:53 +0000 2017,"@AWSSupport .  I’m not able to receive mail in AWS WorkMail.  I added the DNS records to Route53, but I only can send messages, not receive.",190326,AWSSupport,Wed Oct 04 00:22:34 +0000 2017,"@160649 Sorry for the trouble! Try: https://t.co/rOFfo9LuY7 &amp; https://t.co/vrywi8cL1x For guidance, create a new forum thread. ^RH",
190329,160650,Tue Oct 03 20:59:33 +0000 2017,@123644 @115851 Can I pay extra $29 in a one-time fee to just talk to a human? I don't know why I pay you a monthly fee but no one will just talk to me.,190328,AWSSupport,Tue Oct 03 23:53:18 +0000 2017,@160650 I am so sorry Chris. Please know that @10586 is not an official or approved AWS affiliated account. I've emailed you ✉️ ^TI,
190330,160650,Fri Sep 29 02:22:52 +0000 2017,"So let me get this straight, @123644 / @115851 - I pay for AWS but that doesn't include support? My site is down &amp; I can't do anything?",190331,AWSSupport,Fri Sep 29 06:24:00 +0000 2017,"@160650 Hi, Chris. I have created a case for you via the Support Center. Check here for more info: https://t.co/jANsmDICUz ^CM",190707
190333,160651,Tue Oct 03 21:04:20 +0000 2017,"@AWSSupport Hey guys, you planning to add Container Linux by @28514 to AWS Lightsail?",190332,AWSSupport,Tue Oct 03 23:41:00 +0000 2017,@160651 Hi there! I've shared your query with our Lightsail team for review. 👍 ^RH,
190335,160652,Tue Oct 03 22:55:54 +0000 2017,@123644 I wish there was a copy/duplicate option in API Gateway https://t.co/MqZrMWMD6L,190334,AWSSupport,Tue Oct 03 23:38:39 +0000 2017,"@160652 Hi, Jeremy! I've shared your wish with our API Gateway team for consideration. Thanks for the input! 😊 ^RH",
190337,160653,Sat Sep 23 06:37:23 +0000 2017,@123644 @48443 is there a high-quality or vector version of the new aws logo?,190336,AWSSupport,Tue Oct 03 23:36:00 +0000 2017,"@160653 Hi Timo, you can download the new logo here in our Press Room: https://t.co/6Webd2MFR6 😁 ^TI",
190339,160654,Tue Oct 03 20:41:39 +0000 2017,Is #cloudfront having problems? #aws https://t.co/Krh3df1kR9,190338,AWSSupport,Tue Oct 03 22:44:54 +0000 2017,"@160654 I think I found a similar scenario here: https://t.co/v7Z66Iv9fr If this doesn't help, post your own thread &amp; send the URL 😄 ^TI",
190342,160655,Tue Oct 03 19:43:10 +0000 2017,@123644 Is it possible to stop the invoicing emails when I don't have any AWS resources? I get an email with $0 invoice every month.,190340,AWSSupport,Tue Oct 03 22:12:54 +0000 2017,"@160655 $0 invoices are the best kind! 👍 I've forwarded that feedback along internally for consideration. Thanks, Steven! ^TI",190341
190342,160655,Tue Oct 03 19:43:10 +0000 2017,@123644 Is it possible to stop the invoicing emails when I don't have any AWS resources? I get an email with $0 invoice every month.,190343,AWSSupport,Fri Oct 06 18:01:25 +0000 2017,"@160655 Try avoiding this by logging in, following this link, &amp; unchecking Receive PDF Invoice By Email, here: https://t.co/fIZHHUKO5N 😊 ^TI",297239
190345,160656,Tue Oct 03 11:25:21 +0000 2017,@AWSSupport case 2114735001 opened on 22nd March 2017 (#reg. migration of AWS account to AISPL ) We are a small company and your lack of response/transparency is going to cost us a huge tax bill and penalty due to non witholding of taxes. cc: @52240,190344,AWSSupport,Tue Oct 03 19:57:46 +0000 2017,"@160656 Hi Dinu, we have received your inquiry and it is currently being looked into. ^JK",
190349,160658,Tue Oct 03 19:04:30 +0000 2017,"@160659 @123644 👋 There is a typo in a section in this document:
Appliction Design. 😀",190348,AWSSupport,Tue Oct 03 19:54:43 +0000 2017,@160658 👋 Hi Rupen! Thanks for the heads up. I've let our Website Content team know so they can look into it. ^TI,
190349,160658,Tue Oct 03 19:04:30 +0000 2017,"@160659 @123644 👋 There is a typo in a section in this document:
Appliction Design. 😀",190350,AWSSupport,Fri Oct 06 16:15:32 +0000 2017,"@160658 All fixed! 🔩🔧 Thanks again, Rupen. ^TI",294206
190354,160660,Tue Oct 03 18:48:09 +0000 2017,"@123644 DynamoDB's method of backups, upload and download is absolutely terrible.  The user/dev experience is awful. Pipelines are not easy.",190352,AWSSupport,Tue Oct 03 19:27:57 +0000 2017,"@160660 Hi, we thank you for your feedback. I've passed it on to our DynamoDB team so they can look into it further. ^JK",190353
190357,160661,Tue Oct 03 14:50:59 +0000 2017,@AWSSupport some suggestions please? https://t.co/0vcNxffBEB,190356,AWSSupport,Tue Oct 03 19:02:44 +0000 2017,"@160661 Leroy, this doc may help: https://t.co/oeeRb2ZRYx If you have more Q's, please post to the forums: https://t.co/3Pd1YwIM6M ^JK",
190368,160664,Tue Oct 03 16:08:47 +0000 2017,"@123644 ""Amazon Lex doesn't support the AMAZON.LITERAL built-in slot type."" :(",190366,AWSSupport,Tue Oct 03 18:17:00 +0000 2017,"@160664 We appreciate your feedback, Bill. I've forwarded it on to the Lex team for review. ^JK",190367
190370,160665,Tue Oct 03 15:56:06 +0000 2017,@AWSSupport IT WANTS ME TO LOG IN!,190369,AWSSupport,Tue Oct 03 16:30:28 +0000 2017,"@160665 I'm sorry for the difficulty, Luke. Please use the following form: https://t.co/GYJWLwP21K ^JK",
190372,160665,Tue Oct 03 14:34:09 +0000 2017,@AWSSupport I just got my monthly billing to this address today. Please help. 2,190371,AWSSupport,Tue Oct 03 15:55:28 +0000 2017,"@160665 Hi, Luke, do you have a support case? If not, please create one here for further assistance: https://t.co/C3OAKhiLjA ^JK",190370
190374,160666,Tue Oct 03 15:06:18 +0000 2017,@123644 Interesting  I need more info,190373,AWSSupport,Tue Oct 03 16:26:31 +0000 2017,"@160666 Charles, you may find some of these helpful: https://t.co/JJlygh0WwX &amp; https://t.co/POWv9wgFPQ ^JK",
190376,160802,Thu Sep 28 13:38:57 +0000 2017,@123644 Will we see this incorporated with Amazon Kindle reader?,190816,AWSSupport,Thu Sep 28 17:05:33 +0000 2017,"@160802 Hi, Daniel. I've +1'ed your feature request to our Polly team so they can look into it! ^JK",190817
190377,284344,Wed Oct 04 17:04:21 +0000 2017,@123644 What is termination method cited in article 7 of TOU agreement,688038,AWSSupport,Thu Oct 05 19:41:39 +0000 2017,"@284344 Hi, David. Check out this doc: https://t.co/H1ppm7HTIP. For direct assistance, contact us here: https://t.co/jANsmDICUz ^KM",
190378,183210,Fri Oct 06 03:15:23 +0000 2017,@123644 No! I need good speech to text! When?,282135,AWSSupport,Fri Oct 06 11:40:36 +0000 2017,"@183210 Hi, Dion. For your reference, check out this doc! https://t.co/5lJwwlDRoh ^KK",
190379,211898,Mon Oct 09 16:12:40 +0000 2017,@123644 Maybe learn grammar first. https://t.co/MbP8fODSzG,406561,AWSSupport,Mon Oct 09 20:14:01 +0000 2017,@211898 We appreciate your feedback! I've forwarded it internally for review. ^ET,
190380,294129,Tue Oct 10 03:34:49 +0000 2017,@123644 Does this technology include ability to convert Kindle editions of books to speech?,726928,AWSSupport,Wed Oct 11 06:03:00 +0000 2017,"@294129 Hi, please have a look at the following link as it provides info that may be helpful: https://t.co/3Kw6PR8k5n ^KK",
190381,451894,Thu Oct 12 02:35:16 +0000 2017,@123644 Is there a program or device that is speach to text? And then prints? For elderly &amp; type disabled people?,1428890,AWSSupport,Mon Oct 16 16:38:28 +0000 2017,"@451894 Amazon Lex offers speech to text. Have a look at 2 examples from our blogs: https://t.co/2VNbZQ65a2
https://t.co/PLWqYccatB ^ES",
190383,160667,Tue Oct 03 10:29:35 +0000 2017,"@123644 I cannot set up a new aws account, i've tried multiple browsers on different computers but i cannot get past this. 😡😡 https://t.co/u94XSUKLgq",190382,AWSSupport,Tue Oct 03 12:20:46 +0000 2017,@160667 I'm sorry to hear this! Please complete this form and we'll be happy to contact you: https://t.co/A9sVR61crk ^CM,
190385,160668,Tue Oct 03 09:49:49 +0000 2017,@AWSSupport Need Help can i email you?  I dont have an account but i get the billed and there is a email every month with dues.....,190384,AWSSupport,Tue Oct 03 12:09:00 +0000 2017,"@160668 Hi, Vivek. Please fill out this form &amp; we'll be in touch to help: https://t.co/UqVdYTXur4 ^ES",
190388,160669,Tue Oct 03 11:24:57 +0000 2017,Is just me or @123644 is down? I can't download anything hosted on aws 😕,190386,AWSSupport,Tue Oct 03 12:06:26 +0000 2017,"@160669 No issues on our end, Fabio. You may find our Service Health Dashboard useful in the future: https://t.co/Q1BQoD2xPv ^KK",190387
190390,160670,Tue Oct 03 00:35:04 +0000 2017,@AWSSupport no M4 instances in Oregon...what's with that? #frustrated,190389,AWSSupport,Tue Oct 03 08:59:00 +0000 2017,"@160670  Hi, Andrew. I have created a case for you via the Support Center. Check here for more info: https://t.co/jANsmDICUz ^KK",
190393,160671,Tue Oct 03 03:55:15 +0000 2017,@160672 @AWSSupport Time to leave. Moving to serverless setup,190392,AWSSupport,Tue Oct 03 06:46:26 +0000 2017,"@160671 We'd like to assist, Hareem. Please reach out to us through the Support Center here: https://t.co/hb58qygP5J ^CM",
190396,160671,Mon Oct 02 00:09:59 +0000 2017,Dear @AWSSupport what's the procedure for terminating an AWS account.,190397,AWSSupport,Mon Oct 02 05:13:52 +0000 2017,"@160671 Hi, Hareem. Please see this link for info on closing your AWS account: https://t.co/h2sl1WEQfj ^ES",
190399,160673,Mon Oct 02 23:37:50 +0000 2017,@AWSSupport Is STS having issues right now? We are having massive login issues.,190398,AWSSupport,Mon Oct 02 23:55:00 +0000 2017,"@160673 Sorry to hear that! Try this: https://t.co/1ahpdzfzxU If the issue persists, fill out this form: https://t.co/WERryqN7Pk ^RH",
190402,160674,Mon Oct 02 23:33:36 +0000 2017,@AWSSupport I dont use phones so I cannot sign up for an account. Help?,190400,AWSSupport,Mon Oct 02 23:53:00 +0000 2017,@160674 Sorry for the trouble! A valid phone number where you can be reached is needed for account activation: https://t.co/q1gLBFvkfw ^RH,190401
1904088,567435,Wed Oct 25 02:13:37 +0000 2017,@AWSSupport Hello?  Need help for the MFA token...,1904087,AWSSupport,Wed Oct 25 04:31:00 +0000 2017,"@567435 Hi, Ping. Please complete this form and our MFA team will contact you within 15 minutes to resolve this: https://t.co/Fs6uAyMzMQ ^ES https://t.co/O8pB4SaYzf",
190413,160649,Mon Oct 02 21:29:43 +0000 2017,@AWSSupport what service is best to take care of emails sending receiving a n AWS?  SES or Workmail?,190412,AWSSupport,Mon Oct 02 22:13:30 +0000 2017,"@160649 Hi! Our Sales &amp; BD team can help determine which service suits your use case, contact them here: https://t.co/xtJP2QCupM 😊 ^RH",
190434,160682,Mon Oct 02 18:49:25 +0000 2017,"#AWS Wishlist: S3 keys in the Glacier storage class should still have mutable metadata. I get how the architecture works, but surely they aren't persisting key names to tape, right? And they *do* charge S3 rates for 8kb of metadata anyway.",190433,AWSSupport,Mon Oct 02 20:18:02 +0000 2017,"@160682 Hi, Adrian. I've shared your #AWSWishlist internally for consideration, thanks for the input! 😄 ^RH",
190434,160682,Mon Oct 02 18:49:25 +0000 2017,"#AWS Wishlist: S3 keys in the Glacier storage class should still have mutable metadata. I get how the architecture works, but surely they aren't persisting key names to tape, right? And they *do* charge S3 rates for 8kb of metadata anyway.",190436,AWSSupport,Thu Oct 05 16:33:31 +0000 2017,@160682 Our Glacier team says: one way to store mutable metadata about objects in the Glacier storage class is using object tags. (1/2),
190434,160682,Mon Oct 02 18:49:25 +0000 2017,"#AWS Wishlist: S3 keys in the Glacier storage class should still have mutable metadata. I get how the architecture works, but surely they aren't persisting key names to tape, right? And they *do* charge S3 rates for 8kb of metadata anyway.",190435,AWSSupport,Thu Oct 05 16:33:31 +0000 2017,"@160682 If you have q's or would like guidance from our experts, post in our forums &amp; send the URL: https://t.co/LX7ClxfHk2 (2/2) ^RH",
190438,160683,Mon Oct 02 17:51:36 +0000 2017,"@123644 I recently received a welcome email from AWS, but I never signed up for it :/ I couldn't find another way to reach you guys.",190437,AWSSupport,Mon Oct 02 19:53:00 +0000 2017,@160683 Please contact us via our contact form so we can connect directly: https://t.co/7NwvUC6LhG ^ET,
190440,160684,Sun Oct 01 08:49:34 +0000 2017,Dearest @123644  / @10611 - why can't I log in at the #aws #partnerportal? I get 'Too many Redirects' returned from my browser :(,190439,AWSSupport,Mon Oct 02 18:48:29 +0000 2017,"@160684 Our APN team requires more info via the following form: https://t.co/cKNaoI2Aln. Include ""redirect-loop"" as the subject. ^ET",
190442,160685,Mon Oct 02 17:08:53 +0000 2017,"@123644 - bug (IMHO) in RDS Console: link to the KMS key doesn't open up the key's details page. Works if you insert the Region into the URL between ""encryptionKeys"" and the UUID. https://t.co/4gI4EHAYMs",190441,AWSSupport,Mon Oct 02 18:02:32 +0000 2017,@160685 Thanks for bringing this to our attention. I've shared the information with our RDS team to look over! ^ET,
190444,160686,Sat Sep 30 08:52:13 +0000 2017,@10611 @AWSSupport  the partner portal is not working in France. Could you check?,190445,AWSSupport,Sat Sep 30 11:09:00 +0000 2017,"@160686 We'd like to assist, Johan. Please provide more info through our Support Center here: https://t.co/9qYKoR1UNF ^CM",
190444,160686,Sat Sep 30 08:52:13 +0000 2017,@10611 @AWSSupport  the partner portal is not working in France. Could you check?,190443,AWSSupport,Mon Oct 02 17:49:40 +0000 2017,"@160686 Our APN team requires more info via the following form: https://t.co/IIGcFLLUiL. Include ""redirect-loop"" as the subject. ^ET",
190447,160687,Thu Sep 28 15:12:47 +0000 2017,"@AWSSupport 
I can not access https://t.co/vNEL9RNECL, is there a problem?",190446,AWSSupport,Mon Oct 02 17:20:33 +0000 2017,"@160687 Hello! Please use the following form and include ""redirect-loop"" in the subject for assistance. https://t.co/1tIrQDfaMB ^ET",
190467,160695,Mon Oct 02 11:58:52 +0000 2017,@160696 @AWSSupport @123644 still not for me. Europe/Belgium,190466,AWSSupport,Mon Oct 02 17:19:00 +0000 2017,"@160695 Our APN team can assist by the following form! Please include ""redirect-loop"" in the subject box. https://t.co/gKX1iPgRId ^ET",
190472,160695,Thu Sep 28 08:37:21 +0000 2017,"@123644 Hi AWS, awspartner website seems to not working (error in redirections on the login page)",190471,AWSSupport,Thu Sep 28 12:08:35 +0000 2017,"@160695 Hi, we'll be happy to look into this for you, can you please provide a link to the page with the error? ^ES",190470
190474,160697,Mon Oct 02 14:47:42 +0000 2017,It would be so awesome if @123644 Lambda natively supported #PowerShell.,190473,AWSSupport,Mon Oct 02 16:21:02 +0000 2017,"@160697 We appreciate your interest, Jason! I've shared your +1 for this feature with our Lambda team. ^ET",
190478,160698,Sun Oct 01 00:36:13 +0000 2017,@AWSSupport https://t.co/guIuVh0GWZ,190475,AWSSupport,Mon Oct 02 12:17:57 +0000 2017,@160698 Hello. Your forum post has been updated and you can view the reply here: https://t.co/GHAUO0LNOT ^VR,"190476,190477"
190480,160698,Sat Sep 30 16:07:14 +0000 2017,@AWSSupport You guys are having issues with @10610 on the us-east-1 endpoint for past 2 days already. https://t.co/e4QaQukidD,190479,AWSSupport,Sat Sep 30 18:07:00 +0000 2017,@160698 Can you add details to our forums &amp; send me the URL so our SES experts can take a look for you? https://t.co/gmQ73boYVa 👓 ^TI,190478
190482,6220,Mon Oct 02 07:42:10 +0000 2017,@123644 Is there a plan to introduce « attachable » local storage in the near future ?,190481,AWSSupport,Mon Oct 02 10:26:00 +0000 2017,"@6220 Hello, Nicolas. Thank you for the feature request, I have forwarded it to our EC2 team! ^VR",
190486,160699,Mon Oct 02 08:02:19 +0000 2017,@AWSSupport Is per second billing 'live' now in EU Ireland region?,190484,AWSSupport,Mon Oct 02 10:24:55 +0000 2017,"@160699 Hi, Anthony. I can confirm that Per-Second Billing for EC2 Linux is live in all regions: https://t.co/XZmjy7lF8w ^VR",190485
190488,118106,Mon Oct 02 02:42:44 +0000 2017,My @123644 wishlist this morning: 1) Ability to share #CloudWatch graphs without logging in. 2) Short Urls.,190487,AWSSupport,Mon Oct 02 06:10:00 +0000 2017,@118106 Thanks for sharing your #AWSWishlist Kai! I've made sure this reaches our CloudWatch team. 🤓 ^ES,
190490,160700,Wed Sep 27 14:25:48 +0000 2017,"Attn: @123644 @AWSSupport 
There's a problem with the UI (left sidebar menu overlapping) while launching Standard Setup of #WorkDocs. https://t.co/UuTHk54DLf",190489,AWSSupport,Mon Oct 02 00:04:00 +0000 2017,"@160700 Thanks to your help, this has been resolved. Our WorkDocs team sends along their appreciation! 💬 ^TI",
190492,160701,Sun Oct 01 22:03:37 +0000 2017,@123644 'We're going to charge you for AWS Directory Service' login to console and see no directory in that us-east-1. Help?,190491,AWSSupport,Mon Oct 02 00:03:00 +0000 2017,@160701 Could be one of these situations: https://t.co/Zw2MzHArvh Create a case here so we can help: https://t.co/r8NAxmzA2p 👍 ^TI,
190495,160702,Sun Oct 01 20:17:44 +0000 2017,@AWSSupport @123644 Hi I tweeted about CodeStar but never got credit. Could it be applied? Thanks! Feel free to DM https://t.co/vzYtqzKPzD,190493,AWSSupport,Mon Oct 02 00:02:00 +0000 2017,"@160702 If you haven't yet, register under step 3, here: https://t.co/lRqIVD9kFA &amp; create a case, here: https://t.co/8r7eNdq3r5 📝 ^TI",190494
190497,160703,Sun Oct 01 09:00:59 +0000 2017,Yo @AWSSupport you dont hv built in ses forward email yet? Hv to use lambda just for that? Thanks,190496,AWSSupport,Sun Oct 01 13:05:30 +0000 2017,"@160703 Currently, you can use Lambda for this. Please provide your use case for this SES feature here: https://t.co/wPTS1cqKe1 ^ES",
190501,160646,Sun Oct 01 10:08:04 +0000 2017,@123644 @AWSSupport Is there any limit on number of phone numbers that can be subscribed to topic for sending sms to multiple numbers?,190498,AWSSupport,Sun Oct 01 13:03:00 +0000 2017,@160646 This would be the same as the number of subscriptions which has a delivery rate limit. See more here: https://t.co/O6VStajBWV ^ES,"190499,190500"
190504,160704,Sun Oct 01 03:15:06 +0000 2017,Why am I being charged .60 a month on AWS? Cloudfront... WTF?!,190502,AWSSupport,Sun Oct 01 10:22:00 +0000 2017,"@160704 Hi, Patrick. I created a case with more info to help you. Please have a look at it here: https://t.co/Ti06DnGVg5 ^ES",190503
190506,160705,Sun Oct 01 01:19:23 +0000 2017,I wish @123644 console would have a clock ticker somewhere in the navbar... Would make my log filtering so much easier to work with!,190505,AWSSupport,Sun Oct 01 10:20:51 +0000 2017,@160705 I have forwarded your feature request on to the relevant team to be reviewed. Thanks for the input! 😊 ^VR,
190509,160706,Sun Oct 01 07:22:21 +0000 2017,"New Email Campaign from #AWS
Why am I getting the email in this language? @123644 
Another misconfig? Hopefully, you are not breached! https://t.co/PAmVLAxMkT",190507,AWSSupport,Sun Oct 01 10:19:50 +0000 2017,"@160706 Hi, Pratik. I understand your concern, you can have this reported as confirmed here: https://t.co/sOgVSiV9Hr ^ES",190508
190511,160707,Sat Sep 30 11:35:02 +0000 2017,"hey @12309 , @123644 , @154547 DynamoDB auto scaling is mega, but it doesn't scale down when there is zero activity. Enhancement? https://t.co/EJUU05SDrh",190510,AWSSupport,Sat Sep 30 12:13:30 +0000 2017,"@160707 Thanks for the feedback, Chris! I've passed it along to our DynamoDB team. 👍 ^CM",
190513,160708,Sat Sep 30 07:27:51 +0000 2017,@AWSSupport Kindly look into my billing error issue. The ticket number is 4478975091 . Thank you,190512,AWSSupport,Sat Sep 30 08:39:51 +0000 2017,"@160708 Hi there, I've updated your support case. The update can be viewed in the Support Center here: https://t.co/9qYKoR1UNF ^CM",
190515,160709,Fri Sep 29 22:45:10 +0000 2017,@123644 anyone else have trouble deploying to AWS Lambda  Sydney?,190514,AWSSupport,Sat Sep 30 06:15:29 +0000 2017,"@160709 No issues found on our end, James. You may find our Service Health Dashboard useful: https://t.co/OqTF0BdPad ^KK",
190517,160710,Fri Sep 29 20:36:43 +0000 2017,Still waiting for @123644 to allow #yubikeys as a MFA token. Would be great !,190516,AWSSupport,Fri Sep 29 22:05:29 +0000 2017,@160710 Thanks for the +1! I've passed that along internally for review. ✉️ ^TI,
190520,160711,Fri Sep 29 19:16:26 +0000 2017,@AWSSupport definitely did not help. What is the default value? It's not documented. Already opened a case,190518,AWSSupport,Fri Sep 29 21:37:00 +0000 2017,@160711 The maximum amount of roots in an Organization at this time is 1. I found the details here: https://t.co/CxqC1XAeZJ 😊 ^TI,190519
190522,160711,Fri Sep 29 16:00:59 +0000 2017,Anyone using AWS Organizations? I seem to have hit my limit at two accounts within an org--is this the default for everyone? cc @AWSSupport,190521,AWSSupport,Fri Sep 29 18:02:32 +0000 2017,"@160711 Hi, Adam, the following doc may help: https://t.co/8tVi5BvVUx If you need assistance, please open a case: https://t.co/C3OAKhiLjA ^JK",190520
190531,160703,Fri Sep 29 19:44:53 +0000 2017,@AWSSupport done - https://t.co/HPJLaRGWHU,190530,AWSSupport,Fri Sep 29 21:36:16 +0000 2017,@160703 Thanks! I've relayed that to our service team. We'll follow up on your forum thread if we have further questions. 🤔 ^TI,
190533,160703,Tue Aug 01 08:50:35 +0000 2017,hey @AWSSupport I wish you add feature like manually mark EC2 as un-healthy from ELB console ....,190532,AWSSupport,Fri Sep 29 18:29:00 +0000 2017,"@160703 Danny, our service team wants more info on your use case. Post details here &amp; send me your URL? https://t.co/viM7KV5cCJ 😄 ^TI",190531
190535,160713,Fri Sep 29 18:54:20 +0000 2017,@AWSSupport it was on my side. my docker server was acting badly,190534,AWSSupport,Fri Sep 29 19:19:29 +0000 2017,@160713 I'm glad you were able to figure it out! 😃 ^JK,
190537,160713,Fri Sep 29 16:16:40 +0000 2017,@123644 was local docker server misbehaving,190536,AWSSupport,Fri Sep 29 18:11:25 +0000 2017,"@160713 Bob, could you provide more info about what you're experiencing in our forums?
 https://t.co/QWuSUJGwm4 Our engineers can help ^JK",190535
190540,160714,Tue Oct 03 23:58:27 +0000 2017,@AWSSupport Bump,190543,AWSSupport,Fri Oct 06 23:57:00 +0000 2017,"@160714 Can you add details about what's going on, here: https://t.co/yst8to40gq Then send me your thread URL so we can check it out ✔️ ^TI",190544
190542,160714,Fri Sep 29 18:10:14 +0000 2017,@AWSSupport I'm not an AWS customer. I'm experiencing a routing issue to a CloudFront server. Where can I open a ticket?,190539,AWSSupport,Fri Sep 29 18:54:54 +0000 2017,"@160714 Hi, Tim, please fill out this form so we can assist: https://t.co/lNcNnjb1uf ^JK","190540,190541"
190544,160714,Wed Oct 11 17:59:11 +0000 2017,@AWSSupport Problem seems to have resolved itself but now I'm getting AWS marketing emails that I never signed up for,190545,AWSSupport,Wed Oct 11 19:49:03 +0000 2017,"@160714 Hi, Tim. You can update your AWS e-mail preferences via the following page: https://t.co/r5eDutKPE2. ^KM",190546
190546,160714,Thu Oct 12 01:47:28 +0000 2017,"@AWSSupport Problem is: I never signed up, yet you're emailing me anyways",190547,AWSSupport,Thu Oct 12 10:30:32 +0000 2017,"@160714 Please fill out the form using the email address to which the AWS Marketing emails are being sent to, and select unsubscribe. ^KK",
190549,160715,Fri Sep 29 16:03:54 +0000 2017,"@123644 Or more to the point, can you create a permanent reader/slave of an Aurora cluster that will never be promoted to writer? #aws @123644",190548,AWSSupport,Fri Sep 29 18:46:39 +0000 2017,"@160715 That's a great question for our engineers. Mind posting it to our forums, Steve? https://t.co/9DwlzB28f0 ^ET",
190552,160716,Fri Sep 29 13:58:28 +0000 2017,Thanks @123644. Your CAA check works on issuing certificates. *add AmazonCA to DNS records* #AWS #RootCA https://t.co/fXAwuKXoip,190551,AWSSupport,Fri Sep 29 18:43:12 +0000 2017,"@160716 Hi, thank you for the feedback. I've passed it along to our service team to look further into. ^JK",
190554,160717,Fri Sep 29 16:03:24 +0000 2017,Any gud place to learn @123644 in Bangalore ?,190553,AWSSupport,Fri Sep 29 18:24:03 +0000 2017,"@160717 Hi, you can find more resources here: https://t.co/ssE7oKK1c7 or you can also try these user groups: https://t.co/CDIqttkmgP ^JK",
190556,160696,Fri Sep 29 15:14:21 +0000 2017,"@AWSSupport Hi, would love too, but that's the issue; I can't login with the APN (partner) credentials. Try https://t.co/lQ1Hpavjt5 &gt; APN portal",190555,AWSSupport,Fri Sep 29 17:56:34 +0000 2017,"@160696 Please open a case in the Support Center, not the APN portal https://t.co/C3OAKhiLjA Or you can use ➡ https://t.co/zBZV1iqCCt ^JK",
190558,160696,Fri Sep 29 09:45:55 +0000 2017,@AWSSupport . Hi! I've some issues with accessing the AWS APN portal; many redirects and then time outs. Chrome and IE. Multiple users in EU,190557,AWSSupport,Fri Sep 29 12:10:25 +0000 2017,"@160696 Hi, I'd like to help, but need more info! Can you open a case &amp; provide the ID so we can take a look? https://t.co/C3OAKhiLjA ^KK",190556
190560,160718,Fri Sep 29 08:16:29 +0000 2017,What's a good way to invalidate cached data during #AWS #Lambda cold start invocs outside of handler? I'd like Lambda to cache stuff... 1/2,190559,AWSSupport,Fri Sep 29 12:31:36 +0000 2017,"@160718 Hi, please post your Q's on our Forum, provide the URL, &amp; I'll have our engineers take a look: https://t.co/3WyNkusTNn ^KK",
190614,160738,Fri Sep 29 10:33:33 +0000 2017,.@123644 Does anyone know if AWS Glue is coming to the EU anytime soon?#awsglue,190613,AWSSupport,Fri Sep 29 11:53:27 +0000 2017,"@160738 We appreciate your interest in this feature, Jaimie. I have ensured that your request reaches our AWS Glue team. 👍 ^CM",
190616,160739,Fri Sep 29 09:27:25 +0000 2017,@AWSSupport case id :4469828651,190615,AWSSupport,Fri Sep 29 11:07:37 +0000 2017,"@160739 Thank you for the info, Vishal! Your case has been updated, please check the Support Center for more details. ^KK",
190619,160739,Thu Sep 28 10:59:59 +0000 2017,@AWSSupport though i have submitted my sales query serveral time still no reply call me +91-94286-48302 as migration of DC to AWS Cloud,190617,AWSSupport,Thu Sep 28 12:28:00 +0000 2017,"@160739 Hey, please provide a case ID &amp; we'll take a look into this: https://t.co/YFjgynrPCb 😊 ^ES","190616,190618"
190621,160646,Fri Sep 29 08:20:42 +0000 2017,#AWS In India I get all these SMS's having 6 digit sender ID but #Amazon SNS doesn't allow it yet in India.Looking ahead for this to change.,190620,AWSSupport,Fri Sep 29 11:02:53 +0000 2017,"@160646 Thanks for the input, Vinay! I have forwarded your feature request on to our SNS team to be reviewed. 😊 ^KK",
190672,160760,Fri Sep 29 06:36:32 +0000 2017,"@AWSSupport Someone, possibly spammers, created an AWS account with my email. How do get the account closed?",190671,AWSSupport,Fri Sep 29 08:48:00 +0000 2017,"@160760 Hi, Nicolaj. Please report your findings here so we can investigate: https://t.co/Jcku1zy7L2 ^KK",
190706,160779,Fri Sep 29 03:10:55 +0000 2017,@123644 would be really nice to make training certificates into a LinkedIn Certifications,190705,AWSSupport,Fri Sep 29 07:30:57 +0000 2017,"@160779 Hello, Marvin. Thanks for sharing your request! I have passed it along to our Training and Certification team. ^CM",
190715,160782,Thu Sep 28 09:44:16 +0000 2017,"@AWSSupport @AWSSupport Thanks for your quick reply, here we go https://t.co/q2eT2KAFIo",190714,AWSSupport,Fri Sep 29 06:04:23 +0000 2017,"@160782 Thanks for providing the forum link, Eric. We have updated your forum thread here: https://t.co/lgcnBQGbjM ^CM",
190717,160782,Thu Sep 28 07:30:37 +0000 2017,"@AWSSupport Deploying an #APIGateway, the SSL certificate is self-signed for *.execute-api.eu-west-1.amazonaws.com domain?",190716,AWSSupport,Thu Sep 28 09:29:32 +0000 2017,"@160782 Hi, Eric. We'd like to help, could you post details in our Forum &amp; send me the URL? https://t.co/EYFFWz1qa4 ^CM",190715
190766,160788,Thu Sep 28 19:41:54 +0000 2017,@AWSSupport Provided feedback via the Feedback button as requested.  What's ^JK?,190765,AWSSupport,Thu Sep 28 20:49:00 +0000 2017,"@160788 Just Kidding, but not this time. We sign our tweets so you know whose bad joke you just read. JK, we're all hilarious 😉 ^TI",
190768,160788,Thu Sep 28 13:34:14 +0000 2017,@123644 Any chance the new logo will be made smaller on the web console?  it's pushing things behind the pin and using valuable space,190767,AWSSupport,Thu Sep 28 17:59:00 +0000 2017,"@160788 Hi, we'd love to help, but need more info. Could you provide details via the Feedback button on the bottom left of your console? ^JK",190766
190770,160789,Fri Sep 15 22:12:01 +0000 2017,"@AWSSupport Hey JK, https://t.co/X7mI5KZnGb
It's been like that for a while. The CSS property width=350px doesn't help. Thx for looking into this! 😀",190769,AWSSupport,Thu Sep 28 19:23:02 +0000 2017,"@160789 We're happy to assist! Also, the pane is re-sizable so that may help! ^JK",
190772,160789,Fri Sep 15 16:08:31 +0000 2017,"@123644 @AWSSupport how difficult is to setup a CSS? #AWS 😅
It's a 1920x1080 portrait 24"" screen... gimme some wideness FFS! https://t.co/9UzPKw0I80",190771,AWSSupport,Fri Sep 15 21:03:00 +0000 2017,"@160789 Eduardo, could you provide the URL of the page you're seeing this? ^JK",190770
190775,118836,Fri Jul 28 16:05:32 +0000 2017,@AWSSupport It's seemed to have subsided. Is there an email address where these emails can be forwarded? Postini for example had such support.,190773,AWSSupport,Thu Sep 28 19:10:41 +0000 2017,"@118836 Hi, in the future, you can forward them as an attachment to __email__ ^JK",190774
190777,118836,Tue Jul 25 18:17:50 +0000 2017,@AWSSupport Everyone in my org is reporting an increase in SPAM. That's all.,190776,AWSSupport,Fri Jul 28 16:03:00 +0000 2017,@118836 Can you provide us messages (recipient and delivery time) that should have been marked as spam in a case &amp; provide the URL? ^JK,190775
190779,118836,Tue Jul 25 16:16:21 +0000 2017,Seems the @123644 WorkMail spam filter is broken since this morning. I'm getting spammed like crazy!,190778,AWSSupport,Tue Jul 25 18:16:57 +0000 2017,"@118836 Hi, Werner, could you please provide more details in the forums so an engineer can help? https://t.co/M4wl2g607O ^JK",190777
190781,160790,Thu Sep 28 14:46:40 +0000 2017,"@AWSSupport Thanks. I already did, but the response was that I needed to confirm id by logging in, which I cant do because of a/c suspension.",190780,AWSSupport,Thu Sep 28 19:02:00 +0000 2017,"@160790 Joe, can you try filling out the form again? https://t.co/5E3o62MJGy You do not need to sign in to submit the contact form. ^JK",
190783,160790,Thu Sep 28 09:12:04 +0000 2017,Old @123644 account suspended due to CC expiry and when I try to do anything (incl get support) I can't because I can't login anymore. grr,190782,AWSSupport,Thu Sep 28 12:20:54 +0000 2017,"@160790 We'd like to assist, Joe. Please complete this form and we'll gladly contact you: https://t.co/UqVdYTXur4 ^CM",190781
190786,160791,Thu Sep 28 17:53:09 +0000 2017,@123644 Hi. Just got your newsletter. The chatbot link is dead. Is it possible to get the correct URL? // https://t.co/6P1qPOQPDG,190784,AWSSupport,Thu Sep 28 18:57:34 +0000 2017,"@160791 Hi, Frank, I'd like to help. Could you provide more info in a case so we can assist? https://t.co/C3OAKhiLjA ^JK",190785
190788,160792,Fri Sep 01 21:48:59 +0000 2017,@AWSSupport Thanks! A _consistent_ tag api across all aws resources is what I _really_ want :-),190787,AWSSupport,Thu Sep 28 18:05:45 +0000 2017,@160792 I passed that along &amp; I wanted to follow up. 😁 I found a thread to explain limiting table access: https://t.co/I1uJ1rVkmL ^TI,
190790,160792,Fri Sep 01 13:11:26 +0000 2017,@160793 @123644 @12309 I was hoping for something more dynamic (tags etc) but it doesn't seem possible. Thanks again!,190789,AWSSupport,Fri Sep 01 21:46:11 +0000 2017,"@160792 Thanks for the feedback, Trond! I've let our Dynamo DB team know this is something you'd find useful 😊 ^TI",190788
1908265,568476,Tue Oct 31 09:29:47 +0000 2017,"Splendid, when you register with the @123644 support forum you aren’t actually allowed to post a message for ‘a few hours’.  Super helpful",1908262,AWSSupport,Tue Oct 31 11:47:00 +0000 2017,"@568476 Hi, Adam. Our Support team has reached out to you through the Support Center here: https://t.co/cKEBmh1nxd ^CM","1908263,1908264"
1909738,568906,Wed Oct 18 12:26:04 +0000 2017,Anyone else struggling to upload a @131019 badge photo? JPEG 250x211 in portrait. @AWSSupport,1909736,AWSSupport,Wed Oct 18 13:30:09 +0000 2017,"@568906 Sorry for the trouble, Adam. Could you provide us with more info via https://t.co/cztuxzQW28? ^KM",1909737
1909740,568907,Wed Oct 18 09:47:59 +0000 2017,@123644 please provide me more details about Amazon Web services,1909739,AWSSupport,Wed Oct 18 11:55:59 +0000 2017,"@568907 Hi, take a look at our Intro video: https://t.co/va3ZXAbUda, as well as our Getting Started page: https://t.co/gUKunBlBwW 🤓 ^ES",
1925180,573024,Sat Dec 02 02:47:12 +0000 2017,Cloud9 is amazing. I wish @123644 Cloud9 supports iPads soon,1925179,AWSSupport,Sat Dec 02 06:37:54 +0000 2017,"@573024 Hi, Pawan. Thanks for the +1! I've passed your request along to our Cloud9 team. 😊 ^CM",
1949394,579104,Wed Oct 18 11:59:42 +0000 2017,@123644 @74110 This is awesome! One question: How do I take the code returned and get Authenticated role from Cognito using JavaScript SDK for browser?,1949393,AWSSupport,Wed Oct 18 14:24:30 +0000 2017,"@579104 Hi, David. This is a great question for our Forums, where our engineers can respond in detail https://t.co/7lhkDEWJxS ^KM",
1950384,579301,Wed Nov 01 05:16:33 +0000 2017,@123644 It will be awesome if you can connect Lambda with ECS. That way developers can simply take their containers and run code in Lamda.,1950383,AWSSupport,Wed Nov 01 06:53:01 +0000 2017,"@579301 I've sent your idea through to our Lambda team to consider. Thanks for sharing your #awswishlist idea, Mir! 🤓 ^ES",
1950387,579302,Tue Oct 31 20:18:49 +0000 2017,@123644 @48443 any chances for being able to use IAM Database Authentication with PostgreSQL on RDS in the near future? #aws #awscloud,1950385,AWSSupport,Tue Oct 31 23:57:37 +0000 2017,"@579302 I hear you, Piotr! 📣😄 Thanks for the feedback, I've passed it along internally for consideration. ^TI",1950386
1950389,579303,Tue Oct 31 21:11:38 +0000 2017,@AWSSupport are you having issues or outages at all today?,1950388,AWSSupport,Tue Oct 31 21:58:00 +0000 2017,"@579303 There's a few ways to check the status of our services, here they are: https://t.co/w7dEtE49Z5 ✔️ ^TI",
1997505,590630,Wed Oct 18 17:10:27 +0000 2017,"@123644 Hey AWS, Can you let me know who I should speak to about a Smart Manufacturing Forum coming up and how to get AWS involved?
Thanks",1997503,AWSSupport,Wed Oct 18 18:03:00 +0000 2017,"@590630 Hi, Christopher. You may want to reach out to our Sales &amp; Business Development Team via this form: https://t.co/AiMKGLVxMI ^KM",1997504
1997511,590633,Thu Sep 21 07:11:26 +0000 2017,@123644 is there an npm package for the awsebcli?,1997510,AWSSupport,Wed Oct 18 17:30:09 +0000 2017,"@590633 Our service team says, install the EBCLI &amp; it will work with any platform for your application: https://t.co/SKWyvLuKIM ^RH",
201382,163541,Thu Sep 28 08:04:59 +0000 2017,"I cannot find any price for the @123644 ""AWS TRANSFORMATION DAY"", anyone that can point me in the right direction ?https://t.co/1xha3MeNLY",201381,AWSSupport,Thu Sep 28 10:24:28 +0000 2017,"@163541 Hi, Tomas. The Transformation Day is free for everyone to attend. Book your spot as soon as you can: https://t.co/At5xXgN4BU ^ES",
201384,163542,Thu Sep 28 06:06:50 +0000 2017,@123644 Does your Application Load Balancer not support /paths/deep/like/this/*? Could be my error. Let me know.,201383,AWSSupport,Thu Sep 28 08:59:29 +0000 2017,"@163542 Hi, there is a character limit for load balancer path conditions, please see this doc for more info: https://t.co/Na2IyUOTYc ^ES",
201386,163543,Thu Sep 28 03:02:47 +0000 2017,"@123644 I got a $50 promo code for filling out the survey for the Atlanta AWS Summit. Getting ""Invalid Promo Code"" error.  Please help.",201385,AWSSupport,Thu Sep 28 06:02:28 +0000 2017,"@163543 I'll be happy to help you, please open a case and provide me with the case ID. You can open one here: https://t.co/Xcc3XjTgPv ^ES",
203271,164112,Wed Sep 27 23:42:54 +0000 2017,@123644 Just saw the news regarding Node 8 support in Beanstalk. Is Node 8 coming to Lambda anytime soon?,203270,AWSSupport,Thu Sep 28 00:05:00 +0000 2017,"@164112 Hi, Jaap! I've shared your interest in this feature with our Lambda team, any updates will be posted: https://t.co/cfdoK0iHBo ^RH",
2039236,602960,Tue Oct 17 16:03:04 +0000 2017,"@123644 R U going 2 fix the critical bug in JDBC driver, which appears in case of space symb in driver's folder? https://t.co/d8iJpQHXIr",2039235,AWSSupport,Wed Oct 18 20:36:36 +0000 2017,"@602960 Maxim, this issue is now fixed in our latest driver 1.2.10.1009: https://t.co/oIq5z38Y1x ^JK",
2042886,604104,Thu Sep 28 08:19:44 +0000 2017,Terrible service on hold for last one hour with @123644 even after taking the business support package no response!!,2042885,AWSSupport,Thu Sep 28 23:08:08 +0000 2017,"@604104 I'm sorry to hear this, Raj. Please follow us and DM me your case ID so I can personally help: https://t.co/lop9YiepCR ^MN https://t.co/O8pB4SaYzf",
2074208,613448,Sun Nov 26 00:54:06 +0000 2017,"@AWSSupport Deleted API Gateway created for Lambda function. In Lambda function triggers the integration is still visible with warning ""The API with ID could not be found"". However, trigger deletion fails to error ""Could not delete api-gateway event source."". Bug or using wrong? https://t.co/HeU3EC79qw",2074206,AWSSupport,Sun Nov 26 09:20:26 +0000 2017,"@613448 The API should be removed from the Lambda function before deleting. Remove it by using the AWS Command Line Interface (CLI). These docs can help to get the policy in question (1) and then have it removed (2):
(1) https://t.co/6bbM0tAPNF 
(2) https://t.co/4zANHa1Jdj ^ES",2074207
2074211,613449,Sun Nov 26 03:17:07 +0000 2017,@123644 20yrs in the #Mobilespace was wondering if you are hiring or you know of any mobile security/social media firms that are looking for a #lynchpin leader passion driven sales/client relations pro in the NYC area? @613449,2074209,AWSSupport,Sun Nov 26 09:18:00 +0000 2017,@613449 We're currently hiring and you might find the job you're looking for here: https://t.co/7mVZXAu8GY 😊 ^ES,2074210
2085820,141065,Mon Nov 06 19:13:32 +0000 2017,"@AWSSupport Aso, it wouldn't hurt to mention the min 500GB limit also on the pricing page.",2085819,AWSSupport,Mon Nov 06 19:28:25 +0000 2017,@141065 Thanks for the suggestion. I will also forward this along! 😊^ET,
2085822,141065,Mon Nov 06 15:45:56 +0000 2017,"@AWSSupport Docs for sc1 volume says st1. ""EBS Cold HDD (sc1) Volume ... Provisioned storage for st1 volumes ..."" https://t.co/odmLfieLoH",2085821,AWSSupport,Mon Nov 06 16:34:00 +0000 2017,"@141065 Thank you for bringing this to our attention, Ulrik! I've shared your feedback internally to be reviewed. ^ET",2085820
2085826,616780,Wed Nov 08 08:03:44 +0000 2017,@123644 @AWSSupport Can I use Machine Learning services by AWS Services under 1-year free trial pack?,2085823,AWSSupport,Wed Nov 08 09:42:56 +0000 2017,@616780 Amazon Machine Learning isn't available on the AWS Free Tier. See the Amazon ML pricing here: https://t.co/N1FtM2kDAv ^ES,"2085824,2085825"
2085829,616781,Wed Nov 08 03:34:38 +0000 2017,"Forgot to stop my ec2 and db instances in AWS, forgot my free tier already ended.. now i have to pay $21.. 😢",2085827,AWSSupport,Wed Nov 08 09:37:00 +0000 2017,"@616781 Sorry to hear, Bless. Please check the Support Center for more info: https://t.co/jANsmDICUz ^KK",2085828
2085831,616782,Wed Nov 08 01:32:00 +0000 2017,"@123644 why my newly created instance always unavailable? It's exhausting to reboot it every single day. When I stop and start it today, tomorrow I won't be able to access it again. What's happening? https://t.co/fViBh5kXgB",2085830,AWSSupport,Wed Nov 08 08:22:51 +0000 2017,"@616782 Hi, this article may be helpful: https://t.co/OUouqN7WKp For more Q's, please post in our EC2 Forum: https://t.co/w6NapfBuT6 ^KK",
2085833,616783,Wed Nov 08 03:56:56 +0000 2017,".@123644 Could you please, please, allow version 3 docker-compose definitions? Somewhere in between now and the very near future? Please? :) https://t.co/RedmFS3Ais",2085832,AWSSupport,Wed Nov 08 08:12:00 +0000 2017,"@616783 I've had your feature request shared with the ECS team. Thanks for the call out, Roman. 🤓 ^ES",
2085835,616784,Wed Nov 08 06:05:26 +0000 2017,@123644 S3 bucket has some UI issues. Cant select some menu items. https://t.co/iHjV4SJa3E,2085834,AWSSupport,Wed Nov 08 07:32:00 +0000 2017,"@616784 Hi, Sagar. Please provide more specific info via the feedback button found on the bottom-left corner of the S3 console. 😊 ^ES",
2085837,616785,Wed Nov 08 01:01:16 +0000 2017,"@AWSSupport Link is for customers only and even when it’s not, it requires a US phone number. All I want to do is report a spam site that is using my name.",2085836,AWSSupport,Wed Nov 08 06:43:27 +0000 2017,"@616785 Hi, for your reference, please use the following link to help report this: https://t.co/wSYAkZw1in ^KK",
2085839,616785,Tue Nov 07 23:13:50 +0000 2017,@123644 There’s a site which lists my name/every single family members’ names. I have been advised to contact AWS. Please can you help.,2085838,AWSSupport,Tue Nov 07 23:34:25 +0000 2017,@616785 I'd like to help but need more info. Can you reach out to us here with details? https://t.co/qpBfZEa1Uy 📝 ^TI,2085837
2085841,616786,Tue Nov 07 23:20:36 +0000 2017,Trouble with #AWS someone experiencing network mode fallback to 'None' instead of 'Host' on ECS (via web console) when creating new tasks?,2085840,AWSSupport,Wed Nov 08 01:19:00 +0000 2017,@616786 Post more info here so our experts &amp; community can take a look! 🕵 https://t.co/Eif2zY53T7 ^TI,
2085843,516718,Tue Nov 07 23:11:33 +0000 2017,Hello @123644 just got an account. What are some basics I️ can learn on my own?,2085842,AWSSupport,Wed Nov 08 00:31:24 +0000 2017,"@516718 Check out our Getting Started page for tutorials, docs, projects, SDKs, &amp; more! https://t.co/zH6l3MtCxS 📚 ^TI",
2085845,616787,Tue Nov 07 13:56:28 +0000 2017,@142 I need major help. I have been trying to verify my account/ information but I am not receiving any replies through email. HELP,2085844,AWSSupport,Tue Nov 07 22:54:00 +0000 2017,@616787 Could you please fill this form out with more info so our customer service team can investigate? https://t.co/30J4JITsaI 🤓 ^TI,
2085847,410228,Tue Nov 07 20:28:14 +0000 2017,"@AWSSupport Nevermind, big up Simon J - top service !",2085846,AWSSupport,Tue Nov 07 22:13:34 +0000 2017,"@410228 Thanks for the high praise, Lewis. 🙌 I've let Simon know how happy you are with his help &amp; he's happy you're happy! 😁 ^TI",
2085850,616788,Tue Nov 07 17:28:13 +0000 2017,"Hey @AWSSupport - I dont see an option to choose ""Windows"" as my guest OS in the AWS TCO Calculator. Why only ""Linux""? Does that make diff.?",2085849,AWSSupport,Tue Nov 07 20:34:00 +0000 2017,"@616788 Hi, Saurabh, please contact our Sales &amp; BD team as they will be able to provide more info: https://t.co/56OC451MPS ^JK",
2085852,616789,Tue Nov 07 14:26:35 +0000 2017,@123644 Do the new C5 instances only support AVX512 and not AVX2 and older?,2085851,AWSSupport,Tue Nov 07 20:29:00 +0000 2017,"@616789 Bruno, our engineers would like to help. Would you mind posting more info here? https://t.co/w9Oa794DyF ^JK",
2085854,616790,Mon Aug 28 23:07:25 +0000 2017,Starting to think that C5 instances will never be available. They were announced last November. #AWS #EC2,2085853,AWSSupport,Tue Nov 07 17:00:07 +0000 2017,"@616790 The wait is over, Eric! ⌛️ C5 instances for Amazon EC2 are now available:  https://t.co/7E6CB38X5T ^RH",
2085857,616791,Mon Aug 28 22:28:30 +0000 2017,@123644 really looking forward to the new C5 instances. Is the plan to have them out before the new year?,2085855,AWSSupport,Tue Nov 07 16:56:34 +0000 2017,"@616791 Good news, Andrew! C5 instances for Amazon EC2 are now available, details here: https://t.co/f24p9Op8hv Enjoy! 😄 ^RH",2085856
2085861,616792,Wed Jul 05 20:43:21 +0000 2017,@123644 where the heck are C5 instances,2085858,AWSSupport,Tue Nov 07 16:54:00 +0000 2017,"@616792 Hi, Caleb. I am thrilled to inform you that C5 instances are now available! 🎉 https://t.co/6P0Q9LV07I ^RH","2085859,2085860"
2085863,616794,Thu Nov 09 04:17:41 +0000 2017,"@AWSSupport Hi, it's asking for promo code.",2085865,AWSSupport,Thu Nov 09 08:20:05 +0000 2017,"@616794 Hi, the promo code field is not mandatory for students. Refer to AWS Educate FAQ page for more Q's: https://t.co/vXBaRi0ze9 ^KK",
2085864,616794,Tue Nov 07 11:51:00 +0000 2017,@123644 how to get the free login to aws for students,2085862,AWSSupport,Tue Nov 07 14:26:00 +0000 2017,"@616794 Hi, you may find the following link helpful: https://t.co/3bY8HVQN8e ^JK",2085863
2085867,616795,Thu Nov 02 13:02:10 +0000 2017,@123644 It's been 11 months since you announced C5 instances but they are still not available? Where are they?,2085866,AWSSupport,Tue Nov 07 14:21:29 +0000 2017,"@616795 Hi, C5 instances are now available in the following sizes https://t.co/8aDbdJoles ^KM",
2085869,616796,Tue Nov 07 11:35:59 +0000 2017,@123644 can't login. if you clicked signin as exsiting user it rediects to here https://t.co/PGv78xQAnc,2085868,AWSSupport,Tue Nov 07 12:15:32 +0000 2017,"@616796 Hi, Max. You may find the following article useful: https://t.co/rqZmRkgddF ^CM",
2085871,616797,Mon Nov 06 22:01:00 +0000 2017,"@123644 I registered for ""Dev Lounge Express: AWS Step Functions and Distributed Complexity"" but got no confirmation email. Can you help?",2085870,AWSSupport,Tue Nov 07 12:02:30 +0000 2017,"@616797 Hi, Joshua. Have you perhaps checked your spam folder? Please reach out to us if you still haven't received it. ^CM",
2085873,196697,Tue Nov 07 06:01:51 +0000 2017,@AWSSupport @123644 https://t.co/roPAHmFiQ3,2085872,AWSSupport,Tue Nov 07 11:10:00 +0000 2017,"@196697 Hi, Ghulam. Our WorkSpaces Forum is a great place to post this question: https://t.co/y78ipeSWzc ^CM",
2085875,616798,Tue Nov 07 01:14:10 +0000 2017,@123644 I am not able to find pricing details on new c5 instances.  Checked pricing page and pricing API.  When will that be available?,2085874,AWSSupport,Tue Nov 07 11:06:36 +0000 2017,@616798 EC2 C5 Instance pricing is only displayed in available regions. These regions can be viewed here: https://t.co/Mxu1D7QCYr ^CM,
2085877,616799,Tue Nov 07 06:42:21 +0000 2017,@123644 .. is IIS Installation in web server free in WinServer2012 R2??,2085876,AWSSupport,Tue Nov 07 10:14:00 +0000 2017,"@616799 Hi, Satyam. IIS Installation is free in Windows Server 2012 R2. You may also find this doc useful: https://t.co/7Krfj3TWbR ^CM",
2085881,616800,Tue Nov 07 07:31:21 +0000 2017,@AWSSupport Can you not explain how if I cancelled my account months and months ago I am still being charged for a service I am not using??,2085879,AWSSupport,Tue Nov 07 10:08:33 +0000 2017,"@616800 Hello, you may find this article useful: https://t.co/pvN9PAl8z0 ^CM",2085880
2085885,616800,Mon Nov 06 11:02:27 +0000 2017,Cancelled my account in the summer and I am still being charged for a service I am not using nor accessing @123644,2085884,AWSSupport,Mon Nov 06 12:11:51 +0000 2017,@616800 I'm sorry to hear this! Please create a support case for further assistance: https://t.co/C3OAKhiLjA ^KK,2085881
2085888,389873,Tue Nov 07 05:07:16 +0000 2017,@123644 I attended AWSome Day Online Conference last week on 31 Oct from India but havnt received d certificate yet. Cn u look into this?,2085886,AWSSupport,Tue Nov 07 09:07:30 +0000 2017,"@389873 Hi, Nilesh. Please be sure to check your spam/junk folder. Let us know if you still haven't received it. ^CM",2085887
2085890,616801,Mon Nov 06 19:13:53 +0000 2017,"@123644 hello, s3 bucket creation appears to be buggy as of this morning. am unable to proceed on pane 2 of the browser interface.",2085889,AWSSupport,Mon Nov 06 21:09:00 +0000 2017,"@616801 Hi, John! Mind providing details via our forums so our experts can investigate? https://t.co/RFGqIWSt6Y ^ET",
2085892,616802,Mon Nov 06 19:12:09 +0000 2017,@123644 honestly i did not understand. https://t.co/2w4KxUcsX6,2085891,AWSSupport,Mon Nov 06 19:46:28 +0000 2017,@616802 Please create a case via the Support Center so one of our agents can assist: https://t.co/jANsmDICUz ^ET,
2085895,616803,Mon Nov 06 14:54:06 +0000 2017,"Hey @123644 , in some case is not enough 60 seconds... :( https://t.co/yw6crFS6JK",2085893,AWSSupport,Mon Nov 06 18:21:28 +0000 2017,@616803 You may need a service limit increase: https://t.co/XoaJI2yTSg For expert help post in our Forums https://t.co/iRwmImj7MQ ^ET,2085894
2085898,131239,Mon Nov 06 15:41:16 +0000 2017,Any experience w/@123644 @AWSSupport FTP? Know where to find FTP login credentials to existing hosting acct? Sounds simple. #itsnot #help,2085896,AWSSupport,Mon Nov 06 17:38:00 +0000 2017,"@131239 Hi, Timothy! This is a great question for our forums, where our engineers can assist: https://t.co/KhK4dPm9Av ^ET",2085897
2085900,616804,Mon Nov 06 13:28:35 +0000 2017,"@12359 @123644 Hi, I need to send an email to support, do you have any email?",2085899,AWSSupport,Mon Nov 06 16:29:27 +0000 2017,"@616804 Hi, Ricardo! You can contact us through the support center or via the following form: https://t.co/uaeXKW9Yc9 ^ET",
2085902,616805,Mon Nov 06 12:31:52 +0000 2017,"@123644 I need help with a amount on my credit card, we talk with DM?",2085901,AWSSupport,Mon Nov 06 15:02:00 +0000 2017,@616805 We're currently unable to DM. Mind contacting us through our Support Center for help? https://t.co/cKEBmh1nxd ^ET,
2085905,616806,Mon Nov 06 13:18:52 +0000 2017,@123644 Guys when are you going to start acepting Bitcoin ?,2085903,AWSSupport,Mon Nov 06 14:59:00 +0000 2017,@616806 Hello! These are our current payment options: https://t.co/EhLkT3Ylr7 I've relayed your request internally for review. ^ET,2085904
2085908,616807,Mon Nov 06 10:38:45 +0000 2017,"That's no fun, @123644. https://t.co/mYwVOJbgrO",2085907,AWSSupport,Mon Nov 06 12:06:38 +0000 2017,"@616807 Hi, we'd like to help but need more info. Mind posting in our EC2 Forum? https://t.co/4gd2rNjqAG ^KK",
2085910,616808,Mon Nov 06 06:21:17 +0000 2017,"@AWSSupport Are there ongoing issues in us-east-1? Launching 60+ has lead to Ansible timeouts for a couple of days now, and our processes are all running longer than they usually do.",2085909,AWSSupport,Mon Nov 06 11:55:36 +0000 2017,"@616808 Hi, Neil. No issues reported in the region. You can confirm this via our Sevice Health Dashboard: https://t.co/OHI1rYQhvn ^KK",
2085913,616809,Mon Nov 06 08:21:02 +0000 2017,@AWSSupport i tried signing up and when i got to the identity verification side i could not process... Case ID: 4608253481,2085912,AWSSupport,Mon Nov 06 11:52:00 +0000 2017,"@616809 Hi, your case has been updated, please check the Support Center: https://t.co/9qYKoR1UNF ^KK",
2085916,616810,Sun Nov 05 11:11:29 +0000 2017,Hey @4773 and @123644 is there a place to find all your research papers? Couldn't find a full list. Aurora paper is great so far,2085914,AWSSupport,Mon Nov 06 11:50:55 +0000 2017,"@616810 Hi, Florian. Feel free to check out our list of Whitepapers here: https://t.co/zbkCWt7M9k 👍 ^KK",2085915
2085918,616811,Mon Nov 06 06:48:16 +0000 2017,"@123644 Hi
how to create folder in workdocs using C#?",2085917,AWSSupport,Mon Nov 06 10:12:35 +0000 2017,"@616811 Hi, this doc may be helpful: https://t.co/rLBvpjfF6N For more Q's, post via our WorkDocs Forum: https://t.co/VWDXwrHTQ0 ^KK",
2085922,616812,Mon Nov 06 01:13:40 +0000 2017,"@AWSSupport 
Elastic IP's released, all instances have been terminated &amp; I am still being billed with no response from support id:4607164691 https://t.co/8v3IsASLkd",2085920,AWSSupport,Mon Nov 06 10:04:26 +0000 2017,"@616812 Hi, Faisal. Your case is actively being researched, please reply to the case if you have any further Q's ^KK",2085921
2085924,616813,Mon Nov 06 05:50:55 +0000 2017,@123644 I believe I've found a bug in reading the RDS logs via the API - how am I best to report it?,2085923,AWSSupport,Mon Nov 06 10:03:39 +0000 2017,"@616813 Hi, Joshua. You may find this Knowledge Center article useful: https://t.co/iCTxCiof2t👍 ^KK",
2085926,616814,Mon Nov 06 00:15:39 +0000 2017,@123644 You might want to fix this typo lol https://t.co/VhLK47rlu8,2085925,AWSSupport,Mon Nov 06 00:53:00 +0000 2017,@616814 Thanks for the heads up! I've shared this internally so a fix can be made. 👍 ^RH,
2085928,616815,Sun Nov 05 23:07:56 +0000 2017,"Em.... If my aws account is closed, so why @123644 charges money for using its ""service"" from my bank card? o_O
-- https://t.co/hTctbuWu6m",2085927,AWSSupport,Mon Nov 06 00:52:26 +0000 2017,@616815 This may help explain: https://t.co/BuD0qwANin Please fill out this form &amp; we can assist directly: https://t.co/MyJCLEN2Gz ^RH,
2085930,616816,Sat Nov 04 23:38:53 +0000 2017,hey @123644 looks like @80872 is defunct or is a fake account. In this case can you please comment: RDS w/ PostgreSQL 10? https://t.co/0p1XSo9LpI,2085929,AWSSupport,Sun Nov 05 13:04:29 +0000 2017,@616816 I've captured your feature request &amp; shared it internally to be reviewed. Thanks for the input! 😊 ^KK,
2085933,310858,Sat Nov 04 19:04:38 +0000 2017,@123644 are you sure the cloudfront edges on us-east are actually working fine ?,2085931,AWSSupport,Sat Nov 04 21:26:32 +0000 2017,"@310858 It's all green lights, here: https://t.co/fG21ONxNgf 🚦 Here are some ways to get help if you need it: https://t.co/e50EHZz6oN ^TI",2085932
2085935,356703,Sat Nov 04 18:20:39 +0000 2017,"What is the best criteria to use to determine whether my workload should use @123644 #Redshift, #Athena, or #RedshiftSpectrum ?",2085934,AWSSupport,Sat Nov 04 20:07:31 +0000 2017,"@356703 Hi, that is a great question for our engineers! You can contact them directly via our Forums https://t.co/t21Z9PJdXY ^KM",
2085937,616817,Sat Nov 04 18:30:51 +0000 2017,"Surprised to see that @123644 #GREENGRASS is available in Frankfurt, while not in Dublin (I presumed Dublin was a superset of Frankfurt).",2085936,AWSSupport,Sat Nov 04 20:00:48 +0000 2017,"@616817 Hi, Peter! I've shared your request with our Greengrass team for review. Thanks for the input. ^KM",
2085939,616818,Sat Nov 04 16:25:28 +0000 2017,@123644 @AWSSupport how's S3 in eu-west-1? #AWS #awsstatus,2085938,AWSSupport,Sat Nov 04 17:05:51 +0000 2017,"@616818 All green here, Aaron: https://t.co/dKyjasKuiV. If you have questions, contact our engineers here: https://t.co/xAYxhNlS7v ^KM",
2085941,616819,Sat Nov 04 15:48:02 +0000 2017,@123644 .@123644 is there a link for all the tutorials?,2085940,AWSSupport,Sat Nov 04 16:56:30 +0000 2017,"@616819 Hi, Eric. You may find the following page helpful: https://t.co/LmRomczXjQ ^KM",
2085945,616820,Sat Nov 04 09:04:35 +0000 2017,"@AWSSupport I cant log in my Aws console. What can I do, Im using free tier. Please help me",2085943,AWSSupport,Sat Nov 04 10:11:00 +0000 2017,@616820 We'd like to assist! Please fill out this form &amp; our support team will be in touch to help: https://t.co/UqVdYUf5iC ^CM,2085944
2085954,616821,Sat Nov 04 03:33:32 +0000 2017,@616822 @123644 And also allow for boto to process over 256kb messages! Or raise the limit to 1mb.,2085953,AWSSupport,Sat Nov 04 05:57:33 +0000 2017,"@616821 Thanks for sharing your request, Jeff. I've passed it along to our service team. 😊 ^CM",
2085955,616822,Fri Nov 03 10:16:15 +0000 2017,@123644 please give us Lambda SQS triggers #awswishlist,2085956,AWSSupport,Fri Nov 03 11:27:00 +0000 2017,"@616822 Hi, Nick. I've shared your feature request with our service team. Thanks for the +1 👍 ^CM",
2085958,616823,Fri Nov 03 16:04:12 +0000 2017,@115821 is as bad as the phone companies with customer support. Many calls to @123644 @AWSSupport @AmazonHelp  to close an account,2085957,AWSSupport,Fri Nov 03 20:37:00 +0000 2017,"@616823 Jonathan, I'm sorry for any issues. If you still need assistance, please let us know: https://t.co/pIs9vgz30Q ^JK",
2085960,616824,Fri Nov 03 14:49:56 +0000 2017,@123644 @60425 @60426 Would love the link to this,2085959,AWSSupport,Fri Nov 03 19:23:39 +0000 2017,"@616824 Hi, you may find this link helpful: https://t.co/HsHgIh88W7 ^JK",
2085963,616825,Fri Nov 03 15:34:52 +0000 2017,Anyone else run into this alert frequently on S3? Is there any way to get around it? @123644 https://t.co/aKI3ZTxX8G,2085962,AWSSupport,Fri Nov 03 18:59:00 +0000 2017,"@616825 Evan, these may help: https://t.co/kJp7tpRd03 &amp; https://t.co/h1UDQFsMII If not, please open a new thread for more assistance ^JK",
2085965,616826,Fri Nov 03 17:30:24 +0000 2017,Web developers are getting a little too cute when you have to use google to find a login form. Looking at you @123644,2085964,AWSSupport,Fri Nov 03 18:26:29 +0000 2017,"@616826 Thank you for the feedback, Braden. We'd like to hear more. Would you mind providing further info? https://t.co/k8c2lYw1F4 ^JK",
2085967,118447,Fri Nov 03 14:15:21 +0000 2017,"@123644  how convenient "" we are here to take you money, but not provide even lvl 100 support for that reason"" https://t.co/wftleTLNlz",2085966,AWSSupport,Fri Nov 03 18:17:35 +0000 2017,"@118447 Hi, these may help: https://t.co/tWIqeWGZJ7 &amp; https://t.co/EFN7IoJCAs For more Q's, try our forums: https://t.co/mdFtTZ4oJX ^JK",
2085969,616827,Fri Nov 03 15:28:54 +0000 2017,"Why does it take @123644 so long to delete resources (instances, ASGs etc).  I don't need them shutdown cleanly, just terminated ASAP.",2085968,AWSSupport,Fri Nov 03 18:00:03 +0000 2017,"@616827 Apologies for any inconvenience, Adrian. If you're still having issues, please open a case: https://t.co/CGCO6TgzTb ^JK",
2085971,328878,Fri Nov 03 15:18:23 +0000 2017,@123644 @AWSSupport @123644 This only happens on one of our account in the ca-central region when selecting a regional endpoint type.,2085970,AWSSupport,Fri Nov 03 17:52:00 +0000 2017,"@328878 Sorry for the trouble, Yves. Mind posting more details in our forums so our engineers can take a look? https://t.co/3XaANL37Jz ^JK",
2085977,616828,Fri Nov 03 15:39:13 +0000 2017,@123644 I am having issues logging into my account and I can find anywhere which I can gain access or assistance.  I have accountID and PW,2085974,AWSSupport,Fri Nov 03 17:41:33 +0000 2017,"@616828 Mike, please contact us using the following form: https://t.co/zhMXCBtLZc ^JK","2085975,2085976"
2085980,616829,Fri Nov 03 13:46:42 +0000 2017,"@AWSSupport hey guys, you just charged my bank account but I have credit on my account! Please can you dm me?",2085978,AWSSupport,Fri Nov 03 15:19:00 +0000 2017,"@616829 Hi, Daniel. Please open a case in the Support Center and someone will be able to look into it: https://t.co/qAFUMLGPgG ^JK",2085979
2085982,616830,Fri Nov 03 12:09:12 +0000 2017,@123644 #devicefarm nice to test on an android device and have it suddenly lock without informing about a pin-code anywhere. Also the comment box in the feedback window prevents typing... #bleh,2085981,AWSSupport,Fri Nov 03 14:37:28 +0000 2017,@616830 I'm sorry for any difficulty. Please provide more info in our forums &amp; our engineers can assist: https://t.co/5pLxcR1g2I ^JK,
2085984,616831,Fri Nov 03 10:19:54 +0000 2017,Hi @123644 could you help me understand a bill I just received? I dont quite understand some parts....!,2085983,AWSSupport,Fri Nov 03 11:34:57 +0000 2017,@616831 Please feel free to reach out to us through the Support Center and our support team will gladly assist: https://t.co/cKEBmh1nxd ^CM,
2085988,616832,Fri Nov 03 08:06:03 +0000 2017,@123644 need urgent #help. plz DM #AmazonCloud,2085985,AWSSupport,Fri Nov 03 09:26:55 +0000 2017,"@616832 We're currently unable to DM, Shikha. You can however contact us through our Support Center: https://t.co/cKEBmh1nxd 😊 ^CM","2085986,2085987"
2085990,616833,Fri Nov 03 02:22:07 +0000 2017,Anybody know what it even means to have a fractional number of Postgres connections on RDS? @AWSSupport https://t.co/1c4LCvsXRb,2085989,AWSSupport,Fri Nov 03 09:23:24 +0000 2017,"@616833 Hi, Taylor. Please feel free to post your question on our Forum here: https://t.co/EYFFWyJPiw 👍 ^CM",
2085992,616834,Thu Nov 02 23:56:56 +0000 2017,@123644 User pools in Canada!  Please!,2085991,AWSSupport,Fri Nov 03 07:33:29 +0000 2017,"@616834 Thanks for sharing your request, Eric! I have forwarded it along to our Cognito team. 👍 ^CM",
2085995,616835,Fri Nov 03 04:04:33 +0000 2017,Is @123644 EC2 free or not or depends? I just got billed for 2 small python scripts that are always running and serving 2 static sites.,2085994,AWSSupport,Fri Nov 03 06:55:52 +0000 2017,"@616835 Hi, Morteza. Please check the Support Center for further updates: https://t.co/cKEBmh1nxd ^CM",
2085998,372328,Thu Nov 02 18:52:42 +0000 2017,"hey @123644, why can't I download the eBook on Cloud Transformation you just sent me directly to my Kindle?",2085996,AWSSupport,Thu Nov 02 19:46:35 +0000 2017,@372328 Sorry for the trouble! Try this PDF: https://t.co/lE3nIDJhKQ ^ET,2085997
2086001,138297,Thu Nov 02 13:57:18 +0000 2017,What are the preferred alternatives for hosting #REST #APIs in @123644 other than #elasticbeanstalk? Coz EB can be expensive over time.,2085999,AWSSupport,Thu Nov 02 19:23:28 +0000 2017,"@138297 Hi, Shyam! This is a great question for our forums, where our engineers and community can help: https://t.co/3tMcLC15TD ^ET",2086000
2086003,616836,Thu Nov 02 16:09:40 +0000 2017,"@22030 Your awk SDK for Java has awful organization. Docs aren't current to version, localhost DynamoDB examples do not work.",2086002,AWSSupport,Thu Nov 02 18:05:40 +0000 2017,@616836 We're always trying to improve our services so we appreciate your feedback. I've passed this on internally for review ^ET,
2086006,589948,Thu Nov 02 15:26:14 +0000 2017,"@123644 Guys, wrong: This is not correct: #SSL and #TLS are different protocols. #SSL isn’t former nothing of #TLS. Use correct terms on IT is key.",2086004,AWSSupport,Thu Nov 02 16:23:26 +0000 2017,"@589948 Thank you for bringing this to our attention, Jonathan. I've shared your feedback internally for review. ^ET",2086005
2086010,616837,Thu Nov 02 11:19:51 +0000 2017,"Curiouser and curiouser. It’s “Amazond” today.

(“Compute Optimized” section of https://t.co/vva1Ae340V) https://t.co/lo4DnHd6NA",2086008,AWSSupport,Thu Nov 02 16:19:58 +0000 2017,"@616837 Good eye, Paul! 👀 I have passed along your feedback internally for a fix. Thanks for the call-out! ^KK",2086009
2086013,418257,Thu Nov 02 09:35:46 +0000 2017,Getting internal server errors from @123644 when creating keypairs via #lightsail; happens to the best of us I guess 😂 https://t.co/5zqGfnM8VY,2086012,AWSSupport,Thu Nov 02 16:17:29 +0000 2017,"@418257 Hi, try this doc: https://t.co/g2I8unHHVu You can also post on our Lightsail Forum here: https://t.co/1JTyiB6uGL ^KK",
2086015,616838,Thu Nov 02 09:36:22 +0000 2017,Need a crash course in AWS IAM. lol.,2086014,AWSSupport,Thu Nov 02 16:15:13 +0000 2017,"@616838 Hi, Faiz. Our ""Getting Started with AWS IAM"" video is a good place to start: https://t.co/TnxvK7NJi7 😁📺 ^KK",
2086019,616840,Thu Nov 02 13:28:41 +0000 2017,"""Action does not apply to any resource(s) in statement"" @123644 I used your f**king https://t.co/HXRllcBsLr, Y U DO DIS",2086018,AWSSupport,Thu Nov 02 15:53:35 +0000 2017,@616840 Sorry for any trouble. Would you mind posting details in our forums so our engineers can help? https://t.co/VNZiIMNFFV ^ET,
2086022,616841,Thu Nov 02 06:57:01 +0000 2017,@123644 any plans when will we see Node 8 on Lambda? https://t.co/X7wTK3em1t,2086020,AWSSupport,Thu Nov 02 09:47:25 +0000 2017,"@616841 We appreciate your interest, Markus! I've shared your +1 for this feature with our Lambda Service team for review. 😊 ^KK",2086021
2086034,616846,Thu Nov 02 01:43:47 +0000 2017,"Hey @123644 I am trying to read this documentation but it’s missing https://t.co/YphjmKS4bq
https://t.co/FL4csGJ5FL",2086032,AWSSupport,Thu Nov 02 08:01:00 +0000 2017,"@616846 Thanks for letting us know. Please see the following links for more info:
https://t.co/bc9bB3Kqac 
https://t.co/9eJkgUv0tF ^ES",2086033
2086038,616848,Tue Oct 31 08:45:38 +0000 2017,#awsomeday @123644 for how long I can access the modules to review the videos again?,2086037,AWSSupport,Thu Nov 02 07:41:00 +0000 2017,"@616848 Hi, Mohamed. The AWSome Day modules are available for you right now and can be found here: https://t.co/mBcJ2YyHI3 😊 ^ES",
2086042,185715,Wed Nov 01 21:12:55 +0000 2017,"How do you #unitTest ur #aws #lambda #node #function?!?

Trying to figure out what is needed 

any advice @123644 @58982 @274491",2086041,AWSSupport,Wed Nov 01 23:53:00 +0000 2017,"@185715 Hi, Caleb. This forum thread may be useful: https://t.co/Kg07p5eJdj For guidance from our experts, create a new thread. ^RH",
2086044,616849,Wed Nov 01 22:23:49 +0000 2017,@123644 Typo in the link - marked in pink https://t.co/1soukKFgpm,2086043,AWSSupport,Wed Nov 01 23:52:00 +0000 2017,@616849 Nice catch! 🎣 I've shared your feedback internally so a fix can be made. Thanks for the heads up! ^RH,
2086048,616850,Wed Nov 01 19:55:15 +0000 2017,@AWSSupport Is there an email address of someone higher as he did that and they wouldn't help,2086046,AWSSupport,Wed Nov 01 22:29:28 +0000 2017,@616850 This may help https://t.co/mjotqM6pPP Please have him create an AWS account &amp; submit a support case: https://t.co/jANsmDICUz ^RH,2086047
2086050,616850,Wed Nov 01 19:05:54 +0000 2017,@AWSSupport Do you have a direct email address for someone I can contact. It is not for me but his bank card was used in fraud on your site,2086049,AWSSupport,Wed Nov 01 19:36:00 +0000 2017,"@616850 Hi, Heather. You can contact us via the following form https://t.co/9Pd7gljKzC ^KM",2086048
2086052,226874,Wed Nov 01 21:42:56 +0000 2017,@123644  - It seems that your documentation https://t.co/7P0N8VqROn - does not match with product #Frustration #Fail,2086051,AWSSupport,Wed Nov 01 22:17:48 +0000 2017,@226874 Sorry for the trouble! Please provide details so our WorkSpaces team can take a look: https://t.co/OYZXb7KJnP ^RH,
2086056,616851,Wed Nov 01 20:40:32 +0000 2017,hey @123644 can you give us a more recent version of @58982 libraries to use on lambdas? 6.10 is kinda outdated....,2086055,AWSSupport,Wed Nov 01 22:12:28 +0000 2017,"@616851 I've shared your request with our Lambda team for review, thanks for the +1! 😄 ^RH",
2086059,616852,Fri Oct 27 15:53:25 +0000 2017,@123644 I have been trying to create the correct IAM role configuration for the past hour just to join a new VM to Amazon AD. Total waste of time.,2086057,AWSSupport,Wed Nov 01 20:50:29 +0000 2017,@616852 Thanks for the feedback. We want to improve the customer experience. We'll look into it &amp; clarify our technical documentation ^JK,2086058
2086065,616853,Wed Nov 01 15:40:11 +0000 2017,"@123644 hello I need to host a native app (iOS &amp; Android). Its a small app, I need to know what I need from AWS and monthly cost Please 😀",2086064,AWSSupport,Wed Nov 01 16:37:00 +0000 2017,"@616853 Hi, check out this page: https://t.co/DAIOpKJaBm. For assistance, contact our Mobile Hub team here: __email__ ^KM",
2086067,459774,Tue Nov 14 22:38:33 +0000 2017,"@AWSSupport hi, should I be expecting a response from __email__ or do they not respond?",2086069,AWSSupport,Tue Nov 14 23:54:00 +0000 2017,"@459774 Hi Gemma, if you've already contacted that email address then they've likely received your request. To be sure, I've also brought it to their attention. Thanks for keeping us on our toes! 😄 ^MN",
2086068,459774,Wed Nov 01 15:32:13 +0000 2017,@AWSSupport When will your cloud AWS Device Farm add the iPhone X?,2086066,AWSSupport,Wed Nov 01 16:28:00 +0000 2017,"@459774 Hi, you can provide direct feedback to our Device Farm team via the following page https://t.co/dv7bPJQDeP ^KM",2086067
2086072,330622,Wed Nov 01 14:44:42 +0000 2017,"Now that node 8 LTS is out, hoping that AWS Lambda will pick it up. ^_^ @123644",2086070,AWSSupport,Wed Nov 01 16:19:00 +0000 2017,"@330622 Hi, I've shared your +1 for this requested feature with our Lambda team. Thanks for the feedback! ^KM",2086071
2086075,616854,Wed Nov 01 12:36:45 +0000 2017,"@123644 I paid for the verification of my card details
I haven't got any verification email yet.",2086073,AWSSupport,Wed Nov 01 14:25:00 +0000 2017,"@616854 Hi, Rishabh. Please create a case via the Support Center &amp; someone will take a look https://t.co/jANsmDICUz ^KM",2086074
214543,166963,Thu Sep 28 07:35:08 +0000 2017,@AWSSupport any news as to when London will get  SimpleAD or if it will get  one?,214542,AWSSupport,Thu Sep 28 10:36:25 +0000 2017,"@166963 Hi there, I've shared your +1 for this requested feature with our service team. Thanks for sharing your request! ^CM",
2154741,633051,Thu Oct 19 04:21:55 +0000 2017,@123644 I'm getting 403 when trying to go to Lightsail dashboard for both root and IAM accounts w/correct policy. How do I reach support?,2154739,AWSSupport,Thu Oct 19 09:47:26 +0000 2017,"@633051 Hi, Sergey. I have created a case to assist you. Please check the Support Center here : https://t.co/jANsmDICUz ^KK",2154740
2155498,633274,Wed Nov 08 22:23:29 +0000 2017,"@AWSSupport Hi, i am trying to schedule AWS SA Associate BETA exam. But couldn't find any dates for December. When can I schedule my exam for December? #aws #reInvent",2155497,AWSSupport,Wed Nov 08 23:52:00 +0000 2017,@633274 Our Training &amp; Certification team can help! Fill out this form and they'll be in touch: https://t.co/c3vygPpyyR ^RH,
2155500,199789,Thu Nov 09 00:44:36 +0000 2017,@AWSSupport @633275 Please have a write up / blog post on the inner detail of Lambda and the work required to release a new platform runtime. Would be a useful read.,2155503,AWSSupport,Thu Nov 09 06:52:28 +0000 2017,"@199789 Thanks for sharing your request with us, Jaxon. I've forwarded it along to our Lambda team 😊 ^CM",
2155501,633275,Wed Nov 08 17:57:04 +0000 2017,"With @58982 8 now in LTS , when will @123644 lambda functions support it ?",2155499,AWSSupport,Wed Nov 08 23:41:00 +0000 2017,@633275 I've shared your +1 for this requested feature with our Lambda team. Thanks for the feedback! 😀 ^KM,2155500
2155505,633276,Wed Nov 08 20:35:43 +0000 2017,Suddenly it seems that @123644 #S3 is not available in Cuba. https://t.co/dveW7LkyJh,2155504,AWSSupport,Wed Nov 08 21:22:26 +0000 2017,"@633276 Hi, Carlos. I'd like to help but need more info. Please post in our Forums &amp; our experts can assist: https://t.co/tfuRHH8Tqk ^RH",
2155507,633275,Wed Nov 08 17:51:54 +0000 2017,@123644 any answers? https://t.co/836sa4gtYS,2155506,AWSSupport,Wed Nov 08 18:34:00 +0000 2017,"@633275 Hi, Muhammad. Skills can be hosted in either the US East (N. Virginia) or EU (Ireland) region: https://t.co/0dJ9qo24cD ^KM",
2155510,633277,Wed Nov 08 13:30:58 +0000 2017,"Wishing @123644 would release two features for ECR: security scanning, custom DNS names for repository.",2155509,AWSSupport,Wed Nov 08 15:42:30 +0000 2017,"@633277 We appreciate your input, Ryan. I've shared your wish with our ECR team for consideration. ✨ ^KM",
2155512,161078,Wed Nov 08 09:31:27 +0000 2017,@123644 @48443 @4773 need Lambda in Tag Editor #awswishlist,2155511,AWSSupport,Wed Nov 08 11:35:26 +0000 2017,"@161078 Thanks for sharing your #awswishlist ideas with us, Gaurav. It has been shared with each of the relevant teams. 😁 ^ES",
2155513,161078,Fri Nov 10 10:54:59 +0000 2017,@123644 @48443 @4773 @272491 Ability to add current spot pricing data and spot price history in CloudWatch. So that we can create CW alarms when spot price goes above my threshold. #awswishlist,2221932,AWSSupport,Fri Nov 10 12:06:43 +0000 2017,"@161078 Thanks for taking the time to share your request, Gaurav. I have forwarded it along to our service team. 😊 ^CM",
2167488,118106,Thu Nov 09 07:48:19 +0000 2017,Shaft... I replaced the MFA on my @85891 user account and not the root account and now I'm locked out my own personal account. 😭 Oh though @123644 customer service from South Africa was AWESOME &amp; now I'm back in!,2167487,AWSSupport,Thu Nov 09 10:35:20 +0000 2017,"@118106 Hooray! 🎉 I'm happy to hear the issue was resolved, Kai. Thanks for the shout-out. I will pass the kudos on! ^KK",
2167491,636037,Thu Nov 09 04:19:15 +0000 2017,"Anyone else getting stack template invalid for this? I mean, it's pretty clear instructions but somehow 🤷‍♂️ https://t.co/ymftwU26E5",2167489,AWSSupport,Thu Nov 09 09:21:30 +0000 2017,@636037 Feel free to post your Q's on our CloudFormation Forum where our engineers can review &amp; assist: https://t.co/Q40RjxgrIl ^KK,2167490
2172036,616810,Thu Nov 09 11:25:40 +0000 2017,"@AWSSupport a link in the AWSCLI docs is wrong: https://t.co/UydTr2JdEI ""Enhanced Health Reporting and Monitoring” goes to missing integration page (must have slipped through during dev)",2172034,AWSSupport,Thu Nov 09 12:20:00 +0000 2017,"@616810 Thanks for reaching out to us, Florian. The link is working fine on our end, mind trying it again? https://t.co/Of0LTjpR99 👍 ^CM",2172035
2178223,638437,Thu Nov 09 13:38:03 +0000 2017,"Dear @86308 and @123644, please stop applying arbitrary rules to identifiers, e.g. preventing use of “-“ in resource names.",2178222,AWSSupport,Thu Nov 09 16:11:06 +0000 2017,"@638437 We're always trying to improve our services &amp; appreciate the input, Kenneth. I've sent your request to our IoT team for consideration. ^KM",
2178227,638438,Thu Nov 09 13:37:09 +0000 2017,"@AWSSupport Can't reach to console seamlessly for 2 days. Just hanging on a full white page about 10 seconds, then fail. Location: Eastern Europe.",2178224,AWSSupport,Thu Nov 09 15:35:00 +0000 2017,"@638438 Sorry for the trouble, Ogün. If you haven't already, try using a different browser &amp; clear your cache/cookies. If the issue persists, please post more info on our Forums &amp; send me the URL so our engineers can look into this https://t.co/oGQljz7Yfy ^KM","2178225,2178226"
2178229,222553,Thu Nov 09 13:17:53 +0000 2017,"@131019 @123644 Will it be possible to buy @115821 devices during Re:invent? Like Fire tablets, dash buttons and Alexa devices? #justasking",2178228,AWSSupport,Thu Nov 09 15:28:41 +0000 2017,"@222553 Hi, for all re:Invent related questions, you can contact our Marketing team directly via https://t.co/6vIQ2D2vHm ^KM",
2186416,636989,Thu Nov 09 15:30:13 +0000 2017,@123644 when is the support for VPC endpoints for API gateway coming?,2186415,AWSSupport,Thu Nov 09 17:44:00 +0000 2017,"@636989 Hi, thank you for the feedback! We're always looking to improve our services and have sent your request to the appropriate teams. ^JK",
2186418,640291,Thu Nov 09 16:23:25 +0000 2017,@123644 Fix your fucking retarded security model or you're going to lose an account that spends over $10K/year. No password recovery option? What the actual fuck? https://t.co/EOpgH4T39b,2186417,AWSSupport,Thu Nov 09 16:55:37 +0000 2017,"@640291 Sorry for the trouble, Ben. Please check out the following doc about IAM accounts, you may find it helpful: https://t.co/uSIQhLJdqJ ^KM",
2197699,118836,Thu Oct 19 05:30:00 +0000 2017,I have TFA enabled for @115821 and for @123644. When I sign in to @123644 I get asked for both. Can I merge them into one? @AWSSupport,2197698,AWSSupport,Thu Oct 19 11:02:00 +0000 2017,"@118836 Hi, Werner. I have created a support case for you via the Support Center. You can view it here: https://t.co/jANsmDICUz ^KK",
2199424,643286,Thu Nov 09 09:45:39 +0000 2017,"@123644 Hey, any reason I can't attach an ACM cert to a classic ELB in us-west-2 at the moment? Never had issues before :(",2199423,AWSSupport,Thu Nov 09 20:40:28 +0000 2017,"@643286 Hi, Daniel! Could you provide more info via our Forums? An engineer can take a look https://t.co/dacin2x3op ^KM",
2199426,643287,Thu Nov 09 17:58:04 +0000 2017,@123644 i cant coy/paste in lightsail terminal !!,2199425,AWSSupport,Thu Nov 09 20:27:00 +0000 2017,"@643287 Juan, I'm sorry for any difficulty. If the issue persists, please post in our forums so our engineers can investigate: https://t.co/em6EGcm8tb ^JK",
2199430,643288,Thu Nov 09 19:39:15 +0000 2017,Experiencing networking issues with @123644 C5 instances after running #Magento2 on them smoothly for 24h. Rolling back to C4.,2199427,AWSSupport,Thu Nov 09 20:15:00 +0000 2017,"@643288 Hi, Sergii, our engineers would like to assist. Please post more info on our forums and they can look into it: https://t.co/YE46DXUioc ^JK","2199428,2199429"
2206865,224565,Thu Nov 09 22:25:47 +0000 2017,@123644 This is still an issue.  Can't upload a zip file.  Bad instructions or bad default configuration.  @87127 Googling for answers doesn't work obviously because the issue is too general. https://t.co/uiBSfeYb1z,2206863,AWSSupport,Fri Nov 10 00:35:26 +0000 2017,"@224565 Sorry to hear it, Brian! Here are your options for getting help: https://t.co/2j3ckqGrmm I'd also recommend our Lambda forum where you can add more info, &amp; our experts and community can reply in detail: https://t.co/GlFUwQrhNe 😊 ^TI",2206864
2206867,172844,Thu Nov 09 23:29:09 +0000 2017,@123644 This document is super out of date.  Makes following it really hard since the Google Console redesign: https://t.co/E9jqBLKsCs,2206866,AWSSupport,Fri Nov 10 00:30:02 +0000 2017,"@172844 Thanks for the heads up, I've let our SNS team know so they can take a look! 🤓 ^TI",
2206869,645227,Thu Nov 09 20:43:52 +0000 2017,"@AWSSupport My redis rds instance keeps timing out! It worked fine yesterday, no code changes, now it wont start. Err msg: connect ETIMEOUT 10.0.0.0...:6379",2206868,AWSSupport,Thu Nov 09 23:25:01 +0000 2017,"@645227 I'd like to help, but need more details! Can you post more information here so our experts &amp; community can take a look? https://t.co/Dt4Clibv79 🔍 ^TI",
2206871,645228,Thu Nov 09 21:57:22 +0000 2017,@AWSSupport  Trying desperately to get an update on an AWS Import/Export job that was delivered at the beginning of the week.  Your support channel don't provide any updates and we are in need of this.  This is way past the documented SLA.  Please Help,2206870,AWSSupport,Thu Nov 09 23:23:51 +0000 2017,@645228 I took a look &amp; saw that your case has been updated. ✉️ You can follow up with us in the Support Center for further help: https://t.co/TDI345rM57 ^TI,
2213972,646974,Fri Nov 10 00:59:45 +0000 2017,@123644 how would someone be able to attend this event?,2213971,AWSSupport,Fri Nov 10 06:04:58 +0000 2017,"@646974 Hi, Rashad. You can register for re:Invent here: https://t.co/hg3lo0oQEF 👍 ^CM",
2221934,648935,Fri Nov 10 10:56:28 +0000 2017,"@AWSSupport Hello, there seems to be an error on the documentation (https://t.co/MvH2lRPuhc)
about Canonical Hosted Zone for A/NLB (correct name is « canonicalhostedzoneid ») https://t.co/RYEoDWCh3r",2221935,AWSSupport,Fri Nov 10 22:08:27 +0000 2017,@648935 Our Documentation team was able to make a quick edit with the help of your keen eye! 🎣 Great catch &amp; thanks again! ^TI,
2221934,648935,Fri Nov 10 10:56:28 +0000 2017,"@AWSSupport Hello, there seems to be an error on the documentation (https://t.co/MvH2lRPuhc)
about Canonical Hosted Zone for A/NLB (correct name is « canonicalhostedzoneid ») https://t.co/RYEoDWCh3r",2221933,AWSSupport,Fri Nov 10 11:38:29 +0000 2017,"@648935 Hi there, thanks for reaching out to us! I have gone ahead and forwarded your feedback through to our documentation team for review. 👍 ^CM",
2222209,649008,Mon Nov 20 03:27:59 +0000 2017,"@123644 hi, any English sessions about the topic related to GDPR?",2222208,AWSSupport,Mon Nov 20 08:29:26 +0000 2017,@649008 Thank you for your interest. I've forwarded it along internally for review. ^KK,
2222212,400423,Mon Nov 20 01:38:48 +0000 2017,@48443 @115851 @AWSSupport Hope you guys take this positive feedback &amp; improve on this. https://t.co/Dn0EmCBkg1,2222211,AWSSupport,Mon Nov 20 06:53:00 +0000 2017,"@400423 Hi, Prashant. We're always trying to improve our services &amp; appreciate the feedback. Feel free to share more details via the following method: https://t.co/cY77Ww36h9 Also, give our Knowledge Center a try: https://t.co/TyXH4pZTfN 😊 ^KK",
2227223,119474,Thu Nov 09 21:45:21 +0000 2017,"@272491 Yeah, I have a request ID for the one that took 1.6 seconds. There's a few others that are also saying they're taking over 500ms.",2227222,AWSSupport,Fri Nov 10 10:12:00 +0000 2017,"@119474 We'd be happy to assist, Chris. Please create a support case in our Support Center here: https://t.co/cKEBmh1nxd ^CM",
2238353,652686,Fri Nov 10 18:52:25 +0000 2017,@AWSSupport Done! 😀😀😀 thanks!!,2238352,AWSSupport,Fri Nov 10 19:29:32 +0000 2017,@652686 Happy to help! 😃 ^JK,
2238355,652686,Fri Nov 10 17:14:21 +0000 2017,"@AWSSupport I accidentally deleted my IAM Administrator User and now I can not access the configuration panel of my account or create new users. The error I receive is ""You need permissions"". The AWS account is mine, created this very afternoon.",2238354,AWSSupport,Fri Nov 10 17:55:47 +0000 2017,"@652686 Victor, you may want to check out this doc about resetting root and IAM passwords here: https://t.co/Z6txrvF60d ^JK",2238353
2238357,133368,Fri Nov 10 15:51:08 +0000 2017,"Ooooo, @123644 Lightsail looks interesting, apart from the lack of IPv6.

So that's a total non starter.

Why do we still have services like this without #IPv6 ...?",2238356,AWSSupport,Fri Nov 10 18:20:29 +0000 2017,"@133368 We appreciate the feedback, Karl. I've forwarded it on to our Lightsail team so they are aware! ^JK",
2240698,479288,Thu Oct 19 14:19:29 +0000 2017,"This is what of the most gorgeous training tutorials I have come across for @123644.  Wow.

https://t.co/Czp3liqZ6j",2240697,AWSSupport,Thu Oct 19 16:24:33 +0000 2017,"@479288 Thanks for the great feedback, Joaquin! I will be sure to pass on the kudos to our Training team. 😊 ^ET",
2240700,653296,Thu Oct 19 13:36:59 +0000 2017,@123644 seriously? Are you going to prevent me from signing up? All because your security check system isnt working!!!,2240699,AWSSupport,Thu Oct 19 14:52:26 +0000 2017,"@653296 Sorry for the trouble, Ryan. Please reach out to us using the following form for assistance: https://t.co/LfNrabz6Ox ^ET",
2240702,653297,Thu Oct 19 12:59:06 +0000 2017,"Anybody able to find the @123644 #reInvent mobile app yet? They said you'd be able to reserve sessions through it, but I can't find it",2240701,AWSSupport,Thu Oct 19 14:45:01 +0000 2017,"@653297 Sorry for the trouble, Don. Our re:Invent team can help! They can be reached here: https://t.co/2NJ9G67z2O? ^ET",
2240704,653298,Thu Oct 19 12:46:47 +0000 2017,"@AWSSupport I have a problem with my account, and I cannot Login could you help me?",2240703,AWSSupport,Thu Oct 19 14:15:33 +0000 2017,"@653298 Sorry to hear you're having trouble logging in, Antonio. Please reach out to us using this form: https://t.co/runlWQjM1U ^ET",
2242255,653703,Fri Nov 10 21:08:15 +0000 2017,"@AWSSupport Yes, I'd gathered that. Are you going to document and/or fix it?",2242254,AWSSupport,Fri Nov 10 21:56:29 +0000 2017,"@653703 Yes, thank you for your feedback! Our DynamoDB team has been notified and has added the info on the Developer Guide. You can find it here: https://t.co/NFwdo9xzYP ^JK",
2242257,653703,Tue Oct 31 14:54:04 +0000 2017,TIL @123644 DynamoDB auto-scaling doesn't scale down if your table usage drops to zero.  Apparently not documented.,2242256,AWSSupport,Fri Nov 10 20:33:29 +0000 2017,"@653703 It doesn't scale down your provisioned capacity if your table’s consumed capacity becomes 0, but you can send requests to the table until it scales to the minimum capacity, or change the policy to reduce the maximum provisioned capacity to be the same as the minimum ^JK",2242255
2242259,586535,Fri Nov 10 17:38:00 +0000 2017,@123644 I have a question about dynamic app scanning,2242258,AWSSupport,Fri Nov 10 20:13:00 +0000 2017,"@586535 Hi, we'd like to help. Could you provide more info about your question in our forums so our engineers can assist? https://t.co/FGA5pdbbnR ^JK",
2256449,657184,Fri Nov 10 23:53:21 +0000 2017,"Looks like https://t.co/r55KYZQZoj is down.

@123644",2256448,AWSSupport,Sat Nov 11 00:29:00 +0000 2017,"@657184 It appears to have been updated, &amp; is back in action now! 🎬 ^TI",
2256452,19853,Fri Nov 10 22:10:39 +0000 2017,@AWSSupport where can I get help logging into an aws account for which I've lost the MFA tokens?,2256450,AWSSupport,Fri Nov 10 23:17:28 +0000 2017,"@19853 Your MFA token may be lost, but hope is not! 😄 Here's how to get up &amp; running again: https://t.co/jNt6RQTY2Z You'll likely need to use the Unusable Authentication Device Form at the bottom of that page. ^TI",2256451
2262458,658675,Fri Nov 10 20:39:29 +0000 2017,Is @123644 down? S3 web services not responding.,2262457,AWSSupport,Sat Nov 11 01:28:28 +0000 2017,"@658675 Sorry for the trouble, Bill! If you're still having issues, here's a few things to check: https://t.co/tUsWj3qzge ✔️ ^TI",
2262460,658676,Fri Nov 10 21:29:41 +0000 2017,"@123644  #AWS is there currently a way to either:

Based on a Github branch passed to CodePipeline

a) send it to different pipeline steps

or

b) have AWS CodeBuild buildspecs detech git branch

With the goal of different actions based on branch?",2262459,AWSSupport,Sat Nov 11 01:28:00 +0000 2017,@658676 This is a great question for our experts &amp; community on our forums! Post here so they can take a look &amp; reply in detail: https://t.co/NKQPtsAkS7 📝 ^TI,
2262462,252716,Fri Nov 10 20:22:39 +0000 2017,"@123644 Feels like they keep adding more and more ASG features into Spot Fleet. It would've been nice to have Spot Fleet support added to ASGs, Lack of Lifecycle Hooks are what stopping me from making the switch to Spot Fleet.",2262461,AWSSupport,Sat Nov 11 01:27:28 +0000 2017,"@252716 Thanks for the feedback, Jamie! I've forwarded it along to our EC2 team. 😊 ^TI",
2266921,659798,Sat Nov 11 02:04:20 +0000 2017,@123644 - Are you guys planning @331078 support?,2266920,AWSSupport,Sat Nov 11 07:04:00 +0000 2017,"@659798 Hi, Mason. Thanks for sharing your request. I have gone ahead and forwarded it to our service team. 👍 ^CM",
228635,170516,Thu Oct 05 22:38:32 +0000 2017,"@123644 Great stuff! Tried it, it's really fast.. Can't wait 'till it becomes available in Ireland region :)",228634,AWSSupport,Thu Oct 05 23:12:00 +0000 2017,"@170516 Great to hear, Aleksandar! I've passed that along internally so our Redshift team knows you want to see this in your future! 🔮 ^TI",
228640,170518,Thu Oct 05 23:07:59 +0000 2017,@AWSSupport @170519 I'll +1 that.,228639,AWSSupport,Thu Oct 05 23:17:00 +0000 2017,"@170518 I hear you loud &amp; clear, Craig! 📣😁 ^TI",
228642,170519,Thu Oct 05 19:56:30 +0000 2017,@123644 Can we get this as a feature in ELB instead? This is a really common problem that devs have to reimplement every time.,228641,AWSSupport,Thu Oct 05 21:00:00 +0000 2017,"@170519 Thanks for the +1, Allen! I've sent that along to our ELB team for review 😊 ^TI",228640
228645,170520,Thu Oct 05 21:44:42 +0000 2017,Horrible UX on @123644 Educate. Who knows what the form fields are for? https://t.co/CnVRKmArUm,228644,AWSSupport,Thu Oct 05 22:59:30 +0000 2017,"@170520 Oh no! Thanks for letting me know, Jay. I've passed this along to our Educate team so they can check it out. ✔️ ^TI",
228645,170520,Thu Oct 05 21:44:42 +0000 2017,Horrible UX on @123644 Educate. Who knows what the form fields are for? https://t.co/CnVRKmArUm,228646,AWSSupport,Mon Oct 16 03:29:56 +0000 2017,"@170520 Hi, Jay. I just wanted to let you know this has been fixed. Thanks again for the help! 🔩🔧 ^TI",
2293765,666075,Thu Oct 19 17:29:43 +0000 2017,Docker on @123644 Should I use ECS or Beanstalk?,2293763,AWSSupport,Thu Oct 19 19:07:00 +0000 2017,"@666075 Hi, Simon! This is a great question for our forums, where our experts and community can assist: https://t.co/95GvbCeKYr ^ET",2293764
2293770,666077,Thu Oct 19 17:13:07 +0000 2017,@123644 trying to add certificate to #AWS and getting error. No certs ever added and cannot set up cloudfront because of it :( Help? https://t.co/3Xsu4lUg50,2293769,AWSSupport,Thu Oct 19 18:04:45 +0000 2017,@666077 Check out this doc: https://t.co/0bf7iY18m1 Please create a case in the Support Center for more help: https://t.co/jANsmDICUz ^ET,
2293774,339635,Thu Oct 19 21:59:54 +0000 2017,"@AWSSupport Im looking at that link &amp; its showing that I have to be in school or college in order to apply for the education version of AWS.
Seriously.?",2293777,AWSSupport,Fri Oct 20 00:01:27 +0000 2017,"@339635 Alternatively, try our Free Tier (credit card required): https://t.co/lMMGsHouVy 😊 &amp; ask any Q's here: https://t.co/7Rpk3PqwEc ^TI",2293778
2293776,339635,Thu Oct 19 16:34:57 +0000 2017,"@123644 @115821
Is there a way to study &amp; play around w/ AWS in Education mode rather than giving CC &amp; paying for something I cant afford?",2293773,AWSSupport,Thu Oct 19 17:33:10 +0000 2017,"@339635 If you're a student, you may want to check out our Educate program: https://t.co/vz2qQMsQ05 ^ET","2293774,2293775"
2293783,186698,Thu Oct 19 14:16:21 +0000 2017,@AWSSupport Is malware hosting allowed? https://t.co/dFJcnwL3s1,2293782,AWSSupport,Thu Oct 19 17:21:01 +0000 2017,@186698 Hi! Please report your findings here so it can be investigated: https://t.co/m2f1OU720z ^ET,
231703,171187,Thu Oct 05 07:14:45 +0000 2017,"@AWSSupport Thanks VR. I can't do that because it's not empty, and the web UI doesn't seem to allow me to delete its contents. What am I missing here?",231701,AWSSupport,Thu Oct 05 10:27:00 +0000 2017,@171187 Please create a case &amp; send us a screenshot of your console so we can assist you: https://t.co/jANsmDICUz ^VR,231702
231705,171187,Thu Oct 05 03:13:57 +0000 2017,@123644 How do you delete a vault or archive through the Admin Console? I don't see anything in the web UI or docs about this,231704,AWSSupport,Thu Oct 05 07:08:35 +0000 2017,"@171187 Hello, Jonathan. The following documentation will assist with deleting vaults from Glacier: https://t.co/CyFr4bCENn ^VR",231703
231707,171188,Thu Oct 05 00:05:58 +0000 2017,@123644 is there a target date for SQL Server 2017 on RDS?,231706,AWSSupport,Thu Oct 05 07:28:40 +0000 2017,"@171188 Hi, Alex. I've shared your +1 for this requested feature with our RDS team. Thanks for the request! ^VR",
2334272,675500,Thu Oct 19 23:43:09 +0000 2017,@123644 Hi. May i know what is maximum numbers of instances can i created in one region in AWS?,2334270,AWSSupport,Fri Oct 20 00:18:27 +0000 2017,"@675500 Here's some info on limits, Shahran: https://t.co/SgVDzeLZ7g &amp; here's how to get them evaluated: https://t.co/4jfaVaMibD 📈 ^TI",2334271
2341342,677261,Mon Nov 13 14:00:31 +0000 2017,"@AWSSupport hi, how long do you take to verify an apply to aws education ? thanks a lot !",2341341,AWSSupport,Mon Nov 13 14:58:15 +0000 2017,"@677261 Hi, you may find this doc helpful: https://t.co/1aRSs8zGva If you have more questions, you can contact the Educate team here: https://t.co/SAQDLBy6s3 ^JK",
2341344,677262,Mon Nov 13 13:54:04 +0000 2017,@AWSSupport is it possible to upgrade the openssl used in a lambda function? Still is OpenSSL 1.0.0-fips,2341343,AWSSupport,Mon Nov 13 14:50:55 +0000 2017,"@677262 Hi, would you mind posting more details in our forums? Our engineers would like to assist: https://t.co/EKZubYLQ27 ^JK",
2341347,677263,Sun Nov 12 19:49:27 +0000 2017,"@123644 yo, your aws-sdk is too large for Lambda@Edge function. We're trying to use lambda invoke for external resource in our VPC",2341345,AWSSupport,Mon Nov 13 07:53:00 +0000 2017,"@677263 Hi, Patrick. Our service team says the AWS SDKs are built in to the Lambda execution environments of functions &amp; there should be no need to download them manually: https://t.co/DMrQ3lCMOh If you have a unique use case, we'd love to hear it: https://t.co/1d0F7AXGh8 ^RH",2341346
2341350,677264,Sun Nov 12 23:32:40 +0000 2017,created an Amazon machine learning model and tried the real time prediction &amp; it worked fine with out endpoint. Created a realtime endpoint but couldn't see it working. I see a MissingAuthenticationTokenException on browser. @123644 @AWSSupport . Where can i get the token?#AWS,2341348,AWSSupport,Mon Nov 13 00:08:55 +0000 2017,"@677264 Hi, Mahesh. Check out this post in our Forums regarding a similar issue: https://t.co/7mEBx9wFye For guidance from our experts, create a new thread. ^RH",2341349
2341352,186806,Sun Nov 12 21:48:56 +0000 2017,@123644 do practice exams change as u take ‘em? I wanna take the beta exam for solutions architect but already booked the regular one. Can I reschedule n b refunded?,2341351,AWSSupport,Mon Nov 13 00:07:00 +0000 2017,@186806 Our Training &amp; Certification team can help! Fill out this form and they'll be in touch to assist: https://t.co/AiQkiNQyo6 😄 ^RH,
2341354,677265,Sun Nov 12 22:33:41 +0000 2017,@123644 How easy is it to get email working on a WordPress install using Amazon Lightsail?,2341353,AWSSupport,Mon Nov 13 00:06:00 +0000 2017,@677265 That's a great question for our experts &amp; community! Post in our Forums for guidance: https://t.co/dgIz9p2w1T ^RH,
2341358,677266,Sun Nov 12 19:05:45 +0000 2017,"@123644 CodeStar is great, but starting NodeJS projects with v0.10 is so bad. 

At least use LTS : 8 if not for the security fixes and support policy alone.",2341356,AWSSupport,Sun Nov 12 19:22:29 +0000 2017,@677266 We're always trying to improve our services and appreciate the input! I've shared your feedback with our CodeStar team for consideration. 😊 ^RH,2341357
2341360,677267,Sun Nov 12 16:58:20 +0000 2017,@123644 it appears there is a #bug when opening #route53 #awsconsole on an IOS device. Dashboard crashed when pending domain transit. https://t.co/vxh5GrxYlk,2341359,AWSSupport,Sun Nov 12 18:56:00 +0000 2017,@677267 Sorry for the trouble! I've passed your feedback to our Route 53 team for review. 👍 ^RH,
2341362,677268,Sat Nov 11 21:40:28 +0000 2017,"My head is in the clouds now, why do I keep loosing ssh connectivity to my #AWS ec2 machines?",2341361,AWSSupport,Sun Nov 12 17:06:30 +0000 2017,"@677268 Hi, Luis. This Knowledge Center article may be helpful: https://t.co/fA68pPkf4C For expert help, post in our Forums: https://t.co/qy5AhmKCc5 ^KK",
2341364,677269,Sat Nov 11 18:33:59 +0000 2017,"Tried to start learning AI using the course on #FastAI because I've wanted a course aimed at developers for ages. But can't get past setting up an @123644 account, because of its infuriating verification! I'm now blocked for 12 hours. Both my patience and enthusiasm are gone",2341363,AWSSupport,Sat Nov 11 20:40:33 +0000 2017,"@677269 Sorry for the frustration, Craig. If you haven't already, please take a look at this doc: https://t.co/EYjFD5SlrG. For additional help, you can contact us directly via the Support Center https://t.co/jANsmDICUz ^KM",
2341366,677264,Sat Nov 11 18:32:24 +0000 2017,"@AWSSupport : not able to connect to EMR hadoop cluster even after adding an inbound rule to master node security group. Also .pem is loaded in putty Gen to convert to .ppk and it says ""server refused key"". Please throw some light.",2341365,AWSSupport,Sat Nov 11 20:38:00 +0000 2017,"@677264 Check out the following doc, Mahesh https://t.co/Mn1UugNtwR. For additional help, you can contact our engineers here: https://t.co/rquDcOcevY ^KM",
2341369,225514,Sat Nov 11 16:36:13 +0000 2017,"@AWSSupport trying to sign up, hung at the phone call verification step. You just lost a potential customer.",2341367,AWSSupport,Sat Nov 11 17:24:00 +0000 2017,"@225514 Sorry for the trouble, Kirill. Please check out the following doc, you may find it helpful https://t.co/CLuD180gkk. For direct assistance, you can create a case via the Support Center https://t.co/jANsmDICUz ^KM",2341368
2362833,682237,Mon Nov 13 18:25:40 +0000 2017,@123644 do students get any boosts to CPU credits? https://t.co/4fkL8JJUW5,2362832,AWSSupport,Mon Nov 13 20:50:48 +0000 2017,"@682237 Hi, if you'd like to increase your CPU credit limit, you can file a customer support limit increase request via https://t.co/0jAJTlVsjl. For more info, please check out this doc: https://t.co/eLfYjnIK6p ^KM",
2362835,682238,Mon Nov 13 08:03:42 +0000 2017,Please give dualstack of ELB/ALB for Elastic Beanstalk @123644,2362834,AWSSupport,Mon Nov 13 20:47:01 +0000 2017,"@682238 Hi, the following doc may be helpful: https://t.co/uMDUVrnC72 For more Q's, please feel free to post our Forums: https://t.co/aHyE9xXFea ^KK",
2362837,682239,Mon Nov 13 22:04:38 +0000 2017,@AWSSupport Can't actually. Forum is still preventing me from posting a question and the support filing is only for folks with a higher tier support plan.,2362839,AWSSupport,Mon Nov 13 22:45:33 +0000 2017,"@682239 Sorry for the trouble, Fernando! I've created a support case so we can discuss this directly, please check the Support Center and follow up with me there. 👍 ^RH",
2362838,682239,Mon Nov 13 16:56:23 +0000 2017,@123644 I can't submit support tickets for technical issues sooo... here you go. API Gateway won't let me configure... APIs... https://t.co/cX7MhP5FtA,2362836,AWSSupport,Mon Nov 13 19:50:50 +0000 2017,"@682239 Hi, Fernando. You may find the following doc helpful https://t.co/ovv7ROano6. For additional help, you can contact our engineers by posting to our Forums https://t.co/hcSR7QEvaJ ^KM",2362837
2362841,540496,Thu Oct 26 22:01:04 +0000 2017,@123644 What is the licensing on the lambda blueprints?,2362840,AWSSupport,Mon Nov 13 17:26:24 +0000 2017,"@540496 Hi, TJ. I checked with our Lambda team and they said Lambda Blueprints are under CC0 license. Our docs will be refreshed to include this info. 😊 ^RH",
2362843,271071,Mon Nov 13 13:50:15 +0000 2017,"@123644 if the stack of a lambda function is deleted, the url changes after it is published again. Is there a way to retain or redirect from the old url? (We are not using the API gateway)",2362842,AWSSupport,Mon Nov 13 16:53:31 +0000 2017,"@271071 Shekhar, our engineers would like to help. Would you mind posting more details in our forums so they can take a look? https://t.co/YVVUN5MzIV ^JK",
2362845,682240,Mon Nov 13 13:00:00 +0000 2017,@AWSSupport hey are you planning to provide a compiled CusterClient for PHP 7.1? It's already one of the most used versions of the language and it's almost impossible to compile manually.,2362844,AWSSupport,Mon Nov 13 16:48:00 +0000 2017,"@682240 Federico, we appreciate the feedback as we're always trying to improve our services. Could you provide a little more info so our service team can look into it further? https://t.co/L544pgUVDW ^JK",
2362848,682241,Mon Nov 13 15:51:21 +0000 2017,"@123644 : Hey other than aws services, have you guys started AMAZON STUDENT LOOTING SERVICES? BCOS I WAS JUST LOOTED MORE THAN 200$. NEED MY MONEY BACK. ASAP. @115851",2362846,AWSSupport,Mon Nov 13 16:41:36 +0000 2017,"@682241 Nandeesh, I'm sorry for any issues. Please open a case with more details in our Support Center and we can help: https://t.co/C3OAKhiLjA ^JK",2362847
2362850,682242,Mon Nov 13 15:57:16 +0000 2017,Hi @AWSSupport any idea how to mount EFS on lambda ? Even boto3 seems to lack functions to do it. Any help would be appreciate.,2362849,AWSSupport,Mon Nov 13 16:31:31 +0000 2017,"@682242 Vivien, thanks for the request! I've let our Lambda team know so they are aware! ^JK",
2378456,685929,Mon Nov 13 20:38:49 +0000 2017,@123644 Unable to sign into any root account. Clicking “Sign-in using root account credentials” prompts for account ID followed by asking for `IAM` user name. Nowhere to enter root email. Seeing across multiple browsers.,2378455,AWSSupport,Tue Nov 14 00:09:27 +0000 2017,"@685929 Sorry for the trouble, Erik! Have you tried clearing your cache/cookies? 🍪 This blog post may also be useful: https://t.co/ayoI9VlEjM If the issue persists, fill out this form and we'll be in touch: https://t.co/g2wQFZ487p ^RH",
2378458,685930,Mon Nov 13 22:52:01 +0000 2017,"@123644 my AWS credits magically disappeared overnight, can you look into it?",2378457,AWSSupport,Mon Nov 13 23:31:32 +0000 2017,"@685930 Hi, Rahul. I've located your case see it's been updated, please check the Support Center and reply to the case with any further questions: https://t.co/jANsmDICUz ^RH",
2378460,685931,Mon Nov 13 22:55:49 +0000 2017,@AWSSupport Trying to create an account however verification step failed. Advises use phone option in AWS support center however need login to get this number which obviously I don't have due to not yet having an account. What do I do please? Thanks,2378459,AWSSupport,Mon Nov 13 23:30:40 +0000 2017,"@685931 Sorry for the trouble, Stephen. We can help get this sorted out for you! If you're unable to request a call in the Support Center, try selecting the ""chat"" option to speak with one of our agents: https://t.co/MKHZOdUl1c ^RH",
2391796,688843,Tue Nov 14 07:37:25 +0000 2017,@AWSSupport If I put a tag (APP: abc) in my batch compute env (using Spot instances) I should be able to see those in the EC2 dashboard now right?,2391795,AWSSupport,Tue Nov 14 08:44:52 +0000 2017,"@688843 Hi, Macarthy. Our Forum would be the perfect place to post this question. You can do so here: https://t.co/EYFFWyJPiw ^CM",
2391798,688844,Tue Nov 14 04:44:38 +0000 2017,@AWSSupport How long does it take to initialize an Organization? Getting err: FinalizingOrganizationException when calling the CreateAccount operation?,2391797,AWSSupport,Tue Nov 14 06:40:24 +0000 2017,"@688844 Hi, Gavin. Please reach out to us through the Support Center and our support team will gladly assist: https://t.co/cKEBmh1nxd For more questions on Organizations, please feel free to take a look at the FAQ page: https://t.co/7HoPdEITox ^CM",
2391801,688845,Tue Nov 14 03:49:50 +0000 2017,I want to launch an Amazon Redshift cluster but not sure if it’s in the free tier... don’t actually have a warehouse.. just need to learn how it works.. lol @123644,2391799,AWSSupport,Tue Nov 14 06:27:00 +0000 2017,"@688845 Hi, Amanda. Amazon Redshift does have a 2-month Free Trial when using a DC2.Large node. Have a look at this link for more info: https://t.co/FRQW2wyO3G 😊 ^ES",2391800
239970,172994,Wed Sep 27 22:06:28 +0000 2017,@123644 any idea on when ECS will be available to south america?,239968,AWSSupport,Wed Sep 27 22:28:38 +0000 2017,"@172994 Hello, Hilqueslei. I've shared your query with our ECS team for review, thanks for the input! 😄 ^RH",239969
2399735,177577,Tue Oct 17 22:52:46 +0000 2017,"@123644 Can you select round-robbin, best response, least connects, weighted, hybrid IP load balancing?",2399734,AWSSupport,Fri Oct 20 09:10:30 +0000 2017,@177577 We’re always looking to improve our services. Thanks for the feedback we've passed it along to our service team for review ^TI,
2412335,693509,Tue Nov 14 10:54:04 +0000 2017,"@123644
Trying to create an account and getting an error on the identity verification. Site advises to contact support but this requires an account. Any help would be appreciated.",2412334,AWSSupport,Tue Nov 14 11:59:52 +0000 2017,"@693509 Hi, Mike. Our support team would be happy to assist. Please complete this form and they will gladly contact you: https://t.co/qTnhkwmdoI ^CM",
2412338,693510,Tue Nov 14 05:18:28 +0000 2017,@123644 implement sustained use discount,2412336,AWSSupport,Tue Nov 14 11:36:00 +0000 2017,"@693510 Hi, Alex. Thanks for sharing your idea. Please provide more info on our Forum and we'll pass it along to our service team for review: https://t.co/EYFFWyJPiw 👍 ^CM",2412337
2412341,693511,Tue Nov 14 10:10:45 +0000 2017,@AWSSupport  Is #AWS #Aurora now certified to be used with #Hybris? and does it support Active/Active?,2412340,AWSSupport,Tue Nov 14 11:28:00 +0000 2017,"@693511 Hi there, Aurora database is certified for SAP Hybris Commerce: https://t.co/hr0cpT0BBx Active/Active replication however isn't supported but you may find these replication options useful: https://t.co/kM9yUowCRl ^CM",
242359,160703,Thu Sep 28 06:30:30 +0000 2017,"@AWSSupport no one answer since yesterday :D
wrong forum?
https://t.co/B7sV1XJzkv",242361,AWSSupport,Thu Sep 28 11:02:00 +0000 2017,"@160703 Hi, Danny. We've responded to your forum post. Please take a look at it: https://t.co/WDFcB04NGy 🤓 ^ES",
242360,160703,Tue Sep 26 16:16:38 +0000 2017,yo @AWSSupport what is the best simplest CI CD for AWS Lambda + API Gateway? @12755 or something else that easier?,242358,AWSSupport,Tue Sep 26 18:24:31 +0000 2017,"@160703 That's a great question for our engineers. Mind posting it to our forums, Danny? https://t.co/tP3GFfk3nf ^ET",242359
2434567,698603,Sun Oct 29 09:37:02 +0000 2017,"@123644 Please make CodePipeline to Lambda a native feature, including versioning. Blue/Green Deploys using Version + Alias too hard with CodePipeline right now. CloudFormation also doesn't seem to support this either without making multiple stacks. Thank you!!!",2434566,AWSSupport,Sun Oct 29 11:50:00 +0000 2017,"@698603 Thanks for sharing your feedback with us, Andrew! I've made sure your voice is heard by the relevant teams. 🗣👂^ES",
2434569,160920,Sun Oct 29 08:47:19 +0000 2017,"@123644 You might want to fix your LOFT pages, return 404 errors. ;) https://t.co/0F1xFgGUAS",2434568,AWSSupport,Sun Oct 29 11:32:52 +0000 2017,@160920 Please visit this link for the Munich based AWS Pop-up Loft: https://t.co/uD1Tog3GwB ^ES,
243724,173896,Thu Oct 05 09:24:48 +0000 2017,How can I effectively identify minimum IAM policy for certain actions on AWS? I'm doing endless trial and error for half a day.,243722,AWSSupport,Thu Oct 05 11:44:27 +0000 2017,"@173896 Hello. The AWS Policy generator should assist you with your IAM policies:
 https://t.co/TpZ1ArWulF ^VR",243723
243725,173896,Thu Oct 05 13:14:09 +0000 2017,@AWSSupport EC2 RunInstance with TagSpecifications actually requires CreateTags too. Neither of Policy generator and simulator may not help for it.,243726,AWSSupport,Thu Oct 05 14:50:32 +0000 2017,"@173896 That's a great question for our engineers. Mind posting it to our forums?
 https://t.co/UituXD1RVr ^ET",
2442385,508663,Tue Nov 14 20:06:37 +0000 2017,Amazon Phishing - hxxp://reg[.]oo[.]fi/alimna-helvonup/levnovekie[.]php @123644 #Amazon #Phishing https://t.co/POD1RSpkdX,2442383,AWSSupport,Tue Nov 14 23:14:00 +0000 2017,"@508663 Thanks for the heads up! If you have any more info, please provide it here so we can investigate: https://t.co/PhLdyhvnQ0 🔍 ^TI",2442384
2442387,700385,Wed Nov 15 02:57:00 +0000 2017,"@AWSSupport But, I'm just a poor college student trying to host my senior database project ;_; 😭😭😭😭😭😭😭😭",2442389,AWSSupport,Wed Nov 15 07:29:00 +0000 2017,"@700385 Not to worry Meli, we do offer AWS Educate which could help you. Have a look at the student benefits that it offers: https://t.co/8sdItQhVtl 👩‍🎓 ^ES",2442390
2442388,700385,Tue Nov 14 20:45:21 +0000 2017,"Lowkey going to kill my computer, trying to figure out @123644 😭",2442386,AWSSupport,Tue Nov 14 22:11:26 +0000 2017,"@700385 No need to panic, here are all your options for help: https://t.co/mlPnzl6GuR Your computer will thank you! 💻 ^TI",2442387
2442390,700385,Wed Nov 15 20:16:12 +0000 2017,@AWSSupport :( Says I have an invalid referral token when I try to sign up.,2442391,AWSSupport,Wed Nov 15 20:54:33 +0000 2017,"@700385 Sorry for the trouble, Meli! Our Educate team can help, contact them by choosing an option here: https://t.co/htXSflkux3 ^RH",
2442393,700386,Tue Nov 14 21:38:46 +0000 2017,"@22030 simple monthly calculator down for anyone else?
https://t.co/zscO4mrsoZ",2442392,AWSSupport,Tue Nov 14 22:05:30 +0000 2017,"@700386 Looks good on our end, Mike! This article may help you troubleshoot: https://t.co/DCfJpKPrJR If the issue persists, please let us know &amp; we'll investigate further. ^RH",
2442395,682241,Tue Nov 14 17:45:55 +0000 2017,@123644 @115851 I have been requesting a zillion times to refund my stolen money! Do you guys hear it,2442394,AWSSupport,Tue Nov 14 19:34:30 +0000 2017,"@682241 Sorry for the frustration, Nandeesh. If you haven't already, please create a case via the Support Center &amp; someone will assist you directly https://t.co/jANsmDICUz ^KM",
2459031,704243,Wed Nov 15 07:56:27 +0000 2017,@AWSSupport I believe I have tried these methods but it's an empty bucket created from Elastic Beanstalk.,2459033,AWSSupport,Wed Nov 15 11:31:25 +0000 2017,@704243 I dug deeper into this with the info you provided and believe this Elastic Beanstalk Forum thread should help resolve the issue: https://t.co/7FyC7fUadB Please post on the forum thread if the issue persists after trying the suggested steps. 😊 ^ES,
2459032,704243,Tue Nov 14 22:48:49 +0000 2017,"Hey @AWSSupport, I got some S3 buckets that are somehow unable to be deleted...?",2459030,AWSSupport,Wed Nov 15 00:03:33 +0000 2017,"@704243 Sorry for the trouble, Stephen! Check out this article for most common solutions: https://t.co/jtOC5BR0J9. If you have any follow up Qs feel free to post in our S3 Forums: https://t.co/8qbpG3fUEr",2459031
247420,174789,Thu Oct 05 13:24:54 +0000 2017,"@123644 @3107 #glueiscool I really like AWS glue, any idea on ETA release date for glue in europe eu-west-1? Thanks!",247417,AWSSupport,Thu Oct 05 14:53:52 +0000 2017,"@174789 We appreciate your interest in this feature, Dennis. I have passed on your request to our AWS Glue team. 😊 ^ET","247418,247419"
2474673,707508,Wed Nov 15 01:27:30 +0000 2017,"@123644 I can´t connect with my amazon account, __email__",2474672,AWSSupport,Wed Nov 15 07:46:00 +0000 2017,@707508 Sorry for the frustration. Please contact us via our contact form so we can connect directly: https://t.co/7NwvUC6LhG ^KK,
2474675,717926,Wed Nov 15 01:30:10 +0000 2017,@123644 Is there a kosher option?  Oh boy that would be awesome.,2520518,AWSSupport,Wed Nov 15 23:10:02 +0000 2017,"@717926 If chicken wings aren't for you, there's also a celery option! 😊 Here's the full info on the Tatonka Challenge: https://t.co/otTWjRHxbX ^TI",
2474677,707509,Wed Nov 15 11:18:30 +0000 2017,@123644 shout out to Olanrewaju S. who was extremely!! helpful in providing technical support over the phone when we were literally in tears at 3 am. He walked us step by step through fixing our RDS instance so we could connect to it and ensured we were with him at every step,2474676,AWSSupport,Wed Nov 15 12:03:55 +0000 2017,"@707509 Hello, Maya. Thanks so much for the amazing feedback! I have passed it along to Olanrewaju, I am glad that he was able to turn your frown upside down. 🙃 ^CM",
2474679,707510,Wed Nov 15 07:28:32 +0000 2017,hmm is some #aws services are down? @123644 my S3 resources failed to load,2474678,AWSSupport,Wed Nov 15 10:10:00 +0000 2017,"@707510 Hi, Quentin. No issues found on the AWS Service Health Dashboard: https://t.co/FUCYF5weRZ Please consider posting on the Amazon S3 Forum if you continue to have an issue: https://t.co/5VShMSvUQq ^ES",
2474681,160703,Wed Nov 15 07:10:21 +0000 2017,"hey @123644 @AWSSupport suggestion, please make a feature to mark instances ""un-healthy"" on demand from ELB / ALB console",2474680,AWSSupport,Wed Nov 15 10:01:27 +0000 2017,@160703 Thanks for the suggestion Danny! I've made sure the relevant team hear about it. 🤓 ^ES,
2474685,326746,Wed Nov 15 01:50:59 +0000 2017,.@123644 this document says to use createuser to make a superuser but usesuper does not change to true in pg_user and that user does not gain the ability to drop schemas from other owners. How do I create a new superuser? https://t.co/kxbq7br6p2 #sqlhelp https://t.co/uzcnHVIDzZ,2474683,AWSSupport,Wed Nov 15 09:29:53 +0000 2017,"@326746 Hi, Derik. Mind posting your question to our Redshift Forum so our experts can take a look? https://t.co/Uq5KAbn9Iq ^KK",2474684
2474688,707511,Wed Nov 15 06:36:34 +0000 2017,WHY WOULD THE LIMIT BE ZERO. DO YOU HATE MONEY OR SOMETHING @123644 https://t.co/lSr8iKKgH1,2474686,AWSSupport,Wed Nov 15 07:57:32 +0000 2017,@707511 Please have a look at this article which would better explain why this happened and how to increase the service limit: https://t.co/BVtWkynfdj ^ES,2474687
2474690,236440,Tue Nov 14 23:21:43 +0000 2017,"I knew @123644 #s3 was quick, but this thing really loads fast! Pic loaded faster than it does locally. #win! 🐢🐇",2474689,AWSSupport,Wed Nov 15 06:49:00 +0000 2017,"@236440 We love that you love it, Davin! Kudos like yours always motivates us to keep improving! 😀 ^KK",
2482048,709170,Sun Oct 29 20:29:41 +0000 2017,dtclvacsbvzv8[.]https://t.co/jAu9KiHJws @22030 @123644 can you please investigate this URL for fraud?,2482047,AWSSupport,Sun Oct 29 20:50:31 +0000 2017,"@709170 Hello, please use the following link to report this: https://t.co/Aaare4psSf ^RH",
2482050,709171,Sun Oct 29 19:55:49 +0000 2017,"@AWSSupport Only present for Mumbai, Seoul, Syndey, Ireland and Sao Paulo. Last checked on the 7th Oct and it was present in the us-east-1 spec.Ta [2/2]",2482049,AWSSupport,Sun Oct 29 20:41:32 +0000 2017,"@709171 I've passed your feedback internally for review, Marty! 👍 Share additional input via these options: https://t.co/10EFFTSHET ^RH",
2497889,712773,Sun Oct 29 21:17:37 +0000 2017,"@123644. I get DNS error on https://t.co/U69xS0WdDs. err msg: ""Ping request could not find host ...""  other sites work. Your advice?",2497887,AWSSupport,Sun Oct 29 23:54:31 +0000 2017,"@712773 Sorry to hear that, Daniel. Looks good on our end, is this ongoing? Let us know and we'll investigate further. 🔎 ^RH",2497888
2497891,712774,Sun Oct 29 20:48:30 +0000 2017,"@AWSSupport I can't logging into your services, I just subscribed but every time I want to log in the page can't load. Please help me.",2497890,AWSSupport,Sun Oct 29 23:53:28 +0000 2017,"@712774 Sorry for the trouble! Have you tried another browser? If it persists, fill out this form for help: https://t.co/C118CysJRl ^RH",
2500664,713388,Wed Nov 15 16:40:02 +0000 2017,"If your unsubscribe link doesn't work for any reason, your email is getting marked as spam. I'm looking at you @123644",2500662,AWSSupport,Wed Nov 15 18:28:31 +0000 2017,"@713388 Hi, sorry for the trouble. You can update your email preferences via this page: https://t.co/0XLNa1KZDW ^KM",2500663
2500666,713389,Wed Nov 15 14:01:55 +0000 2017,"@AWSSupport  In ReceiveMessageRequest, MaxNumberOfMessages field seems not working. + Is there a way to retrieve all messages in queue without this kinda loop? https://t.co/anJPCRXCLk",2500665,AWSSupport,Wed Nov 15 15:21:29 +0000 2017,"@713389 That is a great question for our engineers, Gökhan! You can contact them directly by posting your question on our Forums https://t.co/K5nCOGn4As ^KM",
2500668,713390,Wed Nov 15 14:01:18 +0000 2017,@AWSSupport Is there a known issue with C5 instance types in Ireland?  My instances never manage to spin up.,2500667,AWSSupport,Wed Nov 15 15:16:42 +0000 2017,"@713390 Hi, could you provide more details via our Forums so that our engineers can look into this? https://t.co/fN0boYbLYK ^KM",
2500670,457294,Wed Nov 15 13:48:20 +0000 2017,"@123644 we're working with AWS but don't have an account manager to get in contact with, whats the best route to contact them?",2500669,AWSSupport,Wed Nov 15 14:30:00 +0000 2017,"@457294 Hi, Jack. You can contact our Sales and Business Development team via this form https://t.co/2csMiri56b ^KM",
2500673,713391,Wed Nov 15 12:09:34 +0000 2017,Heyy Amazon I was Hoping  could you give me some free credits for learning :D @123644  @AWSSupport,2500671,AWSSupport,Wed Nov 15 14:23:33 +0000 2017,"@713391 Hi, Vishal. You may find the following page helpful https://t.co/g3F8ImoEwY ^KM",2500672
2500675,713392,Thu Nov 16 00:14:14 +0000 2017,"@AWSSupport is there a phone number I can call ?
Recently our company has requested 2 tickets to refund，just because two colleagues don’t pass American VISA.  I want to know whether you can refund only one ticket and transfer a new ticket to my reinvent account .",2500677,AWSSupport,Thu Nov 16 00:30:44 +0000 2017,"@713392 Hi, Colin. Please reach out to our re:Invent team at __email__ so they can assist you directly: https://t.co/98n72qzhEf 😊 ^RH",
2500676,713392,Wed Nov 15 11:56:55 +0000 2017,@123644 hi can i buy a reinvent ticket now ?,2500674,AWSSupport,Wed Nov 15 13:45:33 +0000 2017,"@713392 Hi, you can register for re:Invent via the following page https://t.co/FbzvmAbFqo ^KM",2500675
250531,175547,Thu Oct 05 13:38:02 +0000 2017,@123644 Is this your policy to ignore requests about overbilling on AWS accounts for days? https://t.co/Kp8r6ZwD61,250530,AWSSupport,Thu Oct 05 16:19:30 +0000 2017,"@175547 Sorry for the trouble! Your case is being actively researched, please keep an eye on the Support Center for updates. ^ET",
2520520,237891,Wed Nov 15 10:32:10 +0000 2017,@154547 @AWSSupport using new ECS AWSVPC network mode .... dont see how to add the ALB to the service :O https://t.co/QeDFrrv0Qh,2520519,AWSSupport,Wed Nov 15 22:54:31 +0000 2017,"@237891 Hi, Fernando. Our engineers say it sounds like the issue is in the error relating to lack of exposed ports. Check out this setup doc for guidance: https://t.co/MEfdTcOMyE For more help, post in our ECS forum: https://t.co/OosI6Skqx6 ^RH",
2520523,717927,Wed Nov 15 21:40:23 +0000 2017,"@123644 Thanks for the great info in the ""Know Before You Go"" session. Are the slide decks available? Would be great to review them once more.",2520522,AWSSupport,Wed Nov 15 21:54:26 +0000 2017,"@717927 Hi, Chris! The slides are available on SlideShare: https://t.co/KtVWdzKvN2 &amp; the session recording is on our YouTube channel: https://t.co/6bPs8gxV5q 😊 ^RH",
2520525,717928,Wed Nov 15 14:37:37 +0000 2017,Hello @123644 how I can use Amazon Chime in a Chromebox (Google Chrome OS)? Is it possible to have access to a call through browser?,2520524,AWSSupport,Wed Nov 15 20:52:30 +0000 2017,"@717928 Hi, you may find the following page helpful, Juan: https://t.co/iuRLIrsVX8. For additional help, contact us by following these steps: https://t.co/FEBgpFJ0BB ^KM",
2520528,717929,Wed Nov 15 19:50:49 +0000 2017,"CF is returning ""TIMEOUT"" when I try to create C5 instances on #useast1, any issues on @123644 ? #aws",2520526,AWSSupport,Wed Nov 15 20:37:02 +0000 2017,"@717929 Hi, Alex. Everything looks good on our end: https://t.co/gP2wwKii40 You may need to request a service limit increase via the Support Center, check out this doc: https://t.co/YdMeMEft2A ^RH",2520527
2543847,723146,Thu Nov 16 08:12:58 +0000 2017,@123644 I need to engage your sales team via email on behalf of Kenya's National Broadcaster. Please assist me with the email address of your Digital Media Sales team.,2543845,AWSSupport,Thu Nov 16 12:29:00 +0000 2017,"@723146 Thank you for your interest, Mungai. Fill out this form and our Sales &amp; BD team will be in touch: https://t.co/a3628CkS9F ^KK",2543846
2543849,723147,Thu Nov 16 08:49:13 +0000 2017,@123644 @AWSSupport it would be nice if you guys could finally fix “app clients” pagination in #cognito (max is 60 but we have more apps),2543848,AWSSupport,Thu Nov 16 12:19:30 +0000 2017,"@723147 Thanks, Peter! We appreciate the feedback &amp; I've sent your request to our Cognito team for review. ^KK",
2543851,723148,Thu Nov 16 04:32:51 +0000 2017,This is a shot out in the dark. @123644 Can you guys help me out with a voucher for Advanced Networking?,2543850,AWSSupport,Thu Nov 16 09:52:00 +0000 2017,"@723148 Hi, please feel free to contact our AWS Training &amp; Certification Team: https://t.co/94jjfyJkhq ^KK",
2543853,723149,Thu Nov 16 05:46:32 +0000 2017,"@AWSSupport  I've completed my sign-up, but I'm still getting this when I'm signing up for the ec2 service. https://t.co/xwdBIPCEX0",2543852,AWSSupport,Thu Nov 16 09:21:30 +0000 2017,@723149 Sorry for the trouble. Our support team would be happy to assist. Please contact them via the Support Center: https://t.co/bbYAuw1arg ^KK,
2543855,723150,Thu Nov 16 06:55:22 +0000 2017,@123644 Are you also planning an English or French speaking event about this topic in the near future?,2543854,AWSSupport,Thu Nov 16 08:49:31 +0000 2017,"@723150 We're always trying to improve our services so we appreciate your feedback, Koen! I've passed this on internally for review. ^KK",
2543857,820791,Thu Nov 16 07:01:00 +0000 2017,@123644 Planning for India anytime soon? #india #awsinindia,2976111,AWSSupport,Thu Nov 16 11:37:33 +0000 2017,@820791 Thank you for your interest. I've forwarded it along internally for review. ^KK,
254954,176618,Thu Oct 05 16:09:58 +0000 2017,"@123644 really dropped the ball by not referring to ""requester pays"" as ""calling collect""",254952,AWSSupport,Thu Oct 05 18:10:10 +0000 2017,@176618 We'd love to hear more. Mind providing details via the Feedback button on the bottom left of your console? ^ET,254953
2562740,727252,Fri Dec 01 10:39:30 +0000 2017,@123644 @AmazonHelp @115821 When can we expect AWS Framework ported for watch OS?,2562739,AWSSupport,Fri Dec 01 12:02:32 +0000 2017,"@727252 Hi, Sanath. Thanks for sharing your request with us. I have passed it along to our service team. 👍 ^CM",
2562785,727262,Fri Dec 01 09:33:56 +0000 2017,@123644 trying to set up AWS account but callback failed to recognise my PIN. Cannot use Phone option in AWS support without logging in. Help!,2562784,AWSSupport,Fri Dec 01 12:00:00 +0000 2017,"@727262 Hi, Mick. You may find the following article useful: https://t.co/cI26ITOnvE ^CM",
2563168,727360,Fri Dec 01 09:17:49 +0000 2017,@131019 @4773 What is KMS. Any information on this please.,2563167,AWSSupport,Fri Dec 01 11:58:24 +0000 2017,"@727360 Hi there, more information on our KMS service can be found here: https://t.co/qlSvNFfNe9 👍 ^CM",
2563170,789106,Thu Nov 30 17:23:06 +0000 2017,"@131019 @4773 Oh, so is it GA in the BJS/China region now then?",2834851,AWSSupport,Thu Nov 30 20:13:29 +0000 2017,"@789106 Hi, Nikki! Check out KMS region availability here: https://t.co/VHYoJuYfzB ^ET",
2566881,728144,Thu Nov 16 13:51:58 +0000 2017,@AWSSupport I want to document a high level AWS Security Standard.  Do you have templates for policies and standards?,2566880,AWSSupport,Thu Nov 16 17:47:25 +0000 2017,"@728144 Hi, this Whitepaper provides an overview of AWS Security Standards: https://t.co/mJFnDvzPs2. If you have any questions please contact our AWS Security team https://t.co/XVODDJV8q8 ^KM",
2566883,728145,Thu Nov 16 17:05:26 +0000 2017,@123644 Is there an API to do the JSON -&gt; YAML -&gt; JSON converting?,2566882,AWSSupport,Thu Nov 16 17:24:00 +0000 2017,"@728145 Hi, that is a great question for our engineers, Martin. You can contact them via our Forums https://t.co/F14wZiJ6dQ ^KM",
2571839,729302,Thu Nov 30 17:15:59 +0000 2017,"@131019 I want an Echo device more than anything after this week, but where can I buy it at Re:Invent? #awsreinvent2017",2571838,AWSSupport,Fri Dec 01 12:12:25 +0000 2017,"@729302 Hi there, Dennis. There aren't any retail sales happening at re:Invent but be sure to keep an 👁 out for swag giveaways! ^CM",
2590604,733765,Mon Oct 30 18:07:12 +0000 2017,@123644 Any plans to change the default policy to not include TLS 1.0?,2590603,AWSSupport,Mon Oct 30 18:43:01 +0000 2017,"@733765 Thank you for your interest, Paulina! I have forwarded this on internally to be reviewed. ^ET",
2590607,733766,Sat Oct 28 20:46:55 +0000 2017,@251781 I am looking for something useful on Python +AWIS(full access). Can’t find anything on the net.,2590606,AWSSupport,Mon Oct 30 18:09:00 +0000 2017,"@733766 Hi, we'd like to help. Mind posting more details in our Forums so our engineers can assist? https://t.co/4TRBTK9Qzi ^ET",
2590610,658258,Mon Oct 30 16:45:45 +0000 2017,@AWSSupport Just finished signup process but can't login with root credentials.,2590608,AWSSupport,Mon Oct 30 17:35:53 +0000 2017,@658258 Sorry for the trouble! Please fill out this form and one of our agents will be in touch to assist: https://t.co/wwmqhotgZP ^ET,2590609
2590612,733767,Mon Oct 30 16:51:08 +0000 2017,@123644 @48443 are there any plans to support .gzip/.bz2 deployment packages for lambda? 🙏,2590611,AWSSupport,Mon Oct 30 17:34:01 +0000 2017,"@733767 We appreciate your interest in this feature, James! I have passed on your request to our Lambda team. 😊 ^ET",
2592025,733765,Thu Nov 16 22:56:37 +0000 2017,@123644 Any timelines for adding support for this feature to CloudFormation?,2592024,AWSSupport,Fri Nov 17 01:03:51 +0000 2017,@733765 We'd love to hear more about what you're looking for. You can give us feedback any of these ways: https://t.co/tsA8Ohq3JN 😄 ^TI,
2592028,734093,Thu Nov 16 22:55:46 +0000 2017,@AWSSupport Day before yesterday I requested for a student AWS account till now haven't received any activation mail. Sent you account details via DM.,2592027,AWSSupport,Fri Nov 17 00:45:25 +0000 2017,"@734093 💡 I think this will shed some light on what to expect with the application process &amp; timeline, as well as how to reach our Educate team when needed: https://t.co/YnO7IaInGU ^TI",
2592031,734094,Thu Nov 16 22:41:12 +0000 2017,"Thank you @123644 for spreading SPAM in Germany. Hope you get a telefon call from ""a microsoft employee that have checked your security settings"". https://t.co/Q0KHXVt7yq",2592030,AWSSupport,Fri Nov 17 00:27:27 +0000 2017,"@734094 Thank you for the heads up, Tim! Here are the best ways to alert us: https://t.co/jTabmF8bJU ^TI",
2592033,734095,Thu Nov 16 21:56:10 +0000 2017,@123644 Do you have a link that explains how to create a new dir on LS? When I try I get “permission denied” thanks,2592032,AWSSupport,Fri Nov 17 00:24:25 +0000 2017,"@734095 Hi Ross, I recommend reaching out to our experts &amp; community on our Lightsail forum! You can find it here: https://t.co/E994DGPWGB 😊 ^TI",
2592036,734096,Thu Nov 16 19:04:45 +0000 2017,"@AWSSupport if I wanna reserve m2.4xlarge instances in us-east, can I buy a different instance type or what do I do? 😕",2592035,AWSSupport,Thu Nov 16 21:48:38 +0000 2017,"@734096 Hi, check out this doc: https://t.co/oMkAPIHG16 You may also find the Reserved Instance info on this page useful: https://t.co/3Cs1qkW7vy. For additional assistance, you can contact us via the Support Center: https://t.co/jANsmDICUz ^KM",
2592038,734097,Thu Nov 16 18:54:37 +0000 2017,@123644 How can we add specific endpoints to API gateway usage plan?,2592037,AWSSupport,Thu Nov 16 21:48:38 +0000 2017,"@734097 Hi Ankit, you may find this doc helpful: https://t.co/OtiQyp8gc4. If you have questions, feel free to reach out to our experts via our forums: https://t.co/UDOEOONtT0 ^KM",
2592040,734098,Thu Nov 16 18:21:44 +0000 2017,@123644 what the hell? https://t.co/twZEUyT2MK,2592039,AWSSupport,Thu Nov 16 21:17:38 +0000 2017,"@734098 Hi, sorry for the frustration. Please create a case through the Support Center so that we can assist you directly: https://t.co/jANsmDICUz ^KM",
2592042,734099,Thu Nov 16 17:23:35 +0000 2017,@123644 How come with the Free tier you still get charged a service fee?,2592041,AWSSupport,Thu Nov 16 21:13:00 +0000 2017,"@734099 Hi, if you haven't already, please create a case via the Support Center &amp; someone will assist you directly https://t.co/jANsmE0dM7 ^KM",
2592045,616822,Thu Nov 16 16:53:40 +0000 2017,Can we please have support for BOOL and other types within https://t.co/e71HL1Ye0I. @123644 #awswishlist,2592044,AWSSupport,Thu Nov 16 21:10:00 +0000 2017,"@616822 Hi, could you provide additional details about your use case via our Forums so our engineers can take a look? https://t.co/LFxidC6VF6 ^KM",
2592107,148829,Mon Nov 28 15:26:09 +0000 2016,@AWSSupport hi can I get some direct support regarding my billing to prevent account suspension? My card has problem charging.,2592105,AWSSupport,Mon Nov 28 16:09:00 +0000 2016,"@148829 I am happy to look into this for you! Do you have a case ID? If not, please open a case here: https://t.co/uiIDFOJGCq ^ET",2592106
259263,177655,Thu Oct 05 05:43:41 +0000 2017,@AWSSupport Hi our account is suspended we have checked payments are cleared we have created case 4496054811 but not resolved yet. Pls check,259261,AWSSupport,Thu Oct 05 20:03:00 +0000 2017,"@177655 Your case is being actively researched, please keep an eye on the support center for updates: https://t.co/iOtLeqeFgw. ^ET",259262
259265,177656,Thu Oct 05 16:40:38 +0000 2017,How to batch download any objects in AWS S3? @123644,259264,AWSSupport,Thu Oct 05 19:14:44 +0000 2017,"@177656 This info may help: https://t.co/XqERgSB2Or If not, please create a forum thread for more help: https://t.co/CwKTHr03tz ^ET",
2594201,734613,Sun Nov 26 18:18:07 +0000 2017,"@AWSSupport this sidebar is awkward

link: https://t.co/Vt3RuDvTHB https://t.co/YRMBvOEQ4Z",2594200,AWSSupport,Sun Nov 26 19:39:27 +0000 2017,"@734613 Thanks for letting us know, Vlad! I've shared your feedback internally for review. 😊 ^RH",
2594204,387384,Sun Nov 26 15:34:18 +0000 2017,Hope Sales team replies to request for query on AWS ML Labs @AWSSupport,2594202,AWSSupport,Sun Nov 26 16:05:29 +0000 2017,"@387384 Hi, Kush. Please provide more info via this contact form &amp; we'll see what we can do: https://t.co/F0bEhNLCvO 🙂 ^MD",2594203
2594245,734623,Sun Nov 26 14:54:04 +0000 2017,"@AWSSupport Hi, Is the console inaccessible or experiencing any difficulty? I can't open console or status health page. Thanks!",2594244,AWSSupport,Sun Nov 26 15:14:00 +0000 2017,"@734623 Nothing reported on the dashboard, check out this link: https://t.co/8gXOlh0akw. If you're still unable to access the console, please fill out this form: https://t.co/9UiiRjr2Ab ^MD",
2615770,739391,Fri Nov 17 10:31:54 +0000 2017,"@AWSSupport one of our EC2 instances in Ireland is dead. It's not possible to connect via SSH and the Console Web Interface can't stop it. What is the next step to solve this problem? We don't have Premium Support, but i'm sure this is a basic support problem.",2615769,AWSSupport,Fri Nov 17 12:18:28 +0000 2017,"@739391 Hi, Martín. You may find this article useful: https://t.co/vkR4yV0HTj Should the issue persist, feel free to open an Account and Billing Support case and we'll investigate further: https://t.co/cKEBmh1nxd ^CM",
2615772,739392,Fri Nov 17 07:28:55 +0000 2017,@123644 add .vote to your list of supported TLD's please!,2615771,AWSSupport,Fri Nov 17 11:33:00 +0000 2017,"@739392 Thanks for sharing your request, Antaraa. I've passed it along to our service team. 😊 ^CM",
2615775,739393,Fri Nov 17 07:23:15 +0000 2017,"@AWSSupport Need help , keep getting "" There was a problem creating your user pool. Please try again. "" when trying to create user pool",2615773,AWSSupport,Fri Nov 17 09:09:29 +0000 2017,"@739393 Hello, Edwin. You can go ahead and post your query on our Forum here: https://t.co/EYFFWyJPiw 👍 ^CM",2615774
261648,178310,Thu Oct 05 18:56:13 +0000 2017,@178311 @123644 do I have to watch it live or can I watch a replay after the fact?,261646,AWSSupport,Thu Oct 05 20:55:31 +0000 2017,@178310 The video will be available on our Twitch channel right after the live stream concludes. It will also post to our YouTube. 😁📺 ^TI,261647
2625930,548079,Sun Jul 23 19:00:52 +0000 2017,"@123644 We were told Aurora for Postgres would likely see a June release, is there any expected release window right now?",2625929,AWSSupport,Mon Oct 30 20:20:52 +0000 2017,"@548079 The wait is over, Luke! Amazon Aurora with PostgreSQL Compatibility is now generally available: https://t.co/e3VvtjLsb3 😊 ^RH",
264016,178935,Thu Oct 05 21:34:00 +0000 2017,@123644 Any systemd yet?,264015,AWSSupport,Thu Oct 05 22:58:09 +0000 2017,@178935 Thanks for letting me know this is what your waiting for! I've forwarded it on to our service team for review 🔍 ^TI,
264019,160710,Sun Oct 01 19:13:11 +0000 2017,@123644 Got a typo in my name on https://t.co/L1j8Dq0gye which is now fixed.CertMetrics &amp; PSI still have the typo. How can I change this ?,264018,AWSSupport,Thu Oct 05 22:32:35 +0000 2017,@160710 Our Certification team would love to help! Please submit a case here &amp; include your preferred name: https://t.co/kNcEHklhlA 👍 ^TI,
2664908,750864,Sun Nov 19 08:34:47 +0000 2017,"@AWSSupport I have tried the above links, I know where the charges are coming from, so that's not the problem. and I have reset my password fine, so not that either. I just keep getting redirected to the create an account page, instead of my console?",2664910,AWSSupport,Sun Nov 19 13:13:26 +0000 2017,"@750864 To best have this looked into please reach out, with your account info, using this link: https://t.co/UWBzKrNiG1 ^ES",
2664909,750864,Sat Nov 18 23:22:37 +0000 2017,"@123644 I have a problem logging in to your console, to check my billing statement. Every time I log in, I'm set to the sign-up page! How do I sign in?",2664907,AWSSupport,Sun Nov 19 01:04:24 +0000 2017,"@750864 Check out these troubleshooting options for signing in: https://t.co/893mm362OA &amp; if you're not sure where your charges are coming from, try this: https://t.co/TzBhpktvgf 📚 ^TI",2664908
2664913,385558,Sat Nov 18 20:53:35 +0000 2017,"Waiting for the response from @123644 @AWSSupport
#AWS #amazonwebservices #awseducate https://t.co/4dw6fAjiYd",2664911,AWSSupport,Sun Nov 19 01:04:24 +0000 2017,"@385558 Please double-check your email for the info mentioned here: https://t.co/8WWCUpHIYS If you're still unable to access, contact our Educate team here: https://t.co/EMwkWi5eUS ^TI",2664912
2664916,213902,Sat Nov 18 21:51:09 +0000 2017,"@123644 you increased my EC2 limit 48 hours ago saying ""It can sometimes take up to 30 minutes for this to propagate and become available for use"", but now 48 hours later nothing. And you stopped responding in the Support Center",2664914,AWSSupport,Sun Nov 19 01:04:23 +0000 2017,"@213902 Sorry for the trouble, Thomas! Give us a call so our agents can take a look for you: https://t.co/DOvrY2K0AB 📞 ^TI",2664915
2664918,750865,Sat Nov 18 19:09:47 +0000 2017,@123644 Can you confirm if this is FIPS and Common Criteria compliant? Have previous version been compliant as well?,2664917,AWSSupport,Sat Nov 18 20:04:35 +0000 2017,"@750865 Hi, Umair. If the information here doesn't answer your question, please contact our Compliance team at the bottom of this page: https://t.co/DeADhjNNch ^KM",
2664923,750867,Sat Nov 18 15:57:35 +0000 2017,"Dear @123644 , I'm on free tier and don't want accidental charges when doing training. Why can't I block myself from this?",2664922,AWSSupport,Sat Nov 18 17:11:00 +0000 2017,"@750867 You may find this article helpful, Robert: https://t.co/Od3Y0mWpzm. For info about how to manage alerts, check this out: https://t.co/v9pY5BgEDv. If you have additional questions, please create a case here &amp; someone will assist: https://t.co/jANsmDICUz ^KM",
2664925,750868,Sat Nov 18 09:15:18 +0000 2017,@123644 : fed up of aws services.... waiting for my account to be activated ...waiting  waiting ....no resolution nothing ....huhhhhhh !!!!,2664924,AWSSupport,Sat Nov 18 10:38:32 +0000 2017,"@750868 Hi, Vishal. You may find the following article helpful: https://t.co/HfRzAOlU6l ^CM",
2664952,371842,Fri Nov 17 19:33:11 +0000 2017,".@123644 we are getting hit by 100s of thousands of EC2 containers with nothing in them, but a single UA string from locations around the world. Any ideas?",2664951,AWSSupport,Fri Nov 17 22:15:00 +0000 2017,"@371842 Sorry to hear it, Kristine! Can you post more details in our forums so our experts &amp; community can look into this? https://t.co/M7hWCGnjyG 📝 ^TI",
2664962,750876,Fri Nov 17 17:54:57 +0000 2017,@123644 I can't even figure out how to view the policies that my own user has applied to it.,2664960,AWSSupport,Fri Nov 17 22:14:27 +0000 2017,"@750876 Hi, sorry for the frustration. I've shared your feedback with our service team. If you'd like to provide additional details, you can do so via the Feedback button on your console, or these other methods: https://t.co/S7ZqaLzq64 ^KM",2664961
2682074,520637,Tue Oct 31 14:48:52 +0000 2017,@123644 Any ETA on next node.js version 8 LTS support as a lambda runtime?,2682073,AWSSupport,Tue Oct 31 15:59:00 +0000 2017,"@520637 Hi, Peter, we're always trying to improve our services so we appreciate your feedback. I've let the Lambda team know! ^JK",
2682076,754490,Tue Oct 31 11:06:32 +0000 2017,@AWSSupport Would be great if someone could actually get back to me regarding a billing issue.,2682075,AWSSupport,Tue Oct 31 12:35:28 +0000 2017,"@754490 Hi, Nico. Our support team has updated your case here: https://t.co/cKEBmh1nxd ^CM",
2683403,754772,Sun Nov 19 08:22:11 +0000 2017,"@123644 our business account is suspended for 3 days, and we've opened a ticket regarding this matter! we need your support URGENT please!
its affecting our production",2683402,AWSSupport,Sun Nov 19 13:19:36 +0000 2017,"@754772 I understand your concerns Osama. To have one of our staff contact you urgently, click the phone option from your case: https://t.co/Skdv21G60r ^ES",
2683406,160685,Sun Nov 19 02:05:07 +0000 2017,"@123644 - you know what would be cool? A flow chart to help you decide which LB to choose! ALB, NLB, ELB?! #aws #reinvent2017",2683405,AWSSupport,Sun Nov 19 13:08:00 +0000 2017,@160685 Thanks for sharing this with us Khalid! Your #awswishlist idea has been given to the relevant teams to consider. 🙂 ^ES,
2702818,259103,Sun Nov 19 16:51:10 +0000 2017,"@AWSSupport pls fix your  console page on mobile browser. I cannot terminate my ec2 instance without a desktop browser.🤔

2nd feedback: as consumer please provide a proper pricing page for ec2 instances and don’t make it a complicated degree course  with so many hidden fees https://t.co/QRJfmnYshJ",2702817,AWSSupport,Sun Nov 19 20:53:00 +0000 2017,"@259103 Sorry for the trouble! Have you checked out our Mobile App? https://t.co/GAkPM3oFMA If you have any additional feedback, share it with us via these methods: https://t.co/vcyg5D8pXz 😊 ^RH",
2741232,767913,Mon Nov 20 11:35:00 +0000 2017,@123644 @AWSSupport - You need to update link in EC2 FAQ (Q: How can I find a list of Amazon Public Data Sets?) this link is broken (404) https://t.co/HxCXKLhCom,2741231,AWSSupport,Mon Nov 20 14:29:35 +0000 2017,@767913 Thank you for bringing this to our attention! I've shared your feedback internally to be reviewed. Check out this doc for additional info ➡️ https://t.co/2jU7bDbVLS ^ET,
2741234,767914,Mon Nov 20 11:20:37 +0000 2017,@AWSSupport Do you have plans to offer Simple Email Service (SES) in the Frankfurt (eu-central-1) region?,2741233,AWSSupport,Mon Nov 20 12:28:27 +0000 2017,"@767914 Hi, Steffen, We're always trying to improve our services &amp; appreciate the feedback. I've sent your request to our SES team. 😊 ^KK",
2741237,767915,Mon Nov 20 10:21:40 +0000 2017,"Tried signing up for @123644, entered my number CORRECTLY but callback failed 3 times. Now locked out for 12hrs ?! Told to contact phone support but link just takes me back 2 sign-in??? Not impressed. Maybe I'll try @118056 ? https://t.co/l822bIByFp",2741235,AWSSupport,Mon Nov 20 12:23:00 +0000 2017,"@767915 Hi, James. For additional help, contact us by using the following form: https://t.co/0jERP9h91Q ^KK",2741236
2741239,315956,Mon Nov 20 04:56:30 +0000 2017,@AWSSupport hey! I put in a request to have the number of on demand instances increased in my region. How long does it take for the request to be approved ?,2741238,AWSSupport,Mon Nov 20 11:45:35 +0000 2017,"@315956 Hello, Peter. Please check the Support Center for more info: https://t.co/jANsmDICUz ^KK",
2752481,770550,Mon Nov 20 20:48:49 +0000 2017,"@123644 It seems API Gateway does HTTP/2 _sometimes_, right?",2752480,AWSSupport,Tue Nov 21 00:54:00 +0000 2017,"@770550 Hi, Jan. I've shared your interest in this feature with our API Gateway team. Thanks for the +1! 😄 ^RH",
2752484,770551,Mon Nov 20 22:48:52 +0000 2017,Hey @123644 - we need Lightsail available in Brazil. :-),2752482,AWSSupport,Mon Nov 20 23:34:39 +0000 2017,"@770551 Thanks for the input, Alessandro! I've shared your +1 with our Lightsail team. 😊 ^RH",2752483
2752486,770552,Mon Nov 20 05:37:51 +0000 2017,"@AWSSupport CPU Utilization have been flat since 11/11/2017, but CPU Credit Balance incresing. Please tell me why.",2752485,AWSSupport,Mon Nov 20 20:54:28 +0000 2017,"@770552 You may find this article useful: https://t.co/tPPobTU0ec If not, feel free to open an Account &amp; Billing Support case for additional help: https://t.co/cKEBmh1nxd ^ET",
2752488,638438,Mon Nov 20 11:39:02 +0000 2017,"@AWSSupport Hi, It still persists. Here is my forum post. Please forward to your engineers a.s.a.p. it is crucial! https://t.co/BGF3eVJ9hF",2752487,AWSSupport,Mon Nov 20 19:44:27 +0000 2017,@638438 Sorry for the trouble! Please review your forums thread for updates from our engineers. ^ET,
2752490,770553,Mon Nov 20 08:11:39 +0000 2017,Why is the feature for a custom error page in elb still not available?The first request (https://t.co/PYvkdDv9E8) is dated 2011. Any updates on this? @AWSSupport #AWS,2752489,AWSSupport,Mon Nov 20 19:12:34 +0000 2017,"@770553 Hi, Sander, we don't have any update on this feature at this time. I've shared your +1 for this requested feature with our Elastic Load Balancing service team for review. 👍 ^KK",
2752492,770554,Mon Nov 20 15:22:15 +0000 2017,"Well... is it normal, that you can't finish #awseducate courses because you need an paid qwiklabs account? @123644",2752491,AWSSupport,Mon Nov 20 18:41:00 +0000 2017,@770554 Check out our AWS Educate Starter account: https://t.co/JYWh2ov37c For more questions our Educate team can help directly here: https://t.co/wvjbL1Woil ^ET,
2752495,770555,Mon Nov 20 16:14:42 +0000 2017,"@AWSSupport why i need to have ACM in us-east-1 (even if i have everything in eu-west-1) for Cloudfront just to meet this nonsense requirement? And on top of this, you don't give a cross-region acm copy feature? I am really curious to know the reason 🙄 https://t.co/2wB0GCb6O0",2752493,AWSSupport,Mon Nov 20 18:26:31 +0000 2017,@770555 Sorry for the trouble! I've passed on your feedback to our ACM team for review. 😊 ^ET,2752494
2762424,772804,Fri Dec 01 01:37:05 +0000 2017,"@123644 @131019 excited to see AmazonMQ announced. Can we expect integrations with Lambda, ie being able to trigger Lambda services with MQ messages?",2762423,AWSSupport,Fri Dec 01 03:39:26 +0000 2017,"@772804 Thanks for sending that feedback my way, Matt. I've let the Amazon MQ team know this is something you'd be extra excited about! 🎉 ^TI",
2764371,773234,Tue Nov 21 04:52:22 +0000 2017,@123644 There is a mistake in a hashtag name.,2764370,AWSSupport,Tue Nov 21 08:13:55 +0000 2017,"@773234 Thanks for reaching out to us, Valery. I've forwarded this to our service team for review. 👍 ^CM",
2777291,775960,Tue Nov 21 03:54:50 +0000 2017,@123644 I'm interested in an in-person training on deploying deep learning models on AWS. Any chance you offer diversity discounts?,2777290,AWSSupport,Tue Nov 21 11:44:00 +0000 2017,"@775960 Thank you for your interest, Esther. Please feel free to reach out to our AWS Training and Certification team here: https://t.co/yJItl95dAr Our Training &amp; Certification FAQ page may be helpful too: https://t.co/0xJhKznMYC ^KK",
2777293,775961,Tue Nov 21 04:23:30 +0000 2017,@AWSSupport I deleted an account several months back to switch admin accounts and Cloud Front is still telling me I can't use the CNAME ... even though *everything* is hosted on AWS ... can you verify? Check the TXTs on https://t.co/R1fHsQHByF,2777292,AWSSupport,Tue Nov 21 11:35:29 +0000 2017,"@775961 Hi, Dave. Please provide more information by opening a case through our Support Center here: https://t.co/cKEBmh1nxd ^CM",
2777295,775962,Tue Nov 21 15:25:42 +0000 2017,"@AWSSupport How much time does it take AWS to respond after the form is filled?  Is it 1 day, or 1 week or more?  I'm starting to look for VPS tech elsewhere.  This is brutally bad customer service.",2777298,AWSSupport,Tue Nov 21 18:49:52 +0000 2017,"@775962 Sorry for the trouble, Marc! I reached out to our Sales team internally. Please keep an eye out for their contact. ^ET",
2777297,775962,Tue Nov 21 01:46:32 +0000 2017,"@123644 @123644 I've been sending ""contact sales"" emails and got some response last week in spanish and nothing else since.  Can someone please contact me?  How do I get sales support?  I'm looking to buy a product but so far very poor customer service with no explanation.",2777294,AWSSupport,Tue Nov 21 11:02:00 +0000 2017,"@775962 Hi, Marc. Please provide more info via this contact form &amp; we'll gladly assist you further: https://t.co/F0bEhNLCvO ^KK","2777295,2777296"
2777302,775963,Tue Nov 21 01:01:12 +0000 2017,@123644 Could you please provide email-id whom I can connect to sort out issue of AWS exam refund pending since 3rd Nov'17 ? I have been chasing with PSI team but no luck so far.,2777300,AWSSupport,Tue Nov 21 10:34:00 +0000 2017,"@775963 Hi, Ranbir. Please feel free to contact our AWS Training &amp; Certification Team: https://t.co/94jjfyJkhq ^KK",2777301
277805,182351,Thu Oct 05 23:39:07 +0000 2017,@123644 Finally able to open it,277804,AWSSupport,Fri Oct 06 07:49:50 +0000 2017,"@182351 Glad to hear, Gaurav. Be sure to check your Personal Health Dashboard for any issues in future: https://t.co/JmeEp3HrIi ^KK",
277809,182352,Fri Oct 06 01:35:23 +0000 2017,dear @123644 please fix EFS so I don’t have to roll my own NFS. thx!,277807,AWSSupport,Fri Oct 06 07:21:00 +0000 2017,"@182352 We'd like to help, but need more info. Mind posting in our EFS Forum &amp; sharing the URL? https://t.co/SgupNjQ9Nr ^KK",277808
277811,182353,Thu Oct 05 23:42:00 +0000 2017,"@123644 When are you hiring me Amazon,  my kids are starving  please.",277810,AWSSupport,Fri Oct 06 07:19:00 +0000 2017,"@182353 Hi, Rob. You can see a list of available jobs with AWS via this link: https://t.co/xbXIhrWOyy ^KK",
2796105,154008,Tue Nov 21 20:17:31 +0000 2017,"@AWSSupport Thanks, where is the best contact point to ask for a feature?",2796104,AWSSupport,Tue Nov 21 22:22:55 +0000 2017,@154008 You can give us feedback any of the following ways: https://t.co/Nqab0qBc0r We're always glad to hear what you have to say! 😊📣 ^TI,
2796107,154008,Tue Nov 21 16:34:10 +0000 2017,@123644 any plan for @58982 8.x with lambda ? https://t.co/LpqmOCScJ2 still v6 for now,2796106,AWSSupport,Tue Nov 21 20:16:00 +0000 2017,"@154008 I've shared your request with our Lambda team for review. Thanks for the +1, Cyril! 😊 ^ET",2796105
2796109,204944,Tue Nov 21 18:35:44 +0000 2017,"Oh right, @123644 doesn't support Ed25519 ssh keys. Even worse: Both the UI and the API claim that my Ed25519 key ""is not in valid OpenSSH public key format"" which is decidedly false.",2796108,AWSSupport,Tue Nov 21 22:12:00 +0000 2017,"@204944 Hi, Ted. I've forwarded your feedback to our EC2 team for review. Send us any additional input via these methods: https://t.co/9nkilpUNAQ ^RH",
2796112,780222,Tue Nov 21 18:58:46 +0000 2017,".@123644 Can’t get tickets, it shows a 404 page.",2796110,AWSSupport,Tue Nov 21 21:14:37 +0000 2017,@780222 Hello! The provided link seems to be in working order. ✔️ Mind trying the link again after you clear your cache/cookies? You can also try using a different browser. ^ET,2796111
2796116,780223,Tue Nov 21 17:13:44 +0000 2017,@123644 if one enables S3 transfer acceleration but uses mobile hub (therefore managed endpoints) is TA automatically applied? Or only usable w/out mobile hub? #AWS #AskingForAFriend 😀,2796114,AWSSupport,Tue Nov 21 20:40:56 +0000 2017,"@780223 This is a good question for our AWS community experts, Jamie! Feel free to post in our S3 Forum, here: https://t.co/ttzzE8u5N2 ^ET",2796115
2796118,780224,Tue Nov 21 13:29:05 +0000 2017,"Not being able to delete @123644 CloudWatch metrics, SWF domains, task types and workflow types really sucks when testing against them.",2796117,AWSSupport,Tue Nov 21 18:48:00 +0000 2017,"@780224 Sorry for the trouble, Peter! I've passed your feedback on internally for review. You can also share more input through these options: https://t.co/v7goKimStr ^ET",
279613,182653,Fri Oct 06 07:15:30 +0000 2017,"@123644 how do you charge me for an EC2 instance which has no traffic whatsoever? I deleted everything, should I close my account as well?",279612,AWSSupport,Fri Oct 06 09:17:00 +0000 2017,"@182653 Hi, Erol. Could you please create a case here so we can take a look? https://t.co/0Si5pf3Ebi ^KK",
279616,182654,Fri Oct 06 06:02:43 +0000 2017,"Hey @123644 @4773, I can have #AWS pick a flower on Kepler-442b, but still can’t fire the same λ-function for each item in an SQS-queue?",279614,AWSSupport,Fri Oct 06 09:15:00 +0000 2017,"@182654 Hi, Robert. Our Lambda Forum would be the perfect place to post this question. You can do so here: https://t.co/1cXnYjwkld ^KK",279615
2808744,783328,Tue Nov 21 23:24:28 +0000 2017,Boto2 access to London buckets don't work (all other regions work). @123644 what is going on?,2808743,AWSSupport,Wed Nov 22 00:56:34 +0000 2017,"@783328 Things look good, but here are a few things to check on: https://t.co/OCAv4pFk8c ✔️ ^TI",
2808747,783329,Tue Nov 21 21:36:55 +0000 2017,@123644 @AWSSupport You might want to add a note when binding a trigger to #lambda in the #AWS Web GUI it shows 'You do not have any triggers for this function.' but this is misleading when you bind all #CloudWatch events or rules to a function.,2808745,AWSSupport,Wed Nov 22 00:52:24 +0000 2017,"@783329 Thanks for the feedback, Shawn. I've passed that along internally for further review. 😊 ^TI",2808746
2808750,616833,Tue Nov 21 21:18:43 +0000 2017,@AWSSupport The ticket still shows status = unassigned,2808748,AWSSupport,Wed Nov 22 00:50:31 +0000 2017,"@616833 Hi Taylor, I'm sorry for the delay! Your case is being investigated now, so keep an eye on the Support Center for a reply: https://t.co/KeuEVTIvCd 📧 ^TI",2808749
2808754,783330,Tue Nov 21 23:33:43 +0000 2017,"@123644 If I hook up Echo, Chime and a file directory would I be able to automate ""Hey Alexa, could you send ""FILENAME"" to the meeting?"" so everyone attending the meeting can get it?",2808753,AWSSupport,Wed Nov 22 00:45:27 +0000 2017,@783330 That's a great question for our experts &amp; community on our Alexa forums: https://t.co/JOR9ctJ39h 😁 ^TI,
2808757,783331,Tue Nov 21 23:46:01 +0000 2017,@123644 This https://t.co/R82GZqhUOP does not work at all,2808756,AWSSupport,Wed Nov 22 00:37:00 +0000 2017,@783331 Thanks for letting me know. Here's the best way to provide feedback about our docs: https://t.co/cqWV6VK9BJ 📚 ^TI,
2808760,783332,Tue Nov 21 20:59:11 +0000 2017,@123644 how do I find out where my support ticket is in your queue? I raised an account query but it's been days now,2808759,AWSSupport,Wed Nov 22 00:15:29 +0000 2017,"@783332 Sorry for the delay, David! You can check in on your case by giving us a call: https://t.co/68NfOHc6vC 📞 ^TI",
2808762,783333,Tue Nov 21 19:36:02 +0000 2017,"@123644 @3107 
Plz provide customer support bcoz it is hard to make @115821 customer representative understand the technical stuff.",2808761,AWSSupport,Tue Nov 21 22:45:00 +0000 2017,"@783333 If you're ever in need of help with your account or resources, here are all the ways to seek it out: https://t.co/6GaszJb735 📖 ^TI",
2808764,783334,Tue Nov 21 20:23:35 +0000 2017,@123644 Where can I find the schedule of this broadcast ? Looking forward for it !,2808763,AWSSupport,Tue Nov 21 22:39:26 +0000 2017,"@783334 Here's where you can find the re:Invent live stream agenda: https://t.co/JH3Q80kU5G We're excited that you're excited, Viacheslav! 🎉 ^TI",
2819152,131018,Sun Nov 26 21:38:13 +0000 2017,@131019 will you post the keynotes on youtube?,2819151,AWSSupport,Mon Nov 27 00:55:26 +0000 2017,"@131018 Hi, Steven! The Keynote recordings will be posted to our YouTube Channel: https://t.co/yue3zmSPiz You can register to watch the Live Stream here: https://t.co/e9vdyERC0Q 📺 ^RH",
2819154,785809,Sun Nov 26 20:28:39 +0000 2017,"@123644 Node LTS Carbon, plz.",2819153,AWSSupport,Mon Nov 27 00:53:57 +0000 2017,"@785809 Thanks for the input, Felipe! I've let our Lambda team know you're interested in this feature. 👍 ^RH",
2819158,479857,Sun Nov 26 19:42:44 +0000 2017,@123644 do you plan to change the way ACM validates a domain using DNS? Not every DNS provider supports CNAME entries pointing to a host starting with underscore _. :(,2819156,AWSSupport,Mon Nov 27 00:52:55 +0000 2017,"@479857 Hi, Stefano. I've passed your request to our ACM team for consideration, thanks for the input! Send us any additional feedback via these methods: https://t.co/uaIHMUpu3n ^RH",2819157
2832134,218604,Mon Nov 27 11:47:46 +0000 2017,"@AWSSupport the timestamp on this, and other similar pages, need some left padding/margin: https://t.co/VHjbD76tBk",2832133,AWSSupport,Mon Nov 27 12:41:30 +0000 2017,"@218604 Thank you for bringing this to our attention, Here's the best way to provide feedback about our docs: https://t.co/cqWV6VK9BJ 👍 ^KK",
2832136,788516,Mon Nov 27 09:59:43 +0000 2017,"@AWSSupport Trying to login to root account which has MFA enabled but facing issues.sent mail, had a call but no one seems to know what to do. All enquiry replied bu separate people.",2832135,AWSSupport,Mon Nov 27 12:27:28 +0000 2017,"@788516 Hi, Vinnie. Here's how to get up &amp; running again: https://t.co/jNt6RQTY2Z If not, please complete this form and our MFA team will contact you within 15 minutes to assist: https://t.co/ej203FoEeY ^KK",
2832138,788517,Mon Nov 27 12:07:26 +0000 2017,@AWSSupport Thanks for reverting. FAQ document says that lex can be accessed via VPC. Where can I find more details on this?,2832140,AWSSupport,Mon Nov 27 15:00:00 +0000 2017,@788517 Mind posting use case details on our Forums so our engineers can provide additional info? https://t.co/VKMmpE5u73 ^ET,
2832139,788517,Mon Nov 27 03:23:01 +0000 2017,"@AWSSupport Can we host lex lambda functions , utterences, slot details etc on private cloud?",2832137,AWSSupport,Mon Nov 27 10:33:25 +0000 2017,"@788517 Hi, Jyoti. Lex is designed to function on AWS infrastructure. However, you can access functionality via the API &amp; SDKs to build your own apps. Check out Amazon Lex FAQs for more details: https://t.co/hN6eubXxOm ^KK",2832138
2832143,788518,Mon Nov 27 09:06:48 +0000 2017,@AWSSupport - I am trying to assist someone set up the AWS account with email __email__. The address in in South Sudan. We see this error https://t.co/JzOJcl0x6D,2832141,AWSSupport,Mon Nov 27 10:31:24 +0000 2017,"@788518 Hi, Gareth. This AWS Knowledge Center video may be helpful: https://t.co/VcX17AhBlb If the issue persists, please ask your friend to contact us by using the following form: https://t.co/YpMZC72VQr ^KK",2832142
2832146,788519,Mon Nov 27 01:28:23 +0000 2017,@131019 Where can I register for exec track on ties night or wed morning ?,2832145,AWSSupport,Mon Nov 27 09:55:27 +0000 2017,"@788519 For event registration questions, please visit one of our help desks in any of the venues. They're available from 6:30AM. ^ES",
2832149,788520,Mon Nov 27 08:40:00 +0000 2017,@123644 tried to signup 4 an account. Phone number verification never called my mobile. I now can’t try again for 12 hours. Help,2832148,AWSSupport,Mon Nov 27 09:45:55 +0000 2017,"@788520 Hi, for additional help, please contact us by using the following form: https://t.co/0jERP9h91Q ^KK",
2832151,788521,Mon Nov 27 01:57:30 +0000 2017,@131019 anyone know if there is a hackathon registration tonight to form teams?,2832150,AWSSupport,Mon Nov 27 09:44:27 +0000 2017,"@788521 Hey, Stephen. You'd need to reserve your seat for one of our Hackathons. Log in and then decide which one you'd like to attend here: https://t.co/w8G8tWOV9T  ^ES",
2832153,788522,Mon Nov 27 06:55:19 +0000 2017,@131019 very cool...where do we go to get our badges?,2832152,AWSSupport,Mon Nov 27 09:42:29 +0000 2017,"@788522 Have a word with the staff at our Help Desks here:
Aria: Lvl 3, Ironwood 2
Mirage: Lvl 1, Rotunda, Registration Desk 5
MGM: Lvl 1, Grand Ballroom Foyer
Venetian: Lvl 2, Halls B/C
Also, see our Agenda page for the registration timetable: https://t.co/K9dyhiNsul ^ES",
2832157,788523,Mon Nov 27 07:06:28 +0000 2017,"@131019 how can I watch keynotes and sessions after they happen? Can’t make it this year and 8pm PST is 4am here, so watching live is a pain(!)",2832155,AWSSupport,Mon Nov 27 07:56:25 +0000 2017,"@788523 Not to worry, Paul! The Keynote recordings will be posted on our YouTube channel: https://t.co/eYjTz0VfWJ 📽🤓 ^ES",2832156
2832159,233492,Sun Nov 26 23:50:40 +0000 2017,@131019 where can I find details for breakfast/lunch? I.e when and where. Thanks!,2832158,AWSSupport,Mon Nov 27 07:35:27 +0000 2017,"@233492 Hi, Lee. You can check out the re:Invent lunch and breakfast schedule on the Agenda page: https://t.co/Vp4TQubnP5 🍩🍔😋 ^ES",
2835484,789247,Thu Nov 30 17:08:50 +0000 2017,When is French is going to be supported in Alexa and Amazon Lex @123644 ? #reinvent,2835482,AWSSupport,Thu Nov 30 20:12:51 +0000 2017,"@789247 Thanks for your interest, Nicolas! I've shared your request internally for review. 😊 ^ET",2835483
2837689,789781,Thu Nov 30 16:21:32 +0000 2017,"@123644 Love the new inter-region VPC peering (https://t.co/Ymx7aZxXt9)! We want to connect to an EFS endpoint in another region, but we are having problems resolving the internal IP of the foreign endpoint. Tips?",2837688,AWSSupport,Thu Nov 30 18:23:33 +0000 2017,"@789781 Hi, Michael! Mind posting details on our Forums so our engineers can help: https://t.co/UxqMwsyt0n 😊 ^ET",
283934,183629,Fri Oct 06 08:33:15 +0000 2017,"@123644 great. when will codebuild, ECS and ECR be available in Mumbai?",283933,AWSSupport,Fri Oct 06 12:27:38 +0000 2017,@183629 I've informed our service team of your interest. Be sure to keep an eye for updates posted here: https://t.co/jM7lKnVJF4 ^KK,
2853222,547477,Thu Nov 30 15:35:11 +0000 2017,"@123644 please for the love of anything, please allow ALB path target rules to be case-INsensitive if desired! The case-sensitivity is making my life hell.",2853221,AWSSupport,Thu Nov 30 18:21:00 +0000 2017,"@547477 Hi, Chris! We are always looking for ways to improve our services. You can provide us feedback the following ways: https://t.co/qBcRL9aCYO ^ET",
2856470,793952,Mon Nov 27 18:31:10 +0000 2017,"@131019 really poor handling of queues, overflows for ENT302, and the audio doesn't even work in the overflow",2856469,AWSSupport,Mon Nov 27 21:01:00 +0000 2017,"@793952 Hi, Phil! This issue is being looked into. Thanks for the heads up! ^ET",
2856472,793953,Mon Nov 27 19:44:35 +0000 2017,"Second technical fail in an overflow session.  Audio is unlistenable. Hey @131019 , maybe cap registrations for next year’s #reInvent until you can find a tech company to help you scale.",2856471,AWSSupport,Mon Nov 27 21:00:23 +0000 2017,"@793953 Hi, Mark! This issue is being investigated. 🔍 Thanks for the heads up! ^ET",
2856475,793954,Mon Nov 27 20:02:54 +0000 2017,@131019 Where is the certification lounge at Aria ?,2856473,AWSSupport,Mon Nov 27 21:00:00 +0000 2017,"@793954 Hi, Ranjeet! The Certification Lounge is in the Quad at Aria. Head to the nearest help desk and they'll be able to point 👉 you in the right direction. ^RH",2856474
2856478,793955,Mon Nov 27 16:15:29 +0000 2017,"Dear @123644,  All I want for Christmas is for EMR to go to 2.9.   https://t.co/gUyoemUWaW",2856477,AWSSupport,Mon Nov 27 20:21:00 +0000 2017,"@793955 Hi, Jeremy! I've forwarded your Christmas 🎄 feature request to our service team for review. Thanks for the input! 😊^ET",
2856480,793956,Mon Nov 27 19:57:17 +0000 2017,@131019 where can we find the slide shades from sessions?,2856479,AWSSupport,Mon Nov 27 20:19:00 +0000 2017,"@793956 Hi, Laura. Session slides will be made available on SlideShare: https://t.co/TELleGDlqT ^RH",
2856482,793957,Mon Nov 27 18:20:20 +0000 2017,"@131019 the overflow at theater 1 is not working, no audio",2856481,AWSSupport,Mon Nov 27 19:28:27 +0000 2017,"@793957 This issue is being looked into. Thanks for the heads up, Cesar! ^ET",
2856484,233893,Mon Nov 27 18:03:04 +0000 2017,"@131019 overflow at aria the quad.  No streaming audio, just music playing... Fail",2856483,AWSSupport,Mon Nov 27 19:27:00 +0000 2017,"@233893 This issue is being worked on. Thanks for the heads up, Mark! ^ET",
2856486,793958,Mon Nov 27 18:07:02 +0000 2017,First @131019 streaming failing,2856485,AWSSupport,Mon Nov 27 19:26:32 +0000 2017,"@793958 This issue is being worked on. Thanks for the heads up, Juan! ^ET",
2856489,793959,Mon Nov 27 18:13:30 +0000 2017,@131019 Which swag locations still have anything larger than small sizes?,2856487,AWSSupport,Mon Nov 27 19:26:00 +0000 2017,"@793959 Hi, Patrick! Whenever you have a spare moment, please head over to a help desk for assistance! ^ET",2856488
2856492,793960,Mon Nov 27 18:40:39 +0000 2017,What’s the WiFi key? @131019,2856491,AWSSupport,Mon Nov 27 19:00:53 +0000 2017,"@793960 Try @109452. If not, please head over to a help desk for assistance. ^ET",
2856494,793957,Mon Nov 27 13:30:51 +0000 2017,"@131019 trying to schedule some of the new sessions but again getting message “You cannot schedule this session”, how can we get this fixed?",2856493,AWSSupport,Mon Nov 27 18:43:00 +0000 2017,"@793957 Hi, Cesar! Whenever you have a moment, please head over to a help desk for assistance! ^ET",
2856497,793961,Mon Nov 27 16:25:24 +0000 2017,@131019 is there a code of conduct? A creepy dude was very inappropriate to a speaker and ran away before I could snap a pic or jot down name last night at midnight madness,2856495,AWSSupport,Mon Nov 27 18:14:01 +0000 2017,"@793961 Sorry to hear this happened, Angel! The code of conduct can be viewed here: https://t.co/O1mFkceIM0 To assure a safe space, security staff and a hotline (1-866-944-4144) are available for reporting misconduct. ^ET",2856496
2856499,783100,Mon Nov 27 16:56:04 +0000 2017,@131019 do you need to be an AWS partner to attend the APN sessions?,2856498,AWSSupport,Mon Nov 27 18:11:26 +0000 2017,"@783100 Hi, Greg! The APN sessions are for members of the AWS Partner Network. More info here ➡️ https://t.co/rx0KVRg1bl ^ET",
2856501,160697,Mon Nov 27 15:02:31 +0000 2017,"@AWSSupport I did. Wasn’t very helpful, unfortunately. They didn’t understand the question and pointed me to the Mirage to take an exam. 😕",2856500,AWSSupport,Mon Nov 27 17:04:36 +0000 2017,"@160697 Sorry for the trouble, Jason! Please visit one of the certification lounges to get your badge updated. Lounges are located in the Aria and the Venetian: https://t.co/fTtBIr2i9l ^ET",
2856503,160697,Sun Nov 26 22:47:25 +0000 2017,"@131019 If we are certified but our badge does not say that we are, how do we get into the certification lounge?",2856502,AWSSupport,Mon Nov 27 13:51:02 +0000 2017,"@160697 Hi, Jason! Whenever you have a spare moment, please head over to a help desk for assistance! ^ET",2856501
2856505,793962,Mon Nov 27 15:37:36 +0000 2017,I am #AWS Certiifed but it doesn't say that on my #reInvent ID card. any idea how can that be fixed? cc: @131019,2856504,AWSSupport,Mon Nov 27 17:04:01 +0000 2017,"@793962 Hi, Gaurish! Please visit one of the certification lounges to have your badge updated. A lounge can be found in the Aria and the Venetian: https://t.co/QwbsKNdhw6 ^ET",
2856507,793963,Tue Nov 28 14:54:40 +0000 2017,@AWSSupport I already created several support cases and haven't heard anything at all....is there anything you can do to connect me with someone?,2856509,AWSSupport,Tue Nov 28 16:40:32 +0000 2017,@793963 Our activate team can also be directly reached here: https://t.co/JuI1T47FRm ^ET,
2856508,793963,Mon Nov 27 15:35:01 +0000 2017,@AWSSupport I've been trying to get a response on my activate application and it's been 2 weeks without response. Can anyone help?,2856506,AWSSupport,Mon Nov 27 17:02:36 +0000 2017,"@793963 I'm sorry to hear this, Edward. Please create a support case for further assistance: https://t.co/C3OAKhiLjA ^ET",2856507
2856511,793964,Mon Nov 27 14:11:46 +0000 2017,I cannot believe that @123644 doesn't allow setting an S3 bucket as an ALB target...,2856510,AWSSupport,Mon Nov 27 16:00:00 +0000 2017,@793964 We're always trying to improve our services &amp; appreciate the feedback. I've sent your request to our service team for review. 😊 ^ET,
2856513,793965,Mon Nov 27 12:24:00 +0000 2017,@123644 AWS Business Professional Module 3 The Simple Monthly Calculator - URL has an extra space at the end resulting in a 404.,2856512,AWSSupport,Mon Nov 27 14:00:17 +0000 2017,"@793965 Thank you for bringing this to our attention, Tavis! I've shared your feedback internally to be reviewed. ^ET",
2856516,793966,Mon Nov 27 09:52:46 +0000 2017,"@123644 There's a typo in the french docs of ELB : ""Avantges"" should be ""Avantages""

=&gt; https://t.co/ecqMMlU8ST

PS : Love you &lt;3",2856515,AWSSupport,Mon Nov 27 13:56:01 +0000 2017,@793966 Nice catch! 🎣 Please see our Knowledge Center article on the best way to provide feedback about our docs: https://t.co/cqWV6VK9BJ 📚 ^KK,
2873191,797702,Mon Nov 27 23:34:10 +0000 2017,@131019 Where do we find the session surveys / feedback form? Don’t want to fall behind - not finding them in mobile app? #AWSreinvent2017,2873190,AWSSupport,Tue Nov 28 02:17:00 +0000 2017,"@797702 From the home screen, tap My Planner in the top right corner, then My Profile in the top right corner. Under Session Feedback you'll go to Evaluations To Do in order to give your feedback. 📝 ^TI",
2873193,797703,Mon Nov 27 21:09:09 +0000 2017,@131019 Where do we pick up guest passes for re:Play?,2873192,AWSSupport,Tue Nov 28 00:48:31 +0000 2017,"@797703 Hi, Albert! You can pick up re:Play guest passes at Registration: https://t.co/22reEB4cXh 😄 ^RH",
2873195,797704,Mon Nov 27 22:46:11 +0000 2017,.@123644 where is the global partner summit? Lost in the MGM,2873194,AWSSupport,Tue Nov 28 00:16:29 +0000 2017,"@797704 Sorry for the confusion, Jason! Head to Grand Ball Room 122 Level 1. 😊 ^RH",
2873198,479451,Mon Nov 27 23:49:10 +0000 2017,@131019 how long is registration open? How late can I pick up my badge.,2873196,AWSSupport,Tue Nov 28 00:11:00 +0000 2017,"@479451 Hi, Jack! Registration is open until 7pm: https://t.co/Npg4J9kf9E ^RH",2873197
2873201,233893,Mon Nov 27 21:29:52 +0000 2017,@131019 ran out of lunch at the Aria.  Seriously guys?,2873199,AWSSupport,Mon Nov 27 22:05:00 +0000 2017,"@233893 Sorry about that, Mark! Our Event team has been notified and they're looking into it. ^RH",2873200
2873204,160697,Mon Nov 27 17:33:44 +0000 2017,@131019 Is there an AWS store for apparel and such at the conference?,2873202,AWSSupport,Mon Nov 27 21:38:00 +0000 2017,"@160697 Hi, Jason. There are no retail sales happening at re:Invent, but keep an eye out for swag and giveaways! 😄 ^RH",2873203
2873206,797705,Mon Nov 27 18:59:28 +0000 2017,@123644 support dm please,2873205,AWSSupport,Mon Nov 27 21:36:27 +0000 2017,"@797705 Hi, Mariot. There are a few different ways to get help, check out this article: https://t.co/tsMooBB7BV ^RH",
2873208,797706,Mon Nov 27 21:05:33 +0000 2017,Hey @131019 the Aria is out of lunch already with 30 minutes still left.  #epicfail #AWSreinvent2017,2873207,AWSSupport,Mon Nov 27 21:35:26 +0000 2017,"@797706 Sorry to hear that, Michael! Our Event team is aware and looking into it. 👍 ^RH",
2873210,239338,Mon Nov 27 19:19:03 +0000 2017,@123644 are you going to provide log streaming to CloudWatch from IIS Beanstalk instances?,2873209,AWSSupport,Mon Nov 27 21:31:26 +0000 2017,"@239338 I've shared your request for this feature with our service team for review, thanks for the +1! Keep an eye out for updates: https://t.co/0Jem1XPGeA ^RH",
2882268,799693,Tue Nov 28 06:17:15 +0000 2017,@131019 what time is the keynote?,2882267,AWSSupport,Tue Nov 28 07:59:26 +0000 2017,"@799693 Hi there, Darren. Andy Jassy's keynote takes place on Wednesday Nov. 29 at 8AM at the Venetian. For more info on other keynotes, please check out the agenda here: https://t.co/ymntQVsKfz ^CM",
2882270,131021,Tue Nov 28 03:05:34 +0000 2017,Can we can have repeat session for IoT203- getting started with AWS IoT. Waited in line for 2 hours but couldn’t attend. It will be great to see repeat session for this one.@131019,2882269,AWSSupport,Tue Nov 28 07:46:31 +0000 2017,"@131021 Good news, Avishekh! The session recordings will be added to our YouTube channel: https://t.co/mwcb6BoIBQ ^CM",
2882273,799694,Tue Nov 28 03:31:40 +0000 2017,@131019 Any chance this is a multiple night thing?,2882272,AWSSupport,Tue Nov 28 07:45:30 +0000 2017,"@799694 Hi, Chris. The board game night was only scheduled for the evening of the 27th. You can however view the re:Invent agenda for more activities which may interest you: https://t.co/dQ6yEdcO1w 👍 ^CM",
2893707,141063,Tue Nov 28 13:52:12 +0000 2017,"@AWSSupport Apologies for tweeting back here, the forum only supports the premium customers.",2893706,AWSSupport,Tue Nov 28 15:27:02 +0000 2017,"@141063 Sorry for the trouble you're having. Our standard basic support plan allows customers access to the forums. Compare plans here: https://t.co/9OKdtbWgT7 If this doesn't help, please provide more details in a support case here: https://t.co/pWRZu0KDfL ^ET",
2893710,141063,Tue Nov 28 11:41:49 +0000 2017,"@AWSSupport Thanks for getting back to me, I came across this document and could not reach to a solution, someone edited the my lambda script and uploaded as zip but the provided function UpdateFunctionCode does not take into account",2893709,AWSSupport,Tue Nov 28 12:04:00 +0000 2017,"@141063 Hi there, Sai. Please feel free to post more details on our Lambda Forum here: https://t.co/Hi1TwvLATd ^CM",2893708
2893712,141063,Tue Nov 28 08:00:46 +0000 2017,"@AWSSupport how can I know which user changed my zipped uploaded lambda, what should I search in cloudtrail?",2893711,AWSSupport,Tue Nov 28 10:06:52 +0000 2017,"@141063 Hello, Sai. You may find the following doc useful: https://t.co/aHql36MCwi The username in CloudTrail will tell you who performed the action. 👍 ^CM",2893710
2893715,801999,Tue Nov 28 13:27:56 +0000 2017,"@123644 Not able to access this document. Any help

https://t.co/VcHZkZpK6d",2893713,AWSSupport,Tue Nov 28 15:12:55 +0000 2017,@801999 Thank you for bringing this to our attention. I've shared your feedback internally to be reviewed. ^ET,2893714
2893717,802000,Tue Nov 28 11:37:56 +0000 2017,"@123644 why not heaving json and yml syntax in your documentation in tabs, you'd save us all so many energy on scrolling",2893716,AWSSupport,Tue Nov 28 12:30:00 +0000 2017,"@802000 Hi, Slobodan. We appreciate the feedback, I've passed it along to the relevant team for review. 👍 ^CM",
2893719,802001,Tue Nov 28 02:50:58 +0000 2017,"@264039 @123644 Still holding out for this…

https://t.co/t0tT3uBB6h",2893718,AWSSupport,Tue Nov 28 12:26:26 +0000 2017,"@802001 Thanks for sharing your request with us, Matt! I've ensured that it reaches our service team. 👍 ^CM",
2893722,802002,Tue Nov 28 11:02:06 +0000 2017,@AWSSupport How do I get a Hardware MFA for AWS in the UK? Available from https://t.co/7DZ2TX89MB but not https://t.co/hQwxJPoPjq,2893721,AWSSupport,Tue Nov 28 12:03:00 +0000 2017,@802002 MFA hardware isn't currently available on the Amazon UK site. There are however alternate options such as virtual MFA devices: https://t.co/cchYPKOhBl &amp; international shipping. I have forwarded your feedback along to our service team for review. ^CM,
2893724,495291,Tue Nov 28 08:20:59 +0000 2017,@awssupport please if you have a link on how to use amazon ssl for a ghost blog hosted on aws thank you,2893723,AWSSupport,Tue Nov 28 10:23:00 +0000 2017,"@495291 Hi there, our Forum would be the perfect place to post this question. Please feel free to do so here: https://t.co/EYFFWyJPiw ^CM",
2899737,754490,Tue Nov 28 13:11:32 +0000 2017,@18665 @123644 @AWSSupport This is really helpful https://t.co/RX84cxAtBN,2899736,AWSSupport,Tue Nov 28 18:39:35 +0000 2017,"@754490 Hi, thanks for bringing this to our attention. I've shared your feedback with our engineers for review! ^KM",
2909264,805455,Tue Nov 28 18:56:40 +0000 2017,@123644 So stop talking. (Just kidding--can I have an increase in my shard limit please?),2909263,AWSSupport,Tue Nov 28 19:47:00 +0000 2017,@805455 Check out this article for info on how to increase your service limits: https://t.co/batAh5zR60 🙂 ^ET,
2909752,805569,Tue Nov 28 18:43:02 +0000 2017,@131019 @5275 Do you have a link you can provide to the video Steve shared in his presentation?,2909751,AWSSupport,Tue Nov 28 19:42:32 +0000 2017,"@805569 Hi, Ryan! Session recordings will be added to our YouTube 📺 channel : https://t.co/dZ94K3bkY5 You can also view our Live Stream schedule here ➡️ https://t.co/rAwpcug71P",
2909880,805605,Tue Nov 28 18:34:29 +0000 2017,@123644 @AWSSupport it would be awesome if the Lambda  Code Editor can pop to a seperate screen/window so you can code and monitor logs without scrolling.,2909878,AWSSupport,Tue Nov 28 18:57:50 +0000 2017,@805605 We're always trying to improve our services &amp; appreciate the feedback. I've sent your request to our Lambda team to review. 😊 ^ET,2909879
2910228,805679,Tue Nov 28 14:06:14 +0000 2017,"@AWSSupport is there any way to view the security-group of an AMI before I deploy it, via the aws CLI/PowerShell module? I can only find it via LaunchInstance Wizard on the web console &amp; modify before deploying.",2910226,AWSSupport,Tue Nov 28 18:57:25 +0000 2017,@805679 Good question for our experts! Mind posting details on our Forums for our engineers to take a look: https://t.co/LUouHxgkga ^ET,2910227
2910271,805688,Tue Nov 28 17:11:30 +0000 2017,I am stuck in a loop logging into the @123644 console! That’s a first. Too much traffic at #reInvent? https://t.co/2PFGKpatZr,2910270,AWSSupport,Tue Nov 28 18:39:00 +0000 2017,"@805688 Sorry for the trouble, Richard! Please make sure you're using an IAM user Credentials and not a root: https://t.co/ZFy8S6dkbV for additional assistance, please contact us here: https://t.co/oNEXUV8Flf 😊 ^ET",
2910273,160651,Tue Nov 28 13:11:08 +0000 2017,"@AWSSupport Hey, do you guys plan to allow running Amazon ECR on custom domains?",2910272,AWSSupport,Tue Nov 28 18:26:50 +0000 2017,"@160651 Hi, I've forwarded your request to our experts for review. Thanks for the input! ^KM",
2910275,805689,Tue Nov 28 16:46:05 +0000 2017,"@131019 I have a green ""booth staff"" badge - I found out, the hard way, that this doesn't include re:Invent meals. What _does_ it include? Keynotes? re:Play party?!",2910274,AWSSupport,Tue Nov 28 18:09:33 +0000 2017,"@805689 Hi, Cooper! Whenever you have a free moment, please head over to a help/registration desk for assistance! ^ET",
2910277,805690,Tue Nov 28 16:52:25 +0000 2017,@131019 Is this available streaming?,2910276,AWSSupport,Tue Nov 28 17:51:00 +0000 2017,@805690 Check out our live stream schedule and additional information here: https://t.co/4zLl1DrJ9C ^ET,
2910280,237389,Tue Nov 28 16:40:43 +0000 2017,@131019 hey hey! Is there a link to the livestreams?,2910279,AWSSupport,Tue Nov 28 17:47:30 +0000 2017,"@237389 Hi, Evan! You can find our live stream schedule and additional information here ➡️ https://t.co/wEabplXNmH ^ET",
2910282,805691,Tue Nov 28 16:36:11 +0000 2017,@131019 Get that livestream up!,2910281,AWSSupport,Tue Nov 28 17:22:00 +0000 2017,"@805691 Hi, Jeremy! Check out our live stream schedule here: https://t.co/l6H7Cic6QX ^ET",
2910284,805692,Tue Nov 28 16:25:17 +0000 2017,@122532 @111661 @131019 Will a recording of the talk be available after the conference?,2910283,AWSSupport,Tue Nov 28 17:17:01 +0000 2017,"@805692 Hi, Matthew! Sessions will be recorded and added to our YouTube 📺 channel: https://t.co/38xffANzRg ^ET",
2910287,805693,Tue Nov 28 15:27:32 +0000 2017,Hey @131019 - where can I follow this year’s announcements (but just the announcements)?,2910286,AWSSupport,Tue Nov 28 16:08:39 +0000 2017,"@805693 Check ✔️ out all announcements here: https://t.co/fiz6Vk4WwY The newest announcements can be found under the section “Most Recent Announcements from AWS"" ^ET",
2910289,789106,Tue Nov 28 15:25:11 +0000 2017,"Hey @131019, the app planner says the security jam (hac05) starts at 9, the agenda says it starts at 8. D'you know which is true?",2910288,AWSSupport,Tue Nov 28 15:54:06 +0000 2017,"@789106 Hi, Nikki! Whenever you have a spare moment, please head over to a help desk for clarification. ^ET",
291677,185461,Fri Oct 06 14:37:34 +0000 2017,"Wow, @AWSSupport's forum is brutal. I can only post a single message a day, apparently? https://t.co/MyS9ORyGP6",291676,AWSSupport,Fri Oct 06 15:54:00 +0000 2017,"@185461 Hi, Steve, please find more info about posting messages to our forums here: https://t.co/oDA50Szm4s ^JK",
291680,185462,Fri Oct 06 12:12:31 +0000 2017,"@123644 Hello ,the pricing for ""3 year reserved host""s are not available in the pricing API csv file I downloaded . any input ?",291678,AWSSupport,Fri Oct 06 15:23:30 +0000 2017,"@185462 Hi, could you provide the link you used and more info via our Feedback button on the bottom left of your console? ^JK",291679
2923969,809124,Tue Nov 28 22:13:14 +0000 2017,@123644 Where can I find this? I can't see it in the AWS console somehow,2923967,AWSSupport,Wed Nov 29 02:07:27 +0000 2017,"@809124 Here's more info on AppSync, which is currently in preview: https://t.co/XuxAYiDTPH You can apply for access to the preview here: https://t.co/9ayELnVoRO 📝 ^TI",2923968
2923973,809126,Wed Nov 29 01:17:58 +0000 2017,@123644 Any ETA on when .bot domains will be available?,2923971,AWSSupport,Wed Nov 29 02:05:00 +0000 2017,"@809126 Beep beep boop. 🤖 I hear you loud &amp; clear, Ben! I've passed your +1 along internally. ^TI",2923972
2923975,809127,Tue Nov 28 23:46:44 +0000 2017,Sudden @123644 wish: Kinesis Firehose targeting to a VPC (not Public Internet) Elasticsearch cluster.,2923974,AWSSupport,Wed Nov 29 01:44:27 +0000 2017,"@809127 Thanks for the input, Eric! I've passed your wish along to our Kinesis Firehose team for review. 🙌 ^TI",
2923977,809128,Tue Nov 28 22:36:25 +0000 2017,@123644 aws re:invent starts today at 8 PM PST??? https://t.co/G72K2nGF6F,2923976,AWSSupport,Wed Nov 29 01:43:43 +0000 2017,"@809128 Hi, Pepo. This is in reference to the Live Stream, which will commence at 8pm PST for Tuesday Night Live with Peter Desantis: https://t.co/qorK1HH7mi ^RH",
2923980,809129,Tue Nov 28 23:25:22 +0000 2017,.@131019 How to give feedback on sessions? #reinvent17,2923978,AWSSupport,Wed Nov 29 00:10:25 +0000 2017,"@809129 Hello! Session surveys can be completed using our mobile app by clicking on the ""My Evaluations"" icon: https://t.co/iVPPQpAvTT ^RH",2923979
2923982,809130,Tue Nov 28 22:11:14 +0000 2017,@131019 how do you find out about the scavenger hunts?,2923981,AWSSupport,Wed Nov 29 00:06:29 +0000 2017,"@809130 📱 Check the re:Invent app for details. Go to Game Center, then Scavenger Hunt, &amp; you'll find more information there, including Rules in the top right corner. ^TI",
2923985,181421,Tue Nov 28 23:12:39 +0000 2017,@AWSSupport link from codecommit no workie . . . https://t.co/gl1af576jc,2923983,AWSSupport,Wed Nov 29 00:05:34 +0000 2017,"@181421 Sorry for the trouble, Sean! Is this the page you're looking for? https://t.co/ecsZ9epy7y If the URL in question is linked in one of our docs, please let us know by providing feedback: https://t.co/12CUJmbZVW ^RH",2923984
2923988,809131,Tue Nov 28 20:56:07 +0000 2017,is #sumerian working properly for everybody @123644 ?,2923986,AWSSupport,Tue Nov 28 22:08:54 +0000 2017,"@809131 Hi Oliver, make sure you're working in a region where Sumerian is available: https://t.co/7PlTROYKzd &amp; if so, check in on these ways to get help: https://t.co/EGdU7VE7Nt 📃 ^TI",2923987
2923993,200740,Tue Nov 28 18:04:11 +0000 2017,@131019 I’m not getting the daily newsletters. Can you help me out?,2923991,AWSSupport,Tue Nov 28 21:49:29 +0000 2017,@200740 Hi there! Please check your email settings and spam folders for any missed emails. 📬 You can also subscribe to receive announcements here: https://t.co/DIa0KUKnh7 ^ET,2923992
2939640,812478,Wed Nov 29 03:43:27 +0000 2017,"@131019 Is this primarily for migrations?  If one was starting from scratch, would Amazon still recommend SQS?",2939639,AWSSupport,Wed Nov 29 11:57:25 +0000 2017,"@812478 This isn't primarily for Migrations, Dan. Take a look at the differences between Amazon MQ, SNS and SQS here: https://t.co/VgalLoUksH ^ES",
2939643,812479,Wed Nov 29 09:51:59 +0000 2017,"@AWSSupport hey guys, I'm having a challenge logging on to my openvpn using LDAP. can you assist me?",2939642,AWSSupport,Wed Nov 29 11:56:01 +0000 2017,"@812479 Hi, I recommend reaching out to our experts &amp; community in our Directory Service Forum: https://t.co/mvIRuc23df ^KK",
2939646,812480,Wed Nov 29 04:11:52 +0000 2017,@123644 @AWSSupport How can I setup FIPS compliant Elastic Load Balancer along with SSL Termination at ELB.,2939644,AWSSupport,Wed Nov 29 11:55:29 +0000 2017,"@812480 Hi, our Forum is a great place to post this question. Feel free to do so here: https://t.co/EYFFWyJPiw ^KK",2939645
2939648,812481,Wed Nov 29 05:23:29 +0000 2017,@812482 @131019 Hey Sam! Do you know if your talk was recorded and if it will be published?,2939647,AWSSupport,Wed Nov 29 11:08:54 +0000 2017,"@812481 Hey, Jo. The session recording will be put on our YouTube channel: https://t.co/uiqZJzHwLn 🙂 ^ES",
2939651,812483,Wed Nov 29 06:45:17 +0000 2017,@AWSSupport Please update SIMPLE MONTHLY CALCULATOR.  Aurora Postgres db.r4.large is available in Sydney. https://t.co/QYGUIkX1ST,2939650,AWSSupport,Wed Nov 29 11:07:28 +0000 2017,"@812483 Thanks for the feedback, Kalyan! I've shared this internally for review. ^KK",
2939653,812484,Wed Nov 29 03:58:07 +0000 2017,Hey @123644 I’m digging the artist this year for #reInvent. Who is it? I can’t find press or signs here at the event. #greatmusic #synth #guitar,2939652,AWSSupport,Wed Nov 29 11:05:26 +0000 2017,@812484 The bands name is Kinky. I'm sure they would love to hear your thoughts on their performance @112814  🗣💬 ^ES,
2939655,812485,Wed Nov 29 04:00:05 +0000 2017,@131019 what’s the name@of the band on before Tuesday night live? They’re awesome.,2939654,AWSSupport,Wed Nov 29 11:03:00 +0000 2017,@812485 Glad to hear it! They're @112814 feel free to let them know of their awesomeness. 😉 ^ES,
294205,186079,Fri Oct 06 14:03:52 +0000 2017,@AWSSupport Can we please have tags on spotfleetrequest or a description?? #pleasepleaseplease,294204,AWSSupport,Fri Oct 06 16:44:30 +0000 2017,"@186079 Hi, Jiri, thanks for your request! We've sent it over to the service team so they can look into it! 😎 ^JK",
2953507,815474,Tue Nov 28 21:42:18 +0000 2017,@131019 Curious if y’all have any of the DJ’s SoundClouds or anything posted anywhere? 🤘🏻🎚🎛🔊,2953505,AWSSupport,Wed Nov 29 18:18:32 +0000 2017,"@815474 I'm glad to hear you're enjoying the music, Lance! The DJ is, Jen Lasher! 🎶🎧 ^ET",2953506
2953509,400423,Wed Nov 29 16:55:23 +0000 2017,@AWSSupport Is it true that S3 Origins are not supported by CloudFront Regional Edge Caches ?,2953508,AWSSupport,Wed Nov 29 18:16:07 +0000 2017,"@400423 Hi, currently Regional Edge Caches are available for custom origins. Amazon S3 origins are not supported. Check out this page for more info: https://t.co/oekvw9MCYr ^KM",
2953511,408391,Wed Nov 29 16:41:45 +0000 2017,@123644 Will this be HIPPA compliant?,2953510,AWSSupport,Wed Nov 29 18:13:03 +0000 2017,"@408391 That is a great question for our Compliance team, Josh. You can contact them here: https://t.co/KRNCJhohZ3 ^KM",
2953514,815475,Tue Nov 28 22:50:23 +0000 2017,@131019 Is there somewhere I can get an AWS IoT button at re:Invent?,2953513,AWSSupport,Wed Nov 29 15:19:53 +0000 2017,"@815475 Hi, Brian. We don't sell IoT buttons at re:Invent, but keep an eye out for swag and giveaways! ^KM",
2953516,815476,Tue Nov 28 20:05:23 +0000 2017,@131019 Is there somewhere an overview of all services that have already been launched? #AWS #reInvent,2953515,AWSSupport,Wed Nov 29 14:57:29 +0000 2017,"@815476 Hi, Julian. Check out the following page for the latest product &amp; feature announcements https://t.co/XZfLl9TDJQ ^KM",
2953519,815477,Wed Nov 29 12:19:42 +0000 2017,@123644  need support for athena reports. Anyone in India to provide this solution?,2953518,AWSSupport,Wed Nov 29 14:55:00 +0000 2017,"@815477 Hi, Neha. Have you already checked out our Athena docs? https://t.co/XxvtttuX26 If you require additional help, you can contact our engineers here: https://t.co/oqpz57d6jA ^KM",
2967016,350054,Wed Nov 29 21:09:20 +0000 2017,Hey @123644 m5 instance increase limit currently missing from support. #halp,2967015,AWSSupport,Wed Nov 29 22:59:35 +0000 2017,"@350054 Sorry about that, John! I've passed your feedback to our EC2 team for review. 👍 ^RH",
2967019,818507,Wed Nov 29 21:39:03 +0000 2017,@123644 Any details on when Fargate will be supported by CloudFormation?,2967017,AWSSupport,Wed Nov 29 22:58:00 +0000 2017,"@818507 I've let our CloudFormation team know you're interested in this feature, thanks for the input! 😄 ^RH",2967018
2967022,818508,Wed Nov 29 18:42:34 +0000 2017,"Wait, does my #Alexa have @123644 Greengrass? Can I use that for #MCU connectivity? #reInvent",2967021,AWSSupport,Wed Nov 29 22:55:06 +0000 2017,@818508 That's a great question for our experts &amp; community! Post in our Alexa forum for guidance: https://t.co/Mjk4k1Haug ^RH,
2967025,818509,Wed Nov 29 22:05:24 +0000 2017,@123644 What a great announcement for the Linked Data realm ! How would it possible to get an access to the limited preview ?,2967023,AWSSupport,Wed Nov 29 22:53:36 +0000 2017,"@818509 Hi, Vincent! You can sign up for the Amazon Neptune preview here: https://t.co/k0uuKrmcaQ 🔱 ^RH",2967024
2967028,818510,Wed Nov 29 18:44:30 +0000 2017,@AWSSupport FYI: Console page for SQS is saying I can't set a DLQ (incorrect name or non-matching type). I verified both and then was able to set via aws-cli. Guessing it is a console UI bug.,2967027,AWSSupport,Wed Nov 29 21:29:00 +0000 2017,"@818510 Thanks for letting us know, Matt! I've shared your feedback internally for review. 👍 If you have additional input, send us details directly via the console: https://t.co/XItnH6Nvso ^RH",
2967030,818511,Wed Nov 29 18:02:37 +0000 2017,@123644 Will Windows be supported?,2967029,AWSSupport,Wed Nov 29 21:26:00 +0000 2017,"@818511 Hi, Mark. I've shared your query with our EKS team for review, thanks for the input! 😊 ^RH",
2967033,818512,Wed Nov 29 20:04:26 +0000 2017,@123644 @48443 Is there a central place to get ReInvent Session slides?,2967032,AWSSupport,Wed Nov 29 20:49:35 +0000 2017,"@818512 Hi, Bob! Check ✔️ out our SlideShare page here: https://t.co/15nryIxFYP 🙂 ^ET",
2967035,818513,Wed Nov 29 19:19:34 +0000 2017,"@123644 maybe you could arrange a summary tweet, linking to a page with redirections to all today's announcements... without a map, a mere mortal will be lost!",2967034,AWSSupport,Wed Nov 29 20:06:00 +0000 2017,"@818513 Hi, Leonardo! You can find all our announcements posted here, you can even sort by most recent, if that's helpful: https://t.co/IvdOYavcsb 😊 ^ET",
2967038,222015,Wed Nov 29 19:25:26 +0000 2017,@123644 where can we find a replay of Andy jassy's keynote from earlier today?,2967036,AWSSupport,Wed Nov 29 20:04:00 +0000 2017,"@222015 Hey, Matt! You will be able to find recordings posted on our YouTube 📺 channel: https://t.co/QRRLd0XfM8 ^ET",2967037
2967040,783329,Wed Nov 29 17:05:46 +0000 2017,Hey @AWSSupport any reason we can't ask for #CloudWatch rule limit increases in ca-central-1 region? No support for increases yet? I'm safe for now but I'm not too far away from reaching 100.,2967039,AWSSupport,Wed Nov 29 19:48:28 +0000 2017,"@783329 Thanks for letting me know, Shawn. I've brought this to the attention of our CloudWatch team, so they can check it out! ☁️⌚️ ^TI",
2967043,818514,Wed Nov 29 17:04:02 +0000 2017,@128574 @123644 Still just waiting for MySQL 5.7 support and then we will migrate 👏🏼,2967041,AWSSupport,Wed Nov 29 18:43:00 +0000 2017,"@818514 We're always trying to improve our services &amp; appreciate the feedback, Lasse! ^KM",2967042
2967046,522896,Wed Nov 29 16:57:07 +0000 2017,hey @123644 the neptune signup is down :(,2967045,AWSSupport,Wed Nov 29 18:39:36 +0000 2017,"@522896 Sorry for the trouble, David. Have you tried clearing your cache/cookies or using a different browser? Let us know if the issue persists. ^KM",
297234,186805,Fri Oct 06 17:06:14 +0000 2017,@123644 Fed up with the captcha. I tried 10 times and is failing. Is that a bug in amazon #BadCaptcha #Amazon,297233,AWSSupport,Fri Oct 06 18:58:00 +0000 2017,"@186805 Sorry for the issue. Try clearing your cache/cookies or switching browsers. If the issue persists, please let us know ^JK",
297236,186806,Mon Oct 09 05:07:38 +0000 2017,"@AWSSupport Typo in VPC Setup wizard. VPC With a Single Public Subnet says instances run in a private,isolated section. Shouldn’t that be “public”?",297238,AWSSupport,Mon Oct 09 11:31:01 +0000 2017,@186806 A VPC is a private isolated section of the cloud. The public subnet would form part of the VPC: https://t.co/hxxpyh1Yop ^ES,
297237,186806,Fri Oct 06 17:22:17 +0000 2017,@123644 I need help understanding my bill,297235,AWSSupport,Fri Oct 06 18:07:00 +0000 2017,"@186806 Hi, please create a case in our support center for assistance: https://t.co/7qsqac1eBT ^JK",297236
297239,160655,Fri Oct 06 18:05:43 +0000 2017,@AWSSupport Will this stop invoice emails all-together or only stopping the $0 emails?,297240,AWSSupport,Fri Oct 06 19:49:30 +0000 2017,"@160655 Steven, it should stop all invoice emails, but they will be available every month through your console: https://t.co/pYJBgjzzpb ^JK",
2976113,320812,Thu Nov 16 07:07:39 +0000 2017,@123644 Unable to add $50 credits to my account sent for AWS Migration webinar series says invalid promotion code https://t.co/XCJXWN4jf6,2976112,AWSSupport,Thu Nov 16 11:19:27 +0000 2017,"@320812 Hi, Aashish. A support case has been created with more info. You can view it in the Support Center: https://t.co/jANsmDICUz ^KK",
2979394,197323,Thu Nov 30 00:11:56 +0000 2017,hey there @123644 I have no idea what my IAM user name is but I do have my Account #. Can I get any help signing in?,2979393,AWSSupport,Thu Nov 30 00:36:00 +0000 2017,"@197323 Sorry to hear that, Lukasz! This article can help you with troubleshooting: https://t.co/jTAQ1Y5uCB ^RH",
2979396,541994,Wed Nov 29 15:34:14 +0000 2017,@131019 How do you get it if you are a sponsored partner?,2979395,AWSSupport,Wed Nov 29 23:54:29 +0000 2017,"@541994 Hi, Josh. This doc should get you started: https://t.co/kNBE98FgxL This blog post may also be useful: https://t.co/MM2kNja9wM For expert guidance, here's how to get help: https://t.co/zG7C8LHrRy ^RH",
2979399,116579,Wed Nov 29 21:53:24 +0000 2017,"Hey @123644, how about #RaspberryPi in Device Farm? #IoT testing FTW #reInventِ",2979398,AWSSupport,Wed Nov 29 23:20:41 +0000 2017,"@116579 I've shared your feature request with our Device Farm team to be considered. Thanks for the input, Patrick! ^RH",
2979522,148829,Mon Jun 26 07:32:48 +0000 2017,@AWSSupport I have posted a reply to a very important ticket no : 2209546221. Pls assist in replying. Thank you very much.,2979520,AWSSupport,Mon Jun 26 08:22:35 +0000 2017,"@148829 Hi, Andrew. Your case has been updated &amp; can be viewed in your Support Center here: https://t.co/Oy8CgiZBfD ^KK",2979521
2983056,822609,Tue Oct 31 16:27:42 +0000 2017,"@AWSSupport Hi AWS Support, I tried create the ticket but do not have Phone option.
:(",2983055,AWSSupport,Tue Oct 31 19:23:34 +0000 2017,"@822609 Hi, are you able to create a case? Please include details about the issue and someone can look into it. ^JK",
2983058,822609,Tue Oct 31 15:41:09 +0000 2017,"@AWSSupport I have some billing issue, could not charge on several credit card. Any contact I can reach?",2983057,AWSSupport,Tue Oct 31 16:25:00 +0000 2017,"@822609 Hi, you can contact AWS Support using the following doc: https://t.co/nTJJ9eIYeN ^JK",2983056
2983061,822610,Tue Oct 31 15:15:13 +0000 2017,@123644 I haven't been able to create an account for 2 DAYS straight. The site completly crashes when is supposed to give me a call,2983059,AWSSupport,Tue Oct 31 18:56:00 +0000 2017,"@822610 José, you may want to try &amp; clear your cache/cookies, but if the issue persists, please try: https://t.co/Yj81WHUgTr ^JK",2983060
2983064,822611,Tue Oct 31 14:34:46 +0000 2017,@123644 are there any plans to add AWS ALB WAF Resources to UK (London) Region in the near future? #OnShore #Security #Cloud,2983063,AWSSupport,Tue Oct 31 18:49:29 +0000 2017,"@822611 Kurt, thank you for your request! I have forwarded it on to our WAF team so they can look into it! ^JK",
2983067,530981,Tue Oct 31 14:56:29 +0000 2017,@822612 I can't launch the AWS Storage Gateway service; no matter what I do I get this: https://t.co/NPKTEmIMt5,2983065,AWSSupport,Tue Oct 31 16:54:00 +0000 2017,"@530981 Hi Rick, your support case has been received and is currently being looked into. ^JK",2983066
300349,187634,Thu Oct 05 19:07:55 +0000 2017,"Seriously SHOCKED by how poorly organized and supported the @123644 #Cognito SDK and docs are. 

I expected so much better.",300350,AWSSupport,Thu Oct 05 19:45:28 +0000 2017,"@187634 We appreciate your feedback, Kevin. I've forwarded it on to the Cognito team for review. ^ET",
300349,187634,Thu Oct 05 19:07:55 +0000 2017,"Seriously SHOCKED by how poorly organized and supported the @123644 #Cognito SDK and docs are. 

I expected so much better.",300347,AWSSupport,Fri Oct 06 19:41:28 +0000 2017,"@187634 Kevin, our service team wants to know more. Mind posting details here &amp; sending me your URL? https://t.co/CBQQFoam2e ^ET",300348
300352,187635,Fri Oct 06 18:46:20 +0000 2017,@123644 I am experience some issues with aws on us-east,300351,AWSSupport,Fri Oct 06 19:21:00 +0000 2017,"@187635 Alan, please post more info via our forums so our engineers can take a look: https://t.co/iAH84A4gIZ ^JK",
300355,187636,Fri Oct 06 18:11:54 +0000 2017,"@123644 Hi i'm an iOS dev trying to get some insight in LoginWithAmazon framework can you guys help?(AMZNLWAErrorDomain error 6.)""",300353,AWSSupport,Fri Oct 06 19:16:50 +0000 2017,"@187636 Barrett, would you mind providing more details in our forums? Our engineers can help: https://t.co/Gw6oeESqA8 ^JK",300354
308508,189668,Fri Oct 06 21:57:05 +0000 2017,@123644 The hex code for Amazon orange is incorrect at https://t.co/aefTUk5kaT,308507,AWSSupport,Fri Oct 06 23:36:13 +0000 2017,"@189668 Oh no, there's too much Squid Ink! 🐙 I've passed that along so our Brand team can check it out. Thanks for looking out, Corey ^TI",
308510,128270,Fri Oct 06 21:03:17 +0000 2017,Hey @48443 where's the best place to look to find out who all the great dev advocates are w/ @123644?,308509,AWSSupport,Fri Oct 06 23:26:00 +0000 2017,"@128270 Check out our full roster of Technical Evangelists, here! https://t.co/BbKgCka4zJ 📃 ^TI",
308512,189669,Sat Oct 07 18:06:09 +0000 2017,@AWSSupport Tried to post to the forums but blocked by your rule for forum posting with new accounts.  I suggest lifting this restriction for customers.,308514,AWSSupport,Sat Oct 07 20:44:34 +0000 2017,"@189669 Hi, I'd like to help, Greg. Mind providing us with your Forums username via the Support Center? https://t.co/jANsmDICUz ^KM",
308513,189669,Fri Oct 06 20:33:04 +0000 2017,"Hi @AWSSupport , if I choose to go @123644 for serverless C#, will my apps stop working when .Net Core LTS changes to a different version?",308511,AWSSupport,Fri Oct 06 23:25:30 +0000 2017,@189669 Our forums community &amp; experts are great resources for this! Add details here &amp; send me your URL? https://t.co/BqDevKat9O 😁 ^TI,308512
314705,191142,Sat Oct 07 02:49:04 +0000 2017,Hmm @123644 route53 usually propagates super fast.. over 2 hours so far and nada,314703,AWSSupport,Sat Oct 07 06:14:27 +0000 2017,"@191142 Hi, Matt. Please reach out to us through the Support Center should you continue to have issues: https://t.co/jANsmDICUz ^CM",314704
314706,192110,Sat Oct 07 07:05:01 +0000 2017,"@191142 @123644 issue 16 hrs ago setting up Gmail dns txt entry. Figured I did something wrong so did html validation. Never suspected aws, Issues route53?",319052,AWSSupport,Sat Oct 07 10:27:20 +0000 2017,"@192110 No Route 53 issues on our end: https://t.co/2jfJZqpLAJ If the issue persists, please create a case: https://t.co/SFl4Eliyy5 ^KK",319053
314708,181421,Sat Oct 07 00:17:46 +0000 2017,@AWSSupport your very last policy on https://t.co/1pQl7dmkqN is invalid; it's missing commas after each Action statement.,314707,AWSSupport,Sat Oct 07 05:55:48 +0000 2017,"@181421 Thanks for sharing your feedback, Sean. I have forwarded it to our Lambda team for review. 👍 ^CM",
319053,191142,Sat Oct 07 17:12:13 +0000 2017,@AWSSupport @192110 Route 53 issues continue without acknowledgement from support ... come on guys!!! https://t.co/oM4wTscfVv,319054,AWSSupport,Sat Oct 07 18:02:32 +0000 2017,@191142 Sorry for the trouble. Could you post details on our Forums &amp; send me the URL so we can take a look? https://t.co/PNNoM6jAYg ^KM,
319057,192111,Sat Oct 07 06:32:53 +0000 2017,@123644 I don't like websites which force me2give payment details 4 'free trial' services - forgetful people like me get caught out! :(,319055,AWSSupport,Sat Oct 07 10:21:11 +0000 2017,"@192111 Hi, please have a look at the following link as it provides info that may be helpful: https://t.co/igeEYzSbql ^KK",319056
320548,192380,Sat Oct 07 09:06:51 +0000 2017,My colleague cannot ssh to ec2 centos 6. IP is already allowed in SG inbound. It is ok before using ec2 with no vpc. #aws,320547,AWSSupport,Sat Oct 07 12:12:28 +0000 2017,"@192380 Hi, your colleague may find this troubleshooting doc helpful: https://t.co/peEWao3jFx ^KK",
320550,192381,Sat Oct 07 07:30:17 +0000 2017,@AWSSupport I am looking to automate EMR deployment via bootstraps. Can you guys please tell me where to start!? Thanks! #LoveAWS,320549,AWSSupport,Sat Oct 07 12:03:28 +0000 2017,"@192381 Hi, the following Knowledge Center article may help: https://t.co/T6X2d8ktug ^KK",
320553,192382,Sat Oct 07 09:42:25 +0000 2017,@AWSSupport hi can u pls confirm i'm on free tier? I see some unusual numbers in billing. have only been using free tier plan. thanks,320551,AWSSupport,Sat Oct 07 11:50:00 +0000 2017,"@192382 Hi, could you please create a case here so we can take a look? https://t.co/0Si5pf3Ebi  ^KK",320552
320555,161078,Sat Oct 07 08:19:00 +0000 2017,@123644 found few bugs in Cost Optimization Monitor tool for AISPL users. How do I report it? https://t.co/4HSmb8giep @48443,320554,AWSSupport,Sat Oct 07 11:31:00 +0000 2017,"@161078 Hi, please submit your feedback using the Feedback button on the bottom left of your console. ^KK",
330459,194668,Sun Aug 06 09:52:47 +0000 2017,@AWSSupport @194670 I am waiting for #ruby and #golang to be supported by #lambda,330457,AWSSupport,Sun Aug 06 12:19:00 +0000 2017,"@194668 Hi, VIkas. I've shared your +1 for this requested feature with our Lambda team. Thanks for the feedback! ^VR",330458
330461,194670,Sat Aug 05 22:54:15 +0000 2017,"Well, it appeared @123644  #lambda functions doesn't support .netcore 1.1 yet because it doesn't have LTS support level. Disappointed.",330460,AWSSupport,Sun Aug 06 00:18:28 +0000 2017,"@194670 Thanks for the heads up this is something you'd like to see, Andrei! I've let our Lambda team know 😄 ^TI",330459
331923,195042,Sat Oct 07 16:48:53 +0000 2017,"@123644 Plz your direct email, send here __email__",331921,AWSSupport,Sat Oct 07 18:01:28 +0000 2017,"@195042 Hi, here are a few ways to get in touch with us: https://t.co/90CLOUf8lj Or, fill out this form: https://t.co/PH8trqaBBq ^KM",331922
331925,195043,Sat Oct 07 15:20:38 +0000 2017,@AWSSupport Hey I understand Lambda has 300s timeout but is it possible to get special dispensation for greater timeout - e.g. 15 mins?,331924,AWSSupport,Sat Oct 07 17:49:32 +0000 2017,"@195043 Hi, check out this doc: https://t.co/z7zBCUZPNx. For additional info, contact our engineers here: https://t.co/vXueHyFzkr ^KM",
336129,196185,Sat Oct 07 19:19:49 +0000 2017,@123644 any hope for POP mail server in amazon SES?,336128,AWSSupport,Sat Oct 07 21:04:56 +0000 2017,@196185 Hi! I've shared your interest in this feature with our SES team for consideration. Thanks for the input! 😄 ^RH,
338080,196697,Sat Oct 07 20:07:42 +0000 2017,why WorkDocs Dive keep crashing on Windows 7 WorkSpace @AWSSupport https://t.co/gLaLX7UX0n,338078,AWSSupport,Sat Oct 07 21:37:24 +0000 2017,"@196697 Try these docs: https://t.co/sirnUjozm2 &amp; https://t.co/689ZL0NI91 For expert help, post in our Forums: https://t.co/tDEkIAw4F5 ^RH",338079
340570,197345,Fri Nov 24 22:08:59 +0000 2017,Anybody know if it’s possible to set up @123644 billing alerts to alert before any promo credits are applied? Just realized I pissed away $25 of credits on runaway personal instances,340569,AWSSupport,Sat Nov 25 00:54:53 +0000 2017,@197345 One of our agents can explain in detail &amp; take a look at your account! 📧📞 I recommend reaching out to us via case in the Support Center: https://t.co/3QuREu5DWI ^TI,
340649,197368,Fri Nov 24 21:08:39 +0000 2017,@123644 are additional disk space in Lightsail charged per hour/minute or are we immediately billed fro whole month ? ty.,340647,AWSSupport,Sat Nov 25 00:54:25 +0000 2017,"@197368 For clarification, see the Additional Block Storage Pricing section of this page here: https://t.co/Arr6OF9iDQ 📃 &amp; reach out to us in the Support Center if you'd like one of our agents to explain in more detail: https://t.co/7u8vnXcGdV ^TI",340648
340651,197369,Fri Nov 24 20:37:52 +0000 2017,@123644 Please make it available in France and other countries,340650,AWSSupport,Fri Nov 24 23:45:00 +0000 2017,"@197369 I hear you, loud &amp; clear! 📣 Thanks for sharing your input with me, I've sent that along to our Docs team for consideration. ^TI",
340653,160707,Fri Nov 24 20:33:29 +0000 2017,@123644 Sadly doesn't seem to be available outside of https://t.co/JGc1HXSqNz. Any hope of this being made available wider @48443?,340655,AWSSupport,Fri Nov 24 23:44:30 +0000 2017,"@160707 Thanks for the feedback, Chris! I've shared this internally for review. ✉️ ^TI",
340654,197370,Fri Nov 24 19:34:49 +0000 2017,@123644 It's not available within the UK! 😪,340656,AWSSupport,Fri Nov 24 23:44:00 +0000 2017,"@197370 Not to worry, Jonathan! I've let our Docs team know just how badly you'd like access to this. 😁 ^TI",
340659,160685,Fri Nov 24 19:39:38 +0000 2017,"@123644 - the AWSCodeDeployRole managed policy has an old/incorrect IAM Action - ""tag:GetTags"". Prob needs to be ""tag:GetTag*""?",340657,AWSSupport,Fri Nov 24 23:08:44 +0000 2017,"@160685 If you see this information somewhere specific could you please send it my way? Alternatively, here are all the easiest ways to send us feedback: https://t.co/hsBNH1WqxQ 📖 ^TI",340658
340661,197371,Fri Nov 24 19:02:54 +0000 2017,@123644 It would be super useful to be able to view the version number from the RDS console #awswishlist,340660,AWSSupport,Fri Nov 24 22:00:26 +0000 2017,"@197371 I've shared your wish with our RDS team for consideration. Thanks for the feedback, Craig. Feel free to provide future feedback via the following methods: https://t.co/ozPmxvjUF4 ^KM",
343308,197725,Thu Sep 21 10:18:49 +0000 2017,@197727 @123644 @197728 It would be nice if you could use Elastic Volumes with RDS. You could monitor burst balance and switch to IO1 with a Lambda if needed.,343306,AWSSupport,Thu Sep 21 11:04:00 +0000 2017,@197725 I have forwarded your feature request on to our service team to be reviewed. Thanks for the input! 😊 ^VR,343307
35122,123643,Wed Nov 01 09:37:05 +0000 2017,Dear @123644 I wish we could manage Lambdas using Docker and ECS registry 👍🏻,35121,AWSSupport,Wed Nov 01 11:06:29 +0000 2017,@123643 I've added your +1 for wanting to see this feature looked into! Thanks for letting us know. 😉 ^ES,
352312,199786,Sun Oct 08 02:27:27 +0000 2017,"Hi AWS, how do I notify you of a bug? The URL for my bucket says US West, the bucket says US East. @123644 https://t.co/GRfsxm861i",352311,AWSSupport,Sun Oct 08 12:27:43 +0000 2017,"@199786 Hi, Luke. This isn't a bug, you selected your home region as US West and your bucket was created in the US East region. ^ES",
352315,191142,Sat Oct 07 23:57:10 +0000 2017,@AWSSupport Anyway someone can look at my post above?,352313,AWSSupport,Sun Oct 08 12:25:00 +0000 2017,"@191142 Hi, Matt. We've responded to your post, have a look at it here: https://t.co/KKV3rRIJeL 😊 ^ES",352314
352319,199787,Sun Oct 08 19:06:48 +0000 2017,@AWSSupport This article doesn't mention anything about stopping them manually. I didn't see anything in the console either. Do I have to use the CLI?,352321,AWSSupport,Sun Oct 08 19:40:00 +0000 2017,"@199787 Tom, this blog post should help: https://t.co/tg8LjU9xvy If you have any q's, post in our Forums: https://t.co/Bom68TJw1V ^RH",
352320,199787,Sun Oct 08 10:53:03 +0000 2017,@123644 Can you manually stop them?,352318,AWSSupport,Sun Oct 08 12:24:00 +0000 2017,"@199787 Yes you can, Tom. Have a look at this article for confirmation of this: https://t.co/G5BbxcC7zr ^ES",352319
352324,199788,Sun Oct 08 07:52:34 +0000 2017,@123644 I already build app using codestar at 12th Sep but didn't received credit till now. I completed all steps. It was saying 10-12 days.,352323,AWSSupport,Sun Oct 08 12:21:27 +0000 2017,"@199788 Hello, Amit! Please create a case so we can assist you: https://t.co/C3OAKhiLjA ^VR",
352327,199789,Sun Oct 08 07:01:33 +0000 2017,@AWSSupport is there an RSS feed of all AWS product new / enhancement announcements?,352326,AWSSupport,Sun Oct 08 12:14:09 +0000 2017,@199789 You can subscribe via RSS to find out what's new on AWS via this link: https://t.co/74RzSLvp9R ^VR,
368273,203261,Sun Oct 08 20:53:33 +0000 2017,@AWSSupport How long does it take for a Instance Limit Increase? Status still showing as work in progress after 2 hours....,368272,AWSSupport,Sun Oct 08 21:29:00 +0000 2017,"@203261 Hi, James! Your case has been updated, check it out in the Support Center: https://t.co/jANsmDICUz 📧 ^RH",
368275,203262,Sun Oct 08 17:08:11 +0000 2017,"Hello @123644,  if I have amazon Prime unlimited photo storage would it be possible to setup AWS Lamda to populate that database instance?",368274,AWSSupport,Sun Oct 08 20:40:00 +0000 2017,"@203262 Hi, Sean! That's a great Q for our experts &amp; community in our forums. Create a thread for guidance: https://t.co/Np2T7fPUr7 ^RH",
368277,191142,Sun Oct 08 15:32:19 +0000 2017,ok got a new one: how do i configure @10610 to receive emails for all address not configured by @203263 anyone? @AWSSupport?,368276,AWSSupport,Sun Oct 08 20:38:27 +0000 2017,"@191142 Hi, Matt. This doc may be useful: https://t.co/T8yD4NYEn3 Post in our Forums for expert guidance: https://t.co/ympxtHm7aS ^RH",
373910,197728,Sun Oct 08 23:27:21 +0000 2017,"#awswishlist With ""aws s3 sync --delete"" support a ""--interactive"" option that prompts before removing objects. Otherwise scary with prefix",373909,AWSSupport,Sun Oct 08 23:55:00 +0000 2017,"@197728 I've captured your #AWSWishlist &amp; passed it to our S3 team for review. Thanks for the input, Eric! 😊 ^RH",
373912,204620,Sun Oct 08 22:29:28 +0000 2017,"So my @123644 EC2 instance is down since I tried to make a Wordpress post. Internal server error, looks like. No SSH. Weekend wasted. :(",373911,AWSSupport,Sun Oct 08 23:39:28 +0000 2017,"@204620 Sorry for the trouble, Richard! Try this: https://t.co/4fjGbjc3vW &amp; post in our Forums for expert help: https://t.co/JGnq2gWSKn ^RH",
379111,205965,Mon Oct 09 03:57:14 +0000 2017,It would be a pleasure to work on @115821 @123644 one day.,379110,AWSSupport,Mon Oct 09 05:00:39 +0000 2017,"@205965 Hi, André. Maybe that one day could be soon, have a look at the open AWS job posts in your city: https://t.co/q9PaL4J7Ln 😁 ^ES",
381584,206490,Mon Oct 09 01:02:33 +0000 2017,"Hm, looks like #AWS RDS Postgres GP2 storage minimum is increasing from 5GB to 20 GB. Doco still says 5 GB. https://t.co/FrGEqk9CYN https://t.co/X4GHBYzRWN",381583,AWSSupport,Mon Oct 09 06:19:00 +0000 2017,"@206490 Hi, James. Thank you for bringing this to our attention! I have reached out to our RDS documentation team to assist. ^VR",
394832,209554,Mon Oct 09 16:04:28 +0000 2017,@123644 I ain't able to complete my phone verification ...can u have a look??,394831,AWSSupport,Mon Oct 09 17:14:38 +0000 2017,"@209554 Sorry for the trouble, David. Check out this doc for help: https://t.co/ofObjQO2St ^ET",
394834,343783,Fri Oct 13 19:21:34 +0000 2017,"@123644 I have been trying to see how best to use your services,  especially with respect to hosting apps! @123644 @AWSSupport",943821,AWSSupport,Fri Oct 13 22:25:11 +0000 2017,"@343783 Check out these guides: https://t.co/SWMqj0cl8r &amp; post any questions you have along the way, here: https://t.co/NewLiJrQCR 📝 ^TI",
394836,209555,Mon Oct 09 16:01:40 +0000 2017,@15838 @123644 does CloudFront is part of the free tier program ?,394835,AWSSupport,Mon Oct 09 17:03:00 +0000 2017,"@209555 Hi! 50 GB Data Transfer Out and 2,000,000 HTTP &amp; HTTPS Requests of CloudFront is covered by Free Tier: https://t.co/RDaU7YgNH1 ^ET",
394838,209556,Mon Oct 09 15:56:26 +0000 2017,Forgot an EC2 running.. @123644 was kind enough to remind me with a receipt😭😭😭😭😭,394837,AWSSupport,Mon Oct 09 16:30:01 +0000 2017,"@209556 Sorry for the trouble! Mind opening a support case so we can investigate?
 https://t.co/DDg999X3Rl ^ET",
394841,209557,Mon Oct 09 12:19:31 +0000 2017,So @123644: You are still allowing SES spam from sender I reported Friday. Do you actually deal with abuse reports or pipe to /dev/null?,394839,AWSSupport,Mon Oct 09 16:29:00 +0000 2017,"@209557 If you haven't already, please click on the following link and send us more info regarding this: https://t.co/ndDBQ2fpm8 ^ET",394840
394843,209558,Mon Oct 09 13:55:00 +0000 2017,@AWSSupport I'm getting emails for an account I didn't create. Please tell me with whom I can speak. THANK YOU,394842,AWSSupport,Mon Oct 09 16:26:04 +0000 2017,@209558 Please create a support case so we can investigate: https://t.co/jANsmDICUz or contact us here: https://t.co/gkY6CKzy7U ^ET,
394845,209559,Mon Oct 09 10:41:46 +0000 2017,@123644 I registered for the event in Cork but I was not able to attend it. Can you please advise if I can attend the event in Nottingham.,394844,AWSSupport,Mon Oct 09 16:20:00 +0000 2017,@209559 Registration for the AWSome Day event in Nottingham is closed. Please consider attending in Leeds: https://t.co/IVbgGxWwTV ^ES,
401540,210957,Mon Oct 09 17:15:28 +0000 2017,@AWSSupport is there a way to route SNS messages to different SQS based on subject keyword?#AWS,401539,AWSSupport,Mon Oct 09 18:01:00 +0000 2017,"@210957 Our engineers can help, William! 😊 Mind creating a thread so they can assist with the question? https://t.co/dNlvGYsEq3 ^ET",
406560,211897,Mon Oct 09 20:09:34 +0000 2017,@123644 Is there something planned for lambda with node 8 ? 🤔,406559,AWSSupport,Mon Oct 09 20:26:39 +0000 2017,@211897 Hello! I've shared your +1 for this feature with our Lambda team. Thanks for the input! 😊 ^RH,
406563,211899,Mon Oct 09 19:06:11 +0000 2017,Really excited about #PostgreSQL on AWS Aurora. But @123644 @AWSSupport when will it come out of preview?,406562,AWSSupport,Mon Oct 09 20:12:25 +0000 2017,"@211899 Thanks for the interest, Samuel! I've let our service team know you're waiting for this feature. 😄 ^RH",
406563,211899,Mon Oct 09 19:06:11 +0000 2017,Really excited about #PostgreSQL on AWS Aurora. But @123644 @AWSSupport when will it come out of preview?,406564,AWSSupport,Mon Oct 30 20:19:51 +0000 2017,"@211899 Good news, Samuel! Amazon Aurora with PostgreSQL Compatibility is now generally available: https://t.co/JxY3N6jgss 😄🎉^RH",
409292,212590,Mon Oct 09 21:04:26 +0000 2017,Thanks Vineet from @AWSSupport ! #VPN misconfiguration (more likely my late night configuration tuning) is now fixed ! #CustomerObsession,409291,AWSSupport,Mon Oct 09 22:02:00 +0000 2017,"@212590 Happy to hear Vineet helped solve your problem, Nicolas! Thanks for the kind words, I'll be sure to pass this along. 😊 ^RH",
412265,213364,Mon Oct 09 21:04:10 +0000 2017,"@123644 ...How do I Start, Guys ?",412264,AWSSupport,Mon Oct 09 23:37:28 +0000 2017,"@213364 To get started with AWS, create an account: https://t.co/XeKzuKMsE8 This page may be also useful: https://t.co/ilLmhF4vki 😄 ^RH",
413918,213772,Fri Nov 17 15:32:43 +0000 2017,"@AWSSupport Hi guys, quick question :), is there any kind of sandbox to run a local environment to develop my lambda scripts without having to pay for requests to the server every time I have to test?",413917,AWSSupport,Fri Nov 17 18:38:25 +0000 2017,"@213772 Hi, could you post more info on our Forums? It's a great place to get help from our engineers &amp; community https://t.co/oYMT1aCG74 ^KM",
413920,213773,Fri Nov 17 14:18:13 +0000 2017,"@123644 Please tell me,  how to create Free trial AWS account..
I'm supposed to submit my power point presentation to my tutor.",413919,AWSSupport,Fri Nov 17 18:20:33 +0000 2017,"@213773 Hi, Venus. Check out this doc: https://t.co/RC32PlYfw8 You may also find the following info about our Free Tier helpful as well https://t.co/pvrUxNAWlR 😀 ^KM",
413922,213774,Fri Nov 17 14:00:24 +0000 2017,@123644 thanks for adding c5 to EB.  Do you know when it will be available for EMR?,413921,AWSSupport,Fri Nov 17 16:59:28 +0000 2017,"@213774 Thanks for the feedback, Tracy. I've shared your request with our EMR team for consideration. 😀 ^KM",
413924,213775,Fri Nov 17 12:53:41 +0000 2017,@AWSSupport I am using Ubuntu free ec2 machine. I want to configure it with open vpn every works but the connection doesn't establish. I want to ask which we should Use in such case (internal or public). I tried both,413923,AWSSupport,Fri Nov 17 16:29:42 +0000 2017,"@213775 Hi, that is a great question for our engineers. You can contact them by posting your question to our Forums https://t.co/BZYj21kyc8 ^KM",
413926,213776,Fri Nov 17 13:12:15 +0000 2017,"@123644 @AWSSupport we're getting various API errors in eu-central (s3 timeouts, ec2 inconsistent responses, web gui hiccups, ie. it shows deleted resources or timeouts). There's nothing on status page, all green.",413925,AWSSupport,Fri Nov 17 16:26:00 +0000 2017,"@213776 Sorry for the trouble, Marek. Mind providing more info via our Forums so that our engineers can take a look? https://t.co/Gekdyd9Ixj ^KM",
420898,215319,Tue Oct 10 01:00:23 +0000 2017,@123644 is load balancer on US(west) oregon down? All our services are down now,420897,AWSSupport,Tue Oct 10 07:36:31 +0000 2017,@215319 No issues were found on our end. Please contact us through the Support Center if the issues persist: https://t.co/cKEBmh1nxd ^CM,
423942,215923,Tue Oct 10 07:53:05 +0000 2017,"@123644 deducted twice, pl revert,INR 8,948.57 Dr to A/c No XX9684 towards MCTF 03/10 __credit_card__ Amazon web s Val 10-OCT-17.",423941,AWSSupport,Tue Oct 10 09:43:29 +0000 2017,"@215923 Hi there, we'd like to take a look. Please reach out to us via a support case here: https://t.co/cKEBmh1nxd ^CM",
427704,216714,Tue Oct 10 11:13:36 +0000 2017,"Can I get a sales representative from the UK to call me please @123644 
I'm not getting any response on your website...",427703,AWSSupport,Tue Oct 10 12:28:28 +0000 2017,"@216714 We'd like to assist, Rob. Please create a case through our Support Center here: https://t.co/jANsmDICUz ^CM",
427707,216715,Tue Oct 10 11:10:06 +0000 2017,@AWSSupport My phone has completely died. I had my authentication device on it. How can I resync it on a new device or sign in without it?,427705,AWSSupport,Tue Oct 10 12:14:32 +0000 2017,"@216715 Hi, Alex. You may find this Knowledge Center article useful: https://t.co/LiAvLZsCMZ 😊 ^CM",427706
436241,218620,Tue Oct 10 14:44:03 +0000 2017,"@123644 I think this error message goes a little bit too far: ""Failed updating Service : Family contains invalid characters.""",436239,AWSSupport,Tue Oct 10 15:49:00 +0000 2017,"@218620 Thanks for the feedback, Simon. Could you submit more details using our Feedback button on the bottom left of your console? ^JK",436240
439602,219365,Wed Oct 11 06:44:30 +0000 2017,@123644 Do you know when AWS Glue becomes available at 'eu-west-1'?,439601,AWSSupport,Wed Oct 11 09:02:31 +0000 2017,"@219365 We appreciate your interest, Martijn. I've ensured that your request reaches our AWS Glue team. 👍 ^KK",
451288,222014,Thu Nov 30 18:30:39 +0000 2017,@123644 Awesome news but one correction for dev/ops team to make ... @123644 broken documentation link on create environment page.  https://t.co/Y2hPq60JMn … does not exist or broken. Hope this helps. https://t.co/Ex2daO67fI,451287,AWSSupport,Thu Nov 30 20:18:00 +0000 2017,@222014 Thanks for providing me this information! I've passed it on internally to be looked into. 👍 ^ET,
451291,222015,Thu Nov 30 18:20:30 +0000 2017,"@131019 hey guys, do you guys have a web page with all new announcements from this year's re:invent?",451290,AWSSupport,Thu Nov 30 20:16:51 +0000 2017,"@222015 Hi, Matt! Check ✔️ out all announcements here: https://t.co/DR7Oq4KMXa The newest announcements can be found under the section “Most Recent Announcements from AWS"" ^ET",
461113,224561,Thu Nov 30 22:41:26 +0000 2017,@123644 Super excited about all the cool stuff being announced at #reinvent.  How about providing a simple consolidated view of all resources provisioned across regions in an account?,461111,AWSSupport,Fri Dec 01 01:13:28 +0000 2017,"@224561 Thanks for the +1, Prakash! I've passed this along internally, so our Console team knows what you're hoping for in the future. 🔮 ^TI",461112
461115,224562,Thu Nov 30 23:44:17 +0000 2017,@123644 is there any way to delete an Amazon MQ configuration? Asking for a friend.,461114,AWSSupport,Fri Dec 01 01:13:00 +0000 2017,@224562 This should point you in the right direction 👉 https://t.co/gQfW9x08sQ &amp; feel free to reach out on our forums for further help: https://t.co/SUvexbtoAY ^TI,
461117,224563,Thu Nov 30 22:44:21 +0000 2017,@AWSSupport does AWS accepts debit card for payment?,461116,AWSSupport,Fri Dec 01 01:12:30 +0000 2017,@224563 Here's more info on our accepted payment methods: https://t.co/UIQiwrQGyi You can reach out to us here for further questions: https://t.co/4UH28ghVYV 😁 ^TI,
461120,224564,Thu Nov 30 22:02:06 +0000 2017,@123644 Still missing gpu support on lambda :/ #awswishlist,461118,AWSSupport,Fri Dec 01 01:11:41 +0000 2017,"@224564 Not to worry, Rui! I've passed your request on internally to the Lambda team for review. ✉️ ^TI",461119
461124,224565,Thu Nov 30 21:37:56 +0000 2017,@123644 You have a bug in your validation for email fields on CloudWatch.  Should allow @ sign. https://t.co/QFk2bEWT1T,461122,AWSSupport,Fri Dec 01 00:34:00 +0000 2017,"@224565 Thanks for letting me know, Brian. I've passed this along to our CloudWatch team for a second look. 👓 ^TI",461123
461128,224566,Thu Nov 30 22:41:03 +0000 2017,"@123644 Our site https://t.co/jeFItU4Iwr is down and we can't figure out why, can you help?",461127,AWSSupport,Fri Dec 01 00:30:00 +0000 2017,"@224566 Sorry to hear it, James! Here are my best recommendations for finding assistance with your resources: https://t.co/MlmH0CnWP5 ^TI",
494796,233006,Thu Nov 30 19:02:26 +0000 2017,@131019 who is the entertainment at rePlay?,494795,AWSSupport,Fri Dec 01 17:35:31 +0000 2017,"@233006 Last night's entertainment featured @22684 @22685 &amp; @233007! Hope you enjoyed the show, &amp; the rest of re:Play's activities! 🎶️⚽️🎉 ^TI",
494798,233008,Fri Dec 01 15:45:40 +0000 2017,"@123644 is the Official CSA study guide (Ed 1, published Fall 2016) the current edition? #AWS",494797,AWSSupport,Fri Dec 01 17:22:35 +0000 2017,"@233008 That's a great question for our Training and Certification team, Matt. You can contact them here: https://t.co/HI9387jwQg ^KM",
494800,233009,Fri Dec 01 13:23:13 +0000 2017,"@123644 Also, @123644, a service should not be released into production until it is supported by both CloudFormation and the IAM policy editor https://t.co/lBw5RDGjxQ",494799,AWSSupport,Fri Dec 01 16:56:27 +0000 2017,"@233009 Hi, Vince. We're always trying to improve our user experience &amp; appreciate the feedback. I've forwarded your request to our GuardDuty team for review. ^KM",
507290,236439,Fri Dec 01 18:11:42 +0000 2017,@123644 I’m new to @3107 . Want to know how much it costs for me to use AWS for personal education purpose.,507288,AWSSupport,Fri Dec 01 20:08:06 +0000 2017,"@236439 You may find the following page helpful, Neil: https://t.co/1Rpbw2h0Z1 Also, you may be interested in our Free Tier offering: https://t.co/Td3KGAizXA. 📝 For direct assistance, you can contact us here: https://t.co/jANsmDICUz ^KM",507289
507293,236440,Fri Dec 01 17:20:54 +0000 2017,I have a static website in s3 using R53 to route traffic. How can I monitor the traffic using my aws console? @123644 @3107,507291,AWSSupport,Fri Dec 01 19:30:00 +0000 2017,"@236440 Hi, Davin. Check out this doc about CloudTrail: https://t.co/UEuH65OnOg. For additional assistance, you can contact our engineers via our forums: https://t.co/L5lmgiFJC6 ^KM",507292
507295,119474,Fri Dec 01 16:35:44 +0000 2017,"Hmm, feedback on the new @123644 #GuardDuty console appears broken (the ""Tell us more"" link) https://t.co/SVDsqGG6qV",507294,AWSSupport,Fri Dec 01 18:11:29 +0000 2017,"@119474 Sorry for the trouble, Chris. I'm not finding the error. Could you be more specific about what link or button led you to this error message? The Feedback button in the lower left of the console would work too, if that's not where the issue exists. ^KM",
517528,239338,Fri Dec 01 21:05:25 +0000 2017,"Dear @123644, could you make the elastic beanstalk IIS/.NET platform automatically log the x-forwarded-for header since most of us using beanstalk are using load balancing?",517527,AWSSupport,Sat Dec 02 01:15:00 +0000 2017,"@239338 I've passed this along internally to our Elastic Beanstalk team. I appreciate the feedback, Brandon! 😊 ^TI",
517530,239339,Fri Dec 01 19:52:16 +0000 2017,@123644 you are ruining my December. Why did you have to lock in the country for billing without giving sufficient notice. Now i cannot change country and i am being charged in a foreign country,517529,AWSSupport,Sat Dec 02 00:08:31 +0000 2017,"@239339 I'm so sorry for the trouble, Vivek! Please create a case with more information here, so our agents can assist: https://t.co/HEcYhyfh6o 👓 ^TI",
517532,239340,Fri Dec 01 22:44:46 +0000 2017,"@AWSSupport having an issue....under recently accessed services, it all appears empty...... https://t.co/NHMybNut3y",517531,AWSSupport,Sat Dec 02 00:02:00 +0000 2017,"@239340 Sorry to hear it! Try clearing your cache &amp; cookies, or using a different browser. If the issue persists, post any relevant details here so we can look into it: https://t.co/VKSzen14kd 🔍 ^TI",
517535,239341,Fri Dec 01 23:18:02 +0000 2017,@AWSSupport Do you have a date for when the AWS Alexa skill will be available on UK devices? 🤔I'm quite interested,517533,AWSSupport,Fri Dec 01 23:49:33 +0000 2017,"@239341 Thanks for the +1, Mike! I've passed that along internally for consideration. ^TI",517534
517537,239342,Fri Dec 01 20:26:14 +0000 2017,"@123644 OMG!  This looks really good, ... someday I'd love to go to one!    Are there recordings/VODs of the panels?",517536,AWSSupport,Fri Dec 01 23:28:00 +0000 2017,@239342 Check out the videos uploaded to our Twitch: https://t.co/rONSnJozm7 &amp; our YouTube channel: https://t.co/3LxtSEO4H0 📹📺 ^TI,
517541,224565,Fri Dec 01 23:06:05 +0000 2017,"@123644 When I send a support request, I get a response over email from a no-reply address, Why is this?  Shouldn't it just go back to the support thread using some token?  I can set that up for you, if you need it? #AboveAndBeyond ? https://t.co/MVUZUKUAre",517539,AWSSupport,Fri Dec 01 23:22:00 +0000 2017,"@224565 Hi Brian, you can reply to the case &amp; communicate with us directly via the Support Center: https://t.co/v7umPJodPM ✉️ ^TI",517540
517543,239343,Fri Dec 01 18:04:16 +0000 2017,@AWSSupport I am having trouble downloading Chime recordings- can you help??,517542,AWSSupport,Fri Dec 01 22:41:31 +0000 2017,"@239343 Hi, Kirstin. Here's what information to report to Chime so they can assist you directly: https://t.co/bGwPxmwrxR ^KM",
529808,242696,Sat Dec 02 01:08:07 +0000 2017,"@AWSSupport Love the caching support in CodeBuild, but why can't I specify Caching when my input source is CodePipeline. Only works with S3 or git repos.",529807,AWSSupport,Sat Dec 02 09:16:28 +0000 2017,"@242696 Hi, Graham. Please don't hesitate to reach out to us with more info on our Forum here: https://t.co/EYFFWz1qa4 ^CM",
529810,242697,Sat Dec 02 03:40:30 +0000 2017,I'm rooting hard for @23559. Tried setting up through @123644 this evening but can no longer connect to my environment. So sad.,529809,AWSSupport,Sat Dec 02 09:04:51 +0000 2017,"@242697 Hello, Zach. Please feel free to post more info on our Forum should you require further assistance: https://t.co/EYFFWz1qa4 😊 ^CM",
529812,242698,Sat Dec 02 05:12:00 +0000 2017,"@123644 LOVE you guys but having a CC required for set up makes it difficult to use at our ""Learn to Code"" workshops. ppl are hesitant to give that up when they are testing the waters of technology. is there an edu version we can use that would skip that part for students?",529811,AWSSupport,Sat Dec 02 08:57:00 +0000 2017,"@242698 Hello, no credit card is needed when registering for an AWS Educate Starter Account. For more info, please see our FAQ page here: https://t.co/LJmOK6p4yu ^CM",
529815,242699,Sat Dec 02 05:08:29 +0000 2017,@123644 WHY can't i watch the keynote videos on https://t.co/HINBnYSeTe,529813,AWSSupport,Sat Dec 02 08:51:00 +0000 2017,"@242699 Hi, the keynote session recordings are available on our YouTube channel here: https://t.co/knEFPn9w8b 👍 ^CM",529814
556906,250041,Sat Dec 02 12:15:33 +0000 2017,"@AWSSupport Can you confirm that when my solutions architect associate has expired after 2 years, I can still renew with pro for the next year? In that extra year I am not restricted to the associate to renew?",556904,AWSSupport,Sat Dec 02 18:06:32 +0000 2017,"@250041 Hi, Michelle. For certification related questions, you can contact our Training &amp; Certification team &amp; they will assist you directly: https://t.co/tQdGVM5eYJ ^KM",556905
566188,252716,Sat Dec 02 19:03:59 +0000 2017,@123644 I've got a suggestion for Amazon Connect.  When you answer a call it replaces the button area with a end call button.  If you accidentally double click you can hang up on the caller. Place the end call button outside the same area as answer call.,566187,AWSSupport,Sun Dec 03 00:20:06 +0000 2017,"@252716 We're always interested in improving our UX, so thank you for letting me know, Jamie! I've let our Connect team know. 😁 ^TI",
566195,252719,Sat Dec 02 21:07:16 +0000 2017,@123644 Is it available now?,566194,AWSSupport,Sun Dec 03 00:20:36 +0000 2017,@252719 Here's more info about the current availability for AWS Glue: https://t.co/DgbMn464Uj 😊 ^TI,
566197,261733,Sun Dec 03 17:46:56 +0000 2017,@123644 I am storing MS-Excel files in S3. Can I use Glue to extract data from those files and load it to a RDS table?,597824,AWSSupport,Sun Dec 03 19:27:00 +0000 2017,"@261733 Hi, Rajiv. This documentation may be useful: https://t.co/myUEpLqYLp For guidance from our experts &amp; community, post in our Forums: https://t.co/2twftGdP9M ^RH",
566199,237891,Sat Dec 02 13:22:39 +0000 2017,"you cant delete #Fargate clusters… wth
Cc @AWSSupport",566198,AWSSupport,Sat Dec 02 22:23:30 +0000 2017,"@237891 I'd like to help, but need more info. You can reach out with more details via our ECS forum, where our experts &amp; community can take a look: https://t.co/PGxrLEV83Q ^KM",
588535,259101,Sun Dec 03 14:26:15 +0000 2017,"@123644 A good portion of spam emails I receive, seem to be from companies that according to the website Spamcop are hosted by Amazon AWS , could you please tell me the best person to contact within Amazon AWS  to help with this issue.",588534,AWSSupport,Sun Dec 03 15:52:35 +0000 2017,"@259101 Hello, please use the following link to report this: https://t.co/P1H0UScMxp ^MD",
588538,259102,Sun Dec 03 13:35:05 +0000 2017,How much do you think it will cost me to use a free tier server to spawn several micro servers expected to run for about 20 minutes before I terminate them @123644,588536,AWSSupport,Sun Dec 03 13:49:37 +0000 2017,@259102 AWS Free Tier includes 750 hours of Linux and Windows t2.micro instances each month. You can estimate cost based on additional usage using our Simple Monthly Calculator: https://t.co/DUJWngUu2T. Learn more about our Free Tier here: https://t.co/2r2ppQB06V ^MD,588537
588540,259103,Sun Dec 03 12:30:27 +0000 2017,@AWSSupport i was charged for ec2 more than expected and after minusing credit available there is some amount due for payment. Can i top up the credit voucher i have and pay the outstanding using the credit?,588539,AWSSupport,Sun Dec 03 13:42:53 +0000 2017,"@259103 Once a bill is finalized, credits can no longer be applied to an outstanding balance: https://t.co/OHQItCssdB. Please open a support case here: https://t.co/417vcRYX13 so we can take a look. ^MD",
588542,163348,Sun Dec 03 04:47:00 +0000 2017,"I spent an evening fighting with Amazon @123644 networking, VPCs, subnets, route tables, gateways, network ACLs and security groups. And it still doesn't work. What a mess.",588541,AWSSupport,Sun Dec 03 13:34:00 +0000 2017,"@163348 Hi, Geoff. For your reference, check out this doc! https://t.co/bz5WC26zEH Our Knowledge Center may be helpful too: https://t.co/B6ZB0jYedz For further guidance, please provide more details about this on our EC2 Forum here: https://t.co/wdMDKcZA6U ^KK",
588544,259104,Sun Dec 03 10:14:14 +0000 2017,"#awswishlist Would love a way to move an S3 bucket from one region to another, without briefly giving up the globally unique name while I copy from a temp bucket. #aws",588543,AWSSupport,Sun Dec 03 13:32:25 +0000 2017,"@259104 Thanks, Aaron! We're always trying to improve our services &amp; appreciate the feedback. I've sent your request to our S3 team for review. 👍^KK",
588546,259105,Sun Dec 03 09:24:33 +0000 2017,@123644 😭 https://t.co/pxGqjQgkHx,588545,AWSSupport,Sun Dec 03 13:00:07 +0000 2017,"@259105 We hear you, Dhi!. I've captured your feature request &amp; shared it internally to be reviewed. Thanks for the input! 😊 ^KK",
597823,261732,Sun Dec 03 19:25:57 +0000 2017,"@AWSSupport  Hi I took access to Amazon S3.  I got a mail stating that my account has been compromised,  I got a bill of 1610$ for using EC2. Can you please look into it.",597822,AWSSupport,Sun Dec 03 19:54:05 +0000 2017,"@261732 Sorry to hear that, Ajantha! This article will walk you through what to do: https://t.co/UQNWeMpTkB ^RH",
597826,261734,Sun Dec 03 17:37:46 +0000 2017,@AWSSupport please provide ETA for fargate support in Java SDK,597825,AWSSupport,Sun Dec 03 19:25:52 +0000 2017,"@261734 Hi, Koshkin. I've shared your interest in this feature with our Fargate team for review, thanks for the input! 😊 ^RH",
606030,264039,Wed Nov 22 02:54:55 +0000 2017,"you know what I want, @123644? 
A decoder ring for which `api:action` goes along with an API call so that I can get my iam statements right without having to run my code 1000 times to get the least privilege needed in a role.",606029,AWSSupport,Wed Nov 22 09:15:29 +0000 2017,@264039 We're always trying to improve our services &amp; appreciate the feedback. I've sent your request to our service team for review. 😊 ^KK,
606035,264041,Wed Nov 22 00:27:53 +0000 2017,@123644 is 62k email free available when we use it from light sail? https://t.co/f7UV714YMi,606033,AWSSupport,Wed Nov 22 08:03:01 +0000 2017,"@264041 Amazon Lightsail isn't eligible for this free tier, Harisankar. You may find the following link helpful: https://t.co/hj6XPTg7i1. For more info, refer to the Amazon Lightsail FAQ here: https://t.co/WvZJvbf0Lo ^KK",606034
606038,264042,Wed Nov 22 03:53:04 +0000 2017,"@123644 I want an AWS job offer in the coming next year, can you help me with that?",606036,AWSSupport,Wed Nov 22 07:01:00 +0000 2017,"@264042 You're in luck, because we're hiring! Have a look at our open positions for one that best suits you here: https://t.co/MKoj5Y5cX5 😊 ^ES",606037
611809,265478,Wed Sep 27 22:43:23 +0000 2017,"@123644 FYI, 404 links on the X-ray FAQ page. Anchor links do not need full url. Should be &lt;a href=“#xray”&gt;",611808,AWSSupport,Wed Sep 27 22:58:27 +0000 2017,"@265478 Thanks for letting us know, Sean! I've shared this internally so a fix can be made. 🛠 ^RH",
612283,265606,Fri Sep 29 13:14:57 +0000 2017,@AmazonHelp @123644 Please do an update for the Alexa app so were able 2 make and receive phone &amp; texts! @115833 @251781 #please,612282,AWSSupport,Fri Sep 29 19:05:00 +0000 2017,"@265606 Hi, please post more details about what you'd like to see here! https://t.co/hW8BXxUJ2A ^JK",
623826,268076,Wed Nov 22 14:38:14 +0000 2017,@123644 I'm getting charged by you and I haven't got an account. Can't get a reply to a call either.,623823,AWSSupport,Wed Nov 22 16:36:00 +0000 2017,"@268076 Sorry for the trouble, Richard. If you haven't already, please fill out this form &amp; someone will assist you directly: https://t.co/69XbbwG4sf ^KM","623824,623825"
623828,264070,Wed Nov 22 10:57:19 +0000 2017,"@AWSSupport I'm having trouble with ""Phone Verification"" to create a new account, the message says to ask for help in the support area that need to be logged in to do it. Is there a way to get support to create an account when you don't already have an account? I'm from Brazil",623827,AWSSupport,Wed Nov 22 11:33:27 +0000 2017,@264070 You're still able to open a support case even if your account isn't phone verified. Please open a case after trying the suggestions here: https://t.co/bxiWZfn4eD ^ES,
624002,160703,Fri Sep 29 17:16:06 +0000 2017,hola @AWSSupport will codestar created project behave like cloudformation? https://t.co/nf2XjGNKPZ,624000,AWSSupport,Fri Sep 29 19:08:54 +0000 2017,"@160703 Hi, Danny, this doc may help answer your question: https://t.co/KoCm3NqHOc ^JK",624001
626634,266715,Wed Oct 04 22:30:45 +0000 2017,@123644 What does this mean? Q. Can I have multiple authentication devices active for my AWS account?  https://t.co/RPDQvaOQVI,626635,AWSSupport,Wed Oct 04 23:15:28 +0000 2017,"@266715 Each account user (IAMs &amp; root) can have an authentication device, so there may be multiple devices active for 1 account. (1/2)",
626634,266715,Wed Oct 04 22:30:45 +0000 2017,@123644 What does this mean? Q. Can I have multiple authentication devices active for my AWS account?  https://t.co/RPDQvaOQVI,626633,AWSSupport,Wed Oct 04 23:15:28 +0000 2017,"@266715 This forum post may be useful: https://t.co/Z031sETiFl For help, create a support case: https://t.co/jANsmDICUz (2/2) ^RH",
65603,131016,Thu Nov 30 02:54:10 +0000 2017,"@123644 Howdy! I'm from Rowan University and I was wondering how I could get in touch about sponsoring our hackathon, @3753 . 🦉💻",65602,AWSSupport,Thu Nov 30 07:35:00 +0000 2017,"@131016 Hi, Michael. Please feel free to reach out to our sponsorship team for any general questions: __email__ ^CM",
65606,131017,Thu Nov 30 03:48:08 +0000 2017,"@123644 It would be really cool if we could use spot instances, that instead of being cut off, automatically increase their cost up until they are just running at standard EC2 pricing (or a configurable maximum bid)",65604,AWSSupport,Thu Nov 30 07:31:57 +0000 2017,"@131017 Hi, Glenn. Thanks for sharing your idea with us! I've ensured that your request gets passed along to our EC2 team for review. 👍 ^CM",65605
65609,131018,Thu Nov 30 01:30:16 +0000 2017,@131019 whares the keynote reply,65608,AWSSupport,Thu Nov 30 07:30:26 +0000 2017,"@131018 Hi there, Steven. Werner Vogels keynote will be held at the MGM Grand at 8:30AM. More info can be found on the agenda here: https://t.co/4t2mBBvfU3 ^CM",
65611,131020,Thu Nov 30 04:55:02 +0000 2017,Anyone know when the expo hall opens tomorrow? @131019 #AWSreInvent,65610,AWSSupport,Thu Nov 30 07:27:00 +0000 2017,"@131020 Hi, Nathan! Whenever you have a free moment, please head over to a help desk for assistance! ^KK",
65613,131021,Thu Nov 30 01:48:11 +0000 2017,@131019. Does anyone know where can I find the recorded session ?,65612,AWSSupport,Thu Nov 30 07:24:27 +0000 2017,"@131021 Hi, Avishekh. The session recordings will be made available on our YouTube channel: https://t.co/hEMWq7o8Zb ^CM",
670395,279916,Thu Oct 05 10:57:32 +0000 2017,"@123644 don't answer emails for MFA support, soooo... frustrating!",670393,AWSSupport,Thu Oct 05 14:39:00 +0000 2017,"@279916 Hi, Scott. Our MFA team has sent you an email. Please have a look at it for further assistance. ^ES",670394
670397,279917,Thu Oct 05 10:25:30 +0000 2017,@123644 My EC2 instance is not working correctly : there is no outgoing connection ! Even a simple ping isn't working ...,670396,AWSSupport,Thu Oct 05 11:43:00 +0000 2017,"@279917 Hi, Thomas. Have a look at our Knowledge Center article which can help to troubleshoot this issue: https://t.co/yOsoBPpDCV ^ES",
671200,280124,Wed Nov 22 19:42:29 +0000 2017,@123644 Awesome !! ... but when will this be available within CloudFormation ?,671199,AWSSupport,Wed Nov 22 21:00:56 +0000 2017,"@280124 Hi, Christian! I've let our CloudFormation team know you're looking for this feature, thanks for the input! 😄👍 ^RH",
671203,280125,Wed Nov 22 19:00:29 +0000 2017,The fact that @123644 still doesn't let you renew Reserved Instances at the end of their term is baffling.,671202,AWSSupport,Wed Nov 22 20:50:30 +0000 2017,"@280125 We appreciate your input, Brad. I've forwarded your request to our EC2 team for review. ^KM",
671205,280126,Wed Nov 22 15:01:02 +0000 2017,@123644 The China website (https://t.co/jEb29lSA2I) seems to have been down since yesterday - at least for me in the UK - no external resources loading. When will this be restored? I need to create a new account. Thanks.,671204,AWSSupport,Wed Nov 22 20:29:00 +0000 2017,"@280126 Hi, Jamie! If you haven't already, clear your browser cache/cookies or use a different browser. If no luck, try the following steps mentioned here: https://t.co/I2I8HgcOgA. If still an issue, please contact us via https://t.co/15ZHwAoXe6 ^KM",
671207,280127,Wed Nov 22 14:22:27 +0000 2017,"@123644 @AWSSupport Hello, I have a $7 bill and another $4 bill over the last two months at #AWS while I'm not using your services. How is it possible?",671206,AWSSupport,Wed Nov 22 20:27:00 +0000 2017,"@280127 Hi Maxence, I’m sorry for the trouble! You may find the following doc helpful: https://t.co/gZmQZyK8Y3. For additional help, please create a case through our Support Center &amp; one of our agents will assist: https://t.co/jANsmDICUz 😊 ^KM",
676605,281389,Thu Oct 05 14:11:29 +0000 2017,@123644 I want to set up an S3 bucket and run rekognition... Can this be done from a chromebook?,676603,AWSSupport,Thu Oct 05 15:34:26 +0000 2017,"@281389 This info may help, Dustin: https://t.co/NhjgLWLTOO For more guidance, create a forum thread: https://t.co/zYDZZITSrU ^ET",676604
687758,194669,Thu Nov 23 04:14:26 +0000 2017,"@AWSSupport I had raised an issue 7 months back to support easy authentication using golang. Any updates from the service team on this?
https://t.co/cIocJrTNPX",687756,AWSSupport,Thu Nov 23 08:29:00 +0000 2017,"@194669 Hi, Alwin, we don't have any update on this feature at this time. I have shared your inquiry for this requested feature with our service team 👍 ^KK",687757
702900,218752,Tue Oct 10 17:13:07 +0000 2017,@123644 Having troubles connecting to my windows E2C Instance using Windows RDP,702899,AWSSupport,Tue Oct 10 18:32:00 +0000 2017,"@218752 Hi, you may want to see the following doc for more info: https://t.co/21sPbXACtx For more Q's, please visit our forums ^JK",
702903,287894,Tue Oct 10 17:39:14 +0000 2017,"did you know that @123644 RDS (aurora) does not log access errors, even with all logs enabled? well, now you know.",702901,AWSSupport,Tue Oct 10 18:22:14 +0000 2017,@287894 We'd like to help. You can use our Feedback button on the bottom left of the console to provide more info https://t.co/Mr23q48SE9 ^JK,702902
702914,287898,Tue Oct 10 16:43:07 +0000 2017,@123644 Why can't everything in the AWS console provide the ARN? It would make building and testing permissions so much easier.,702912,AWSSupport,Tue Oct 10 17:07:36 +0000 2017,"@287898 Paul, you may find the following doc helpful: https://t.co/oGvRq7j4jA For more Q's, please visit our forums ^JK",702913
702917,287899,Tue Oct 10 16:29:46 +0000 2017,"Dear @123644, please give me more #ECS #CloudWatch metrics such as per-container CPU&amp;Memory utilization, thanks.

Sincerely yours, Miguel.",702915,AWSSupport,Tue Oct 10 17:02:27 +0000 2017,"@287899 Hi, we appreciate your feedback as we're always trying to improve our services. I've sent it over to the CloudWatch team. ^JK",702916
706189,288850,Sat Oct 14 15:40:46 +0000 2017,"@123644 Got an EC2 instance w/ Windows Server, installed node + express. Trying to send GET request but not working. Doesn't get response.",706188,AWSSupport,Sat Oct 14 17:36:32 +0000 2017,"@288850 Hi, check out this page: https://t.co/ZjvyW21CpD. For additional help, please post more info here: https://t.co/fMv7C9lotx ^KM",
710581,135254,Wed Sep 20 11:44:22 +0000 2017,Dear @AWSSupport I know you're busy making $$$ with AWS but PLEASE take  time to invest in UI design &amp;fix the repeated inconsistencies https://t.co/VtqDBIfXwT,710579,AWSSupport,Tue Oct 10 20:47:00 +0000 2017,@135254 Our VPC team is interested in your use case. Mind posting more info to our Forums &amp; sending me the URL? https://t.co/2zk3chBhMk ^KM,710580
710583,289922,Tue Oct 10 18:59:24 +0000 2017,Hey @123644 why can't i just get a canonical user ID by the aws cli-tools as an admin? I really need to login with the new user? #s3,710582,AWSSupport,Tue Oct 10 19:30:00 +0000 2017,"@289922 Christian, you may want to try: https://t.co/tYx8Bhu1LL For more Q's, please post in our forums: https://t.co/xSDFcFwd3t ^JK",
710586,289923,Tue Oct 10 18:13:08 +0000 2017,Looks like the DAX JavaScript client is available on npm as amazon-dax-client https://t.co/4JJwzWMeT7. @AWSSupport are there any usage docs?,710584,AWSSupport,Tue Oct 10 19:16:36 +0000 2017,"@289923 Peter, these may help https://t.co/d6jhBjqFFT &amp; https://t.co/DFP8QcAQ68 For more Q's, please see https://t.co/BEHmyhbdTB ^JK",710585
718015,291932,Tue Oct 10 22:38:28 +0000 2017,@123644 Since January the changes on Amazon website really affected my accounts. My accounts have fake reports. I don't know why?,718013,AWSSupport,Tue Oct 10 23:35:30 +0000 2017,"@291932 I'd like to help, but need more info. For AWS help: https://t.co/U23gfID3Ql Or, reach out here: https://t.co/xpAFUzogiM ^TI",718014
718019,218604,Tue Oct 10 22:32:34 +0000 2017,"@AWSSupport Hi, could you please help me with this question: https://t.co/bWHMjhKX0L? #cognito #lambda #serverless",718017,AWSSupport,Tue Oct 10 23:22:26 +0000 2017,@218604 Can you post those details on our Cognito forum so our experts &amp; community can take a look? https://t.co/tLZzRFUb6s 🤓 ^TI,718018
718020,218604,Thu Oct 12 06:24:23 +0000 2017,@AWSSupport Still unresolved :(,718021,AWSSupport,Thu Oct 12 14:44:00 +0000 2017,"@218604 Hi, we've responded to your Forum query and will continue to assist you via the post. ^ES",718022
718024,291933,Wed Oct 11 06:57:37 +0000 2017,@AWSSupport Sure about that? How would I proceed here? I'd say that's a technical issue... https://t.co/yfFFmby0J9,718026,AWSSupport,Wed Oct 11 10:25:56 +0000 2017,@291933 Our Account and Billing Support team can help but feel free to complete this form: https://t.co/zVHEfy4SNk 📝 ^KK,718027
718025,291933,Tue Oct 10 21:37:52 +0000 2017,@123644 (Apes and stupid sunglasses for anonymity) https://t.co/hFwmUGKvNQ,718023,AWSSupport,Tue Oct 10 23:01:43 +0000 2017,"@291933 Go ahead &amp; create a Basic Support case, here: https://t.co/1zG4tAduh7 One of our agents will look into it for you! 😎 ^TI",718024
737887,296475,Wed Oct 11 08:33:29 +0000 2017,Hi  @123644 ! what is the best aws pointing area for a site located at the island of reunion ? thanks #aws3,737886,AWSSupport,Wed Oct 11 10:43:33 +0000 2017,"@296475 Check out this doc: https://t.co/RaU6Y1odMt For guidance, please post in our EC2 Forum: https://t.co/dWUc8vR4jw ^KK",
739317,296819,Fri Oct 06 20:16:20 +0000 2017,The @AWSSupport is awesome! Thanks for solve my problems easily 🙂,739316,AWSSupport,Fri Oct 06 20:40:00 +0000 2017,"@296819 Helping awesome people like you is the best part of our day. Thank you for the kind words, Rubén! 😍 ^TI",
748568,298954,Wed Oct 11 16:04:46 +0000 2017,"@123644 Oh! Is there place we can see it in the record?
Absolutely love Chalice!",748566,AWSSupport,Wed Oct 11 16:43:38 +0000 2017,"@298954 That's a great question for our Marketing team, Ivan! You can contact them via __email__. ^KM",748567
748571,160651,Wed Oct 11 14:33:51 +0000 2017,"@AWSSupport Hey, you planning to add support for 2FA in Amazon WorkMail?",748570,AWSSupport,Wed Oct 11 16:17:31 +0000 2017,"@160651 Hi, I've forwarded your feature request on to our service team to be reviewed. Thanks for the input! ^KM",
748573,298955,Wed Oct 11 13:00:54 +0000 2017,Hey @123644 are you working on any high level query languages? Something on top of Lambda would be interesting.,748572,AWSSupport,Wed Oct 11 14:50:32 +0000 2017,"@298955 Thanks for the feedback, Asim. Mind providing more details for our engineers? https://t.co/XbXLDl5Jxc ^KM",
753428,300072,Wed Oct 11 12:25:54 +0000 2017,"The label says ""percent"", but it's actually the success ratio. And why does the y-axis go to 2? Details. @123644 #kinesis https://t.co/YmATZoVY4j",753427,AWSSupport,Wed Oct 11 14:33:32 +0000 2017,"@300072 Thanks for the feedback, Austin. I've forwarded it to our Kinesis team for review. ^KM",
760371,301681,Wed Oct 11 17:38:08 +0000 2017,"@AWSSupport I’ve received a pretty convincing phishing email regarding changes to AWS logins because of a hack, where can I report it?",760370,AWSSupport,Wed Oct 11 19:37:28 +0000 2017,"@301681 Hi, you can check out the following page for more info: https://t.co/8sFfZ1Dro6 ^KM",
760373,160782,Wed Oct 11 15:46:42 +0000 2017,@AWSSupport Hey! Is it supported to concat params in #APIGateway header response integration mapping?,760372,AWSSupport,Wed Oct 11 19:27:03 +0000 2017,"@160782 Hi, Eric. It's not supported, but check out this doc: https://t.co/ViUDKDdB7N. ^KM",
760374,160782,Wed Oct 11 19:24:22 +0000 2017,@AWSSupport An expression language would be awesome instead of a simple property mapping :) /cc @AWSSupport,766857,AWSSupport,Wed Oct 11 20:14:00 +0000 2017,"@160782 Thanks for the input, Eric! I've shared your feedback with our API Gateway team for review. 😄 ^RH",
760376,301682,Wed Oct 11 17:18:31 +0000 2017,I really wish @123644 codebuild will support multi stage docker builds soon. **Trying to find the least bad workaround**,760375,AWSSupport,Wed Oct 11 18:27:50 +0000 2017,"@301682 Hi, we're always trying to improve our services &amp; appreciate the feedback. I've sent your request to our CodeBuild team. ^KM",
760381,301684,Wed Oct 11 15:59:46 +0000 2017,"@123644 Cant use ""Run a command"" now. I select multiple instances and click Run and then it does not seem to save. Used it fine for ages!",760380,AWSSupport,Wed Oct 11 17:54:57 +0000 2017,"@301684 Hi, sorry for the trouble. Mind providing more info via our Forums and sending me the URL? https://t.co/oG130dlwNN ^KM",
766853,303273,Wed Oct 11 19:04:21 +0000 2017,@123644 When will @15838 be GDPR ready? Will we be able to select an EU region only?,766852,AWSSupport,Wed Oct 11 21:16:29 +0000 2017,"@303273 For service-specific info, see the GDPR tab: https://t.co/4ddbRIiiI9 For Q's, fill out this form: https://t.co/IS77jN9Txn 💻 ^RH",
766856,303274,Wed Oct 11 18:43:54 +0000 2017,@123644 Any chance you'll be adding support for the creation of custom voices for AWL Lex / Polly?,766855,AWSSupport,Wed Oct 11 20:51:39 +0000 2017,"@303274 Hi, I've forwarded your feature request to our Lex team for review. Thanks for the feedback!  ^KM",
766860,132047,Wed Oct 11 19:29:51 +0000 2017,@123644 it takes too long for resources to be deleted! Created an S3 bucket in the wrong region and now I'm sitting here paying for it :/,766858,AWSSupport,Wed Oct 11 20:12:00 +0000 2017,"@132047 This article may help: https://t.co/mvOX48ultU Or, create a support case so we can take a look 👀 https://t.co/jANsmDICUz ^RH",766859
780544,306367,Thu Oct 12 00:28:47 +0000 2017,"@123644 your forums don't allow new TLDs like .technology or .ninja for signups, though the main site does? That makes me so sad.",780543,AWSSupport,Thu Oct 12 05:33:29 +0000 2017,@306367 Thank you for bringing this to our attention. I've shared your feedback with our Forums team. ^ES,
780547,306368,Tue Oct 10 01:34:24 +0000 2017,@123644 Keen to go but will be travelling - any chance the videos will be uploaded to youtube so I can watch them later?,780545,AWSSupport,Thu Oct 12 05:30:32 +0000 2017,"@306368 Please complete the form: https://t.co/2oVGoGuIrg. Once completed, you will have access to the Virtual AWSome Day sessions ^KK",780546
784939,306367,Thu Oct 12 13:20:27 +0000 2017,@AWSSupport That is the problem. It seems redundant to put a complete hold on posting to the forum. Would a post frequency limit not make more sense?,784941,AWSSupport,Thu Oct 12 14:26:37 +0000 2017,@306367 Sorry for the trouble. The number of messages an account can post does steadily increase over time https://t.co/EnORTSZf8k ^ET,
784940,306367,Thu Oct 12 00:30:15 +0000 2017,"@123644 I can't post to the forums as a few user, even though you already confirmed my identity with a credit card transaction? so sad.",784938,AWSSupport,Thu Oct 12 06:47:00 +0000 2017,"@306367 We'd like to ensure you're able to post, please view the following article for more info: https://t.co/BkWVdv1DDj ^ES",784939
788168,246955,Thu Oct 12 02:05:22 +0000 2017,@123644 two hours on phone waiting for someone to answer. Ouch!,788167,AWSSupport,Thu Oct 12 10:34:26 +0000 2017,"@246955 Sorry to hear about this, David. Please reach out to us if you are still facing the issue: https://t.co/AyHvrYNbnv ^ES",
788170,307991,Thu Oct 12 02:16:50 +0000 2017,@123644 Is it Elexa or Alexa? https://t.co/8is45t4dEt,788169,AWSSupport,Thu Oct 12 09:58:24 +0000 2017,"@307991 Nice catch, Harish! 🎣 I have passed your feedback along to our Website Content team. ^KK",
788172,307991,Thu Oct 12 02:19:04 +0000 2017,@123644 Guys! Telangana has been a state in India for long enough already! https://t.co/FsdQ1ndEWt,788171,AWSSupport,Thu Oct 12 09:38:33 +0000 2017,"@307991 Thanks for the feedback, Harish.! I've passed it along to our service team for consideration. ^KK",
788174,307992,Thu Oct 12 04:11:31 +0000 2017,#awswishlist Allow descriptions for IPs in IP match condition rule in AWS WAF.,788173,AWSSupport,Thu Oct 12 09:24:55 +0000 2017,"@307992 Thanks for sharing your #awswishlist idea with us, Amit. I've brought this to the attention of the WAF team.😁 ^ES",
800929,310857,Thu Oct 12 14:10:33 +0000 2017,Rocking my new @123644 Lambda socks (picked up from #Serverlessconf https://t.co/dSnyfChk9e,800928,AWSSupport,Thu Oct 12 15:40:30 +0000 2017,@310857 Thanks for sharing your new AWS swag with us. Don't rock your socks off! 🎸 ^ET,
800931,310858,Thu Oct 12 12:53:49 +0000 2017,@AWSSupport Is this correct that the Network Load Balancer does not support packets with source ip identical to destination ip ?,800930,AWSSupport,Thu Oct 12 14:06:00 +0000 2017,"@310858 Our engineers can help, Stephane! 😊 Mind creating a thread so they can assist with the question? https://t.co/RL6eRK5jH0 ^ET",
80440,133864,Thu Nov 30 11:24:18 +0000 2017,"@123644 Hi, trying to sign up for an account, but your telephone authentication is broken and then blamed me for trying too many times. Its has locked me out for 12 hours, which is fine, but then I find out it is impossible to contact anyone without an account... such a joke.😡",80439,AWSSupport,Thu Nov 30 12:28:32 +0000 2017,"@133864 Hi, Guy. I have created a case for you via the Support Center. Check here for more info: https://t.co/jANsmDICUz ^KK",
80442,133865,Wed Nov 29 23:23:59 +0000 2017,@131019 Link?,80441,AWSSupport,Thu Nov 30 12:27:33 +0000 2017,"@133865 Hi, Michael. More info on s2n can be found on our security blog here: https://t.co/JCGDOD3XLj 😊 ^CM",
80445,133866,Thu Nov 30 11:11:41 +0000 2017,@123644 I do not have an AWS account but just applied for your Sumerian programme as I am working on many 360 Video applications - https://t.co/CsuhK1DmGm. Could you add me to the programme?,80444,AWSSupport,Thu Nov 30 12:26:34 +0000 2017,"@133866 You'd need to create an account to get started, Peter. Be sure to sign-up for the preview here: https://t.co/O5iFJuXaYg Check out this video for details on how to create an AWS account: https://t.co/XeKzuKMsE8 ^KK",
80447,131018,Thu Nov 30 08:49:24 +0000 2017,@AWSSupport I'm talking about the  reply of Wednesdays,80446,AWSSupport,Thu Nov 30 12:11:00 +0000 2017,"@131018 Hi, Steven. The session recordings will be uploaded to our YouTube channel. You can view them here: https://t.co/2mr1Nmwurs ^CM",
80449,133867,Thu Nov 30 07:18:38 +0000 2017,@123644 WAF + ALB in eu-central-1 (Frankfurt)? Pretty please! :),80448,AWSSupport,Thu Nov 30 12:10:01 +0000 2017,"@133867 Thanks, Sergei!  Appreciate the request. AWS ALB is currently available in the eu-central-1: https://t.co/bQHo93bOoY I have sent your AWS WAF request internally for review, however. 😊 ^KK",
80453,133868,Thu Nov 30 05:59:03 +0000 2017,"Folks @123644, can someone help us understand the nuisance of AWS billing? 
cc: @4767 

P.S. This is on the free tier. https://t.co/7U6yFWlE7Z",80451,AWSSupport,Thu Nov 30 10:58:26 +0000 2017,"@133868 We can help with that, Shakti. Please create a support case for assistance: https://t.co/C3OAKhiLjA ^KK",80452
80455,133869,Thu Nov 30 08:06:27 +0000 2017,@123644 Is there any outage among EC2 in ap-northeast-1 right now?,80454,AWSSupport,Thu Nov 30 09:32:28 +0000 2017,"@133869 Hi, no outage reported on our end. To get current status info you can view the Service Health Dashboard: https://t.co/IGy25RxAAZ ^KK",
80458,133870,Thu Nov 30 08:09:42 +0000 2017,"@123644 when will you start accepting the #Sumerian Applications ?? 
#waiting",80456,AWSSupport,Thu Nov 30 09:32:00 +0000 2017,"@133870 Hi, Sravan. Amazon Sumerian is now available in preview. Please submit the information to request an invitation to participate in the preview via this link: https://t.co/AkoVEMDqCE ^KK",80457
807971,312531,Thu Oct 12 16:17:40 +0000 2017,@AWSSupport I posted an issue https://t.co/kEiEB0ZSvT on the AWS forum but no idea how long before anything happens...,807970,AWSSupport,Thu Oct 12 17:41:29 +0000 2017,"@312531 Thanks for providing the forum URL! I see that the issue may have been resolved. If not, please add details to the thread. ^ET",
807973,312532,Thu Oct 12 14:18:45 +0000 2017,@AWSSupport our literal in our alexa app suddenly only allows the defined sample as input.. any idea why?,807972,AWSSupport,Thu Oct 12 16:42:29 +0000 2017,"@312532 That's a great question for our engineers. Mind posting it to our forums?
https://t.co/tib7ghCJqC ^ET",
807976,312533,Thu Oct 12 14:50:23 +0000 2017,I'm really looking for #support with @123644 and #MFA. Can you help or do you know someone who can? Please DM!,807974,AWSSupport,Thu Oct 12 16:24:27 +0000 2017,@312533 These docs may guide you to helpful channels: https://t.co/lrEIseXx9Y and https://t.co/dlaqFxEOaA ^ET,807975
807979,312534,Thu Oct 12 10:40:01 +0000 2017,"@123644 I really need help, creating an new account and getting error about initialisation. Please help https://t.co/6gX3ozlfCh Im Evolve",807977,AWSSupport,Thu Oct 12 16:06:31 +0000 2017,"@312534 Hi Simon, I found you've opened a case about this &amp; it's been addressed. Please follow-up here: https://t.co/phsSBsnEKp ^ES",807978
807982,312535,Thu Oct 12 14:28:17 +0000 2017,what a poor selection of color color palette. @48443 seriously? /cc @123644 https://t.co/xDa9Lzd9WN,807980,AWSSupport,Thu Oct 12 16:05:51 +0000 2017,@312535 We'd like to help. You can use our Feedback button on the bottom of the console to provide more info: https://t.co/jhXW4kbDtl ^ET,807981
816882,314559,Thu Oct 12 17:35:50 +0000 2017,@123644 Our instances with 0 credits are unable to meet basic performance benchmarks. Tasks that usually take 1-2 seconds balloon to 15-20 seconds.,816881,AWSSupport,Thu Oct 12 19:43:13 +0000 2017,"@314559 We appreciate the feedback, Evan. Here's how to provide more info: https://t.co/FEvVoPrsbf ^ET",
816886,314560,Thu Oct 12 19:32:07 +0000 2017,@AWSSupport Done that. Omar sent me a case #4526874641 but that doesn't solve the PW problem. Trying to pay my bill but can't get in to change card,816888,AWSSupport,Thu Oct 12 21:01:00 +0000 2017,@314560 Check out these fixes for forgotten credentials: https://t.co/3qaRoDe7Yv &amp; forgotten passwords: https://t.co/bNbAuL8AiK 👍 ^TI,
816887,314560,Thu Oct 12 19:07:57 +0000 2017,@123644 You finally tell @123644 that your password is being rejected and they send you a link to help...a link that requires your password (???),816885,AWSSupport,Thu Oct 12 19:24:00 +0000 2017,"@314560 I'm sorry for any difficulty. If you haven't already, please use the following form so we can help: https://t.co/rZAknEgo5Q ^JK",816886
816891,314561,Thu Oct 12 19:09:55 +0000 2017,"@AWSSupport I filled out the ""contact us"" details about 2 weeks ago but heard nothing back. is it possible to dm to discuss?",816893,AWSSupport,Fri Oct 13 00:55:45 +0000 2017,@314561 Can you fill out this form &amp; reply to me here once you've submitted so I can look for it? https://t.co/8k6srhbo9E 👓 ^TI,
816892,314561,Thu Oct 12 16:50:26 +0000 2017,@AWSSupport any way of contacting you guys without signing up and putting in creditcard details? as email doesn't get a response.,816890,AWSSupport,Thu Oct 12 19:05:30 +0000 2017,"@314561 Hi, Matt. Here are a few ways on how to contact us: https://t.co/BbLMA8l7QM. ^ET",816891
822635,315954,Thu Oct 12 21:02:22 +0000 2017,@AWSSupport Help! I can't access my account! Message says my account is suspended. I need help asap!,822634,AWSSupport,Thu Oct 12 22:41:32 +0000 2017,"@315954 Not to worry, Pedro! Here's how to regain access to your account: https://t.co/Rk1aPa5ncq 😁 ^TI",
822638,315955,Thu Oct 12 10:00:36 +0000 2017,"@123644 Hmm, chrome says cert invalid on new opsworks for chef automate instance. Your CA is installed.",822636,AWSSupport,Thu Oct 12 22:17:33 +0000 2017,"@315955 See the note about Chrome, here: https://t.co/3NBCcqpYLY &amp; if any issues, add details here: https://t.co/flaAp39Ziw 📝 ^TI",822637
822639,315955,Fri Oct 13 07:10:03 +0000 2017,"@AWSSupport Instead of putting such a senseless hint into docs, why not working w-7 the chrome team why your certificates are making problems and fix it",822640,AWSSupport,Fri Oct 13 10:02:36 +0000 2017,"@315955 Thanks for the feedback, Patrik! I've passed it along to our OpsWorks service team for further review. ^KK",
822643,315956,Thu Oct 12 18:42:46 +0000 2017,"@123644 using code deploy as our CD tool, when deploying a revision the current scaling policies are not copied across.",822642,AWSSupport,Thu Oct 12 21:48:00 +0000 2017,"@315956 Check out this page: https://t.co/qYR3vr4UEG. If still no luck, please post additional info here: https://t.co/0tzn4oSV9b ^KM",
822645,315957,Thu Oct 12 17:46:23 +0000 2017,"@123644 dear, dynamo db auto scaling is not efficient because of throughput breach server goes assistme. How to set dynamo db autoscaling",822644,AWSSupport,Thu Oct 12 21:20:33 +0000 2017,"@315957 👀 Take a look at this: https://t.co/pwvpeFsq3c For specific Q's, ask our experts &amp; community here: https://t.co/DQbFdtHVAF ^TI",
822648,315958,Thu Oct 12 17:17:45 +0000 2017,@48443 does the dynamodb local shell tutorial still exist? I can’t find the walkthrough on AWS site. Thanks,822646,AWSSupport,Thu Oct 12 21:02:00 +0000 2017,"@315958 Here it is 🔎 https://t.co/nFrNwujBf4 Here's its doc: https://t.co/36l7nNKN62 For Q's, post here: https://t.co/AmIQ0yY2qa ^TI",822647
826510,316880,Thu Oct 12 20:45:47 +0000 2017,@AWSSupport can we use same existing lambda function for another newly created cloudformation template. Both are for cloudfront distribution,826508,AWSSupport,Fri Oct 13 00:55:00 +0000 2017,"@316880 This is a great question for our forums, where our experts &amp; community can respond in detail: https://t.co/WOTG66JdCu 📃 ^TI",826509
826512,316881,Thu Oct 12 19:10:11 +0000 2017,Please @123644 make this a managed service... @131019 perhaps? https://t.co/YLSVXrLbiR,826511,AWSSupport,Fri Oct 13 00:53:27 +0000 2017,"@316881 Thanks for the feedback, Sami! I've passed that along to our Gluon team for consideration. 😊 ^TI",
826514,316882,Thu Oct 12 20:53:45 +0000 2017,@123644 when will u guys going to Accept BTC? BITCOIN,826513,AWSSupport,Thu Oct 12 23:33:00 +0000 2017,@316882 These are our current payment options: https://t.co/EhLkT3Ylr7 I've relayed your request internally for review. ✉️ ^TI,
830481,317753,Fri Oct 13 04:00:30 +0000 2017,"@AWSSupport Awesome, thanks.",830483,AWSSupport,Fri Oct 13 18:48:55 +0000 2017,@317753 Our Training team has asked if you could reach out to them here so they can correspond with you directly: https://t.co/H3l4NhLsLg 😊 ^TI,
830482,317753,Thu Oct 12 19:05:12 +0000 2017,@AWSSupport Can you help? The learning module player appears to be broken across browsers. Screenshot: https://t.co/0jO61k076r,830480,AWSSupport,Fri Oct 13 03:22:41 +0000 2017,"@317753 Thanks for the heads up, Erik. I've forwarded this along to our Training team so they can look into it! 🔍 ^TI",830481
838224,319480,Fri Oct 13 09:39:12 +0000 2017,"@AWSSupport thanks, but how can delete the old one's like i want to keep only last 5 days backup and remove delete older than 5 days automatically.",838226,AWSSupport,Fri Oct 13 12:39:38 +0000 2017,@319480 Good question for our experts! Mind posting to our CloudWatch Forum for our engineers to take a look? ^KK,838227
838225,319480,Fri Oct 13 06:03:50 +0000 2017,@AWSSupport how can i create my EBS backup automatically and it should be incremental and for only for last two days.,838223,AWSSupport,Fri Oct 13 09:00:00 +0000 2017,"@319480 Hi, this doc may be helpful: https://t.co/wxDCSXVX6t For guidance, post in our CloudWatch Forum: https://t.co/xgwchrvwYH ^KK",838224
838227,319480,Fri Oct 13 12:44:32 +0000 2017,"@AWSSupport Thanks,, can I have any alternative of this query",838228,AWSSupport,Fri Oct 13 15:30:49 +0000 2017,"@319480 Our engineers can help through our forums, but you can also try the following: https://t.co/NWyYiPPfZV ^JK",
844879,320841,Fri Oct 13 05:47:38 +0000 2017,is aws cloudfront is down? @123644,844878,AWSSupport,Fri Oct 13 10:50:00 +0000 2017,@320841 No issues reported on our end. Please post on our CloudFront Forum should the issue persist: https://t.co/0ACB5Cddn1 ^KK,
852637,322555,Fri Oct 20 13:54:55 +0000 2017,@123644  what's happen with your us-west datacenter? Is not working.,852635,AWSSupport,Fri Oct 20 15:04:00 +0000 2017,"@322555 Hi, Diego. We'd love to help. Would you post more details in the forums so an engineer can assist? https://t.co/Maq8DY7XIQ ^JK",852636
863237,324990,Mon Oct 30 10:00:53 +0000 2017,"@AWSSupport Hi there, is there an issue with SMS sending?",863236,AWSSupport,Mon Oct 30 11:35:31 +0000 2017,"@324990 No issues reported on our end, Peter. You may find our Service Health Dashboard useful: https://t.co/OqTF0BdPad ^KK",
863239,324991,Tue Oct 31 13:39:10 +0000 2017,@AWSSupport this is very bad. I am literally getting no assistance from you guys and  i have been locked out of my account,863241,AWSSupport,Tue Oct 31 19:53:40 +0000 2017,"@324991 Hi Mohib, your case is currently being investigated. ^JK",863242
863240,324991,Mon Oct 30 08:08:47 +0000 2017,@123644 not able to login,863238,AWSSupport,Mon Oct 30 11:02:30 +0000 2017,"@324991 Sorry for the trouble, Mohib. Fill out this form &amp; one of our agents will be in touch to assist: https://t.co/2ZGReG95iI ^KK",863239
863244,324992,Sun Oct 15 10:58:10 +0000 2017,@123644 Does the SQS-daemon on the ElasticBeanstalk workertier  use that feature by default or can it be configured?,863243,AWSSupport,Mon Oct 30 09:30:35 +0000 2017,"@324992 Hi, Artur. Yes it does, the Elastic Beanstalk Worker Tier does take advantage of SQS long polling by default. ^ES",
863248,324993,Mon Oct 30 04:07:02 +0000 2017,"@AWSSupport @19914 new card updated in create journey, #BugInAWSOnlinePayment",863246,AWSSupport,Mon Oct 30 08:27:27 +0000 2017,"@324993 I'm glad to hear the issue is fixed. For future reference, see our accepted payment methods here: https://t.co/U8Ac12aKsk ^ES",863247
863253,324994,Mon Oct 30 00:24:16 +0000 2017,@123644 I can't log into the new dashboard setup and therefore can't get support.  Could someone help me?  __email__,863252,AWSSupport,Mon Oct 30 08:26:00 +0000 2017,"@324994 Hi, Jim. For help with this, please provide your details here: https://t.co/qZTmAK7RNX ^ES",
869692,326503,Fri Oct 13 15:20:12 +0000 2017,"@AWSSupport I want this https://t.co/ZZKzYKh5tF, but not using AWS redirect, I've my own ui",869696,AWSSupport,Fri Oct 13 16:03:41 +0000 2017,@326503 Thanks for the info. Could you post more details in our forums? Our engineers can assist: https://t.co/DkIgizyBz5 ^JK,869697
869695,326503,Fri Oct 13 13:06:19 +0000 2017,"@AWSSupport If user don't exists in user pool, create the user using fb data mapping, all this without using UI customization, any post about this? 🙏",869691,AWSSupport,Fri Oct 13 13:49:32 +0000 2017,"@326503 Hi, Frangeris, you may want to check: https://t.co/VJUpcoXZOt For more Q's, please visit our forums: https://t.co/8uX4LrTp7o ^JK","869692,869693,869694"
869697,326503,Fri Oct 13 17:18:13 +0000 2017,"@AWSSupport Here's, exactly what I want https://t.co/7rP26T55P7",869698,AWSSupport,Fri Oct 13 20:54:30 +0000 2017,"@326503 I've let our Cognito team know this is functionality you'd like to see in the future. 🔮 Thanks for the feedback, Frangeris! ^TI",
879845,328878,Wed Aug 30 16:54:03 +0000 2017,@AWSSupport In the form transformation is required but you can still submit wo/ selecting. Default should be 'None' or don't enable submit without it.,879844,AWSSupport,Fri Oct 20 16:49:26 +0000 2017,@328878 We appreciate the feedback. It has been fixed. 😃 ^JK,
879847,328878,Fri Aug 25 15:33:52 +0000 2017,@123644 Your 'Create string match condition' for WAF doesn't validate properly. Shouldn't be able to 'create' if transformation not set!,879846,AWSSupport,Wed Aug 30 16:51:00 +0000 2017,"@328878 Hi, Yves. Could you provide more info on how the issue you've described is being produced? ^JK",879845
879857,328881,Fri Oct 20 09:27:30 +0000 2017,@123644 Any link?,879855,AWSSupport,Fri Oct 20 18:09:29 +0000 2017,"@328881 Hi, David! For your reference, check out this blog post: https://t.co/jpqQAIAT6A 😄 ^KK",879856
879862,328883,Fri Oct 20 14:09:35 +0000 2017,"@AWSSupport When I want mount more than 2 EFS on Ubuntu 16.04 init through fstab doesn't works. ""But mount -a"" works fine. :-/ https://t.co/O9Jqmbe18K",879863,AWSSupport,Fri Oct 27 18:18:28 +0000 2017,"@328883 Could you provide more info about the error? Also, please try this to auto-mount your filesystem: https://t.co/DAen4UA9Sf ^JK",1357125
879862,328883,Fri Oct 20 14:09:35 +0000 2017,"@AWSSupport When I want mount more than 2 EFS on Ubuntu 16.04 init through fstab doesn't works. ""But mount -a"" works fine. :-/ https://t.co/O9Jqmbe18K",879861,AWSSupport,Fri Oct 20 16:06:33 +0000 2017,"@328883 Hi, Victor, thank you for the feedback. I've sent it over to the EFS team to take a look. ^JK",
887087,330622,Fri Oct 20 20:52:52 +0000 2017,"@AWSSupport No matter how many times I approve the request via email, still “pending validation”.",887086,AWSSupport,Fri Oct 20 22:12:30 +0000 2017,"@330622 This may help troubleshoot: https://t.co/cfHDQekipD If the issue persists, please create a case: https://t.co/jANsmDICUz ^RH",
887090,330622,Fri Oct 20 19:48:17 +0000 2017,"dear @123644, ACM is so horrible. Been trying to validate a certificate all day. Still no luck. token based TXT record validation, please!",887088,AWSSupport,Fri Oct 20 20:35:29 +0000 2017,@330622 Sorry for the trouble! Try this doc: https://t.co/p0UKNPPU0o I've shared your feature request with our ACM team for review. 👍 ^RH,"887089,887087"
887093,330623,Fri Oct 20 20:09:08 +0000 2017,"@123644 it seems i forgot the details of the account that i have created today, what can i do? i don't see any 'forgot your password'",887091,AWSSupport,Fri Oct 20 20:37:28 +0000 2017,"@330623 This article should help: https://t.co/8MjnnOGM3D If you still can't log in, fill out this form: https://t.co/Z3WNGWlcYE ^RH",887092
890293,331361,Fri Oct 13 15:28:53 +0000 2017,@10593 I'm having issues authenticating via the AWS Console via https://t.co/XFk4Bq7Y6T - Chrome 61.0.3163.100 #help @123644 https://t.co/0gGH1dAZiS,890292,AWSSupport,Fri Oct 13 17:12:00 +0000 2017,"@331361 Sorry for any issues. Try to clear your cache/cookies or switch browsers. If the issue persists, please post in our forums ^JK",
890295,331362,Fri Oct 13 15:37:17 +0000 2017,@123644 Several JavaScript issues in Safari. CloudFormation console not usable. Any ETA for the fix?,890294,AWSSupport,Fri Oct 13 16:47:27 +0000 2017,"@331362 Romans, the following doc may help: https://t.co/JjhP9bYSZD For more Q's, please post in our forums: https://t.co/vV1QBZaMgY ^JK",
890297,331363,Fri Oct 13 14:00:34 +0000 2017,.@123644 is s3 having an outage? page isn't showing problems but I am getting dialup speeds at best fetching from a bucket in us-east-1,890296,AWSSupport,Fri Oct 13 16:31:19 +0000 2017,"@331363 Alex, would you mind posting more details in our forums so an engineer can help? https://t.co/vaJucczbb4 ^JK",
890300,331364,Fri Oct 13 14:52:57 +0000 2017,"Hello @AWSSupport I have a problem with aws workmail, I can't log in https://t.co/nIKKO4sAIs",890298,AWSSupport,Fri Oct 13 16:25:00 +0000 2017,"@331364 You may want to try: https://t.co/ljQXvANj3k &amp; https://t.co/EWw2O6ihUH For more Q's, please post here: https://t.co/PM76ioPWtG ^JK",890299
890306,331367,Fri Oct 13 14:16:46 +0000 2017,"Hey @123644, think you have a bug in the pagination logic on the S3 page of AWS Console. :-)  #whereis300 #mathishard https://t.co/u0VzNwGiE4",890305,AWSSupport,Fri Oct 13 15:56:00 +0000 2017,"@331367 Hi, Brian, thanks for keeping an eye out. 👀 I've let the S3 team know! ^JK",
890600,331459,Fri Oct 13 17:24:17 +0000 2017,"@AWSSupport @123644 Thanks for adding the ""description"" feature to security group rules. :) https://t.co/DQZvsZu1Ta",890602,AWSSupport,Fri Oct 13 18:10:01 +0000 2017,"@331459 Always happy to help our customers! Glad you're enjoying it, Aizaz! 😃 ^JK",
890601,331459,Wed Aug 09 22:32:22 +0000 2017,@123644 it would be nice if you gave us the ability to write a comment next to security group inbound/ outbound rules.,890599,AWSSupport,Wed Aug 09 23:06:00 +0000 2017,"@331459 I've relayed your +1 for this feature request to our EC2 team for review. Thanks for the feedback, Aizaz! 😊 ^TI",890600
896521,192382,Tue Oct 10 00:30:30 +0000 2017,"@AWSSupport Dear Will, Patrick and team, can't thank you enough for solving my (unauthorised usage) problem. Really appreciate your patience and help.",896520,AWSSupport,Tue Oct 10 07:29:49 +0000 2017,"@192382 I'm happy to hear the issue was resolved, Guru. Thanks for the feedback. I've passed on your kudos to the team. 😊 ^KK",
908385,335728,Sat Oct 21 00:09:06 +0000 2017,"@AWSSupport Thanks, Got it, must have been added today, wasn't there yesterday when the rest of the sessions were.",908387,AWSSupport,Sat Oct 21 05:31:26 +0000 2017,@335728 You're welcome! Glad we could assist you ☺ ^CC,
908386,335728,Fri Oct 20 23:34:40 +0000 2017,@123644 @40137 @40138 Where can we sign up for this workshop for reinvent? Couldn't find it in the session catalog anywhere.,908384,AWSSupport,Fri Oct 20 23:45:00 +0000 2017,@335728 Hello! The details are available here: https://t.co/fR6vtnvHq2 ^RH,908385
908391,335729,Fri Oct 20 22:21:21 +0000 2017,"@AWSSupport How can I contact Education Support, I cancelled a Kryterion exam two weeks ago and I haven’t received my refund :(",908389,AWSSupport,Fri Oct 20 23:02:00 +0000 2017,"@335729 Hi, Allan. There are a couple of ways to contact our Educate team, pick the method applicable to you: https://t.co/lwNBkCVsyn ^RH",908390
912522,336701,Fri Oct 13 17:38:48 +0000 2017,looking at you @123644 https://t.co/QavQDKPWqG,912520,AWSSupport,Fri Oct 13 19:23:35 +0000 2017,"@336701 Martijn, we'd like to hear more! Could you give further details through the avenues provided here? https://t.co/EsF9J8bVjC ^JK",912521
912526,336702,Fri Oct 13 15:07:52 +0000 2017,@123644 are your #ios and #android mobile apps written in swift and Java or you are using some cross-platform approach?,912524,AWSSupport,Fri Oct 13 19:09:00 +0000 2017,"@336702 Jacob, could you post more info about what you're trying to accomplish? https://t.co/W0UJETiDYO Our engineers can help. ^JK",912525
912545,336708,Fri Oct 13 17:58:38 +0000 2017,@AWSSupport I am been charged and I receive invoices at my email but I am unable to login. It prompts there is no account with my email...,912544,AWSSupport,Fri Oct 13 18:16:28 +0000 2017,@336708 I'm sorry for the trouble. Please fill out the following form with more info: https://t.co/6KWTQWwNqk ^JK,
912548,336709,Fri Oct 13 16:40:18 +0000 2017,@AWSSupport web based free training on Well Architected framework not loading.Tried in all different browsers no luck,912547,AWSSupport,Fri Oct 13 18:03:00 +0000 2017,"@336709 Hi, please contact our Training &amp; Certification team with more info so they can help: https://t.co/rsNW8XcDBM ^JK",
912570,336715,Fri Oct 13 15:38:11 +0000 2017,Are there any third-party tools (CLI or GUI) that allows searching _across_ CloudWatch Log Groups? @AWSSupport ? @123644 ?,912569,AWSSupport,Fri Oct 13 17:48:31 +0000 2017,"@336715 Stephen, this doc may help https://t.co/LkQTzRMqcT If you have more Q's, please post in our forums: https://t.co/x1gIpJVI5P ^JK",
918874,338132,Sat Oct 21 07:16:04 +0000 2017,@123644 Thanks team for your prompt response - it's sorted now.,918873,AWSSupport,Sat Oct 21 07:29:03 +0000 2017,@338132 Glad to hear its sorted! If you have more Q's select the phone contact option via your support case: https://t.co/R1U4ezH2UY ^CC,
925513,339635,Tue Oct 10 18:48:03 +0000 2017,@123644 does your certification awards ppl with some sort of physical certificate and credit card style item that says they are certified in AWS ??,925511,AWSSupport,Tue Oct 10 19:43:00 +0000 2017,"@339635 Hi, you can find more info here: https://t.co/j4qJuXblne or https://t.co/LNBEHSLGui ^JK",925512
926642,339874,Sat Oct 21 09:28:23 +0000 2017,"Dear @123644 
Could you please add VPCOptions support in cloudformation? https://t.co/0DWfinQpsb we are waiting for it in Troposphere 😁",926640,AWSSupport,Sat Oct 21 13:58:28 +0000 2017,"@339874 Thanks for the feedback, Fabrizio! I've forwarded your request to our CloudFormation team for review. 😀 ^KM",926641
927606,340081,Wed Oct 04 17:18:19 +0000 2017,"Looks like @123644 added some new fields to ALB access logs a few days ago, but their docs aren’t up to date. Anyone know what’s up?",927605,AWSSupport,Fri Oct 13 20:20:00 +0000 2017,"@340081 Thanks for bringing this to our attention, David! Our docs have been updated: https://t.co/gc22E2MrOH ^KM",
936055,341913,Tue Oct 10 23:26:02 +0000 2017,"@123644 Does this extend to specific localities, like a City that the device is in?",936054,AWSSupport,Tue Oct 10 23:39:00 +0000 2017,"@341913 Check our FAQs for assistance: https://t.co/etjyknZGkH If you still have Qs, post in our forums: https://t.co/n8YjrACYfH 📝 ^TI",
943816,336701,Fri Oct 13 19:29:38 +0000 2017,@AWSSupport is it possible for someone in the US to login to an account fine and I (in EU) get a bad password on the same login? #cantlogin,943815,AWSSupport,Fri Oct 13 22:47:00 +0000 2017,"@336701 This may help: https://t.co/Un0avE2czy If this persists, contact us here without logging in: https://t.co/kv5dm8nC00 😊 ^TI",
955873,346803,Wed Oct 11 10:00:03 +0000 2017,"@AWSSupport hello, we have a huge problem with elastic beanstalk, is it possible to be contacted asap? Thank you",955872,AWSSupport,Wed Oct 11 11:25:12 +0000 2017,"@346803 We'd like to help, Eliette. Please feel free to reach out to us through the Support Center here: https://t.co/cKEBmh1nxd ^CM",
966228,349317,Sat Oct 21 23:25:19 +0000 2017,Is something wrong with @123644 ? I can't hit the console at all. US East 1.,966226,AWSSupport,Sat Oct 21 23:37:27 +0000 2017,"@349317 🚦 All green lights, here: https://t.co/8GTa0hcyAZ Here are some other things to check: https://t.co/6HuVrpwaGl ^TI",966227
966230,349318,Wed Oct 18 13:58:29 +0000 2017,@123644 @131019 Any word if Patch Manager will extend OS support? Has CentOS been tested? Does that fall under RHEL?,966229,AWSSupport,Sat Oct 21 23:10:00 +0000 2017,@349318 📣 It's good to hear more about what you want. I've forwarded that feedback along to our Patch Management team to consider. ^TI,
966232,349319,Fri Oct 20 07:41:13 +0000 2017,@AWSSupport #QuickSight &amp; @9242 (62.0.3202.62) I can't drag and drop fields in fields wells and change color w/ right-click on chart,966231,AWSSupport,Sat Oct 21 23:09:00 +0000 2017,@349319 I'd like to help but need more info. Please reach out with details in our Quicksight Forums: https://t.co/AOpkYaSbSU 😊 ^TI,
971668,350503,Sat Oct 14 02:04:16 +0000 2017,@123644 No US time zones?,971667,AWSSupport,Sat Oct 14 06:12:00 +0000 2017,"@350503 The event is run in the APAC time zone, but open to US residents too. Feel free to register at a time best suited for you. ^KK",
971705,350513,Sun Oct 22 11:36:30 +0000 2017,@AWSSupport We were victims of email SPOOFING and our account esa canceled. We really need yo fixed it now! Please help as,971707,AWSSupport,Sun Oct 22 19:44:00 +0000 2017,@350513 Sorry for the trouble! Fill out this form and one of our agents will be in touch to assist: https://t.co/2ZGReG95iI ^RH,
971706,350513,Sun Oct 22 02:21:06 +0000 2017,@AWSSupport We need urgent assistance again. Do you hace a phone Number please?,971704,AWSSupport,Sun Oct 22 05:55:56 +0000 2017,"@350513 We don't have a phone number, but the following article will show you how to request a call: https://t.co/krCmiRySy9 ^ES",971705
971710,350513,Thu Oct 19 21:48:58 +0000 2017,@123644 we need urgent assistance. Can someone contact me urgently. We sent 2 emails and no a answer yet. Thx in advance,971709,AWSSupport,Thu Oct 19 23:14:00 +0000 2017,"@350513 Sorry for the trouble! I see we've sent you an email, so check your inbox &amp; follow up with us there, if needed. 📧 ^TI",971708
973303,350827,Fri Dec 01 20:36:17 +0000 2017,Wish AppSync could be connected to a SQL-backed storage driver like Aurora instead of being limited to nosql only. @123644 #reinvent,973302,AWSSupport,Sat Dec 02 01:14:30 +0000 2017,"@350827 I appreciate your input, Jonathan! I've relayed that to the AppSync team for review. 👍 ^TI",
978440,352054,Sat Oct 14 06:26:21 +0000 2017,@123644 Looks like you guys are having s3 issues in us-east. We are getting a lot of connection time outs,978439,AWSSupport,Sat Oct 14 08:03:37 +0000 2017,"@352054 No issues found on our end, Premal. Feel free to post on our S3 Forum for further assistance: https://t.co/yGkz9O2I4w ^CM",
984967,353469,Sat Oct 14 08:55:45 +0000 2017,@AWSSupport Is there anything that can be done to get a resolution ASAP. Thanks!,984966,AWSSupport,Sat Oct 14 09:54:07 +0000 2017,"@353469 We'd like to help address your issue, Kris. Please select the Phone contact option for assistance: https://t.co/Otmrzu05nC ^CM",
986742,287894,Wed Oct 11 19:40:46 +0000 2017,"the awesome free space graph from @123644 RDS!! (yes is empty. It's always empty, is the most useless graph in the world) https://t.co/U0zdtGdJUJ",986743,AWSSupport,Tue Oct 17 17:46:27 +0000 2017,@287894 Our RDS team needs more info to help. Please post details in our Forums so our experts can take a look: https://t.co/arhac8JNC7 ^RH,
986742,287894,Wed Oct 11 19:40:46 +0000 2017,"the awesome free space graph from @123644 RDS!! (yes is empty. It's always empty, is the most useless graph in the world) https://t.co/U0zdtGdJUJ",986741,AWSSupport,Wed Oct 11 21:47:26 +0000 2017,@287894 🤔 I've shared this with our RDS team so they can take a look. Thanks for the feedback! ^RH,
