customer_tweet_id,customer_author_id,customer_created_at,customer_text,brand_tweet_id,brand_account,brand_created_at,brand_reply,brand_response_tweet_id
1010202,359036,Fri Oct 13 22:33:08 +0000 2017,@131610 Check out your future mascot. https://t.co/yhkYtmGmb4,1010201,ask_progressive,Sat Oct 14 14:13:09 +0000 2017,@359036 A mini Flo after our own hearts. Adorable!,
1010204,359037,Fri Oct 13 22:54:58 +0000 2017,@131610 Insurance why is it so difficult to settle a claim? Just trying to get payment from others to cover my costs for repairs done,1010203,ask_progressive,Sat Oct 14 11:18:16 +0000 2017,"@359037 Is there a claim I can help with? If so, please DM your claim number and additional details. ^AA https://t.co/ioHhsJSLde",
1030024,363714,Sat Oct 14 03:07:05 +0000 2017,@131610 your little device in my car is broken fix your things.,1030023,ask_progressive,Sat Oct 14 17:18:59 +0000 2017,"@363714 So our Snapshot team can help with the device, please call 877-329-7283, Monday – Saturday, 8AM to 12AM EDT. ^RL",
1099734,379513,Fri Oct 13 19:34:14 +0000 2017,@131610 Is this usually posted where Progressive is sold? Always irks me when I go in to pay my bill (statement in hand of course) https://t.co/3ZeE0LnL4W,1099733,ask_progressive,Fri Oct 13 20:00:48 +0000 2017,"@379513 While this isn't a Progressive fee, some additional fees may be charged depending on the agency. ^BB",
1122735,384792,Sun Oct 22 19:00:49 +0000 2017,@ask_progressive So it's been 7 weeks and my neighbor's boat is still in my backyard. Really ??!!! https://t.co/G0mHVeDF5m,1122734,ask_progressive,Mon Oct 23 20:41:02 +0000 2017,@384792 We'd like to check on this. Please use the link and DM the claim number and any additional details. ^JT https://t.co/ioHhsJB9OE,
1122737,384793,Mon Oct 23 14:01:46 +0000 2017,I had the worst service ever..... @131610,1122736,ask_progressive,Mon Oct 23 19:56:32 +0000 2017,"@384793 @131610 I'm sorry for the service you received, and I'd like to share your feedback. Can you DM your claim number and additional details? ^AA https://t.co/ioHhsJSLde",
1122739,384794,Mon Oct 23 12:17:31 +0000 2017,@131610 more than a month and my claim still hasn’t been resolved. Can you please assist? Thanks,1122738,ask_progressive,Mon Oct 23 15:03:24 +0000 2017,@384794 @131610 I'm happy to help. Can you please DM your claim number? ^AA https://t.co/ioHhsJSLde,
1122741,384795,Sun Oct 22 16:42:24 +0000 2017,Thank you @131610 for having amazing roadside assistance! I've had to call twice this month but I know I'm in great hands!,1122740,ask_progressive,Mon Oct 23 14:31:35 +0000 2017,@384795 Thanks for your kind words! I'd love to share this with the Roadside team. Would you please DM your policy # and phone #? ^JT,
1159165,392686,Tue Oct 24 22:55:07 +0000 2017,"@ask_progressive Policy 31406664
Phone: 503-830-0910",1159167,ask_progressive,Wed Oct 25 13:12:44 +0000 2017,"@392686 Thanks for sending this in, and I want to let you know that I’ve shared your feedback with the Roadside team. ^JT",1159168
1159166,392686,Tue Oct 24 09:37:55 +0000 2017,"@131610 @151043 @131610 Please do not use Loyal Towing in Vancouver WA as a service provider. They answer OR call too, but tow the cars to WA.",1159164,ask_progressive,Tue Oct 24 13:10:23 +0000 2017,@392686 I'm sorry for your experience and would like to share with the Roadside team. Please DM your policy# and phone#. ^JT,1159165
1178792,397253,Tue Oct 24 17:29:18 +0000 2017,@ask_progressive @131610 Will do. But understand that YOU making an error like this is UNACCEPTABLE!  Especially someone whose NEVER Filed an #Insurance #Claim,1178791,ask_progressive,Tue Oct 24 19:06:22 +0000 2017,@397253 I'm sorry for your experience and wanted to let you know I've escalated your concerns to our Claims Management team. ^JT,
1178794,397253,Tue Oct 24 16:51:12 +0000 2017,@131610 You confused my #Insurance #policy w/ another similarly named one who filed a #Claim a month ago. WHEN WILL OUR NAME BE CLEAR?,1178793,ask_progressive,Tue Oct 24 17:01:47 +0000 2017,"@397253 @131610 So we can help with this, please DM your policy number using the link below. ^RL https://t.co/ioHhsJSLde",1178792
1194485,400668,Wed Oct 25 01:13:28 +0000 2017,@131610 nothing works. it won't accept any password and i understand the guidelines for the password. https://t.co/vWhOyabSrv,1194483,ask_progressive,Wed Oct 25 01:27:09 +0000 2017,"@400668 @131610 Sorry for any frustration. So we can help set up your new password, please call us anytime at 855-266-8485. ^SS",1194484
1194487,400670,Wed Oct 25 11:09:34 +0000 2017,@ask_progressive @400669 This ins co is the worst I been lied to . Need to get rid of them,1194489,ask_progressive,Wed Oct 25 14:32:38 +0000 2017,"@400670 Can we look into anything for you? If so, please DM your policy or claim number and any details you'd like to share. ^JK https://t.co/ioHhsJSLde",
1194488,400669,Tue Oct 24 20:27:14 +0000 2017,Huge thanks to @131610 for handling my accident super fast &amp; stress free. I'm so impressed &amp; very happy to have them insure my truck!!!,1194486,ask_progressive,Wed Oct 25 01:05:55 +0000 2017,@400669 You’re very welcome! We’re always happy to assist. Please let us know if there’s anything else we can do for you. ^JT,1194487
120132,142670,Thu Nov 23 00:51:19 +0000 2017,PSA: don’t but @131610 just spent 3.5hrs waiting for roadside assistance that they sent to 4 wrong locations and then never showed up. Not even a follow up call.,120131,ask_progressive,Thu Nov 23 17:01:18 +0000 2017,"@142670 I'm sorry for your experience, as this is not the level of service we want our Roadside team to provide. Can you DM your policy number and phone number, and I'll share your feedback with them for further review? ^AA https://t.co/ioHhsJSLde",
120134,142671,Thu Nov 23 03:56:11 +0000 2017,My car got hit while parked a few days after I got it back from the repair shop. I still haven’t called to deal with that because @131610 seems to make everything such a miserable experience out here. BLAH.,120133,ask_progressive,Thu Nov 23 16:56:58 +0000 2017,"@142671 I'm sorry for both your roadside and claims experience, and I'd like to share your feedback. Can you DM your policy number and phone number Mr. LeBlanc called from for service? ^AA https://t.co/ioHhsJSLde",
120143,142672,Wed Nov 22 21:57:54 +0000 2017,@131610 This is the company you use to habe vehicles towed in the greater Seattle area! Left my car unlocked with the keys in the ignition after making me wait over 3 hours in the pooring rain. Seriously? Will never call roadside again!!! https://t.co/vnIMFYNLKC,120137,ask_progressive,Thu Nov 23 16:04:50 +0000 2017,"@142672 I'm sorry for the experience you had with our Roadside team, and I'd like to send them this feedback. Would you send your policy number and phone number used for service in a DM? ^TF https://t.co/ioHhsJSLde","120138,120139,120140,120141,120142"
1213043,404726,Wed Oct 25 03:42:42 +0000 2017,@131610 why is my insurance being raised!?,1213042,ask_progressive,Wed Oct 25 11:38:24 +0000 2017,"@404726 So we can review this together and make sure you have the best price we can offer, please call 855-266-8485 anytime. ^JK",
1214370,405000,Wed Oct 25 02:59:22 +0000 2017,@131610 Is locksmith service provided without special coverage?,1214369,ask_progressive,Wed Oct 25 15:10:54 +0000 2017,"@405000 That's included in our Roadside Assistance coverage. For more information or a quote, please call 855-266-8485 anytime. ^JK",
1223983,407135,Fri Oct 06 00:01:50 +0000 2017,@131610 the worst customer service I've EVER received y'all have left me on the side of the road for 3 hours now!!,1223982,ask_progressive,Fri Oct 06 00:11:48 +0000 2017,@407135 We'd like to look into this. Can you please DM your policy number and the phone number you called Roadside from? ^KF https://t.co/ioHhsJSLde,
1228615,408232,Wed Oct 25 17:04:58 +0000 2017,I hate that @131610 does business with @2102. Awful service!,1228614,ask_progressive,Wed Oct 25 18:45:20 +0000 2017,"@408232 Is there a claim I can help with? If so, please DM the claim number. ^AA https://t.co/ioHhsJSLde",
1241511,411221,Thu Oct 26 00:04:51 +0000 2017,"@131610 might actually be the devil. ""Thanks for being with us for 5 years! Oh and hey, we're gonna charge you an extra $300 since you moved""",1241510,ask_progressive,Thu Oct 26 00:52:48 +0000 2017,@411221 We know price is important and want to make sure you're getting all your discounts. Please call us anytime at 855-266-8485. ^SS,
1242198,411392,Wed Oct 25 19:19:12 +0000 2017,"@131610 Homesite jacked my rate $200, blamed it on transunion, called them, they said they don't provide that insurance score,not happy",1242197,ask_progressive,Wed Oct 25 23:46:44 +0000 2017,@411392 We'd like to look into this. Can you please DM your policy number and phone number? ^KF https://t.co/ioHhsJSLde,
1243716,411779,Wed Oct 25 21:29:06 +0000 2017,"@131610 Waiting 48 hours, and still no response to my voicemails and emails about my claim!",1243715,ask_progressive,Wed Oct 25 22:32:15 +0000 2017,@411779 We'd like to check on this. Can you please DM your claim number and phone number? ^TF https://t.co/ioHhsJSLde,
1243718,411780,Wed Oct 25 20:44:37 +0000 2017,@131610 Another day in paradise with you Progressive. Filed a claim for the water damage done to my car and after the towing fiasco now I still have no rental car...going on my 3rd day without a car! What does it take to get this done? #Help,1243717,ask_progressive,Wed Oct 25 22:12:51 +0000 2017,@411780 We'd like to help. Can you please send us a DM with your claim number? ^JT https://t.co/ioHhsJSLde,
1243720,411781,Wed Oct 25 20:12:22 +0000 2017,"@131610 Worst insurance company ever, rude claims representatives that will try to intimidate you when making a claim, unprofessional, unhelpful",1243719,ask_progressive,Wed Oct 25 20:30:11 +0000 2017,"@411781 I'm sorry for your experience. I'd like to share your feedback with our Claims team, please DM your claim # and policy #. ^JT",
1270043,417361,Thu Oct 26 13:31:48 +0000 2017,"It's ironic a company is named @131610 and gives two options to send proof of benefits: ""Fax or send the information via U.S. mail."" :)",1270044,ask_progressive,Thu Oct 26 13:43:29 +0000 2017,@417361 We're sorry for any confusion; you can also email it to __email__.,
1270043,417361,Thu Oct 26 13:31:48 +0000 2017,"It's ironic a company is named @131610 and gives two options to send proof of benefits: ""Fax or send the information via U.S. mail."" :)",1270042,ask_progressive,Thu Oct 26 13:43:42 +0000 2017,@417361 Please include your policy number in the subject line and allow 2 business days for processing. ^JK,
1270046,417362,Wed Oct 25 20:42:05 +0000 2017,I stg if you hit me and you have @131610 I probably will be even more mad bc I have dealt with so much bullshit from this company,1270045,ask_progressive,Thu Oct 26 13:02:57 +0000 2017,"@417362 Is there a claim we can help with? If so, please DM your claim # using the link below, and we'll share your concerns. ^TF",
1270049,417363,Wed Oct 25 22:29:36 +0000 2017,I sincerely hope that no one encounters the bullshit that I have with @18536 and @131610 today. Customer service grade: F,1270047,ask_progressive,Thu Oct 26 12:36:18 +0000 2017,"@417363 I'm sorry for your experience, and would like to share your feedback with our Claims team. Please DM your claim number. ^JT",1270048
1270052,417364,Thu Oct 26 02:02:29 +0000 2017,@131610 is realllyyyyy starting to piss me off,1270051,ask_progressive,Thu Oct 26 11:19:18 +0000 2017,"@417364 Is there something we can review for you? If so, please DM your policy or claim number along with any details. ^CF",
1282907,365217,Thu Oct 26 07:44:04 +0000 2017,@ask_progressive what is the minimum coverage and liability for a tow truck in Idaho? Is there somewhere to find all the min requirements?,1282906,ask_progressive,Thu Oct 26 15:16:03 +0000 2017,@365217 Please call us at 800-444-4487 and our consultants will help answer your coverage questions. ^KF,
1292875,422344,Thu Oct 26 18:40:07 +0000 2017,@131610 Will I receive an alert if my payment doesn't go through for some reason?,1292874,ask_progressive,Thu Oct 26 20:26:28 +0000 2017,"@422344 If your bank notifies us there was an issue with your payment, we'll send you an email letting you know what happened. ^SS",
1292877,422345,Thu Oct 26 19:34:04 +0000 2017,.@131610 is really starting to piss me off ! I’ve been trying to get in touch with them for 3 weeks. This is unprofessional !,1292876,ask_progressive,Thu Oct 26 20:08:58 +0000 2017,"@422345 We’re sorry for your experience, and we'd like to check on this. Can you please DM your claim number using the link below? ^TF",
1292879,422346,Thu Oct 26 17:55:19 +0000 2017,@131610 The woman working on my accident claim AND the woman working on my injury claim have BOTH disappeared into thin air.,1292878,ask_progressive,Thu Oct 26 18:06:50 +0000 2017,"@422346 Can I help? If so, please DM your claim number. ^AA https://t.co/ioHhsJSLde",
1301765,424224,Thu Oct 26 22:06:46 +0000 2017,Thankful for @131610 insurance being awesome and getting me in with @20954 tomorrow.,1301764,ask_progressive,Thu Oct 26 22:25:47 +0000 2017,@424224 We’re always happy to assist!  Please let us know if there’s anything else we can do for you. ^JT,
1307135,425460,Fri Oct 27 01:20:13 +0000 2017,@ask_progressive This is not what I asked for. Now please provide me the address of your consumer affairs department.,1307138,ask_progressive,Fri Oct 27 11:40:12 +0000 2017,"@425460 If you'd like to share your experience in writing, please send to: Progressive, PO Box 31260, Tampa, FL 33631-3260. ^JH",
1307136,425460,Fri Oct 27 19:17:09 +0000 2017,@ask_progressive Is that the address to consumer affairs? I’m not playing share and tell. I’m submitting a formal complaint.,1307139,ask_progressive,Fri Oct 27 20:25:25 +0000 2017,"@425460 While there's no consumer affairs address available, that's the best correspondence address for Progressive. ^BB",1307140
1307137,425460,Fri Oct 27 00:51:30 +0000 2017,@ask_progressive Oh please. I’d like the corporate offices contact information.,1307134,ask_progressive,Fri Oct 27 01:14:50 +0000 2017,@425460 You can reach our supervisors anytime at 877-656-0914. ^SS,"1307135,1307136"
1307142,425460,Thu Oct 26 03:04:16 +0000 2017,@131610 Are you under new management?,1307141,ask_progressive,Thu Oct 26 11:32:15 +0000 2017,"@425460 We’re sorry we let you down. If you’d like us to review this for you, please DM your policy number and any details. ^CF https://t.co/ioHhsJSLde",1307137
1339515,432451,Fri Oct 27 02:32:37 +0000 2017,My Saturn is gone. @131610 is working hard for me. https://t.co/cTTHx7eR7U,1339514,ask_progressive,Fri Oct 27 14:25:51 +0000 2017,"@432451 Thanks for the shout-out, and I wanted to let you know I've shared this with our Claims team. ^AA",
1339517,432452,Fri Oct 27 11:29:40 +0000 2017,@131610 IS THE BEST. I’ve had them a little over 3 years and my cost slowly goes down every 6 months. Thanks guys!,1339516,ask_progressive,Fri Oct 27 13:15:46 +0000 2017,@432452 We’re the best because of loyal customers like you. Happy Savings!,
1339519,432453,Fri Oct 27 04:37:34 +0000 2017,"@131610 - How do I expedite a diminished value claim? It's been almost 2 months? I don't see the challenge. Frame damage, dealer quote, several comparable vehicle for sale listings, and KBB average value rating.",1339518,ask_progressive,Fri Oct 27 13:05:49 +0000 2017,"@432453 I'm sorry for your frustrations, and wanted to let you know that I've shared your concerns with our Claims team to review ~Jacq",
1352761,435476,Mon Oct 16 01:58:58 +0000 2017,Insurance co. charged us $777 for 1-year car premium. BIG NOPE. Saved $254 by switching to...@131610. I switched it &amp; Bill = 🕺🏻,1352760,ask_progressive,Mon Oct 16 12:34:56 +0000 2017,@435476 @131610 Savings are just the start of a beautiful relationship! Visit https://t.co/FQyL9Tm9OB to see how to save more.,
1352764,435477,Sun Oct 15 00:00:48 +0000 2017,@169074 Salutations! A question: Does Progressive cover musical instruments or other musician's necessities?,1352762,ask_progressive,Mon Oct 16 11:23:01 +0000 2017,"@435477 @169074 One of our independent agents may be able to help. To find one near you, please visit https://t.co/apxLeGhV5r. ^JH",1352763
1352766,435478,Sat Oct 14 01:47:25 +0000 2017,@131610 this is real cute!!! Thank you all!!!! https://t.co/JxYNFIQarZ,1352765,ask_progressive,Mon Oct 16 11:15:56 +0000 2017,"@435478 @131610 You're welcome, Darius. Hope the move went smooth!",
1353473,435652,Fri Oct 27 17:10:44 +0000 2017,@131610 how long do I have to leave this snapshot thing plugged into my car for?,1353472,ask_progressive,Fri Oct 27 17:57:26 +0000 2017,"@435652 Generally, the program takes about six months to complete. We'll send you an email once it's time to return the device. ^BB",
1367465,438324,Fri Oct 27 20:38:13 +0000 2017,@131610 I am unable to access my new HO ins because your website can’t handle 2 policies w/same email. Should I cancel all my policies?,1367461,ask_progressive,Fri Oct 27 20:55:43 +0000 2017,"@438324 We're sorry for any trouble. So we can get to the bottom of this together, please call 855-266-8485 anytime. ^JJ","1367462,1367463,1367464"
1367471,438326,Fri Oct 27 18:30:33 +0000 2017,a @131610 rep just told me it’s normal for my car insurance to go up every year... funny because it never did before,1367470,ask_progressive,Fri Oct 27 20:23:27 +0000 2017,@438326 We know it's frustrating when prices change and want to see if we can help you save. Please call us anytime at 855-266-8485. ^SS,
1469546,461079,Mon Oct 09 15:45:45 +0000 2017,Thanks @131610 for a truly frustrating start to my day!,1469545,ask_progressive,Mon Oct 09 16:28:26 +0000 2017,"@461079 Is there something we can look into for you? If so, please DM your policy number and any details you'd like to share. ^JK https://t.co/ioHhsJSLde",
1469579,461090,Sun Oct 08 07:29:00 +0000 2017,5.5hrs on the side of the road 5 calls to @131610 &amp; the towtruck finally arrives. Looking for road side assistance pick another company,1469578,ask_progressive,Mon Oct 09 17:21:31 +0000 2017,"@461090 I'm terribly sorry for your experience, and I'd like to share your feedback. Can you DM your policy # and phone #? ^AA https://t.co/ioHhsJSLde",
1469771,211440,Mon Oct 09 16:30:32 +0000 2017,@131610 why am I paying so much when I can't get help when I need it? I live in a major city and My car won't start so I call roadside. It takes them 45 mins to find a provider who IS NOT LOCAL who is going to take an hour to get to me. Why is this so hard?,1469770,ask_progressive,Mon Oct 09 17:36:08 +0000 2017,"@211440 I'm sorry for the service you received, and I'd like to share your feedback. Can you DM your policy # and phone #? ^AA https://t.co/ioHhsJSLde",
1469878,235787,Mon Oct 09 16:43:08 +0000 2017,.@131610 Thank you for your very rude staff. Cancelling my policy and going with another ins co.,1469876,ask_progressive,Mon Oct 09 16:55:15 +0000 2017,"@235787 We’re sorry and don’t want to lose you. So we can look into this, can you please DM your policy number using the link below? ^RL https://t.co/ioHhsJSLde",1469877
1539213,477112,Fri Jul 28 20:43:03 +0000 2017,@169074 Why did the snapshot thing try to blow up our transmission?,1539211,ask_progressive,Fri Jul 28 22:55:40 +0000 2017,"@477112 We'd like to look into this. If you haven't already, please call our Snapshot team at 877-329-7283 (Mon-Sat, 8-12AM EDT). ^BB",1539212
1614645,495281,Sat Nov 25 15:13:29 +0000 2017,Been with @131610 since 2014. I have a gold membership.. still paying over 250 monthly. Where’s the discounts @?,1614644,ask_progressive,Sat Nov 25 20:13:38 +0000 2017,"@495281 @131610 Let’s check for discounts and make sure you’re saving all you can. When you have a moment, please call 855-266-8485 for a personalized policy review. ^RL",
1614647,287325,Sat Nov 25 12:14:40 +0000 2017,I lied!! I’m saving $55 a month now @131610 $179 to $124! Yayayya https://t.co/hBSuTmSmej,1614646,ask_progressive,Sat Nov 25 19:50:36 +0000 2017,@287325 @131610 That’s what I call saving! We’re glad to add to your wallet and happy you’ve joined our family!,
1614650,495282,Sat Nov 25 16:53:48 +0000 2017,"@131610 I was quoted $500 less a year with another company for car insurance. Who could I talk with to see if Progressive could match it. We’d rather stay, but that’s 30% less than we pay now.",1614648,ask_progressive,Sat Nov 25 18:40:41 +0000 2017,"@495282 @131610 We want you to stay too! Let's see what options we have to help you save. When you have a chance, please call us anytime at 855-266-8485. ^RL",1614649
162687,153583,Fri Nov 24 16:41:40 +0000 2017,@131610 any Black Friday sales on truck insurance?,162686,ask_progressive,Fri Nov 24 17:20:25 +0000 2017,"@153583 Let's see if there are any ways we can help you save. For a policy review, log in at https://t.co/btpTCekUmh and look for the link to ""Chat"" (Monday-Friday, 5AM-midnight EST). ^BB",
162689,153584,Fri Nov 24 05:07:14 +0000 2017,"I love seeing an @131610 vehicle driving 45 in a 35.  Always makes my day.  Thanks for keeping the roads safe, folks!",162688,ask_progressive,Fri Nov 24 15:20:49 +0000 2017,"@153584 Thanks for letting us know about this. Could you please send us a DM with the time, location, and license or vehicle number as well as an email or phone number if a manager would like to follow up with you directly? ^JT https://t.co/ioHhsJSLde",
162692,153585,Thu Nov 23 20:52:32 +0000 2017,"@131610 I got into an accident 2days ago, hit a deer on a foggy night I still haven’t heard from a representative....😒. Happy thanksgiving  tho cuh",162690,ask_progressive,Fri Nov 24 14:06:04 +0000 2017,@153585 We'd like to look into this. Please send us a DM with your claim number. ^JT https://t.co/ioHhsJSLde,162691
1705851,306098,Mon Oct 16 23:08:42 +0000 2017,@131610 They always take more than 3 hours to show up and the staff is always extremely rude,1705850,ask_progressive,Tue Oct 17 12:39:34 +0000 2017,"@306098 I'm sorry for the roadside service you received, and I'd like to share your feedback. Can you DM your policy# and phone#? ^JT",
1731141,523070,Thu Oct 26 19:40:13 +0000 2017,"Had to use my #carinsurance this week. Gotta say, @131610 not only made it painless, but even easy! #progressiveFTW",1731140,ask_progressive,Thu Oct 26 21:09:40 +0000 2017,@523070 We're here to help! Please let us know if you need anything else. ^JT,
1782500,535537,Tue Oct 10 21:46:21 +0000 2017,So annoyed by @131610 Insurance. Can't believe I'm dealing with this shit show so called customer service right now.,1782499,ask_progressive,Tue Oct 10 22:20:11 +0000 2017,"@535537 Can we look into anything for you? If so, please DM us your policy number and any other details you can share. ^BB https://t.co/ioHhsJSLde",
1786921,536838,Tue Oct 10 22:14:28 +0000 2017,@131610 we have had the absolute WORST experience with or company. First you take 3 weeks to repair our car.,1786920,ask_progressive,Wed Oct 11 15:59:14 +0000 2017,"@536838 I'm sorry for your experience, and I'd like to share your feedback with our Claims team. Can you DM your claim number? ^AA https://t.co/ioHhsJSLde",
1790043,537697,Thu Oct 12 19:41:55 +0000 2017,@131610 help please still waiting in hot car. no tow truck in route yet. Been a customer for 10 years...what's the benefit?,1790041,ask_progressive,Thu Oct 12 19:54:58 +0000 2017,@537697 I'm sorry our Roadside team has kept you waiting. Can you DM your policy number and the phone number you called from? ^AA https://t.co/ioHhsJSLde,1790042
1790054,537702,Thu Oct 12 16:46:56 +0000 2017,Dear @131610 you need better people on your online chat. The representative was not the best. I usually have a good experience but,1790053,ask_progressive,Thu Oct 12 17:09:00 +0000 2017,@537702 We're sorry for the experience and want to look into it. Can you please DM your policy number using the link below? ^RL https://t.co/ioHhsJSLde,
1792596,355737,Fri Oct 13 00:05:56 +0000 2017,". @131610 hanging up on me, great customer service",1792595,ask_progressive,Fri Oct 13 00:38:17 +0000 2017,"@355737 Oh no! We'd like to look into this. Can you please DM your quote, policy or claim number and any other details? ^SS https://t.co/ioHhsJSLde",
1796476,140924,Fri Oct 13 16:35:18 +0000 2017,@ask_progressive Trying to figure out a car + home insurance quote together and not having luck. I have the car but apt has been frustrating,1796475,ask_progressive,Fri Oct 13 17:10:00 +0000 2017,"@140924 We're sorry for any frustration; can we help? If so, please DM your quote number and any details you'd like to share. ^JK https://t.co/ioHhsJSLde",
1803790,541990,Fri Oct 13 13:45:28 +0000 2017,Shoutout to @131610 for helping me during my accident when the girls (SHE ADMITTED FAULT) insurance company is giving me a hard time,1803789,ask_progressive,Fri Oct 13 13:52:30 +0000 2017,"@541990 Thanks for the shout-out, and I'd like to share this with our Claims team. Can you please DM your claim number? ^AA https://t.co/ioHhsJSLde",
1811961,544391,Sat Oct 14 22:06:44 +0000 2017,When @131610 fails you as an insurance company,1811960,ask_progressive,Sun Oct 15 01:01:05 +0000 2017,"@544391 Can we look into anything for you? If so, please DM your policy or claim number and details using the link below. ^RL https://t.co/ioHhsJSLde",
1818388,546196,Sun Oct 15 01:08:42 +0000 2017,"@131610 Hey guys, how come when auto pay says it comes out the 12th, its not taken out until many days later? Trying to budget here.",1818387,ask_progressive,Mon Oct 16 12:18:59 +0000 2017,"@546196 @131610 We’d like to explain. While we request payment on the due date, your bank may take a couple more days to post it to your account.",
1818388,546196,Sun Oct 15 01:08:42 +0000 2017,"@131610 Hey guys, how come when auto pay says it comes out the 12th, its not taken out until many days later? Trying to budget here.",1818389,ask_progressive,Mon Oct 16 12:20:02 +0000 2017,"@546196 @131610 Since card payments may go faster, you can always make it online or call us at 855-266-8485 before 10PM on the due date. ^CF",
1818391,546197,Wed Oct 18 02:27:51 +0000 2017,@ask_progressive @131610 Thanks for answering a question I didn’t ask. Not helpful at all. Still counting taps of the brakes as hard brakes.,1818393,ask_progressive,Wed Oct 18 11:38:49 +0000 2017,"@546197 @131610 If you feel the device isn't working correctly, please contact our Snapshot specialists at 877-329-7283, Mon-Sat 8AM-midnight EDT. ^JK",1818394
1818392,546197,Sun Oct 15 05:21:57 +0000 2017,When your @131610 snapshot app calls the lightest of taps a hard brake 5 times in a row. #TryingToRaiseMyRatesByCheating,1818395,ask_progressive,Mon Oct 16 12:29:22 +0000 2017,@546197 @131610 We always want you to be safe and know some hard brakes can't always be avoided. We consider this when calculating your results.,
1818392,546197,Sun Oct 15 05:21:57 +0000 2017,When your @131610 snapshot app calls the lightest of taps a hard brake 5 times in a row. #TryingToRaiseMyRatesByCheating,1818390,ask_progressive,Mon Oct 16 12:29:44 +0000 2017,"@546197 @131610 To see if you’re on track to save, log in and select ""Discounts"" from the top, then “Snapshot” to view your reports. ^RL",1818391
1818397,546198,Sun Oct 15 16:04:13 +0000 2017,"'Was on hold for nearly 20 minutes with @131610! When they answered, they said they would help me then hung up! 😩 https://t.co/SjVeMvULqk",1818396,ask_progressive,Mon Oct 16 12:11:53 +0000 2017,"@546198 @131610 We're sorry for the delay; did you still need help? If so, please DM your policy number and any details you'd like to share. ^JK https://t.co/ioHhsJSLde",
1821550,303528,Mon Oct 16 17:44:38 +0000 2017,@131610 why can I not get on quote with my iPhone online? https://t.co/V3tZWsWJe1,1821549,ask_progressive,Mon Oct 16 18:39:50 +0000 2017,"@303528 @131610 We're sorry for any website trouble and are looking into this. To complete your quote, please call us at 855-266-8485. ^KF",
1821596,546858,Mon Oct 16 18:09:59 +0000 2017,@131610 Can you help me with a car insurance quote?,1821595,ask_progressive,Mon Oct 16 18:42:37 +0000 2017,"@546858 @131610 Absolutely! So we can get started, give us a call anytime at 855-266-8485 or visit us at https://t.co/btpTCekUmh. ^BB",
1821617,166992,Mon Oct 16 17:59:22 +0000 2017,"Feel totally bamboozled by @ask_progressive! Representatives lying to me, no ownership, and bad customer service! Wow! TIME TO GO",1821616,ask_progressive,Mon Oct 16 18:13:39 +0000 2017,"@166992 We're sorry we let you down. Can we look into anything for you? If so, please DM your policy/claim number and more details. ^SS https://t.co/ioHhsJSLde",
1826565,548240,Mon Oct 16 23:49:42 +0000 2017,@131610 on hold sucks... https://t.co/1jNLI9k9X6,1826564,ask_progressive,Tue Oct 17 01:01:27 +0000 2017,"@548240 @131610 Sorry about that; if you still need help, please use the link to DM your policy, quote or claim number and any details you can share. ^JJ https://t.co/ioHhsJSLde",
1830502,549303,Tue Oct 17 14:42:52 +0000 2017,Just got a discount from @131610 for working in education!! https://t.co/2nOLV77nWx,1830501,ask_progressive,Tue Oct 17 15:59:26 +0000 2017,"@549303 @131610 The discounts don't stop there! Check out our ""little coupon book"" at https://t.co/flRo9q1l2P to save on other services like car rentals.",
1830605,549329,Tue Oct 17 15:26:24 +0000 2017,"Hey @131610 if you’re going to automatically pull money on a certain date, pull it on that date and not 4 days later. K thanks bye",1830604,ask_progressive,Tue Oct 17 16:11:10 +0000 2017,"@549329 @131610 As Auto-pay payments can take a few days to post, you can pay with a credit card before the due date for faster processing. ^RL",
1830615,549330,Tue Oct 17 13:53:55 +0000 2017,@131610 your site is not working,1830614,ask_progressive,Tue Oct 17 14:26:35 +0000 2017,"@549330 @131610 So we can look into this, can you please DM your policy or quote number along with details about the issue you're experiencing? ^RL https://t.co/ioHhsJSLde",
1833941,550114,Wed Oct 18 01:32:08 +0000 2017,@131610 how do I get you to stop sending junk mail?,1833940,ask_progressive,Wed Oct 18 11:24:46 +0000 2017,@550114 @131610 Let's get that taken care of for you; could you please DM your name and address exactly as it appears on the mailers? ^JK https://t.co/ioHhsJSLde,
1840660,398454,Tue Oct 17 17:54:24 +0000 2017,@131610 I need to know why my insurance increased by $18. That’s drank’ money.,1840658,ask_progressive,Tue Oct 17 20:02:22 +0000 2017,@398454 @131610 Let's find out. Can you please use the link to DM your policy number and any other details? You can also call us anytime at 855-266-8485.^SS https://t.co/ioHhsJSLde,1840659
1848179,553454,Thu Oct 19 12:35:27 +0000 2017,Day 10 of my insurance claim with @131610 and I still don’t have a rental car.,1848178,ask_progressive,Thu Oct 19 12:54:25 +0000 2017,"@553454 @131610 I'm sorry we've kept you waiting, and I wanted to let you know I've shared your concerns with our Claims team for review. ^AA",
1848205,553459,Thu Oct 19 15:03:13 +0000 2017,"@131610 Anyhow, Progressive Social Media Staffer, you should know that the staff in Metairie at the Airline Drive facility is AMAZING.",1848204,ask_progressive,Thu Oct 19 17:35:38 +0000 2017,"@553459 @131610 Thanks for your feedback, and I'd love to share this with our Claims team. Can you please DM your claim number? ^AA https://t.co/ioHhsJSLde",
1848691,553565,Wed Oct 18 01:10:58 +0000 2017,@131610 yeah insurance is everyone's best freind until they  file a claim then they do everything they can to get out of paying.,1848690,ask_progressive,Wed Oct 18 16:52:49 +0000 2017,"@553565 @131610 Is there a claim I can check on? If so, please DM your claim number and additional details. ^AA https://t.co/ioHhsJSLde",
1865088,557222,Fri Oct 20 11:48:23 +0000 2017,When @131610 gives you a discount on you car insurance 💯💯🙏🏼,1865087,ask_progressive,Fri Oct 20 12:30:06 +0000 2017,@557222 @131610 Ever check out our renters insurance? Great rates and another discount for your auto policy; give us a call at 888-671-1132 for a quote. ^JK,
1865091,557223,Thu Oct 19 21:53:10 +0000 2017,@131610 better pay for my rental car while I have to get my car fixed. I already have to $1000s out of pocket.,1865089,ask_progressive,Fri Oct 20 14:39:59 +0000 2017,@557223 @131610 I'm sorry about the experience you've had. Please DM your claim # using the link below so I can send your concerns to our Claims team. ^TF https://t.co/ioHhsJSLde,1865090
1865095,557225,Thu Oct 19 23:31:46 +0000 2017,@131610 this guy in Mt. Juliet TN is driving around with no lights on in the dark.  #insurancefail https://t.co/ndu1nqrL2E,1865094,ask_progressive,Fri Oct 20 15:00:58 +0000 2017,"@557225 @131610 Thanks for bringing this to our attention. Can you DM the location/time of the incident, as well as your email/phone # for follow up? ^AA https://t.co/ioHhsJSLde",
1865127,557232,Fri Oct 20 01:25:13 +0000 2017,Hey @131610 stop calling me to ask me to pay my bill. It's not due for another week. You'll get your money when it's due. Thanks!,1865126,ask_progressive,Fri Oct 20 11:10:19 +0000 2017,"@557232 @131610 We're sorry for any inconvenience and have opted you out of reminder calls. If you need anything else, please let us know. ^JK",
1872234,559076,Thu Oct 19 23:05:39 +0000 2017,@131610 Why have I been on the phone over an hour just to cancel my policy? #stillwaiting,1872233,ask_progressive,Fri Oct 20 00:07:12 +0000 2017,"@559076 @131610 Sorry for the wait. If you still need help, please log into your policy and look for the link to ""Chat"", Monday-Friday, 5AM-midnight. ^SS",
1875302,559834,Sat Oct 21 14:35:10 +0000 2017,"Wow, Tiffany from @131610 (she told me she was in Florida) was so helpful on the phone today. Excellent customer service! 👍🏼👍🏼",1875301,ask_progressive,Sat Oct 21 20:01:07 +0000 2017,@559834 @131610 We're always happy to hear this and want to share your compliment. Can you please send a private message with your policy number? ^RL https://t.co/ioHhsJSLde,
1876348,560143,Sat Oct 21 00:22:47 +0000 2017,@131610 why do i pay you thousands of dollars for hurrocane insurance a year to be denied on a claim caused by hurricane damage,1876347,ask_progressive,Sun Oct 22 03:17:53 +0000 2017,"@560143 @131610 We're sorry for the frustrations. So we can share your feedback, please DM your claim number and phone number. ^KR https://t.co/ioHhsJSLde",
1893276,564517,Mon Oct 23 20:07:40 +0000 2017,"5 calls deep w/ @131610 &amp; still no help for a simple question I FINALLY got to talk to someone, and got disconnected after 30sec.",1893274,ask_progressive,Mon Oct 23 20:33:53 +0000 2017,"@564517 @131610 Sorry for any frustration. If help is still needed, please log into your policy and look for the link to ""Chat"", M-F, 5AM-midnight EDT. ^SS",1893275
1893285,564521,Mon Oct 23 22:56:04 +0000 2017,The conversation i am having with the @131610 agent on the phone is making me really not want to purchase their insurance. #wheresflo,1893284,ask_progressive,Tue Oct 24 01:01:20 +0000 2017,"@564521 @131610 We're sorry for your experience. Can we look into this? If so, please DM your full name, email address, zip code and quote number. ^SS",
1893287,266125,Sun Oct 22 17:46:22 +0000 2017,@131610 missed my event 'cause u took 20 minutes 2 call in flat. Should have called @4936 Thanks @65326 4 coming 2 direct traffick,1893286,ask_progressive,Mon Oct 23 20:49:02 +0000 2017,@266125 We're sorry for your experience and want to look into it. Can you please DM your policy number and phone number you called from? ^TF,
1893335,564536,Mon Oct 23 14:34:42 +0000 2017,"@131610 whhhhyyyy is my car insurance going up again? I have literally never made a claim! I'm over 25 now, shouldn't it go down?! 😰😰😰",1893334,ask_progressive,Mon Oct 23 15:32:02 +0000 2017,"@564536 @131610 We understand your concern and would like to make sure you're saving all you can. For a policy review, please call 855-266-8485 anytime. ^JH https://t.co/ioHhsJSLde",
1893365,564544,Sun Oct 22 03:50:57 +0000 2017,.@131610 You let us down tonight😔Loyal customer over 12 years. No roadside assistance after 1 1/2 hours. PD had to help when you didn't,1893364,ask_progressive,Mon Oct 23 13:21:33 +0000 2017,"@564544 @131610 I'm sorry for your experience, and I’d like to share your feedback with our Roadside team. Can you please DM your policy # and phone #? ^JT https://t.co/ioHhsJSLde",
1893374,564546,Mon Oct 23 18:05:05 +0000 2017,Don't get @131610 people trust me...what I'm going through right now is crazy !,1893373,ask_progressive,Mon Oct 23 19:38:05 +0000 2017,"@564546 @131610 I'm sorry for your experience. If there's feedback you'd like to share with our Claims team, please DM your claim number and details. ^AA https://t.co/ioHhsJSLde",
1893390,564550,Sun Oct 22 12:33:57 +0000 2017,"So @131610 marketed a ""courtesy"" for hurricane victims to extend my payment date. Didn't tell me they'd charge me for the privilege.",1893389,ask_progressive,Mon Oct 23 16:26:20 +0000 2017,"@564550 @131610 Can we look into this for you? If so, please DM your policy number and any details you'd like to share. ^JK https://t.co/ioHhsJSLde",
1893393,484999,Sun Oct 22 14:01:41 +0000 2017,Eventually @131610 will figure out whether I'm insured or not. Apparently I'll drive extra carefully until then.,1893391,ask_progressive,Mon Oct 23 16:37:17 +0000 2017,"@484999 @131610 Is there anything we can look into for you? If so, please DM your policy number and any details you'd like to share. ^JK https://t.co/ioHhsJSLde",1893392
1893395,564551,Sun Oct 22 02:29:32 +0000 2017,@131610 Can we resolve it thru email or something? @131610,1893394,ask_progressive,Mon Oct 23 13:09:54 +0000 2017,"@564551 @131610 I'm sorry for your experience so far, and wanted to let you know that I've shared your concerns with our Claims team to review. ~Jacq",
1893400,564552,Mon Oct 23 17:09:17 +0000 2017,.@131610 explain to me why I need to fill out all my info again for a quote when I alert have a policy with you? It’s bad UX,1893399,ask_progressive,Mon Oct 23 20:05:54 +0000 2017,"@564552 @131610 Typically, we won't need your info again as long as it's up to date. So we can look into this, please call us anytime at 855-266-8485. ^SS",
1893402,203839,Sun Oct 22 16:33:03 +0000 2017,hey @131610 I should have a discount for Rockledge Securities Anti-Theft. Why don't I ?  Do I really have to mail this card in?,1893401,ask_progressive,Mon Oct 23 20:09:51 +0000 2017,"@203839 @131610 We're sorry for the delay; generally, proof is not required for this discount. So we can look into this, please DM your policy number. ^BY https://t.co/ioHhsJSLde",
1893404,564553,Mon Oct 23 13:04:11 +0000 2017,@131610 Your client rear ended is over a week ago we received one text from Tiffany but no response back!  Should we contact a lawyer?,1893403,ask_progressive,Mon Oct 23 19:42:24 +0000 2017,"@564553 @131610 I'm sorry we've kept you waiting, and I'd like to check on this. Can you please send a DM with your claim number? ^AA https://t.co/ioHhsJSLde",
1893443,564557,Sun Oct 22 00:10:59 +0000 2017,@293820 @131610 Got 3 calls today from the same number. Same story. Requesting dl#,1893441,ask_progressive,Mon Oct 23 15:11:38 +0000 2017,"@564557 @293820 @131610 @293820 We’ll attempt to reach you when your license and policy state don’t match. So we can look into this, please call 855-266-8485. ^RL",1893442
1893447,564558,Sat Oct 21 13:27:23 +0000 2017,@20946 @131610 help a man out.,1893446,ask_progressive,Mon Oct 23 11:38:56 +0000 2017,"@564558 @20946 @131610 @20946 We’re happy to help with a quote. To get started, please visit https://t.co/btpTCekUmh or call 855-266-8485 anytime. ^RL",
1895227,564909,Tue Oct 24 01:39:48 +0000 2017,I really want to know why my @131610 insurance went up this month 🙄,1895226,ask_progressive,Tue Oct 24 11:50:09 +0000 2017,"@564909 @131610 We'd like to look into what changed. When you have a moment, can you please DM your policy number? ^JH https://t.co/ioHhsJSLde",
1897078,565419,Mon Oct 23 23:38:16 +0000 2017,"@131610 I love that you are my insurance company, but the person driving your SUV that ran the stop sign sucks.",1897077,ask_progressive,Tue Oct 24 13:32:56 +0000 2017,"@565419 @131610 Thanks for letting us know. Can you DM the plate/vehicle number, location, and time, as well as your email/phone number? ^AA https://t.co/ioHhsJSLde",
1897099,411780,Mon Oct 23 22:31:00 +0000 2017,@131610 I had a terrible experience using my tow insurance through you guys yesterday! It took 7 hours to get my car towed to my mechanic and two different towing companies. The worst part was getting your agents to call me back! #badcustomerservice,1897098,ask_progressive,Tue Oct 24 12:58:34 +0000 2017,@411780 @131610 I'd like to give this feedback to the Roadside team about your poor experience. Please DM your policy # &amp; phone # using the link below. ^TF https://t.co/ioHhsJSLde,
1902930,567102,Tue Oct 24 22:43:42 +0000 2017,Need a new home and auto insurance provider because 3 strikes your out means cancelling @12150 &amp; @131610 #recommendation ?,1902929,ask_progressive,Wed Oct 25 00:11:11 +0000 2017,"@567102 Can we look into anything for you? If so, please DM your policy number, phone number and any additional details. ^KF https://t.co/ioHhsJSLde",
1902956,326061,Tue Oct 24 22:32:17 +0000 2017,My blood pressure is through the roof thanks to @131610. I need some calming advise/vibes. Can you guys help?,1902955,ask_progressive,Wed Oct 25 01:02:02 +0000 2017,@326061 @131610 I’m sorry for your frustrations and wish to share your feedback with our Roadside team. Can you please DM your policy/phone number? ^JT https://t.co/ioHhsJSLde,
1902958,567112,Tue Oct 24 22:50:32 +0000 2017,"@131610 
I love you guys, but you make it hard to start automatic payments (can't find it).  Is this available for motorcyclists?",1902957,ask_progressive,Tue Oct 24 23:30:25 +0000 2017,"@567112 @131610 Typically, auto-pay is available on motorcycle policies. So we can check on this for you, can you please DM your policy number? ^SS https://t.co/ioHhsJSLde",
1902964,567115,Wed Oct 25 00:13:09 +0000 2017,@131610 There were 8 hard breaks during my oil change because I left the snapshot in. How can we remove those from the record? 😔 https://t.co/I7tmiIgBVp,1902963,ask_progressive,Wed Oct 25 00:36:40 +0000 2017,"@567115 @131610 Let's see what we can do. Please call our Snapshot specialists at 877-329-7283, Monday-Saturday, 8AM-midnight EDT. ^SS",
1907555,568349,Wed Oct 25 14:44:15 +0000 2017,The fact that @131610 incorrectly reported my insurance to the DMV and my license suspended 😡😡,1907554,ask_progressive,Wed Oct 25 15:27:06 +0000 2017,@568349 @131610 We’re sorry and want to look into this. Can you please DM your policy number using the link and any more details you're able to share? ^RL https://t.co/ioHhsJSLde,
1909648,568881,Wed Oct 18 02:39:33 +0000 2017,Found out my car insurance rate went down with @131610 today! Pretty pumped about that! #safedriver,1909647,ask_progressive,Wed Oct 18 11:42:21 +0000 2017,@568881 @131610 We'd be pretty pumped too!,
1910117,569030,Tue Oct 24 14:53:07 +0000 2017,God.. @131610 needs to get their shit together. 🙄,1910116,ask_progressive,Tue Oct 24 16:58:35 +0000 2017,"@569030 @131610 Can we look into anything for you? If so, please use the link below to DM your policy or claim number along with details. ^RL https://t.co/ioHhsJSLde",
1910138,424262,Tue Oct 24 16:51:23 +0000 2017,Thinking abt switching from my very expensive @131610 #carinsurance. Anyone have any tips on alternate options in #Louisiana?,1910137,ask_progressive,Tue Oct 24 17:02:42 +0000 2017,"@424262 @131610 We'd hate for you to go, Alessandra. If you haven't already, please call one of our specialists at 866-416-2003 for a policy review. ^JH",
1910140,569040,Tue Oct 24 19:04:17 +0000 2017,"Gotta say, the @131610 agent who's been handling my claim has been pretty great. Considerate and not robotic and I'm pleased.",1910139,ask_progressive,Tue Oct 24 19:21:44 +0000 2017,"@569040 @131610 Thanks for your feedback, and I'd love to share this with our Claims team. Can you please DM your claim number? ^AA https://t.co/ioHhsJSLde",
1911253,569352,Thu Oct 26 14:42:15 +0000 2017,@131610 has the worst auto insurance. Why pay 100s of dollars for Claim reps to do NOTHING Or BE 5% informative for claims!! MAADD,1911252,ask_progressive,Thu Oct 26 15:27:49 +0000 2017,"@569352 I'm sorry for your experience, and I'd like to help. Can you DM your claim number and additional details? ^AA https://t.co/ioHhsJSLde",
1913768,570052,Wed Oct 25 18:20:00 +0000 2017,"@131610 I used to want progressive, now I resent it. https://t.co/rCatEHFay8",1913767,ask_progressive,Wed Oct 25 20:14:16 +0000 2017,"@570052 Is there something we can look into? If so, please DM your policy or claim number and any details you can share. ^JH https://t.co/ioHhsJSLde",
1913821,408061,Wed Oct 25 18:22:56 +0000 2017,Also had @131610 for only a month and I'm already disappointed in their customer service too! Today is not my day.,1913820,ask_progressive,Wed Oct 25 18:27:59 +0000 2017,"@408061 Can we look into anything for you? If so, please DM your policy number and any details you'd like to share. ^JK https://t.co/ioHhsJSLde",
1915943,140924,Wed Oct 25 18:55:03 +0000 2017,Might be time to leave @131610 after that terrible customer service I just got. So tired of poor customer service.,1915942,ask_progressive,Thu Oct 26 00:00:16 +0000 2017,@140924 We're sorry for your experience and want to look into it. Can you please send us a DM with your phone number? ^KF https://t.co/ioHhsJSLde,
1919547,571487,Thu Oct 26 03:11:44 +0000 2017,@131610 I haven’t been in any accidents or gotten tickets so why my insurance go up?,1919546,ask_progressive,Thu Oct 26 13:18:28 +0000 2017,"@571487 @131610 So we can check the reason for the increase and look for ways to save, please log into your policy to “Chat” Mon-Fri 5AM-12AM EDT. ^RL",
1925620,573151,Fri Oct 27 13:47:48 +0000 2017,Thank you @131610 for making that claim painless and for having a great customer service representstive; Joan.,1925619,ask_progressive,Fri Oct 27 14:20:47 +0000 2017,"@573151 I'm happy our Claims team made the process painless, and I'd like to share your compliment. Can you DM your claim number? ^AA https://t.co/ioHhsJSLde",
1938065,576516,Fri Oct 27 23:47:07 +0000 2017,@131610 A chat with your rep on the app and she disconnected the chat without even a sentence on my issue. Screenshots of the convo. https://t.co/pXxhqQnSEU,1938064,ask_progressive,Sat Oct 28 01:03:28 +0000 2017,"@576516 Sorry for any frustration. So we can look into this, please DM us your policy number and any other details you can share. ^BB https://t.co/ioHhsJSLde",
1938104,311675,Fri Oct 27 21:56:47 +0000 2017,@131610 Do you really think it’s fair to have to pay roughly $175 for 13 days of insurance? #ProgressiveSucks,1938103,ask_progressive,Fri Oct 27 22:30:45 +0000 2017,"@311675 Is there anything we can look into? If so, please use the link to DM your policy number and any additional details. ^JJ https://t.co/ioHhsJSLde",
2000482,591509,Wed Oct 18 17:19:41 +0000 2017,@ask_progressive @131610 Thanks for the reply.  I was told by State Farm that the minimum is $1K in Texas which is law. Are we sure this is the TX amount?,2000481,ask_progressive,Wed Oct 18 17:46:05 +0000 2017,"@591509 @131610 So we can go over your questions in more detail, please call us at 855-266-8485. ^JH",
2000484,591509,Wed Oct 18 14:48:53 +0000 2017,"@131610  I see that you have ""minor accident"" forgiveness.  Can you provide me details on how this works for Texas.",2000485,ask_progressive,Wed Oct 18 15:22:12 +0000 2017,"@591509 @131610 If you'd like more info on this or anything else, please call 855-266-8485 anytime. ^JK",
2000484,591509,Wed Oct 18 14:48:53 +0000 2017,"@131610  I see that you have ""minor accident"" forgiveness.  Can you provide me details on how this works for Texas.",2000483,ask_progressive,Wed Oct 18 15:21:51 +0000 2017,@591509 @131610 Thanks for asking. Small Accident Forgiveness can apply to a Progressive claim with a payout of under $500.,2000482
2000498,236038,Tue Oct 17 22:02:04 +0000 2017,@131610 It would be nice if I had a claims rep who read her messages and called people. This repair process has taken a serious toll on my personal life and no one cares,2000497,ask_progressive,Wed Oct 18 17:20:18 +0000 2017,"@236038 @131610 I'm sorry for your experience, and I'd like to help. Can you DM your claim number? ^AA https://t.co/ioHhsJSLde",
2000500,591515,Wed Oct 18 16:00:33 +0000 2017,"@131610 sure wish I could here back about my claim from Sept 1st... or you know, have my claim manager call me back, 3 voicemails later",2000499,ask_progressive,Wed Oct 18 16:24:13 +0000 2017,"@591515 @131610 Can I help? If so, please send a DM with your claim number. ^AA",
2047164,406202,Sat Sep 30 16:32:40 +0000 2017,@131610 25 mins on hold.....I just want to talk to a person!!!! https://t.co/ft6kH0EMZu,2047163,ask_progressive,Sun Oct 01 14:43:19 +0000 2017,"@406202 We're sorry for the wait &amp; would hate to see you go. So we can review your policy together, please DM your policy number. ^JH https://t.co/ioHhsJSLde",
2047166,315661,Fri Sep 29 16:26:56 +0000 2017,I'm honestly completely frustrated with @131610 I can't get a rep on the phone and can't log in...wth,2047165,ask_progressive,Fri Sep 29 16:42:44 +0000 2017,"@315661 Sorry for the frustration. Can we look into anything for you? If so, please DM your policy or claim number and details. ^RL https://t.co/ioHhsJSLde",
2047168,605440,Thu Sep 28 17:20:26 +0000 2017,I think is time to leave @131610 they lie to you in the phone and then when road assistance is on the way they wanna charge you!!!,2047167,ask_progressive,Fri Sep 29 15:43:44 +0000 2017,"@605440 If there's feedback you'd like to share with our Roadside team, please DM your policy #, phone # and additional details. ^AA https://t.co/ioHhsJSLde",
2047172,605442,Sat Sep 30 20:30:02 +0000 2017,@131610 I've been on hold for 15 minutes... hurry up and answer,2047171,ask_progressive,Sun Oct 01 15:55:52 +0000 2017,"@605442 We're sorry for the wait, Sydney. If you still need help, please DM your policy/claim number &amp; any questions you may have. ^JH https://t.co/ioHhsJSLde",
2047174,605443,Wed Oct 04 01:44:40 +0000 2017,@131610 @ask_progressive someone please contact me to perhaps explain a number of egregious instances occurring w/ a current situation,2047173,ask_progressive,Wed Oct 04 11:34:46 +0000 2017,@605443 Hi Robert - How can we help? Can you please DM your policy or claim number along with any details you can share? https://t.co/ioHhsJSLde,
2047176,605444,Thu Sep 28 19:10:01 +0000 2017,It's super cool &amp; efficient that a month after Harvey @131610 literally lost my boyfriend's truck and obvi haven't evaluated it either!,2047175,ask_progressive,Thu Sep 28 19:21:59 +0000 2017,"@605444 I'm sorry for your experience, and I'd like to share your feedback with our Claims team. Can you DM the claim number? ^AA https://t.co/ioHhsJSLde",
2047178,605445,Fri Sep 29 18:00:31 +0000 2017,@131610 is making my life so difficult! My newborn and I can't go without a car!,2047177,ask_progressive,Sat Sep 30 16:10:32 +0000 2017,"@605445 I'm sorry for your experience, and I'd like to share your feedback with our Claims team. Can you DM your claim number? ^AA https://t.co/ioHhsJSLde",
2047182,605447,Sat Sep 30 18:05:25 +0000 2017,Definitely leaving @ask_progressive I have3 cars in my policy and was just treated terribly. What about @3976 or @11639,2047181,ask_progressive,Sun Oct 01 15:23:23 +0000 2017,"@605447 Can we look into this for you? If so, please DM your policy or claim number along with any details you'd like to share. ^JH https://t.co/ioHhsJSLde",
2047184,605448,Wed Oct 04 13:55:40 +0000 2017,@131610   Shame on you for not explaining that you do not cover rental car expenses when a cash claim is paid out!,2047183,ask_progressive,Wed Oct 04 14:17:43 +0000 2017,"@605448 I'm sorry for your experience, and I'd like to share your feedback with our Claims team. Can you DM your claim number? ^AA https://t.co/ioHhsJSLde",
2047189,605450,Mon Oct 02 23:32:42 +0000 2017,"If you’re looking for car insurance , do NOT , I repeat , DO NOT choose @131610 WORST service I’ve EVER experienced!!!!!!",2047188,ask_progressive,Tue Oct 03 00:42:47 +0000 2017,"@605450  Is there anything we can look into for you, Danielle? If so, please DM your policy number and more info on what happened. ^DB https://t.co/ioHhsJSLde",
2047200,605453,Sat Sep 30 01:29:03 +0000 2017,"2 different letters, same day, still waiting on some customer service from @131610 
I have been resubmitting my paperwork for renewal for MONTHS and still no answer 😒 but thanks for the jar opener!! https://t.co/ZCU1DWv6ew",2047199,ask_progressive,Sat Sep 30 17:07:09 +0000 2017,"@605453 Can we look into this for you? If so, please use the link to DM us with your policy number and any other details. ^SS https://t.co/ioHhsJSLde",
2047202,162463,Tue Sep 26 19:58:49 +0000 2017,Hey @ask_progressive tried to call about my renter's insurance but got a message saying I get $100 gift card if I give card info. Is that u?,2047201,ask_progressive,Wed Sep 27 00:07:09 +0000 2017,@162463 We'd like to look into this. Can you please send us a DM with the number you called? You can also reach us at 888-671-1132. ^KF https://t.co/ioHhsJSLde,
2047204,605454,Fri Sep 29 20:33:02 +0000 2017,@131610 Even worse. Finally had someone hunt her down and I got the worst BS excuse for her NOT DOING HER JOB. Contacting Michael Sieger for help.,2047203,ask_progressive,Sat Sep 30 15:52:10 +0000 2017,"@605454 I'm sorry for your experience, and I'd like to help. Can you DM your claim number and additional details? ^AA https://t.co/ioHhsJSLde",
2047217,605458,Fri Sep 29 19:48:10 +0000 2017,@131610 has possibly been the worst insurance ever. I’m switching this month but they can do without my $500 a month 🤷🏽‍♀️✌🏽,2047216,ask_progressive,Fri Sep 29 20:27:16 +0000 2017,"@605458 Is there anything we can help with? If so, please use the link to DM your policy/claim number and any other details. ^SS https://t.co/ioHhsJSLde",
2047219,605459,Sat Sep 30 16:23:48 +0000 2017,.@131610 I've been calling for a half hour and the phone system keeps hanging up on me 😢,2047218,ask_progressive,Sun Oct 01 14:31:43 +0000 2017,"@605459 We're sorry for the long wait, Candice. If you still need help, please DM your policy # and any questions you may have. ^JH https://t.co/ioHhsJSLde",
2047224,605461,Tue Oct 03 22:36:29 +0000 2017,@115888 @131610 correction: i called roadside assistance at 4:08pm. it was a 17min call. so i’ve been waiting for ASSISTANCE for 2 hours and 11 mins,2047222,ask_progressive,Wed Oct 04 13:18:41 +0000 2017,"@605461 I'm sorry for your experience, and I'd like to share your feedback with Roadside. Can you DM your policy # and phone #? ^AA https://t.co/ioHhsJSLde",2047223
2047231,605462,Sat Sep 30 17:42:46 +0000 2017,"@131610 Did I say 13, I meant 20 minutes now. Leaving your company asap. Terrible customer service. #yousuck",2047230,ask_progressive,Sun Oct 01 15:03:19 +0000 2017,"@605462 We're sorry for the long wait. If you still need help, please DM your policy number and any questions you may have. ^JH https://t.co/ioHhsJSLde",
2047234,605463,Fri Sep 29 14:47:35 +0000 2017,Shoutout to @131610 roadside assistance! 🤗🙏🏾,2047233,ask_progressive,Fri Sep 29 15:12:29 +0000 2017,"@605463 Thanks for the shout-out, and I'd like to share your feedback. Can you DM your policy/phone # and additional details? ^AA https://t.co/ioHhsJSLde",
2047236,144372,Tue Oct 03 22:01:01 +0000 2017,".@131610 Please train your agents that when a caller says they are married, not to assume spouse is opposite gender.",2047235,ask_progressive,Tue Oct 03 23:13:05 +0000 2017,@144372 We're sorry for any frustration and would like to look into this. Can you please DM your policy number and any other details. ^BB https://t.co/ioHhsJSLde,
2047238,605464,Thu Sep 28 17:53:18 +0000 2017,@131610 Shout out to Janette(Sup Deanna) Such empathy and caring is rarely found in a human. Promote immediately!,2047237,ask_progressive,Thu Sep 28 18:47:25 +0000 2017,"@605464 Now that's what we call a compliment! Can we share this with Janette? If so, please DM us your policy number. ^BB https://t.co/ioHhsJSLde",
2047240,605465,Tue Oct 03 21:14:34 +0000 2017,Highly upset with @131610 after the years my mother has been with the company. We're about to switch to @3484 and be in good hands,2047239,ask_progressive,Tue Oct 03 22:03:08 +0000 2017,"@605465 We're sorry we let you two down. If we can look into anything, please have your mom DM her policy number and details. ^SS https://t.co/ioHhsJSLde",
2047242,605466,Wed Oct 04 11:55:24 +0000 2017,"@131610 You extend my date bc of Irma, take my money out 16 days too early, then cancel my policy bc of YOUR mistake? Rude.",2047241,ask_progressive,Wed Oct 04 12:16:57 +0000 2017,"@605466 We'd like to look into this. So we can, please use the link to DM your policy number and details. ^JJ https://t.co/ioHhsJSLde",
2047244,605467,Sat Sep 30 22:28:26 +0000 2017,@131610 Is it possible to put my car insurance policy on hold temporarily?,2047243,ask_progressive,Mon Oct 02 12:01:43 +0000 2017,"@605467 So we can go over your options together, can you please DM your policy number along with any other details you can share? ^JH https://t.co/ioHhsJSLde",
2047246,605468,Wed Sep 27 01:24:14 +0000 2017,"@131610 excellent customer service at your Midvale, UT office ✨ everything was quick and painless. Very considerate.",2047245,ask_progressive,Wed Sep 27 15:59:43 +0000 2017,"@605468 I'm glad our Claims team is taking good care of you, and I'd like to share your feedback. Can you DM your claim number? ^AA https://t.co/ioHhsJSLde",
2047248,398586,Mon Oct 02 13:24:49 +0000 2017,"@131610 am trying to request RMV-1 form. Online chat form doesn't work in Chrome/Safari, + phone support not being answered. Pls advise",2047247,ask_progressive,Mon Oct 02 14:39:00 +0000 2017,"@398586 We're sorry for any inconvenience; so we can get you to the right team, please DM your phone # and the best time to call. ^JK https://t.co/ioHhsJSLde",
2047250,605469,Sat Sep 30 22:09:11 +0000 2017,hey @131610 i just want you to not send me mail but i've been on hold for 40 minutes come on bro whats your email,2047249,ask_progressive,Sun Oct 01 16:23:50 +0000 2017,"@605469 We're sorry for the wait &amp; are here to help. To stop future mailers, please DM your name &amp; address exactly as they're listed. ^JH https://t.co/ioHhsJSLde",
2047252,605470,Tue Oct 03 20:06:08 +0000 2017,@ask_progressive can you refund my money please?,2047251,ask_progressive,Tue Oct 03 20:18:56 +0000 2017,"@605470 We'd like to look into this for you. So we can get started, please DM us your policy number and any details you can share. ^BB https://t.co/ioHhsJSLde",
2047254,605471,Thu Sep 28 14:05:56 +0000 2017,"@131610 @4936 I call @131610 and cancel the order. Not even 5 minutes later, the tow driver calls and says ""you canceled?"" I was gonna get you...",2047253,ask_progressive,Thu Sep 28 14:22:46 +0000 2017,"@605471 I'm terribly sorry for your experience, and I'd like to share your feedback. Can you DM your policy # and phone #? ^AA https://t.co/ioHhsJSLde",
2047264,273560,Fri Sep 29 13:55:58 +0000 2017,Y'all so full of shit @131610,2047263,ask_progressive,Fri Sep 29 15:44:53 +0000 2017,"@273560 Can we look into anything for you? If so, please DM your policy number and any details you'd like to share. ^JK https://t.co/ioHhsJSLde",
2047268,605475,Tue Sep 26 22:12:43 +0000 2017,"@131610 You guys really let my family down today. After ten years being loyal you get ""that's not my problem"" on the phone #goodbye",2047267,ask_progressive,Tue Sep 26 22:18:15 +0000 2017,"@605475 We're sorry we let you down. Can we look into anything for you? If so, please DM your policy/claim number and more info. ^SS https://t.co/ioHhsJSLde",
2047270,185046,Thu Sep 28 01:20:36 +0000 2017,@131610 this road side assistance is an our late and I have had to call the tow service twice #NotHappy,2047269,ask_progressive,Thu Sep 28 13:17:12 +0000 2017,"@185046 I'm sorry our Roadside team kept you waiting, and I'd like to share your feedback. Can you DM your policy # and phone #? ^AA https://t.co/ioHhsJSLde",
2047277,531688,Mon Oct 02 18:02:46 +0000 2017,I will never use a @131610 service center for my car repairs ever again they bs’d me smh,2047276,ask_progressive,Mon Oct 02 19:22:49 +0000 2017,"@531688 I'm sorry for your experience. If there's feedback you'd like to share, please DM your claim number and additional details. ^AA https://t.co/ioHhsJSLde",
2047279,605477,Sun Oct 01 20:24:58 +0000 2017,"@131610 But sure, hold onto that money for a little longer, @131610. My car rotted from flood water already, so it's not like it's being used.",2047278,ask_progressive,Mon Oct 02 14:45:31 +0000 2017,"@605477 I'm sorry for your experience, and I'd like to share your feedback with Claims. Can you please DM your claim number? ^AA https://t.co/ioHhsJSLde",
2047285,605478,Mon Oct 02 03:19:01 +0000 2017,@131610 where is flo bc I've been on hold for 20 mins now .. not ok,2047284,ask_progressive,Mon Oct 02 12:02:37 +0000 2017,"@605478 We're sorry for the delay; do you still need assistance? If so, please DM your policy number and any details. ^JK https://t.co/ioHhsJSLde",
2047991,605660,Thu Oct 05 01:14:49 +0000 2017,"@131610 Really irritated that your Road Assist left me hanging for 2 hours waiting for a tow YOU cancelled. Rude rep, on top of it.",2047990,ask_progressive,Thu Oct 05 13:19:11 +0000 2017,"@605660 I'm so sorry for your experience, and I'd like to share your feedback. Can you DM your policy number and phone number? ^AA https://t.co/ioHhsJSLde",
2050321,606326,Thu Oct 05 16:15:27 +0000 2017,@131610  866 840 4246 is scam city FYI let thy people know!,2050320,ask_progressive,Thu Oct 05 17:25:38 +0000 2017,"@606326 Sorry for any confusion; the number is one of ours. So we can look into why we called, please DM your policy number. ^SS https://t.co/ioHhsJB9OE",
2052055,606869,Thu Oct 05 21:24:51 +0000 2017,@131610 why am I unable to cash the draft I was sent as payment? My understanding is a draft is basically a money order. I'm a customer,2052054,ask_progressive,Thu Oct 05 21:37:28 +0000 2017,@606869 Let's get to the bottom of this. Can you please use the link to DM your policy or claim number along with any other details? ^SS https://t.co/ioHhsJSLde,
2052793,475982,Thu Oct 05 22:22:10 +0000 2017,I’ve been on hold for 12 minutes..... @131610,2052792,ask_progressive,Thu Oct 05 22:54:53 +0000 2017,"@475982 Sorry for the wait. If you still need help, please use the link to DM your policy number and more details. ^SS https://t.co/ioHhsJSLde",
2056344,608145,Thu Oct 05 20:56:01 +0000 2017,Y'ALL I GOT MY CAR BACK AND IT'S FIXED AND PERFECT IT'S SO PRETTY THANK YOU @131610 SERVICE CENTER https://t.co/P09ZPXewXl,2056341,ask_progressive,Fri Oct 06 19:20:24 +0000 2017,"@608145 You're welcome, and I'm glad your car is perfect. Can you DM your claim number and I'll share your shout-out? ^AA https://t.co/ioHhsJSLde","2056342,2056343"
2056348,608146,Thu Oct 05 20:28:08 +0000 2017,"@131610 Hey, Flo, your Roadside Assistance service is pretty screwed up. As are your Seattle vendors AND the customer survey outfit.",2056347,ask_progressive,Fri Oct 06 18:09:06 +0000 2017,"@608146 Sorry for your experience, and I'd like to share your feedback. Can you DM your policy/phone # and additional details? ^AA https://t.co/ioHhsJSLde",
2057351,608463,Fri Oct 06 20:31:08 +0000 2017,@131610 Policy holder since 2009. Computer problem not allowing my policy to be reinstated taking 8+hrs and still no set time in place,2057349,ask_progressive,Fri Oct 06 20:41:10 +0000 2017,"@608463 Can we look into this? If so, please use the link to DM your policy number and any other details you'd like to share. ^SS https://t.co/ioHhsJB9OE",2057350
2060475,609400,Sat Oct 07 01:29:40 +0000 2017,@131610 thanks a lot 4 UR roadside assistance. 1 flat tire &amp; u say that no 1can come help us for 2 hours. WTF WE PAY U 4 WHAT THEN?,2060474,ask_progressive,Sat Oct 07 13:01:46 +0000 2017,"@609400 I'm sorry for your experience, and I'd like to share your feedback. Can you DM your policy number and phone number? ^AA https://t.co/ioHhsJSLde",
2061504,609688,Fri Oct 06 07:29:06 +0000 2017,"@169074 I’ve been on hold to talk to you for 15 minutes, girl. What’s going on? 🙄",2061503,ask_progressive,Fri Oct 06 11:32:21 +0000 2017,"@609688 We're sorry for the wait. If you still need help, please DM your policy or claim number and any questions you may have. ^JH https://t.co/ioHhsJSLde",
2062724,610040,Fri Oct 06 00:20:11 +0000 2017,"Dear @131610,
When someone provides great service, I send a thank you card. Your AMAZING agent, Rachel Weed, deserves a shout out too!",2062723,ask_progressive,Fri Oct 06 13:10:05 +0000 2017,"@610040 Thanks for your shout-out, and I'd like to share this with Rachel and our Claims team. Can you DM your claim number? ^AA https://t.co/ioHhsJSLde",
2063137,610180,Wed Oct 18 19:16:24 +0000 2017,@131610 Person who hit me should be responsible not me. I called and left VM with her info as I didn’t have it on the first call.,2063136,ask_progressive,Wed Oct 18 19:46:56 +0000 2017,"@610180 @131610 I'm sorry for your experience. I'll share your concerns with our Claims team, and have someone follow up by the end of tomorrow. ^AA",
2065877,610922,Sat Oct 07 18:14:07 +0000 2017,@131610 may have cheaper prices but their employees are extremely rude... “did you not understand what I just explained to you?” #rude,2065876,ask_progressive,Sat Oct 07 23:26:55 +0000 2017,@610922 We're sorry to hear about your experience and would like to look into it. Could you DM your policy number and any details? ^JK https://t.co/ioHhsJB9OE,
2065887,610925,Sat Oct 07 18:27:43 +0000 2017,@131610 is great but calling me at 730 on a Sat to pay my bill is not cool. #timingiseverything #itwasntpastdue #neverpaidlate,2065886,ask_progressive,Sat Oct 07 23:43:46 +0000 2017,"@610925 We've shared this with our IT team; if you'd also like us to opt you out of reminder calls, please DM your policy #. ^JK https://t.co/ioHhsJSLde",
2072233,612900,Sat Oct 07 02:59:52 +0000 2017,@131610 your customer service people suck..I'm glad I didn't choose you. Let me money go btw it's been enough torture 😡,2072232,ask_progressive,Sat Oct 07 17:15:06 +0000 2017,"@612900 Is there something we can look into? If so, please reply with your policy or quote number and any details you can share. ^JH https://t.co/ioHhsJSLde",
2072237,612902,Sat Oct 07 02:06:16 +0000 2017,@131610 is the worst car insurance,2072236,ask_progressive,Sat Oct 07 16:53:39 +0000 2017,"@612902 Is there something we can look into? If so, please DM your policy or claim number and any details you'd like to share. ^JH https://t.co/ioHhsJSLde",
2074725,613584,Wed Nov 08 01:53:25 +0000 2017,Blane and Michael @131610 Home Advantage were so friendly and helpful! Not used to such positive customer service interactions.,2074726,ask_progressive,Wed Nov 08 02:19:35 +0000 2017,"@613584 We'd love to share your kind words with them! So we can, please use the link to DM your policy number. ^JJ",
2074725,613584,Wed Nov 08 01:53:25 +0000 2017,Blane and Michael @131610 Home Advantage were so friendly and helpful! Not used to such positive customer service interactions.,2074724,ask_progressive,Wed Nov 08 02:20:51 +0000 2017,@613584 https://t.co/ioHhsJSLde,
2074728,613585,Tue Nov 07 23:59:22 +0000 2017,"@ask_progressive Do we need to do it for discounts on every vehicle?

The ""no worries"" comment reads extremely tone deaf, too.",2074727,ask_progressive,Wed Nov 08 00:44:50 +0000 2017,"@613585 So we can go over this in more detail together and look for ways you may be able to save, give us a call anytime. ^SS",
2074728,613585,Tue Nov 07 23:59:22 +0000 2017,"@ask_progressive Do we need to do it for discounts on every vehicle?

The ""no worries"" comment reads extremely tone deaf, too.",2074729,ask_progressive,Wed Nov 08 00:44:32 +0000 2017,"@613585 If your new vehicle is replacing an old one, your results will transfer. If you're adding one, you can enroll it into the program.",
2074731,613585,Tue Nov 07 22:39:32 +0000 2017,"@ask_progressive If I get a new vehicle, do I need to use the snapshot on it, too?  You guys punished me for driving late, but I work nights.",2074730,ask_progressive,Tue Nov 07 22:55:16 +0000 2017,"@613585 No worries; while you have the option to participate in Snapshot, it's not required. ^SS",2074728
2074734,613586,Tue Nov 07 23:59:31 +0000 2017,"Just had a very pleasant experience with @131610 customer service rep Chris M., who helped me out of a jam. Thanks guys.",2074733,ask_progressive,Wed Nov 08 00:18:07 +0000 2017,"@613586 Thanks for sharing this. So we can pass this along to Chris and his supervisor, please use the link to DM your policy number. ^JJ https://t.co/ioHhsJSLde",
2074736,613587,Tue Nov 07 20:47:29 +0000 2017,@131610 You need to make sure everyone understands how to cancel a policy.. Took 3 phone calls and 1 chat session to figure it out....,2074735,ask_progressive,Tue Nov 07 21:10:59 +0000 2017,@613587 We're sorry for the experience you had and want to look into it. Can you please DM your policy number and more details? ^SS https://t.co/ioHhsJSLde,
2074738,613588,Tue Nov 07 19:25:12 +0000 2017,"V cool that someone hit me, totaled my car and yet because we have the same insurance they put us both at fault, @131610 wtf! 😡",2074737,ask_progressive,Tue Nov 07 19:29:18 +0000 2017,"@613588 I'm sorry for your frustrations, and I'd like to check on this. Can you DM your claim number? ^AA https://t.co/ioHhsJSLde",
2074741,613589,Tue Nov 07 18:50:19 +0000 2017,@131610-what's with the 150% rate hike...no accidents or other issues to speak of...#nameyourownprice? Thanks for nothing #flo. @11639,2074739,ask_progressive,Tue Nov 07 19:04:40 +0000 2017,"@613589 Let's take a look; so we can see what happened and review for possible savings, please call 866-416-2003 anytime. ^JK",2074740
2074743,613590,Tue Nov 07 18:44:22 +0000 2017,Hey @131610 Do you reply to  inquiries on Twitter? I sent a message 4 days ago about my claim issues and my local Adjustor (Mike C.) https://t.co/NVcPblnygS,2074742,ask_progressive,Tue Nov 07 18:48:33 +0000 2017,@613590 How can I help? Please send a DM with your claim number and additional details. ^AA https://t.co/ioHhsJSLde,
2074745,613591,Tue Nov 07 17:38:58 +0000 2017,When it comes to insurance @131610   Is not what they portray. Had an accident not at fault and now I’m being underpaid for the car😡😡😡😡,2074744,ask_progressive,Tue Nov 07 18:42:58 +0000 2017,"@613591 I'm sorry for your experience, and I'd like to make sure you're heard. Can you please DM your claim number? ^AA https://t.co/ioHhsJSLde",
2074747,613592,Tue Nov 07 16:21:30 +0000 2017,@131610 Your online system doesn't allow a cc that expires in 2023 to buy a policy online.  This millennial doesn't want to call-in. https://t.co/X6mGQe4Sgn,2074746,ask_progressive,Tue Nov 07 16:48:02 +0000 2017,@613592 We're sorry for any issues and would like to help; could you DM your quote number and the type of device you're using? ^JK https://t.co/ioHhsJSLde,
2074751,613594,Tue Nov 07 16:19:33 +0000 2017,@131610 thank you for screwing me out of several hundred dollars before and after I cancelled my insurance 😡😡😡,2074750,ask_progressive,Tue Nov 07 16:34:34 +0000 2017,"@613594 Can we look into this for you? If so, please DM your policy number and any details you'd like to share. ^JK https://t.co/ioHhsJSLde",
2074753,613595,Tue Nov 07 16:22:01 +0000 2017,Disgusting customer service  @131610,2074752,ask_progressive,Tue Nov 07 16:30:34 +0000 2017,"@613595 Can we help? If so, please DM your policy number and any details you'd like to share. ^JK https://t.co/ioHhsJSLde",
2074755,613596,Tue Nov 07 15:50:17 +0000 2017,@131610 can anyone help to expedite this refund process?,2074754,ask_progressive,Tue Nov 07 16:07:49 +0000 2017,"@613596 While we send the refund back as soon as possible, a waiting period allows us to make sure the payment has cleared. ^JK",
2074757,613597,Tue Nov 07 13:51:38 +0000 2017,Another awful @131610 insurance experience 15yrs or so w/ them im out. Anyone have a co. They recommend for auto?,2074756,ask_progressive,Tue Nov 07 14:08:16 +0000 2017,"@613597 Can we look into anything for you? If so, please DM your policy number and any details you'd like to share. ^JK https://t.co/ioHhsJSLde",
2074759,613598,Tue Nov 07 00:22:56 +0000 2017,"@169074 Apparently, Progressive’s phone skills are comparable to their claim payment skills.",2074758,ask_progressive,Tue Nov 07 13:51:06 +0000 2017,"@613598 I'm sorry for your experience. If there's feedback you'd like to share, DM your claim number and additional details. ^AA https://t.co/ioHhsJSLde",
2074762,613599,Mon Nov 06 23:08:18 +0000 2017,Thank you @131610 for sending Roadside assistance. I made it to the tire shop with literally 1 minute before closing. 😌,2074761,ask_progressive,Tue Nov 07 13:34:47 +0000 2017,"@613599 So glad you made it on time! I'll send this to our Roadside team, and let us know if you need anything else. ^TF",
2074766,613600,Mon Nov 06 20:09:39 +0000 2017,"I'm beyond frustrated with @131610. I need answers not bullshit excuses, someone dropped the ball. Let's get it together!!!!",2074765,ask_progressive,Mon Nov 06 20:24:59 +0000 2017,"@613600 Can we look into this for you? If so, please DM your policy or claim number along with any details you'd like to share. ^JH https://t.co/ioHhsJSLde",
2074768,613601,Mon Nov 06 17:02:29 +0000 2017,@131610 I’ve been on hold for 35 mins waiting for the “glass department”. This is ridiculous https://t.co/ZjirXco2r3,2074767,ask_progressive,Mon Nov 06 17:24:12 +0000 2017,"@613601 I'm sorry we've kept you on hold. You can file online at https://t.co/FMOaYSC967, or call Glass direct at 800-287-5078. ^TF",
2074775,613605,Mon Nov 06 03:42:47 +0000 2017,"Hey @131610, your login page has been returning a 400 error on @9242 for the last few days. #TheMoreYouKnow",2074774,ask_progressive,Mon Nov 06 14:13:48 +0000 2017,@613605 Thanks for passing this along; our tech team is currently aware and is investigating the issue. ^JK,
2074777,613606,Sun Nov 05 15:10:38 +0000 2017,"Yall, it's been over 2 hours and @131610 still hasn't sent roadside assistance.",2074776,ask_progressive,Mon Nov 06 13:00:11 +0000 2017,"@613606 I'm sorry the Roadside team kept you waiting, and I'd like to share your feedback.  Can you DM your policy and phone numbers? ^JT",
2074779,613607,Sat Nov 04 03:11:14 +0000 2017,"Hey @131610, getting my car fixed this week was totally painless and you guys were legit amazing. Thank you 🙏",2074778,ask_progressive,Mon Nov 06 12:55:25 +0000 2017,"@613607 Awesome, thanks for the shout-out. Happy to help! ^JT",
2074799,613612,Fri Nov 03 23:50:14 +0000 2017,@131610 how do you reach a person? My wife has been sitting by the road for over 2 hrs  and your automated won't connect to a person!,2074798,ask_progressive,Mon Nov 06 12:54:35 +0000 2017,@613612 I'm sorry for the experience and I'd like to share with the Roadside team.  Can you DM your policy and phone numbers? ^JT,
2074801,515467,Sun Nov 05 14:36:10 +0000 2017,"@ask_progressive your website is not working, can't log into my account",2074800,ask_progressive,Sun Nov 05 23:21:58 +0000 2017,"@515467 If you're still having issues accessing your policy, please DM your policy number and phone number. ^KR https://t.co/ioHhsJSLde",
2074807,211672,Sun Nov 05 02:02:44 +0000 2017,"@131610 Hello! Been trying to get an RMV-, called 2x now, and the agents still cannot get it done. Any thoughts on who else to call?",2074806,ask_progressive,Sun Nov 05 19:18:46 +0000 2017,@211672 Please send us a private message with your policy number and details surrounding the RMV form; we'll do our best help. ^BY https://t.co/ioHhsJSLde,
2074809,613615,Sat Nov 04 03:07:50 +0000 2017,"Having @131610 has been SO annoying. No accidents/claims, just want to autopay in peace but Nov bill is jacked and no one knows why omg",2074808,ask_progressive,Sat Nov 04 18:29:02 +0000 2017,"@613615 So we can review the billing, please DM your policy number using the link below. ^RL",
2074813,613616,Sat Nov 04 05:23:59 +0000 2017,@131610 Your website made you lose a potential client.Can't contact unless a client. My bday hasn't arrived so you won't give quote smh,2074812,ask_progressive,Sat Nov 04 18:25:35 +0000 2017,"@613616 @131610 We’d like to look into this and change your mind. When you have a moment, please call us anytime at 855-266-8485. ^RL",
2074815,613617,Sat Nov 04 02:44:15 +0000 2017,"@131610 Is there a way to answer a survey about a recent call? A representative decided to treat me like trash, I asked if there was a survey for the call I could do and she said no but id like to report it.",2074814,ask_progressive,Sat Nov 04 16:31:59 +0000 2017,@613617 @131610 We’re very sorry to hear this and want to help. Can you please DM your policy or claim number using the link below? ^RL https://t.co/ioHhsJSLde,
2074817,613618,Fri Nov 03 20:05:27 +0000 2017,EXCUSE ME @131610 WHY DID MY BILL GO UP BY $10 TF,2074816,ask_progressive,Fri Nov 03 20:43:19 +0000 2017,"@613618 We'd like to explain the change. So we can get started, please DM us your policy number. ~Brian https://t.co/ioHhsJSLde",
2074819,613619,Fri Nov 03 19:32:30 +0000 2017,@131610 do your claim reps ever call people back orrrr am I just being ignored,2074818,ask_progressive,Fri Nov 03 20:23:54 +0000 2017,@613619 I can understand why you're frustrated. Please DM me with your claim number &amp; I'll send this feedback to our Claims team. ^TF,
2074821,613620,Fri Nov 03 18:04:42 +0000 2017,@131610 is crooks &amp; I’m switching my service. After years of great service I don’t think I’ll be doing business with them after today.,2074820,ask_progressive,Fri Nov 03 18:30:43 +0000 2017,"@613620 Can we look into anything for you? If so, please DM your policy number and any details you'd like to share. ^JK https://t.co/ioHhsJSLde",
2074823,613621,Fri Nov 03 17:15:35 +0000 2017,Listen @131610 I'm trying to adult and get a price quote for auto insurance but your website won't load and I'm having a temper tantrum,2074822,ask_progressive,Fri Nov 03 17:56:34 +0000 2017,@613621 We're sorry for any inconvenience and would suggest trying a different browser or giving us a call at 855-266-8485. ^JK,
2074826,613622,Fri Nov 03 01:24:29 +0000 2017,@ask_progressive Called and they’re sourcing me out to an adjuster for a claim but this does nothing for how I’ll get to work daily until this issue is fixed,2074824,ask_progressive,Fri Nov 03 14:46:35 +0000 2017,@613622 I'd like to check on this for you. Could you DM your claim number so I can share this with our Claims team? ^TF,2074825
2074828,613622,Tue Oct 31 00:29:21 +0000 2017,"Hey @131610, waiting to hear back from my mechanic but I’m 99% sure your Snapshot device fried the ECU in my car. Need you to fix this.",2074827,ask_progressive,Tue Oct 31 00:50:29 +0000 2017,"@613622 We'd like to look into this. So we can get started, call our Snapshot team at 877-329-7283 (Mon-Sat, 8AM-midnight EDT). ^BB",2074826
2074830,613623,Fri Nov 03 00:00:32 +0000 2017,Deny my roof claim in spring. Inspect house in fall. Call my roof uninsurable in winter.  Thanks @131610.,2074829,ask_progressive,Fri Nov 03 14:20:34 +0000 2017,@613623 Can you please send us a DM with your policy number and phone number? We'd like to check on this. ^KF https://t.co/ioHhsJSLde,
2074832,613624,Thu Nov 02 22:04:13 +0000 2017,"supposed to get my Camaro back 3 days ago 
at this point I feel like progressive doesn’t even know where my car is 
WTF @131610",2074831,ask_progressive,Fri Nov 03 13:13:11 +0000 2017,"@613624 I'm sorry for your frustrations, and we'd like to check on this. Can you DM your claim number? ^TF",
2074834,613625,Fri Nov 03 03:12:03 +0000 2017,"I just switched to Progressive and saved over $5000/year on my 4-auto policy and home insurance bundle. Thanks, @169074 !",2074833,ask_progressive,Fri Nov 03 11:45:03 +0000 2017,@613625 Now that's some serious saving! We're glad to add to your wallet and happy you've joined our family!,
2074836,613626,Fri Nov 03 01:29:08 +0000 2017,Currently receiving THE WORST customer service from @131610 insurance. They clearly don’t care about their loyal customers 😒.,2074835,ask_progressive,Fri Nov 03 11:42:46 +0000 2017,"@613626 This isn’t the service we’d like you to have. So we can look into it, please DM policy or claim number and any details. ^CF https://t.co/ioHhsJSLde",
2074839,613627,Fri Nov 03 00:26:18 +0000 2017,"@ask_progressive I hope people understand, the reason you offer discount car insurance is because you provide discount service. Terrible!!",2074837,ask_progressive,Fri Nov 03 01:13:57 +0000 2017,"@613627 Is there anything we can look into for you? If so, please use the link to DM your policy/claim number and more details. ^SS https://t.co/ioHhsJSLde",2074838
2074842,613628,Thu Nov 02 22:59:29 +0000 2017,@131610 I hate you. Worse company hands down.,2074840,ask_progressive,Thu Nov 02 23:27:11 +0000 2017,"@613628 Is there anything we can look into for you? If so, please use the link to DM your policy/claim number and more details. ^SS https://t.co/ioHhsJSLde",2074841
2074844,613629,Thu Nov 02 22:13:30 +0000 2017,Getting insurance quotes = headache. So far @11639 is the lowest even though I already have one car under @131610.,2074843,ask_progressive,Thu Nov 02 22:56:36 +0000 2017,"@613629 Let’s see if there are any savings you’re missing out on. So we can help, call our consultants anytime at 855-266-8485. ^BB",
2074846,613630,Thu Nov 02 21:38:15 +0000 2017,@613631 @131610 Damn I need to look into them. They let you name your own price?,2074845,ask_progressive,Thu Nov 02 22:13:22 +0000 2017,@613630 Come check us out! You can get our rate along with our competitors at https://t.co/btpTCekUmh or by calling 855-266-8485. ^SS,
2074849,613632,Thu Nov 02 20:17:29 +0000 2017,Kudos @131610! Your policy owner admitted fault. I took my car to your center on 10/23 &amp; got it back 11/2!  The repairs are flawless! https://t.co/8ekJOkksVu,2074848,ask_progressive,Thu Nov 02 21:26:26 +0000 2017,"@613632 Thanks for the shout-out, Charles! Glad it was quick and easy, and happy to hear you're back on the road.",
2074851,362811,Thu Nov 02 18:21:04 +0000 2017,"@131610 customer service is horrendous 
I am so disappointed",2074850,ask_progressive,Thu Nov 02 18:47:12 +0000 2017,"@362811 We’re sorry to hear this. Can we look into anything for you? If so, please DM your policy number and details. ^RL https://t.co/ioHhsJSLde",
2074854,613633,Thu Nov 02 15:24:30 +0000 2017,The fact that my @131610 car insurance doesn’t cover the “act of god” of an entire tree falling on my parked car is enraging.,2074852,ask_progressive,Thu Nov 02 16:18:22 +0000 2017,"@613633 We hear you, and I'm sorry for your frustrations. Our Claims team can help, and I've shared your feedback with them. ^AA",2074853
2074857,613635,Thu Nov 02 14:57:00 +0000 2017,@131610 how do I go about doing this,2074856,ask_progressive,Thu Nov 02 15:10:30 +0000 2017,@613635 We're happy to help! Please DM your policy number and the due date you'd like using the link below. ^RL https://t.co/ioHhsJSLde,
2074860,613636,Thu Nov 02 13:50:40 +0000 2017,Continuing my policy of shoutouts for good customer service: @131610 you are always lovely &amp; make what could be a headache very easy.,2074858,ask_progressive,Thu Nov 02 14:02:32 +0000 2017,@613636 We're glad we could make things easy for you and have shared your kind words with Michael and his supervisor. ^JK,2074859
2074862,613637,Wed Nov 01 22:58:25 +0000 2017,"@131610 anyone else reporting this error ""Bad Request - Request Too Long HTTP Error 400. The size of the request headers is too long.""?",2074861,ask_progressive,Thu Nov 02 01:05:00 +0000 2017,@613637 Let's see what's going on. Can you please DM your policy number and details on what you were doing when you got the error? ^SS,
2074866,613638,Thu Nov 02 00:36:01 +0000 2017,@131610  ....you are the absolute WORST!!!!!! #ScamAlert,2074863,ask_progressive,Thu Nov 02 00:51:12 +0000 2017,"@613638 Is there something we can look into? If so, please use the link to DM your policy number and any details you can share. ^JJ https://t.co/ioHhsJSLde","2074864,2074865"
2074868,613639,Wed Nov 01 20:48:45 +0000 2017,@ask_progressive I did that and I am getting the run around. I have an invoice for $390 and you took $530 no excuses,2074867,ask_progressive,Wed Nov 01 21:53:56 +0000 2017,"@613639 So we can take a further look into this for you, please DM us your policy number and any other details you can share. ^BB",
2074870,613639,Wed Nov 01 16:15:30 +0000 2017,@131610 how can you justify sending a bill for one amount but taking almost 2x’s that amount out of account without warning is crooked,2074869,ask_progressive,Wed Nov 01 16:57:42 +0000 2017,"@613639 We understand your frustration, Janetta and would like to get you in touch with a supervisor; please call 877-656-0914. ^JH",2074868
2074872,418354,Wed Nov 01 19:52:25 +0000 2017,@131610 just left houston office need appointment low ball offer i am one more waste of my time to sue! #lowballingharveyvictums,2074871,ask_progressive,Wed Nov 01 20:11:07 +0000 2017,@418354 I'm sorry about the experience you had at our claims office today. I'll send these concerns to our Claims team to review. ^TF,
2074874,613640,Wed Nov 01 18:48:25 +0000 2017,I️ am so over @131610 you want me to pay a deductible before you can repair my broken window,2074873,ask_progressive,Wed Nov 01 19:53:30 +0000 2017,@613640 We'd like to look into this for you. Can you DM your claim number so we can review your concerns? ^TF,
2074876,613641,Wed Nov 01 16:12:11 +0000 2017,"Votes for worst customer service 2017:

1. @115725 
2. @131610 

Maybe the companies care about their clients, but the CSR sure don't.",2074875,ask_progressive,Wed Nov 01 16:47:06 +0000 2017,"@613641 Is there anything we can look into for you? If so, please DM us your policy, quote or claim number and any other info. ^BB https://t.co/ioHhsJSLde",
2074878,613642,Tue Oct 31 22:12:09 +0000 2017,@131610  My truck gets vandalized right in front of my home and yet I have to pay to get it fixed.... why am I paying for insurance?,2074877,ask_progressive,Wed Nov 01 13:12:08 +0000 2017,@613642 This is an unfortunate situation. Please DM your claim number using the link below so the Claims team can review this. ^TF,
2074896,613646,Wed Nov 01 00:17:50 +0000 2017,#Shoutouts to @39989 who are here in 20 min. Vs 1.5 that lowzy @131610 offered and $97. Smh,2074895,ask_progressive,Wed Nov 01 11:48:28 +0000 2017,@613646 I'm sorry for the experience and I'd like to share with the Roadside team.  Can you DM your policy and phone numbers? ^JT,
2074898,613647,Tue Oct 31 21:38:30 +0000 2017,@131610 y’all got me fucking hot,2074897,ask_progressive,Wed Nov 01 00:08:26 +0000 2017,"@613647 Can we look into anything for you? If so, please use the link to DM your quote, policy or claim number and more details. ^SS https://t.co/ioHhsJSLde",
2074900,548638,Tue Oct 31 22:25:44 +0000 2017,@131610 I am having the worst ever road side assistance experience EVER . progressive road side is horrible!!!!!!!!!!!,2074899,ask_progressive,Wed Nov 01 00:05:40 +0000 2017,@548638 I’m sorry for the frustration and I’d like to share this with the Roadside team. Can you DM your policy/phone number? ^JT,
2074907,613649,Tue Oct 31 22:37:58 +0000 2017,Jesus! Just trying add another car to your insurance policy is a bloody nightmare! Come @131610 get your shit together #yesitriedonline,2074906,ask_progressive,Tue Oct 31 23:28:41 +0000 2017,"@613649 Sorry for any trouble! We can help you add a vehicle by chatting with us M-F, 5AM-12AM EDT, once you've logged into your policy.^SS",
2074909,613650,Tue Oct 31 16:31:46 +0000 2017,"@131610 Unhappy with claim processing. Got rear ended , driver has admitted the fault but claim service is still delayed.Need to speed.",2074908,ask_progressive,Tue Oct 31 18:26:00 +0000 2017,"@613650 I'm sorry we've kept you waiting, and see you've since talked to our Claims team. Please DM if you need additional help. ^AA https://t.co/ioHhsJSLde",
2074912,613651,Tue Oct 31 17:17:42 +0000 2017,"@432451 @131610 I feel your pain. I'm 9 months out from my house fire, and still not getting anywhere. #fightthegoodfight #insurancesucks #paymyclaim",2074910,ask_progressive,Tue Oct 31 18:09:21 +0000 2017,"@613651 Can we check on this for you? If so, please use the link and DM your claim number and phone number. ^KF https://t.co/ioHhsJSLde",2074911
2074915,432451,Tue Oct 31 16:42:31 +0000 2017,"This claim with @131610 is turning all too complicated. Always thought I'd have an agent to do this. Oh, and maybe a rental car?",2074914,ask_progressive,Tue Oct 31 17:47:38 +0000 2017,"@432451 We hear you, and I’m sorry for your frustrations. I'll share your concerns and have our Claims team follow up by tomorrow. ^AA",
2074918,613652,Tue Oct 31 16:33:38 +0000 2017,@131610 online quote system needs an overhaul. I've been trying to buy a policy for a month now. Do you want my money or not?,2074916,ask_progressive,Tue Oct 31 17:00:57 +0000 2017,"@613652 Sorry for any frustration. So we can get to the bottom of this, please call a licensed consultant anytime at 855-266-8485. ^JH",2074917
2074920,613653,Tue Oct 31 15:27:50 +0000 2017,Hey @131610 how long does it usually take for me to hear from a real person after filing a claim on app? #patientlywaiting,2074919,ask_progressive,Tue Oct 31 16:22:16 +0000 2017,@613653 I'm sorry about the wait and looks like you've spoken with our Claims team.  Let us know if you need any additional help. ^JT,
2074922,613654,Tue Oct 31 15:44:04 +0000 2017,@131610 roadside assistance is worthless! been waiting 4 hours in a city where it takes 15 minutes to drive from one side to the other,2074921,ask_progressive,Tue Oct 31 16:03:11 +0000 2017,"@613654 I'm sorry for your wait, and I'd like to check on this. Can you DM your policy number and phone number? ^AA https://t.co/ioHhsJSLde",
2074924,613655,Tue Oct 31 15:08:50 +0000 2017,"@131610 roadside assistance is the BEST thing! ❤ They've come to my rescue like 3x this year! (THIS time, I locked my keys in the 🚗)😩",2074923,ask_progressive,Tue Oct 31 15:57:40 +0000 2017,@613655 Thanks for the compliment! I'd love to share it with the Roadside team. Would you please DM your policy# and phone#? ^JT,
2074926,613656,Tue Oct 31 00:56:42 +0000 2017,"@131610 WHY have I yet to hear from my claims person. It’s been TWO whole days. I’ve called her 3x, emailed twice.",2074925,ask_progressive,Tue Oct 31 13:15:32 +0000 2017,"@613656 I'm sorry about the delay, and I'd like to check on this. Please DM your claim number using the link below.  ^TF",
2074928,613657,Mon Oct 30 20:51:58 +0000 2017,@131610 are you having phone issues? I’ve been disconnected 5 times with an agent....,2074927,ask_progressive,Mon Oct 30 22:18:02 +0000 2017,"@613657 Sorry about that! Our system issues have been resolved, if you haven't yet, please call back when you're able to. ^JJ",
2074932,613659,Mon Oct 30 20:24:03 +0000 2017,@131610 The phone number in question is 1-855-758-0630 and I am located in St Louis MO.,2074931,ask_progressive,Mon Oct 30 21:38:53 +0000 2017,"@613659 Sorry about that! We see you may have gotten help. If there's anything else we can do at this time, please let us know. ^BB",
2074935,470299,Mon Oct 30 19:06:34 +0000 2017,I’ve been calling @131610 for 45 minutes and it keeps disconnecting me while I’m on hold. I’m going to lose my freaking mind,2074934,ask_progressive,Mon Oct 30 20:41:55 +0000 2017,"@470299 If you still need help, please log into your policy and look for the link to “Chat”, Monday-Friday, 5AM-midnight EDT. ^SS",
2074935,470299,Mon Oct 30 19:06:34 +0000 2017,I’ve been calling @131610 for 45 minutes and it keeps disconnecting me while I’m on hold. I’m going to lose my freaking mind,2074936,ask_progressive,Mon Oct 30 20:41:44 +0000 2017,@470299 We're sorry for any inconvenience. We're currently experiencing issues with our phone system and working to get this fixed.,
2074938,613660,Mon Oct 30 19:10:55 +0000 2017,I keep trying to call @131610 customer support but their automated system keeps hanging up on me 🙃🙃🙃,2074937,ask_progressive,Mon Oct 30 20:16:04 +0000 2017,"@613660 In the meantime, please log into your policy and look for the link to “Chat”, Monday-Friday, 5AM-midnight EDT. ^SS",
2074938,613660,Mon Oct 30 19:10:55 +0000 2017,I keep trying to call @131610 customer support but their automated system keeps hanging up on me 🙃🙃🙃,2074939,ask_progressive,Mon Oct 30 20:15:49 +0000 2017,@613660 We're sorry for any frustration and should have our systems up and running shortly.,
2074941,613661,Mon Oct 30 19:07:58 +0000 2017,@131610 been trying to reach customer service and have been given an error &amp; disconnected each time.  Important to speak with someone!,2074940,ask_progressive,Mon Oct 30 20:09:48 +0000 2017,"@613661 Sorry about that, Melody. So we can help, please DM us your policy number and any details you can share. ^BB https://t.co/ioHhsJSLde",
2074943,613664,Mon Oct 30 19:05:03 +0000 2017,Been trying to get through to @131610 customer service for over an hour.. 😩😩😩,2074942,ask_progressive,Mon Oct 30 19:25:38 +0000 2017,"@613664 Otherwise, you can also log in at https://t.co/btpTCekUmh and select the option to ""Chat,"" 5AM-midnight EDT for faster service. ^JK",
2074943,613664,Mon Oct 30 19:05:03 +0000 2017,Been trying to get through to @131610 customer service for over an hour.. 😩😩😩,2074944,ask_progressive,Mon Oct 30 19:25:31 +0000 2017,"@613664 We're sorry for the delay; if you have general questions, please DM your policy number and any details you'd like to share. https://t.co/ioHhsJSLde",
2074946,613665,Mon Oct 30 18:36:24 +0000 2017,"@131610 has the worst customer service, miss you @11639",2074945,ask_progressive,Mon Oct 30 18:54:43 +0000 2017,"@613665 Is there something we can look into? If so, please DM your policy or claim number and any details you'd like to share. ^JH https://t.co/ioHhsJSLde",
2074948,613666,Mon Oct 30 16:45:37 +0000 2017,Hey @131610 I canceled my policy on October 6th where is my refund?? #unhappycustomer,2074947,ask_progressive,Mon Oct 30 17:29:38 +0000 2017,"@613666 @131610 So we can check on this, please DM your policy number using the link below. ^RL https://t.co/ioHhsJSLde",
2074952,169080,Mon Oct 30 17:05:59 +0000 2017,to add insult to injury. @131610 systems are down when i have a wreck. just great. thanks for taking $420+ /month for nothing. #switch,2074949,ask_progressive,Mon Oct 30 17:20:19 +0000 2017,@169080 I'm sorry for the inconvenience and frustrations. Please DM your claim number and I'll check on this for you. ^JT,"2074950,2074951"
2074956,613667,Mon Oct 30 04:12:27 +0000 2017,"@131610 I hve $20000 in temporary housing coverage! Why is it almost a month,I’m getting sicker &amp; paying out of my pocket to stay out! https://t.co/B1fMdWO4fw",2074953,ask_progressive,Mon Oct 30 16:23:21 +0000 2017,@613667 Can you please send us a DM with your claim number and phone number? We'd like to check on this. ^KF https://t.co/ioHhsJSLde,"2074954,2074955"
2074966,613668,Mon Oct 30 15:20:03 +0000 2017,"@ask_progressive @131610 I'm trying to get my policy info, but your service are offline. I'm trying to get a state inspection rn 😡",2074964,ask_progressive,Mon Oct 30 15:35:08 +0000 2017,"@613668 @131610 Sorry for the trouble. If there’s a general question we can answer, please send it in a DM along with your policy number using the link. ^RL https://t.co/ioHhsJSLde",2074965
2074969,613669,Mon Oct 30 13:02:57 +0000 2017,where can i file an official complaint w/ @131610? reps are trying to bully me into not filing a claim,2074968,ask_progressive,Mon Oct 30 14:57:15 +0000 2017,@613669 I’m sorry about your frustrations. Can you please DM the claim/policy number? We'll check on this for you. ^JT,
2074975,613671,Sun Oct 29 17:28:08 +0000 2017,@131610 From Canada:  I want to buy insurance for rental cars in Fla. I know I need a U.S. address.  Would a P. O. Box in NYS suffice?,2074974,ask_progressive,Mon Oct 30 14:36:24 +0000 2017,"@613671 To find one in the area where you’ll need coverage, please visit https://t.co/apxLeGhV5r. ^JK",
2074975,613671,Sun Oct 29 17:28:08 +0000 2017,@131610 From Canada:  I want to buy insurance for rental cars in Fla. I know I need a U.S. address.  Would a P. O. Box in NYS suffice?,2074976,ask_progressive,Mon Oct 30 14:36:13 +0000 2017,"@613671 While we don't have rental-only policies in FL, a  local agent may be able to help you get the coverage you need.",
2074978,613672,Mon Oct 30 13:35:59 +0000 2017,One &amp; one last thing about @131610 not only did they repair my car but they detailed the inside HELLO that’s the nicest thing ever 😭,2074977,ask_progressive,Mon Oct 30 13:52:08 +0000 2017,@613672 We appreciate your compliments! Please let us know if there’s anything else we can do for you. ^JT,
2074981,613674,Sat Oct 28 22:48:04 +0000 2017,@131610 please try to fix your phone system. I’ve been on hold for an hour and a half. Haven’t even spoken to anyone https://t.co/ir6JXHngQm,2074980,ask_progressive,Mon Oct 30 13:07:24 +0000 2017,"@613674 We're sorry for the long wait, Lisa. If you still need help, please DM your policy or claim number and any details can share. ^JH https://t.co/ioHhsJB9OE",
2074984,301480,Sun Oct 29 20:01:14 +0000 2017,@131610 hey I need an em 1 form to renew my registration...not sure how to go about that...dont see it under documents,2074982,ask_progressive,Mon Oct 30 12:40:27 +0000 2017,"@301480 We're happy to help; please call 855-266-8485 and ask for the Insurance Verification Team, M-F 8AM-7:50PM EDT. ^JK",2074983
2074987,613675,Sat Oct 28 15:02:14 +0000 2017,@131610 Whatever happened to the Progressive app for #iOS? It seems to have disappeared.,2074985,ask_progressive,Mon Oct 30 11:49:15 +0000 2017,@613675 Are your still having trouble? If so. please call us anytime at 855-266-8485.,2074986
2074991,613677,Sun Oct 29 02:50:33 +0000 2017,@131610 we need to have a chat,2074990,ask_progressive,Sun Oct 29 17:24:08 +0000 2017,@613677 Sorry for the delay; how can we help? Please DM us with your policy number and any other details you'd like to share. ^BY https://t.co/ioHhsJSLde,
2074993,613678,Sat Oct 28 00:49:58 +0000 2017,"Hey @131610 neighbor did this by accident to our home Oct 20. We want it fixed, that's all - no call yet?!? https://t.co/nTptTPP0Lx",2074992,ask_progressive,Sat Oct 28 13:53:08 +0000 2017,@613678  I’m sorry about the trouble and would like to share with the Claims team. Can you please DM your claim# and phone#? ^JT,
2074995,613679,Sat Oct 28 02:56:48 +0000 2017,car is dead I have @131610 Flo where are u to help me,2074994,ask_progressive,Sat Oct 28 12:54:58 +0000 2017,"@613679 I'm sorry for your troubles, and I'd like to share your feedback. Can you DM your policy/phone number, and details? ^AA https://t.co/ioHhsJSLde",
2077634,614467,Sun Oct 08 21:26:02 +0000 2017,"I have to say that after the flood and a couple of traffic collisions, @131610 has been great to work with. Cheers.",2077633,ask_progressive,Mon Oct 09 13:51:40 +0000 2017,"@614467 Thanks for the shout-out, and I'd like to share this with our Claims team. Can you DM your claim number? ^AA https://t.co/ioHhsJSLde",
2079134,614904,Mon Oct 09 03:04:04 +0000 2017,So glad I’ve been paying for @131610 roadside assistance for all these years &amp; my husband has been waiting 3hrs for a tow in danger!! 😡,2079133,ask_progressive,Mon Oct 09 17:34:31 +0000 2017,"@614904 I'm sorry our Roadside team dropped the ball, and I'd like to share your feedback. Can you DM your policy # and phone #? ^AA https://t.co/ioHhsJSLde",
2081732,615630,Tue Oct 10 15:12:15 +0000 2017,@131610 I want my money,2081731,ask_progressive,Tue Oct 10 15:39:30 +0000 2017,"@615630 Can we look into this for you? If so, please DM more details and your policy number using the link below. ^RL https://t.co/ioHhsJSLde",
2081734,615631,Tue Oct 10 15:07:04 +0000 2017,@131610 Your whole system is down? Why no status update here?,2081733,ask_progressive,Tue Oct 10 15:38:30 +0000 2017,"@615631 We're sorry for the inconvenience, please DM your questions and we’ll answer them when the systems are available. ^CF https://t.co/ioHhsJSLde",
2081736,615632,Mon Oct 09 23:57:01 +0000 2017,"Hey @131610 maybe if you're offering roadside assistance, they should um assist rather than leave people on the side of the road.",2081735,ask_progressive,Tue Oct 10 15:13:30 +0000 2017,"@615632 I'm sorry our Roadside team dropped the ball, and I'd like to share your feedback. Can you DM your policy/phone #? ^AA https://t.co/ioHhsJSLde",
2081740,615634,Tue Oct 10 14:11:48 +0000 2017,sent check out for 750$ to @131610 and said check is apparently just floating around somewhere not at progressive 😑 aka insur. lapse 😡,2081739,ask_progressive,Tue Oct 10 15:03:24 +0000 2017,"@615634 We understand your concern, Jolene. So we can look into this, can you please DM your policy number? ^JH https://t.co/ioHhsJSLde",
2095308,619016,Mon Oct 09 20:18:52 +0000 2017,"@131610 I have to say, your roadside assistance people are kind of rude.",2095307,ask_progressive,Tue Oct 10 11:49:25 +0000 2017,"@619016 I'm sorry for your experience, and I'd like to share your feedback. Can you DM your policy/phone #, and additional details? ^AA https://t.co/ioHhsJSLde",
2155367,286846,Thu Nov 09 01:04:37 +0000 2017,@131610 what’s the easiest way to add someone to a policy that already exists (for renter’s and auto) that already has their own Progressive policy for renter’s and auto?,2155366,ask_progressive,Thu Nov 09 01:51:17 +0000 2017,@286846 The easiest way is by phone; please call 855-266-8485 when you’re both available so we can update your policies together. ^JJ,
2155369,633234,Wed Nov 08 22:38:39 +0000 2017,I've been with @131610 4 years... never not once have I had a policy decrease... so frustrated!,2155368,ask_progressive,Wed Nov 08 23:07:29 +0000 2017,"@633234 Let's see if there are any ways for you to save. If you haven't already, call us anytime at 855-266-8485 for review. ^BB",
2155371,633235,Wed Nov 08 21:40:43 +0000 2017,"So I️ have a question @131610 @169074 : I️ have a #SnapShot in my car &amp; I️ get off work at 1:30am... because this is considered High Risk Driving Times, how much will this effect my rates?",2155372,ask_progressive,Wed Nov 08 22:40:34 +0000 2017,"@633235 While this would be monitored with Snapshot, you can still earn a discount by keeping the other factors to a minimum.",
2155371,633235,Wed Nov 08 21:40:43 +0000 2017,"So I️ have a question @131610 @169074 : I️ have a #SnapShot in my car &amp; I️ get off work at 1:30am... because this is considered High Risk Driving Times, how much will this effect my rates?",2155370,ask_progressive,Wed Nov 08 22:41:20 +0000 2017,"@633235 So we can go over your reports together, please call our Snapshot team at 877-329-7283 (Mon-Sat, 8AM-midnight EST). ^BB",
2155374,633236,Wed Nov 08 20:18:20 +0000 2017,"@131610 - In 10 yrs w/Progressive, never have I had such crappy service from Roadside Assistance as I've had over the past 5 days. Get a new contractor to handle Roadside Assistance, please.",2155373,ask_progressive,Wed Nov 08 20:23:48 +0000 2017,"@633236 Sorry our Roadside team dropped the ball, and I'd like to share your feedback. Can you DM your policy and phone number? ^AA https://t.co/ioHhsJSLde",
2155376,218112,Wed Nov 08 18:55:14 +0000 2017,"Terrance from @131610, you’re the man!",2155375,ask_progressive,Wed Nov 08 19:11:48 +0000 2017,"@218112 Can we share these kind words with Terrance? If so, please DM your policy number. ^JK https://t.co/ioHhsJSLde",
2155378,633237,Wed Nov 08 18:03:10 +0000 2017,@131610 hey guys..... explain something to me. Someone you insure runs a stop sign and totals my 77 year old moms car and YOU won't pay for it???? https://t.co/epaJoquqOq,2155377,ask_progressive,Wed Nov 08 18:08:46 +0000 2017,"@633237 Sorry for your frustrations, and I'd like to share your feedback with our Claims team. Can you DM your mom's claim number? ^AA https://t.co/ioHhsJSLde",
2155380,633238,Wed Nov 08 16:54:32 +0000 2017,@131610 it should never take 3 and a half hours for a tow!!! Thank God my toddler wasn’t with me in this cold weather 🌬😡,2155379,ask_progressive,Wed Nov 08 17:13:04 +0000 2017,@633238 I'm sorry it took so long to get you towed. I'd like to share your feedback; could you DM your policy and phone number? ^TF,
2155382,633239,Wed Nov 08 14:14:15 +0000 2017,Sept 29 collision w/a bear totaled our @11828 Sienna... Thank you @131610 for great service &amp; true care... https://t.co/fmtdcmiSW3,2155381,ask_progressive,Wed Nov 08 15:39:02 +0000 2017,@633239 We're happy to help and hope everyone is ok! ^TF,
2155385,475041,Wed Nov 08 15:02:45 +0000 2017,I think @3484 pulled some shady shit with my insurance @131610 and now somehow I am responsible for the $1500 on their shady shit or mistake.,2155383,ask_progressive,Wed Nov 08 15:26:02 +0000 2017,"@475041 Can we help? If so, please DM your claim number. ^AA https://t.co/ioHhsJSLde",2155384
2155387,633240,Wed Nov 08 06:00:40 +0000 2017,Not impressed with @169074 @131610 waited 4 towing over 90min b4 calling again only 2 learn U never called them. I was a sitting duck!!,2155386,ask_progressive,Wed Nov 08 15:23:19 +0000 2017,"@633240 I'm sorry we kept you waiting for so long. So I can provide feedback, could you DM your policy and telephone number? ^TF",
2155389,633241,Wed Nov 08 04:38:57 +0000 2017,@131610 What must I do to get service I am paying over $600 monthly for?  I’ve spent over 1 1/2 hours conferencing with your reps and RMIS to no avail. My. COI’s constantly get rejected due to clerical errors. And why can’t your reps receive emails to copy and paste info?,2155388,ask_progressive,Wed Nov 08 14:27:50 +0000 2017,@633241 Can you please send us a DM with your policy number and phone number? We'd like to check on this. ^KF https://t.co/ioHhsJSLde,
2172005,637014,Wed Nov 08 23:08:09 +0000 2017,Hey @131610 you can't help me out a little? I sacrificed my car to keep someone's pet alive. I could use any help you can lend.,2172004,ask_progressive,Thu Nov 09 13:48:21 +0000 2017,"@637014 I'd like to look into this for you. Could you send a DM with your claim number, and I'll forward this on to our Claims team? ^TF",
2172007,279827,Thu Nov 09 00:06:48 +0000 2017,Cancelled my @131610 roadside assistance request because @86115 is an awesome friend and will be here 45 minutes before my estimate,2172006,ask_progressive,Thu Nov 09 13:47:05 +0000 2017,"@279827 I'm sorry we kept you waiting. Thanks for the feedback, and I'll forward it to our Roadside team for review. ^TF",
2178183,638424,Thu Nov 09 01:08:55 +0000 2017,"One thing to get screwed, but not by your car insurance. 
@131610 sucks",2178182,ask_progressive,Thu Nov 09 15:22:45 +0000 2017,"@638424 Can we help with a claim or policy issue? If so, please DM your policy or claim number so we can review. ^TF",
2178185,638425,Thu Nov 09 12:09:33 +0000 2017,But also my car insurance was supposed to come out tomorrow and it came out today. @131610,2178184,ask_progressive,Thu Nov 09 14:10:45 +0000 2017,"@638425 So we can look into this for you, please send us a DM with your policy number and any details.  ^CF https://t.co/ioHhsJSLde",
2186386,640287,Thu Nov 09 18:29:57 +0000 2017,@ask_progressive I am having trouble with a claim. Agent giving me the runaround. Can someone please call me? I can't get through. Live on west coast but b/c of my east coast area code I keep getting connected to east coast agents.,2186385,ask_progressive,Thu Nov 09 18:39:56 +0000 2017,"@640287 I'm sorry for the trouble you're having in connecting with your adjuster. I'll send this to the Claims team, somebody will call you no later than the end of the day tomorrow, and not before 10AM west coast time. ^TF",
2186388,376917,Thu Nov 09 16:13:20 +0000 2017,@131610 I have a question,2186387,ask_progressive,Thu Nov 09 17:22:42 +0000 2017,@376917 We're happy to help; could you please DM your policy number and any questions? ^JK https://t.co/ioHhsJSLde,
2206855,645223,Thu Nov 09 23:19:32 +0000 2017,Having such a bad experience right now with @131610 me so pissed. 😠,2206853,ask_progressive,Thu Nov 09 23:41:27 +0000 2017,"@645223 Can we look into anything for you? If so, please use the link to DM your policy or claim number along with any other details you'd like to share. ^SS https://t.co/ioHhsJSLde",2206854
2206857,645224,Thu Nov 09 21:38:26 +0000 2017,@131610 your customer service to switch cars on my policy was A1,2206856,ask_progressive,Thu Nov 09 23:15:06 +0000 2017,@645224 That's what we like to hear! Can you please DM us your policy number and any details so we can pass on your compliment? ^BY https://t.co/ioHhsJSLde,
2206859,645225,Thu Nov 09 22:03:30 +0000 2017,"@131610 terrible service, agent hung up on me. Someone clearly hit my car while it was parked. I filed a police report - you’re marking me as at fault. Can’t get it fixed because there’s not ENOUGH damage. I hate EVERYTHING about this.",2206858,ask_progressive,Thu Nov 09 22:25:35 +0000 2017,"@645225 I'm sorry about the experience you've had with your claim. I see you've requested a supervisor to call. In the meantime, I'll share your concerns with the Claims team as well. ^TF",
2208328,645589,Fri Nov 10 01:34:15 +0000 2017,Every 6 months I get so excited about this. @131610 I have a perfect driving record lower my rate pls :))))))!!!!!!!! https://t.co/pLNbM7DhOA,2208327,ask_progressive,Fri Nov 10 01:59:51 +0000 2017,"@645589 Let's see what we can do! Please call us anytime at 855-266-8485 or log into your policy and look for the link to ""Chat"", Monday-Friday, 5AM-midnight EST. ^SS",
2221802,648903,Fri Nov 10 03:16:23 +0000 2017,@131610 Absolutely the WORSE customer service ever!See u n court!When ur customer service agent calls u stupid let’s see who writes the bigger check,2221801,ask_progressive,Fri Nov 10 12:27:45 +0000 2017,"@648903 Can we look into this for you? If so, please DM your policy or claim number and any additional details you're able to share. ^JH https://t.co/ioHhsJSLde",
2221804,648904,Fri Nov 10 03:20:05 +0000 2017,@131610 is horrible! Need new coverage ASAP,2221803,ask_progressive,Fri Nov 10 12:24:38 +0000 2017,"@648904 Can we look into anything for you? If so, please DM your policy number and any details you'd like to share. ^JK https://t.co/ioHhsJSLde",
222185,169056,Wed Oct 04 21:38:42 +0000 2017,@131610 Why am I being asked to create a new ID and password?,222186,ask_progressive,Wed Oct 04 22:17:24 +0000 2017,"@169056 Sorry for any inconvenience. We've recently updated our login criteria, to ensure your information is secure.",
222185,169056,Wed Oct 04 21:38:42 +0000 2017,@131610 Why am I being asked to create a new ID and password?,222184,ask_progressive,Wed Oct 04 22:17:59 +0000 2017,"@169056 If your old username and password didn't meet the new criteria, we're asking you to make a new one that does. ^BB",
222189,169057,Wed Oct 04 01:30:02 +0000 2017,"Dealing with @131610 claims department is terrible, can't get ahold of my claim agent 
Then they act like they were OTP for 3 hours...",222187,ask_progressive,Wed Oct 04 18:48:18 +0000 2017,"@169057 I'm sorry for your experience, and I'd like to help. Can you DM your claim number? ^AA https://t.co/ioHhsJSLde",222188
222191,169058,Wed Oct 04 17:24:20 +0000 2017,"The experience w @2102 through @131610 has been horrible.No cars 4weeks after #Irma,long waits/miscommunication.Any1 responsible?",222190,ask_progressive,Wed Oct 04 17:47:13 +0000 2017,"@169058 I'm sorry for the delay, and I'd like to share your feedback. Can you DM your claim number? ^AA https://t.co/ioHhsJSLde",
222193,169059,Wed Oct 04 14:35:25 +0000 2017,Nah @3976 is a scam. I'm changing my auto insurance today @11639 @131610 holla at me 👀,222192,ask_progressive,Wed Oct 04 15:31:16 +0000 2017,"@169059 To get started with a price that fits your budget, click https://t.co/Mh2KOcNDgo to quote with our Name Your Price Tool. ~Corrie",
222196,169060,Wed Oct 04 12:37:12 +0000 2017,Stolen car from FL recovered from Georgia &amp; involved in an accident- with comprehensive coverage who pays for towing .@131610 ????,222194,ask_progressive,Wed Oct 04 14:26:51 +0000 2017,"@169060 Is there a claim I can help with? If so, please DM the claim number. ^AA",222195
222201,169061,Tue Oct 03 14:57:26 +0000 2017,"I was hit @131610 has found the (insured) owner, but can't seem to locate the (uninsured) driver; so they're going 2deny my claim. #smh",222197,ask_progressive,Tue Oct 03 16:02:10 +0000 2017,"@169061 I'm sorry for your experience, and wanted to let you know I've shared your concerns with our Claims team. ^AA","222198,222199,222200"
222203,166373,Tue Oct 03 14:28:05 +0000 2017,WTF sort of question even is this? Why is this a range? #UXfail #forms /cc @131610 https://t.co/RXYFnHS5H4,222202,ask_progressive,Tue Oct 03 15:53:47 +0000 2017,"@166373 We're sorry for any confusion and have forwarded your tweets to our IT team. If you need anything else, please let us know. ^JK",
222205,169062,Tue Oct 03 14:57:06 +0000 2017,@131610 Increase my rate by 300%- no warning/accident/tickets then keep me on hold-hell waiting for agent. Not how to treat loyal cust.,222204,ask_progressive,Tue Oct 03 15:42:26 +0000 2017,"@169062 We're sorry for any frustration and see you were able to speak with a consultant. If you need anything else, let us know. ^JK",
222207,169063,Tue Oct 03 01:59:24 +0000 2017,wow. @131610 / @12150 are doubling my homeowners policy premium. DOUBLE. Guess it's time to shop/cancel.,222206,ask_progressive,Tue Oct 03 15:39:36 +0000 2017,"@169063 Can we look into this for you? If so, please use the link and DM your policy number and phone number. ^KF https://t.co/ioHhsJSLde",
222209,169064,Tue Oct 03 15:18:05 +0000 2017,"@ask_progressive I got it answered, finally. Thank you though.",222211,ask_progressive,Tue Oct 03 15:35:59 +0000 2017,@169064 You're welcome; please let us know if you need anything else. ^JK,
222210,169064,Tue Oct 03 14:56:56 +0000 2017,@131610 What happened to your customer service? Been waiting 3 days for answer to an email. Spent 20 min on hold Sat. No answer.,222208,ask_progressive,Tue Oct 03 15:14:23 +0000 2017,@169064 We're sorry for the wait but would be happy to answer any questions. Could you please DM your policy number and questions? ^JK,222209
222213,169065,Tue Oct 03 14:36:39 +0000 2017,"Dear @131610 I called 10 hours ago to get a quote.  It was 78.68, now 12 hours later I call to activate said quote and its 82.88? #wtf",222214,ask_progressive,Tue Oct 03 15:07:23 +0000 2017,@169065 Quote prices for a new policy are locked in until midnight on the day of the quote and can change after that if rates change.,
222213,169065,Tue Oct 03 14:36:39 +0000 2017,"Dear @131610 I called 10 hours ago to get a quote.  It was 78.68, now 12 hours later I call to activate said quote and its 82.88? #wtf",222212,ask_progressive,Tue Oct 03 15:07:34 +0000 2017,@169065 We're sorry to hear about your experience; could you provide your quote number so we can share the appropriate feedback? ^JK,
222217,169066,Mon Oct 02 17:56:03 +0000 2017,Removed one car from my @131610 policy and my rates went up. #ByeFelicia #wtf,222215,ask_progressive,Mon Oct 02 18:20:30 +0000 2017,"@169066 Let's look for other ways you can save. Please call us anytime at 855-266-8485 or log in to ""Chat"", M-F, 5AM-12AM EDT. ^SS",222216
222219,169067,Mon Oct 02 17:20:17 +0000 2017,@ask_progressive Ah! Luckily I just got in contact with my rep – thank you though!,222218,ask_progressive,Mon Oct 02 18:16:21 +0000 2017,@169067 No problem. Please let us know if we can assist you further. ^AA,
222224,169068,Mon Oct 02 16:32:49 +0000 2017,"@ask_progressive My previous username matched the reqs, why must it be new?",222222,ask_progressive,Mon Oct 02 17:25:12 +0000 2017,"@169068 Let's find out what's going on. So we can help you get logged in, please call us anytime at 855-266-8485. ^BB",222223
222226,169068,Mon Oct 02 15:57:58 +0000 2017,@131610 why are you making me create a new user id? Did something happen?,222225,ask_progressive,Mon Oct 02 16:25:45 +0000 2017,@169068 And we're asking anyone who's details don't match the new requirements to update their log in information. ^JK,222224
222226,169068,Mon Oct 02 15:57:58 +0000 2017,@131610 why are you making me create a new user id? Did something happen?,222227,ask_progressive,Mon Oct 02 16:25:36 +0000 2017,@169068 We're sorry for any inconvenience; we've updated our User ID and Password settings to increase their security.,
222229,169069,Mon Oct 02 14:23:35 +0000 2017,@131610 my username. I literally just want to know why after 6 months you guys wanna charge me $15 more a month. https://t.co/3NO9wGA6w2,222228,ask_progressive,Mon Oct 02 15:33:13 +0000 2017,@169069 We understand your concerns and have sent an email to the address on file to explain in detail. ^JK,
222231,169070,Mon Oct 02 14:38:02 +0000 2017,Hey @131610 I have a claim that's been sitting open for weeks. I've emailed receipts. Nobody contacting me. Poor service!,222230,ask_progressive,Mon Oct 02 15:02:38 +0000 2017,"@169070 I reviewed your claim, and confirmed we've received receipts. I'll have someone from our Claims team follow up by tomorrow. ^AA",
222233,169071,Fri Sep 29 13:42:04 +0000 2017,"@131610 I’m trying to love y’all, but why does #snapshot believe you’re not EVER supposed to break? This doesn’t allow 4 Real life 💯",222234,ask_progressive,Fri Sep 29 14:43:19 +0000 2017,@169071 Safety is always our priority. We understand some hard brakes are unavoidable and factor this into your results.,
222233,169071,Fri Sep 29 13:42:04 +0000 2017,"@131610 I’m trying to love y’all, but why does #snapshot believe you’re not EVER supposed to break? This doesn’t allow 4 Real life 💯",222232,ask_progressive,Fri Sep 29 14:43:36 +0000 2017,"@169071 If you'd like to review the Snapshot program with a specialist, please call us at 877-329-7283 (Mon-Sat, 8AM-Midnight EDT). ^JK",
222236,169072,Wed Sep 27 20:30:19 +0000 2017,Ppl need to boycott Progressive Insurance...My car was damaged on 9/15 and I'm still waiting too have my vehicle repaired! @131610,222235,ask_progressive,Thu Sep 28 18:27:49 +0000 2017,"@169072 I'm sorry we've kept you waiting, and I'd like to check on this. Can you DM your claim number? ^AA https://t.co/ioHhsJSLde",
222238,169073,Wed Sep 27 20:58:52 +0000 2017,@169074 having a claims person whose number always goes to voice mail is unacceptable,222237,ask_progressive,Thu Sep 28 18:23:24 +0000 2017,"@169073 Can I help? If so, please send a DM with your claim number. ^AA https://t.co/ioHhsJSLde",
222240,169075,Wed Sep 27 22:18:58 +0000 2017,@131610 alright I need someone to contact me regarding my acct and claim. By far the worst continuous service I have had in my life.,222239,ask_progressive,Thu Sep 28 18:18:20 +0000 2017,@169075 I'm happy to help. Can you please send a DM with your claim number and additional details? ^AA https://t.co/ioHhsJSLde,
222242,169076,Thu Sep 28 03:34:40 +0000 2017,@169074 I don't like progressive because they kept my helmut-that I PAID FOR- after I also Paid to have their insurance!,222241,ask_progressive,Thu Sep 28 15:21:50 +0000 2017,"@169076 Is there a claim I can help with? If so, please DM your claim number? ^AA https://t.co/ioHhsJSLde",
222247,169077,Thu Sep 28 13:58:25 +0000 2017,@169074 your insurance is way to expensive is not set up for people with disabilities to be able to afford no wonder people have to drive without,222244,ask_progressive,Thu Sep 28 14:29:07 +0000 2017,@169077 We know price is key and want to make sure you’re saving all you can. For a review call us anytime at 866-416-2003. ^RL,"222245,222246"
222249,160440,Tue Nov 07 08:42:14 +0000 2017,@169074 Kept billing me for two months after I cancelled my policy. @131610 #Insurancefraud,2074764,ask_progressive,Tue Nov 07 12:53:24 +0000 2017,"@160440 Can we look into this for you? If so, please DM your policy number and any details you'd like to share. ^JK https://t.co/ioHhsJSLde",
222250,591609,Wed Apr 12 14:02:50 +0000 2017,@169074 I have progressive and pay 180$ a month I'm not seeing much savings I only have 1 car,2000755,ask_progressive,Wed Apr 12 14:51:48 +0000 2017,"@591609 Let's make sure you’re saving all you can. For a policy review, please call us at 855-266-8485. ^JJ https://t.co/ioHhsJSLde",2000756
222251,613673,Sun Oct 29 00:59:56 +0000 2017,@169074 @169074 why yall raise my shit so high?,2074979,ask_progressive,Mon Oct 30 13:22:15 +0000 2017,@613673 Let's see what happened and make sure you have the best rate we can offer. Please call 855-266-8485 anytime. ^JK,
222252,765552,Fri Feb 17 23:15:04 +0000 2017,"@169074 sorry I not saving with progressive, matter fact they went up no reason why",2730681,ask_progressive,Sat Feb 18 01:24:30 +0000 2017,@765552 We know it's frustrating when rates go up. Let's look for new ways you can save by calling us anytime at 855-266-8485. ^MB,2730682
222257,121241,Wed Sep 27 22:10:13 +0000 2017,@131610 @169078 I've had the same policy for over 15yrs constantly so it not my end...,222253,ask_progressive,Wed Sep 27 22:51:13 +0000 2017,@121241 Let’s get this taken care of now and avoid any future issues; please give us a call at the number provided. ^BB,"222254,222255,222256"
222257,121241,Wed Sep 27 22:10:13 +0000 2017,@131610 @169078 I've had the same policy for over 15yrs constantly so it not my end...,222258,ask_progressive,Wed Sep 27 22:50:24 +0000 2017,"@121241 While we automatically send your information to the DMV, additional verification may be required in some situations.",222266
222268,169079,Wed Sep 27 16:54:49 +0000 2017,@131610 your automated phone system is down for how long?,222267,ask_progressive,Wed Sep 27 19:03:32 +0000 2017,"@169079 If you're having trouble getting through, you can log in to your policy and choose the ""Chat"" option (M-F, 5AM-midnight EDT). ^BB",
222268,169079,Wed Sep 27 16:54:49 +0000 2017,@131610 your automated phone system is down for how long?,222269,ask_progressive,Wed Sep 27 19:02:49 +0000 2017,"@169079 Sorry for any inconvenience, Eric. We're not aware of any issues with the automated system at this time.",
222273,169080,Wed Sep 27 15:25:48 +0000 2017,@ask_progressive Are you generally sharing this concern or are sepecifically sharing concern about my particular claim?,222270,ask_progressive,Wed Sep 27 17:23:53 +0000 2017,@169080 I've shared feedback specifically to your claim. ^AA,"222271,222272"
222276,169080,Wed Sep 27 14:39:19 +0000 2017,wasn’t in my car when it was damaged. known responsible party. still i have to give up $500 @131610? for something i wasn’t involved in,222274,ask_progressive,Wed Sep 27 15:21:48 +0000 2017,"@169080 Sorry for your frustrations, and I wanted to let you know I've shared your concerns with our Claims team for further review. ^AA","222273,222275"
222278,169081,Wed Sep 27 15:51:02 +0000 2017,@131610 not happy with the service I'm getting. I have a simple question yet I'm passed around diff depts. Can someone help me?,222277,ask_progressive,Wed Sep 27 17:21:57 +0000 2017,"@169081 I'm sorry for your experience, and I'd like to help. Can you DM your claim number? ^AA https://t.co/ioHhsJSLde",
222281,169082,Wed Sep 27 15:02:52 +0000 2017,"@131610 completed my #snapshot, told I'd save $86..but my policy went up $100.  Because of ""new laws...no, wait costs..yeah costs""",222279,ask_progressive,Wed Sep 27 15:30:33 +0000 2017,@169082 We know it's tough when rates go up and want to double check your discounts. Please call our specialists at 866-416-2003. ^RL,222280
2230440,650887,Fri Nov 10 16:10:43 +0000 2017,I can’t believe it has taken 3 HOURS to get my car towed 😡 worst experience I’ve ever had with a company @131610,2230438,ask_progressive,Fri Nov 10 16:56:30 +0000 2017,"@650887 I'm sorry our Roadside team dropped the ball, and I'd like to share your feedback. Can you DM your policy number and the phone number you called from? ^AA",2230439
2230442,650888,Fri Nov 10 13:58:46 +0000 2017,"@ask_progressive I think you misunderstood, my experience was phenomenal!! Will DM policy number as the employee who took my call did an exceptional job that should not go unnoticed!",2230441,ask_progressive,Fri Nov 10 14:20:15 +0000 2017,@650888 Sounds good; we'd love to share your kind words when you're ready. ^JK,
2230444,650888,Thu Nov 09 05:06:39 +0000 2017,Way to crush the whole customer experience thing @131610 #goodjob #kuddos,2230443,ask_progressive,Thu Nov 09 13:16:26 +0000 2017,"@650888 We're sorry to hear about your experience; can we share your feedback with our management team? If so, please DM your policy number and any details you'd like to share. ^JK https://t.co/ioHhsJSLde",2230442
2242173,653690,Fri Nov 10 19:54:07 +0000 2017,"@131610 SARAH STARKEY in the claims dept is EVERYTHING! Give this woman a raise or something! Knowledgable, friendly and patient! THANK YOU! Feeling so relieved and thankful to have insurance with you! 🙌🏼",2242172,ask_progressive,Fri Nov 10 20:20:48 +0000 2017,"@653690 Thanks for the shout-out, and we're happy to help! We'll share your kind words with Sarah, and I'm sure your feedback will make her day. ~Amanda",
2256354,657165,Fri Nov 10 22:34:44 +0000 2017,"5 days later, multiple emails, and voicemails sent to to my claims rep, and I still have no response to the claim from getting hit on my way to work... @131610 any ideas on why your employee can't pick up a phone?",2256353,ask_progressive,Sat Nov 11 00:30:40 +0000 2017,"@657165 I'm sorry we've kept you waiting, and you haven't heard from us. I'll let the Claims team know about this, and someone will call you before the end of the day Monday. ^TF",
2256356,657166,Fri Nov 10 22:34:37 +0000 2017,"@131610 Trying to get a car insurance quote from y'all and you require I add my wife, but she's unlicensed and will not be driving. It won't let me submit when I list her as unlicensed though.",2256355,ask_progressive,Fri Nov 10 23:14:48 +0000 2017,"@657166 Let’s go over the quote together, to see how we can have her listed. Please give our licensed specialists a call anytime at 855-266-8485. ^BB",
2305619,668925,Thu Oct 19 17:43:24 +0000 2017,@ask_progressive Thanks for the reply. I tried it again and it went through online.,2305618,ask_progressive,Thu Oct 19 18:43:23 +0000 2017,@668925 Great! Let us know if we can assist you further. ^TF,
2305621,668925,Wed Oct 18 20:34:45 +0000 2017,@131610 is your site down? I'm trying to report a claim.,2305620,ask_progressive,Thu Oct 19 17:28:43 +0000 2017,"@668925 I'm sorry you had an issue with our site, but you can call 800-776-4737 anytime to file a claim. ^TF",2305619
2305623,668926,Thu Oct 19 17:57:38 +0000 2017,"@131610 is blaming me for their system malfunction. Now I'm out $250!Windshield repair went from free to not.
@76371 @402752",2305622,ask_progressive,Thu Oct 19 18:31:10 +0000 2017,@668926 I'm sorry about the experience you've had with your claim. I'll escalate this to our Claims Management team for review. ^TF,
2305625,668927,Thu Oct 19 15:20:53 +0000 2017,@131610 thank you for helping me with road assistance this morning. Service was profesional and fast! 👍👏,2305624,ask_progressive,Thu Oct 19 18:00:10 +0000 2017,@668927 We appreciate your compliment! Please let us know if there’s anything else we can do for you. ^JT,
2305627,668928,Wed Oct 18 20:22:25 +0000 2017,"I’m pissed... @131610 all together has just cost me over $2,000. All because a tree fell into the road and I smashed into it",2305626,ask_progressive,Thu Oct 19 17:13:16 +0000 2017,@668928 I'm sorry for your experience and would like to share your concerns. Can you please DM your claim number? ^JT,
2305629,668929,Thu Oct 19 16:32:24 +0000 2017,@18536 Collect your $491 from @131610 not me. And properly train your employees on how to do there job the right way,2305628,ask_progressive,Thu Oct 19 16:55:17 +0000 2017,"@668929 Is there a claim we can help with? If so, DM the claim number. ^AA https://t.co/ioHhsJSLde",
2342308,470315,Mon Nov 13 03:56:33 +0000 2017,The ONE TIME I NEED @131610 they fail miserably,2342307,ask_progressive,Mon Nov 13 14:29:43 +0000 2017,"@470315 I'm sorry we let you down, and I'd like to help. Can you DM your claim or policy number and additional detail? ^AA https://t.co/ioHhsJSLde",
2342311,130794,Mon Nov 13 04:21:32 +0000 2017,@131610 I was in a rear-end collision. The driver who hit me was distracted texting. Never filed a claim b4. Hope my car is repaired quickly.,2342309,ask_progressive,Mon Nov 13 14:27:46 +0000 2017,"@130794 I'm sorry you were in an accident, and we're happy to help. If you have specific claims questions, please DM your claim number and additional details. ^AA https://t.co/ioHhsJSLde",2342310
2342313,677503,Mon Nov 13 00:00:47 +0000 2017,@169074 Why pay for insurance if Progressive refuses to pay the claims?,2342312,ask_progressive,Mon Nov 13 14:21:12 +0000 2017,@677503 I'd like to look into this for you. Would you send your claim number or policy number in a DM so I can have our Claims team review? ^TF,
2342315,677504,Mon Nov 13 04:52:45 +0000 2017,Shoutout to @131610 for getting to me in less than 30 minutes when I locked my keys in my car. #youdarealMVP https://t.co/tkaM2kjX2h,2342314,ask_progressive,Mon Nov 13 13:58:17 +0000 2017,@677504 We're happy to get you back on the road! I'd like to pass along the compliment to our Roadside team; could you send a DM with your policy number and phone number? ^TF,
2342318,551768,Sun Nov 12 21:55:33 +0000 2017,"Due to error by @131610 employee, I will be w/o a vehicle for much longer than I should and was told there was nothing they could do for me and no manager was available at 4:30 CT on 11/10. I haven't heard back since.",2342316,ask_progressive,Mon Nov 13 12:57:20 +0000 2017,"@551768 I'm sorry for the frustrations, and someone from our Claims team will be following up with you by the end of the day Monday. ^JT",2342317
2342319,551768,Mon Nov 13 21:58:58 +0000 2017,@ask_progressive @ask_progressive I still have not spoken with anyone about the above issue. Any idea when I can plan to hear from someone?,2342320,ask_progressive,Tue Nov 14 14:15:12 +0000 2017,@551768 I'm sorry for the delay. The Claims team attempted to contact you yesterday. Can you DM your phone number to confirm we have the correct one? ^JT,
2342322,677505,Sat Nov 11 22:40:13 +0000 2017,@131610 I get a call from them then I call back to see what it's about and just get passed around can i get some answers jeez!,2342321,ask_progressive,Mon Nov 13 12:52:52 +0000 2017,"@677505 Let's look into this together. So we can, please DM your policy number along with any details you have. ^CF https://t.co/ioHhsJSLde",
2342324,238331,Sat Nov 11 13:42:37 +0000 2017,@131610 so you want to think you're the best. I think not. Accident on 11/9 today is 11/11 still no call back. #Progressive not 👎,2342323,ask_progressive,Mon Nov 13 12:49:30 +0000 2017,@238331 I’m sorry about the delay and would like to check on this for you.  Please DM your claim and best contact number. ^JT,
2342326,642468,Sat Nov 11 18:59:11 +0000 2017,"Shoutout to @169074 and @131610. Can't remember the last time I was able to call a customer service line, jump through the automated system hoops, speak with someone, AND get my issue resolved in less than 5 minutes.",2342325,ask_progressive,Sat Nov 11 22:39:15 +0000 2017,@642468 Thanks for the shout-out! We're glad we could promptly get you the help you needed.,
2369300,623286,Mon Nov 13 22:58:28 +0000 2017,Don't get @131610 they don't help you at all,2369299,ask_progressive,Mon Nov 13 23:56:24 +0000 2017,"@623286 Can we look into anything for you? If so, please use the link to DM your policy or claim number along with some additional details. ^SS https://t.co/ioHhsJSLde",
2369302,683781,Mon Nov 13 18:33:27 +0000 2017,"3 weeks without a car now and I’m losing my shit, fuck @131610",2369301,ask_progressive,Mon Nov 13 21:09:52 +0000 2017,"@683781 I'm sorry about your situation, and I'd like to share this with our Claims team. Could you send your claim number in a DM? ^TF",
2369304,658431,Mon Nov 13 18:50:10 +0000 2017,"Thanks for the roadside assistance, @131610. Can we agree to keep this business of me locking my keys in the car to ourselves?",2369303,ask_progressive,Mon Nov 13 19:54:35 +0000 2017,"@658431 You're welcome! And we'll do our best to keep this under wraps for you, but we're here in case you need us again. ^TF",
2369306,683782,Mon Nov 13 15:44:28 +0000 2017,"@131610 is probably the most expensive Auto insurance I’ve ever had, but also very reliable. Think you can lower my payments? That would great for a student. $400+ is not saving money, it’s actually the opposite.",2369305,ask_progressive,Mon Nov 13 17:09:34 +0000 2017,"@683782 Let's see what we can do. So we can review together, please call 855-266-8485 anytime or log in at https://t.co/btpTCekUmh and select the option to ""Chat,"" 5AM-midnight EST. ^JK",
2415467,694267,Mon Nov 13 15:51:37 +0000 2017,"@131610 @ask_progressive honestly, why did my rate double for my very first, and low priced, accident?",2415465,ask_progressive,Tue Nov 14 16:06:21 +0000 2017,"@694267 We understand it's frustrating when prices increase. Small Accident Forgiveness comes into play when the payout is $500 or less, and Large Accident Forgiveness would apply when you've been with us more than 5 years and meet other requirements. ^JK",2415466
2415470,694268,Tue Nov 14 14:42:54 +0000 2017,@ask_progressive 904244338.  6157880776.   I want someone to explain why I was never called back when disconnected from roadside assistance.  Victoria was the rep.,2415468,ask_progressive,Tue Nov 14 15:10:38 +0000 2017,@694268 Thanks for sending this. I'll have someone from our Roadside team contact you before the end of the day Wednesday to address these specific concerns. ^TF,2415469
2415472,694268,Tue Nov 14 01:34:02 +0000 2017,I do not appreciate @131610 for their pathetic roadside assistance tonight.  Unacceptable.,2415471,ask_progressive,Tue Nov 14 14:16:34 +0000 2017,"@694268 I'm sorry for the experience you had, and I'd like to share your feedback. Would you please DM your policy number and phone number used for service? ^TF",2415470
2415474,254252,Tue Nov 14 05:18:20 +0000 2017,I have emails &amp; voicemails proving the horrendous timeline of events re: my bf’s claim @131610 A few of your employees should be fired,2415473,ask_progressive,Tue Nov 14 14:23:25 +0000 2017,@254252 I'm sorry for your experience and I’d like to share with the Claims team.  Can you please DM your boyfriend's name and claim number? ^JT,
2415481,694271,Mon Nov 13 23:42:00 +0000 2017,Thankful for @131610 and their roadside assistance,2415480,ask_progressive,Tue Nov 14 14:13:36 +0000 2017,@694271 And we're thankful for you! We'd like to pass along the thanks to our Roadside team as well. Would you send your policy number in a DM? ^TF,
2415483,694272,Tue Nov 14 02:24:37 +0000 2017,@131610 shout out to Alex working in your call center tonight - quick and extremely friendly service.,2415482,ask_progressive,Tue Nov 14 12:46:36 +0000 2017,"@694272 That's great to hear! So we can share your shout-out with Alex and his supervisor, can you please DM your policy number? ^JH https://t.co/ioHhsJSLde",
2415485,694273,Tue Nov 14 09:14:59 +0000 2017,So @131610 I am still waiting for you to pay me my balance. I am not going to leave you till you pay me. The sooner you pay up the better for you.,2415484,ask_progressive,Tue Nov 14 12:23:56 +0000 2017,"@694273 Can we look into this for you? If so, please DM your policy or claim number along with any additional details you're able to share. ^JH https://t.co/ioHhsJSLde",
2415487,694274,Tue Nov 14 03:30:18 +0000 2017,"@131610 Just called to cancel my policy and your phone agent had an attitude, and was very rude.",2415486,ask_progressive,Tue Nov 14 12:16:32 +0000 2017,"@694274 We’re sorry for your experience and we’d like to look into it. So we can, please DM your policy number along with any details. ^CF",
2415489,694275,Tue Nov 14 04:44:48 +0000 2017,@131610 you need to get your billing straight. I don’t owe you another dime...back off!,2415488,ask_progressive,Tue Nov 14 12:13:48 +0000 2017,"@694275 Is there something we can look into? If so, please DM your policy number along with any details you'd like to share. ^JH https://t.co/ioHhsJSLde",
2516558,716879,Wed Nov 15 19:17:02 +0000 2017,@131610 your service providers and app suck. I will never use the app again.,2516557,ask_progressive,Wed Nov 15 19:46:33 +0000 2017,"@716879 We're sorry for the trouble; so we can look into this, please use the link to DM your policy number and any details you're able to share. ^JJ https://t.co/ioHhsJSLde",
2516560,716880,Wed Nov 15 15:04:54 +0000 2017,@131610  had the absolute worst customer service experience today.  Should I be looking elsewhere for insurance?,2516559,ask_progressive,Wed Nov 15 15:17:33 +0000 2017,"@716880 We'd like you to stay; can we look into this for you? If so, please DM your policy number and any details you'd like to share. ^JK https://t.co/ioHhsJSLde",
2516563,716881,Wed Nov 15 14:59:54 +0000 2017,"@131610 Why????? *cries* You're as bad as those banks that don't allow any special characters. STOP LIMITING WHAT MY PASSWORD CAN'T BE. Seriously, how do I put in a request to get this changed?
https://t.co/YL1Pr1JMT4",2516561,ask_progressive,Wed Nov 15 15:15:21 +0000 2017,@716881 We appreciate your feedback and will review it; we recently updated our website to increase security and the requirements in place now could always change in the future. ^JK,2516562
2516565,613642,Wed Nov 15 06:04:07 +0000 2017,Dear @131610 I’ve been trying to get in contact with a claims rep. I’ve left a message with my claim number and phone number and yet i haven’t heard anything for two days now. I’ve specifically told them to contact me but yet they contacted my mother. Tf is that?,2516564,ask_progressive,Wed Nov 15 13:40:31 +0000 2017,"@613642 I'm sorry we haven't reached out to you, and I'd like to check on this. Can you DM your claim number and phone number? ^AA https://t.co/ioHhsJSLde",
2577636,730831,Thu Nov 16 19:21:40 +0000 2017,My car insurance company @131610 doesn’t provide renter’s insurance where i’m moving.. i guess the company would lose money if something would happen.. thanks for not taking care of people! I should get a new car insurance..,2577635,ask_progressive,Thu Nov 16 20:47:03 +0000 2017,"@730831 Sorry for the frustrations! So we can share your feedback, please use the link below to DM your quote number and phone number.^KR https://t.co/ioHhsJB9OE",
2577638,730832,Thu Nov 16 20:05:07 +0000 2017,@131610 your customer service is bullshit.  My claims rep won’t return my calls and no one has any clue how to resolve the issue so I can get my car serviced.,2577637,ask_progressive,Thu Nov 16 20:21:41 +0000 2017,"@730832 I'm sorry for your experience, and I'd like to help. Can you please DM your claim number? ^AA https://t.co/ioHhsJSLde",
2577640,675074,Thu Nov 16 17:03:26 +0000 2017,@131610 snapshot is such a joke. It starts beeping when I'm just sitting in traffic or when I barely touch my brake.,2577639,ask_progressive,Thu Nov 16 18:47:31 +0000 2017,"@675074 We’re sorry for any inconvenience. While the device beeps when your speed reduces by 7mph in a second, it can also beep when it regains signal. If you’d like to review your results together, please call us at 877-329-7283, Monday-Saturday from 8AM-midnight. ~Corrie",
2577642,730833,Thu Nov 16 15:16:49 +0000 2017,@131610 How convenient to have charged additional $30 dollars a month for at least 5-6 years for an international #Driver 's #license  Guess what! We told you many times I had an #American one! Guess what this is called! Yes. Starts with S... #consumerwatch,2577641,ask_progressive,Thu Nov 16 16:51:35 +0000 2017,"@730833 We're sorry for any frustration; can we look into this for you? If so, please DM your policy number. ^JK https://t.co/ioHhsJSLde",
2577677,730846,Thu Nov 16 12:55:00 +0000 2017,"@ask_progressive  Hi, how do I opt out of direct marketing to an address (tenant has moved).",2577676,ask_progressive,Thu Nov 16 16:39:00 +0000 2017,"@730846 Let's get that taken care of; so we can, could you DM the name and address exactly as it appears on the mailer? ^JK https://t.co/ioHhsJSLde",
2577679,730847,Thu Nov 16 15:39:40 +0000 2017,"@131610 locked key in car, been paying for roadside assist for 5 years, 1st time I need it, begged, won't help bc I missed pay by 1 DAY",2577678,ask_progressive,Thu Nov 16 16:23:58 +0000 2017,"@730847 I'm sorry you had an issue with getting Roadside assistance, and I'd like to help. Could you send a DM with your policy number so I can have our Roadside team review? ~Tom",
2577682,399050,Wed Nov 15 22:34:35 +0000 2017,"@131610 after 11 years as a member who never used any claims and been accident free, i needed to file a claim after someone hit my car, however; I’m not happy with the way my claim is being handled. No call, no message, no response!! https://t.co/NJbT6TbB2F",2577681,ask_progressive,Thu Nov 16 13:47:55 +0000 2017,"@399050 Thanks for being a longtime customer, and I'm sorry we've kept you waiting. I'll send this over to the Claims team, and somebody will call you before the end of today. ~Tom",
2577684,730831,Thu Nov 16 14:08:07 +0000 2017,@ask_progressive You guys said u would call. I talked to an agent gave all my info and she said she would call at the end of the day but that never happened,2577686,ask_progressive,Thu Nov 16 18:39:11 +0000 2017,@730831 We're sorry for the delay. We've reached out to your agent's office and can confirm that they will be calling today at the number on the policy. ^JK,
2577685,730831,Wed Nov 15 23:19:29 +0000 2017,Can someone finally call me with the quote of my insurance @131610,2577683,ask_progressive,Thu Nov 16 13:18:54 +0000 2017,"@730831 While we can’t call you to start a quote, you can start one online at https://t.co/btpTCekUmh. Once you get to your rate, you can click the “Chat” link in the top right corner and we’ll be happy to answer any questions. ^CF",2577684
259321,177669,Wed Oct 04 21:57:54 +0000 2017,"""Because I don't have time."" &lt;- Life when u ask ur insurance adjuster, ""Why can't we talk about the claim today?"" . @131610, YOU SUCK!",259320,ask_progressive,Thu Oct 05 19:36:11 +0000 2017,"@177669 I'm sorry for your experience, and I'd like to help. Can you DM your claim number? ^AA https://t.co/ioHhsJSLde",
259323,177670,Wed Oct 04 22:24:23 +0000 2017,@177671 @131610 @2102 @11639 Currently working with all parties involved on a resolution. Will update accordingly thank you @18536 and @131610 4 response,259322,ask_progressive,Thu Oct 05 19:28:57 +0000 2017,@177670 You’re very welcome. Please let us know if you need any additional assistance. ^JT,
2602502,736534,Thu Nov 16 22:57:58 +0000 2017,@131610 my automatic billing for the month happens on the 19th but I want 2 pay immediately. If I make the payment now will it still be deducted from my account on the 19th?,2602501,ask_progressive,Fri Nov 17 01:16:18 +0000 2017,"@736534 If you make the payment before the due date, that would prevent the auto-pay taking place for the month. Then next month, the auto-pay would start back up again. If there's anything else we can help with, please let us know. ~Brian",
2634697,743813,Fri Nov 17 17:49:05 +0000 2017,"Hey, @131610, filled out your online auto insurance quote...since then, TONS of spam in my inbox. Thanks, you've lost a potential customer.",2634696,ask_progressive,Fri Nov 17 18:12:26 +0000 2017,"@743813 Sorry about that! To stop those emails, visit us at https://t.co/HP1tdvqIKw and enter your email address. ~Brian",
2634700,743814,Fri Nov 17 04:11:18 +0000 2017,"Meanwhile, the 100% superficial estimate of $3.5k on a brand new Jetta, undrivable... Cannot be right @131610. Think we're about to get ripped off.",2634698,ask_progressive,Fri Nov 17 14:08:15 +0000 2017,"@743814 This isn't the type of experience we like to provide, and I'd like to help. Could you send a DM with her claim information so I can have the Claims team review this? ~Tom",2634699
2634702,307904,Fri Nov 17 03:55:18 +0000 2017,"I called @131610 at 6:01 to have my car towed, they estimated 1 hour. The tow truck just arrived 10 minutes ago - after dodged calls and almost 5 hours.",2634701,ask_progressive,Fri Nov 17 14:07:21 +0000 2017,"@307904 I'm sorry about the delays, and I'd like to provide feedback on your experience. Would you send your policy number and phone number used for service in a DM, and I'll have our Roadside team review? ~Tom",
2634704,375571,Fri Nov 17 04:52:35 +0000 2017,@131610 I need help. According to you I didn’t place this call. https://t.co/ySR0JU9Qab,2634703,ask_progressive,Fri Nov 17 12:46:25 +0000 2017,"@375571 Sorry for the delay. So we can look into this for you, please DM your policy number along with any details you'd like to share. ^CF https://t.co/ioHhsJSLde",
2634706,365458,Fri Nov 17 02:31:36 +0000 2017,After several years &amp; ‘platinum’ status with @131610 I’m dumping them for a company that understands customer service.,2634705,ask_progressive,Fri Nov 17 12:31:03 +0000 2017,"@365458 We’d hate to see you go. If there's something you'd like us to review for you, please DM your policy number along with any details you’d like to share. ^CF",
2661228,221587,Mon Oct 09 21:15:28 +0000 2017,@131610 @ask_progressive Biggest scam artists EVER!,2661227,ask_progressive,Mon Oct 09 21:25:20 +0000 2017,"@221587 Is there anything we can look into for you? If so, please use the link to DM your policy/claim number and additional info. ^SS https://t.co/ioHhsJSLde",
2665784,751054,Sat Nov 18 20:51:01 +0000 2017,@131610 waiting on hold for an hour to find out if my defensive driving automatically comes off or if I have to mail it in to someone. I miss @11639 s quick customer service,2665783,ask_progressive,Sat Nov 18 23:47:06 +0000 2017,"@751054 We're sorry for the long wait. If you still need help, please DM your policy number. ^JH https://t.co/ioHhsJSLde",
2665789,544427,Sat Nov 18 00:54:12 +0000 2017,So aggravated at you @131610,2665788,ask_progressive,Sat Nov 18 01:49:42 +0000 2017,"@544427 Is there anything we can look into for you? If so, please DM us your policy number and any additional details you can share. ^BB https://t.co/ioHhsJSLde",
2665792,679104,Fri Nov 17 21:35:08 +0000 2017,Whoever has @131610 insurance I suggest you switch car insurances now because I’m going on three weeks with no god damn car and they haven’t done shit!!!!!,2665790,ask_progressive,Sat Nov 18 00:24:26 +0000 2017,"@679104 This is an unfortunate situation, and I'm sorry you haven't heard back about your claim. I'll send this to our Claims team, and I'll have somebody follow up before the end of the day Monday. ^TF",2665791
2665794,576195,Fri Nov 17 21:23:30 +0000 2017,@131610 I guess my adjuster doesn't want to call me. Filed a claim Tuesday. It's Friday.,2665793,ask_progressive,Sat Nov 18 00:14:55 +0000 2017,"@576195 I'm sorry we've kept you waiting, but I'd like to help. Could you send your claim number in a DM so I can have the Claims team follow up? ^TF",
2665796,751058,Fri Nov 17 21:37:30 +0000 2017,Hey @131610 I’ve been trying to reset my password but I’m not receiving the email to do so. What’s up?,2665795,ask_progressive,Fri Nov 17 22:20:35 +0000 2017,"@751058 Let's get that password reset and get you logged in. If you haven't already, give our consultants a call anytime at 855-266-8485. ^BB",
2730191,765442,Sun Nov 19 21:54:59 +0000 2017,"@131610 48 hrs later I hear nothing from my “rep” so I called my “rep” back AGAIN to find out if anyone has assessed the damages, I am told “someone is onsite now looking at my vehicle” I call back the next day, no one can provide me w any update or notes from said assessment.",2730190,ask_progressive,Mon Nov 20 14:49:19 +0000 2017,"@765442 I'm sorry for the frustrations, and would like to send your feedback to the Claims team.  Can you please DM your claim number and phone number? ^JT",
2730195,765443,Sun Nov 19 05:55:44 +0000 2017,@131610 probably the worse roadside assistance deal ever #progressiveEpicFail,2730193,ask_progressive,Mon Nov 20 14:31:05 +0000 2017,"@765443 I'm sorry our Roadside team dropped the ball and I’d like to share your feedback. Can you please DM your policy number, phone number, and details of what occurred? ^JT",2730194
2730197,765444,Sun Nov 19 04:12:26 +0000 2017,@131610 what is the point of having an app with GPS location and a description box if you are just gonna waste time and call me to ask everything again? Also why would you tow a car for locked keys.,2730196,ask_progressive,Mon Nov 20 14:29:07 +0000 2017,"@765444 I'm sorry for your experience, and wanted to let you know that I've sent your feedback to the Roadside team for further review. ^JT",
2730199,765445,Sat Nov 18 19:14:32 +0000 2017,Thanks @131610 for fixing the damage. 😊 https://t.co/ZE6oa7Lrbz,2730198,ask_progressive,Mon Nov 20 14:23:05 +0000 2017,"@765445 You're very welcome, Dude!  Please DM your claim number and I’ll send your thanks to the Claims team. As always, thanks for choosing Progressive. ^JT",
2730201,765446,Mon Nov 20 12:46:54 +0000 2017,@131610 STOP EMAILING ME IVE UNSUBSCRIBED 279369 TIMES. I DONT EVEN HAVE PROGRESSIVE,2730200,ask_progressive,Mon Nov 20 14:19:35 +0000 2017,"@765446 We're sorry for any inconvenience; so we can take care of this for you, could you please DM the email address where you're receiving the ads? ^JK https://t.co/ioHhsJSLde",
2730203,765447,Sat Nov 18 00:37:12 +0000 2017,"@131610 And if you want to know what my wheel looks like now?! 

The wheel is completely detached. Cool. https://t.co/3g57c0zrHl",2730202,ask_progressive,Mon Nov 20 14:17:10 +0000 2017,"@765447 I’m sorry for the frustrations with your claim, and I’d like to help. To make sure your concerns are heard, can you please DM your claim number?  ^JT",
2730211,165279,Mon Nov 20 00:24:46 +0000 2017,"@131610 Hi—using Snapshot, it seems to show “phone use” when I have to run google maps to listen to directions or when I stream music - that doesn’t seem accurate - it makes it look like I’m actively using the phone while driving when I am definitely not?",2730210,ask_progressive,Mon Nov 20 12:39:19 +0000 2017,"@165279 Hi - We'd like to look into this; when you have a moment, please call our Snapshot specialists at 877-329-7283, Monday-Saturday 8AM-midnight EST. ^JH",
2730214,765449,Sun Nov 19 06:05:42 +0000 2017,"Just noticed we got an auto insurance bill from @131610 for $508 addressed to ""The Estate of Carolyn Andrews""

So they: (a) KNOW CAROLYN IS DEAD and

(b) Think she STILL NEEDS CAR INSURANCE

BREAKING: Carolyn WON'T BE DRIVING ANY MORE",2730213,ask_progressive,Mon Nov 20 12:24:26 +0000 2017,"@765449 We're sorry for your loss, Ray and apologize for any inconvenience. So we can look into this, please give us a call anytime at 855-266-8485. ^JH",
2753522,770762,Mon Nov 20 22:26:30 +0000 2017,"@131610 ur services would be a lot better if ur customer service knew how to direct me to international insurance team for driving a car overseas. No one could help, guess I’ll shop around to other #InternationalInsuranceProviders &amp; no, not asking about traveler insurance.",2753521,ask_progressive,Mon Nov 20 22:58:20 +0000 2017,"@770762 Sorry for any frustration. While we're typically unable to provide coverage overseas, one of our agents may be able to help find the coverage you need. To find one near you, please enter your zip code at https://t.co/apxLeGhV5r. ^SS",
2753524,770763,Mon Nov 20 19:13:41 +0000 2017,@131610 you GA claims office is going to be the reason why I leave your company. Never have I felt valued less as customer,2753523,ask_progressive,Mon Nov 20 20:08:38 +0000 2017,"@770763 I'm sorry about the experience you've had, and we appreciate you being a longtime customer. I'll send this feedback to our Claims team for review. ^TF",
2753526,770764,Mon Nov 20 18:56:21 +0000 2017,@131610 Just purchased a policy for an old RV. It was taking my last agent over a week to insure. It took less than 15 mins on your site and cheaper than what I was quoted with the last guy. #GowithFlow Thanks!,2753525,ask_progressive,Mon Nov 20 20:01:28 +0000 2017,"@770764 You're welcome, Mitchell; we pride ourselves on making things easy for you!",
2753528,770765,Mon Nov 20 18:41:18 +0000 2017,How often do you hear people rave about the other driver’s insurance company after an accident? Shout out to @131610 for their amazing customer service while my car is being repaired. They are a joy!,2753527,ask_progressive,Mon Nov 20 19:55:03 +0000 2017,@770765 Thanks for the shout-out!  Please let us know if there’s anything else we can do for you. ^JT,
2753530,770766,Mon Nov 20 17:31:56 +0000 2017,"@131610 @169074 rear ended at a stop sign 3 weeks ago, no progress with having the other person’s insurance accept fault, forced to pay the deductible in the meanwhile, mechanical issues not fixed and told to get it fixed and hope for reimbursement #insurancefail #badservice",2753529,ask_progressive,Mon Nov 20 18:12:40 +0000 2017,@770766 I'm sorry for the experience and would like to look into this for you. Can you please DM your claim number? ^JT https://t.co/ioHhsJSLde,
2753532,770767,Sun Nov 19 05:48:45 +0000 2017,They took advantage of me after my car accident. Horrible insurance --&gt;&gt; @131610,2753531,ask_progressive,Mon Nov 20 15:29:56 +0000 2017,"@770767 I'm sorry for your experience, and would like to share with the Claims team.  Please DM your claim number and details for feedback. ^JT",
2790714,778880,Fri Nov 10 17:43:26 +0000 2017,"@ask_progressive Hi Progressive, after 6 months with u, why r u increasing my insurance premium when there was no incident? That’s how u reward responsible customers? Seems I need to switch.",2790713,ask_progressive,Fri Nov 10 19:13:30 +0000 2017,"@778880 We'd hate to see you go; before you do, let's see if there are any ways for you to save. So we can review the policy together, give us a call anytime at 855-266-8485 or log in at https://t.co/btpTCekUmh and look for the option to ""Chat"" (Mon-Fri, 5AM-midnight EST). ^BB",
2796172,780238,Tue Nov 21 18:50:16 +0000 2017,"Beware getting auto insurance from @131610.  After being a loyal customer for 18 years, I am in disbelief at the shady tactics used to underpay my claim.  Shame on you @ask_progressive.  If they treat me like this after 18 years, new customers beware. #HurricaneHarvey https://t.co/jiRwaexiLj",2796171,ask_progressive,Tue Nov 21 19:13:11 +0000 2017,"@780238 We’re sorry about the experience you had, and we appreciate you being a longtime customer. I'd like to send your concerns to our Claims team. Would send your claim number in a DM? ^TF https://t.co/ioHhsJSLde",
2796175,780239,Tue Nov 21 17:14:38 +0000 2017,"Is it weird to cry because you’re THAT excited about lowering your car insurance? I just saved $4,989 a year by switching back to @131610 . I’ve missed them so much 😭😍",2796173,ask_progressive,Tue Nov 21 18:21:21 +0000 2017,@780239 Now that's what I can saving; we're so happy you're back!,2796174
2796177,780240,Tue Nov 21 14:33:40 +0000 2017,Why is @138347 affiliated with @131610 to provide military with motorcycle insurance when the coverage is smoke and mirrors when you actually have a claim?,2796176,ask_progressive,Tue Nov 21 15:46:55 +0000 2017,@780240 I’m sorry about the trouble and I’d like to share your feedback with our Claims team. Can you please DM your claim number? ^JT https://t.co/ioHhsJSLde,
2796179,694701,Tue Nov 21 02:50:30 +0000 2017,@131610 Used the roadside assistance we paid monthly for.  Took three calls to even get service allegedly sent to the correct address.   Hour&amp; a half later and still waiting,2796178,ask_progressive,Tue Nov 21 13:40:40 +0000 2017,@694701 I'm sorry for your experience and want to let you know that I've shared your feedback with the Roadside team. Someone from the team will follow up with you by end of day tomorrow. ^JT,
2796181,273648,Tue Nov 21 02:59:56 +0000 2017,@131610 y’all have good customer service!,2796180,ask_progressive,Tue Nov 21 12:16:26 +0000 2017,"@273648 Thanks, you make it easy! ;) ^CF",
2811705,784050,Wed Nov 22 00:29:57 +0000 2017,"@131610 my home was broken into cleared my house out. I was told 3-5 business days payment would be released. I’m on business day #10 and still nothing. What would your life be like with no tv, no music, no tablet or even 1/2 of your food?!?!",2811704,ask_progressive,Wed Nov 22 01:31:27 +0000 2017,@784050 We'd like to look into this. Can you please DM your claim number and phone number? ^KF https://t.co/ioHhsJSLde,
2811707,651248,Tue Nov 21 22:28:48 +0000 2017,@131610 how do I stop you from sending junk mail to my mailing address for someone who hasn’t lived here in five years?,2811706,ask_progressive,Tue Nov 21 23:30:48 +0000 2017,"@651248 Sorry about that! So we can remove the person from our mailing list, please DM the full name and address exactly as it appears on the mailer. ^JJ https://t.co/ioHhsJSLde",
2863981,795528,Mon Nov 27 17:25:23 +0000 2017,Spent entire morning on phone with @131610 and now wish I had @11639 instead. #soangry,2863980,ask_progressive,Mon Nov 27 18:31:43 +0000 2017,"@795528 We're sorry for any frustration, John; is there something we can look into? If so, please DM your policy or claim number along with any details you'd like to share. ^JH https://t.co/ioHhsJSLde",
2863983,646665,Mon Nov 27 16:29:06 +0000 2017,I’ve been on hold with progressive for a little over an hour and the automated voice message keeps telling me my call is important to them????? Hello? @131610,2863982,ask_progressive,Mon Nov 27 17:10:07 +0000 2017,"@646665 @131610 Sorry for the long wait. If you still need help, please look for the “Chat” link while logged into your policy, Monday through Friday, 5AM to midnight EDT. ^RL",
2863985,795529,Mon Nov 27 15:58:53 +0000 2017,"@131610 i have been on hold for 2.5 hours. What in the fuck are all 20,000 employees doing?",2863984,ask_progressive,Mon Nov 27 16:35:30 +0000 2017,"@795529 We're sorry for the long wait. If you still need help, please look for the link to ""Chat"" while logged in to your policy, Monday-Friday 5AM-midnight EST. ^JH",
2863987,795530,Mon Nov 27 16:15:20 +0000 2017,"Ugh. Apparently big holes that suddenly appear in your home are not covered by insurance. You are the best @109728 @131610 
I guess I just burn money every month with them.",2863986,ask_progressive,Mon Nov 27 16:28:24 +0000 2017,"@795530 Can we look into this for you? If so, please send us a DM with your claim number and phone number. ^KF https://t.co/ioHhsJSLde",
2863990,670179,Tue Nov 28 16:10:22 +0000 2017,@ask_progressive Thanks for passing this on - Got to chat w/someone and get my concerns squared away!,2863992,ask_progressive,Tue Nov 28 16:18:37 +0000 2017,@670179 Absolutely! Please let us know if we can assist you further. ^AA,
2863991,670179,Mon Nov 27 15:41:56 +0000 2017,"@131610 Usually, you guys make going through accident claims/repairs easy. This time, y'all dropped the ball. Big time.",2863988,ask_progressive,Mon Nov 27 16:28:19 +0000 2017,"@670179 I'm sorry for the experience you've had with your claim, and I'd like to share your feedback with the Claims team. Could you send your claim number and concerns in a DM? ^TF https://t.co/ioHhsJSLde","2863989,2863990"
2863995,795531,Mon Nov 27 15:05:48 +0000 2017,@131610 Please tell me why your website won't allow this password (or any similarly complex password). https://t.co/mDO00IOnjL,2863993,ask_progressive,Mon Nov 27 15:19:44 +0000 2017,"@795531 We're sorry for any confusion; the special characters allowed are _, @, . and -. We hope this clears things up. ^JK",2863994
2863997,795532,Sun Nov 26 23:33:29 +0000 2017,Shoutout to @131610 for always coming through when I get a flat tire 🙌🏽,2863996,ask_progressive,Mon Nov 27 15:10:19 +0000 2017,@795532 Thanks for your kind words! I'd love to share this with the Roadside team. Would you please DM your policy number and phone number? ^JT https://t.co/ioHhsJSLde,
2864000,795533,Sun Nov 26 01:05:59 +0000 2017,@131610 put in a claim on Wednesday and still haven't received a call. #badcustomerservice #wheresflo,2863998,ask_progressive,Mon Nov 27 14:39:16 +0000 2017,"@795533 I’m terribly sorry we’ve kept you waiting. I reviewed your claim, and will have someone from our Claims team follow up by the end of today. ^JT",2863999
2864002,367327,Sat Nov 25 05:03:04 +0000 2017,@131610 My @131610 repair rep Ed Burek is not calling me back #negligent #unprofessional,2864001,ask_progressive,Mon Nov 27 14:14:56 +0000 2017,"@367327 We’re sorry you haven't heard from your adjuster, and we can help. Please DM your claim number, and we’ll have someone from our Claims team follow up with you. ^JT https://t.co/ioHhsJSLde",
2864005,795534,Mon Nov 27 13:48:14 +0000 2017,"@131610 increase policy by 13% in Louisiana due to ""cost of doing business"". Really? Your cost went up by 13% in 6 months?",2864004,ask_progressive,Mon Nov 27 14:08:19 +0000 2017,"@795534 We understand changes to your rate can be difficult and may have ways to help you save. When you have a moment, please call 866-416-2003 anytime so we can review your policy together. ^JH",
2864007,795535,Sat Nov 25 01:12:21 +0000 2017,@131610 I'LL NEVER RECOMMEND YOUR INSURANCE TO ANYBODY AND I'M CANCELING MY POLICY ASAP...,2864006,ask_progressive,Mon Nov 27 14:05:15 +0000 2017,"@795535 Is there a claim we can check on for you? If so, please DM your claim or policy number and additional details? ^JT https://t.co/ioHhsJSLde",
2864010,632883,Mon Nov 27 05:01:54 +0000 2017,@131610 would you drop someone for renting a car,2864008,ask_progressive,Mon Nov 27 13:13:56 +0000 2017,"@632883 @131610 Typically, renting a car isn’t a reason we’d cancel a policy. However, there may be other factors involved that could make a policy unacceptable. So we can better understand your situation, please give us a call anytime at 855-266-8485. ^RL",2864009
2864013,795536,Sun Nov 26 23:00:14 +0000 2017,@131610 What the hell is happening? When I got a quote online it's 100 every month and when I called an agent about it they say I should pay 200 every month? While I get a mail saying you can save money if you switch from GEICO where I am paying 96 every month. What the hell,2864011,ask_progressive,Mon Nov 27 12:46:55 +0000 2017,"@795536 We're sorry for any confusion. An agent may recommend different coverages than you chose online. If you'd like to review your quote in more detail and compare apples to apples, please call 855-266-8485 anytime. ^JK",2864012
287765,184580,Fri Oct 06 12:03:02 +0000 2017,@131610 Broke on payday lol like really bro,287764,ask_progressive,Fri Oct 06 12:31:09 +0000 2017,"@184580 Hi Brent - So we can look into this and see what changed, can you please DM your policy number? ^JH https://t.co/ioHhsJSLde",
2921805,344614,Tue Nov 28 22:03:11 +0000 2017,guess i have to start shopping for new car insurance since @131610 is disappointing me.,2921804,ask_progressive,Tue Nov 28 23:26:57 +0000 2017,@344614 We're sorry to let you down and we'd hate to see you leave. If there's something we can look into please use the link to DM your policy number and additional details. ^JJ https://t.co/ioHhsJSLde,
2921807,808616,Tue Nov 28 19:36:18 +0000 2017,@131610 had roadside come out for a tow. This is the first time I've been pleasantly surprised. He arrived 30 minutes ahead of schedule and got me where I needed to be. Your roadside dept has redeemed themselves in my eyes.,2921806,ask_progressive,Tue Nov 28 19:58:35 +0000 2017,"@808616 We're glad our Roadside team helped, and we’ll forward your feedback to them. ^JT",
2921810,328115,Tue Nov 28 19:23:30 +0000 2017,"Also @131610, your roadside assistance is horrible",2921808,ask_progressive,Tue Nov 28 19:28:28 +0000 2017,"@328115 I'm sorry for your experience with our Roadside team. If there's feedback you'd like to share, please DM your policy number, phone number you called from, and additional details. ^AA https://t.co/ioHhsJSLde",2921809
2921814,381892,Tue Nov 28 17:25:05 +0000 2017,"Dear @131610 thanks to you I’ve lost 2 hours of work, unpaid. You reported me to motor vehicle for not having insurance when clearly I had insurance. Now I have to leave work to come here and lost my hours.",2921812,ask_progressive,Tue Nov 28 18:03:12 +0000 2017,"@381892 We understand your frustration; so we can get to the bottom of this and make sure your information is correct with the state, please call 855-266-8485 anytime. ^JJ",2921813
2921816,210477,Tue Nov 28 17:22:48 +0000 2017,@131610 IS THE WORST INSURANCE EVER. WORST CUSTOMER SERVICE AS WELL,2921815,ask_progressive,Tue Nov 28 17:42:47 +0000 2017,@210477 We're sorry we've let you down and would like to look into this. Please use the link to DM your policy number and additional details. ^JJ https://t.co/ioHhsJSLde,
2921818,808617,Tue Nov 28 13:54:05 +0000 2017,Shotout to @39989 cuz @131610 had me on the phone for 20 mins just to tell me they weren’t coming to fix my tire. AAA came tho,2921817,ask_progressive,Tue Nov 28 15:50:51 +0000 2017,"@808617 I'm sorry our Roadside team dropped the ball, and I'd like to share your feedback. Can you please DM your policy number and the phone number you called from? ^AA https://t.co/ioHhsJSLde",
2947526,814093,Tue Nov 14 19:28:40 +0000 2017,Tiffany R from @131610 was EXTREMELY helpful today. It gives me a little hope that this new car thing is actually going to happen! 🙌🏻,2947525,ask_progressive,Tue Nov 14 20:49:26 +0000 2017,"@814093 We're glad Tiffany could help you out; so we can share your compliments with her and her supervisor, please use the link to DM your policy number. Fingers crossed on the new car thing! ^JJ https://t.co/ioHhsJSLde",
2947528,814094,Tue Nov 14 18:24:50 +0000 2017,Car insurance only try to fuck you over lol fuck @131610,2947527,ask_progressive,Tue Nov 14 19:49:52 +0000 2017,"@814094 Is there anything we can look into for you? If so, please use the link to DM your policy/claim number and any other details you'd like to share. ^SS",
2947530,814095,Tue Nov 14 19:34:45 +0000 2017,"@131610 Struggling. Trying to contact Support is a logic loop on website &amp; NO link or pop up for chat option.
Log in &gt; click Help &gt; click Customer Support &gt; redirected back to Log in &gt; click Contact &amp; Support... cycle repeats",2947529,ask_progressive,Tue Nov 14 19:48:57 +0000 2017,"@814095 Sorry for the trouble; so we can help, please use the link to DM your policy number and details or call 855-266-8485 anytime. ~Jay https://t.co/ioHhsJSLde",
2951994,815132,Wed Nov 29 02:12:32 +0000 2017,@131610 you guys lost my car 😡,2951993,ask_progressive,Wed Nov 29 15:40:20 +0000 2017,"@815132 Is there a claim we can help with? If so, please DM your claim number. ^AA https://t.co/ioHhsJSLde",
2951998,815133,Wed Nov 29 14:45:31 +0000 2017,"Oh, i gotta get hold of @131610 too. This tow driver was a piece of work man, damaged the bottom of my truck and unprofessional as hell.",2951996,ask_progressive,Wed Nov 29 15:24:29 +0000 2017,"@815133 I'm sorry about this experience, and I'd like to have somebody follow up with you. Could you DM your claim and/or policy number, and the phone number you used for service? ^TF https://t.co/ioHhsJSLde",2951997
2952000,302441,Wed Nov 29 04:54:10 +0000 2017,@169074 I’m about ready to leave progressive insurance and quit jumping through hoops to get my insurance to return back to normal. I have a driver I don’t want on my policy and and a vehicle that is totaled still on my policy. Yet I cannot get these items off my policy.,2951999,ask_progressive,Wed Nov 29 12:56:17 +0000 2017,"@302441 We'd like to see what options may be available; so we can, could you DM your policy number? ^JK https://t.co/ioHhsJSLde",
2952002,815134,Wed Nov 29 02:37:08 +0000 2017,Hey @131610 You just lost a 10 year customer.,2952001,ask_progressive,Wed Nov 29 12:38:01 +0000 2017,"@815134 We’d hate to see you go. If there’s something we can review for you, please DM your policy or claim number along with any details. ~Corrie https://t.co/ioHhsJSLde",
2985171,823143,Mon Nov 20 20:14:28 +0000 2017,Hey @131610 I just saw someone from your company texting while driving. If they get in a crash are they covered?,2985170,ask_progressive,Mon Nov 20 21:08:34 +0000 2017,"@823143 Thanks for sharing this with us, as we take feedback like this very seriously. Please DM the plate or vehicle number, location, and time of the incident for us to review. Can you also provide your email or phone number in case a manager would like to follow up? ^JT https://t.co/ioHhsJSLde",
344341,197893,Sun Oct 08 15:21:31 +0000 2017,@ask_progressive What about weekends ? I have used the support email for the request yesterday,344343,ask_progressive,Sun Oct 08 19:58:18 +0000 2017,"@197893 Sorry for any confusion; on the weekends, that link will take you directly to email since Chat isn't available. ^BY",
344342,197893,Sun Oct 08 00:51:32 +0000 2017,@ask_progressive Where should I go once I login to cancel the plan ?,344340,ask_progressive,Sun Oct 08 01:03:14 +0000 2017,"@197893 You'll select the option to ""Chat"" on the top right between 5AM-midnight, Monday-Friday. ^JK",344341
344345,197893,Sat Oct 07 20:30:15 +0000 2017,@131610 I’d like to cancel my auto policy effective 10/22 pls let me know how it can be done,344344,ask_progressive,Sun Oct 08 00:12:35 +0000 2017,@197893 We're sorry to hear you'd like to cancel; please log in at https://t.co/btpTCekUmh Monday-Friday 5AM-midnight to get started.,344342
344345,197893,Sat Oct 07 20:30:15 +0000 2017,@131610 I’d like to cancel my auto policy effective 10/22 pls let me know how it can be done,344346,ask_progressive,Sun Oct 08 00:12:43 +0000 2017,"@197893 You can also email __email__; pls include your name, policy #, address, DOB and cancel date. ^JK",
387867,207807,Sun Oct 08 21:56:20 +0000 2017,@140483 @144994 do you guys work with @131610 because @18536 doesn't seem to take customers seriously.,387866,ask_progressive,Mon Oct 09 13:55:30 +0000 2017,"@207807 I'm sorry for your experience, and I'd like to help. Can you DM your claim number? ^AA https://t.co/ioHhsJSLde",
387869,207808,Sun Oct 08 20:36:25 +0000 2017,"Anytime I have to brake quickly, my @131610 snapshot beeps at me. Like I know you're judging me shush",387868,ask_progressive,Mon Oct 09 12:23:09 +0000 2017,"@207808 While the beeps can help you identify and avoid higher risk behaviors, we may have options for you; please call 877-329-7283. ^CF",
411376,213128,Mon Oct 09 20:38:03 +0000 2017,@131610 I'm getting an error when trying to login to https://t.co/mqecmPh91B,411375,ask_progressive,Mon Oct 09 21:14:50 +0000 2017,"@213128 We're sorry for any trouble, Chris. So we can help, please give us a call anytime at 855-266-8485. ^BY https://t.co/ioHhsJSLde",
429496,139353,Tue Oct 10 02:45:34 +0000 2017,Byeeee @131610 - you are stealing my money by over charging me and I really don’t appreciate it. Ending our 2 yr relationship.,429495,ask_progressive,Tue Oct 10 13:01:09 +0000 2017,@139353 We don't want you to go and we'd like to review your policy. Please call our specialists at 866-416-2003. ^RL,
429498,217147,Mon Oct 09 23:51:41 +0000 2017,I have been with @131610 for as long as I can remember and I'm considered an emerald status with them. I... https://t.co/9VAjmmekqf,429497,ask_progressive,Tue Oct 10 12:02:25 +0000 2017,"@217147 I'm sorry for your frustrations, and wanted to let you know I've shared your feedback with our Claims team for review. ^AA",
436224,186892,Tue Oct 10 15:40:41 +0000 2017,@131610 your website isn't working right now,436223,ask_progressive,Tue Oct 10 16:00:39 +0000 2017,@186892 Sorry for the trouble. Our systems should be back up within the next hour; please check back online at that time. ^RL,
451801,222151,Thu Nov 30 16:45:03 +0000 2017,I am so thankful I switched to @131610. I get the same exact coverage I had... for 80 dollars cheaper with my new Cruze. 🙌🏼🙌🏼 #ItsTheLittleThings,451800,ask_progressive,Thu Nov 30 18:00:45 +0000 2017,@222151 @131610 Savings like this is nothing to sneeze at! We’re thankful you’re part of our family.,
451804,222152,Thu Nov 30 17:32:13 +0000 2017,"@131610 Not impressed with Progressive and Denver agent, Shannon Smith. Progressive driver hit me and Progressive refuses to give me value for my vehicle and to help me get back home to Arizona since I'm in Colorado! Thanx a lot Progressive!!! #ScrewedByProgressiveInsurance",451802,ask_progressive,Thu Nov 30 17:49:18 +0000 2017,"@222152 We're terribly sorry for your experience, and we hear you. I'll share your concerns with our Claims team, and have a supervisor follow up by the end of the day tomorrow. ^AA",451803
451806,222153,Thu Nov 30 14:37:31 +0000 2017,@20954 @131610 Safelite tech broke my rearview mirror during windshield replacement - then claims mirror was broken. Now I am stuck in a fight between @131610 and safelite. New mirror cost $634 Take responsibility and do what is right and replace.,451805,ask_progressive,Thu Nov 30 14:56:10 +0000 2017,"@222153 I'm sorry about the situation, and I'd like to help. Could you send a DM with your claim number so I can have our Claims team review? ^TF https://t.co/ioHhsJSLde",
451808,222154,Thu Nov 30 04:33:01 +0000 2017,"Three hours later, and we have a replacement tire on Mr. Reilly’s truck. I am tired. I am cold. I am thankful for @131610 Roadside Assistance https://t.co/MqGo9USMS5",451807,ask_progressive,Thu Nov 30 14:19:24 +0000 2017,"@222154 We're glad everything worked out, and thankful to have you as a customer! We appreciate the shout-out, and I'll pass the compliments along to our Roadside team. ^TF",
451810,222155,Thu Nov 30 12:09:42 +0000 2017,@131610 Snapshot makes me want to run every yellow light. #HardBrakesAreABitch,451809,ask_progressive,Thu Nov 30 13:05:55 +0000 2017,"@222155 @131610 We want you to be safe and understand hard brakes can't always be avoided, which is built into the calculation. To view your data, log in and select ""Discounts"" from the menu to see how you're doing. ^RL",
475038,228053,Fri Dec 01 01:41:31 +0000 2017,@131610 you have single handedly ruined the 30th of every month for me,475037,ask_progressive,Fri Dec 01 02:16:57 +0000 2017,"@228053 Is there anything we can do to help turn that around? If so, please call us anytime at 855-266-8485 or log into your policy and look for the link to ""Chat"", Monday-Friday, 5AM-midnight EST. ^SS",
475041,228054,Fri Dec 01 01:26:27 +0000 2017,@131610 - WORST CUSTOMER SERVICE EVER if you’re the victim !!! #WORST,475039,ask_progressive,Fri Dec 01 01:42:17 +0000 2017,"@228054 Is there anything we can look into for you? If so, please use the link to DM your policy or claim number and any other details. ^SS https://t.co/ioHhsJSLde",475040
514026,238326,Fri Dec 01 21:48:54 +0000 2017,@131610 Curious on why my insurance increased $8 a month?,514025,ask_progressive,Fri Dec 01 22:38:17 +0000 2017,"@238326 Let's review your policy to see what changed and look for other ways you may be able to save. When you get a chance, give us a call anytime at 855-266-8485 or log into your policy and look for the link to ""Chat"", Monday-Friday, 5AM-midnight EST. ^SS",
514028,238327,Fri Dec 01 20:19:54 +0000 2017,@131610 it’s annoying that every time i need to login to my account u make me change my password... i mean legit Every time i take screenshots of pw when i change them and enter them exactly as shown and u still make me change them!!,514027,ask_progressive,Fri Dec 01 21:05:51 +0000 2017,"@238327 Sorry for any trouble. So we can look into this, please use the link to DM your policy number. ^JJ https://t.co/ioHhsJSLde",
514030,238328,Fri Dec 01 18:38:26 +0000 2017,"@131610 Mark is the most awesome agent ever, he will go above and beyond to take care of you! We spent 2 hours on the phone, and he fixed the fraud that was on my acct. Today he called, and everything is awesome now! Thanks Mark!",514029,ask_progressive,Fri Dec 01 18:55:31 +0000 2017,"@238328 Thanks for sharing, Vanessa! We've passed along your awesome compliment to Mark and his supervisor to make sure he's recognized for a job well done. ^JK",
514032,238329,Fri Dec 01 18:13:23 +0000 2017,"@131610 please contact me for a #HORRIBLE #CUSTOMER #SERVICE experience. Talked down to, disrespected, and tried to make me feel like an idiot about my own truck.
#UnSatisfied
#Combat 
#Veteran
#Progressive
#insurance
#WWP
#IAVA
#Tennessee
Should’ve stayed with @3976",514031,ask_progressive,Fri Dec 01 18:33:59 +0000 2017,@238329 We're sorry to hear about your experience and would like to look into it. Could you please DM your policy number? ^JK https://t.co/ioHhsJSLde,
514034,238330,Fri Dec 01 17:10:20 +0000 2017,@131610 you need to hire some representatives with proper phone etiquette sweetheart . Where’s Flo at?,514033,ask_progressive,Fri Dec 01 17:48:52 +0000 2017,"@238330 Can we look into this? If so, please use the link to DM your policy number and additional details. ^JJ https://t.co/ioHhsJSLde",
514036,238331,Fri Dec 01 17:26:44 +0000 2017,So you know a few weeks ago I complain on how long @131610 took to respond to my claim. So I was skeptic on bringing my car to them. So I weighed my opinions and I took my car there and they did an amazing job. Thanks team Flo. 😀😀,514035,ask_progressive,Fri Dec 01 17:36:34 +0000 2017,"@238331 Thanks for the shout-out, and we'd love to share this with our Claims team. Can you please DM your claim number? ^AA https://t.co/ioHhsJSLde",
514038,238332,Fri Dec 01 15:31:13 +0000 2017,@131610 apparently likes to bounce checks so can't cash my settlement check with anybody probably going to switch to @11639,514037,ask_progressive,Fri Dec 01 16:38:09 +0000 2017,@238332 I'd like to look into this for you. Could you send a DM with your claim number? ^TF https://t.co/ioHhsJSLde,
514040,238333,Fri Dec 01 15:44:18 +0000 2017,"I can't log into my @131610 acct because I forgot my password...
Resetting my password isn't an option unless I have my policy number...
I can't get my policy number because it's on my account and use the app instead of printing my ins... cool.",514039,ask_progressive,Fri Dec 01 16:03:08 +0000 2017,@238333 We're sorry for any inconvenience. Our consultants would be happy to reset it for you; please call 855-266-8485 anytime. ^JK,
514042,238334,Fri Dec 01 06:11:13 +0000 2017,@131610 Hi- I’m getting very poor service on my claim...I have to keep calling to find out when my estimate will be done. Seems odd that it’s taking 5 days to just get an estimate.,514041,ask_progressive,Fri Dec 01 14:18:05 +0000 2017,"@238334 I'm sorry for the delays in reaching you about an estimate, and I'd like to help. Could you send your claim number in a DM so I can have our Claims team follow up? ^TF https://t.co/ioHhsJSLde",
514044,238335,Fri Dec 01 02:48:55 +0000 2017,Thank you Chris from @131610 ‼️ You just saved the day and a guest #happycustomer,514043,ask_progressive,Fri Dec 01 12:25:38 +0000 2017,"@238335 We're glad Chris was able to help and would like to share this wonderful compliment with him. So we can, could you please DM your policy number? ^JK https://t.co/ioHhsJSLde",
555227,249631,Sat Dec 02 14:26:49 +0000 2017,@131610 bought new car but agent put starting yesterday even though picking up next week. Can you help pro rate the difference,555225,ask_progressive,Sat Dec 02 18:22:36 +0000 2017,"@249631 @131610 So we can fix this, please DM your policy number along with the year, make, and model of the new car and the date you’d like it to be added. ^RL https://t.co/ioHhsJSLde",555226
555229,249632,Sat Dec 02 13:14:01 +0000 2017,@131610 fucked up ;(,555228,ask_progressive,Sat Dec 02 18:05:33 +0000 2017,"@249632 @131610 Can we look into anything for you? If so, please DM your policy or claim number along with more details using the link below. ^RL https://t.co/ioHhsJSLde",
574642,255169,Sat Dec 02 20:44:10 +0000 2017,@131610 hey my Snapshot won’t stop turning on and off while I’m driving! Weird...,574641,ask_progressive,Sat Dec 02 20:59:25 +0000 2017,"@255169 @131610 So our Snapshot team can look into this, please give them a call at 877-329-7283. They’re here today until midnight EDT. ^RL",
615219,266125,Sat Nov 25 01:58:19 +0000 2017,When @ask_progressive @131610 Supervisor tells you that she does NOT deem it necessary to pull a call or open a complaint to see that happened on your Policy? #WOW #Next #DeclaringWarOnBadCustomerService,615217,ask_progressive,Sat Nov 25 02:11:13 +0000 2017,"@266125 Can we look into this for you? If so, please use the link to DM your policy number and any details you're able to share. ^JJ https://t.co/ioHhsJSLde",615218
615328,266150,Fri Nov 24 22:23:58 +0000 2017,Hey @131610 why does my credit score affect my insurance rates?,615326,ask_progressive,Fri Nov 24 23:46:06 +0000 2017,"@266150 Typically, using credit allows us to offer lower rates to our customers. If you have additional questions, please contact our Credit Information Team at 800-822-4763, Monday-Friday 8AM-7:50PM EST. ^JJ",615327
615330,266151,Fri Nov 24 21:40:48 +0000 2017,@131610 - hope you are prepared for a battle. 9 years as a home and auto insurance customer and it seems like the only thing you are concerned with here is closing this claim quickly.,615329,ask_progressive,Fri Nov 24 21:53:32 +0000 2017,@266151 We'd like to look into this for you. Can you please DM your claim number? ^JT https://t.co/ioHhsJSLde,
615332,266152,Fri Nov 24 20:20:41 +0000 2017,"@131610 Hello, how can I get some names removed from your mailing list?",615331,ask_progressive,Fri Nov 24 21:02:12 +0000 2017,@266152 Let's get that taken care of. Just DM us your name and address exactly as they appear on the mailer you've received and we'll do the rest. ^BB https://t.co/ioHhsJSLde,
615335,266153,Fri Nov 24 19:59:29 +0000 2017,@131610 so on November 2nd accident not my fault... from the 2nd to the 9th no rental then they said car is totaled they have yet to pay my loan company gave me a rental from the 9th to the 12th and today still no payment to lien holder and no rental #progressivesucks,615333,ask_progressive,Fri Nov 24 20:43:10 +0000 2017,@266153 Can you please DM your claim number? We'll check on this for you. ^JT https://t.co/ioHhsJSLde,615334
646600,273560,Wed Nov 22 05:35:36 +0000 2017,I've been on hold for 16 mins @131610,646599,ask_progressive,Wed Nov 22 12:24:07 +0000 2017,@273560 @131610 We’re sorry for the delay; if you still need help please DM your policy number and any questions you may have using the link below. ^RL https://t.co/ioHhsJSLde,
646614,273566,Mon Nov 13 20:05:48 +0000 2017,If you live in the state of Michigan avoid @131610 at all costs 2 people I know have been through hell trying to get simple claims processed.  #WorldKindnessDay,646612,ask_progressive,Wed Nov 22 17:43:21 +0000 2017,"@273566 We'd like to help, but we'll need to speak with your friends directly about their claims. Please have them DM their names and claim numbers, and I'll have our Claims team review. ^TF https://t.co/ioHhsJSLde",646613
646616,273567,Wed Nov 22 14:44:11 +0000 2017,@ask_progressive 914243781 and the phone number is 2064651220  it ended up taking 5 hours,646615,ask_progressive,Wed Nov 22 15:31:09 +0000 2017,"@273567 Thanks for sending the information. I'll share your feedback on your experience with our Roadside team, and somebody will follow up before the end of the day on Friday. ^TF",
646618,273567,Wed Nov 22 07:37:18 +0000 2017,"@131610 how about you spend less on advertising and more on roadside assistance, I'm in the middle of Seattle and have been waiting for 3.5 hours on a tow truck",646617,ask_progressive,Wed Nov 22 12:36:59 +0000 2017,"@273567 I'm terribly sorry our Roadside team kept you waiting, and I'd like to share your feedback. Can you please DM your policy number and the phone number you called from? ^AA https://t.co/ioHhsJSLde",646616
646620,273568,Wed Nov 22 00:28:05 +0000 2017,"So excited to finally have my @273569 🚙 back from the repair place. Looks like new. Totally rec Lathams repair shop in @2101 &amp; @2102. Great service. Also, the dude who ran into me had @131610 insurance &amp; they were easy to work with too. Thx!",646619,ask_progressive,Wed Nov 22 13:21:47 +0000 2017,"@273568 That's great to hear, and we're glad you're back on the road! So I can pass along the kind words to our Claims team, would you send your claim number in a DM? ^TF https://t.co/ioHhsJSLde",
646622,273570,Wed Nov 22 11:43:30 +0000 2017,"I can’t, in good conscience, recommend @131610 for auto insurance. I had 1 minor claim (less than $1500), and they nearly doubled my car insurance price at my next renewal.",646621,ask_progressive,Wed Nov 22 12:56:27 +0000 2017,"@273570 We know rate increases can be hard and we’d like to help you look for ways to reduce it. When you have a moment, our specialists are here anytime to review it at 866-416-2003. ^CF",
646624,225767,Tue Nov 21 22:35:47 +0000 2017,"@ask_progressive Brittany contacted me, and I have an appointment for next Monday.  Will let you know the outcome.  Thx for helping out.",646623,ask_progressive,Wed Nov 22 12:50:56 +0000 2017,"@225767 Thanks for the update, and I'm glad our Claims team is working to resolve your concerns. We're happy to help, and if you need anything else don't hesitate to send us a DM. ^AA https://t.co/ioHhsJSLde",
646626,225767,Sat Nov 18 04:48:33 +0000 2017,"@131610 appears to be good work, but upon closer look I find some flaws in the work.  What are the procedures to have this addressed? https://t.co/aagJPQS9gk",646625,ask_progressive,Mon Nov 20 14:20:35 +0000 2017,@225767 I'm sorry for your experience and wanted to let you know that I've sent your concerns to the Claims team. They will contact you no later than end of day Tuesday.  Please DM the best phone number that you can be reached at. ^JT,646624
646628,273571,Tue Nov 21 23:26:17 +0000 2017,@ask_progressive Second time this week JT. It's an hour later and no service. https://t.co/HaJwRYuuls,646627,ask_progressive,Wed Nov 22 12:42:47 +0000 2017,"@273571 Thanks for making us aware, and I'm sorry our Roadside team dropped the ball. We appreciate your feedback, and I'll forward this to our Roadside team for further review. ^AA",
646630,273571,Mon Nov 20 13:12:01 +0000 2017,Thanks! @273572! @131610 your move. https://t.co/B8VpkPDtW7,646629,ask_progressive,Mon Nov 20 15:22:10 +0000 2017,"@273571 I'm sorry for the experience, and I'll have someone from the Roadside team reach out to you by no later than the end of the day tomorrow. ^JT",646628
646632,273573,Wed Nov 22 03:57:37 +0000 2017,"@131610 just insured my motorcycle, SUV, Miata and home.  Whoo hoo!  Major savings",646631,ask_progressive,Wed Nov 22 12:41:04 +0000 2017,"@273573 That’s the Progressive spirit, Mike. Welcome to our Progressive family and enjoy your holiday savings! ^CF",
646793,273619,Wed Oct 04 14:36:00 +0000 2017,@ask_progressive give me one good reason why my claim from 7.7.17 has yet to be resolved.,646792,ask_progressive,Wed Oct 04 16:08:45 +0000 2017,"@273619 I'm sorry for your experience, and I'd like to help. I'll have a Claims supervisor follow up by the end of the day tomorrow. ^AA",
646799,273621,Wed Oct 04 11:24:52 +0000 2017,@131610 only 6 months in and disappointed. I was warned.  $10 increase ? I have a perfect record. Shopping for new insurance,646797,ask_progressive,Wed Oct 04 13:37:36 +0000 2017,"@273621 Let's review the reason for your increase and look for savings, please call our specialists anytime at 866-416-2003. ~Corrie",646798
646804,273623,Wed Oct 04 01:07:02 +0000 2017,@ask_progressive As of last week she's living in Spain...do you have a toll free number or can she question the charge on line?,646802,ask_progressive,Wed Oct 04 01:26:50 +0000 2017,"@273623 No worries; she doesn't have to call. Just have her log into her policy and look for the link to ""Chat"", M-F, 5AM-12AM EDT.^SS",646803
646806,273623,Wed Oct 04 00:35:40 +0000 2017,"@ask_progressive my daughter cancels her car ins. Moves to Spain, gets a bill 2 day for 3 months of ins ??? What the What?",646805,ask_progressive,Wed Oct 04 01:04:04 +0000 2017,@273623 Let's see what happened and how we can help. Have your daughter give us a call anytime at 440-461-5000. ^BB,646804
646820,273626,Tue Oct 03 19:59:41 +0000 2017,"@ask_progressive @131610 3 Hours??!!! The ETA was 1:45, it's now 15mins short of 3hrs for a simple tow!",646821,ask_progressive,Tue Oct 03 20:10:51 +0000 2017,@273626 I’d like to share your feedback. Can you please DM your policy number and phone number you called from? ^AA https://t.co/ioHhsJSLde,
646820,273626,Tue Oct 03 19:59:41 +0000 2017,"@ask_progressive @131610 3 Hours??!!! The ETA was 1:45, it's now 15mins short of 3hrs for a simple tow!",646819,ask_progressive,Tue Oct 03 20:10:35 +0000 2017,"@273626 I'm sorry Roadside dropped the ball. We recommend calling 800-776-2778, and speaking with a manager to expedite your request.",
646823,273627,Tue Oct 03 14:52:19 +0000 2017,Your client rear ended me 3 weeks ago and you have yet to follow up @131610 what's taking so long?,646822,ask_progressive,Tue Oct 03 16:08:55 +0000 2017,"@273627 Can I check on this for you? If so, please send a DM with your claim number. ^AA https://t.co/ioHhsJSLde",
646835,273632,Mon Oct 02 23:55:02 +0000 2017,@131610 How much is the “Name Your Price Tool”?,646834,ask_progressive,Tue Oct 03 00:46:35 +0000 2017,@273632 You name a price and we’ll build a coverage package around it. Give it a try yourself at https://t.co/btpTCekUmh. ^BB,
646844,273635,Mon Oct 02 20:22:58 +0000 2017,@131610 can y'all hook me up with a representative that actually picks up the fucking phone,646843,ask_progressive,Mon Oct 02 21:23:11 +0000 2017,"@273635 Sorry for the wait. If you still need help, please log into your policy and look for the link to ""Chat"", M-F, 5AM-12AM EDT.^SS",
646873,273642,Sun Oct 01 20:45:49 +0000 2017,@131610 Guess it's time to write the State Insurance Comission,646872,ask_progressive,Mon Oct 02 16:23:33 +0000 2017,"@273642 We're sorry we let you down; is there anything we can look into? If so, please DM your policy/claim number and more info. ^SS",
646878,273644,Sun Oct 01 01:44:40 +0000 2017,@169074 NO  GOOD        $700.00,646877,ask_progressive,Mon Oct 02 13:12:58 +0000 2017,@273644 Let's make sure your info is up to date and you're saving where you can. Please call 855-266-8485 for a free policy review. ^JJ,
646880,613676,Sat Oct 28 13:20:09 +0000 2017,"@169074 I have progressive now and need to switch, too damn overpriced",2074988,ask_progressive,Mon Oct 30 11:41:43 +0000 2017,"@613676 We'd hate for you to go; let's make sure you're saving all you can. For a review, please call 855-266-8485 anytime. ^JH",2074989
646881,296235,Tue Oct 24 09:47:15 +0000 2017,@169074 @169074 do you sell commercial insurance for commercial vehicles it's an NYC thing. I trust you cause you funny.,1159173,ask_progressive,Tue Oct 24 12:42:50 +0000 2017,"@296235 @169074 We sure do; for a quote, give us a call at 800-895-2886 or visit https://t.co/btpTCekUmh and select ""More Choices."" ^JK",1159174
646882,613604,Mon Nov 06 04:30:03 +0000 2017,@169074 I need to check it to see if I can save some money on my insurance.,2074773,ask_progressive,Mon Nov 06 14:38:31 +0000 2017,"@613604 @169074 Let's find out! When you have a chance, please call us anytime at 855-266-8485. ^RL",
646883,546199,Sat Oct 14 21:37:28 +0000 2017,"@169074 Got promised a low price by an agent. I used the snap shot which gave me 8% discount. Yet, My bill went up like $60 after 6 months. Liars!!!",1818398,ask_progressive,Mon Oct 16 11:34:22 +0000 2017,@546199 @169074 Let’s check the reason for the increase together and look for additional ways you may be able to save. Please call us at 855-266-8485. ^RL,
646884,613643,Wed Nov 01 07:17:41 +0000 2017,"@169074 ""Savings"" How cute. I'll be switching within the month, my rate doubled and I can get insurance elsewhere for a third of the price.",2074879,ask_progressive,Wed Nov 01 11:51:02 +0000 2017,"@613643 Let's make sure you're getting the best rate we can offer. If you haven't already, please call 855-266-8485 for a policy review ^JH",2074880
646885,751055,Sat Nov 18 14:55:33 +0000 2017,"@169074 Been using progressive for almost 5 years..  Most inexpensive one at the time, and I still stick with you all.",2665785,ask_progressive,Sat Nov 18 19:50:18 +0000 2017,"@751055 Your loyalty is appreciated, Eddie; we look forward to many more years together!",2665786
646886,765448,Mon Nov 20 01:54:47 +0000 2017,@169074 Wish you’d save me some $ instead of raising mine 60$ for no reason 🤷🏻‍♀️,2730212,ask_progressive,Mon Nov 20 12:38:47 +0000 2017,"@765448 You may be able to save with our Snapshot program. For more information or to sign up, log in at https://t.co/btpTCekUmh and visit the ""Discounts"" tab, or call anytime at 855-266-8485. ^JK",
646894,273648,Sun Oct 01 17:09:54 +0000 2017,@131610 hi. I have a question about my auto payment. Can I DM y’all?,646893,ask_progressive,Sun Oct 01 17:44:28 +0000 2017,@273648 Absolutely; please use the link below to DM your policy number and any questions you have. ^JH https://t.co/ioHhsJSLde,
646902,273651,Sat Sep 30 18:20:25 +0000 2017,"Step your game up @131610, Tell a customer u will call back we are probably expecting a call back,  especially when its 4 new business",646901,ask_progressive,Sun Oct 01 15:31:28 +0000 2017,"@273651 Can we look into this? If so, please DM your policy number and any details you can share. ^JH https://t.co/ioHhsJSLde",
646911,273654,Sat Sep 30 02:55:48 +0000 2017,@ask_progressive how long does it take to ship the plug in car tracker? I ordered it and it’s shipped but Indont have it.,646910,ask_progressive,Sat Sep 30 17:33:33 +0000 2017,@273654 We'd like to check on this for you. Can you please use the link below to DM your policy number? ^SS https://t.co/ioHhsJSLde,
646913,273655,Fri Sep 29 18:40:50 +0000 2017,"427 days after it was stolen, Josh @131610 called to say they recovered my stolen car. I love that he reached out to let me know!",646912,ask_progressive,Sat Sep 30 16:05:39 +0000 2017,"@273655 Thanks for your feedback, and I wanted to let you know I've shared your post with Josh and our Claims team. ^AA",
646916,273656,Fri Sep 29 22:30:47 +0000 2017,".@131610 A 50% rate increase for the exact same coverage I've had for the past 3 years with no explanation other than ""You live in CA""? If you're willing to lose my home &amp; cars policies, I'll take quotes from @20946, @3484, @3976, @11639 &amp; @30337 https://t.co/fmXhafc5pA",646914,ask_progressive,Sat Sep 30 00:30:49 +0000 2017,"@273656 Before you go, let's make sure you're saving all you can. For a detailed policy review, pls call us anytime at 855-266-8485.^SS",646915
646924,273660,Thu Sep 28 22:26:39 +0000 2017,I'll say that Marc with Junebug's towing is the best. Totally professional and amazing through this mess. @131610 has also been great.,646923,ask_progressive,Fri Sep 29 15:18:28 +0000 2017,"@273660 Thanks, and I'll share your shout-out with our Claims team. ^AA",
646930,273662,Thu Sep 28 17:22:00 +0000 2017,.@ask_progressive Just a abt a week ago I changed my username and now I'm being asked to change it again? + I also have to change password.,646928,ask_progressive,Thu Sep 28 19:51:38 +0000 2017,"@273662 Sorry for any frustration. As we updated our log in standards, some User ID's and Passwords may need to be changed. ^SS",646929
646947,273666,Thu Sep 28 01:04:40 +0000 2017,Hi @131610 I bet @3484 would have made up for faulty repairs from your preferred shop 5 times spanning over 41 days after OG repair,646945,ask_progressive,Thu Sep 28 16:45:11 +0000 2017,"@273666 I'm sorry for your experience, and I wanted to let you know I've shared your feedback with our Claims team. ^AA",646946
646955,273669,Thu Sep 28 11:26:44 +0000 2017,Hey @131610. You should have told me that you didn't accept all major methods of payment before I showed up to pick up my vehicle.,646954,ask_progressive,Thu Sep 28 13:22:02 +0000 2017,"@273669 I'm sorry for your experience, and I'd like to share your feedback with our Claims team. Can you DM your claim number? ^AA",
646961,273671,Wed Sep 27 01:10:31 +0000 2017,@131610 Your chat feature is currently broken due to a bug in your JavaScript. https://t.co/ZWydCljfiE,646960,ask_progressive,Wed Sep 27 15:58:41 +0000 2017,"@273671 We're sorry for any inconvenience and have notified our tech team. In the meantime, we're available 24/7 at 855-266-8485. ^JK",
646964,273672,Tue Sep 26 17:37:19 +0000 2017,.@131610 has been surprisingly wonderful w/this accident. Adjusters have been super nice &amp; getting claims paid is no hassle. 1/2,646962,ask_progressive,Tue Sep 26 19:54:26 +0000 2017,"@273672 I'm glad our Claims team is taking good care of you, and I wanted to let you know I've shared your feedback with them. ^AA",646963
652794,275212,Sun Oct 15 02:55:23 +0000 2017,Don’t ever trust @131610 Insurance. Promise refund within 1 week.  Still waiting 14 days later.   Different story each time I call.,652792,ask_progressive,Sun Oct 15 18:31:26 +0000 2017,@275212 We're sorry for any confusion or frustration and would like to look into this for you. Please DM us your policy number. ^BY https://t.co/ioHhsJSLde,652793
668343,279350,Thu Sep 14 21:16:22 +0000 2017,"@169074 How because I just paid $185 for the month, my insurance go up every month 😡",668341,ask_progressive,Thu Sep 14 23:21:27 +0000 2017,@279350 Let's take a look at your policy together to see how you may be able to save. Give us a call anytime at 855-266-8485. ^DB,668342
668346,284262,Wed Sep 20 20:10:28 +0000 2017,@169074 Hey @169074 any more agents in Houston available to look at vehicles damaged from #harvey almost 4 weeks since storm and no one has come,687767,ask_progressive,Thu Sep 21 14:16:58 +0000 2017,"@284262 I'm sorry for the delay. I'll share your concerns with our Claims team, and have someone follow up by the end of tomorrow. ^AA",687768
670532,279951,Thu Oct 05 06:08:06 +0000 2017,@131610 just had the worst customer experience ever!!!! Definitely canceling my policy next month and telling everyone to stay away from this company,670531,ask_progressive,Thu Oct 05 11:50:14 +0000 2017,"@279951 Can we look into this for you? If so, please DM your policy number and any details you'd like to share. ^JK https://t.co/ioHhsJSLde",
682850,282962,Thu Oct 05 16:29:34 +0000 2017,. @131610 was going to renew my home and auto with you. Not sure anymore. Worst customer service of any insurer I've dealt with.,682849,ask_progressive,Thu Oct 05 17:51:44 +0000 2017,@282962 Can you please DM your policy number and phone number? We'd like to look into this. ^KF https://t.co/ioHhsJB9OE,
688177,284397,Wed Oct 04 22:47:25 +0000 2017,@131610 I used the wrong debit card to pay for my rental + deductible. Can you all at corporate help with me with fixing that?,688175,ask_progressive,Thu Oct 05 19:33:13 +0000 2017,@284397 I can have someone from our Claims team assist you. Can you DM your claim number? ^AA https://t.co/ioHhsJSLde,688176
69030,131609,Wed Nov 29 21:17:26 +0000 2017,"@131610 Thank you, Progressive. Daughter locked keys in car. Used the app, 5 minutes later got text saying help arriving in 35 minutes. Done! #Awesome #SatisfiedCustomer",69029,ask_progressive,Wed Nov 29 23:00:28 +0000 2017,"@131609 That's great news, Rob, and we're glad she's back on the road! We'd like to pass along the compliments to our Roadside team as well. Could you send a DM with your policy number? ^TF https://t.co/ioHhsJSLde",
69032,131611,Wed Nov 29 21:44:06 +0000 2017,@131610 I'm interested in switching over to one of your plans. How do I find more information on how to do so? #insurance #consumer,69031,ask_progressive,Wed Nov 29 22:29:21 +0000 2017,"@131611 You can find out more information about Progressive or even get a quote started at https://t.co/btpTCekUmh. If you'd like to speak with one of our licensed consultants for a quote, you can give us a call anytime at 855-266-8485. ^BB",
69034,131612,Wed Nov 29 21:31:12 +0000 2017,"I can't thank @131610 enough for their incredibly helpful team. 💯 Moving is COMPLICATED and involves a lot of changes when it comes to insurance. Today's calls took time, but they made everything incredibly easy. #thankyou",69033,ask_progressive,Wed Nov 29 22:18:40 +0000 2017,"@131612 We like to make things as easy as possible and hope your move is going smoothly. So we can share your comments with the team, please use the link to DM your policy number. ^JJ https://t.co/ioHhsJSLde",
69038,131613,Wed Nov 29 21:09:21 +0000 2017,Going to try again to file a claim to fix my broken car window with @131610 .. hope some actually answers the line this time! Ps. I miss you @3976,69035,ask_progressive,Wed Nov 29 21:17:19 +0000 2017,@131613 I'm sorry for the trouble reporting your claim. You can also file a claim at https://t.co/FMOaYSC967 or with our mobile app. ^AA,"69036,69037"
69040,131614,Wed Nov 29 17:59:57 +0000 2017,"No one has ever spoke to me more rudely or condescendingly than the male field agent for @131610 after filing a claim. As a young woman, being talked down to is not out of the norm - sad but true - but this process has been unacceptable and will not be tolerated.",69039,ask_progressive,Wed Nov 29 18:57:56 +0000 2017,"@131614 I'm sorry for the experience you've had today, and I'll share this with our Claims team so they can further review the interaction. ^TF",
703110,287960,Fri Oct 06 00:37:28 +0000 2017,"@131610 Got a quote from Liberty Mutual, $70 Less for Insurance. Been W/ Progressive 4 couple years. Why are U SO much more?",703109,ask_progressive,Fri Oct 06 00:48:08 +0000 2017,@287960 Let's take a look and see if there are any savings available. Please give our specialists a call anytime at 866-416-2003. ^BB,
706764,288975,Tue Oct 10 17:45:11 +0000 2017,Hey @131610 Flo should mention claim representatives do not get back to you when you have issues with claims and billing,706760,ask_progressive,Tue Oct 10 19:12:39 +0000 2017,"@288975 I'm sorry for your experience, and I'd like to help. I'll have someone from our Claims team follow up by the end of tomorrow. ^AA","706761,706762,706763"
706766,288976,Tue Oct 10 18:14:20 +0000 2017,Switched from State Farm to @131610 and it's less than half the cost for the same coverage 💃🏻💃🏻💃🏻,706765,ask_progressive,Tue Oct 10 18:51:01 +0000 2017,@288976 Savings are just the start of a beautiful relationship; welcome to the family!,
706769,288975,Tue Oct 10 17:48:29 +0000 2017,Flo never mentioned that the customer service at @131610 could be so poor!!!,706767,ask_progressive,Tue Oct 10 18:17:44 +0000 2017,"@288975 Let’s take a look at the rate increase and review for savings. To get started, give us a call anytime at 855-266-8485. ^BB",706768
706771,124685,Tue Oct 10 17:05:18 +0000 2017,@ask_progressive what is your paperless discount?  Is that the same as esign discount?,706770,ask_progressive,Tue Oct 10 17:33:17 +0000 2017,@124685 Paperless is a separate discount available on auto policies in some states when you enroll into the option; savings vary. ^RL,
716023,291335,Fri Oct 06 11:01:55 +0000 2017,@131610 Can you tell me why my bill has gone from $90 per month to $245.19 Can you explain this? #corruptcompany #usury #badbusiness https://t.co/LEz4vsnxxv,716022,ask_progressive,Fri Oct 06 11:18:00 +0000 2017,"@291335 So we can look into this for you, please DM your policy number using the link below. ^RL https://t.co/ioHhsJSLde",
735467,295939,Fri Oct 06 18:07:26 +0000 2017,@131610 Your vendor ASI's on-boarding email system is a bit faulty. https://t.co/DTnCPpuw9S,735466,ask_progressive,Fri Oct 06 19:23:07 +0000 2017,@295939 We'd like to check on this. Can you please send us a DM with your policy number and phone number? ^KF https://t.co/ioHhsJSLde,
741465,297331,Wed Oct 11 03:02:34 +0000 2017,"@131610 nice to know whomever was driving a company car thinks it’s ok to drive 15 miles over the speed limit in Santa Clarita, Ca #smh",741466,ask_progressive,Wed Oct 11 13:47:41 +0000 2017,"@297331 Thanks for bringing this to our attention. Can you DM the plate/vehicle #, exact location, and time of the incident?",
741465,297331,Wed Oct 11 03:02:34 +0000 2017,"@131610 nice to know whomever was driving a company car thinks it’s ok to drive 15 miles over the speed limit in Santa Clarita, Ca #smh",741464,ask_progressive,Wed Oct 11 13:47:58 +0000 2017,@297331 Can you also provide your email or phone number in case a manager would like to follow up? ^AA https://t.co/ioHhsJSLde,
741470,297333,Sun Oct 15 21:31:50 +0000 2017,@ask_progressive - 165361683-01,741472,ask_progressive,Mon Oct 16 18:15:08 +0000 2017,@297333 Thanks for providing your claim number. We hear your concerns and have shared your feedback with our Claims team. ^AA,
741471,297333,Wed Oct 11 04:11:18 +0000 2017,"@131610 Service Center at Austin, TX returns car with replaced an almost new tire with an older one for customer.",741469,ask_progressive,Wed Oct 11 13:41:40 +0000 2017,"@297333 I'm sorry for your experience, and I'd like to check on this. Can you DM your claim number? ^AA https://t.co/ioHhsJSLde",741470
741475,297334,Wed Oct 11 05:04:45 +0000 2017,Need to call @131610's auto insurance to change state. Goodbye @131610.,741474,ask_progressive,Wed Oct 11 11:55:25 +0000 2017,@297334 We'd hate to see you go and we'd like to help make your out of state insurance transition easier; please call us at 866-416-2003. ^CF,
741477,297335,Wed Oct 11 01:29:30 +0000 2017,@131610 Can't get a call or an email back 🤔🤔,741478,ask_progressive,Wed Oct 11 11:25:19 +0000 2017,"@297335 Can we help with anything? If so, please DM your policy number and any details you'd like to share. ^JK https://t.co/ioHhsJSLde",
741477,297335,Wed Oct 11 01:29:30 +0000 2017,@131610 Can't get a call or an email back 🤔🤔,741476,ask_progressive,Wed Oct 11 11:23:25 +0000 2017,"@297335 Sorry for the delay. So we can look into your concerns, please DM your policy number and details using the link below. ^RL",
741481,297336,Wed Oct 11 08:52:12 +0000 2017,I really hate that it takes @131610 like 5 damn business days to finally accept my payments.,741482,ask_progressive,Wed Oct 11 11:22:10 +0000 2017,"@297336 While Auto-pay typically takes a few days to process depending on your bank, it may be faster if you pay with a card.",741483
741481,297336,Wed Oct 11 08:52:12 +0000 2017,I really hate that it takes @131610 like 5 damn business days to finally accept my payments.,741480,ask_progressive,Wed Oct 11 11:22:18 +0000 2017,@297336 You can also keep the Auto-pay discount by making your card payment before the due date. ^JK,
746530,298472,Wed Oct 11 00:25:39 +0000 2017,@131610 Raising my insurance after 5 years accident free driving.  All you are is a piece of paper that sits in my car.,746529,ask_progressive,Wed Oct 11 16:17:34 +0000 2017,"@298472 So we can review your policy together and make sure you're saving all you can, please call us anytime at 855-266-8485. ^RL",
746533,298473,Tue Oct 10 21:21:36 +0000 2017,@131610 I’ve been trying to get in touch w/the adjuster handling my claim but can’t get him to return my calls. It’s been almost 2yrs,746531,ask_progressive,Wed Oct 11 15:54:42 +0000 2017,"@298473 I'm sorry for your experience, and I'd like to help. Can you DM your claim number? ^AA https://t.co/ioHhsJSLde",746532
746535,298474,Wed Oct 11 15:26:59 +0000 2017,@131610 thank you for being great &amp;for the great discounts I get after only 6 months. That’s why  I am renewing my policy for 6 more,746534,ask_progressive,Wed Oct 11 15:50:38 +0000 2017,@298474 We’re great because of customers like you! Here’s to many more years together!,
746537,298475,Tue Oct 10 20:25:15 +0000 2017,@131610 really would love to know why I still haven’t received my claim $ issued on 9/27....,746536,ask_progressive,Wed Oct 11 14:53:31 +0000 2017,"@298475 Can I check on this for you? If so, please send a DM with your name and claim number. ^AA https://t.co/ioHhsJSLde",
758888,301344,Wed Oct 11 17:45:13 +0000 2017,@131610 totals my car for a damaged back end then expects me to be out of a rental in 72 hours. Wtf?!? #ineedanewprovider,758886,ask_progressive,Wed Oct 11 19:29:38 +0000 2017,"@301344 I'm sorry for your frustrations, and wanted to let you know I've shared your feedback with our Claims team for review. ^AA",758887
758890,288975,Wed Oct 11 16:44:58 +0000 2017,thank you to @131610 for taking care of my claim &amp; billing issue,758889,ask_progressive,Wed Oct 11 16:57:27 +0000 2017,@288975 I'm glad we could help. Please let us know if we can assist you further. ^AA,
765383,302938,Wed Oct 11 20:41:22 +0000 2017,@131610 your snapshot app sucks. Even when my phone is thrown in my purse it says I was on my phone the whole time I was driving.,765382,ask_progressive,Wed Oct 11 21:05:26 +0000 2017,"@302938 If you think the app isn't working properly, please give our Snapshot team a call at 877-329-7283. ^BB",
765383,302938,Wed Oct 11 20:41:22 +0000 2017,@131610 your snapshot app sucks. Even when my phone is thrown in my purse it says I was on my phone the whole time I was driving.,765384,ask_progressive,Wed Oct 11 21:04:51 +0000 2017,"@302938 Sorry for any frustration. While phone use isn't used to determine your rate, it's displayed to encourage safe driving.",
790689,308544,Sat Oct 07 15:48:49 +0000 2017,"@131610 I bought a new motorcycle, and got a new insurance policy elsewhere. How do I can my policy with you guys?",790687,ask_progressive,Sat Oct 07 23:17:34 +0000 2017,@308544 We're sorry to lose you but try to make the cancel process as easy as possible. Please call 855-266-8485 anytime to cancel. ^JK,790688
795026,309556,Thu Oct 12 01:42:18 +0000 2017,Car accident means rental cars...thankful @131610 upgraded me to Expedition. The Matchbox car was scary. #yikes #lovebigrigs,795025,ask_progressive,Thu Oct 12 13:46:20 +0000 2017,"@309556 I'm glad we helped, and I'll share with our Claims team. Please let us know if we can assist you further. ^AA",
795028,309557,Thu Oct 12 12:53:51 +0000 2017,"BYEE @131610, I've NEVER been able to log in with my pin and every email you send me takes me to a page that doesn't recognize me. IAD",795027,ask_progressive,Thu Oct 12 13:43:42 +0000 2017,"@309557 We understand your frustration and we'd like to help reset your log in details. So we can, please call 855-266-8485 anytime. ^CF",
795030,309558,Thu Oct 12 12:47:59 +0000 2017,@131610 @11639 @3976 which one of y’all can give me the lowest rate? Let the competition begin,795029,ask_progressive,Thu Oct 12 13:12:42 +0000 2017,"@309558 Try picking the price you’d like to pay with our Name Your Price Tool. To get started, visit https://t.co/Mh2KOcNDgo. ^CF",
795032,309559,Wed Oct 11 23:11:04 +0000 2017,Thanks to @131610 for getting my car fix!!!,795031,ask_progressive,Thu Oct 12 13:06:25 +0000 2017,@309559 You're welcome! Please let us know if we can assist you further. ^AA,
795034,309560,Wed Oct 11 21:10:02 +0000 2017,"@131610 ...pretty shotty c/s. Is it your practice to make your ""Diamond"" customers feel like they are bad for making a claim?",795033,ask_progressive,Thu Oct 12 12:41:39 +0000 2017,"@309560 I'm sorry for your experience, and I wanted to let you know I've shared your feedback with our Claims team for review ^AA",
795036,307205,Thu Oct 12 07:55:59 +0000 2017,@ask_progressive need make to plmake a payment,795035,ask_progressive,Thu Oct 12 11:52:00 +0000 2017,@307205 You can pay online at https://t.co/YyjkoCo2hA or call 855-266-8485 anytime. ^RL,
795039,309561,Thu Oct 12 02:28:59 +0000 2017,@169074 You mean save $911.40! B/c that’s my savings! The other company quoted me 😱$455/mth!,795037,ask_progressive,Thu Oct 12 11:35:50 +0000 2017,@309561 The savings are only the beginning! We offer pet insurance for your furry family members too at https://t.co/1TormDE2L5!,795038
795041,613585,Tue Nov 07 21:57:33 +0000 2017,"@169074 So can I get a reduced rate, too?",2074732,ask_progressive,Tue Nov 07 22:09:28 +0000 2017,@613585 Let's see what we can do! Give us a call anytime at 855-266-8485. ^SS,2074731
795042,618155,Thu Nov 16 14:29:56 +0000 2017,@169074 Get schooled in reality. Have an accident and watch Progressive turn on you like a pack of wolves on a hurt sheep,2577680,ask_progressive,Thu Nov 16 15:00:31 +0000 2017,"@618155 Is there something I can help with? If you have a claim and need assistance, please send a DM with your claim number. ~Tom",
803921,311593,Thu Oct 12 15:32:54 +0000 2017,Shoutout to @131610 for the great service today.,803920,ask_progressive,Thu Oct 12 16:57:18 +0000 2017,"@311593 Thanks for the s/o! So we can pass this along, please DM your policy number and any details you'd like to share. ^CF",
803923,311594,Thu Oct 12 16:10:34 +0000 2017,@ask_progressive 👍 will do! Thank you!,803922,ask_progressive,Thu Oct 12 16:43:34 +0000 2017,@311594 You're very welcome! ^JH,
803925,311594,Thu Oct 12 15:29:57 +0000 2017,@131610 hey is this number really you calling me? +1 (866) 840-4246,803924,ask_progressive,Thu Oct 12 15:47:50 +0000 2017,"@311594 The call was from us; we need to confirm some details on your policy. When you're able, please call 855-266-8485 anytime. ^JH",803923
803927,311595,Thu Oct 12 15:28:56 +0000 2017,@131610 I will switch insurance companies if this doesn't get handled immediately. There is no need for poor customer service.,803926,ask_progressive,Thu Oct 12 16:17:43 +0000 2017,@311595 I'm sorry that no one has returned your calls. I'll send your concerns to our Claims team and have someone call you today ^TF,
803929,311596,Thu Oct 12 15:13:22 +0000 2017,"WHEN YOU SAVE $156 (A MONTH) ON YOUR CAR INSURANCE BY SWITCHING TO @131610 

I feel like a true adult now!",803928,ask_progressive,Thu Oct 12 15:28:07 +0000 2017,@311596 We’re glad we could add to your wallet! Visit https://t.co/FQyL9Tm9OB to see how to save more. ^RL,
803931,311597,Thu Oct 12 06:36:14 +0000 2017,@131610 I get that I’m not covered for roadside assistance but a wait of 5 hours for a paid towed truck? Come on....,803930,ask_progressive,Thu Oct 12 15:04:27 +0000 2017,"@311597 I'm sorry for your experience, and I'd like to share your feedback. Please DM your policy # and phone # you called from. ^JT",
813091,313753,Thu Oct 12 18:23:27 +0000 2017,@131610 it’s been 3 weeks &amp; a day since my car got clipped and nothing other than a photo estimate and apologies has been done. #help https://t.co/iiIytxjfAw,813090,ask_progressive,Thu Oct 12 19:19:51 +0000 2017,"@313753 I'm sorry we've kept you waiting. I'll share your concerns with our Claims team, and have someone follow up by tomorrow. ^AA",
813093,313754,Thu Oct 12 16:58:53 +0000 2017,Hi @131610! My snapshot device doesn't seem to work. Can I switch the to mobile app?,813092,ask_progressive,Thu Oct 12 17:27:21 +0000 2017,"@313754 Let's take a look and see what options are available. Give our Snapshot team a call at 877-329-7283 (M-Sa, 8AM-midnight EDT). ^BB",
821684,315714,Thu Oct 12 21:28:23 +0000 2017,Does the @131610 Snapshot account for being stuck behind people without brake lights? Asking for a friend.,821682,ask_progressive,Thu Oct 12 22:03:52 +0000 2017,@315714 No worries; tell your friend we know some hard brakes are unavoidable and factor this into their results. 😉 ^SS,821683
826507,316879,Fri Oct 13 00:27:11 +0000 2017,Shout out to @131610 for raising my auto rates $30 😒😐,826506,ask_progressive,Fri Oct 13 01:13:05 +0000 2017,"@316879 Let's make sure you're saving all you can. When you get a chance, please call us anytime at 855-266-8485 for a policy review.^SS",
851625,322299,Sun Oct 08 21:48:48 +0000 2017,@131610 I found out your don't take amex that leaves you and my corner Chinese restaurant. I thought you were a major company...,851624,ask_progressive,Mon Oct 09 12:18:49 +0000 2017,"@322299 We're sorry for any inconvenience. While we don't accept amex directly, you can make an amex payment via a paypal account. ^JJ",
863797,325133,Mon Oct 09 15:28:50 +0000 2017,Denise @131610 needs a raise. Lol her customer service is exquisite 👌🏽,863796,ask_progressive,Mon Oct 09 17:01:19 +0000 2017,"@325133 We're glad you've had a great experience. So we can share your kind words, please DM your policy number and any details. ^CF",
869642,326489,Thu Oct 19 20:38:39 +0000 2017,@169074 @131610,869640,ask_progressive,Fri Oct 20 13:58:19 +0000 2017,@326489 I’m sorry about the trouble. I've notified the Claims team and they'll follow up with you no later than end of Monday. ^JT,869641
882185,329452,Mon Oct 09 22:16:37 +0000 2017,Car insurance is going to make me cry @131610 y’all need to lower my payment,882184,ask_progressive,Mon Oct 09 22:25:39 +0000 2017,"@329452 Let's see what we can do. Please log into your policy and look for the link to ""Chat"", M-F, 5AM-12AM EDT. ^SS",
906766,335300,Tue Oct 10 05:43:31 +0000 2017,"*joins @131610 * Real good start there, guys https://t.co/Scfcmuextq",906765,ask_progressive,Tue Oct 10 13:28:57 +0000 2017,"@335300 We're sorry for any trouble, Jason. So can we look into this, can you please DM your policy number? ^JH https://t.co/ioHhsJSLde",
909934,336131,Fri Oct 13 18:00:53 +0000 2017,Thanks tons to @336132 and @131610 it is already on the way to being fixed. Amazing service by both companies (as always!) https://t.co/NINu2TMncM,909932,ask_progressive,Fri Oct 13 18:51:45 +0000 2017,"@336131 You're welcome, and I'll share your feedback with our Claims team. Please let us know if we can further assist you. ^AA",909933
909938,336133,Fri Oct 13 16:25:20 +0000 2017,I waited on hold for @131610 twice- the first time they disconnected me... the second she PRETENDED SHE COULDNT HEAR ME AND HUNG UP!!!! https://t.co/xq8OirG5ck,909937,ask_progressive,Fri Oct 13 17:06:36 +0000 2017,"@336133 We're sorry for your experience. If you still need help, please DM your policy number and additional details. ^SS",
909943,336135,Fri Oct 13 16:49:18 +0000 2017,@131610 how do u add someone to another's ins without permission??? U owe someone some money!!!!,909942,ask_progressive,Fri Oct 13 16:57:35 +0000 2017,"@336135 So we can look into this for you, could you please DM your policy number? ^JK https://t.co/ioHhsJSLde",
909945,336136,Fri Oct 13 15:58:05 +0000 2017,"@ask_progressive There's no wait! Just no lines available! Can't even get to your automated service &amp; when I do, get through, it takes me to another company!",909944,ask_progressive,Fri Oct 13 16:34:15 +0000 2017,"@336136 If you're still having issues when calling 855-266-8485, please DM us your policy number and details on how we can help. ^SS",
909947,336136,Fri Oct 13 14:59:56 +0000 2017,"ok @131610, you need to get more lines! I've been trying to call for 1o minutes.",909946,ask_progressive,Fri Oct 13 15:45:43 +0000 2017,"@336136 We're sorry for the wait. If you still need help, log in to your policy and look for ""Chat"" link, M-F 5AM-midnight EDT. ^JH",909945
914169,337089,Tue Oct 10 15:32:29 +0000 2017,@131610 has a interesting customer service approach for new customers. https://t.co/tNPRpDk3o5,914168,ask_progressive,Tue Oct 10 15:50:32 +0000 2017,"@337089 So we can look into this together, please call our Underwriting team at 855-618-9683; they're here today until 7:30PM EDT. ^JH",
914171,337090,Tue Oct 10 14:53:00 +0000 2017,@131610 Any chance that you're going to fix your website any time soon?  https://t.co/5ZVP38O8XC,914170,ask_progressive,Tue Oct 10 15:21:43 +0000 2017,@337090 We're sorry for the inconvenience and we're working to get our systems up as quickly as possible. ^CF,
933292,341366,Fri Oct 13 21:54:20 +0000 2017,"Shout out to @131610 for sending a debt I was told over the phone I didn't have to pay to collections, flo's a bitch.",933291,ask_progressive,Fri Oct 13 22:13:22 +0000 2017,"@341366 Can we look into this for you? If so, please use the link to DM your policy number and any other info you want to share.^SS",
933294,341367,Fri Oct 13 20:04:55 +0000 2017,"Hey @131610, can you update the password requirements that are listed to better reflect the actual requirements? Weird limits anyway. https://t.co/T2Y9AIWl32",933293,ask_progressive,Fri Oct 13 20:34:35 +0000 2017,@341367 Sorry for any confusion. The only special characters that can be used in our updated passwords are _ @ . or -. ^SS,
933296,341368,Fri Oct 13 19:43:58 +0000 2017,I paid $681 for car insurance so I budgeted for such. Now it's gonna be $832 🙃🙃🙃 thx @131610,933295,ask_progressive,Fri Oct 13 20:25:17 +0000 2017,"@341368 Let's see if there are any savings available for you. If you haven't already, give us a call at 855-266-8485 for a review. ^BB",
953106,346143,Fri Oct 13 23:26:13 +0000 2017,Hey @131610 is there another way to cancel? Been on hold all afternoon. Makes me wonder what I’d be doing if I was in an accident.,953107,ask_progressive,Sat Oct 14 00:43:36 +0000 2017,"@346143 We're sorry to hear you're considering canceling. Before you go, let's go over everything together.",
953106,346143,Fri Oct 13 23:26:13 +0000 2017,Hey @131610 is there another way to cancel? Been on hold all afternoon. Makes me wonder what I’d be doing if I was in an accident.,953105,ask_progressive,Sat Oct 14 00:44:01 +0000 2017,"@346143 Please log in at https://t.co/btpTCekUmh and look for the option to Chat (M-F, 5AM-midnight EDT). ^BB",
959669,347689,Fri Oct 20 23:42:25 +0000 2017,Anytime I see a @131610 commercial it reminds me their ineptitude handling my claim.  Can't wait till November,959668,ask_progressive,Sat Oct 21 19:01:45 +0000 2017,"@347689 I'm sorry for your experience. If there's feedback you'd like to share, please DM details and your claim number. ^JT",
959672,347690,Fri Oct 20 23:05:15 +0000 2017,@169074 why is my insurance with you guys so high ?,959670,ask_progressive,Sat Oct 21 19:01:37 +0000 2017,@347690 @169074 Let’s find out and check for ways you may be able to save. Please call us anytime at 855-266-8485. ^RL,959671
959675,347691,Sat Oct 21 00:37:50 +0000 2017,"hey @131610, your road side assistance was not very helpful last night. Was sitting on the side of the interstate for 3-4 hours.",959673,ask_progressive,Sat Oct 21 17:53:04 +0000 2017,"@347691 I'm sorry for your experience, and I'd like to share your feedback to the Roadside team. Can you DM your policy # and phone #? ^JT",959674
967679,349690,Wed Oct 11 16:05:30 +0000 2017,@ask_progressive is there any discount in the works for #dashcam  users? Helped prove I was not at fault in an accident that totalled my car,967678,ask_progressive,Wed Oct 11 16:24:54 +0000 2017,"@349690 While there's currently not a discount in the works for having a dash cam, that could always change in the future. ^JK",
996925,154428,Wed Oct 11 22:46:36 +0000 2017,"@131610 Had renter's policy on auto-pay last few years, suddenly it's not? WTF is wrong with your system?",996924,ask_progressive,Thu Oct 12 00:47:43 +0000 2017,"@154428 We're sorry for the frustrations. Please DM your policy number, as well as your phone number. ^KR https://t.co/ioHhsJSLde",
